{"type":"FeatureCollection","features":[{"type":"Feature","id":"CRUS_Amadora_V.47683","properties":{"AREA_HA":2.30015579328788,"Autor":"DGT","Categoria_2021":"Espaço de Uso Especial Equipamentos e Infraestruturas","Classe_2021":"Solo Urbano","DTCC":"1115","Data_Pub_Origem":"1994-06-22T00:00:00","Designacao_no_plano":"Espaço de equipamento","Escala_origem":"1/10000","Fonte":"AML - Vectorial","ID1":47683,"Municipio":"AMADORA"},"geometry":{"type":"Polygon","coordinates":[[[-9.21304957423795,38.735073661987],[-9.21263658489965,38.7353114023757],[-9.21200067645093,38.7353261072978],[-9.21043553627969,38.7338222683235],[-9.21118186973223,38.7335156741783],[-9.21145254334477,38.733502896946],[-9.21244780820679,38.7341897389863],[-9.21304957423795,38.735073661987]]]}},{"type":"Feature","id":"CRUS_Amadora_V.47684","properties":{"AREA_HA":3.54554083382376,"Autor":"DGT","Categoria_2021":"Espaço de Uso Especial Equipamentos e Infraestruturas","Classe_2021":"Solo Urbano","DTCC":"1115","Data_Pub_Origem":"1994-06-22T00:00:00","Designacao_no_plano":"Espaço de equipamento","Escala_origem":"1/10000","Fonte":"AML - Vectorial","ID1":47684,"Municipio":"AMADORA"},"geometry":{"type":"Polygon","coordinates":[[[-9.21460079785826,38.7341633234347],[-9.21423344545424,38.7338770996634],[-9.21276415732493,38.733258539855],[-9.21265715257322,38.7331474546826],[-9.21243836550176,38.7324370550063],[-9.21319841580548,38.7319304307384],[-9.21444273423195,38.7324847177578],[-9.21503913435064,38.7323441496578],[-9.21520462040866,38.7324926853688],[-9.21501204066239,38.7338108336679],[-9.21460079785826,38.7341633234347]]]}},{"type":"Feature","id":"CRUS_Amadora_V.47685","properties":{"AREA_HA":9.22990035585582,"Autor":"DGT","Categoria_2021":"Não Atribuída","Classe_2021":"Solo Urbano (urbanizável – transitório)","DTCC":"1115","Data_Pub_Origem":"1994-06-22T00:00:00","Designacao_no_plano":"Espaço urbanizável - Misto","Escala_origem":"1/10000","Fonte":"AML - Vectorial","ID1":47685,"Municipio":"AMADORA"},"geometry":{"type":"Polygon","coordinates":[[[-9.21041084574653,38.7302654284721],[-9.21072672680748,38.7302207260931],[-9.21135951786658,38.7294203481422],[-9.21162598309739,38.7292734207891],[-9.21204831292778,38.7292815625437],[-9.21269632611799,38.7303469275237],[-9.21308822420725,38.7311264823965],[-9.2127080809875,38.7318809908199],[-9.21232529513782,38.7319507364633],[-9.21174106129348,38.7324075753253],[-9.21030125191447,38.7330508856671],[-9.21003285821146,38.7330714129675],[-9.20901299814767,38.7326969945804],[-9.20870376351401,38.732576895341],[-9.20992414434309,38.7303084437151],[-9.20995961526248,38.7301978162034],[-9.21016782424698,38.7302280613514],[-9.21041084574653,38.7302654284721]]]}},{"type":"Feature","id":"CRUS_Amadora_V.47686","properties":{"AREA_HA":13.8502644956679,"Autor":"DGT","Categoria_2021":"Espaço de Atividades Económicas","Classe_2021":"Solo Urbano","DTCC":"1115","Data_Pub_Origem":"1994-06-22T00:00:00","Designacao_no_plano":"Espaço industrial/serviço - existente","Escala_origem":"1/10000","Fonte":"AML - Vectorial","ID1":47686,"Municipio":"AMADORA"},"geometry":{"type":"Polygon","coordinates":[[[-9.21953700233037,38.7298342861132],[-9.21848267609216,38.730577872868],[-9.21840702984193,38.7306312231786],[-9.2165630398601,38.7312435694797],[-9.21645696638508,38.7311940934889],[-9.21609199996618,38.7299876723963],[-9.21598486151776,38.7298723866018],[-9.21533369553078,38.7291717048062],[-9.21452238506981,38.7283233024733],[-9.21418287055489,38.7281042360197],[-9.21400441462861,38.7278994206443],[-9.21368469925912,38.7274115293557],[-9.21395604204411,38.7255776798822],[-9.21398939383192,38.725352303798],[-9.21968053484389,38.7297330544966],[-9.21953700233037,38.7298342861132]]]}},{"type":"Feature","id":"CRUS_Amadora_V.47687","properties":{"AREA_HA":7.09355881079473,"Autor":"DGT","Categoria_2021":"Espaço de Uso Especial Equipamentos e Infraestruturas","Classe_2021":"Solo Urbano","DTCC":"1115","Data_Pub_Origem":"1994-06-22T00:00:00","Designacao_no_plano":"Espaço de equipamento","Escala_origem":"1/10000","Fonte":"AML - Vectorial","ID1":47687,"Municipio":"AMADORA"},"geometry":{"type":"Polygon","coordinates":[[[-9.21040288697813,38.7265391041126],[-9.21180589889042,38.7264238329951],[-9.21333352847708,38.7255201700522],[-9.21317693352999,38.7259801395734],[-9.21328390297309,38.7260145627857],[-9.21289770512882,38.7274104969983],[-9.21255051574806,38.7283147144519],[-9.21252279928522,38.7283740697977],[-9.2118507514714,38.7288959377953],[-9.21140881673555,38.7290077162272],[-9.21061464132426,38.729141912509],[-9.21039069483122,38.7290043372367],[-9.21023033273064,38.7280811303761],[-9.20959360775362,38.7265017641134],[-9.20957697950325,38.7264605145598],[-9.20984840828862,38.7264844771339],[-9.21040288697813,38.7265391041126]]]}},{"type":"Feature","id":"CRUS_Amadora_V.47688","properties":{"AREA_HA":10.130353648486,"Autor":"DGT","Categoria_2021":"Não Atribuída","Classe_2021":"Solo Urbano","DTCC":"1115","Data_Pub_Origem":"1994-06-22T00:00:00","Designacao_no_plano":"Espaço urbano","Escala_origem":"1/10000","Fonte":"AML - Vectorial","ID1":47688,"Municipio":"AMADORA"},"geometry":{"type":"Polygon","coordinates":[[[-9.23399262707967,38.7955386699377],[-9.23365806897323,38.7957949482198],[-9.23322702442527,38.7957809246018],[-9.23285348725586,38.7956832710213],[-9.2319679549727,38.7956313420076],[-9.23185035760481,38.7942694399914],[-9.23269972893756,38.793151637448],[-9.23353163248906,38.7923236794213],[-9.23420996271272,38.7924331650495],[-9.23536420797191,38.79204908435],[-9.23640865524456,38.7930143194921],[-9.23636730124902,38.7933216819138],[-9.23399262707967,38.7955386699377]]]}},{"type":"Feature","id":"CRUS_Amadora_V.47689","properties":{"AREA_HA":11.5107437361194,"Autor":"DGT","Categoria_2021":"Não Atribuída","Classe_2021":"Solo Urbano (urbanizável – transitório)","DTCC":"1115","Data_Pub_Origem":"1994-06-22T00:00:00","Designacao_no_plano":"Espaço urbanizável","Escala_origem":"1/10000","Fonte":"AML - Vectorial","ID1":47689,"Municipio":"AMADORA"},"geometry":{"type":"Polygon","coordinates":[[[-9.23608913462129,38.7967905107327],[-9.23549124964281,38.7964345570575],[-9.23450837321164,38.7955579085689],[-9.23399262707967,38.7955386699377],[-9.23636730124902,38.7933216819138],[-9.23640865524456,38.7930143194921],[-9.23536420797191,38.79204908435],[-9.23654337128028,38.7913227719736],[-9.23842249908347,38.7936334569521],[-9.23861011793616,38.7939428126474],[-9.23795678864652,38.7944245119161],[-9.23795170501968,38.7945930923766],[-9.23865264228999,38.7952575696032],[-9.23628561653957,38.7965480869716],[-9.23608913462129,38.7967905107327]]]}},{"type":"Feature","id":"CRUS_Amadora_V.47690","properties":{"AREA_HA":20.0919950698823,"Autor":"DGT","Categoria_2021":"Não Atribuída","Classe_2021":"Solo Urbano (urbanizável – transitório)","DTCC":"1115","Data_Pub_Origem":"1994-06-22T00:00:00","Designacao_no_plano":"Espaço urbanizável","Escala_origem":"1/10000","Fonte":"AML - Vectorial","ID1":47690,"Municipio":"AMADORA"},"geometry":{"type":"Polygon","coordinates":[[[-9.23237444170597,38.791801573969],[-9.23308871074101,38.7922521897322],[-9.23353163248906,38.7923236794213],[-9.23269972893756,38.793151637448],[-9.23185035760481,38.7942694399914],[-9.2319679549727,38.7956313420076],[-9.23070327761423,38.7959385569261],[-9.23057853971761,38.795831241602],[-9.23062103254329,38.7945132143906],[-9.23045921203709,38.7942326884297],[-9.22963987233925,38.7951068603853],[-9.22954598561224,38.795233813389],[-9.2291783733097,38.7956465918207],[-9.22882228704166,38.7957400745772],[-9.22863936541326,38.7957880903945],[-9.22630202561044,38.7964016552191],[-9.22570198196325,38.7959010263924],[-9.22751553763246,38.7957151245245],[-9.2281770273966,38.7950988055105],[-9.22797908797084,38.7942158508736],[-9.2281851228103,38.7936219177494],[-9.22669893519321,38.7924019315313],[-9.22509073574571,38.7921304287971],[-9.22477297207953,38.7914472161621],[-9.2244566196265,38.7912285418507],[-9.22415165687484,38.7889972892066],[-9.22554589031832,38.7886971852397],[-9.22571302234305,38.7886612103338],[-9.22643407309546,38.7883596825572],[-9.22653794878965,38.7883449017105],[-9.22888016847191,38.7934888863448],[-9.22940956369013,38.794655921069],[-9.23095755935812,38.7939197765825],[-9.23165076319893,38.7935434351025],[-9.23224056806253,38.7927677991259],[-9.23229065349943,38.7917427590775],[-9.23237444170597,38.791801573969]]]}},{"type":"Feature","id":"CRUS_Amadora_V.47691","properties":{"AREA_HA":11.7418850770233,"Autor":"DGT","Categoria_2021":"Espaço Verde","Classe_2021":"Solo Urbano","DTCC":"1115","Data_Pub_Origem":"1994-06-22T00:00:00","Designacao_no_plano":"Espaço verde urbano protecção e enquadramento","Escala_origem":"1/10000","Fonte":"AML - Vectorial","ID1":47691,"Municipio":"AMADORA"},"geometry":{"type":"Polygon","coordinates":[[[-9.22570198196325,38.7959010263924],[-9.22368887112431,38.7938808935856],[-9.22431060419453,38.7932844608743],[-9.2244566196265,38.7912285418507],[-9.22477297207953,38.7914472161621],[-9.22509073574571,38.7921304287971],[-9.22669893519321,38.7924019315313],[-9.2281851228103,38.7936219177494],[-9.22797908797084,38.7942158508736],[-9.2281770273966,38.7950988055105],[-9.22751553763246,38.7957151245245],[-9.22570198196325,38.7959010263924]]]}},{"type":"Feature","id":"CRUS_Amadora_V.47692","properties":{"AREA_HA":6.13691072715872,"Autor":"DGT","Categoria_2021":"Espaço de Uso Especial Equipamentos e Infraestruturas","Classe_2021":"Solo Urbano","DTCC":"1115","Data_Pub_Origem":"1994-06-22T00:00:00","Designacao_no_plano":"Espaço de equipamento","Escala_origem":"1/10000","Fonte":"AML - Vectorial","ID1":47692,"Municipio":"AMADORA"},"geometry":{"type":"Polygon","coordinates":[[[-9.22643407309546,38.7883596825572],[-9.22571302234305,38.7886612103338],[-9.22554589031832,38.7886971852397],[-9.22415165687484,38.7889972892066],[-9.22421727031093,38.787764204493],[-9.22448232871748,38.7866057198263],[-9.22451112438065,38.7864798480188],[-9.22693868785248,38.7864367756943],[-9.22703562923113,38.7864515380118],[-9.22706652943213,38.7868053207923],[-9.22737353405813,38.7874395624902],[-9.22748334399766,38.7876767604476],[-9.22736084454199,38.7879481871478],[-9.22715917241137,38.7882338170874],[-9.22653794878965,38.7883449017105],[-9.22643407309546,38.7883596825572]]]}},{"type":"Feature","id":"CRUS_Amadora_V.47693","properties":{"AREA_HA":30.8562494897416,"Autor":"DGT","Categoria_2021":"Não Atribuída","Classe_2021":"Solo Urbano","DTCC":"1115","Data_Pub_Origem":"1994-06-22T00:00:00","Designacao_no_plano":"Espaço urbano","Escala_origem":"1/10000","Fonte":"AML - Vectorial","ID1":47693,"Municipio":"AMADORA"},"geometry":{"type":"Polygon","coordinates":[[[-9.22705284227646,38.7841220190603],[-9.22643220493291,38.7848369432511],[-9.22642571350573,38.7849400605104],[-9.22641920253859,38.785043331082],[-9.22636134039082,38.7851277136929],[-9.2269029876825,38.7858317816644],[-9.22703220284368,38.7864122900995],[-9.22703562923113,38.7864515380118],[-9.22693868785248,38.7864367756943],[-9.22451112438065,38.7864798480188],[-9.22448232871748,38.7866057198263],[-9.223748149382,38.7860813467861],[-9.22060492320186,38.7844025669434],[-9.22068088141239,38.784335503626],[-9.22117682269536,38.7837121454406],[-9.22212264174285,38.7833105820084],[-9.22283623351315,38.7827501672357],[-9.22401766211657,38.7811320213818],[-9.22613631064393,38.77876976841],[-9.22730907582699,38.7797783856745],[-9.22784094953532,38.7803993858004],[-9.22789013193175,38.7821267379223],[-9.22829995815129,38.7819502616719],[-9.22870787025849,38.7833360531724],[-9.22705284227646,38.7841220190603]]]}},{"type":"Feature","id":"CRUS_Amadora_V.47694","properties":{"AREA_HA":7.44680579813691,"Autor":"DGT","Categoria_2021":"Não Atribuída","Classe_2021":"Solo Urbano","DTCC":"1115","Data_Pub_Origem":"1994-06-22T00:00:00","Designacao_no_plano":"Espaço urbano","Escala_origem":"1/10000","Fonte":"AML - Vectorial","ID1":47694,"Municipio":"AMADORA"},"geometry":{"type":"Polygon","coordinates":[[[-9.23723061946506,38.7888806795731],[-9.23678754765036,38.7868956219424],[-9.23601627672709,38.7857051028399],[-9.23675032197879,38.7849818942634],[-9.23728591368526,38.7853379728077],[-9.23851221041493,38.7871381277735],[-9.23863663165223,38.7873926851388],[-9.23948174172562,38.787890285689],[-9.23968788968359,38.7883036468834],[-9.23925167027132,38.788909689849],[-9.23924383821692,38.7893973209122],[-9.2388285600636,38.7893711612163],[-9.23813436078653,38.7896907239939],[-9.23805605863257,38.7896205404517],[-9.23723061946506,38.7888806795731]]]}},{"type":"Feature","id":"CRUS_Amadora_V.47695","properties":{"AREA_HA":2.31949554747716,"Autor":"DGT","Categoria_2021":"Não Atribuída","Classe_2021":"Solo Urbano (urbanizável – transitório)","DTCC":"1115","Data_Pub_Origem":"1994-06-22T00:00:00","Designacao_no_plano":"Espaço urbanizável","Escala_origem":"1/10000","Fonte":"AML - Vectorial","ID1":47695,"Municipio":"AMADORA"},"geometry":{"type":"Polygon","coordinates":[[[-9.2315899812421,38.7854716308403],[-9.23104283711216,38.7858620092502],[-9.23090503571975,38.7858836848597],[-9.22986257124958,38.7860476549405],[-9.22847395183099,38.7851698650003],[-9.22937741372839,38.7844691809096],[-9.22995988215602,38.7848790340567],[-9.2315899812421,38.7854716308403]]]}},{"type":"Feature","id":"CRUS_Amadora_V.47696","properties":{"AREA_HA":21.374901524049,"Autor":"DGT","Categoria_2021":"Não Atribuída","Classe_2021":"Solo Urbano (urbanizável – transitório)","DTCC":"1115","Data_Pub_Origem":"1994-06-22T00:00:00","Designacao_no_plano":"Espaço urbanizável","Escala_origem":"1/10000","Fonte":"AML - Vectorial","ID1":47696,"Municipio":"AMADORA"},"geometry":{"type":"Polygon","coordinates":[[[-9.23815647841484,38.7816075582574],[-9.23712518400553,38.7822346833986],[-9.23483356853331,38.7830809578351],[-9.23332229751379,38.7843569587436],[-9.23276221043871,38.7844043745219],[-9.23189663603714,38.7840694335431],[-9.230307861313,38.7831634449794],[-9.23015124348063,38.782599911976],[-9.23012374286414,38.7821920785625],[-9.23010083014177,38.7818521644701],[-9.23056262667298,38.7814084302616],[-9.23362060240865,38.7802226697563],[-9.23495112262636,38.7798248969788],[-9.23510631544447,38.7799257586364],[-9.23627583687681,38.7793180541737],[-9.23715793011333,38.7806904703889],[-9.23815647841484,38.7816075582574]]]}},{"type":"Feature","id":"CRUS_Amadora_V.47697","properties":{"AREA_HA":70.6862344581638,"Autor":"DGT","Categoria_2021":"Não Atribuída","Classe_2021":"Solo Urbano","DTCC":"1115","Data_Pub_Origem":"1994-06-22T00:00:00","Designacao_no_plano":"Espaço urbano","Escala_origem":"1/10000","Fonte":"AML - Vectorial","ID1":47697,"Municipio":"AMADORA"},"geometry":{"type":"Polygon","coordinates":[[[-9.22999880806968,38.7763068616876],[-9.23017370682161,38.7757124178236],[-9.2302320264771,38.7756926919214],[-9.23224946760044,38.7748798500503],[-9.23383094890098,38.7748228197755],[-9.23528581962803,38.7740266055097],[-9.23466980814061,38.7734685312228],[-9.23507341195764,38.7732420069218],[-9.23629241268925,38.7730920548303],[-9.23700739637268,38.7728764081335],[-9.23799536072804,38.7731609451567],[-9.23872104981244,38.773894423961],[-9.23933432649615,38.7751178075575],[-9.23990299605935,38.7756300604291],[-9.24134527666495,38.7760076249252],[-9.24360544469043,38.7773022813203],[-9.24437116413653,38.7781630884555],[-9.24439991396708,38.7785299852899],[-9.24406991151404,38.7790447520898],[-9.24230678320789,38.780279497166],[-9.23843073784449,38.7818458804308],[-9.23815647841484,38.7816075582574],[-9.23715793011333,38.7806904703889],[-9.23844056570568,38.7801095166649],[-9.2382560087548,38.7795996386192],[-9.23882028626871,38.7793294517487],[-9.2385674397016,38.7788743927756],[-9.24037669720063,38.7781956245276],[-9.23955221094464,38.7765811813771],[-9.23544577359533,38.7780265230687],[-9.23627583687681,38.7793180541737],[-9.23510631544447,38.7799257586364],[-9.23495112262636,38.7798248969788],[-9.23362060240865,38.7802226697563],[-9.23056262667298,38.7814084302616],[-9.23010083014177,38.7818521644701],[-9.23012374286414,38.7821920785625],[-9.22982509355357,38.7822818632776],[-9.22946029644877,38.782038507141],[-9.22930938456533,38.7806813804406],[-9.22920007999565,38.7805304435198],[-9.22905511588116,38.7791905236449],[-9.22912982913786,38.7791792982666],[-9.22913333926517,38.7789465775221],[-9.22999880806968,38.7763068616876]]]}},{"type":"Feature","id":"CRUS_Amadora_V.47698","properties":{"AREA_HA":9.59136892302111,"Autor":"DGT","Categoria_2021":"Espaço de Uso Especial Equipamentos e Infraestruturas","Classe_2021":"Solo Urbano","DTCC":"1115","Data_Pub_Origem":"1994-06-22T00:00:00","Designacao_no_plano":"Espaço de equipamento","Escala_origem":"1/10000","Fonte":"AML - Vectorial","ID1":47698,"Municipio":"AMADORA"},"geometry":{"type":"Polygon","coordinates":[[[-9.23715793011333,38.7806904703889],[-9.23627583687681,38.7793180541737],[-9.23544577359533,38.7780265230687],[-9.23955221094464,38.7765811813771],[-9.24037669720063,38.7781956245276],[-9.2385674397016,38.7788743927756],[-9.23882028626871,38.7793294517487],[-9.2382560087548,38.7795996386192],[-9.23844056570568,38.7801095166649],[-9.23715793011333,38.7806904703889]]]}},{"type":"Feature","id":"CRUS_Amadora_V.47699","properties":{"AREA_HA":58.0711878774144,"Autor":"DGT","Categoria_2021":"Não Atribuída","Classe_2021":"Solo Urbano","DTCC":"1115","Data_Pub_Origem":"1994-06-22T00:00:00","Designacao_no_plano":"Espaço urbano","Escala_origem":"1/10000","Fonte":"AML - Vectorial","ID1":47699,"Municipio":"AMADORA"},"geometry":{"type":"Polygon","coordinates":[[[-9.21561040328067,38.771763344786],[-9.21542707215621,38.7717158866426],[-9.21518425481805,38.7716530299049],[-9.21377951469156,38.7712893764881],[-9.21246073631809,38.7702046481558],[-9.2119753291439,38.7695951812819],[-9.21121056492395,38.7682510656503],[-9.21074220993412,38.7667325417163],[-9.21095033662714,38.7652592315994],[-9.21131132266711,38.7647502876176],[-9.21200139157891,38.7651833162084],[-9.21217747539505,38.7651455765672],[-9.21319590046742,38.765960785547],[-9.21461498005781,38.7666706320393],[-9.21742929489788,38.7659829111005],[-9.21806087743366,38.7658578262436],[-9.21866018916771,38.7662896138273],[-9.22092015272878,38.7652915222998],[-9.22349961967105,38.764830171483],[-9.22363074753774,38.7648096839676],[-9.22429582660013,38.7666594345778],[-9.22405666641069,38.7681464428637],[-9.22404817361379,38.7685177155039],[-9.22395937278655,38.7685449858],[-9.22244078055352,38.7692961394196],[-9.21690125622716,38.771116493031],[-9.21579985242952,38.7718123862703],[-9.21561040328067,38.771763344786]]]}},{"type":"Feature","id":"CRUS_Amadora_V.47700","properties":{"AREA_HA":4.34811972943705,"Autor":"DGT","Categoria_2021":"Espaço de Uso Especial Equipamentos e Infraestruturas","Classe_2021":"Solo Urbano","DTCC":"1115","Data_Pub_Origem":"1994-06-22T00:00:00","Designacao_no_plano":"Espaço de equipamento","Escala_origem":"1/10000","Fonte":"AML - Vectorial","ID1":47700,"Municipio":"AMADORA"},"geometry":{"type":"Polygon","coordinates":[[[-9.22830220874903,38.7699272308383],[-9.22827315871943,38.7704521378152],[-9.22804321244034,38.7705471822224],[-9.22673913159551,38.7705929239361],[-9.22658778134852,38.7703032403693],[-9.2260276694701,38.7698389879087],[-9.22617376795277,38.7688444600901],[-9.22655974052955,38.767987341303],[-9.22714903943782,38.767849397603],[-9.22825238307033,38.7691813228034],[-9.22810101174968,38.7693271985286],[-9.22830220874903,38.7699272308383]]]}},{"type":"Feature","id":"CRUS_Amadora_V.47701","properties":{"AREA_HA":5.63581886671859,"Autor":"DGT","Categoria_2021":"Não Atribuída","Classe_2021":"Solo Urbano (urbanizável – transitório)","DTCC":"1115","Data_Pub_Origem":"1994-06-22T00:00:00","Designacao_no_plano":"Espaço urbanizável","Escala_origem":"1/10000","Fonte":"AML - Vectorial","ID1":47701,"Municipio":"AMADORA"},"geometry":{"type":"Polygon","coordinates":[[[-9.25411581458961,38.7696347000395],[-9.25286418581744,38.7697161429862],[-9.25213909007462,38.7695184417858],[-9.25134803177691,38.7689135015011],[-9.25095204226458,38.7684980140832],[-9.25080453367599,38.7681648821188],[-9.25118716201508,38.7675833855401],[-9.25328317512709,38.7675331888803],[-9.25369730746622,38.7674065386051],[-9.25405837097598,38.7678731643895],[-9.25411581458961,38.7696347000395]]]}},{"type":"Feature","id":"CRUS_Amadora_V.47702","properties":{"AREA_HA":5.76352639680533,"Autor":"DGT","Categoria_2021":"Espaço Verde","Classe_2021":"Solo Urbano","DTCC":"1115","Data_Pub_Origem":"1994-06-22T00:00:00","Designacao_no_plano":"Espaço verde urbano protecção e enquadramento","Escala_origem":"1/10000","Fonte":"AML - Vectorial","ID1":47702,"Municipio":"AMADORA"},"geometry":{"type":"Polygon","coordinates":[[[-9.25028120286307,38.7685759747594],[-9.25019060915808,38.768586278176],[-9.25034641913023,38.7670318924792],[-9.25070702401124,38.7665480563523],[-9.25079288561573,38.7665655110153],[-9.25253480033809,38.7668331038398],[-9.25331601284933,38.7671209169814],[-9.25369730746622,38.7674065386051],[-9.25328317512709,38.7675331888803],[-9.25118716201508,38.7675833855401],[-9.25080453367599,38.7681648821188],[-9.25095204226458,38.7684980140832],[-9.25134803177691,38.7689135015011],[-9.25213909007462,38.7695184417858],[-9.25286418581744,38.7697161429862],[-9.25411581458961,38.7696347000395],[-9.2535858226464,38.7711495345709],[-9.25326292763057,38.7707354351997],[-9.25275097709135,38.7704153044825],[-9.25120507334626,38.7697920903584],[-9.25067259305669,38.7691333154349],[-9.25080048500296,38.7684772343982],[-9.25028120286307,38.7685759747594]]]}},{"type":"Feature","id":"CRUS_Amadora_V.47703","properties":{"AREA_HA":2.05889860626794,"Autor":"DGT","Categoria_2021":"Espaço de Uso Especial Equipamentos e Infraestruturas","Classe_2021":"Solo Urbano","DTCC":"1115","Data_Pub_Origem":"1994-06-22T00:00:00","Designacao_no_plano":"Espaço de equipamento","Escala_origem":"1/10000","Fonte":"AML - Vectorial","ID1":47703,"Municipio":"AMADORA"},"geometry":{"type":"Polygon","coordinates":[[[-9.206127746713,38.7692165184854],[-9.20601322285854,38.7692947755184],[-9.20464713059015,38.7677299322781],[-9.2048398041413,38.7677143124448],[-9.20487417417479,38.7677115264127],[-9.20704106622136,38.7676854959402],[-9.2069150457989,38.7682498879511],[-9.206127746713,38.7692165184854]]]}},{"type":"Feature","id":"CRUS_Amadora_V.47704","properties":{"AREA_HA":8.46710832997347,"Autor":"DGT","Categoria_2021":"Espaço de Uso Especial Equipamentos e Infraestruturas","Classe_2021":"Solo Urbano","DTCC":"1115","Data_Pub_Origem":"1994-06-22T00:00:00","Designacao_no_plano":"Espaço de equipamento","Escala_origem":"1/10000","Fonte":"AML - Vectorial","ID1":47704,"Municipio":"AMADORA"},"geometry":{"type":"Polygon","coordinates":[[[-9.22372031852775,38.7647905209311],[-9.22417716159925,38.7649144308685],[-9.22461682817673,38.7648459883023],[-9.22472441138595,38.7648912788337],[-9.22579178705998,38.7653406077641],[-9.22605862379321,38.7662169084765],[-9.22774613522566,38.7660746923425],[-9.22777018591146,38.766263781263],[-9.22773514152713,38.7669632680265],[-9.22745753996642,38.7673932308636],[-9.22699221791258,38.7675988863023],[-9.2262161298228,38.7675760613128],[-9.22569589004529,38.7682129373447],[-9.22485628045518,38.7685578685872],[-9.22428751525985,38.7685084378104],[-9.2241299983688,38.768516585015],[-9.22404817361379,38.7685177155039],[-9.22405666641069,38.7681464428637],[-9.22429582660013,38.7666594345778],[-9.22363074753774,38.7648096839676],[-9.22372031852775,38.7647905209311]]]}},{"type":"Feature","id":"CRUS_Amadora_V.47705","properties":{"AREA_HA":14.3743109399617,"Autor":"DGT","Categoria_2021":"Não Atribuída","Classe_2021":"Solo Urbano (urbanizável – transitório)","DTCC":"1115","Data_Pub_Origem":"1994-06-22T00:00:00","Designacao_no_plano":"Espaço urbanizável","Escala_origem":"1/10000","Fonte":"AML - Vectorial","ID1":47705,"Municipio":"AMADORA"},"geometry":{"type":"Polygon","coordinates":[[[-9.23936133889097,38.7668159341979],[-9.23934390311775,38.7671505091384],[-9.23927670264489,38.7682746092878],[-9.23449191505642,38.7684444255013],[-9.23359659887577,38.7662578244643],[-9.23354163028585,38.7656805001857],[-9.23367532275578,38.7653843012942],[-9.23472562709208,38.7657596265491],[-9.23472812950359,38.7659221199112],[-9.23669774513435,38.7661442835434],[-9.23758972333835,38.7649824506328],[-9.23935344662217,38.7652359634144],[-9.2393766843113,38.765241412924],[-9.23939992200386,38.7652468624289],[-9.23913665242902,38.7660765259816],[-9.23935650339364,38.7666953419175],[-9.23936133889097,38.7668159341979]]]}},{"type":"Feature","id":"CRUS_Amadora_V.47706","properties":{"AREA_HA":3.8817951663754,"Autor":"DGT","Categoria_2021":"Não Atribuída","Classe_2021":"Solo Urbano (urbanizável – transitório)","DTCC":"1115","Data_Pub_Origem":"1994-06-22T00:00:00","Designacao_no_plano":"Espaço urbanizável","Escala_origem":"1/10000","Fonte":"AML - Vectorial","ID1":47706,"Municipio":"AMADORA"},"geometry":{"type":"Polygon","coordinates":[[[-9.22777018591146,38.766263781263],[-9.22774613522566,38.7660746923425],[-9.22605862379321,38.7662169084765],[-9.22579178705998,38.7653406077641],[-9.22472441138595,38.7648912788337],[-9.22461682817673,38.7648459883023],[-9.22553052762107,38.764814805512],[-9.22678152499571,38.7643401612072],[-9.22761469604131,38.7650847468138],[-9.22847495238127,38.7650887213554],[-9.22855742469128,38.7659607287241],[-9.22835824636826,38.7661962657404],[-9.22777018591146,38.766263781263]]]}},{"type":"Feature","id":"CRUS_Amadora_V.47707","properties":{"AREA_HA":3.47510652856953,"Autor":"DGT","Categoria_2021":"Espaço Verde","Classe_2021":"Solo Urbano","DTCC":"1115","Data_Pub_Origem":"1994-06-22T00:00:00","Designacao_no_plano":"Espaço verde urbano protecção e enquadramento","Escala_origem":"1/10000","Fonte":"AML - Vectorial","ID1":47707,"Municipio":"AMADORA"},"geometry":{"type":"Polygon","coordinates":[[[-9.22263912142881,38.7644647648608],[-9.22271928437352,38.7644359204823],[-9.22363074753774,38.7648096839676],[-9.22349961967105,38.764830171483],[-9.22092015272878,38.7652915222998],[-9.21866018916771,38.7662896138273],[-9.21806087743366,38.7658578262436],[-9.21804854764876,38.7657108817808],[-9.21872652210935,38.7653434330619],[-9.2205632731916,38.764652923491],[-9.22222644826349,38.7644267568294],[-9.22263912142881,38.7644647648608]]]}},{"type":"Feature","id":"CRUS_Amadora_V.47708","properties":{"AREA_HA":9.3139519802405,"Autor":"DGT","Categoria_2021":"Não Atribuída","Classe_2021":"Solo Urbano","DTCC":"1115","Data_Pub_Origem":"1994-06-22T00:00:00","Designacao_no_plano":"Espaço urbano","Escala_origem":"1/10000","Fonte":"AML - Vectorial","ID1":47708,"Municipio":"AMADORA"},"geometry":{"type":"Polygon","coordinates":[[[-9.22267418136312,38.7643539307816],[-9.22253597140577,38.7643679138801],[-9.22182273775,38.7641118733249],[-9.2208984890773,38.7638268582019],[-9.22044348359607,38.763687051083],[-9.21949911258192,38.763474235414],[-9.21955489153762,38.7634015331641],[-9.21981797824428,38.7621113630553],[-9.22008098104544,38.7617296992576],[-9.2204322889689,38.7616000325333],[-9.22075488157889,38.761603044371],[-9.22180296878599,38.7609928946261],[-9.223323470773,38.7618318866881],[-9.22390938689214,38.7624825072278],[-9.22369825193668,38.7632428907872],[-9.22301332592192,38.7641148452366],[-9.22267418136312,38.7643539307816]]]}},{"type":"Feature","id":"CRUS_Amadora_V.47709","properties":{"AREA_HA":3.9094863075763,"Autor":"DGT","Categoria_2021":"Espaço de Uso Especial Equipamentos e Infraestruturas","Classe_2021":"Solo Urbano","DTCC":"1115","Data_Pub_Origem":"1994-06-22T00:00:00","Designacao_no_plano":"Espaço de equipamento","Escala_origem":"1/10000","Fonte":"AML - Vectorial","ID1":47709,"Municipio":"AMADORA"},"geometry":{"type":"Polygon","coordinates":[[[-9.22471025692286,38.7646253992921],[-9.22357805943921,38.7644811833642],[-9.22301332592192,38.7641148452366],[-9.22369825193668,38.7632428907872],[-9.22390938689214,38.7624825072278],[-9.22502534737725,38.7628457046369],[-9.22579193933088,38.7628406944409],[-9.225942911433,38.763617698391],[-9.22581387640014,38.7639188192088],[-9.22577976044163,38.7639984307952],[-9.22471025692286,38.7646253992921]]]}},{"type":"Feature","id":"CRUS_Amadora_V.47710","properties":{"AREA_HA":12.0915686583444,"Autor":"DGT","Categoria_2021":"Não Atribuída","Classe_2021":"Solo Urbano (urbanizável – transitório)","DTCC":"1115","Data_Pub_Origem":"1994-06-22T00:00:00","Designacao_no_plano":"Espaço urbanizável","Escala_origem":"1/10000","Fonte":"AML - Vectorial","ID1":47710,"Municipio":"AMADORA"},"geometry":{"type":"Polygon","coordinates":[[[-9.24835739409572,38.7629851322729],[-9.24838113814968,38.7630298372266],[-9.24897009590359,38.7641386995116],[-9.24879060607954,38.764940962904],[-9.2481724752898,38.7656705624561],[-9.24609804001072,38.7671048589964],[-9.24589407348482,38.7673234915869],[-9.24576861663872,38.7678540233507],[-9.24500264328222,38.7674941499976],[-9.24299000901343,38.7671291878888],[-9.24219095073155,38.7663086621961],[-9.24222724483959,38.7661728826877],[-9.2422635399524,38.7660371022554],[-9.24294168115709,38.7656875735139],[-9.24419668059237,38.7653927323249],[-9.24561079701587,38.7648357600126],[-9.24683861437824,38.7647698811641],[-9.24775626265402,38.7645143400577],[-9.24835739409572,38.7629851322729]]]}},{"type":"Feature","id":"CRUS_Amadora_V.47711","properties":{"AREA_HA":10.5388802273379,"Autor":"DGT","Categoria_2021":"Não Atribuída","Classe_2021":"Solo Urbano (urbanizável – transitório)","DTCC":"1115","Data_Pub_Origem":"1994-06-22T00:00:00","Designacao_no_plano":"Espaço urbanizável","Escala_origem":"1/10000","Fonte":"AML - Vectorial","ID1":47711,"Municipio":"AMADORA"},"geometry":{"type":"Polygon","coordinates":[[[-9.22579193933088,38.7628406944409],[-9.22502534737725,38.7628457046369],[-9.22390938689214,38.7624825072278],[-9.223323470773,38.7618318866881],[-9.22180296878599,38.7609928946261],[-9.22075488157889,38.761603044371],[-9.2204322889689,38.7616000325333],[-9.22048984359865,38.7597174283123],[-9.22187467892755,38.759387442233],[-9.22274165980086,38.7603424206592],[-9.22476012029583,38.7596052726293],[-9.22540695382864,38.7597196016209],[-9.2256507341831,38.7605961197],[-9.22553828461694,38.7617829439545],[-9.22579193933088,38.7628406944409]]]}},{"type":"Feature","id":"CRUS_Amadora_V.47712","properties":{"AREA_HA":1.01315587300342,"Autor":"DGT","Categoria_2021":"Espaço de Uso Especial Equipamentos e Infraestruturas","Classe_2021":"Solo Urbano","DTCC":"1115","Data_Pub_Origem":"1994-06-22T00:00:00","Designacao_no_plano":"Espaço de equipamento","Escala_origem":"1/10000","Fonte":"AML - Vectorial","ID1":47712,"Municipio":"AMADORA"},"geometry":{"type":"Polygon","coordinates":[[[-9.23580768374732,38.763127365768],[-9.23604731076038,38.7632274299363],[-9.23598080949014,38.7638961752452],[-9.23443028631449,38.763952950726],[-9.23446775433518,38.7633928152135],[-9.23469756532021,38.7633545353696],[-9.23580768374732,38.763127365768]]]}},{"type":"Feature","id":"CRUS_Amadora_V.47713","properties":{"AREA_HA":6.8646435449291,"Autor":"DGT","Categoria_2021":"Espaço Verde","Classe_2021":"Solo Urbano","DTCC":"1115","Data_Pub_Origem":"1994-06-22T00:00:00","Designacao_no_plano":"Espaço verde urbano protecção e enquadramento","Escala_origem":"1/10000","Fonte":"AML - Vectorial","ID1":47713,"Municipio":"AMADORA"},"geometry":{"type":"Polygon","coordinates":[[[-9.2288841612782,38.7604110765837],[-9.22890696477644,38.760330898159],[-9.23007023646263,38.7605786820135],[-9.23008226160034,38.760663016915],[-9.23050751354853,38.7637884067955],[-9.23111574013631,38.7644113074049],[-9.23137859146501,38.7645231963979],[-9.23193747709062,38.7659083627109],[-9.23180433913551,38.7662269918291],[-9.23159810203795,38.7663011655264],[-9.23113694508428,38.7663158357001],[-9.23103467786661,38.7662705984581],[-9.23113862317786,38.7659968013413],[-9.23120811113188,38.7658268125769],[-9.23108363703954,38.7655457565508],[-9.23087578511174,38.7653125220951],[-9.23014742291917,38.7648301755933],[-9.22992813777358,38.7646346775242],[-9.22982971688983,38.7644850806674],[-9.22975667251152,38.7636390864678],[-9.22907495049808,38.7630622192191],[-9.22866812067264,38.7623886933461],[-9.22856149937342,38.7617029410809],[-9.2288841612782,38.7604110765837]]]}},{"type":"Feature","id":"CRUS_Amadora_V.47714","properties":{"AREA_HA":4.95124136907994,"Autor":"DGT","Categoria_2021":"Espaço de Uso Especial Equipamentos e Infraestruturas","Classe_2021":"Solo Urbano","DTCC":"1115","Data_Pub_Origem":"1994-06-22T00:00:00","Designacao_no_plano":"Espaço de equipamento","Escala_origem":"1/10000","Fonte":"AML - Vectorial","ID1":47714,"Municipio":"AMADORA"},"geometry":{"type":"Polygon","coordinates":[[[-9.24834708501305,38.758059085673],[-9.24821632919365,38.7588042431443],[-9.24811251189755,38.7587958556767],[-9.24810741984458,38.7588344322179],[-9.24802330809256,38.7594716026362],[-9.24798882997105,38.7605555189844],[-9.24795506254279,38.7605623167745],[-9.24792129627222,38.7605691154446],[-9.24628342125184,38.7610549708169],[-9.2461812685296,38.7610732800846],[-9.2460791157531,38.7610915892636],[-9.24575950901718,38.7611007073191],[-9.2457070343203,38.7596382614411],[-9.24802169044064,38.7578649519554],[-9.24813329845148,38.7577660134558],[-9.24834708501305,38.758059085673]]]}},{"type":"Feature","id":"CRUS_Amadora_V.47715","properties":{"AREA_HA":6.03674947807752,"Autor":"DGT","Categoria_2021":"Não Atribuída","Classe_2021":"Solo Urbano (urbanizável – transitório)","DTCC":"1115","Data_Pub_Origem":"1994-06-22T00:00:00","Designacao_no_plano":"Espaço urbanizável - Misto","Escala_origem":"1/10000","Fonte":"AML - Vectorial","ID1":47715,"Municipio":"AMADORA"},"geometry":{"type":"Polygon","coordinates":[[[-9.2150846938108,38.7558662135055],[-9.21512312292248,38.7558913668706],[-9.21405804782392,38.756483140181],[-9.21180272994507,38.7575400188253],[-9.21079785975617,38.7579661600138],[-9.21075635301363,38.7579083804119],[-9.21043080418231,38.7575764058265],[-9.21211623447009,38.7565359084252],[-9.21184752252461,38.7543907472557],[-9.21345923115263,38.7548393181289],[-9.2150846938108,38.7558662135055]]]}},{"type":"Feature","id":"CRUS_Amadora_V.47716","properties":{"AREA_HA":0.472254461461888,"Autor":"DGT","Categoria_2021":"Espaço de Atividades Económicas","Classe_2021":"Solo Urbano","DTCC":"1115","Data_Pub_Origem":"1994-06-22T00:00:00","Designacao_no_plano":"Espaço industrial/serviço - existente","Escala_origem":"1/10000","Fonte":"AML - Vectorial","ID1":47716,"Municipio":"AMADORA"},"geometry":{"type":"Polygon","coordinates":[[[-9.21095967670237,38.7510700460912],[-9.21130116824362,38.7514246181983],[-9.21144058446115,38.7515245732569],[-9.21153243206358,38.7515565970518],[-9.2115151789165,38.751621541153],[-9.21051505390401,38.7517694666246],[-9.21037017691089,38.7516806205556],[-9.21079892180603,38.7508972142103],[-9.21095967670237,38.7510700460912]]]}},{"type":"Feature","id":"CRUS_Amadora_V.47717","properties":{"AREA_HA":13.2821947245373,"Autor":"DGT","Categoria_2021":"Espaço de Uso Especial Equipamentos e Infraestruturas","Classe_2021":"Solo Urbano","DTCC":"1115","Data_Pub_Origem":"1994-06-22T00:00:00","Designacao_no_plano":"Espaço de equipamento","Escala_origem":"1/10000","Fonte":"AML - Vectorial","ID1":47717,"Municipio":"AMADORA"},"geometry":{"type":"Polygon","coordinates":[[[-9.22424869023721,38.7509142542438],[-9.22425573368686,38.7508385510559],[-9.22588417774019,38.7512215719504],[-9.22599444941583,38.7512475074887],[-9.22828593049635,38.7511652901248],[-9.22831118829784,38.751237723697],[-9.22901314529784,38.7526446973218],[-9.22912656317811,38.754162871396],[-9.22951664993258,38.7545624924308],[-9.23036051703851,38.7540068159364],[-9.2313451625023,38.7536183514432],[-9.23216773053994,38.7536768182833],[-9.23218558290074,38.7533395822998],[-9.23276018754272,38.7532787112288],[-9.23317100724243,38.7540272355205],[-9.23297137264825,38.754528710481],[-9.23137136235067,38.7548507457416],[-9.23155136293868,38.7555713520621],[-9.23107161002538,38.7558346919337],[-9.2302617390404,38.7559922388523],[-9.22821453089545,38.7547850344614],[-9.22803972390732,38.7547920841087],[-9.22754909466806,38.7537100140913],[-9.22684281879765,38.7526164626931],[-9.22637996920399,38.7522225772828],[-9.22591712699298,38.751828689017],[-9.22436285103964,38.7511595728388],[-9.22430485722044,38.751134606057],[-9.22406039780723,38.7510293631226],[-9.22424869023721,38.7509142542438]]]}},{"type":"Feature","id":"CRUS_Amadora_V.47718","properties":{"AREA_HA":48.4009881139501,"Autor":"DGT","Categoria_2021":"Espaço de Uso Especial Equipamentos e Infraestruturas","Classe_2021":"Solo Urbano","DTCC":"1115","Data_Pub_Origem":"1994-06-22T00:00:00","Designacao_no_plano":"Espaço de equipamento","Escala_origem":"1/10000","Fonte":"AML - Vectorial","ID1":47718,"Municipio":"AMADORA"},"geometry":{"type":"Polygon","coordinates":[[[-9.24205146142941,38.7554730102371],[-9.24203269801171,38.7555509504757],[-9.24089980288653,38.7553119727263],[-9.23792776055001,38.7554278786361],[-9.23575143285232,38.7562786417891],[-9.23477378629372,38.7566050976104],[-9.2343350657027,38.7555428144667],[-9.23385357705709,38.7545011825854],[-9.23383821965857,38.7535024015983],[-9.23397613840335,38.7507000565271],[-9.23406194998972,38.7506816839917],[-9.2368794184957,38.7491910880637],[-9.23738631831205,38.7491983299063],[-9.23874480657016,38.7496549722857],[-9.23941187466377,38.7490948875575],[-9.23962901199654,38.7476628218272],[-9.24274797998373,38.748501041076],[-9.24208464017526,38.7493406367222],[-9.24076658046781,38.7504015722071],[-9.24028275305367,38.7518868733864],[-9.24160049519138,38.7521873688273],[-9.24198071910962,38.7524425768532],[-9.24211842797898,38.7539108376457],[-9.24205146142941,38.7554730102371]]]}},{"type":"Feature","id":"CRUS_Amadora_V.47719","properties":{"AREA_HA":4.31099165480444,"Autor":"DGT","Categoria_2021":"Espaço Verde","Classe_2021":"Solo Urbano","DTCC":"1115","Data_Pub_Origem":"1994-06-22T00:00:00","Designacao_no_plano":"Espaço verde urbano protecção e enquadramento","Escala_origem":"1/10000","Fonte":"AML - Vectorial","ID1":47719,"Municipio":"AMADORA"},"geometry":{"type":"Polygon","coordinates":[[[-9.21617310719065,38.7470950382456],[-9.21649972025934,38.7475090225023],[-9.21731046144444,38.7481157028407],[-9.21761847586943,38.7483860254],[-9.21707192305293,38.7483001545714],[-9.21551672819584,38.7476662277564],[-9.20960626813876,38.7458989023755],[-9.20910726310683,38.7456706437331],[-9.20986735897123,38.7457562505512],[-9.21170175788219,38.7461425866865],[-9.21258626298515,38.7462578622521],[-9.213460140767,38.7463649998126],[-9.21455956008557,38.7464941914396],[-9.21462873188213,38.7465023196025],[-9.21550510274423,38.7467740172577],[-9.21617310719065,38.7470950382456]]]}},{"type":"Feature","id":"CRUS_Amadora_V.47720","properties":{"AREA_HA":10.3175647714756,"Autor":"DGT","Categoria_2021":"Espaço de Uso Especial Equipamentos e Infraestruturas","Classe_2021":"Solo Urbano","DTCC":"1115","Data_Pub_Origem":"1994-06-22T00:00:00","Designacao_no_plano":"Espaço de equipamento","Escala_origem":"1/10000","Fonte":"AML - Vectorial","ID1":47720,"Municipio":"AMADORA"},"geometry":{"type":"Polygon","coordinates":[[[-9.23091029295025,38.745419117197],[-9.22988758630594,38.7467112816236],[-9.22872500994191,38.7465055071955],[-9.22827297562188,38.7465699380241],[-9.22806384672549,38.7464515199859],[-9.22647736931579,38.7448374949119],[-9.22708317180077,38.7442840800402],[-9.22638296371025,38.7436826984464],[-9.22631010336918,38.7434365871793],[-9.22656441204286,38.7426382665254],[-9.22780203627837,38.7431111860306],[-9.2287545023556,38.7435879843739],[-9.22997820100542,38.7443240988536],[-9.23104033631132,38.7452548007857],[-9.23091029295025,38.745419117197]]]}},{"type":"Feature","id":"CRUS_Amadora_V.47721","properties":{"AREA_HA":2.81288649321776,"Autor":"DGT","Categoria_2021":"Espaço de Uso Especial Equipamentos e Infraestruturas","Classe_2021":"Solo Urbano","DTCC":"1115","Data_Pub_Origem":"1994-06-22T00:00:00","Designacao_no_plano":"Espaço de equipamento","Escala_origem":"1/10000","Fonte":"AML - Vectorial","ID1":47721,"Municipio":"AMADORA"},"geometry":{"type":"Polygon","coordinates":[[[-9.22003518411849,38.7412348339617],[-9.22120295378395,38.7421280447962],[-9.21979443691157,38.7434172320163],[-9.21848398308668,38.7425686697296],[-9.22003518411849,38.7412348339617]]]}},{"type":"Feature","id":"CRUS_Amadora_V.47722","properties":{"AREA_HA":2.11677656481676,"Autor":"DGT","Categoria_2021":"Espaço de Uso Especial Equipamentos e Infraestruturas","Classe_2021":"Solo Urbano","DTCC":"1115","Data_Pub_Origem":"1994-06-22T00:00:00","Designacao_no_plano":"Espaço de equipamento","Escala_origem":"1/10000","Fonte":"AML - Vectorial","ID1":47722,"Municipio":"AMADORA"},"geometry":{"type":"Polygon","coordinates":[[[-9.21177287811746,38.7426863812858],[-9.21287675086238,38.742163214831],[-9.2136996077222,38.7418653721185],[-9.2139031561156,38.7416475038529],[-9.21398089073818,38.74165044403],[-9.21403054793414,38.7424776143308],[-9.21325741212382,38.7431408652045],[-9.21140107166039,38.7433589130532],[-9.21129196537362,38.7433725250359],[-9.21177287811746,38.7426863812858]]]}},{"type":"Feature","id":"CRUS_Amadora_V.47723","properties":{"AREA_HA":2.97858373628194,"Autor":"DGT","Categoria_2021":"Espaço de Uso Especial Equipamentos e Infraestruturas","Classe_2021":"Solo Urbano","DTCC":"1115","Data_Pub_Origem":"1994-06-22T00:00:00","Designacao_no_plano":"Espaço de equipamento","Escala_origem":"1/10000","Fonte":"AML - Vectorial","ID1":47723,"Municipio":"AMADORA"},"geometry":{"type":"Polygon","coordinates":[[[-9.2153229237236,38.7428778185065],[-9.21500551154919,38.7414344888935],[-9.21521581618205,38.7411070903181],[-9.21708095609336,38.7410115039107],[-9.21713475439379,38.7419624276694],[-9.21614219593135,38.7428384066378],[-9.2153229237236,38.7428778185065]]]}},{"type":"Feature","id":"CRUS_Amadora_V.47724","properties":{"AREA_HA":1.29508616829561,"Autor":"DGT","Categoria_2021":"Não Atribuída","Classe_2021":"Solo Urbano","DTCC":"1115","Data_Pub_Origem":"1994-06-22T00:00:00","Designacao_no_plano":"Espaço urbano","Escala_origem":"1/10000","Fonte":"AML - Vectorial","ID1":47724,"Municipio":"AMADORA"},"geometry":{"type":"Polygon","coordinates":[[[-9.20847458996453,38.7256667758328],[-9.2081607217303,38.724720050955],[-9.20810996076549,38.7238918315497],[-9.20905361475288,38.7232684063479],[-9.20896637930737,38.7246113660631],[-9.20847458996453,38.7256667758328]]]}},{"type":"Feature","id":"CRUS_Amadora_V.47725","properties":{"AREA_HA":20.2098437465033,"Autor":"DGT","Categoria_2021":"Não Atribuída","Classe_2021":"Solo Urbano (urbanizável – transitório)","DTCC":"1115","Data_Pub_Origem":"1994-06-22T00:00:00","Designacao_no_plano":"Espaço urbanizável","Escala_origem":"1/10000","Fonte":"AML - Vectorial","ID1":47725,"Municipio":"AMADORA"},"geometry":{"type":"Polygon","coordinates":[[[-9.22068088141239,38.784335503626],[-9.22031048825114,38.7837363681868],[-9.22025471914862,38.7836493426929],[-9.21997892795613,38.7825744687063],[-9.22005040290264,38.7816574441074],[-9.22156052092925,38.7795284813591],[-9.22224203789218,38.7782045015811],[-9.22316006443709,38.7772166821532],[-9.22431077347471,38.7771996704158],[-9.22613631064393,38.77876976841],[-9.22401766211657,38.7811320213818],[-9.22283623351315,38.7827501672357],[-9.22212264174285,38.7833105820084],[-9.22117682269536,38.7837121454406],[-9.22068088141239,38.784335503626]]]}},{"type":"Feature","id":"CRUS_Amadora_V.47726","properties":{"AREA_HA":1.80845453412402,"Autor":"DGT","Categoria_2021":"Espaço de Uso Especial Equipamentos e Infraestruturas","Classe_2021":"Solo Urbano","DTCC":"1115","Data_Pub_Origem":"1994-06-22T00:00:00","Designacao_no_plano":"Espaço de equipamento","Escala_origem":"1/10000","Fonte":"AML - Vectorial","ID1":47726,"Municipio":"AMADORA"},"geometry":{"type":"Polygon","coordinates":[[[-9.22992339042066,38.7762828649547],[-9.22999880806968,38.7763068616876],[-9.22913333926517,38.7789465775221],[-9.22912982913786,38.7791792982666],[-9.22905511588116,38.7791905236449],[-9.22877299091509,38.7787041906479],[-9.22869884952548,38.7784638234559],[-9.22863410191243,38.7776543178373],[-9.22895887093783,38.7767933531524],[-9.22992339042066,38.7762828649547]]]}},{"type":"Feature","id":"CRUS_Amadora_V.47727","properties":{"AREA_HA":17.3447642223291,"Autor":"DGT","Categoria_2021":"Espaço de Atividades Económicas","Classe_2021":"Solo Urbano (urbanizável – transitório)","DTCC":"1115","Data_Pub_Origem":"1994-06-22T00:00:00","Designacao_no_plano":"Espaço industrial proposto","Escala_origem":"1/10000","Fonte":"AML - Vectorial","ID1":47727,"Municipio":"AMADORA"},"geometry":{"type":"Polygon","coordinates":[[[-9.21773601643288,38.7763698170923],[-9.21768894279897,38.7757984386008],[-9.21719466780957,38.7750656885583],[-9.21684558302196,38.7748402071006],[-9.21776988792024,38.7739949619837],[-9.21832881101783,38.7738754059462],[-9.21883753032435,38.7739910538514],[-9.21975256559832,38.7745603823172],[-9.2211763565797,38.7759713767981],[-9.22160262611903,38.7762202120513],[-9.22146406955064,38.7776549120335],[-9.21981869262593,38.7800839177962],[-9.21897183220183,38.7809627054452],[-9.21883824399938,38.7807653197847],[-9.21861947003539,38.7789874938225],[-9.21790870346631,38.7776262143058],[-9.21733212024357,38.7770093184674],[-9.21720595719608,38.7768743332816],[-9.21773601643288,38.7763698170923]]]}},{"type":"Feature","id":"CRUS_Amadora_V.47728","properties":{"AREA_HA":21.7252185440275,"Autor":"DGT","Categoria_2021":"Espaço de Uso Especial Equipamentos e Infraestruturas","Classe_2021":"Solo Urbano","DTCC":"1115","Data_Pub_Origem":"1994-06-22T00:00:00","Designacao_no_plano":"Espaço de equipamento","Escala_origem":"1/10000","Fonte":"AML - Vectorial","ID1":47728,"Municipio":"AMADORA"},"geometry":{"type":"Polygon","coordinates":[[[-9.24439725343464,38.7716221553116],[-9.24433314613386,38.7733344823247],[-9.24537210833281,38.7735360789662],[-9.24436999764728,38.7772480846907],[-9.24360544469043,38.7773022813203],[-9.24134527666495,38.7760076249252],[-9.23990299605935,38.7756300604291],[-9.23933432649615,38.7751178075575],[-9.23872104981244,38.773894423961],[-9.2399322938699,38.7739590598355],[-9.24047376695646,38.7737071423933],[-9.2410790338857,38.7731115237616],[-9.24136332706059,38.7726212761166],[-9.24148963397821,38.7718496247978],[-9.24196820340582,38.7714743694942],[-9.24198957795886,38.7714076481308],[-9.24286691693029,38.771413422369],[-9.24307962870208,38.7714508803886],[-9.24412851310008,38.7714583710264],[-9.24438113899193,38.771560777604],[-9.24439725343464,38.7716221553116]]]}},{"type":"Feature","id":"CRUS_Amadora_V.47729","properties":{"AREA_HA":5.50912734444514,"Autor":"DGT","Categoria_2021":"Não Atribuída","Classe_2021":"Solo Urbano (urbanizável – transitório)","DTCC":"1115","Data_Pub_Origem":"1994-06-22T00:00:00","Designacao_no_plano":"Espaço urbanizável","Escala_origem":"1/10000","Fonte":"AML - Vectorial","ID1":47729,"Municipio":"AMADORA"},"geometry":{"type":"Polygon","coordinates":[[[-9.24148963397821,38.7718496247978],[-9.24136332706059,38.7726212761166],[-9.2410790338857,38.7731115237616],[-9.24047376695646,38.7737071423933],[-9.2399322938699,38.7739590598355],[-9.23872104981244,38.773894423961],[-9.23799536072804,38.7731609451567],[-9.23700739637268,38.7728764081335],[-9.23862525026317,38.7723884122898],[-9.23986056895788,38.771804882051],[-9.24148963397821,38.7718496247978]]]}},{"type":"Feature","id":"CRUS_Amadora_V.47730","properties":{"AREA_HA":13.2645700244977,"Autor":"DGT","Categoria_2021":"Espaço de Atividades Económicas","Classe_2021":"Solo Urbano (urbanizável – transitório)","DTCC":"1115","Data_Pub_Origem":"1994-06-22T00:00:00","Designacao_no_plano":"Espaço industrial proposto","Escala_origem":"1/10000","Fonte":"AML - Vectorial","ID1":47730,"Municipio":"AMADORA"},"geometry":{"type":"Polygon","coordinates":[[[-9.2328834061923,38.771160756585],[-9.23334341733877,38.7714645922807],[-9.23466980814061,38.7734685312228],[-9.23528581962803,38.7740266055097],[-9.23383094890098,38.7748228197755],[-9.23224946760044,38.7748798500503],[-9.2302320264771,38.7756926919214],[-9.23017370682161,38.7757124178236],[-9.23033051585411,38.7753231308531],[-9.23034135493237,38.7751069622136],[-9.23040829433361,38.7748570237285],[-9.23064931751712,38.7730375771187],[-9.23071820910754,38.7729150453944],[-9.2307943470031,38.7728035259882],[-9.23104587641552,38.7721307968403],[-9.23101468132747,38.7719427244703],[-9.23055801429175,38.7712378737866],[-9.23282053342571,38.7711002379175],[-9.2328834061923,38.771160756585]]]}},{"type":"Feature","id":"CRUS_Amadora_V.47731","properties":{"AREA_HA":18.5735568716322,"Autor":"DGT","Categoria_2021":"Espaço de Uso Especial Equipamentos e Infraestruturas","Classe_2021":"Solo Urbano","DTCC":"1115","Data_Pub_Origem":"1994-06-22T00:00:00","Designacao_no_plano":"Espaço de equipamento","Escala_origem":"1/10000","Fonte":"AML - Vectorial","ID1":47731,"Municipio":"AMADORA"},"geometry":{"type":"Polygon","coordinates":[[[-9.24106616972735,38.7684187510498],[-9.2411846512947,38.7705454355473],[-9.24008718843453,38.7706039936638],[-9.23933532378036,38.7696661174198],[-9.23551425656442,38.7699730062994],[-9.23354928003785,38.7705573449721],[-9.23332285813613,38.7708183054255],[-9.23285374451877,38.7707805882092],[-9.2318501910764,38.7704529617386],[-9.23060460644324,38.7710826227963],[-9.23049205144248,38.7711247010715],[-9.23014372823468,38.7705270835826],[-9.23006317521856,38.770350554657],[-9.23023440562242,38.7695179175989],[-9.23030621398186,38.7695145978534],[-9.23154534451012,38.7693848901213],[-9.23164621094278,38.7689505639035],[-9.23448978847805,38.7688055904595],[-9.23449191505642,38.7684444255013],[-9.23927670264489,38.7682746092878],[-9.23934390311775,38.7671505091384],[-9.23936133889097,38.7668159341979],[-9.23935650339364,38.7666953419175],[-9.23967174944306,38.7672662147711],[-9.24106403297814,38.7683254700016],[-9.24106616972735,38.7684187510498]]]}},{"type":"Feature","id":"CRUS_Amadora_V.47732","properties":{"AREA_HA":16.660124684348,"Autor":"DGT","Categoria_2021":"Não Atribuída","Classe_2021":"Solo Urbano (urbanizável – transitório)","DTCC":"1115","Data_Pub_Origem":"1994-06-22T00:00:00","Designacao_no_plano":"Espaço urbanizável","Escala_origem":"1/10000","Fonte":"AML - Vectorial","ID1":47732,"Municipio":"AMADORA"},"geometry":{"type":"Polygon","coordinates":[[[-9.24794803745591,38.7759608867246],[-9.24730235791986,38.7762300227843],[-9.24671388255092,38.7764753116764],[-9.24679503228442,38.776908544128],[-9.24524170356717,38.7781619145766],[-9.24437116413653,38.7781630884555],[-9.24360544469043,38.7773022813203],[-9.24436999764728,38.7772480846907],[-9.24537210833281,38.7735360789662],[-9.24433314613386,38.7733344823247],[-9.24439725343464,38.7716221553116],[-9.24438113899193,38.771560777604],[-9.24542572639463,38.7720093783305],[-9.24586649714758,38.7723720175747],[-9.24595633866183,38.7723564254021],[-9.24762512372459,38.7718867716095],[-9.24797634054738,38.7722445622159],[-9.24815864831792,38.7725945063252],[-9.24775354176058,38.7737127851379],[-9.24826776501818,38.7746709360905],[-9.24789368848281,38.7753125389223],[-9.24794803745591,38.7759608867246]]]}},{"type":"Feature","id":"CRUS_Amadora_V.47733","properties":{"AREA_HA":13.6310693507693,"Autor":"DGT","Categoria_2021":"Não Atribuída","Classe_2021":"Solo Urbano","DTCC":"1115","Data_Pub_Origem":"1994-06-22T00:00:00","Designacao_no_plano":"Espaço urbano","Escala_origem":"1/10000","Fonte":"AML - Vectorial","ID1":47733,"Municipio":"AMADORA"},"geometry":{"type":"Polygon","coordinates":[[[-9.25229138479493,38.7748642864552],[-9.25226265910907,38.774953026447],[-9.25220945684356,38.7750662865671],[-9.25223880038002,38.7746608587361],[-9.2521855970187,38.7739743867221],[-9.25205383121449,38.7737560373737],[-9.25147054673682,38.7724268457223],[-9.25097222319226,38.7719879288719],[-9.24960866061526,38.7717301173147],[-9.24840248151572,38.7719876912372],[-9.24797634054738,38.7722445622159],[-9.24762512372459,38.7718867716095],[-9.24832187433085,38.7712824955884],[-9.24804398396323,38.7707012910341],[-9.24815570790439,38.7704775097007],[-9.24881689607686,38.7700257818207],[-9.24984680170483,38.7695765309754],[-9.25007180002133,38.7693553125343],[-9.2500930963316,38.7692881544816],[-9.25020693891912,38.7691789212282],[-9.25019060915808,38.768586278176],[-9.25028120286307,38.7685759747594],[-9.25080048500296,38.7684772343982],[-9.25067259305669,38.7691333154349],[-9.25120507334626,38.7697920903584],[-9.25275097709135,38.7704153044825],[-9.25326292763057,38.7707354351997],[-9.2535858226464,38.7711495345709],[-9.25333966627466,38.7721282279825],[-9.25273742241724,38.7739494803092],[-9.25229138479493,38.7748642864552]]]}},{"type":"Feature","id":"CRUS_Amadora_V.47734","properties":{"AREA_HA":28.076668933664,"Autor":"DGT","Categoria_2021":"Não Atribuída","Classe_2021":"Solo Urbano","DTCC":"1115","Data_Pub_Origem":"1994-06-22T00:00:00","Designacao_no_plano":"Espaço urbano","Escala_origem":"1/10000","Fonte":"AML - Vectorial","ID1":47734,"Municipio":"AMADORA"},"geometry":{"type":"Polygon","coordinates":[[[-9.2352018614135,38.7865543703605],[-9.2353948201378,38.7866127380207],[-9.23605070042223,38.7882918993237],[-9.23586125315459,38.788462221803],[-9.23559192973896,38.7884346720972],[-9.23504894661205,38.7881481133647],[-9.23465456008481,38.7885226896949],[-9.23465385696451,38.7886018147108],[-9.23446585697103,38.7887911419921],[-9.2327468122877,38.79024225391],[-9.2323321071131,38.7908943602848],[-9.23229065349943,38.7917427590775],[-9.23224056806253,38.7927677991259],[-9.23165076319893,38.7935434351025],[-9.23095755935812,38.7939197765825],[-9.22940956369013,38.794655921069],[-9.22888016847191,38.7934888863448],[-9.22653794878965,38.7883449017105],[-9.22715917241137,38.7882338170874],[-9.22736084454199,38.7879481871478],[-9.22741252065864,38.787992243686],[-9.22824830759867,38.7890234008742],[-9.22873474646818,38.7891813516874],[-9.23006406404197,38.7891929436191],[-9.23120550582879,38.7889775658015],[-9.23449544335748,38.7869467056385],[-9.23466957289553,38.7868392090629],[-9.2348150534411,38.7867493987788],[-9.2352018614135,38.7865543703605]]]}},{"type":"Feature","id":"CRUS_Amadora_V.47735","properties":{"AREA_HA":18.8296823916588,"Autor":"DGT","Categoria_2021":"Não Atribuída","Classe_2021":"Solo Urbano (urbanizável – transitório)","DTCC":"1115","Data_Pub_Origem":"1994-06-22T00:00:00","Designacao_no_plano":"Espaço urbanizável","Escala_origem":"1/10000","Fonte":"AML - Vectorial","ID1":47735,"Municipio":"AMADORA"},"geometry":{"type":"Polygon","coordinates":[[[-9.23006317521856,38.770350554657],[-9.23014372823468,38.7705270835826],[-9.23049205144248,38.7711247010715],[-9.23055801429175,38.7712378737866],[-9.2270368089346,38.7714426698787],[-9.22673936335499,38.7714288363696],[-9.22556119681798,38.7712071796793],[-9.22417654723916,38.7704389624925],[-9.22229488760299,38.771885903067],[-9.2222269782499,38.7718616016325],[-9.22139622776455,38.7718798522349],[-9.22021625105985,38.7710602040245],[-9.21948419238258,38.7709045028303],[-9.21916273276218,38.7709797266342],[-9.21817959856603,38.7717464861239],[-9.21751966871848,38.7717887301842],[-9.21687163171888,38.7716021371302],[-9.21579985242952,38.7718123862703],[-9.21690125622716,38.771116493031],[-9.22244078055352,38.7692961394196],[-9.22395937278655,38.7685449858],[-9.22404817361379,38.7685177155039],[-9.2241299983688,38.768516585015],[-9.22428751525985,38.7685084378104],[-9.22485628045518,38.7685578685872],[-9.22546034784509,38.7688832686385],[-9.22499532171507,38.7696159344723],[-9.22511960988767,38.77021067465],[-9.2254361903626,38.7703380995518],[-9.22658778134852,38.7703032403693],[-9.22673913159551,38.7705929239361],[-9.22804321244034,38.7705471822224],[-9.22827315871943,38.7704521378152],[-9.22830220874903,38.7699272308383],[-9.22864448431393,38.7697073313301],[-9.22923128835457,38.769549316823],[-9.22947824823969,38.7694828145662],[-9.23013204602347,38.7695189731027],[-9.23023440562242,38.7695179175989],[-9.23006317521856,38.770350554657]]]}},{"type":"Feature","id":"CRUS_Amadora_V.47736","properties":{"AREA_HA":7.41303407019994,"Autor":"DGT","Categoria_2021":"Não Atribuída","Classe_2021":"Solo Urbano (urbanizável – transitório)","DTCC":"1115","Data_Pub_Origem":"1994-06-22T00:00:00","Designacao_no_plano":"Espaço urbanizável","Escala_origem":"1/10000","Fonte":"AML - Vectorial","ID1":47736,"Municipio":"AMADORA"},"geometry":{"type":"Polygon","coordinates":[[[-9.22267418136312,38.7643539307816],[-9.22301332592192,38.7641148452366],[-9.22357805943921,38.7644811833642],[-9.22471025692286,38.7646253992921],[-9.22417716159925,38.7649144308685],[-9.22372031852775,38.7647905209311],[-9.22363074753774,38.7648096839676],[-9.22271928437352,38.7644359204823],[-9.22263912142881,38.7644647648608],[-9.22222644826349,38.7644267568294],[-9.2205632731916,38.764652923491],[-9.21872652210935,38.7653434330619],[-9.21804854764876,38.7657108817808],[-9.21806087743366,38.7658578262436],[-9.21742929489788,38.7659829111005],[-9.21725982510839,38.7643332044143],[-9.2175844160827,38.7639539564831],[-9.21750227135298,38.7631014931958],[-9.21751074806261,38.7630107243457],[-9.21949911258192,38.763474235414],[-9.22044348359607,38.763687051083],[-9.2208984890773,38.7638268582019],[-9.22182273775,38.7641118733249],[-9.22253597140577,38.7643679138801],[-9.22267418136312,38.7643539307816]]]}},{"type":"Feature","id":"CRUS_Amadora_V.47737","properties":{"AREA_HA":26.8302759730475,"Autor":"DGT","Categoria_2021":"Não Atribuída","Classe_2021":"Solo Urbano (urbanizável – transitório)","DTCC":"1115","Data_Pub_Origem":"1994-06-22T00:00:00","Designacao_no_plano":"Espaço urbanizável - Misto","Escala_origem":"1/10000","Fonte":"AML - Vectorial","ID1":47737,"Municipio":"AMADORA"},"geometry":{"type":"Polygon","coordinates":[[[-9.21649380220996,38.7507262125479],[-9.21698107159375,38.7509179394409],[-9.21676917044155,38.7513706529581],[-9.21706512901476,38.751671168239],[-9.21806599174898,38.7524115743297],[-9.21806510314979,38.7524819774963],[-9.21753616297479,38.7535636909861],[-9.21739817917163,38.7542502695986],[-9.21768564001233,38.7544703062534],[-9.21763643772867,38.7552773400713],[-9.21767397888754,38.7553210874861],[-9.2181008444284,38.7558185137637],[-9.21825297785449,38.7559957949384],[-9.21862443641913,38.7567148042627],[-9.22109723570983,38.7572836460953],[-9.22104370563569,38.7573183469132],[-9.22082016353376,38.7574632557199],[-9.22049740751765,38.7576724848323],[-9.22012737604376,38.7580852311998],[-9.22049695969956,38.7594845941189],[-9.22048984359865,38.7597174283123],[-9.2204322889689,38.7616000325333],[-9.22008098104544,38.7617296992576],[-9.21981797824428,38.7621113630553],[-9.21955489153762,38.7634015331641],[-9.21949911258192,38.763474235414],[-9.21751074806261,38.7630107243457],[-9.21761752684828,38.7629632264188],[-9.21811242704852,38.7618015445795],[-9.21817029807183,38.7593460764687],[-9.21766752845213,38.7582601585876],[-9.21748912355823,38.7580659886048],[-9.21742797663039,38.7578965089605],[-9.21724170795716,38.7577967040251],[-9.21638987443373,38.7568695756501],[-9.21516155207465,38.7559165211231],[-9.21512312292248,38.7558913668706],[-9.2150846938108,38.7558662135055],[-9.21568614979082,38.7554531743783],[-9.21578656972141,38.7553842084241],[-9.21569542939719,38.7551920276593],[-9.21571195659994,38.7547272046325],[-9.21571835853977,38.7545471239369],[-9.21617934579967,38.7540552978297],[-9.21591821523599,38.7525517927034],[-9.21572821266225,38.7521743485284],[-9.2155057459516,38.7521884451754],[-9.21534218438901,38.7515707988764],[-9.215300526374,38.7512021482294],[-9.21544058289568,38.7509506600991],[-9.21548176037886,38.7509413430554],[-9.21549983680555,38.7508442527763],[-9.21572811579481,38.7507835050435],[-9.21577212567135,38.750767440953],[-9.21573214501689,38.7506836479373],[-9.21641574890034,38.7506309274284],[-9.21642858175427,38.7506299374329],[-9.21644141575798,38.7506289474254],[-9.21646708377783,38.7506269683068],[-9.21649380220996,38.7507262125479]]]}},{"type":"Feature","id":"CRUS_Amadora_V.47738","properties":{"AREA_HA":24.7096415430254,"Autor":"DGT","Categoria_2021":"Espaço de Uso Especial Equipamentos e Infraestruturas","Classe_2021":"Solo Urbano","DTCC":"1115","Data_Pub_Origem":"1994-06-22T00:00:00","Designacao_no_plano":"Espaço de equipamento","Escala_origem":"1/10000","Fonte":"AML - Vectorial","ID1":47738,"Municipio":"AMADORA"},"geometry":{"type":"Polygon","coordinates":[[[-9.2112859424724,38.7617889892967],[-9.21456926919109,38.7628460746661],[-9.21463663262777,38.7629321222438],[-9.21629037842287,38.7627949052518],[-9.21751074806261,38.7630107243457],[-9.21750227135298,38.7631014931958],[-9.2175844160827,38.7639539564831],[-9.21725982510839,38.7643332044143],[-9.21742929489788,38.7659829111005],[-9.21461498005781,38.7666706320393],[-9.21319590046742,38.765960785547],[-9.21217747539505,38.7651455765672],[-9.21200139157891,38.7651833162084],[-9.21131132266711,38.7647502876176],[-9.21112417084545,38.764542127689],[-9.21112889098923,38.7643193058092],[-9.21113243482881,38.7641711502636],[-9.21105689681843,38.7637216341889],[-9.21102253607393,38.7633026610211],[-9.21089899273584,38.7628754854188],[-9.21073470302281,38.7625959624405],[-9.21019124357452,38.7618337919849],[-9.20810515586054,38.7597251936605],[-9.20773657248212,38.7592169577245],[-9.20769758149934,38.7589478692402],[-9.20767635588222,38.758868940964],[-9.20814487351298,38.7589698918214],[-9.20818417366273,38.7589865162873],[-9.20905240551796,38.7593537887076],[-9.2091062168775,38.7593765513827],[-9.21054428511779,38.7608979260368],[-9.21116600146948,38.7617730791582],[-9.2112859424724,38.7617889892967]]]}},{"type":"Feature","id":"CRUS_Amadora_V.47739","properties":{"AREA_HA":41.8619253525478,"Autor":"DGT","Categoria_2021":"Espaço Verde","Classe_2021":"Solo Urbano","DTCC":"1115","Data_Pub_Origem":"1994-06-22T00:00:00","Designacao_no_plano":"Espaço verde urbano protecção e enquadramento","Escala_origem":"1/10000","Fonte":"AML - Vectorial","ID1":47739,"Municipio":"AMADORA"},"geometry":{"type":"Polygon","coordinates":[[[-9.21516155207465,38.7559165211231],[-9.21638987443373,38.7568695756501],[-9.21724170795716,38.7577967040251],[-9.21742797663039,38.7578965089605],[-9.21748912355823,38.7580659886048],[-9.21766752845213,38.7582601585876],[-9.21817029807183,38.7593460764687],[-9.21811242704852,38.7618015445795],[-9.21761752684828,38.7629632264188],[-9.21751074806261,38.7630107243457],[-9.21629037842287,38.7627949052518],[-9.21463663262777,38.7629321222438],[-9.21456926919109,38.7628460746661],[-9.2112859424724,38.7617889892967],[-9.21116600146948,38.7617730791582],[-9.21054428511779,38.7608979260368],[-9.2091062168775,38.7593765513827],[-9.20905240551796,38.7593537887076],[-9.20818417366273,38.7589865162873],[-9.20901149380818,38.7587236794056],[-9.21079785975617,38.7579661600138],[-9.21180272994507,38.7575400188253],[-9.21405804782392,38.756483140181],[-9.21512312292248,38.7558913668706],[-9.21516155207465,38.7559165211231]]]}},{"type":"Feature","id":"CRUS_Amadora_V.47740","properties":{"AREA_HA":9.84778785414202,"Autor":"DGT","Categoria_2021":"Não Atribuída","Classe_2021":"Solo Urbano (urbanizável – transitório)","DTCC":"1115","Data_Pub_Origem":"1994-06-22T00:00:00","Designacao_no_plano":"Espaço urbanizável","Escala_origem":"1/10000","Fonte":"AML - Vectorial","ID1":47740,"Municipio":"AMADORA"},"geometry":{"type":"Polygon","coordinates":[[[-9.2044875900995,38.7568050639619],[-9.20583233041875,38.7569272549764],[-9.20613403150835,38.7569939156425],[-9.2055451582976,38.7573594400707],[-9.20211448640051,38.7588479785743],[-9.20056722974509,38.7599535586278],[-9.20040402899435,38.7600581467911],[-9.19997313513524,38.7601288836101],[-9.19997314554166,38.7601288871182],[-9.19781367729823,38.7604833541269],[-9.19786523283623,38.7598139177725],[-9.19805392815688,38.7593615318572],[-9.19813220749077,38.7591738628722],[-9.1981985337123,38.7590148574425],[-9.19828824293498,38.7587997815843],[-9.19917105689513,38.7587013220647],[-9.20296540806772,38.7573373264969],[-9.20385833568492,38.7568891766865],[-9.2044875900995,38.7568050639619]]]}},{"type":"Feature","id":"CRUS_Amadora_V.47741","properties":{"AREA_HA":7.95391206140826,"Autor":"DGT","Categoria_2021":"Espaço de Atividades Económicas","Classe_2021":"Solo Urbano","DTCC":"1115","Data_Pub_Origem":"1994-06-22T00:00:00","Designacao_no_plano":"Espaço industrial/serviço - existente","Escala_origem":"1/10000","Fonte":"AML - Vectorial","ID1":47741,"Municipio":"AMADORA"},"geometry":{"type":"Polygon","coordinates":[[[-9.21528033043377,38.7498124823294],[-9.21573214501689,38.7506836479373],[-9.21577212567135,38.750767440953],[-9.21572811579481,38.7507835050435],[-9.21549983680555,38.7508442527763],[-9.21548176037886,38.7509413430554],[-9.21544058289568,38.7509506600991],[-9.215300526374,38.7512021482294],[-9.21534218438901,38.7515707988764],[-9.21517708797487,38.7517821908396],[-9.21327275136229,38.752293401762],[-9.21312886929032,38.7527425336316],[-9.21184085025363,38.7523692078748],[-9.21175641485316,38.7516835108987],[-9.21176118412084,38.7516363534529],[-9.21153243206358,38.7515565970518],[-9.21144058446115,38.7515245732569],[-9.21130116824362,38.7514246181983],[-9.21095967670237,38.7510700460912],[-9.21079892180603,38.7508972142103],[-9.21088670143725,38.7507368201066],[-9.21129308670073,38.7506634472203],[-9.21310210337435,38.7503368109928],[-9.21356505485671,38.7500721369778],[-9.21513211329902,38.7498360164044],[-9.21528033043377,38.7498124823294]]]}},{"type":"Feature","id":"CRUS_Amadora_V.47742","properties":{"AREA_HA":7.35171017658778,"Autor":"DGT","Categoria_2021":"Espaço Verde","Classe_2021":"Solo Urbano","DTCC":"1115","Data_Pub_Origem":"1994-06-22T00:00:00","Designacao_no_plano":"Espaço verde urbano protecção e enquadramento","Escala_origem":"1/10000","Fonte":"AML - Vectorial","ID1":47742,"Municipio":"AMADORA"},"geometry":{"type":"Polygon","coordinates":[[[-9.20544692103801,38.7385050113589],[-9.20591040319898,38.7386402300751],[-9.20610481697869,38.7386969486503],[-9.20775807222791,38.7395849955661],[-9.20829367902734,38.7396374435735],[-9.2100897709474,38.7396174768722],[-9.20980596580419,38.7397858008163],[-9.20966480803044,38.7399724536989],[-9.20784787508987,38.7400385705776],[-9.2077731668336,38.7402445462867],[-9.20657243275811,38.7414712388955],[-9.20570620921062,38.7420751067146],[-9.20540740525438,38.7423368586923],[-9.20500798496155,38.7404894466367],[-9.2049962535451,38.7401282537043],[-9.20495879511486,38.7389747787027],[-9.20517046785221,38.7384226521444],[-9.20530169658129,38.7384465325653],[-9.20544692103801,38.7385050113589]]]}},{"type":"Feature","id":"CRUS_Amadora_V.47743","properties":{"AREA_HA":32.891240247311,"Autor":"DGT","Categoria_2021":"Espaço Verde","Classe_2021":"Solo Urbano","DTCC":"1115","Data_Pub_Origem":"1994-06-22T00:00:00","Designacao_no_plano":"Espaço verde urbano protecção e enquadramento","Escala_origem":"1/10000","Fonte":"AML - Vectorial","ID1":47743,"Municipio":"AMADORA"},"geometry":{"type":"Polygon","coordinates":[[[-9.21395604204411,38.7255776798822],[-9.21368469925912,38.7274115293557],[-9.21400441462861,38.7278994206443],[-9.21418287055489,38.7281042360197],[-9.21416162104925,38.7281851417058],[-9.21384367352404,38.728468757141],[-9.2132506084799,38.729454088491],[-9.21301958195325,38.7305519727796],[-9.213434194368,38.7311704739241],[-9.2137517816578,38.7313264228361],[-9.21526959820008,38.7315639519754],[-9.21545459807985,38.7318989288144],[-9.21503913435064,38.7323441496578],[-9.21444273423195,38.7324847177578],[-9.21319841580548,38.7319304307384],[-9.21243836550176,38.7324370550063],[-9.21265715257322,38.7331474546826],[-9.21276415732493,38.733258539855],[-9.21423344545424,38.7338770996634],[-9.21460079785826,38.7341633234347],[-9.21304957423795,38.735073661987],[-9.21244780820679,38.7341897389863],[-9.21145254334477,38.733502896946],[-9.21118186973223,38.7335156741783],[-9.21043553627969,38.7338222683235],[-9.2082277450602,38.7347291945463],[-9.20777698684153,38.7347101938782],[-9.20754594368277,38.734666413015],[-9.20870376351401,38.732576895341],[-9.20901299814767,38.7326969945804],[-9.21003285821146,38.7330714129675],[-9.21030125191447,38.7330508856671],[-9.21174106129348,38.7324075753253],[-9.21232529513782,38.7319507364633],[-9.2127080809875,38.7318809908199],[-9.21308822420725,38.7311264823965],[-9.21269632611799,38.7303469275237],[-9.21204831292778,38.7292815625437],[-9.21162598309739,38.7292734207891],[-9.21135951786658,38.7294203481422],[-9.21072672680748,38.7302207260931],[-9.21041084574653,38.7302654284721],[-9.21016782424698,38.7302280613514],[-9.20995961526248,38.7301978162034],[-9.21007488816554,38.729838298845],[-9.20983755863604,38.7291550159566],[-9.20978371765936,38.7290172255697],[-9.20847458996453,38.7256667758328],[-9.20896637930737,38.7246113660631],[-9.20905361475288,38.7232684063479],[-9.21040367000534,38.7225631997749],[-9.21095732363228,38.7222864626154],[-9.21114780612725,38.7221855020908],[-9.21128484261428,38.7223382425309],[-9.21398939383192,38.725352303798],[-9.21395604204411,38.7255776798822]],[[-9.21333352847708,38.7255201700522],[-9.21180589889042,38.7264238329951],[-9.21040288697813,38.7265391041126],[-9.20984840828862,38.7264844771339],[-9.20957697950325,38.7264605145598],[-9.20959360775362,38.7265017641134],[-9.21023033273064,38.7280811303761],[-9.21039069483122,38.7290043372367],[-9.21061464132426,38.729141912509],[-9.21140881673555,38.7290077162272],[-9.2118507514714,38.7288959377953],[-9.21252279928522,38.7283740697977],[-9.21255051574806,38.7283147144519],[-9.21289770512882,38.7274104969983],[-9.21328390297309,38.7260145627857],[-9.21317693352999,38.7259801395734],[-9.21333352847708,38.7255201700522]]]}},{"type":"Feature","id":"CRUS_Amadora_V.47744","properties":{"AREA_HA":17.0568952127271,"Autor":"DGT","Categoria_2021":"Espaço de Uso Especial Equipamentos e Infraestruturas","Classe_2021":"Solo Urbano","DTCC":"1115","Data_Pub_Origem":"1994-06-22T00:00:00","Designacao_no_plano":"Espaço de equipamento","Escala_origem":"1/10000","Fonte":"AML - Vectorial","ID1":47744,"Municipio":"AMADORA"},"geometry":{"type":"Polygon","coordinates":[[[-9.24730136740641,38.7475368846387],[-9.24702730427284,38.7485059629997],[-9.24630431039301,38.7484285906758],[-9.24609480898118,38.7463118426885],[-9.2459203991248,38.7459632135422],[-9.24550537240892,38.745937073682],[-9.24522863512377,38.7454220645351],[-9.2445962162295,38.7452414921662],[-9.24455334510199,38.7449529781276],[-9.24424356465508,38.7447813752115],[-9.24422813188256,38.7442819280956],[-9.24387368673781,38.7436204418663],[-9.24388996692573,38.7431876831755],[-9.24495668406268,38.7424227658537],[-9.24543382431627,38.7423320262841],[-9.24877362459165,38.7419729759851],[-9.24909689027938,38.7420240591926],[-9.24967828095987,38.7425420865758],[-9.24972870986257,38.7425870175404],[-9.2481001340427,38.7441454285313],[-9.24779427164601,38.7446152809358],[-9.24738043626583,38.7461842643824],[-9.24730136740641,38.7475368846387]]]}},{"type":"Feature","id":"CRUS_Amadora_V.47745","properties":{"AREA_HA":3.02454959620249,"Autor":"DGT","Categoria_2021":"Espaço de Uso Especial Equipamentos e Infraestruturas","Classe_2021":"Solo Urbano","DTCC":"1115","Data_Pub_Origem":"1994-06-22T00:00:00","Designacao_no_plano":"Espaço de equipamento","Escala_origem":"1/10000","Fonte":"AML - Vectorial","ID1":47745,"Municipio":"AMADORA"},"geometry":{"type":"Polygon","coordinates":[[[-9.24347424765046,38.7468692830599],[-9.24156722190414,38.746688765185],[-9.24134153903592,38.745998701778],[-9.24220247009785,38.7450695976966],[-9.24282928611596,38.7448890910626],[-9.24325926603065,38.7453845882664],[-9.24365926364461,38.7464221016735],[-9.24347424765046,38.7468692830599]]]}},{"type":"Feature","id":"CRUS_Amadora_V.47746","properties":{"AREA_HA":19.6858262916303,"Autor":"DGT","Categoria_2021":"Não Atribuída","Classe_2021":"Solo Urbano (urbanizável – transitório)","DTCC":"1115","Data_Pub_Origem":"1994-06-22T00:00:00","Designacao_no_plano":"Espaço urbanizável","Escala_origem":"1/10000","Fonte":"AML - Vectorial","ID1":47746,"Municipio":"AMADORA"},"geometry":{"type":"Polygon","coordinates":[[[-9.24245190567748,38.7441214913652],[-9.24016638425657,38.7465913423673],[-9.23688502891844,38.7459181682196],[-9.23633217142692,38.7454177810395],[-9.2361111787741,38.7450286191216],[-9.23636524686764,38.7440572325493],[-9.23745817531511,38.7432063196437],[-9.23791645890948,38.7427846159042],[-9.23952895317823,38.7413007804091],[-9.23960235468792,38.7413530657781],[-9.24179698191173,38.7429162742311],[-9.24226067037306,38.7431105084046],[-9.24245190567748,38.7441214913652]]]}},{"type":"Feature","id":"CRUS_Amadora_V.47747","properties":{"AREA_HA":3.45945302599147,"Autor":"DGT","Categoria_2021":"Espaço de Uso Especial Equipamentos e Infraestruturas","Classe_2021":"Solo Urbano","DTCC":"1115","Data_Pub_Origem":"1994-06-22T00:00:00","Designacao_no_plano":"Espaço de equipamento","Escala_origem":"1/10000","Fonte":"AML - Vectorial","ID1":47747,"Municipio":"AMADORA"},"geometry":{"type":"Polygon","coordinates":[[[-9.23909907258762,38.7411138179225],[-9.23690327541516,38.7431088966542],[-9.23562918390888,38.742639400319],[-9.23671913235562,38.7411243016446],[-9.23909907258762,38.7411138179225]]]}},{"type":"Feature","id":"CRUS_Amadora_V.47748","properties":{"AREA_HA":7.13306024156623,"Autor":"DGT","Categoria_2021":"Não Atribuída","Classe_2021":"Solo Urbano (urbanizável – transitório)","DTCC":"1115","Data_Pub_Origem":"1994-06-22T00:00:00","Designacao_no_plano":"Espaço urbanizável","Escala_origem":"1/10000","Fonte":"AML - Vectorial","ID1":47748,"Municipio":"AMADORA"},"geometry":{"type":"Polygon","coordinates":[[[-9.25121295663502,38.7353165754513],[-9.25087822479395,38.737480657775],[-9.25061583707895,38.7378864531059],[-9.25022193278053,38.7382273003116],[-9.24898106922968,38.7384074828333],[-9.24778009929152,38.7381962375927],[-9.24760962689856,38.7366148223244],[-9.25121295663502,38.7353165754513]]]}},{"type":"Feature","id":"CRUS_Amadora_V.47749","properties":{"AREA_HA":4.16665589418616,"Autor":"DGT","Categoria_2021":"Não Atribuída","Classe_2021":"Solo Urbano (urbanizável – transitório)","DTCC":"1115","Data_Pub_Origem":"1994-06-22T00:00:00","Designacao_no_plano":"Espaço urbanizável","Escala_origem":"1/10000","Fonte":"AML - Vectorial","ID1":47749,"Municipio":"AMADORA"},"geometry":{"type":"Polygon","coordinates":[[[-9.24509805050394,38.7380150200568],[-9.24499526093326,38.7383169551873],[-9.24397615619519,38.7389406117773],[-9.24159137154399,38.7396253867287],[-9.24134692793553,38.7387127935894],[-9.24180209751081,38.7383593606059],[-9.24419022662022,38.7373976700916],[-9.24509805050394,38.7380150200568]]]}},{"type":"Feature","id":"CRUS_Amadora_V.47750","properties":{"AREA_HA":20.3102736641194,"Autor":"DGT","Categoria_2021":"Não Atribuída","Classe_2021":"Solo Urbano (urbanizável – transitório)","DTCC":"1115","Data_Pub_Origem":"1994-06-22T00:00:00","Designacao_no_plano":"Espaço urbanizável","Escala_origem":"1/10000","Fonte":"AML - Vectorial","ID1":47750,"Municipio":"AMADORA"},"geometry":{"type":"Polygon","coordinates":[[[-9.24247409489504,38.737091240536],[-9.23883523043594,38.7400798890124],[-9.23845736036805,38.7402613333855],[-9.23655784679222,38.740556178157],[-9.23495628062856,38.74007323029],[-9.23402139989079,38.739191211874],[-9.23389735012593,38.7371251375596],[-9.23554855973408,38.7366641362461],[-9.23655312313634,38.7365884323178],[-9.23683047737662,38.7366520264898],[-9.23745450115931,38.7372901781016],[-9.2378365000054,38.7375503022225],[-9.23836043400034,38.7376717494189],[-9.23918281008649,38.737563272535],[-9.23954034732182,38.737516109152],[-9.24048651705441,38.7371399675159],[-9.24158015397934,38.736377428763],[-9.24247409489504,38.737091240536]]]}},{"type":"Feature","id":"CRUS_Amadora_V.47751","properties":{"AREA_HA":14.3790701771006,"Autor":"DGT","Categoria_2021":"Espaço de Uso Especial Equipamentos e Infraestruturas","Classe_2021":"Solo Urbano","DTCC":"1115","Data_Pub_Origem":"1994-06-22T00:00:00","Designacao_no_plano":"Espaço de equipamento","Escala_origem":"1/10000","Fonte":"AML - Vectorial","ID1":47751,"Municipio":"AMADORA"},"geometry":{"type":"Polygon","coordinates":[[[-9.26128387345451,38.7412680840807],[-9.25655669204383,38.7424158252998],[-9.25415866113977,38.7401582770264],[-9.25482537992252,38.7393981541488],[-9.25547390828441,38.7391391219264],[-9.25854882536124,38.7388988535751],[-9.25949583406437,38.7400454002913],[-9.26095544976224,38.7408905283702],[-9.26128387345451,38.7412680840807]]]}},{"type":"Feature","id":"CRUS_Amadora_V.47752","properties":{"AREA_HA":7.2945070290444,"Autor":"DGT","Categoria_2021":"Não Atribuída","Classe_2021":"Solo Urbano","DTCC":"1115","Data_Pub_Origem":"1994-06-22T00:00:00","Designacao_no_plano":"Espaço urbano","Escala_origem":"1/10000","Fonte":"AML - Vectorial","ID1":47752,"Municipio":"AMADORA"},"geometry":{"type":"Polygon","coordinates":[[[-9.25697209362311,38.734530673575],[-9.25738735706789,38.7335623925754],[-9.25736564856497,38.7331588130061],[-9.25702770865926,38.7321958173524],[-9.25718304720736,38.7318086030736],[-9.25742979420301,38.7317626576162],[-9.25765027959966,38.7320980350879],[-9.25800568024037,38.7327033175843],[-9.25835680172144,38.7335256078866],[-9.25846709736596,38.734215788068],[-9.25834156186178,38.7345424459351],[-9.25804388024716,38.7351660715693],[-9.25794765295422,38.7354640634067],[-9.25793502347328,38.7356389611104],[-9.25813721645878,38.7357876857246],[-9.25853915403583,38.7359284581129],[-9.25913046075907,38.7363807902043],[-9.25976527343608,38.7367835624769],[-9.2607822653041,38.737802912246],[-9.26053998987316,38.7379732812443],[-9.25990931703463,38.7374135678702],[-9.25896606620744,38.7379406183959],[-9.2584948990938,38.7372710144409],[-9.25682556513163,38.736071548264],[-9.25678972666886,38.7360457954412],[-9.25697209362311,38.734530673575]]]}},{"type":"Feature","id":"CRUS_Amadora_V.47753","properties":{"AREA_HA":34.3155582752415,"Autor":"DGT","Categoria_2021":"Espaço de Atividades Económicas","Classe_2021":"Solo Urbano","DTCC":"1115","Data_Pub_Origem":"1994-06-22T00:00:00","Designacao_no_plano":"Espaço industrial/serviço - existente","Escala_origem":"1/10000","Fonte":"AML - Vectorial","ID1":47753,"Municipio":"AMADORA"},"geometry":{"type":"Polygon","coordinates":[[[-9.22506701405804,38.7526252563896],[-9.22499246736631,38.7526692784428],[-9.22580746023524,38.7536790811787],[-9.22579455215777,38.7538311107816],[-9.22486043377729,38.7556369127736],[-9.21753616297479,38.7535636909861],[-9.21806510314979,38.7524819774963],[-9.21806599174898,38.7524115743297],[-9.21706512901476,38.751671168239],[-9.21676917044155,38.7513706529581],[-9.21698107159375,38.7509179394409],[-9.21649380220996,38.7507262125479],[-9.21646708377783,38.7506269683068],[-9.21646937172969,38.7505653257358],[-9.21665440206583,38.750274339901],[-9.2170356625638,38.7496747469268],[-9.21778886891721,38.7488713980765],[-9.2178707896392,38.7486909567623],[-9.2199465275059,38.7497313262172],[-9.22204448237015,38.7505284699901],[-9.22406039780723,38.7510293631226],[-9.22430485722044,38.751134606057],[-9.22436285103964,38.7511595728388],[-9.22506701405804,38.7526252563896]]]}},{"type":"Feature","id":"CRUS_Amadora_V.47754","properties":{"AREA_HA":68.2831904816063,"Autor":"DGT","Categoria_2021":"Espaço de Atividades Económicas","Classe_2021":"Solo Urbano","DTCC":"1115","Data_Pub_Origem":"1994-06-22T00:00:00","Designacao_no_plano":"Espaço industrial/serviço - existente","Escala_origem":"1/10000","Fonte":"AML - Vectorial","ID1":47754,"Municipio":"AMADORA"},"geometry":{"type":"Polygon","coordinates":[[[-9.22664686209092,38.7352584584833],[-9.22650520105339,38.7353340538675],[-9.22631814996344,38.7354710492011],[-9.2254254324674,38.736124867656],[-9.22477161695815,38.73570285354],[-9.22417571899896,38.7355681187648],[-9.22289889300875,38.735622100477],[-9.22270175058008,38.7356304337885],[-9.22235692761483,38.7355365478375],[-9.22216631752263,38.7348035652697],[-9.22217550979012,38.7347745528612],[-9.22218470436389,38.7347455413312],[-9.21975832209775,38.7348010664732],[-9.22079917472809,38.7341494374541],[-9.22123529791776,38.7338079451856],[-9.22277979494716,38.7325310109152],[-9.22297450836769,38.7323500799137],[-9.22308705516984,38.7321958194218],[-9.22344813523081,38.7320728085162],[-9.22360063213922,38.7320361726895],[-9.2239793947365,38.7320020355816],[-9.22443129323572,38.7321601779602],[-9.22601972506395,38.7337086408117],[-9.22661181948198,38.7342406424273],[-9.2269363710369,38.7343125967832],[-9.22726092437333,38.7343845502166],[-9.23308596203569,38.7348562352053],[-9.23361984715865,38.7347285644104],[-9.23415373147735,38.7346008911912],[-9.23431051369972,38.7345825598334],[-9.23198909218742,38.7369193936744],[-9.23180874516396,38.7375217981425],[-9.23202837743071,38.738356672071],[-9.23232631055634,38.7386778441482],[-9.23291315301715,38.7392932744819],[-9.23299484846196,38.7395624855254],[-9.23333472212461,38.7403692260658],[-9.23415194657901,38.7419544079817],[-9.23488023593333,38.7433581863262],[-9.23480044918315,38.7433802516914],[-9.23447779194806,38.7433430023839],[-9.23281099288006,38.7431505639539],[-9.23208615780348,38.7429322405506],[-9.23133941283251,38.7427073185012],[-9.2312219964878,38.7426719500159],[-9.23036602145464,38.7431745746291],[-9.22982772074238,38.7431194338847],[-9.22730308835094,38.7419503721826],[-9.22686214748997,38.7418084791236],[-9.22422220330406,38.7411519520305],[-9.22414223127639,38.7411270587277],[-9.2241923910178,38.7410253465111],[-9.22489608098783,38.7405463034918],[-9.22502906143851,38.7402244567614],[-9.22494661339456,38.7395406280804],[-9.2249205437329,38.7393244106177],[-9.22501449184386,38.7389860559202],[-9.22597788831981,38.7385855709943],[-9.22612737460487,38.7382163218295],[-9.22676734643748,38.7380820891288],[-9.22775081904533,38.7375869081999],[-9.22822131888591,38.7373597617803],[-9.22820903253483,38.7373043447109],[-9.22664686209092,38.7352584584833]]]}},{"type":"Feature","id":"CRUS_Amadora_V.47755","properties":{"AREA_HA":237.622628348877,"Autor":"DGT","Categoria_2021":"Espaço Verde","Classe_2021":"Solo Urbano","DTCC":"1115","Data_Pub_Origem":"1994-06-22T00:00:00","Designacao_no_plano":"Espaço verde urbano protecção e enquadramento","Escala_origem":"1/10000","Fonte":"AML - Vectorial","ID1":47755,"Municipio":"AMADORA"},"geometry":{"type":"Polygon","coordinates":[[[-9.23281099288006,38.7431505639539],[-9.23447779194806,38.7433430023839],[-9.23480044918315,38.7433802516914],[-9.23488023593333,38.7433581863262],[-9.23415194657901,38.7419544079817],[-9.23333472212461,38.7403692260658],[-9.23299484846196,38.7395624855254],[-9.23291315301715,38.7392932744819],[-9.23232631055634,38.7386778441482],[-9.23202837743071,38.738356672071],[-9.23180874516396,38.7375217981425],[-9.23198909218742,38.7369193936744],[-9.23431051369972,38.7345825598334],[-9.23438275327963,38.7345741136532],[-9.23967822850072,38.7366210842657],[-9.2428542528634,38.7358499779059],[-9.24328493750057,38.7358639624405],[-9.24561260232505,38.7370582018076],[-9.2457077967239,38.7370155257546],[-9.24756243101812,38.7361840740573],[-9.24923192277304,38.7357824182124],[-9.25499775586699,38.7333500029154],[-9.25525439703748,38.7335403926241],[-9.25540608045961,38.7339005404486],[-9.25531382028975,38.7359073173105],[-9.25697209362311,38.734530673575],[-9.25678972666886,38.7360457954412],[-9.25682556513163,38.736071548264],[-9.2584948990938,38.7372710144409],[-9.25896606620744,38.7379406183959],[-9.25990931703463,38.7374135678702],[-9.26053998987316,38.7379732812443],[-9.2607822653041,38.737802912246],[-9.26161503972912,38.7386375913075],[-9.26212525271928,38.7388194963867],[-9.26345997183595,38.7389242068902],[-9.26390045183501,38.7390706131885],[-9.2643827909572,38.739433572971],[-9.26481437553567,38.7399898766786],[-9.26480360120329,38.7407674352441],[-9.26310488147048,38.7421846282283],[-9.26151389645911,38.7412297047202],[-9.26128387345451,38.7412680840807],[-9.26095544976224,38.7408905283702],[-9.25949583406437,38.7400454002913],[-9.25854882536124,38.7388988535751],[-9.25547390828441,38.7391391219264],[-9.25482537992252,38.7393981541488],[-9.25415866113977,38.7401582770264],[-9.25406014941915,38.7401388561063],[-9.25296343194523,38.7399226462463],[-9.2517960885443,38.7399941069434],[-9.25167724459596,38.7420648819503],[-9.25000222690846,38.742379485502],[-9.24972870986257,38.7425870175404],[-9.24967828095987,38.7425420865758],[-9.24909689027938,38.7420240591926],[-9.24877362459165,38.7419729759851],[-9.24543382431627,38.7423320262841],[-9.24495668406268,38.7424227658537],[-9.24388996692573,38.7431876831755],[-9.24387368673781,38.7436204418663],[-9.24422813188256,38.7442819280956],[-9.24424356465508,38.7447813752115],[-9.24455334510199,38.7449529781276],[-9.2445962162295,38.7452414921662],[-9.24522863512377,38.7454220645351],[-9.24550537240892,38.745937073682],[-9.2459203991248,38.7459632135422],[-9.24609480898118,38.7463118426885],[-9.24630431039301,38.7484285906758],[-9.24702730427284,38.7485059629997],[-9.24730136740641,38.7475368846387],[-9.24761250704557,38.7482631602455],[-9.24769476066742,38.7489480679529],[-9.24798871468286,38.7492178250415],[-9.24842319180896,38.7493681487046],[-9.24891496476219,38.7495382984397],[-9.24916453050401,38.7497649336166],[-9.24872921243313,38.7565425501981],[-9.24864785191327,38.7566212105577],[-9.2480813437922,38.7564990170281],[-9.24633743605178,38.7563266724804],[-9.2446537862817,38.7555935199903],[-9.24410167605264,38.7555650273935],[-9.24319145739333,38.755789668831],[-9.24203269801171,38.7555509504757],[-9.24205146142941,38.7554730102371],[-9.24211842797898,38.7539108376457],[-9.24198071910962,38.7524425768532],[-9.24160049519138,38.7521873688273],[-9.24028275305367,38.7518868733864],[-9.24076658046781,38.7504015722071],[-9.24208464017526,38.7493406367222],[-9.24274797998373,38.748501041076],[-9.23962901199654,38.7476628218272],[-9.23951951876323,38.7476333931496],[-9.23605873826409,38.7467031793148],[-9.23579073556954,38.7465184875894],[-9.23496543210385,38.7466666757999],[-9.23485423111107,38.7467095651765],[-9.23473825841393,38.747014387103],[-9.2346654993015,38.7469926065382],[-9.23423760197385,38.7467071266043],[-9.23412057666845,38.7467721752471],[-9.23400223769239,38.7467918459418],[-9.23388507750458,38.7468204951801],[-9.23377826573117,38.7470011179994],[-9.23368121207841,38.7472153712615],[-9.23367260205002,38.747180285961],[-9.23357995224378,38.7468027279525],[-9.23357047733836,38.7467641215361],[-9.23342320507907,38.7466893121057],[-9.23320015986527,38.7467103792817],[-9.23296249633903,38.7465085184989],[-9.23251730384972,38.7463698398239],[-9.23203259892264,38.7463007881734],[-9.23187524561613,38.7461865427009],[-9.23171789164668,38.7460722961171],[-9.23141094312378,38.7456046682169],[-9.23091029295025,38.745419117197],[-9.23104033631132,38.7452548007857],[-9.22997820100542,38.7443240988536],[-9.2287545023556,38.7435879843739],[-9.22780203627837,38.7431111860306],[-9.22656441204286,38.7426382665254],[-9.22631010336918,38.7434365871793],[-9.22367595900846,38.7444062381825],[-9.22259271340391,38.7434975993563],[-9.22179718444115,38.7430268176576],[-9.22148879069375,38.7429263837595],[-9.22269503188318,38.7416438018376],[-9.22272683173114,38.7415492838664],[-9.2227586291843,38.741454765007],[-9.2221060565046,38.741338968395],[-9.22209709706735,38.7411586932634],[-9.22379518104045,38.7414860649484],[-9.22387999620868,38.7415024594754],[-9.22414223127639,38.7411270587277],[-9.22422220330406,38.7411519520305],[-9.22686214748997,38.7418084791236],[-9.22730308835094,38.7419503721826],[-9.22982772074238,38.7431194338847],[-9.23036602145464,38.7431745746291],[-9.2312219964878,38.7426719500159],[-9.23133941283251,38.7427073185012],[-9.23208615780348,38.7429322405506],[-9.23281099288006,38.7431505639539]],[[-9.24282928611596,38.7448890910626],[-9.24220247009785,38.7450695976966],[-9.24134153903592,38.745998701778],[-9.24156722190414,38.746688765185],[-9.24347424765046,38.7468692830599],[-9.24365926364461,38.7464221016735],[-9.24325926603065,38.7453845882664],[-9.24282928611596,38.7448890910626]],[[-9.23671913235562,38.7411243016446],[-9.23562918390888,38.742639400319],[-9.23690327541516,38.7431088966542],[-9.23909907258762,38.7411138179225],[-9.23671913235562,38.7411243016446]],[[-9.24419022662022,38.7373976700916],[-9.24180209751081,38.7383593606059],[-9.24134692793553,38.7387127935894],[-9.24159137154399,38.7396253867287],[-9.24397615619519,38.7389406117773],[-9.24499526093326,38.7383169551873],[-9.24509805050394,38.7380150200568],[-9.24419022662022,38.7373976700916]],[[-9.25121295663502,38.7353165754513],[-9.24760962689856,38.7366148223244],[-9.24778009929152,38.7381962375927],[-9.24898106922968,38.7384074828333],[-9.25022193278053,38.7382273003116],[-9.25061583707895,38.7378864531059],[-9.25087822479395,38.737480657775],[-9.25121295663502,38.7353165754513]],[[-9.23952895317823,38.7413007804091],[-9.23791645890948,38.7427846159042],[-9.23745817531511,38.7432063196437],[-9.23636524686764,38.7440572325493],[-9.2361111787741,38.7450286191216],[-9.23633217142692,38.7454177810395],[-9.23688502891844,38.7459181682196],[-9.24016638425657,38.7465913423673],[-9.24245190567748,38.7441214913652],[-9.24226067037306,38.7431105084046],[-9.24179698191173,38.7429162742311],[-9.23960235468792,38.7413530657781],[-9.23952895317823,38.7413007804091]],[[-9.24158015397934,38.736377428763],[-9.24048651705441,38.7371399675159],[-9.23954034732182,38.737516109152],[-9.23918281008649,38.737563272535],[-9.23836043400034,38.7376717494189],[-9.2378365000054,38.7375503022225],[-9.23745450115931,38.7372901781016],[-9.23683047737662,38.7366520264898],[-9.23655312313634,38.7365884323178],[-9.23554855973408,38.7366641362461],[-9.23389735012593,38.7371251375596],[-9.23402139989079,38.739191211874],[-9.23495628062856,38.74007323029],[-9.23655784679222,38.740556178157],[-9.23845736036805,38.7402613333855],[-9.23883523043594,38.7400798890124],[-9.24247409489504,38.737091240536],[-9.24158015397934,38.736377428763]]]}},{"type":"Feature","id":"CRUS_Amadora_V.47757","properties":{"AREA_HA":14.0883328304064,"Autor":"DGT","Categoria_2021":"Não Atribuída","Classe_2021":"Solo Urbano (urbanizável – transitório)","DTCC":"1115","Data_Pub_Origem":"1994-06-22T00:00:00","Designacao_no_plano":"Espaço urbanizável","Escala_origem":"1/10000","Fonte":"AML - Vectorial","ID1":47757,"Municipio":"AMADORA"},"geometry":{"type":"Polygon","coordinates":[[[-9.24346355295673,38.7677338193329],[-9.24597458756015,38.7683464186376],[-9.24727749818831,38.7696461729986],[-9.24663109954924,38.7700616401878],[-9.24631075497405,38.7716993873136],[-9.24589038276593,38.7717882744768],[-9.24408114432177,38.7710230198294],[-9.2434727584987,38.7709204641661],[-9.24284450486658,38.7709337254327],[-9.24266516925385,38.7709375108882],[-9.24139355803515,38.770964344759],[-9.24167034867463,38.7690073594606],[-9.24169741105153,38.7688180311347],[-9.24279590060949,38.7693571794702],[-9.24294454631847,38.7690367506327],[-9.24288949314071,38.7677758850823],[-9.24346355295673,38.7677338193329]]]}},{"type":"Feature","id":"CRUS_Amadora_V.47758","properties":{"AREA_HA":59.8533499255789,"Autor":"DGT","Categoria_2021":"Espaço Verde","Classe_2021":"Solo Urbano","DTCC":"1115","Data_Pub_Origem":"1994-06-22T00:00:00","Designacao_no_plano":"Espaço verde urbano protecção e enquadramento","Escala_origem":"1/10000","Fonte":"AML - Vectorial","ID1":47758,"Municipio":"AMADORA"},"geometry":{"type":"Polygon","coordinates":[[[-9.25134683851385,38.7658149572945],[-9.250792885615,38.7665655110153],[-9.25070702401051,38.7665480563523],[-9.2503464191295,38.7670318924792],[-9.25019060915736,38.768586278176],[-9.25020693891839,38.7691789212282],[-9.25009309633088,38.7692881544816],[-9.2500718000206,38.7693553125342],[-9.24984680170411,38.7695765309754],[-9.24881689607613,38.7700257818207],[-9.24815570790366,38.7704775097007],[-9.24804398396251,38.7707012910341],[-9.24832187433013,38.7712824955884],[-9.24762512372386,38.7718867716095],[-9.2459563386611,38.7723564254021],[-9.24586649714685,38.7723720175747],[-9.24542572639391,38.7720093783304],[-9.24438113899121,38.771560777604],[-9.24412851309935,38.7714583710264],[-9.24307962870136,38.7714508803887],[-9.24286691692956,38.771413422369],[-9.24198957795814,38.7714076481308],[-9.2419682034051,38.7714743694942],[-9.24148963397749,38.7718496247977],[-9.23986056895716,38.771804882051],[-9.23862525026245,38.7723884122898],[-9.23700739637196,38.7728764081335],[-9.23629241268853,38.7730920548302],[-9.23507341195692,38.7732420069218],[-9.23466980813989,38.7734685312228],[-9.23334341733806,38.7714645922807],[-9.23288340619158,38.771160756585],[-9.23282053342499,38.7711002379175],[-9.23055801429104,38.7712378737866],[-9.23049205144177,38.7711247010715],[-9.23060460644253,38.7710826227963],[-9.23185019107568,38.7704529617386],[-9.23285374451805,38.7707805882092],[-9.23332285813541,38.7708183054255],[-9.23354928003713,38.7705573449721],[-9.2355142565637,38.7699730062994],[-9.23933532377964,38.7696661174198],[-9.24008718843381,38.7706039936638],[-9.24118465129398,38.7705454355472],[-9.24106616972663,38.7684187510498],[-9.24106403297742,38.7683254700016],[-9.23967174944234,38.7672662147711],[-9.23935650339292,38.7666953419175],[-9.2391366524283,38.7660765259816],[-9.23939992200314,38.7652468624289],[-9.23951723170535,38.7652743695012],[-9.23972327763608,38.7653775723798],[-9.23951332591724,38.7662041790647],[-9.23975743590709,38.7665931129376],[-9.2419944554707,38.7680019074353],[-9.24299000901271,38.7671291878889],[-9.2450026432815,38.7674941499976],[-9.245768616638,38.7678540233507],[-9.24589407348409,38.7673234915869],[-9.24609804000999,38.7671048589964],[-9.24817247528907,38.7656705624561],[-9.24879060607881,38.764940962904],[-9.24897009590286,38.7641386995115],[-9.24838113814895,38.7630298372266],[-9.248357394095,38.7629851322728],[-9.24801983045236,38.762349549767],[-9.24846653367801,38.7617495789325],[-9.24862252110804,38.7617256320227],[-9.24951821777536,38.7613298847443],[-9.24992871490583,38.7610768336101],[-9.25000921862746,38.7610248962581],[-9.25011497197121,38.7609704817182],[-9.25123093016288,38.7623848665559],[-9.25177134978976,38.7633049938676],[-9.25163515550263,38.7648089754127],[-9.25134683851385,38.7658149572945]],[[-9.243463552956,38.7677338193329],[-9.24288949313999,38.7677758850823],[-9.24294454631774,38.7690367506327],[-9.24279590060876,38.7693571794702],[-9.24169741105082,38.7688180311347],[-9.24167034867391,38.7690073594606],[-9.24139355803443,38.770964344759],[-9.24266516925313,38.7709375108882],[-9.24284450486586,38.7709337254327],[-9.24347275849798,38.7709204641661],[-9.24408114432105,38.7710230198294],[-9.2458903827652,38.7717882744768],[-9.24631075497332,38.7716993873136],[-9.24663109954851,38.7700616401878],[-9.24727749818759,38.7696461729986],[-9.24597458755943,38.7683464186376],[-9.243463552956,38.7677338193329]]]}},{"type":"Feature","id":"CRUS_Amadora_V.47759","properties":{"AREA_HA":5.04303339606132,"Autor":"DGT","Categoria_2021":"Espaço Verde","Classe_2021":"Solo Urbano","DTCC":"1115","Data_Pub_Origem":"1994-06-22T00:00:00","Designacao_no_plano":"Espaço verde urbano protecção e enquadramento","Escala_origem":"1/10000","Fonte":"AML - Vectorial","ID1":47759,"Municipio":"AMADORA"},"geometry":{"type":"Polygon","coordinates":[[[-9.23469756532021,38.7633545353696],[-9.23399359786683,38.7615073940113],[-9.23393482954765,38.7613531960896],[-9.23369758971558,38.7607306784072],[-9.23357085495828,38.7606110615461],[-9.23246632329434,38.7595685412339],[-9.23283083756197,38.7593129656661],[-9.23343273316615,38.7594999053587],[-9.23464345828665,38.760325149229],[-9.23537296648307,38.7613174414677],[-9.23558275878166,38.7617097898017],[-9.23566777823819,38.7618687736474],[-9.23591757863937,38.7623359208082],[-9.23597297170314,38.7624395097318],[-9.23580768374732,38.763127365768],[-9.23469756532021,38.7633545353696]]]}},{"type":"Feature","id":"CRUS_Amadora_V.47760","properties":{"AREA_HA":346.780097701242,"Autor":"DGT","Categoria_2021":"Espaço Verde","Classe_2021":"Solo Urbano","DTCC":"1115","Data_Pub_Origem":"1994-06-22T00:00:00","Designacao_no_plano":"Espaço verde urbano protecção e enquadramento","Escala_origem":"1/10000","Fonte":"AML - Vectorial","ID1":47760,"Municipio":"AMADORA"},"geometry":{"type":"Polygon","coordinates":[[[-9.24794803745591,38.7759608867246],[-9.24789368848281,38.7753125389223],[-9.24826776501818,38.7746709360905],[-9.24775354176058,38.7737127851379],[-9.24815864831792,38.7725945063252],[-9.24797634054738,38.7722445622159],[-9.24840248151572,38.7719876912372],[-9.24960866061526,38.7717301173147],[-9.25097222319226,38.7719879288719],[-9.25147054673682,38.7724268457223],[-9.25205383121449,38.7737560373737],[-9.2521855970187,38.7739743867221],[-9.25223880038002,38.7746608587361],[-9.25220945684356,38.7750662865671],[-9.25205466010795,38.7753958275746],[-9.25199644958468,38.7755939414828],[-9.25143138047385,38.7764715487846],[-9.25068275778929,38.7772152111459],[-9.24815394629201,38.7813782811211],[-9.24779596541087,38.7816046844617],[-9.24738940094573,38.7816748625289],[-9.24666000426881,38.7822543670501],[-9.2466419996688,38.7825799757996],[-9.24633164976073,38.7829023564863],[-9.24503353767558,38.783821438607],[-9.24513351306742,38.7848088679755],[-9.2445417067087,38.7853297318334],[-9.24424286078502,38.7858990944618],[-9.24442872010274,38.7874722842924],[-9.244726315541,38.7883071698186],[-9.24447547148592,38.7904496554392],[-9.24451720178005,38.7936388781885],[-9.24436885471632,38.793855348114],[-9.244252118637,38.7945593870277],[-9.24419031914297,38.7947191858591],[-9.24403953714486,38.7949013501472],[-9.2431508050748,38.7957860283701],[-9.24289042437495,38.7960452159336],[-9.24265891513172,38.796131782599],[-9.24165024032898,38.7960884466934],[-9.24040464635635,38.7963146070532],[-9.23963968226346,38.7964180276488],[-9.23918416695535,38.7964400814269],[-9.23707635517401,38.7968908539807],[-9.23608913462129,38.7967905107327],[-9.23628561653957,38.7965480869716],[-9.23865264228999,38.7952575696032],[-9.23795170501968,38.7945930923766],[-9.23795678864652,38.7944245119161],[-9.23861011793616,38.7939428126474],[-9.23842249908347,38.7936334569521],[-9.23654337128028,38.7913227719736],[-9.23536420797191,38.79204908435],[-9.23420996271272,38.7924331650495],[-9.23353163248906,38.7923236794213],[-9.23308871074101,38.7922521897322],[-9.23237444170597,38.791801573969],[-9.23229065349943,38.7917427590775],[-9.2323321071131,38.7908943602848],[-9.2327468122877,38.79024225391],[-9.23446585697103,38.7887911419921],[-9.23465385696451,38.7886018147108],[-9.23465456008481,38.7885226896949],[-9.23504894661205,38.7881481133647],[-9.23559192973896,38.7884346720972],[-9.23586125315459,38.788462221803],[-9.23605070042223,38.7882918993237],[-9.2353948201378,38.7866127380207],[-9.2352018614135,38.7865543703605],[-9.2348150534411,38.7867493987788],[-9.23466957289553,38.7868392090629],[-9.23449544335748,38.7869467056385],[-9.23120550582879,38.7889775658015],[-9.23006406404197,38.7891929436191],[-9.22873474646818,38.7891813516874],[-9.22824830759867,38.7890234008742],[-9.22741252065864,38.787992243686],[-9.22736084454199,38.7879481871478],[-9.22748334399766,38.7876767604476],[-9.22737353405813,38.7874395624902],[-9.22706652943213,38.7868053207923],[-9.22703562923113,38.7864515380118],[-9.22703220284368,38.7864122900995],[-9.2269029876825,38.7858317816644],[-9.22636134039082,38.7851277136929],[-9.22641920253859,38.785043331082],[-9.22642571350573,38.7849400605104],[-9.22643220493291,38.7848369432511],[-9.22705284227646,38.7841220190603],[-9.22870787025849,38.7833360531724],[-9.22829995815129,38.7819502616719],[-9.22789013193175,38.7821267379223],[-9.22784094953532,38.7803993858004],[-9.22730907582699,38.7797783856745],[-9.22613631064393,38.77876976841],[-9.22431077347471,38.7771996704158],[-9.22316006443709,38.7772166821532],[-9.22224203789218,38.7782045015811],[-9.22156052092925,38.7795284813591],[-9.22005040290264,38.7816574441074],[-9.21997892795613,38.7825744687063],[-9.22025471914862,38.7836493426929],[-9.22031048825114,38.7837363681868],[-9.22068088141239,38.784335503626],[-9.22060492320186,38.7844025669434],[-9.22055624768468,38.7843765687374],[-9.21966966478529,38.7840298691819],[-9.21835045480444,38.7835427389844],[-9.21765752058075,38.7832098609777],[-9.21755951613327,38.7830110086819],[-9.21755594793044,38.7829600670125],[-9.21762690089311,38.7826409147305],[-9.21845261479682,38.7818587161024],[-9.21795612919307,38.7810738278851],[-9.21809205207069,38.7793945985395],[-9.21665433898403,38.7768152575212],[-9.21528053160803,38.7770088031981],[-9.21475509809723,38.7751360142717],[-9.21449933154351,38.7749189570716],[-9.21394922014069,38.7744521222003],[-9.21294367147857,38.7736669506666],[-9.21282450908044,38.7734619443944],[-9.21244858593386,38.7728151968007],[-9.21082961322061,38.7721249699954],[-9.21059580617715,38.7720235944212],[-9.20925350522083,38.7714389287597],[-9.20811774128646,38.7706039046969],[-9.2077968521678,38.770347807267],[-9.20752441073353,38.7701995962838],[-9.20705854570598,38.7699461573231],[-9.20618010055514,38.7694859257177],[-9.20601322285854,38.7692947755184],[-9.206127746713,38.7692165184854],[-9.2069150457989,38.7682498879511],[-9.20704106622136,38.7676854959402],[-9.20707202969256,38.7675468349841],[-9.20449819664511,38.7654413721992],[-9.20485772558307,38.7652276342707],[-9.20504540263242,38.7650926204966],[-9.20567816878618,38.765762712991],[-9.20683752983749,38.7666274077313],[-9.207118591856,38.7665295733366],[-9.2077867833614,38.7663567905788],[-9.20879388383279,38.7669313761857],[-9.20916150018026,38.7668617722035],[-9.2091835577242,38.7668300599368],[-9.20933796702913,38.7666080828997],[-9.20982307479115,38.7659106658872],[-9.20973168904896,38.7642560213098],[-9.20967453979389,38.7632210864897],[-9.20903840970278,38.7622879617738],[-9.20766217033523,38.7609239356017],[-9.20699466990547,38.7597915761064],[-9.20652924680872,38.7592103109653],[-9.20669135058309,38.7588195616069],[-9.20691735864262,38.7587429594334],[-9.20767635588222,38.758868940964],[-9.20769758149934,38.7589478692402],[-9.20773657248212,38.7592169577245],[-9.20810515586054,38.7597251936605],[-9.21019124357452,38.7618337919849],[-9.21073470302281,38.7625959624405],[-9.21089899273584,38.7628754854188],[-9.21102253607393,38.7633026610211],[-9.21105689681843,38.7637216341889],[-9.21113243482881,38.7641711502636],[-9.21112889098923,38.7643193058092],[-9.21112417084545,38.764542127689],[-9.21131132266711,38.7647502876176],[-9.21095033662714,38.7652592315994],[-9.21074220993412,38.7667325417163],[-9.21121056492395,38.7682510656503],[-9.2119753291439,38.7695951812819],[-9.21246073631809,38.7702046481558],[-9.21377951469156,38.7712893764881],[-9.21518425481805,38.7716530299049],[-9.21542707215621,38.7717158866426],[-9.21561040328067,38.771763344786],[-9.21579985242952,38.7718123862703],[-9.21687163171888,38.7716021371302],[-9.21751966871848,38.7717887301842],[-9.21817959856603,38.7717464861239],[-9.21916273276218,38.7709797266342],[-9.21948419238258,38.7709045028303],[-9.22021625105985,38.7710602040245],[-9.22139622776455,38.7718798522349],[-9.2222269782499,38.7718616016325],[-9.22229488760299,38.771885903067],[-9.22417654723916,38.7704389624925],[-9.22556119681798,38.7712071796793],[-9.22673936335499,38.7714288363696],[-9.2270368089346,38.7714426698787],[-9.23055801429175,38.7712378737866],[-9.23101468132747,38.7719427244703],[-9.23104587641552,38.7721307968403],[-9.2307943470031,38.7728035259882],[-9.23071820910754,38.7729150453944],[-9.23064931751712,38.7730375771187],[-9.23040829433361,38.7748570237285],[-9.23034135493237,38.7751069622136],[-9.23033051585411,38.7753231308531],[-9.23017370682161,38.7757124178236],[-9.22999880806968,38.7763068616876],[-9.22992339042066,38.7762828649547],[-9.22895887093783,38.7767933531524],[-9.22863410191243,38.7776543178373],[-9.22869884952548,38.7784638234559],[-9.22877299091509,38.7787041906479],[-9.22905511588116,38.7791905236449],[-9.22920007999565,38.7805304435198],[-9.22930938456533,38.7806813804406],[-9.22946029644877,38.782038507141],[-9.22982509355357,38.7822818632776],[-9.23012374286414,38.7821920785625],[-9.23015124348063,38.782599911976],[-9.230307861313,38.7831634449794],[-9.23189663603714,38.7840694335431],[-9.23276221043871,38.7844043745219],[-9.23332229751379,38.7843569587436],[-9.23483356853331,38.7830809578351],[-9.23712518400553,38.7822346833986],[-9.23815647841484,38.7816075582574],[-9.23843073784449,38.7818458804308],[-9.24230678320789,38.780279497166],[-9.24406991151404,38.7790447520898],[-9.24439991396708,38.7785299852899],[-9.24437116413653,38.7781630884555],[-9.24524170356717,38.7781619145766],[-9.24679503228442,38.776908544128],[-9.24671388255092,38.7764753116764],[-9.24730235791986,38.7762300227843],[-9.24794803745591,38.7759608867246]],[[-9.22937741372839,38.7844691809096],[-9.22847395183099,38.7851698650003],[-9.22986257124958,38.7860476549405],[-9.23090503571975,38.7858836848597],[-9.23104283711216,38.7858620092502],[-9.2315899812421,38.7854716308403],[-9.22995988215602,38.7848790340567],[-9.22937741372839,38.7844691809096]],[[-9.23675032197879,38.7849818942634],[-9.23601627672709,38.7857051028399],[-9.23678754765036,38.7868956219424],[-9.23723061946506,38.7888806795731],[-9.23805605863257,38.7896205404517],[-9.23813436078653,38.7896907239939],[-9.2388285600636,38.7893711612163],[-9.23924383821692,38.7893973209122],[-9.23925167027132,38.788909689849],[-9.23968788968359,38.7883036468834],[-9.23948174172562,38.787890285689],[-9.23863663165223,38.7873926851388],[-9.23851221041493,38.7871381277735],[-9.23728591368526,38.7853379728077],[-9.23675032197879,38.7849818942634]],[[-9.21832881101783,38.7738754059462],[-9.21776988792024,38.7739949619837],[-9.21684558302196,38.7748402071006],[-9.21719466780957,38.7750656885583],[-9.21768894279897,38.7757984386008],[-9.21773601643288,38.7763698170923],[-9.21720595719608,38.7768743332816],[-9.21733212024357,38.7770093184674],[-9.21790870346631,38.7776262143058],[-9.21861947003539,38.7789874938225],[-9.21883824399938,38.7807653197847],[-9.21897183220183,38.7809627054452],[-9.21981869262593,38.7800839177962],[-9.22146406955064,38.7776549120335],[-9.22160262611903,38.7762202120513],[-9.2211763565797,38.7759713767981],[-9.21975256559832,38.7745603823172],[-9.21883753032435,38.7739910538514],[-9.21832881101783,38.7738754059462]]]}},{"type":"Feature","id":"CRUS_Amadora_V.232359","properties":{"AREA_HA":3.03458029653833,"Autor":"DGT","Categoria_2021":"Espaço de Uso Especial Equipamentos e Infraestruturas","Classe_2021":"Solo Urbano","DTCC":"1115","Data_Pub_Origem":"1994-06-22T00:00:00","Designacao_no_plano":"Espaço de equipamento","Escala_origem":"1/10000","Fonte":"AML - Vectorial","ID1":232359,"Municipio":"AMADORA"},"geometry":{"type":"Polygon","coordinates":[[[-9.2248326341973,38.7405250008439],[-9.22489608098748,38.7405463034918],[-9.22419239101745,38.7410253465111],[-9.22414223127603,38.7411270587277],[-9.22387999620833,38.7415024594754],[-9.2237951810401,38.7414860649484],[-9.222097097067,38.7411586932634],[-9.22224569417738,38.7397745046678],[-9.22361768478908,38.7396645962008],[-9.22375281425988,38.7404048320805],[-9.2246594768672,38.740422841866],[-9.2248326341973,38.7405250008439]]]}},{"type":"Feature","id":"CRUS_Amadora_V.232360","properties":{"AREA_HA":7.30107677679023,"Autor":"DGT","Categoria_2021":"Espaço de Uso Especial Equipamentos e Infraestruturas","Classe_2021":"Solo Urbano","DTCC":"1115","Data_Pub_Origem":"1994-06-22T00:00:00","Designacao_no_plano":"Espaço de equipamento","Escala_origem":"1/10000","Fonte":"AML - Vectorial","ID1":232360,"Municipio":"AMADORA"},"geometry":{"type":"Polygon","coordinates":[[[-9.21807562066135,38.7403832821188],[-9.21459463688922,38.7397119638678],[-9.21450165821885,38.7391968804948],[-9.21415922217784,38.7375121103831],[-9.21496145838706,38.7371466685172],[-9.21538329229338,38.737810061017],[-9.21584149820529,38.7376493214704],[-9.21615519594055,38.7380858097944],[-9.21739721980344,38.7380316037288],[-9.21741992422649,38.7384153840902],[-9.21801441399894,38.7394351756442],[-9.21807562066135,38.7403832821188]]]}},{"type":"Feature","id":"CRUS_Amadora_V.232361","properties":{"AREA_HA":2.11126334039494,"Autor":"DGT","Categoria_2021":"Espaço de Uso Especial Equipamentos e Infraestruturas","Classe_2021":"Solo Urbano","DTCC":"1115","Data_Pub_Origem":"1994-06-22T00:00:00","Designacao_no_plano":"Espaço de equipamento","Escala_origem":"1/10000","Fonte":"AML - Vectorial","ID1":232361,"Municipio":"AMADORA"},"geometry":{"type":"Polygon","coordinates":[[[-9.22451883723227,38.7382151296718],[-9.22454825194996,38.7394065498168],[-9.22209470818854,38.739473596168],[-9.22148939893419,38.7392806190986],[-9.22148430214319,38.7389452277959],[-9.22161804569073,38.7388557059799],[-9.22385625708826,38.7386980007425],[-9.22451883723227,38.7382151296718]]]}},{"type":"Feature","id":"CRUS_Amadora_V.232362","properties":{"AREA_HA":6.63125781008471,"Autor":"DGT","Categoria_2021":"Espaço de Atividades Económicas","Classe_2021":"Solo Urbano","DTCC":"1115","Data_Pub_Origem":"1994-06-22T00:00:00","Designacao_no_plano":"Espaço industrial/serviço - existente","Escala_origem":"1/10000","Fonte":"AML - Vectorial","ID1":232362,"Municipio":"AMADORA"},"geometry":{"type":"Polygon","coordinates":[[[-9.21425720142193,38.7364211594631],[-9.21645891048871,38.7344134127556],[-9.21744937412447,38.735136890134],[-9.21641674146498,38.736298834389],[-9.21636382543192,38.7364850738726],[-9.21665178343465,38.7368151749839],[-9.21762601248664,38.7368370270908],[-9.21776142363725,38.7379178764864],[-9.21739721980344,38.7380316037288],[-9.21615519594055,38.7380858097944],[-9.21584149820529,38.7376493214704],[-9.21538329229338,38.737810061017],[-9.21496145838706,38.7371466685172],[-9.21487159090128,38.7370302383857],[-9.21425720142193,38.7364211594631]]]}},{"type":"Feature","id":"CRUS_Amadora_V.232363","properties":{"AREA_HA":692.492083606737,"Autor":"DGT","Categoria_2021":"Não Atribuída","Classe_2021":"Solo Urbano","DTCC":"1115","Data_Pub_Origem":"1994-06-22T00:00:00","Designacao_no_plano":"Espaço urbano","Escala_origem":"1/10000","Fonte":"AML - Vectorial","ID1":232363,"Municipio":"AMADORA"},"geometry":{"type":"Polygon","coordinates":[[[-9.21089394777367,38.749589579656],[-9.21094803605323,38.7492466064548],[-9.20933627749506,38.7472700657195],[-9.20849954875821,38.7463315682831],[-9.20792472088211,38.7455776188566],[-9.20778104415767,38.7453636112092],[-9.20636901083535,38.7435522469206],[-9.20608912618561,38.7431985002235],[-9.20540740525404,38.7423368586922],[-9.20570620921027,38.7420751067146],[-9.20657243275776,38.7414712388955],[-9.20777316683325,38.7402445462867],[-9.20784787508952,38.7400385705776],[-9.20966480803009,38.7399724536989],[-9.20980596580384,38.7397858008163],[-9.21008977094705,38.7396174768721],[-9.20829367902699,38.7396374435735],[-9.20775807222756,38.7395849955661],[-9.20610481697834,38.7386969486503],[-9.20591040319863,38.7386402300751],[-9.20544692103766,38.7385050113589],[-9.20530169658094,38.7384465325653],[-9.20517046785186,38.7384226521444],[-9.20754594368242,38.734666413015],[-9.20777698684118,38.7347101938782],[-9.20822774505985,38.7347291945463],[-9.21043553627934,38.7338222683235],[-9.21200067645058,38.7353261072978],[-9.2126365848993,38.7353114023757],[-9.2130495742376,38.735073661987],[-9.21460079785791,38.7341633234347],[-9.21501204066204,38.7338108336679],[-9.21520462040831,38.7324926853688],[-9.21503913435029,38.7323441496578],[-9.2154545980795,38.7318989288144],[-9.21526959819973,38.7315639519754],[-9.21375178165745,38.7313264228361],[-9.21343419436765,38.7311704739241],[-9.2130195819529,38.7305519727796],[-9.21325060847955,38.729454088491],[-9.21384367352369,38.728468757141],[-9.2141616210489,38.7281851417058],[-9.21418287055454,38.7281042360197],[-9.21452238506946,38.7283233024733],[-9.21533369553043,38.7291717048062],[-9.21598486151741,38.7298723866018],[-9.21609199996583,38.7299876723963],[-9.21645696638472,38.7311940934889],[-9.21656303985975,38.7312435694797],[-9.21840702984158,38.7306312231786],[-9.2184826760918,38.730577872868],[-9.21953700233001,38.7298342861133],[-9.21968053484354,38.7297330544966],[-9.22257275159436,38.7319229021472],[-9.22308705516948,38.7321958194218],[-9.22297450836734,38.7323500799137],[-9.22277979494681,38.7325310109152],[-9.2212352979174,38.7338079451856],[-9.22079917472773,38.7341494374541],[-9.2197583220974,38.7348010664732],[-9.22218470436354,38.7347455413312],[-9.22217550978977,38.7347745528612],[-9.22216631752228,38.7348035652697],[-9.22235692761448,38.7355365478375],[-9.22270175057972,38.7356304337885],[-9.2228988930084,38.735622100477],[-9.22417571899861,38.7355681187647],[-9.2247716169578,38.73570285354],[-9.22542543246704,38.736124867656],[-9.22631814996308,38.735471049201],[-9.22650520105304,38.7353340538675],[-9.22664686209056,38.7352584584833],[-9.22820903253447,38.7373043447109],[-9.22822131888556,38.7373597617803],[-9.22775081904497,38.7375869081998],[-9.22676734643712,38.7380820891288],[-9.22612737460451,38.7382163218294],[-9.22597788831945,38.7385855709943],[-9.22501449184351,38.7389860559202],[-9.22492054373254,38.7393244106177],[-9.2249466133942,38.7395406280804],[-9.22502906143816,38.7402244567614],[-9.22489608098748,38.7405463034918],[-9.2248326341973,38.7405250008439],[-9.2246594768672,38.740422841866],[-9.22375281425988,38.7404048320805],[-9.22361768478908,38.7396645962008],[-9.22224569417738,38.7397745046678],[-9.222097097067,38.7411586932634],[-9.22210605650425,38.741338968395],[-9.22275862918395,38.741454765007],[-9.22272683173079,38.7415492838664],[-9.22269503188283,38.7416438018376],[-9.22148879069339,38.7429263837595],[-9.22179718444079,38.7430268176576],[-9.22259271340356,38.7434975993562],[-9.22367595900811,38.7444062381825],[-9.22631010336882,38.7434365871793],[-9.2263829637099,38.7436826984464],[-9.22708317180041,38.7442840800401],[-9.22647736931543,38.7448374949119],[-9.22806384672514,38.7464515199859],[-9.22827297562153,38.7465699380241],[-9.22872500994156,38.7465055071955],[-9.22988758630559,38.7467112816236],[-9.2309102929499,38.745419117197],[-9.23141094312342,38.7456046682169],[-9.23171789164632,38.7460722961171],[-9.23187524561578,38.7461865427009],[-9.23203259892228,38.7463007881734],[-9.23251730384936,38.7463698398239],[-9.23296249633868,38.7465085184989],[-9.23320015986491,38.7467103792817],[-9.23342320507872,38.7466893121057],[-9.233570477338,38.7467641215361],[-9.23357995224342,38.7468027279525],[-9.23367260204966,38.747180285961],[-9.23368121207805,38.7472153712615],[-9.23377826573081,38.7470011179994],[-9.23388507750422,38.7468204951801],[-9.23400223769203,38.7467918459418],[-9.23412057666809,38.7467721752472],[-9.2342376019735,38.7467071266043],[-9.23466549930114,38.7469926065382],[-9.23473825841357,38.7470143871029],[-9.23485423111071,38.7467095651765],[-9.23496543210349,38.7466666757998],[-9.23579073556918,38.7465184875894],[-9.23605873826373,38.7467031793148],[-9.23951951876287,38.7476333931496],[-9.23962901199618,38.7476628218272],[-9.23941187466341,38.7490948875574],[-9.23874480656981,38.7496549722857],[-9.2373863183117,38.7491983299063],[-9.23687941849534,38.7491910880637],[-9.23406194998936,38.7506816839917],[-9.23397613840299,38.7507000565271],[-9.23383821965821,38.7535024015982],[-9.23385357705673,38.7545011825854],[-9.23433506570234,38.7555428144667],[-9.23477378629336,38.7566050976104],[-9.23575143285196,38.7562786417891],[-9.23792776054965,38.7554278786361],[-9.24089980288618,38.7553119727263],[-9.24203269801135,38.7555509504757],[-9.24319145739297,38.7557896688309],[-9.24410167605228,38.7555650273935],[-9.24465378628134,38.7555935199903],[-9.24633743605141,38.7563266724804],[-9.24808134379183,38.7564990170281],[-9.24864785191291,38.7566212105577],[-9.24844062368649,38.7568215634353],[-9.24791951480842,38.7574729407961],[-9.24813329845112,38.7577660134558],[-9.24802169044028,38.7578649519554],[-9.24570703431994,38.759638261441],[-9.24575950901682,38.7611007073191],[-9.24607911575274,38.7610915892635],[-9.24618126852924,38.7610732800845],[-9.24628342125148,38.7610549708169],[-9.24792129627186,38.7605691154446],[-9.24795506254243,38.7605623167745],[-9.24798882997069,38.7605555189844],[-9.2480233080922,38.7594716026362],[-9.24810741984422,38.7588344322179],[-9.24811251189719,38.7587958556766],[-9.24821632919329,38.7588042431443],[-9.24832530003224,38.7587981148923],[-9.24877107521337,38.7587730461454],[-9.24923394614464,38.7590878091385],[-9.2492296824547,38.7598154626788],[-9.24945273747434,38.7602621821754],[-9.24953317149705,38.7603856649437],[-9.24986584294328,38.7607760918819],[-9.24996277250186,38.7608744021938],[-9.25010770521702,38.7609613083206],[-9.25011497197157,38.7609704817182],[-9.24992871490619,38.7610768336101],[-9.24951821777572,38.7613298847443],[-9.24862252110841,38.7617256320227],[-9.24846653367838,38.7617495789325],[-9.24801983045272,38.762349549767],[-9.24835739409536,38.7629851322729],[-9.24775626265366,38.7645143400577],[-9.24683861437787,38.7647698811641],[-9.24561079701551,38.7648357600126],[-9.24419668059201,38.7653927323249],[-9.24294168115673,38.7656875735139],[-9.24226353995204,38.7660371022554],[-9.24222724483923,38.7661728826877],[-9.24219095073119,38.7663086621961],[-9.24299000901307,38.7671291878889],[-9.24199445547106,38.7680019074353],[-9.23975743590745,38.7665931129376],[-9.23951332591759,38.7662041790647],[-9.23972327763644,38.7653775723798],[-9.23951723170571,38.7652743695012],[-9.2393999220035,38.7652468624289],[-9.23937668431094,38.765241412924],[-9.23935344662181,38.7652359634144],[-9.237589723338,38.7649824506328],[-9.23669774513399,38.7661442835434],[-9.23472812950323,38.7659221199112],[-9.23472562709172,38.7657596265491],[-9.23367532275542,38.7653843012942],[-9.23354163028549,38.7656805001857],[-9.23359659887541,38.7662578244643],[-9.23449191505606,38.7684444255013],[-9.23448978847769,38.7688055904595],[-9.23164621094242,38.7689505639034],[-9.23154534450976,38.7693848901213],[-9.2303062139815,38.7695145978534],[-9.23023440562207,38.7695179175989],[-9.23013204602311,38.7695189731027],[-9.22947824823933,38.7694828145662],[-9.22923128835421,38.769549316823],[-9.22864448431358,38.7697073313301],[-9.22830220874867,38.7699272308383],[-9.22810101174932,38.7693271985286],[-9.22825238306997,38.7691813228034],[-9.22714903943747,38.767849397603],[-9.22655974052919,38.767987341303],[-9.22617376795241,38.7688444600901],[-9.22602766946974,38.7698389879086],[-9.22658778134816,38.7703032403693],[-9.22543619036224,38.7703380995518],[-9.22511960988731,38.7702106746499],[-9.22499532171472,38.7696159344723],[-9.22546034784473,38.7688832686385],[-9.22485628045483,38.7685578685872],[-9.22569589004493,38.7682129373447],[-9.22621612982244,38.7675760613128],[-9.22699221791223,38.7675988863023],[-9.22745753996607,38.7673932308636],[-9.22773514152677,38.7669632680265],[-9.22777018591111,38.766263781263],[-9.2283582463679,38.7661962657404],[-9.22855742469093,38.7659607287241],[-9.22847495238091,38.7650887213554],[-9.22761469604096,38.7650847468139],[-9.22678152499535,38.7643401612072],[-9.22553052762071,38.764814805512],[-9.22461682817637,38.7648459883022],[-9.2241771615989,38.7649144308685],[-9.2247102569225,38.7646253992921],[-9.22577976044128,38.7639984307952],[-9.22581387639978,38.7639188192088],[-9.22594291143264,38.763617698391],[-9.22579193933053,38.7628406944408],[-9.22553828461659,38.7617829439545],[-9.22565073418274,38.7605961197],[-9.22540695382828,38.7597196016209],[-9.22476012029547,38.7596052726293],[-9.22274165980051,38.7603424206592],[-9.22187467892719,38.759387442233],[-9.22048984359829,38.7597174283123],[-9.22049695969921,38.7594845941189],[-9.2201273760434,38.7580852311998],[-9.2204974075173,38.7576724848323],[-9.2208201635334,38.7574632557199],[-9.22104370563533,38.7573183469132],[-9.22109723570948,38.7572836460953],[-9.21862443641878,38.7567148042627],[-9.21825297785414,38.7559957949384],[-9.21810084442804,38.7558185137637],[-9.21767397888718,38.7553210874861],[-9.21763643772832,38.7552773400713],[-9.21768564001197,38.7544703062534],[-9.21739817917128,38.7542502695986],[-9.21753616297443,38.7535636909861],[-9.22486043377693,38.7556369127736],[-9.22579455215741,38.7538311107817],[-9.22580746023488,38.7536790811787],[-9.22499246736595,38.7526692784428],[-9.22506701405769,38.7526252563895],[-9.22436285103928,38.7511595728388],[-9.22591712699262,38.751828689017],[-9.22637996920363,38.7522225772828],[-9.22684281879729,38.7526164626931],[-9.2275490946677,38.7537100140913],[-9.22803972390697,38.7547920841087],[-9.2282145308951,38.7547850344614],[-9.23026173904004,38.7559922388523],[-9.23107161002502,38.7558346919337],[-9.23155136293833,38.7555713520621],[-9.23137136235031,38.7548507457416],[-9.23297137264789,38.754528710481],[-9.23317100724207,38.7540272355205],[-9.23276018754237,38.7532787112288],[-9.23218558290038,38.7533395822998],[-9.23216773053958,38.7536768182833],[-9.23134516250195,38.7536183514432],[-9.23036051703815,38.7540068159364],[-9.22951664993223,38.7545624924308],[-9.22912656317776,38.754162871396],[-9.22901314529749,38.7526446973218],[-9.22831118829749,38.751237723697],[-9.228285930496,38.7511652901248],[-9.22599444941548,38.7512475074887],[-9.22588417773984,38.7512215719504],[-9.2242557336865,38.7508385510558],[-9.22424869023686,38.7509142542438],[-9.22406039780688,38.7510293631225],[-9.2220444823698,38.7505284699901],[-9.21994652750555,38.7497313262172],[-9.21787078963884,38.7486909567623],[-9.21778886891686,38.7488713980765],[-9.21703566256345,38.7496747469268],[-9.21665440206548,38.750274339901],[-9.21646937172934,38.7505653257358],[-9.21646708377748,38.7506269683067],[-9.21644141575763,38.7506289474254],[-9.21642858175392,38.7506299374329],[-9.21641574889999,38.7506309274284],[-9.21573214501653,38.7506836479373],[-9.21528033043342,38.7498124823294],[-9.21513211329867,38.7498360164044],[-9.21356505485636,38.7500721369778],[-9.213102103374,38.7503368109928],[-9.21129308670038,38.7506634472202],[-9.2108867014369,38.7507368201066],[-9.21079892180568,38.7508972142103],[-9.21037017691054,38.7516806205556],[-9.21051505390366,38.7517694666246],[-9.21151517891615,38.751621541153],[-9.21153243206323,38.7515565970518],[-9.21176118412049,38.7516363534529],[-9.21175641485281,38.7516835108987],[-9.21184085025328,38.7523692078748],[-9.21312886928997,38.7527425336316],[-9.21327275136194,38.752293401762],[-9.21517708797451,38.7517821908396],[-9.21534218438866,38.7515707988764],[-9.21550574595125,38.7521884451754],[-9.21572821266189,38.7521743485284],[-9.21591821523564,38.7525517927034],[-9.21617934579931,38.7540552978297],[-9.21571835853942,38.7545471239369],[-9.21571195659959,38.7547272046325],[-9.21569542939683,38.7551920276593],[-9.21578656972106,38.7553842084241],[-9.21568614979047,38.7554531743783],[-9.21508469381045,38.7558662135055],[-9.21345923115228,38.7548393181289],[-9.21184752252426,38.7543907472557],[-9.21211623446974,38.7565359084252],[-9.21043080418196,38.7575764058265],[-9.21075635301328,38.7579083804119],[-9.21079785975582,38.7579661600137],[-9.20901149380783,38.7587236794056],[-9.20818417366238,38.7589865162873],[-9.20814487351263,38.7589698918214],[-9.20767635588187,38.758868940964],[-9.20691735864227,38.7587429594334],[-9.20669135058274,38.7588195616068],[-9.20652924680837,38.7592103109653],[-9.20699466990512,38.7597915761064],[-9.20766217033488,38.7609239356017],[-9.20903840970243,38.7622879617738],[-9.20967453979354,38.7632210864897],[-9.20973168904861,38.7642560213098],[-9.2098230747908,38.7659106658872],[-9.20933796702878,38.7666080828997],[-9.20918355772385,38.7668300599368],[-9.20916150017991,38.7668617722035],[-9.20879388383244,38.7669313761857],[-9.20778678336106,38.7663567905788],[-9.20711859185565,38.7665295733366],[-9.20683752983714,38.7666274077313],[-9.20567816878583,38.765762712991],[-9.20504540263207,38.7650926204966],[-9.20485772558272,38.7652276342707],[-9.20449819664476,38.7654413721992],[-9.20707202969221,38.7675468349841],[-9.20704106622101,38.7676854959402],[-9.20487417417445,38.7677115264128],[-9.20483980414095,38.7677143124448],[-9.2046471305898,38.7677299322781],[-9.20337130121543,38.7658506510037],[-9.2028796831431,38.7652680264788],[-9.20236121893046,38.7645375134655],[-9.20219507203085,38.7642256394688],[-9.20247131380212,38.7632318028369],[-9.20262736921648,38.7628385203207],[-9.20044710982677,38.7601022058664],[-9.20040402899401,38.760058146791],[-9.20056722974475,38.7599535586278],[-9.20211448640016,38.7588479785743],[-9.20554515829725,38.7573594400707],[-9.206134031508,38.7569939156424],[-9.20667537503895,38.7567860070693],[-9.20764470710452,38.7559430486708],[-9.20865259540467,38.7543438670699],[-9.20848816361521,38.7533679767394],[-9.20973422248088,38.7518005189456],[-9.20963217649192,38.7512756832483],[-9.21089394777367,38.749589579656]],[[-9.22451883723227,38.7382151296718],[-9.22385625708826,38.7386980007425],[-9.22161804569073,38.7388557059799],[-9.22148430214319,38.7389452277959],[-9.22148939893419,38.7392806190986],[-9.22209470818854,38.739473596168],[-9.22454825194996,38.7394065498168],[-9.22451883723227,38.7382151296718]],[[-9.21390315611525,38.7416475038529],[-9.21369960772185,38.7418653721185],[-9.21287675086203,38.742163214831],[-9.21177287811711,38.7426863812858],[-9.21129196537327,38.7433725250359],[-9.21140107166004,38.7433589130531],[-9.21325741212347,38.7431408652045],[-9.21403054793379,38.7424776143307],[-9.21398089073783,38.74165044403],[-9.21390315611525,38.7416475038529]],[[-9.22003518411814,38.7412348339617],[-9.21848398308633,38.7425686697296],[-9.21979443691121,38.7434172320163],[-9.2212029537836,38.7421280447962],[-9.22003518411814,38.7412348339617]],[[-9.217080956093,38.7410115039107],[-9.2152158161817,38.7411070903181],[-9.21500551154884,38.7414344888935],[-9.21532292372324,38.7428778185065],[-9.216142195931,38.7428384066378],[-9.21713475439344,38.7419624276694],[-9.217080956093,38.7410115039107]],[[-9.20910726310648,38.7456706437331],[-9.20960626813841,38.7458989023755],[-9.21551672819549,38.7476662277564],[-9.21707192305257,38.7483001545714],[-9.21761847586908,38.7483860253999],[-9.21731046144409,38.7481157028407],[-9.21649972025899,38.7475090225023],[-9.21617310719029,38.7470950382455],[-9.21550510274387,38.7467740172576],[-9.21462873188178,38.7465023196025],[-9.21455956008522,38.7464941914395],[-9.21346014076665,38.7463649998126],[-9.2125862629848,38.746257862252],[-9.21170175788184,38.7461425866865],[-9.20986735897088,38.7457562505512],[-9.20910726310648,38.7456706437331]],[[-9.23591757863901,38.7623359208082],[-9.23566777823783,38.7618687736474],[-9.2355827587813,38.7617097898016],[-9.23537296648271,38.7613174414677],[-9.23464345828629,38.760325149229],[-9.2334327331658,38.7594999053587],[-9.23283083756161,38.759312965666],[-9.23246632329398,38.7595685412339],[-9.23357085495792,38.760611061546],[-9.23369758971521,38.7607306784072],[-9.23393482954729,38.7613531960896],[-9.23399359786647,38.7615073940113],[-9.23469756531985,38.7633545353696],[-9.23446775433482,38.7633928152135],[-9.23443028631413,38.763952950726],[-9.23598080948978,38.7638961752452],[-9.23604731076002,38.7632274299363],[-9.23580768374696,38.763127365768],[-9.23597297170279,38.7624395097318],[-9.23591757863901,38.7623359208082]],[[-9.22866812067228,38.7623886933461],[-9.22907495049772,38.7630622192191],[-9.22975667251116,38.7636390864678],[-9.22982971688948,38.7644850806674],[-9.22992813777323,38.7646346775242],[-9.23014742291881,38.7648301755933],[-9.23087578511138,38.7653125220952],[-9.23108363703919,38.7655457565508],[-9.23120811113153,38.7658268125769],[-9.23113862317751,38.7659968013413],[-9.23103467786626,38.7662705984581],[-9.23113694508392,38.7663158357001],[-9.23159810203759,38.7663011655264],[-9.23180433913515,38.766226991829],[-9.23193747709026,38.7659083627109],[-9.23137859146465,38.7645231963979],[-9.23111574013596,38.7644113074049],[-9.23050751354817,38.7637884067954],[-9.23008226159998,38.760663016915],[-9.23007023646228,38.7605786820135],[-9.22890696477609,38.760330898159],[-9.22888416127785,38.7604110765837],[-9.22856149937306,38.7617029410809],[-9.22866812067228,38.7623886933461]],[[-9.21645891048871,38.7344134127556],[-9.21425720142193,38.7364211594631],[-9.21487159090128,38.7370302383857],[-9.21496145838706,38.7371466685172],[-9.21415922217784,38.7375121103831],[-9.21450165821885,38.7391968804948],[-9.21459463688922,38.7397119638678],[-9.21807562066135,38.7403832821188],[-9.21801441399894,38.7394351756442],[-9.21741992422649,38.7384153840902],[-9.21739721980344,38.7380316037288],[-9.21776142363725,38.7379178764864],[-9.21762601248664,38.7368370270908],[-9.21665178343465,38.7368151749839],[-9.21636382543192,38.7364850738726],[-9.21641674146498,38.736298834389],[-9.21744937412447,38.735136890134],[-9.21645891048871,38.7344134127556]]]}}]}