{"type":"FeatureCollection","features":[{"type":"Feature","id":"CRUS_Barreiro_V.34579","properties":{"AREA_HA":8.12138739960633,"Autor":"DGT","Categoria_2021":"Espaço de Atividades Económicas","Classe_2021":"Solo Urbano (urbanizável – transitório)","DTCC":"1504","Data_Pub_Origem":"1994-05-04T00:00:00","Designacao_no_plano":"Espaços Industriais - Espaço Industrial em Área de Reconversão","Escala_origem":"1/25000","Fonte":"CM - Raster","ID1":34579,"Municipio":"BARREIRO"},"geometry":{"type":"Polygon","coordinates":[[[-9.05838036605314,38.6393011319009],[-9.05757215800545,38.6391604372096],[-9.05751684720121,38.6392344169056],[-9.05697210648544,38.6391651775605],[-9.05661141211943,38.6390427082396],[-9.05628455086649,38.6387805360946],[-9.05601451393798,38.6385620397727],[-9.05580355972479,38.6385637038251],[-9.05558788954647,38.6388521588834],[-9.05555465682189,38.6388966072272],[-9.05489041667277,38.638648121329],[-9.05490236080688,38.6384825574077],[-9.05410288482576,38.6380493080937],[-9.05409777519227,38.6379839858863],[-9.05402871179944,38.6371010628871],[-9.05418534972861,38.636784753187],[-9.05549179448319,38.6368532288969],[-9.05567274883239,38.6368675552994],[-9.05583866952218,38.6372758465187],[-9.05648155196952,38.6372865272771],[-9.05728793696889,38.6375164670111],[-9.05783040133883,38.6375279344988],[-9.05843372631169,38.6375861788361],[-9.05916363572094,38.6381160326631],[-9.05991343757745,38.6386299700673],[-9.05985795558586,38.6389952671107],[-9.05925620345747,38.6388676557636],[-9.05916339189398,38.6389419331151],[-9.05850671011408,38.6389177129198],[-9.05845499481118,38.6392711249249],[-9.05838036605314,38.6393011319009]]]}},{"type":"Feature","id":"CRUS_Barreiro_V.34580","properties":{"AREA_HA":5.33398174716504,"Autor":"DGT","Categoria_2021":"Espaço Habitacional","Classe_2021":"Solo Urbano","DTCC":"1504","Data_Pub_Origem":"1994-05-04T00:00:00","Designacao_no_plano":"Espaços Urbanos - Habitação em Área Consolidada","Escala_origem":"1/25000","Fonte":"CM - Raster","ID1":34580,"Municipio":"BARREIRO"},"geometry":{"type":"Polygon","coordinates":[[[-9.07534918125014,38.6548933664325],[-9.07561850176999,38.6542471973417],[-9.07639048718865,38.6545924635393],[-9.07784250998144,38.6555923097826],[-9.07770436001574,38.6556722555366],[-9.07771001079549,38.6556782777006],[-9.07614562962077,38.6566932574543],[-9.07516831842589,38.6573273176054],[-9.07516433530467,38.6575996970197],[-9.07501244429478,38.6576521938593],[-9.07472780660352,38.6577627781422],[-9.07429528071795,38.6570805450714],[-9.07487887743024,38.6558694143052],[-9.07534918125014,38.6548933664325]]]}},{"type":"Feature","id":"CRUS_Barreiro_V.34581","properties":{"AREA_HA":4.10842377672328,"Autor":"DGT","Categoria_2021":"Espaço Habitacional","Classe_2021":"Solo Urbano","DTCC":"1504","Data_Pub_Origem":"1994-05-04T00:00:00","Designacao_no_plano":"Espaços Urbanos - Habitação em Área Consolidada","Escala_origem":"1/25000","Fonte":"CM - Raster","ID1":34581,"Municipio":"BARREIRO"},"geometry":{"type":"Polygon","coordinates":[[[-9.04840280353381,38.6559053567221],[-9.0486713676582,38.6557248490492],[-9.04918620730322,38.6559881970943],[-9.0507115566468,38.6567764366146],[-9.0508681602894,38.6568573611756],[-9.05088657300828,38.6569641681026],[-9.05087839604504,38.6576594167587],[-9.05070519314472,38.6587837646482],[-9.05071474547118,38.6595323501299],[-9.05063154816935,38.6596934293679],[-9.0504132467841,38.6598328832762],[-9.05024046156544,38.6596712902968],[-9.05001405994311,38.659287893038],[-9.04994225000287,38.6591793696743],[-9.0499197982671,38.6590677551829],[-9.04988806845102,38.6589312692872],[-9.04984737992326,38.6587590899361],[-9.04979430116418,38.6586061893576],[-9.04972393988471,38.6584673884269],[-9.0496167929039,38.6583534694042],[-9.04942744428383,38.6580548172174],[-9.04934345143469,38.6578110928478],[-9.04928712972866,38.6575479627694],[-9.04927997634064,38.6574016374663],[-9.04930574224992,38.6572150631745],[-9.0493121469906,38.6571991949112],[-9.04933313423137,38.6571472028337],[-9.04936316877947,38.6570254465766],[-9.04938973216786,38.6568830954242],[-9.04939399143402,38.6568029833965],[-9.04937534886501,38.656728542965],[-9.049339423911,38.6566681102689],[-9.04925915151793,38.6565803765786],[-9.04909876521941,38.6564352549316],[-9.04898885116278,38.6563478396491],[-9.04857994537478,38.6560196506481],[-9.04840280353381,38.6559053567221]]]}},{"type":"Feature","id":"CRUS_Barreiro_V.34582","properties":{"AREA_HA":5.78286195048802,"Autor":"DGT","Categoria_2021":"Espaço Habitacional","Classe_2021":"Solo Urbano","DTCC":"1504","Data_Pub_Origem":"1994-05-04T00:00:00","Designacao_no_plano":"Espaços Urbanos - Habitação em Área Consolidada","Escala_origem":"1/25000","Fonte":"CM - Raster","ID1":34582,"Municipio":"BARREIRO"},"geometry":{"type":"Polygon","coordinates":[[[-9.0628506530448,38.6636646655372],[-9.06181255053929,38.6629231032145],[-9.06184424896307,38.6625833143377],[-9.06184262119723,38.6624572961671],[-9.06184260447868,38.6624560018486],[-9.06200805405796,38.6624701142135],[-9.06411865910297,38.6626501166942],[-9.06559664882848,38.6625251642813],[-9.06781123302049,38.6621538033367],[-9.06756176916829,38.6623963014804],[-9.06742055787853,38.6626379344048],[-9.06725928096981,38.6627241068612],[-9.06726038370349,38.6628089823201],[-9.06748405992696,38.6633589424485],[-9.06647442391864,38.6634235929902],[-9.06645362626755,38.6632115491995],[-9.06602097854077,38.6632432950365],[-9.0659703387546,38.6635124988086],[-9.06532117995026,38.6635459696092],[-9.06532374773245,38.6637440118256],[-9.06487378743805,38.6638324815265],[-9.06285284817132,38.6638344157386],[-9.0628506530448,38.6636646655372]]]}},{"type":"Feature","id":"CRUS_Barreiro_V.34583","properties":{"AREA_HA":62.0678809354087,"Autor":"DGT","Categoria_2021":"Espaço Habitacional","Classe_2021":"Solo Urbano","DTCC":"1504","Data_Pub_Origem":"1994-05-04T00:00:00","Designacao_no_plano":"Espaços Urbanos - Habitação em Área Consolidada","Escala_origem":"1/25000","Fonte":"CM - Raster","ID1":34583,"Municipio":"BARREIRO"},"geometry":{"type":"Polygon","coordinates":[[[-9.07484094071003,38.6657803958561],[-9.07450167093146,38.6655944959643],[-9.07378044930724,38.6656380242601],[-9.07386729966862,38.6649205275491],[-9.07413143260692,38.6648806763144],[-9.07412871702829,38.6646732042507],[-9.07530280414626,38.6643053525544],[-9.07527602907798,38.6640980743245],[-9.07417496520486,38.6626922037433],[-9.07398152888021,38.6626183080007],[-9.0733339859604,38.6627744199968],[-9.07233215917576,38.6615940914348],[-9.07148109833789,38.6609029864207],[-9.07144295595336,38.6607965033745],[-9.0714280412279,38.6607548654983],[-9.07162409993746,38.660569376873],[-9.07270086569211,38.6601221635747],[-9.07292451954716,38.6600111058739],[-9.07307733261002,38.6599352240386],[-9.07366807428543,38.6595767909753],[-9.07447115353738,38.6602776977644],[-9.07563198443176,38.6593629192871],[-9.0767557773972,38.6583776909011],[-9.07873591703686,38.6568068957853],[-9.07875572398176,38.6567911824223],[-9.07941151397997,38.6572668884542],[-9.07980169893438,38.6570370264965],[-9.08002024323053,38.6569082787615],[-9.08060406610938,38.6573987077216],[-9.08140793339671,38.6581561506482],[-9.08142821253666,38.6583257538409],[-9.08126882753774,38.6585534036727],[-9.08172787837652,38.6591580174491],[-9.08174834522569,38.659341767004],[-9.08184041835128,38.6594824936388],[-9.08211253042889,38.6595934654326],[-9.08234744093618,38.6596198533765],[-9.08274958099277,38.6600127151646],[-9.08311582888581,38.6604200141213],[-9.08342086995036,38.6608473286355],[-9.0835547832449,38.6609387292951],[-9.08364324356871,38.6609380104341],[-9.08385194329919,38.66110972904],[-9.084134821334,38.6613155276523],[-9.0844279592465,38.6620284294609],[-9.0838238553841,38.6624341235207],[-9.08436706736345,38.6633700031478],[-9.08234642727689,38.6638711374345],[-9.07946907853966,38.6646112521701],[-9.07608894584009,38.6655439830333],[-9.07526541971148,38.6657159192541],[-9.07496122666235,38.6657794272788],[-9.07484094071003,38.6657803958561]]]}},{"type":"Feature","id":"CRUS_Barreiro_V.34584","properties":{"AREA_HA":7.30692216125168,"Autor":"DGT","Categoria_2021":"Espaço Verde","Classe_2021":"Solo Urbano","DTCC":"1504","Data_Pub_Origem":"1994-05-04T00:00:00","Designacao_no_plano":"Espaço Verde de Recreio e Lazer e de Protecção e Enquadramento","Escala_origem":"1/25000","Fonte":"CM - Raster","ID1":34584,"Municipio":"BARREIRO"},"geometry":{"type":"Polygon","coordinates":[[[-9.04856200712715,38.6050338474681],[-9.04838278333144,38.6037231150816],[-9.04910313127632,38.6037539261894],[-9.04922526465671,38.6042267965124],[-9.04918878322882,38.6050107179968],[-9.04928792942497,38.6055019923985],[-9.04915531196909,38.6060315289484],[-9.04897115106135,38.6061605387717],[-9.0489040307127,38.6063615286409],[-9.04906913915412,38.6065607017605],[-9.04920894095592,38.6065960550249],[-9.04909560590791,38.6068156310868],[-9.04909838608516,38.6070342981342],[-9.049264191814,38.6072881374621],[-9.04936311020982,38.6077611890905],[-9.04936542778269,38.6079434120377],[-9.04936751360245,38.6081074116044],[-9.04943903908894,38.6082526440139],[-9.04939444564315,38.6083987866234],[-9.04939769042218,38.6086538976369],[-9.04960878992253,38.6088162611632],[-9.04947176510925,38.6089995753962],[-9.04903723289404,38.6095314755544],[-9.04906207896803,38.6096588492554],[-9.04880371886777,38.609988240107],[-9.04762320639379,38.6099481666895],[-9.04748226903462,38.6085989376901],[-9.04801412377582,38.6065855762913],[-9.0481149140257,38.6064041504843],[-9.04845446011645,38.6057089797242],[-9.04856200712715,38.6050338474681]]]}},{"type":"Feature","id":"CRUS_Barreiro_V.34585","properties":{"AREA_HA":7.73414233980612,"Autor":"DGT","Categoria_2021":"Espaço Verde","Classe_2021":"Solo Urbano","DTCC":"1504","Data_Pub_Origem":"1994-05-04T00:00:00","Designacao_no_plano":"Espaço Verde de Recreio e Lazer e de Protecção e Enquadramento","Escala_origem":"1/25000","Fonte":"CM - Raster","ID1":34585,"Municipio":"BARREIRO"},"geometry":{"type":"Polygon","coordinates":[[[-9.04297694145654,38.6334832053897],[-9.0429740476038,38.6332542833838],[-9.04297079207442,38.6329967473548],[-9.04280481767045,38.6328549485196],[-9.04267405825186,38.6326127122549],[-9.04267170786042,38.6324267139269],[-9.04292382148909,38.6321671912691],[-9.04389287997968,38.6309004599913],[-9.04415905962079,38.6303117189048],[-9.04422368909841,38.6296530021707],[-9.04446080886754,38.6296511552958],[-9.04464918638175,38.6301218844836],[-9.04490581556137,38.6302200472257],[-9.04498823895189,38.6306643088776],[-9.04489220879021,38.6317239224704],[-9.04492295545751,38.6327110030224],[-9.04718609541083,38.6333745592326],[-9.04715729214199,38.6334303388109],[-9.04716003145462,38.6336460425212],[-9.04661425603179,38.6339836974967],[-9.04613501990192,38.6336540465652],[-9.04583501672374,38.6336563875116],[-9.04566150638878,38.6337754089153],[-9.0453126823273,38.6335365609622],[-9.04501919556019,38.6334100679026],[-9.04478297071677,38.6334834537465],[-9.04438891710909,38.6340588836986],[-9.04413843225186,38.6344471769419],[-9.04401128806772,38.634491094016],[-9.04362967241511,38.6346085365263],[-9.04354928675182,38.6340224939112],[-9.04330871590468,38.6337524952293],[-9.04321534031615,38.6335815135246],[-9.04297694145654,38.6334832053897]]]}},{"type":"Feature","id":"CRUS_Barreiro_V.34586","properties":{"AREA_HA":169.710476955586,"Autor":"DGT","Categoria_2021":"Espaço Verde","Classe_2021":"Solo Urbano","DTCC":"1504","Data_Pub_Origem":"1994-05-04T00:00:00","Designacao_no_plano":"Espaço Verde de Recreio e Lazer e de Protecção e Enquadramento","Escala_origem":"1/25000","Fonte":"CM - Raster","ID1":34586,"Municipio":"BARREIRO"},"geometry":{"type":"Polygon","coordinates":[[[-9.0646042322523,38.648732848256],[-9.06439744918062,38.6482776352866],[-9.06435453413303,38.6482902170559],[-9.06461414965121,38.6479818939885],[-9.0646108861472,38.6477298590135],[-9.06460721476855,38.6474463207793],[-9.0646047672076,38.6472572949817],[-9.06456173792998,38.6470370840257],[-9.06428491565856,38.6458262470733],[-9.06383906079111,38.6439708481199],[-9.06345682389331,38.6439266280287],[-9.06342859181913,38.6432967005574],[-9.06342142726349,38.6432434344424],[-9.06338414310891,38.6429662247537],[-9.06336100360345,38.6427301017348],[-9.06325487562058,38.64228983897],[-9.06323092116221,38.6419907075186],[-9.06322542338699,38.6415653986761],[-9.0631418265437,38.6413140029654],[-9.0633138334625,38.6406352214624],[-9.06372624072639,38.6399072667664],[-9.06405830205786,38.6391799499802],[-9.06431654268284,38.6389573416406],[-9.06431409662754,38.6387683155524],[-9.06403251158089,38.6387390492112],[-9.0638308553203,38.6386776379628],[-9.06330744724655,38.6385872786622],[-9.06328267967683,38.6382251377],[-9.06314188838195,38.6382105038062],[-9.06288038923625,38.6381810749911],[-9.06253835139714,38.6381365313117],[-9.06191412240294,38.6380154583542],[-9.06112759885907,38.6377696397953],[-9.06074559949755,38.6377411611331],[-9.06066952815853,38.63807259485],[-9.06033236313679,38.6384060973276],[-9.05991343757745,38.6386299700673],[-9.05916363572094,38.6381160326631],[-9.05843372631169,38.6375861788361],[-9.05783040133883,38.6375279344988],[-9.05728793696889,38.6375164670111],[-9.05648155196952,38.6372865272771],[-9.05583866952218,38.6372758465187],[-9.05567274883239,38.6368675552994],[-9.05549179448319,38.6368532288969],[-9.05418534972861,38.636784753187],[-9.05402871179944,38.6371010628871],[-9.05409777519227,38.6379839858863],[-9.05410288482576,38.6380493080937],[-9.05412477087452,38.638329104272],[-9.0538883979118,38.6386933021896],[-9.05388555427646,38.6387002238389],[-9.05365464217191,38.6392622788811],[-9.05354851314611,38.6393516766197],[-9.05327706871215,38.6395803258122],[-9.05296095386041,38.6399924106633],[-9.05260159544368,38.6400962655777],[-9.0524005987032,38.6401543536505],[-9.05167333127155,38.6398292367847],[-9.0515325389002,38.6398145880308],[-9.05121118636962,38.6398171104878],[-9.05108907243254,38.6396920389319],[-9.05098744450827,38.6395983130732],[-9.05078298418335,38.63931634813],[-9.05051566174187,38.638830076794],[-9.05034916616614,38.638374521758],[-9.05022263858533,38.637902898928],[-9.04964000303145,38.6378917117946],[-9.04919334323667,38.6375171187831],[-9.04917085389322,38.6373282491052],[-9.04910980019268,38.6372657113089],[-9.04884670607177,38.6371102327289],[-9.04850528229748,38.6371129048096],[-9.04824239033189,38.6369731774689],[-9.04728885167199,38.6362244493802],[-9.04750976975048,38.6362227228349],[-9.04780942093305,38.6360943494385],[-9.04861215910059,38.6360408085374],[-9.04871902567998,38.6360954888539],[-9.04897606608213,38.6362270059797],[-9.0492353473524,38.6360831916891],[-9.05008567688535,38.6366121595986],[-9.05040641172394,38.6365623834658],[-9.05079671061158,38.6364214631523],[-9.05098622391673,38.6363530366095],[-9.05188817316626,38.6362041714281],[-9.05223977744831,38.6360930614973],[-9.05234828177064,38.6360587728553],[-9.05260534175936,38.6357416760737],[-9.05279892878928,38.6351730169488],[-9.05313772520869,38.6349655530333],[-9.05317705785395,38.63476438742],[-9.05325539902923,38.6343637026564],[-9.05330739609051,38.6340977586044],[-9.05330115294497,38.6336094393456],[-9.05315392908109,38.6330907204536],[-9.05284282689102,38.6323212288915],[-9.05285667002113,38.6318327515375],[-9.05272893094243,38.631266617933],[-9.05227988336241,38.6307030089947],[-9.05189450647711,38.630406713445],[-9.05157199119471,38.6303147224007],[-9.05102817440578,38.6301929594833],[-9.05094583793702,38.630036066986],[-9.05098339014105,38.6298309730663],[-9.0506596738728,38.6296444663483],[-9.05057694856494,38.6296168856336],[-9.05031343315903,38.6295290270057],[-9.05020766958226,38.6296348820924],[-9.04903084069716,38.6294238602721],[-9.04897305426481,38.6294134975717],[-9.04896458293413,38.6294015155956],[-9.04758185573483,38.6289351995532],[-9.04706029509226,38.6288126856165],[-9.04705126951671,38.6288105653609],[-9.04650571266247,38.6289436062075],[-9.04630271618778,38.6287591741992],[-9.04645797885462,38.628056821617],[-9.04629200811563,38.6279150275643],[-9.04628928578914,38.6277004134589],[-9.04614191892027,38.6275870917176],[-9.04554074447843,38.6276490181644],[-9.04503239697801,38.6278389983387],[-9.04399799810632,38.6282620169904],[-9.04321405876716,38.6282967365764],[-9.04306814107642,38.6282978715876],[-9.04274597589122,38.6287868822321],[-9.04262209455445,38.6290883348618],[-9.04262408300275,38.6292457183629],[-9.04240646976553,38.6293475724652],[-9.04229721115904,38.6293627309196],[-9.04213954877276,38.6284338706499],[-9.04198439206307,38.6282773672314],[-9.04184392227547,38.6281356786053],[-9.04158766573247,38.62806612392],[-9.04116599043083,38.6278976891952],[-9.04023595710515,38.6279192133044],[-9.04035999961724,38.6290772799668],[-9.04016477028297,38.6295080636134],[-9.03959381727917,38.6291806773366],[-9.03893369432557,38.6288021525033],[-9.03762788708996,38.6279537145306],[-9.03726489328166,38.6280996109858],[-9.03614337350567,38.6288523410333],[-9.03521746594455,38.6279959454264],[-9.03486995437314,38.6276745155705],[-9.03611896563577,38.6269065043211],[-9.03594673780352,38.6262639287008],[-9.03568834095251,38.6260226690867],[-9.0352473771516,38.6257685083268],[-9.03480372859061,38.6252997309791],[-9.03480038670414,38.6250328913662],[-9.03479960726676,38.6249706551192],[-9.03472342655518,38.624713680378],[-9.0345141644902,38.6245586800669],[-9.03438475151213,38.6244628230285],[-9.034226325571,38.6243454753164],[-9.0344038767652,38.623957764429],[-9.03447733706058,38.6237993768494],[-9.0346170057717,38.6234982342035],[-9.03428155200389,38.6229284572794],[-9.03432785022682,38.6222555766735],[-9.03466810394134,38.6217521398266],[-9.03501623342482,38.6215232708637],[-9.03517464347702,38.6214191277245],[-9.0365682623103,38.6220093538013],[-9.0365404021389,38.6226964022022],[-9.03592586543323,38.6231447247135],[-9.0364665351513,38.6238532215497],[-9.03681602899862,38.6243111914509],[-9.03732491321092,38.6241641698598],[-9.03753910353999,38.6237904804496],[-9.03751727835508,38.6235455175755],[-9.03747540257698,38.6230755219663],[-9.03741421867302,38.6225608702218],[-9.03949462780444,38.6226449346628],[-9.0406221866019,38.6226361941207],[-9.04135492032962,38.6226305083337],[-9.0428130685658,38.6225476350052],[-9.04297217704162,38.6225266565705],[-9.04350503165174,38.622456398518],[-9.04388416016313,38.6223434582447],[-9.04509265775591,38.621983443681],[-9.04557655965759,38.6218392834349],[-9.04557801012074,38.6219537441296],[-9.04522865608001,38.6231727339288],[-9.04524142549638,38.6233255987896],[-9.04531358344761,38.624189418205],[-9.04531466084267,38.6242023111754],[-9.04554675878251,38.62524505914],[-9.04654780885254,38.6265107483421],[-9.04677644333658,38.6267439720185],[-9.04788573200625,38.6278755015768],[-9.04812670607733,38.6278736171595],[-9.04864901777925,38.6278852851943],[-9.0488907933613,38.6279464079928],[-9.04921389605027,38.6280856627739],[-9.04961692470091,38.6281927830296],[-9.04991794315145,38.6281746712138],[-9.0506412694247,38.6282005082577],[-9.05094590263274,38.6284659340734],[-9.05100915965616,38.6287017455712],[-9.05137263333872,38.6288564318022],[-9.05229718356906,38.6289121865413],[-9.05279519505824,38.6285931957394],[-9.05277310200587,38.6284358309081],[-9.05262991617682,38.6282321570332],[-9.05240660908138,38.6280448658744],[-9.0523242406999,38.6263125900052],[-9.05241338047316,38.6254296741342],[-9.05241938195148,38.6243268576675],[-9.05255893715909,38.6242469917199],[-9.05297941216396,38.6241491630491],[-9.0529925033696,38.6237084454456],[-9.05300749688359,38.6232037113725],[-9.05310105301935,38.622667344717],[-9.05333274877237,38.6219408453125],[-9.05330642947266,38.621452682058],[-9.05152871425375,38.6211005725805],[-9.05139386757345,38.6210738627007],[-9.05139274578475,38.6209858967914],[-9.05139205963319,38.6209320915077],[-9.05138984996101,38.6207588168013],[-9.05133840519819,38.620567021438],[-9.05132659919513,38.6205230051217],[-9.05116295356859,38.6202879811904],[-9.05115953955085,38.6200201923038],[-9.05123624107102,38.6197360214221],[-9.05172695563768,38.6197464240879],[-9.05177857214304,38.6197475177641],[-9.05187997155784,38.6198254909274],[-9.05214421326659,38.6200754779727],[-9.05309436548424,38.6205721335715],[-9.05390196068942,38.6209123655723],[-9.05374998797919,38.6215909780155],[-9.05433390248341,38.6217124121132],[-9.05433591779019,38.621869934909],[-9.05447728018444,38.6219318377766],[-9.05465980962375,38.6220721846522],[-9.05464114197368,38.6221826085631],[-9.0543837351688,38.6224682054606],[-9.05432672053642,38.6227207156787],[-9.05420765347574,38.6228319299857],[-9.05402693502592,38.6228333525894],[-9.05390786731326,38.6229445665973],[-9.05382936150215,38.6230869697369],[-9.05369081580809,38.6232455985725],[-9.05367416037823,38.6235135451099],[-9.05364024387151,38.6240021811447],[-9.05376636350007,38.6244422961514],[-9.05380773228674,38.6245364941309],[-9.05372922459211,38.6246788962882],[-9.05347442314878,38.6251692700625],[-9.05337764534872,38.6254536009583],[-9.05338086692404,38.6257056367953],[-9.05358368643032,38.6258615798451],[-9.05386662861598,38.626001138683],[-9.05376763549052,38.6261121945255],[-9.05368872207168,38.6262230922885],[-9.05368993059494,38.6263176053702],[-9.05359133958069,38.6264601663271],[-9.05351383636309,38.6266813296747],[-9.05347629285934,38.6268864253073],[-9.05348334122748,38.6274377538172],[-9.05356809581621,38.6277836715995],[-9.05367555156694,38.6283342109067],[-9.05383761237803,38.6284432123863],[-9.05404185129872,38.6287094201207],[-9.05400390418476,38.6288830106116],[-9.05382478345018,38.6290104513585],[-9.05406576091885,38.6290085546629],[-9.05481099367965,38.6291759785866],[-9.05509435368202,38.629347037627],[-9.05509737996874,38.6295833214594],[-9.05502572870025,38.6302613006863],[-9.05545592336389,38.6309195710842],[-9.05586402514005,38.6314204756561],[-9.05649485563797,38.6320614051682],[-9.05746629141993,38.632636625496],[-9.05823246105639,38.6328668768592],[-9.05901993437273,38.633191477018],[-9.05932320059325,38.6333466147424],[-9.05946377893979,38.6333455016873],[-9.05964350847566,38.633265309245],[-9.05988449979212,38.6332634003894],[-9.06012772278516,38.6334347658468],[-9.06063283448067,38.6336670688049],[-9.06053343566171,38.633746625971],[-9.06023219425854,38.633749013661],[-9.05987070544631,38.6337518778582],[-9.05983216271038,38.633878213994],[-9.05975487288666,38.6341151336513],[-9.06009912169489,38.6343329596425],[-9.06056468289092,38.6346128387759],[-9.06056833666219,38.6348963779592],[-9.06076977655294,38.6349420424622],[-9.06089352339354,38.6351931227],[-9.06115460469707,38.635191051871],[-9.06137714408178,38.635315316158],[-9.06155789349147,38.6353138818142],[-9.06308380658806,38.6352702542763],[-9.06366703380477,38.6353286314688],[-9.0637463476359,38.6352492314446],[-9.06456037864381,38.6345180777181],[-9.06588503579909,38.6344445084624],[-9.06610901024085,38.6346790297602],[-9.06637825970186,38.6353070340252],[-9.06650999532046,38.6361724429967],[-9.06597550259869,38.6367753506294],[-9.06572237705968,38.6373917672414],[-9.06570657964429,38.6377227236249],[-9.06557109562495,38.6381176480353],[-9.06549484211489,38.638433332051],[-9.06494758296669,38.6396034741362],[-9.06492189694702,38.6407221985344],[-9.06469087382785,38.6414959736987],[-9.06461971134345,38.6422054615329],[-9.06473951288402,38.6437011176419],[-9.06498747553226,38.644234771352],[-9.06538918871187,38.6442315705411],[-9.06541070249873,38.6443416754761],[-9.06584447848472,38.646811561891],[-9.06612930003756,38.6486367282639],[-9.06491239298044,38.6492252257491],[-9.0646042322523,38.648732848256]]]}},{"type":"Feature","id":"CRUS_Barreiro_V.34587","properties":{"AREA_HA":15.6851085075383,"Autor":"DGT","Categoria_2021":"Espaço Verde","Classe_2021":"Solo Urbano","DTCC":"1504","Data_Pub_Origem":"1994-05-04T00:00:00","Designacao_no_plano":"Espaço Verde de Recreio e Lazer e de Protecção e Enquadramento","Escala_origem":"1/25000","Fonte":"CM - Raster","ID1":34587,"Municipio":"BARREIRO"},"geometry":{"type":"Polygon","coordinates":[[[-9.0591454154668,38.6498568562748],[-9.05816770603194,38.6488130277564],[-9.05646531941317,38.6495063703645],[-9.05628605141691,38.6496259382895],[-9.05596837039593,38.6492873323696],[-9.05538398939576,38.6484690094688],[-9.05525788462208,38.6482924192121],[-9.05525239880792,38.6482847362645],[-9.05518267548924,38.6482580816141],[-9.0547728541317,38.6474342374398],[-9.05487740041283,38.6473625213049],[-9.05519315913794,38.6473127720464],[-9.05553874323652,38.6472391550621],[-9.05582633974413,38.6473432249334],[-9.05612536473401,38.6471636353795],[-9.05622626056195,38.6471562399194],[-9.05630599142238,38.6471503950456],[-9.05660850252443,38.6472425294393],[-9.05722707384815,38.647308536706],[-9.05736296165377,38.647331093895],[-9.05742202733888,38.6473026635409],[-9.05773730682712,38.6471509050947],[-9.05768740569623,38.6467850246002],[-9.05750556578778,38.6467037535045],[-9.05745733477078,38.6464678285632],[-9.05840641313489,38.6464603251544],[-9.05852799529541,38.6465420706704],[-9.05860026125198,38.6474749108536],[-9.05870586773475,38.647485890212],[-9.05885560450804,38.6474138129525],[-9.05900503803206,38.6473181080208],[-9.05915568661905,38.6473169155066],[-9.05950400486889,38.647455941308],[-9.0596703279511,38.6475018855552],[-9.05985110691189,38.6475004534793],[-9.06069474380657,38.6474937667501],[-9.06168841927449,38.6474386214444],[-9.0619375423304,38.6480628569082],[-9.06254987201482,38.6483238382717],[-9.06203229265916,38.6486902860171],[-9.06247868184066,38.6490333234402],[-9.06154313224043,38.6497024115296],[-9.06126491547796,38.6494737823055],[-9.06009499481938,38.649884780705],[-9.06026779732321,38.6502993651343],[-9.06041014220885,38.650640871662],[-9.05933089526661,38.6510747734632],[-9.05910787425866,38.6510940480937],[-9.0591454154668,38.6498568562748]]]}},{"type":"Feature","id":"CRUS_Barreiro_V.34588","properties":{"AREA_HA":4.76197812140258,"Autor":"DGT","Categoria_2021":"Espaço Verde","Classe_2021":"Solo Urbano","DTCC":"1504","Data_Pub_Origem":"1994-05-04T00:00:00","Designacao_no_plano":"Espaço Verde de Recreio e Lazer e de Protecção e Enquadramento","Escala_origem":"1/25000","Fonte":"CM - Raster","ID1":34588,"Municipio":"BARREIRO"},"geometry":{"type":"Polygon","coordinates":[[[-9.09152286127411,38.6600960515835],[-9.0915195743452,38.6598494431137],[-9.09151752004106,38.6596953132651],[-9.09151464403927,38.6594795312898],[-9.09141306949682,38.6592337281135],[-9.09123553733753,38.6591889381435],[-9.09088396361753,38.6593613796426],[-9.09086396425129,38.6592068048805],[-9.09086204833671,38.6591919970034],[-9.09097855475712,38.6590831397157],[-9.09134896350154,38.6588488856651],[-9.09134547193307,38.6585868643215],[-9.09161902851765,38.65846130517],[-9.091930665912,38.658242945372],[-9.09192511724724,38.6578267932654],[-9.09201805828614,38.6574252491332],[-9.09223037842935,38.6571306293274],[-9.09230674420884,38.6569604409693],[-9.09230181035108,38.6565905281467],[-9.09214352949509,38.6565147526442],[-9.09214579045909,38.6566842962595],[-9.09194840117679,38.6566242556403],[-9.09175080791266,38.6565488018615],[-9.0913980159351,38.6566287661225],[-9.09123953056436,38.6565375756711],[-9.09102043308798,38.6563235645243],[-9.09083982950131,38.6560475788789],[-9.09068175657241,38.6559872141743],[-9.09064511198257,38.6561879053448],[-9.09049052703507,38.6563895619002],[-9.0902564940592,38.6565302095096],[-9.0899813016774,38.6565324610896],[-9.08968727182005,38.6565965249723],[-9.08937522462555,38.6567840532048],[-9.08927653148235,38.656754030132],[-9.08925564552772,38.6566617129758],[-9.08933263273203,38.6565377658329],[-9.08970077768512,38.6561339732556],[-9.09007097058453,38.6558843095544],[-9.09056094545752,38.6557723974586],[-9.09161869310315,38.6554862689281],[-9.09191353855496,38.6554838524165],[-9.09211112903454,38.6555593059693],[-9.09260644480984,38.6558481238729],[-9.09282719094196,38.6561854362929],[-9.09285342932388,38.6566784920592],[-9.09276419605449,38.6573574709417],[-9.09261352201733,38.6578519780173],[-9.09246551907121,38.6585468531372],[-9.09216189898733,38.6593663226968],[-9.09175402528476,38.6597396194665],[-9.09152286127411,38.6600960515835]]]}},{"type":"Feature","id":"CRUS_Barreiro_V.34589","properties":{"AREA_HA":18.5418115572799,"Autor":"DGT","Categoria_2021":"Espaço Verde","Classe_2021":"Solo Urbano","DTCC":"1504","Data_Pub_Origem":"1994-05-04T00:00:00","Designacao_no_plano":"Espaço Verde de Recreio e Lazer e de Protecção e Enquadramento","Escala_origem":"1/25000","Fonte":"CM - Raster","ID1":34589,"Municipio":"BARREIRO"},"geometry":{"type":"Polygon","coordinates":[[[-9.08385194329919,38.66110972904],[-9.08364324356871,38.6609380104341],[-9.0835547832449,38.6609387292951],[-9.08342086995036,38.6608473286355],[-9.08359687354449,38.6607765323823],[-9.08378685690619,38.6606478169879],[-9.08400479595867,38.6604032635097],[-9.08420799166472,38.6601588304098],[-9.08404382863072,38.6600098711652],[-9.08371764409403,38.6598737903672],[-9.08331423154132,38.6594724323959],[-9.08304924425642,38.6583878473453],[-9.08386613386681,38.6577222312352],[-9.08379058620773,38.6575841129841],[-9.08375835055316,38.6573762765102],[-9.08375697523804,38.6572722379978],[-9.08381472359756,38.6571792807205],[-9.0840355565298,38.6571543629337],[-9.08422782295706,38.657199044083],[-9.08461418961105,38.6574271228227],[-9.08517471758954,38.6574456834326],[-9.08618120262118,38.6577380739294],[-9.0860763187119,38.6576117570853],[-9.08585517770697,38.6576135585872],[-9.08588221338259,38.6574283616711],[-9.0860118332259,38.6571960846585],[-9.08633555810798,38.6571472034013],[-9.08657067373566,38.6570874818087],[-9.08659877911107,38.6569832030273],[-9.08631162245911,38.6564537360169],[-9.08609787451986,38.6559005475108],[-9.0859489202871,38.65578615133],[-9.08534142254388,38.6555598773376],[-9.08510294439869,38.6553652808804],[-9.08485094935466,38.6552632827481],[-9.0846003314346,38.6552653216859],[-9.08433634749977,38.6553715176044],[-9.08410138835911,38.6554427943119],[-9.08393922331788,38.6554441126524],[-9.08369104936898,38.6556311065601],[-9.08354622421997,38.6558288210962],[-9.08354927964508,38.6560600174587],[-9.08333455824673,38.656547325224],[-9.08332592552452,38.6570098367755],[-9.08325221241641,38.6570104355816],[-9.08314382233938,38.6566182407454],[-9.08325794379789,38.6563282882058],[-9.08340109164203,38.6560034161891],[-9.08339773121187,38.6557491005367],[-9.08326260613197,38.6555652214738],[-9.08295301865426,38.6555677358899],[-9.08270407850497,38.6556969286322],[-9.08249982171252,38.6558604408164],[-9.08245681600301,38.6559532787139],[-9.08245925754728,38.6561382356791],[-9.0824928622526,38.6564501102759],[-9.08249484612283,38.6566003883028],[-9.08237751567014,38.6566475840899],[-9.08219877481701,38.6565103022008],[-9.08209252681801,38.6562799439677],[-9.08195892918786,38.6562116616141],[-9.08176544801477,38.656074498617],[-9.08172000156538,38.6559823783504],[-9.08171725698806,38.6557743020518],[-9.08164202047339,38.6556593015786],[-9.08152240431558,38.6555331000225],[-9.08159504876609,38.6554515839069],[-9.08204946712434,38.6552513605085],[-9.08257789811093,38.6550736563561],[-9.08310922766098,38.6551155866322],[-9.08355225848096,38.6551697928856],[-9.08387689298742,38.655190276345],[-9.08409924837225,38.6552809575884],[-9.08426064862755,38.6552218399451],[-9.08461278053541,38.6550918045146],[-9.08534970260556,38.655257296659],[-9.08554994050521,38.655533131052],[-9.0860427795748,38.6556370193994],[-9.08641972388289,38.6558959980143],[-9.08751044321371,38.6566115957415],[-9.08778277274516,38.6563935667356],[-9.08794125236007,38.656484761943],[-9.08913089528507,38.6572457802837],[-9.08962539106513,38.6574729576523],[-9.08956867504366,38.6576429835984],[-9.08943353575333,38.6578290652283],[-9.09034514291781,38.6583765372908],[-9.09044486468172,38.6584836243856],[-9.08987175127879,38.6589820423387],[-9.08973963421566,38.6588907477136],[-9.08920560827528,38.6586484786676],[-9.08845392463586,38.6583000818617],[-9.08774626890563,38.6583058596507],[-9.08759085301211,38.6584458611616],[-9.08724561364167,38.6590960948142],[-9.08671287076045,38.6598483549302],[-9.08648966668113,38.6598743510593],[-9.08448849032396,38.661099087055],[-9.084134821334,38.6613155276523],[-9.08385194329919,38.66110972904]]]}},{"type":"Feature","id":"CRUS_Barreiro_V.34590","properties":{"AREA_HA":4.67468041301053,"Autor":"DGT","Categoria_2021":"Espaço Verde","Classe_2021":"Solo Urbano","DTCC":"1504","Data_Pub_Origem":"1994-05-04T00:00:00","Designacao_no_plano":"Espaço Verde de Recreio e Lazer e de Protecção e Enquadramento","Escala_origem":"1/25000","Fonte":"CM - Raster","ID1":34590,"Municipio":"BARREIRO"},"geometry":{"type":"Polygon","coordinates":[[[-9.0528805111771,38.6625473594828],[-9.05139797902512,38.6617786599814],[-9.0511251908792,38.6617808013396],[-9.05110838429496,38.6618750715519],[-9.05059852638347,38.6614111397174],[-9.05059658828493,38.6613945792626],[-9.05057513698717,38.6613614205569],[-9.05047967168766,38.6611910205662],[-9.05045779074666,38.6611331814294],[-9.05048113227287,38.6610267046184],[-9.05053308852997,38.6606784127443],[-9.05054067243304,38.6606152106339],[-9.05343622100639,38.6610786556184],[-9.05468549756609,38.6612785842912],[-9.05469363001309,38.6615670875561],[-9.05470299594726,38.6618993825697],[-9.05387732031,38.6622721387905],[-9.0528805111771,38.6625473594828]]]}},{"type":"Feature","id":"CRUS_Barreiro_V.34591","properties":{"AREA_HA":8.79011423718035,"Autor":"DGT","Categoria_2021":"Espaço Verde","Classe_2021":"Solo Urbano","DTCC":"1504","Data_Pub_Origem":"1994-05-04T00:00:00","Designacao_no_plano":"Espaço Verde de Recreio e Lazer e de Protecção e Enquadramento","Escala_origem":"1/25000","Fonte":"CM - Raster","ID1":34591,"Municipio":"BARREIRO"},"geometry":{"type":"Polygon","coordinates":[[[-9.09152286127411,38.6600960515835],[-9.09097652822644,38.6606801484617],[-9.09040904903351,38.6610643815491],[-9.09030938492015,38.6613311006973],[-9.09014982254862,38.6615289437983],[-9.08997443912982,38.6616459891659],[-9.08966482493086,38.6616485216877],[-9.08949811903924,38.6618637636172],[-9.08951921197026,38.6619714934334],[-9.08961852754133,38.6620477555046],[-9.08946372356178,38.6622339969845],[-9.08848163302025,38.6623036818599],[-9.08781325378772,38.6623091394082],[-9.08614965972111,38.6628776362509],[-9.08503321240133,38.6631950222938],[-9.08436706736345,38.6633700031478],[-9.0838238553841,38.6624341235207],[-9.0844279592465,38.6620284294609],[-9.08492104555268,38.6621477356033],[-9.08543006657157,38.6618181485104],[-9.08675337814402,38.6609612928728],[-9.087344082921,38.6605905179573],[-9.08956743292309,38.659246693792],[-9.09010413117124,38.6596893303416],[-9.09008673032139,38.6598590347987],[-9.08961761440744,38.6600632631237],[-9.08864333675449,38.6607186440483],[-9.08804295251572,38.6614017938254],[-9.0884037580035,38.6619229472492],[-9.08992888639911,38.6612938932933],[-9.0906293873168,38.6607486456295],[-9.09152286127411,38.6600960515835]]]}},{"type":"Feature","id":"CRUS_Barreiro_V.34592","properties":{"AREA_HA":7.93478216025606,"Autor":"DGT","Categoria_2021":"Espaço de Atividades Económicas","Classe_2021":"Solo Urbano","DTCC":"1504","Data_Pub_Origem":"1994-05-04T00:00:00","Designacao_no_plano":"Espaços Industriais - Espaço Industrial em Área Consolidada","Escala_origem":"1/25000","Fonte":"CM - Raster","ID1":34592,"Municipio":"BARREIRO"},"geometry":{"type":"Polygon","coordinates":[[[-9.0793992279833,38.6517736784239],[-9.07942038459692,38.651711271771],[-9.07965526842161,38.6517376654967],[-9.07965340689107,38.6515962069332],[-9.0800329769337,38.6516497240909],[-9.08001810377998,38.6518903495586],[-9.08063367863174,38.6520551334446],[-9.08088884099804,38.6522511291021],[-9.08068168494857,38.6529601763094],[-9.08005348910582,38.6545780621469],[-9.07990472259037,38.6556120233744],[-9.07927982576984,38.656112237706],[-9.07975595324877,38.656645984277],[-9.0795422583428,38.6568599242772],[-9.07980169893438,38.6570370264965],[-9.07941151397997,38.6572668884542],[-9.07875572398176,38.6567911824223],[-9.07872678210267,38.656760451367],[-9.07836310884458,38.6563743015499],[-9.077964923759,38.6559499471163],[-9.07789904453083,38.6558797375362],[-9.07771001079549,38.6556782777006],[-9.07770436001574,38.6556722555366],[-9.07784250998144,38.6555923097826],[-9.07802667067668,38.6554857365264],[-9.07879514650077,38.6535554852666],[-9.0793992279833,38.6517736784239]]]}},{"type":"Feature","id":"CRUS_Barreiro_V.34593","properties":{"AREA_HA":14.2746138947788,"Autor":"DGT","Categoria_2021":"Espaço Habitacional","Classe_2021":"Solo Urbano","DTCC":"1504","Data_Pub_Origem":"1994-05-04T00:00:00","Designacao_no_plano":"Espaços Urbanos - Habitação em Área Consolidada","Escala_origem":"1/25000","Fonte":"CM - Raster","ID1":34593,"Municipio":"BARREIRO"},"geometry":{"type":"Polygon","coordinates":[[[-9.04968605445581,38.6274919206923],[-9.04920425959465,38.6268000134305],[-9.04898389762934,38.6269060909146],[-9.04836983740377,38.6262731886956],[-9.04733897242448,38.6265711158458],[-9.04677644333658,38.6267439720185],[-9.04654780885254,38.6265107483421],[-9.04554675878251,38.62524505914],[-9.04531466084267,38.6242023111754],[-9.04531358344761,38.624189418205],[-9.04524142549638,38.6233255987896],[-9.04597311524016,38.6237642724581],[-9.04622979051771,38.6239656088664],[-9.0467195540874,38.6243497750828],[-9.0474068889544,38.6249357347274],[-9.04849724905172,38.6258315943555],[-9.04876224152815,38.6257483579827],[-9.0489978225153,38.6256769455508],[-9.04884486963452,38.6252723290385],[-9.04940381695692,38.6250592483257],[-9.04871407134782,38.623358708512],[-9.04862561779477,38.6231406223947],[-9.04850321523412,38.622789982197],[-9.04880200981926,38.622723536268],[-9.04929625987001,38.6228627567099],[-9.04989923669687,38.6230691557406],[-9.05035881268243,38.6232264658433],[-9.05069694806858,38.6239965002344],[-9.05255818209186,38.6240534330404],[-9.05255893715909,38.6242469917199],[-9.05241938195148,38.6243268576675],[-9.0511443347598,38.6247789262892],[-9.05123906905987,38.6252535651132],[-9.05037198264286,38.6256429905982],[-9.05056395767336,38.6267893588527],[-9.05136899053235,38.6273279927512],[-9.05102167575102,38.62791045241],[-9.05017835481069,38.6278474974527],[-9.04968605445581,38.6274919206923]]]}},{"type":"Feature","id":"CRUS_Barreiro_V.34594","properties":{"AREA_HA":51.6812652683466,"Autor":"DGT","Categoria_2021":"Espaço Habitacional","Classe_2021":"Solo Urbano","DTCC":"1504","Data_Pub_Origem":"1994-05-04T00:00:00","Designacao_no_plano":"Espaços Urbanos - Habitação em Área Consolidada","Escala_origem":"1/25000","Fonte":"CM - Raster","ID1":34594,"Municipio":"BARREIRO"},"geometry":{"type":"Polygon","coordinates":[[[-9.03490050533728,38.6332515686402],[-9.03455321082706,38.6331970087851],[-9.03441015059329,38.6334270547554],[-9.03389656370527,38.6346615839385],[-9.03346879740962,38.6354661806465],[-9.03323720501533,38.6359115407958],[-9.03323220625609,38.6369704442257],[-9.03319697553163,38.6370708786862],[-9.03271015519619,38.6370950913724],[-9.03217596730702,38.6371216568562],[-9.0316827223371,38.6370682101563],[-9.03155868691841,38.6372093211239],[-9.03148482692851,38.6372084506541],[-9.03140395533543,38.6371221041818],[-9.03134852355875,38.6370629198242],[-9.03074475747977,38.636924463616],[-9.03065519505237,38.6355944148998],[-9.03101181419176,38.6349334649451],[-9.03099914121038,38.6339176238056],[-9.03152813155136,38.6339135626244],[-9.03193927870392,38.6332378816463],[-9.03231482966988,38.6326340176051],[-9.0325278190516,38.6321601834286],[-9.03228443463576,38.6316612395854],[-9.03305697008468,38.6307109054701],[-9.03325475010446,38.6304804400513],[-9.03387509459215,38.6304899747744],[-9.03375849387795,38.62991851191],[-9.03364136136122,38.6291706306574],[-9.0336197161088,38.6290324223766],[-9.03362997154936,38.6289071473665],[-9.03365136287569,38.6286458358138],[-9.03275046472896,38.6280804060867],[-9.0320192741446,38.6279572459398],[-9.03134405311271,38.6279338132673],[-9.03126935973192,38.6288693029397],[-9.03126517241566,38.6289217404897],[-9.03069884629583,38.6288545419006],[-9.03069692549026,38.6287975652171],[-9.03064096127382,38.6271379051579],[-9.03058017884765,38.6266518646883],[-9.03046681989201,38.6263379359106],[-9.03046325323203,38.6260517827391],[-9.03019548652646,38.625689409608],[-9.03014784182279,38.6256249311193],[-9.03004326089242,38.6255784143441],[-9.02923072858526,38.6252169981289],[-9.02838640333855,38.62479419157],[-9.02872742248247,38.6243480017136],[-9.02886585550432,38.6237459628178],[-9.03013417180349,38.6230637223812],[-9.03011856440275,38.6229356073879],[-9.03010648344113,38.6228364362699],[-9.0300732185361,38.6225633732461],[-9.03144465315608,38.6228390319504],[-9.03206689780753,38.6230059612022],[-9.03309092398416,38.6232127234667],[-9.03435581665437,38.6237181115074],[-9.03447733706058,38.6237993768494],[-9.0344038767652,38.623957764429],[-9.034226325571,38.6243454753164],[-9.03438475151213,38.6244628230285],[-9.0345141644902,38.6245586800669],[-9.03472342655518,38.624713680378],[-9.03479960726676,38.6249706551192],[-9.03480038670414,38.6250328913662],[-9.03480372859061,38.6252997309791],[-9.0352473771516,38.6257685083268],[-9.03568834095251,38.6260226690867],[-9.03594673780352,38.6262639287008],[-9.03611896563577,38.6269065043211],[-9.03486995437314,38.6276745155705],[-9.03521746594455,38.6279959454264],[-9.03509373510506,38.6287491964588],[-9.03533623088818,38.6291765966605],[-9.03547616097995,38.6295062138715],[-9.0356485723569,38.6301630986333],[-9.03621049717603,38.6318325750215],[-9.03547189017804,38.6319707181837],[-9.03575428948168,38.6326696802533],[-9.03589202462299,38.6334699204995],[-9.03582713547436,38.6341143261493],[-9.03527134677266,38.6348912985708],[-9.03493014061683,38.6353231988865],[-9.03513037807439,38.6366689592772],[-9.03520906487328,38.6371977853669],[-9.03454633465019,38.6370175619682],[-9.03454506207862,38.6370070152219],[-9.03434277358684,38.6353306699628],[-9.03489122698218,38.6339670890475],[-9.03508667892394,38.6335506219348],[-9.03502944594797,38.6333507372006],[-9.03490050533728,38.6332515686402]]]}},{"type":"Feature","id":"CRUS_Barreiro_V.34595","properties":{"AREA_HA":22.3597269935246,"Autor":"DGT","Categoria_2021":"Espaço Habitacional","Classe_2021":"Solo Urbano","DTCC":"1504","Data_Pub_Origem":"1994-05-04T00:00:00","Designacao_no_plano":"Espaços Urbanos - Habitação em Área Consolidada","Escala_origem":"1/25000","Fonte":"CM - Raster","ID1":34595,"Municipio":"BARREIRO"},"geometry":{"type":"Polygon","coordinates":[[[-9.04377570011735,38.6407072344349],[-9.04459201096132,38.6395917610135],[-9.04458011247583,38.6395307709918],[-9.04481951130385,38.6395862147436],[-9.04501807533174,38.6390588127767],[-9.04532498131988,38.6387517188771],[-9.04545044949862,38.6386261725251],[-9.04573599477081,38.6384844320804],[-9.04502830528175,38.6377065352871],[-9.04489189821228,38.6377397933217],[-9.04466467541663,38.6379554784405],[-9.04431052474813,38.6382916410217],[-9.04408201315176,38.6386153731863],[-9.04383214142976,38.6388877450967],[-9.04373436750223,38.6388579508925],[-9.04303497338075,38.6387346128858],[-9.0429264914526,38.6388214007078],[-9.04241005629157,38.6387299323864],[-9.04238417249093,38.6377642777329],[-9.04283498244446,38.6377071146171],[-9.04280882230267,38.6367199985571],[-9.04242303383533,38.6365083627622],[-9.04237015588785,38.6363321004378],[-9.04209856517861,38.6364951868904],[-9.04187549804647,38.6364629622205],[-9.04160509221381,38.6364238983062],[-9.04100636665186,38.636686107585],[-9.04050408216898,38.6370012250356],[-9.03983696698812,38.6361800536775],[-9.03961522903545,38.6359564056301],[-9.04061778332084,38.6354486131584],[-9.04018744920776,38.6349582906055],[-9.0390872010766,38.6343834935406],[-9.03903958737174,38.6343586189519],[-9.03936374714253,38.6342237500635],[-9.03987234717166,38.6340121398132],[-9.04005586286865,38.6339357845638],[-9.04004523087261,38.6338300924591],[-9.03997244256469,38.6331065098419],[-9.04011548426812,38.632876457281],[-9.04043876849033,38.6324732985822],[-9.0411861875401,38.6331710035296],[-9.04147252235627,38.6334382876061],[-9.04287709623673,38.6348725805428],[-9.04422609460794,38.6362357441401],[-9.04549945631164,38.6373848474509],[-9.04747603874753,38.6390745672462],[-9.04838059518134,38.6406370595728],[-9.04829854621096,38.6406156362686],[-9.04801728202861,38.6405899149769],[-9.04752179955662,38.6405898380982],[-9.04727667545274,38.6406058127546],[-9.04689731417505,38.6406476554301],[-9.04680723565716,38.6406575904784],[-9.04648853905606,38.640696116851],[-9.04599092732435,38.6407361314498],[-9.04562337862788,38.6407530597288],[-9.04528929855732,38.6407917037349],[-9.04501403935726,38.640831958333],[-9.04459639917644,38.6409293545513],[-9.04451859451407,38.6409344674809],[-9.04427366876035,38.6408666612015],[-9.04394489152438,38.640762304944],[-9.04377570011735,38.6407072344349]]]}},{"type":"Feature","id":"CRUS_Barreiro_V.34596","properties":{"AREA_HA":2.36263805323523,"Autor":"DGT","Categoria_2021":"Espaço Habitacional","Classe_2021":"Solo Urbano","DTCC":"1504","Data_Pub_Origem":"1994-05-04T00:00:00","Designacao_no_plano":"Espaços Urbanos - Habitação em Área Consolidada","Escala_origem":"1/25000","Fonte":"CM - Raster","ID1":34596,"Municipio":"BARREIRO"},"geometry":{"type":"Polygon","coordinates":[[[-9.0549796018675,38.6390224849972],[-9.05431366806184,38.6386416331441],[-9.05407656285102,38.6387979394591],[-9.05388555427646,38.6387002238389],[-9.0538883979118,38.6386933021896],[-9.05412477087452,38.638329104272],[-9.05410288482576,38.6380493080937],[-9.05490236080688,38.6384825574077],[-9.05489041667277,38.638648121329],[-9.05555465682189,38.6388966072272],[-9.05558788954647,38.6388521588834],[-9.05580355972479,38.6385637038251],[-9.05601451393798,38.6385620397727],[-9.05628455086649,38.6387805360946],[-9.05661141211943,38.6390427082396],[-9.05661608069119,38.6394064903086],[-9.05661679124549,38.6394618571805],[-9.05653495610652,38.6396610676202],[-9.05683468488335,38.6400006729479],[-9.05678281909598,38.6403430541227],[-9.05698738400744,38.6405643708118],[-9.05709661580632,38.6406825476437],[-9.05704584405367,38.6407454672054],[-9.05694431951849,38.6408712835918],[-9.05671773730564,38.6407517280335],[-9.05662039077076,38.6406511371155],[-9.05640042706725,38.6404238392683],[-9.05593374984041,38.6399415950143],[-9.05571968029863,38.6397005940415],[-9.0549796018675,38.6390224849972]]]}},{"type":"Feature","id":"CRUS_Barreiro_V.34597","properties":{"AREA_HA":1.03027323468104,"Autor":"DGT","Categoria_2021":"Espaço Habitacional","Classe_2021":"Solo Urbano","DTCC":"1504","Data_Pub_Origem":"1994-05-04T00:00:00","Designacao_no_plano":"Espaços Urbanos - Habitação em Área Consolidada","Escala_origem":"1/25000","Fonte":"CM - Raster","ID1":34597,"Municipio":"BARREIRO"},"geometry":{"type":"Polygon","coordinates":[[[-9.05884913726711,38.6395140785427],[-9.05924277935139,38.6394999306723],[-9.05956724036098,38.6395745812258],[-9.05972364600111,38.6397057184201],[-9.05985192483483,38.6398370791247],[-9.05987181294128,38.6402892065947],[-9.0593657960832,38.6403152767763],[-9.05924234403963,38.6405589435777],[-9.05914730399608,38.6408244478423],[-9.0587844773167,38.6410479462988],[-9.05867168092492,38.6410267762904],[-9.05866628952943,38.6406076277052],[-9.05879286532232,38.6406066261798],[-9.0588663227613,38.6397566319723],[-9.05884913726711,38.6395140785427]]]}},{"type":"Feature","id":"CRUS_Barreiro_V.34598","properties":{"AREA_HA":1.82786939970307,"Autor":"DGT","Categoria_2021":"Espaço Habitacional","Classe_2021":"Solo Urbano","DTCC":"1504","Data_Pub_Origem":"1994-05-04T00:00:00","Designacao_no_plano":"Espaços Urbanos - Habitação em Área Consolidada","Escala_origem":"1/25000","Fonte":"CM - Raster","ID1":34598,"Municipio":"BARREIRO"},"geometry":{"type":"Polygon","coordinates":[[[-9.04957400350075,38.6422438038032],[-9.04932819088495,38.6418011036786],[-9.04913549467658,38.6414785661432],[-9.04940663391847,38.6413695738667],[-9.04987543849684,38.6413659008778],[-9.05015672143251,38.6413636961811],[-9.05088918220712,38.641446202941],[-9.05184766946271,38.6415945509077],[-9.05186214718168,38.6415967919075],[-9.05172125443893,38.6420185454214],[-9.05132737015143,38.6419401284532],[-9.05127467814334,38.6422200023316],[-9.05022473084889,38.6422429468055],[-9.04965615534447,38.6424030611549],[-9.04957400350075,38.6422438038032]]]}},{"type":"Feature","id":"CRUS_Barreiro_V.34599","properties":{"AREA_HA":44.972925426905,"Autor":"DGT","Categoria_2021":"Espaço Habitacional","Classe_2021":"Solo Urbano","DTCC":"1504","Data_Pub_Origem":"1994-05-04T00:00:00","Designacao_no_plano":"Espaços Urbanos - Habitação em Área Consolidada","Escala_origem":"1/25000","Fonte":"CM - Raster","ID1":34599,"Municipio":"BARREIRO"},"geometry":{"type":"Polygon","coordinates":[[[-9.0619375423304,38.6480628569082],[-9.06168841927449,38.6474386214444],[-9.06069474380657,38.6474937667501],[-9.05985110691189,38.6475004534793],[-9.0596703279511,38.6475018855552],[-9.05950400486889,38.647455941308],[-9.05915568661905,38.6473169155066],[-9.05900503803206,38.6473181080208],[-9.05885560450804,38.6474138129525],[-9.05870586773475,38.647485890212],[-9.05860026125198,38.6474749108536],[-9.05852799529541,38.6465420706704],[-9.05840641313489,38.6464603251544],[-9.05745733477078,38.6464678285632],[-9.05750556578778,38.6467037535045],[-9.05768740569623,38.6467850246002],[-9.05773730682712,38.6471509050947],[-9.05742202733888,38.6473026635409],[-9.05736296165377,38.647331093895],[-9.05722707384815,38.647308536706],[-9.05660850252443,38.6472425294393],[-9.05630599142238,38.6471503950456],[-9.05622626056195,38.6471562399194],[-9.0557954611034,38.6466852186833],[-9.05536412945038,38.6466886201207],[-9.05528345914014,38.6462480026758],[-9.05483450730645,38.6463397919234],[-9.05437274788539,38.645431504899],[-9.0543119691709,38.6450789808923],[-9.05393709417131,38.6450966407491],[-9.05361753828211,38.6450403224488],[-9.05315316873329,38.6439261332484],[-9.05304328473922,38.6434520275271],[-9.05303407116818,38.6434122736109],[-9.05290971001688,38.642486618996],[-9.05310327447354,38.6421646905417],[-9.05363640291143,38.6422029785168],[-9.0537632534202,38.6422120881899],[-9.05404208669866,38.640705415167],[-9.05438624034612,38.6406685828609],[-9.05440974955415,38.6407873886378],[-9.05458675522264,38.6416818872107],[-9.05514913433261,38.6416627476021],[-9.05606554238669,38.6414643107621],[-9.05691259229036,38.6411773960777],[-9.05699918657878,38.6411480639229],[-9.05710905430487,38.6409412776209],[-9.05743256295318,38.6413064330683],[-9.0570609189547,38.6415741208775],[-9.05657551225358,38.6417272648037],[-9.05586549162109,38.6419512686153],[-9.05587020681991,38.6423189425623],[-9.05602418752982,38.6426266056139],[-9.05660645955458,38.6426955529378],[-9.05765395356566,38.6424813603888],[-9.05765017407968,38.6421872208489],[-9.05804359594118,38.6421546941758],[-9.05835784693044,38.6417992063121],[-9.05860332915309,38.6419296403715],[-9.05922745467901,38.6423365379316],[-9.05983662336513,38.6430377190334],[-9.06057941812148,38.644475487865],[-9.06059163242874,38.644649937106],[-9.06141152624412,38.6459194906676],[-9.06287211391275,38.6454667843007],[-9.06281443642849,38.6441124175727],[-9.06144643288662,38.6437443478941],[-9.06145295069238,38.6433043632758],[-9.06248472528531,38.6433255882166],[-9.06255821651759,38.6432073367961],[-9.06342142726349,38.6432434344424],[-9.06342859181913,38.6432967005574],[-9.06345682389331,38.6439266280287],[-9.06383906079111,38.6439708481199],[-9.06428491565856,38.6458262470733],[-9.06456173792998,38.6470370840257],[-9.0646047672076,38.6472572949817],[-9.06460721476855,38.6474463207793],[-9.0646108861472,38.6477298590135],[-9.06461414965121,38.6479818939885],[-9.06435453413303,38.6482902170559],[-9.06301655115331,38.6486824656906],[-9.06254987201482,38.6483238382717],[-9.0619375423304,38.6480628569082]]]}},{"type":"Feature","id":"CRUS_Barreiro_V.34600","properties":{"AREA_HA":5.74038071107268,"Autor":"DGT","Categoria_2021":"Espaço Habitacional","Classe_2021":"Solo Urbano","DTCC":"1504","Data_Pub_Origem":"1994-05-04T00:00:00","Designacao_no_plano":"Espaços Urbanos - Habitação em Área Consolidada","Escala_origem":"1/25000","Fonte":"CM - Raster","ID1":34600,"Municipio":"BARREIRO"},"geometry":{"type":"Polygon","coordinates":[[[-9.05063350138498,38.6482525713155],[-9.05004545238987,38.6473103813814],[-9.05003097893665,38.6472114090773],[-9.05002569070478,38.6471485212504],[-9.05002380333526,38.6471260717898],[-9.0500263733457,38.647012731379],[-9.05003364344286,38.6468624220525],[-9.05003127349048,38.6467578581594],[-9.05002116614608,38.6466052546685],[-9.05001216598385,38.64645840584],[-9.04999372382952,38.6463005529236],[-9.04996194226789,38.6461954097235],[-9.04993163839099,38.646132302676],[-9.05025434419892,38.6461128883247],[-9.05058486374834,38.6460394049782],[-9.05141130921373,38.6458675045312],[-9.05142335850949,38.6456311037486],[-9.05230564615806,38.6454557688401],[-9.05222972962283,38.6458029489008],[-9.05207950301531,38.6466233259103],[-9.05235552106258,38.6477869381452],[-9.05237040979564,38.6478059632266],[-9.05247805383169,38.647943513166],[-9.05276345246416,38.6478721843862],[-9.05325901937055,38.6477483271891],[-9.05356079776275,38.647955398883],[-9.05342371339918,38.6479834232261],[-9.05309988234646,38.6480496249371],[-9.05233900041108,38.6482446520373],[-9.05208249934932,38.6486090040596],[-9.05165176614408,38.6489416850067],[-9.05063350138498,38.6482525713155]]]}},{"type":"Feature","id":"CRUS_Barreiro_V.34601","properties":{"AREA_HA":5.13377372613456,"Autor":"DGT","Categoria_2021":"Espaço Habitacional","Classe_2021":"Solo Urbano","DTCC":"1504","Data_Pub_Origem":"1994-05-04T00:00:00","Designacao_no_plano":"Espaços Urbanos - Habitação em Área Consolidada","Escala_origem":"1/25000","Fonte":"CM - Raster","ID1":34601,"Municipio":"BARREIRO"},"geometry":{"type":"Polygon","coordinates":[[[-9.05608282696796,38.6533602145422],[-9.05604118538792,38.6527723097792],[-9.05590360805225,38.6526798125903],[-9.05550470184603,38.6526954773541],[-9.05543006316119,38.6521966183401],[-9.05523405528085,38.6521863487553],[-9.05525782585273,38.6516899170084],[-9.0553771401073,38.6515944541589],[-9.05537653418486,38.651547197395],[-9.05601807347001,38.6513214938111],[-9.05644150579214,38.6511725202413],[-9.05665303247623,38.6512181118961],[-9.0566606683434,38.6509220819026],[-9.05778374579158,38.6510555065393],[-9.05785089426177,38.6515906040484],[-9.05832385317806,38.6524375679795],[-9.05834004043926,38.6525241197015],[-9.05838857544925,38.652783639036],[-9.05837990433165,38.6530078426874],[-9.05815812022433,38.6529962280248],[-9.05805686850424,38.6530772425034],[-9.05749585839605,38.6532019975653],[-9.05608282696796,38.6533602145422]]]}},{"type":"Feature","id":"CRUS_Barreiro_V.34602","properties":{"AREA_HA":153.857445005356,"Autor":"DGT","Categoria_2021":"Espaço Habitacional","Classe_2021":"Solo Urbano","DTCC":"1504","Data_Pub_Origem":"1994-05-04T00:00:00","Designacao_no_plano":"Espaços Urbanos - Habitação em Área Consolidada","Escala_origem":"1/25000","Fonte":"CM - Raster","ID1":34602,"Municipio":"BARREIRO"},"geometry":{"type":"Polygon","coordinates":[[[-9.04706176226309,38.6704113826307],[-9.04703116643221,38.6703549595431],[-9.04694771387577,38.6701541114849],[-9.0469043996548,38.6700730175123],[-9.0468720151075,38.6700207565423],[-9.04678953188292,38.6698954689737],[-9.04658540656118,38.6696292679365],[-9.0465082459229,38.6695069130306],[-9.04647105305016,38.6694919826557],[-9.04637969022726,38.669364242783],[-9.04626147841685,38.6692035647861],[-9.04622692524318,38.6691155623581],[-9.04618980467992,38.6691062135915],[-9.04593168980889,38.6686056858596],[-9.04585527521436,38.6684157636784],[-9.04568265152327,38.6679877978502],[-9.0456073107551,38.6678820947276],[-9.04556360618687,38.6677705597789],[-9.04553598726305,38.6676769162511],[-9.0455507396936,38.6675717650231],[-9.04590213168258,38.6675206438049],[-9.04627136098145,38.6674625361778],[-9.04655445244964,38.6674341095594],[-9.04715078092099,38.6673808849221],[-9.04742513442569,38.6673525199818],[-9.04792123332415,38.6673139490554],[-9.04799330814588,38.6673078931028],[-9.04805113965727,38.6672840180799],[-9.04825375343213,38.6670268764847],[-9.04836459060934,38.6668797163561],[-9.0484855164009,38.6666950984124],[-9.04858561123818,38.6665257750537],[-9.04860938819949,38.6664620806455],[-9.04862202002038,38.6663446992343],[-9.04863135991337,38.6662479719394],[-9.04866404379178,38.66618952793],[-9.04877221449184,38.6661127372627],[-9.04888584300281,38.666049691428],[-9.04906618194522,38.6659736938099],[-9.04916783515534,38.6659356018012],[-9.04923068476075,38.6658909693617],[-9.0492670086001,38.6658380789385],[-9.0492488136849,38.6657899394046],[-9.04979146871079,38.6656971568082],[-9.05092438516195,38.6653911778224],[-9.05211087791411,38.6650423238739],[-9.05266731016743,38.6648115934971],[-9.05322319568162,38.6645384217222],[-9.05321866974981,38.664184772968],[-9.05333736459387,38.6635896506936],[-9.05353492575986,38.6635173589236],[-9.05404808602291,38.6641358030363],[-9.05433676763315,38.6641335296398],[-9.05440948155302,38.6641753990554],[-9.05452081931648,38.6644150269503],[-9.05524143681431,38.6643244643528],[-9.05543881768504,38.6642380237116],[-9.05470686901656,38.6620368044805],[-9.05470299594726,38.6618993825697],[-9.05469363001309,38.6615670875561],[-9.05468549756609,38.6612785842912],[-9.05467544337415,38.6609218838347],[-9.05467377894668,38.660862834074],[-9.0548357913464,38.6608332632774],[-9.05566625664283,38.6608691581074],[-9.05570125160546,38.6607839977241],[-9.05593325264588,38.6605841046199],[-9.05593071100287,38.6603860608687],[-9.05596225484597,38.660032128349],[-9.05614067289724,38.6598750988608],[-9.05675771908774,38.6601531750829],[-9.05755300290643,38.6602600716261],[-9.05832860956402,38.6602397918779],[-9.05853053669108,38.6595914043241],[-9.05855386534685,38.6595164937315],[-9.05883857577322,38.6593806905468],[-9.05921738907823,38.6591999996309],[-9.05921944658207,38.6591201533791],[-9.05924144790068,38.658266082911],[-9.05965402359527,38.6580788996048],[-9.06055534563874,38.6580151670909],[-9.06087736926434,38.6579860035893],[-9.0619250012504,38.6578911203353],[-9.06177512735131,38.6573718423179],[-9.06171723488271,38.6571712537467],[-9.06153043503485,38.656677579226],[-9.06131266838013,38.6565802760404],[-9.06116524025805,38.6563409398004],[-9.0608904333973,38.6560177302889],[-9.06073662182286,38.6552832874888],[-9.06052850940798,38.6545351269258],[-9.06059209707116,38.6538696953611],[-9.06111978985441,38.652818604393],[-9.06122309990272,38.6524358056338],[-9.06165678088698,38.6524889531146],[-9.0625430991136,38.6526658299494],[-9.06299774785816,38.6529451640158],[-9.06353893983177,38.6529408604453],[-9.06377422278335,38.6528684243224],[-9.06391631042294,38.6528246794725],[-9.064401054709,38.6524699945318],[-9.06454183723509,38.6523669838038],[-9.06481449972586,38.6522376937526],[-9.06493632603572,38.6521799259144],[-9.06565790723387,38.6521741754015],[-9.06648735844808,38.6521392646306],[-9.06688294268221,38.652037075876],[-9.06698016014449,38.651187457306],[-9.06712392280766,38.651143867251],[-9.06746648534749,38.6511269843245],[-9.06799477205018,38.6515188893919],[-9.06897975581081,38.6523457081127],[-9.06919408678912,38.6522958280936],[-9.06923157288586,38.6522871037962],[-9.07044063412505,38.6514428308247],[-9.07091216601726,38.6511135572401],[-9.07171401389387,38.6517296099824],[-9.07207622493316,38.6519394985897],[-9.07327974297425,38.6526368772935],[-9.07433973794688,38.6536752574237],[-9.07521159297684,38.654065205699],[-9.07478456532749,38.6544876395915],[-9.07423320021825,38.6556084162273],[-9.07362462930556,38.6568454346342],[-9.07286946355503,38.657966525253],[-9.07137201814777,38.6565921061693],[-9.07089617421499,38.6574589107677],[-9.07140888423361,38.658034840296],[-9.07046137892418,38.658707363797],[-9.06854716973526,38.659967655227],[-9.06813221583742,38.6599709731238],[-9.06760993200157,38.6600458843385],[-9.06554047859073,38.6604726736705],[-9.06323627434747,38.6608871455038],[-9.06195878382086,38.6611660974774],[-9.06203935740997,38.6618162361133],[-9.06205679820739,38.6618885724645],[-9.06123897033883,38.6621118905457],[-9.05962612000756,38.6619230775138],[-9.05919201893481,38.6618416310875],[-9.05967313684059,38.6613709578684],[-9.06013784473379,38.6606775922527],[-9.05960392813201,38.6606065985717],[-9.05946005090899,38.6605874674187],[-9.05846981190568,38.6604043160713],[-9.05838082702662,38.6608506628417],[-9.05863860515882,38.6609016751592],[-9.0585874839607,38.6611355115933],[-9.05830346132453,38.6611483691196],[-9.05829296327192,38.6613016298673],[-9.05826928301859,38.6616473340258],[-9.05757972398169,38.6616952284406],[-9.05750140047622,38.6619186679469],[-9.05893915499368,38.6621725596631],[-9.05852431979954,38.6625366000376],[-9.05769818295986,38.6635405224305],[-9.05730488537343,38.6639352190247],[-9.05680300111006,38.6644388788501],[-9.05749243148336,38.665204134981],[-9.05683466128996,38.665973289376],[-9.05678562105606,38.6663698020854],[-9.05640944073172,38.6665849830095],[-9.05661681979781,38.6672765660189],[-9.05611632834685,38.6676483480282],[-9.05462851294362,38.6684240365807],[-9.05472072561269,38.6685789305198],[-9.05574551628136,38.6696884911486],[-9.05612970817249,38.6700957328863],[-9.05605880239061,38.6701953237464],[-9.05548951279952,38.6703116834687],[-9.05426042968199,38.6696179991003],[-9.05471864615966,38.6694658418681],[-9.05456883147514,38.6693927485913],[-9.05417270641329,38.6691093854247],[-9.05400732137999,38.6688772560707],[-9.05377237102218,38.6684971275463],[-9.05367029169065,38.6683699578851],[-9.05366234361987,38.6683600566858],[-9.0535424505572,38.6685095477343],[-9.05332402445396,38.6683627190471],[-9.0532292950795,38.6683634643329],[-9.05307002584514,38.6686087594637],[-9.0528031701722,38.668907952188],[-9.05271346190903,38.6693012463475],[-9.05263633571545,38.6696201686809],[-9.05218178026196,38.6702739556751],[-9.05199841613957,38.6705376861617],[-9.0515054161604,38.6711463568638],[-9.05152443698817,38.6712564771885],[-9.051434837714,38.6712786261087],[-9.05075240187301,38.6715386343641],[-9.04954540556737,38.671703718884],[-9.0492559731044,38.6716493972767],[-9.04871319655789,38.6715404693861],[-9.04854827366628,38.6713436977691],[-9.04822023155771,38.6710916122419],[-9.04796653041918,38.6710087127878],[-9.04726082162981,38.6708586103716],[-9.04706176226309,38.6704113826307]],[[-9.06655990714354,38.6568296011374],[-9.0657312762931,38.6572723720388],[-9.06621599445935,38.6584115487404],[-9.06671417177709,38.6583699730806],[-9.06705676491303,38.6581641973937],[-9.06779821162226,38.657654433956],[-9.06736845359348,38.6570562669932],[-9.06755702045355,38.6568065997308],[-9.06713000271617,38.6564651329993],[-9.06655990714354,38.6568296011374]],[[-9.06602106194163,38.654800545937],[-9.06630162907323,38.6550331253739],[-9.06608791434465,38.6553155777875],[-9.06613646287765,38.6553898165845],[-9.06630969460239,38.6556547153129],[-9.06681465650497,38.6560426884106],[-9.0669554934608,38.6561508962147],[-9.06698536453021,38.6561305284093],[-9.06798215835349,38.6554508531221],[-9.06791562238343,38.6552508510671],[-9.06802886976351,38.6551095730815],[-9.06805326852858,38.6550191375235],[-9.06740627865914,38.6543855159975],[-9.06715959734974,38.6541439281213],[-9.06710660000306,38.6540794647311],[-9.06602106194163,38.654800545937]],[[-9.06533918293278,38.6547693368613],[-9.06571102214261,38.6545217094981],[-9.06684778924998,38.6537646612381],[-9.06580086820121,38.6528115369817],[-9.06579968596327,38.6528104609415],[-9.06579861871542,38.6528109883136],[-9.06546934751402,38.6529735210901],[-9.06503022938219,38.6526361126105],[-9.06400210605663,38.653199301669],[-9.06404089346713,38.6532556192252],[-9.064055495757,38.6533958768581],[-9.06406970879646,38.6535060570883],[-9.06405899948017,38.6536665698279],[-9.06389421571144,38.653778174543],[-9.06389681064284,38.6539786878179],[-9.06473760885262,38.6547239956179],[-9.06509404705774,38.6546008360037],[-9.06533918293278,38.6547693368613]]]}},{"type":"Feature","id":"CRUS_Barreiro_V.34603","properties":{"AREA_HA":3.72548615373275,"Autor":"DGT","Categoria_2021":"Espaço Habitacional","Classe_2021":"Solo Urbano (urbanizável – transitório)","DTCC":"1504","Data_Pub_Origem":"1994-05-04T00:00:00","Designacao_no_plano":"Espaços Urbanizáveis - Habitação em Área de Expansão","Escala_origem":"1/25000","Fonte":"CM - Raster","ID1":34603,"Municipio":"BARREIRO"},"geometry":{"type":"Polygon","coordinates":[[[-9.06533918293278,38.6547693368613],[-9.06509404705774,38.6546008360037],[-9.06473760885262,38.6547239956179],[-9.06389681064284,38.6539786878179],[-9.06389421571144,38.653778174543],[-9.06405899948017,38.6536665698279],[-9.06406970879646,38.6535060570883],[-9.064055495757,38.6533958768581],[-9.06404089346713,38.6532556192252],[-9.06400210605663,38.653199301669],[-9.06503022938219,38.6526361126105],[-9.06546934751402,38.6529735210901],[-9.06579861871542,38.6528109883136],[-9.06579968596327,38.6528104609415],[-9.06580086820121,38.6528115369817],[-9.06684778924998,38.6537646612381],[-9.06571102214261,38.6545217094981],[-9.06533918293278,38.6547693368613]]]}},{"type":"Feature","id":"CRUS_Barreiro_V.34604","properties":{"AREA_HA":59.583328115679,"Autor":"DGT","Categoria_2021":"Espaço Habitacional","Classe_2021":"Solo Urbano (urbanizável – transitório)","DTCC":"1504","Data_Pub_Origem":"1994-05-04T00:00:00","Designacao_no_plano":"Espaços Urbanizáveis - Habitação em Área de Expansão","Escala_origem":"1/25000","Fonte":"CM - Raster","ID1":34604,"Municipio":"BARREIRO"},"geometry":{"type":"Polygon","coordinates":[[[-9.05083354795217,38.6562233514304],[-9.0492873111573,38.655299647587],[-9.0486713676582,38.6557248490492],[-9.04840280353381,38.6559053567221],[-9.04835801139907,38.6558764563427],[-9.04810435981237,38.6557236882699],[-9.04792669423919,38.6555925788142],[-9.04771369915022,38.6554297623232],[-9.04751844478663,38.6551620478522],[-9.04748761147061,38.6550863538868],[-9.04745350732925,38.654880607704],[-9.04742170778435,38.6547290745432],[-9.04733772085282,38.6544936340919],[-9.04723592520148,38.6543480554519],[-9.0471259378921,38.6541459693815],[-9.04705411813701,38.6540360056026],[-9.0469509667163,38.6538021594648],[-9.04686663230715,38.6535390666776],[-9.04687105683263,38.6533276180586],[-9.04689577377122,38.6530582649031],[-9.04692906776994,38.6529033377494],[-9.04701253889041,38.6526748760167],[-9.04718533596945,38.6522800584441],[-9.04728895733079,38.6521273740721],[-9.04735409077066,38.6519832769223],[-9.04735680423372,38.6517816558657],[-9.04732379291402,38.6516700385665],[-9.04725304698773,38.6515090809743],[-9.04701068685579,38.6509695160583],[-9.04681113865794,38.6504808701105],[-9.04672808905732,38.6501833572138],[-9.04660440553995,38.6495543116914],[-9.0465478269145,38.6492606473088],[-9.04649369199722,38.6490055182165],[-9.0464473295146,38.6488195092563],[-9.04637696449467,38.6485888222172],[-9.04631704593491,38.648204023258],[-9.04628959589384,38.6480327289286],[-9.04628849597672,38.6479463512876],[-9.04629478628683,38.647854062527],[-9.04631632633013,38.6477955195511],[-9.04635751375983,38.6477555626149],[-9.0464713438373,38.6477011652],[-9.04664015136209,38.6476344468225],[-9.04676330285758,38.64759961206],[-9.04690606239284,38.6475892177544],[-9.04716967764089,38.6476070596188],[-9.04741269637124,38.6476401035044],[-9.04778189814573,38.6476513544156],[-9.04795765758284,38.6476522265764],[-9.0480898780415,38.6476348851751],[-9.04853473800036,38.6475078972103],[-9.04865492364685,38.6474835338996],[-9.0488794554878,38.647463126983],[-9.04911079824616,38.6474366309143],[-9.04934758262315,38.6474132436802],[-9.04953970291624,38.6473915552921],[-9.04993905585005,38.6473439154262],[-9.05004545238987,38.6473103813814],[-9.05063350138498,38.6482525713155],[-9.05165176614408,38.6489416850067],[-9.05208249934932,38.6486090040596],[-9.05209034746155,38.6492233401354],[-9.05238944002717,38.6490476987973],[-9.05292997800751,38.648901664881],[-9.05317041774643,38.6488525132974],[-9.05369026158522,38.6486593779741],[-9.05377484260658,38.6489895414743],[-9.05317444717951,38.6491675566217],[-9.05317585750921,38.649277822817],[-9.05350531404295,38.649905381874],[-9.05372607214989,38.6498878914094],[-9.0549124308639,38.6495504848281],[-9.05520728166245,38.6494666255932],[-9.05596837039593,38.6492873323696],[-9.05628605141691,38.6496259382895],[-9.05646531941317,38.6495063703645],[-9.05691844996639,38.6507670331902],[-9.05666309197307,38.6508281261041],[-9.0566606683434,38.6509220819026],[-9.05665303247623,38.6512181118961],[-9.05644150579214,38.6511725202413],[-9.05601807347001,38.6513214938111],[-9.05537653418486,38.651547197395],[-9.0553771401073,38.6515944541589],[-9.05525782585273,38.6516899170084],[-9.05523405528085,38.6521863487553],[-9.05543006316119,38.6521966183401],[-9.05550470184603,38.6526954773541],[-9.05547760258713,38.6526965414036],[-9.05363993774203,38.6529783967571],[-9.05376354569866,38.6533116470941],[-9.05490648067336,38.6546930142415],[-9.05516468420942,38.6562150372244],[-9.05383528799707,38.6562522468301],[-9.05296430357124,38.6561387793882],[-9.05259882132679,38.6568903127718],[-9.05090798799544,38.6566629518172],[-9.05075366064917,38.6565855468994],[-9.05083354795217,38.6562233514304]],[[-9.05289289776023,38.6520727460811],[-9.05450831437885,38.6511463135244],[-9.0541599655036,38.6506134284521],[-9.05369513143679,38.6503965340098],[-9.05335122682892,38.6502101947091],[-9.05304870717245,38.6501180520401],[-9.05274618826622,38.650025907677],[-9.05246416056091,38.6499651097874],[-9.0522632872379,38.6499666883705],[-9.05267832449147,38.6510031761454],[-9.05245897084804,38.651130930866],[-9.05289289776023,38.6520727460811]]]}},{"type":"Feature","id":"CRUS_Barreiro_V.34605","properties":{"AREA_HA":46.3524948285815,"Autor":"DGT","Categoria_2021":"Espaço Habitacional","Classe_2021":"Solo Urbano (urbanizável – transitório)","DTCC":"1504","Data_Pub_Origem":"1994-05-04T00:00:00","Designacao_no_plano":"Espaços Urbanizáveis - Habitação em Área de Expansão","Escala_origem":"1/25000","Fonte":"CM - Raster","ID1":34605,"Municipio":"BARREIRO"},"geometry":{"type":"Polygon","coordinates":[[[-9.05837990433165,38.6530078426874],[-9.05838857544925,38.652783639036],[-9.05834004043926,38.6525241197015],[-9.05832385317806,38.6524375679795],[-9.05785089426177,38.6515906040484],[-9.05778374579158,38.6510555065393],[-9.05892954868995,38.6511094590233],[-9.05910787425866,38.6510940480937],[-9.05933089526661,38.6510747734632],[-9.06041014220885,38.650640871662],[-9.06080257103838,38.6514727098269],[-9.06098376746705,38.6515027800285],[-9.06100730899726,38.6517704073871],[-9.06170432492029,38.651811958411],[-9.06193357851142,38.6518256239395],[-9.06217341678562,38.6518399201862],[-9.06243313376231,38.6517275807955],[-9.06245200084252,38.6516329078599],[-9.06246595446281,38.6514689544785],[-9.06250432535379,38.6510180950477],[-9.06270214743842,38.6507802163873],[-9.06239717183645,38.6504990722803],[-9.06154313224043,38.6497024115296],[-9.06247868184066,38.6490333234402],[-9.06203229265916,38.6486902860171],[-9.06254987201482,38.6483238382717],[-9.06301655115331,38.6486824656906],[-9.06435453413303,38.6482902170559],[-9.06439744918062,38.6482776352866],[-9.0646042322523,38.648732848256],[-9.06491239298044,38.6492252257491],[-9.06528118410161,38.64981446629],[-9.0658464858814,38.6500305125852],[-9.06624823017586,38.6500273084316],[-9.06624700412957,38.64993279607],[-9.06652843061785,38.6499463039462],[-9.06679385760079,38.6502750153452],[-9.06709516763177,38.6502726098997],[-9.06713370576304,38.6501462717707],[-9.06716979038602,38.6498309080429],[-9.06750881731087,38.6496391551794],[-9.06815180957051,38.6496497712805],[-9.06901719684649,38.6497688800478],[-9.07008879260131,38.6502959302622],[-9.07077894786497,38.6508417811631],[-9.0708674514558,38.6510223365443],[-9.07091216601726,38.6511135572401],[-9.07044063412505,38.6514428308247],[-9.06923157288586,38.6522871037962],[-9.06919408678912,38.6522958280936],[-9.06897975581081,38.6523457081127],[-9.06799477205018,38.6515188893919],[-9.06746648534749,38.6511269843245],[-9.06712392280766,38.651143867251],[-9.06698016014449,38.651187457306],[-9.06688294268221,38.652037075876],[-9.06648735844808,38.6521392646306],[-9.06565790723387,38.6521741754015],[-9.06493632603572,38.6521799259144],[-9.06481449972586,38.6522376937526],[-9.06454183723509,38.6523669838038],[-9.064401054709,38.6524699945318],[-9.06391631042294,38.6528246794725],[-9.06377422278335,38.6528684243224],[-9.06353893983177,38.6529408604453],[-9.06299774785816,38.6529451640158],[-9.0625430991136,38.6526658299494],[-9.06165678088698,38.6524889531146],[-9.06122309990272,38.6524358056338],[-9.06111978985441,38.652818604393],[-9.06059209707116,38.6538696953611],[-9.06052850940798,38.6545351269258],[-9.06073662182286,38.6552832874888],[-9.0608904333973,38.6560177302889],[-9.06116524025805,38.6563409398004],[-9.06131266838013,38.6565802760404],[-9.06153043503485,38.656677579226],[-9.06171723488271,38.6571712537467],[-9.06177512735131,38.6573718423179],[-9.0619250012504,38.6578911203353],[-9.06087736926434,38.6579860035893],[-9.06055534563874,38.6580151670909],[-9.05965402359527,38.6580788996048],[-9.05924144790068,38.658266082911],[-9.05921944658207,38.6591201533791],[-9.05921738907823,38.6591999996309],[-9.05883857577322,38.6593806905468],[-9.05855386534685,38.6595164937315],[-9.05853053669108,38.6595914043241],[-9.05832860956402,38.6602397918779],[-9.05755300290643,38.6602600716261],[-9.05675771908774,38.6601531750829],[-9.05614067289724,38.6598750988608],[-9.05596225484597,38.660032128349],[-9.05593071100287,38.6603860608687],[-9.05593325264588,38.6605841046199],[-9.05570125160546,38.6607839977241],[-9.05566625664283,38.6608691581074],[-9.0548357913464,38.6608332632774],[-9.05467377894668,38.660862834074],[-9.05467544337415,38.6609218838347],[-9.05449105366849,38.6608593606535],[-9.05470806551637,38.6604966906308],[-9.05501348673176,38.6590504404562],[-9.05545493818001,38.6575763789889],[-9.05584790548868,38.6576401245202],[-9.05636072634364,38.6577430291725],[-9.05653515681868,38.6580491374444],[-9.05754135363089,38.6580679270404],[-9.05753911971399,38.657894148438],[-9.05787991337314,38.6578780857301],[-9.05907312242622,38.6578552770308],[-9.05968358890978,38.6575964327477],[-9.0597843271238,38.6574753145591],[-9.05974592487517,38.6571413959931],[-9.05942442350115,38.6560075841277],[-9.05904920762895,38.6546736623829],[-9.05862252089176,38.6533134087122],[-9.05837990433165,38.6530078426874]]]}},{"type":"Feature","id":"CRUS_Barreiro_V.34606","properties":{"AREA_HA":1.62788700008541,"Autor":"DGT","Categoria_2021":"Espaço Habitacional","Classe_2021":"Solo Urbano (urbanizável – transitório)","DTCC":"1504","Data_Pub_Origem":"1994-05-04T00:00:00","Designacao_no_plano":"Espaços Urbanizáveis - Habitação em Área de Expansão","Escala_origem":"1/25000","Fonte":"CM - Raster","ID1":34606,"Municipio":"BARREIRO"},"geometry":{"type":"Polygon","coordinates":[[[-9.05838082702662,38.6608506628417],[-9.05846981190568,38.6604043160713],[-9.05946005090899,38.6605874674187],[-9.05960392813201,38.6606065985717],[-9.06013784473379,38.6606775922527],[-9.05967313684059,38.6613709578684],[-9.05919201893481,38.6618416310875],[-9.05826928301859,38.6616473340258],[-9.05829296327192,38.6613016298673],[-9.05830346132453,38.6611483691196],[-9.0585874839607,38.6611355115933],[-9.05863860515882,38.6609016751592],[-9.05838082702662,38.6608506628417]]]}},{"type":"Feature","id":"CRUS_Barreiro_V.34607","properties":{"AREA_HA":7.78971172704291,"Autor":"DGT","Categoria_2021":"Espaço Habitacional","Classe_2021":"Solo Urbano (urbanizável – transitório)","DTCC":"1504","Data_Pub_Origem":"1994-05-04T00:00:00","Designacao_no_plano":"Espaços Urbanizáveis - Habitação em Área de Expansão","Escala_origem":"1/25000","Fonte":"CM - Raster","ID1":34607,"Municipio":"BARREIRO"},"geometry":{"type":"Polygon","coordinates":[[[-9.09010413117124,38.6596893303416],[-9.08956743292309,38.659246693792],[-9.087344082921,38.6605905179573],[-9.08660877484716,38.6599953412824],[-9.08671287076045,38.6598483549302],[-9.08724561364167,38.6590960948142],[-9.08759085301211,38.6584458611616],[-9.08774626890563,38.6583058596507],[-9.08845392463586,38.6583000818617],[-9.08920560827528,38.6586484786676],[-9.08973963421566,38.6588907477136],[-9.08987175127879,38.6589820423387],[-9.08993805227324,38.6590278569611],[-9.09001791218326,38.6591196914923],[-9.08996099078565,38.6592743047732],[-9.09004105611335,38.6593815520935],[-9.09033920048561,38.6596257479298],[-9.09047680200986,38.6596246217291],[-9.09086396425129,38.6592068048805],[-9.09088396361753,38.6593613796426],[-9.09123553733753,38.6591889381435],[-9.09141306949682,38.6592337281135],[-9.09151464403927,38.6594795312898],[-9.09151752004106,38.6596953132651],[-9.0915195743452,38.6598494431137],[-9.09152286127411,38.6600960515835],[-9.0906293873168,38.6607486456295],[-9.08992888639911,38.6612938932933],[-9.0884037580035,38.6619229472492],[-9.08804295251572,38.6614017938254],[-9.08864333675449,38.6607186440483],[-9.08961761440744,38.6600632631237],[-9.09008673032139,38.6598590347987],[-9.09010413117124,38.6596893303416]]]}},{"type":"Feature","id":"CRUS_Barreiro_V.34608","properties":{"AREA_HA":23.952239408968,"Autor":"DGT","Categoria_2021":"Espaço Habitacional","Classe_2021":"Solo Urbano (urbanizável – transitório)","DTCC":"1504","Data_Pub_Origem":"1994-05-04T00:00:00","Designacao_no_plano":"Espaços Urbanizáveis - Habitação em Área de Expansão","Escala_origem":"1/25000","Fonte":"CM - Raster","ID1":34608,"Municipio":"BARREIRO"},"geometry":{"type":"Polygon","coordinates":[[[-9.06854716973526,38.659967655227],[-9.07046137892418,38.658707363797],[-9.07140888423361,38.658034840296],[-9.07089617421499,38.6574589107677],[-9.07137201814777,38.6565921061693],[-9.07286946355503,38.657966525253],[-9.07294366073302,38.6581215506189],[-9.07269422927491,38.6583640594721],[-9.07283985116099,38.6584619209877],[-9.07337867859922,38.6582736750213],[-9.07385615514215,38.6580938560912],[-9.07449185164533,38.6578544476574],[-9.07472780660352,38.6577627781422],[-9.07501244429478,38.6576521938593],[-9.07516433530467,38.6575996970197],[-9.07516118094474,38.6578154588988],[-9.07562080635525,38.6577799245553],[-9.07613065850871,38.6574468893549],[-9.07660287226921,38.6570644277153],[-9.07725538898735,38.6565359222263],[-9.077964923759,38.6559499471163],[-9.07836310884458,38.6563743015499],[-9.07872678210267,38.656760451367],[-9.07875572398176,38.6567911824223],[-9.07873591703686,38.6568068957853],[-9.0767557773972,38.6583776909011],[-9.07563198443176,38.6593629192871],[-9.07447115353738,38.6602776977644],[-9.07366807428543,38.6595767909753],[-9.07307733261002,38.6599352240386],[-9.07292451954716,38.6600111058739],[-9.07203853157807,38.6592747552175],[-9.07169150033033,38.6589521512701],[-9.07029202910789,38.6595575620359],[-9.06966684638634,38.6600435794399],[-9.06907552817249,38.6603595548388],[-9.06877010903926,38.6604610298187],[-9.06884779891627,38.6608848288459],[-9.06850813470364,38.6611280506135],[-9.06658813266484,38.6619497895732],[-9.06527473591821,38.6622432113916],[-9.06430156419616,38.6623358466675],[-9.06213468434883,38.662211604534],[-9.06205679820739,38.6618885724645],[-9.06203935740997,38.6618162361133],[-9.06195878382086,38.6611660974774],[-9.06323627434747,38.6608871455038],[-9.06554047859073,38.6604726736705],[-9.06760993200157,38.6600458843385],[-9.06813221583742,38.6599709731238],[-9.06854716973526,38.659967655227]]]}},{"type":"Feature","id":"CRUS_Barreiro_V.34609","properties":{"AREA_HA":2.01163295771545,"Autor":"DGT","Categoria_2021":"Espaço Habitacional","Classe_2021":"Solo Urbano (urbanizável – transitório)","DTCC":"1504","Data_Pub_Origem":"1994-05-04T00:00:00","Designacao_no_plano":"Espaços Urbanizáveis - Habitação em Área de Expansão","Escala_origem":"1/25000","Fonte":"CM - Raster","ID1":34609,"Municipio":"BARREIRO"},"geometry":{"type":"Polygon","coordinates":[[[-9.05426042968199,38.6696179991003],[-9.05355188516922,38.6697545349498],[-9.05313777829528,38.6698285294904],[-9.05290773119459,38.6701840229451],[-9.0527949690643,38.6701979929338],[-9.05218178026196,38.6702739556751],[-9.05263633571545,38.6696201686809],[-9.05271346190903,38.6693012463475],[-9.0528031701722,38.668907952188],[-9.05307002584514,38.6686087594637],[-9.0532292950795,38.6683634643329],[-9.05332402445396,38.6683627190471],[-9.0535424505572,38.6685095477343],[-9.05366234361987,38.6683600566858],[-9.05367029169065,38.6683699578851],[-9.05377237102218,38.6684971275463],[-9.05400732137999,38.6688772560707],[-9.05417270641329,38.6691093854247],[-9.05456883147514,38.6693927485913],[-9.05471864615966,38.6694658418681],[-9.05426042968199,38.6696179991003]]]}},{"type":"Feature","id":"CRUS_Barreiro_V.34610","properties":{"AREA_HA":11.6668762609253,"Autor":"DGT","Categoria_2021":"Espaço Agrícola","Classe_2021":"Solo Rústico","DTCC":"1504","Data_Pub_Origem":"1994-05-04T00:00:00","Designacao_no_plano":"Espaço Agrícola","Escala_origem":"1/25000","Fonte":"CM - Raster","ID1":34610,"Municipio":"BARREIRO"},"geometry":{"type":"Polygon","coordinates":[[[-9.04649565507157,38.6024651902161],[-9.04776382641219,38.6017445455402],[-9.04805104442668,38.6024165915098],[-9.04815472434525,38.6028249318575],[-9.04838278333144,38.6037231150816],[-9.04856200712715,38.6050338474681],[-9.04845446011645,38.6057089797242],[-9.0481149140257,38.6064041504843],[-9.04801412377582,38.6065855762913],[-9.04776646513321,38.606286814688],[-9.04697835837463,38.6059512715257],[-9.04521023279621,38.6052543273727],[-9.04471961875709,38.6050257936071],[-9.04459199559781,38.6045757409846],[-9.04454523337705,38.6036330083979],[-9.04425826756659,38.6036127454497],[-9.0444880448579,38.6034831688129],[-9.04467174611483,38.6033177209471],[-9.04497317057399,38.6032789247453],[-9.04534287596707,38.6031302505385],[-9.04649565507157,38.6024651902161]]]}},{"type":"Feature","id":"CRUS_Barreiro_V.34611","properties":{"AREA_HA":40.0235993190716,"Autor":"DGT","Categoria_2021":"Espaço Agrícola","Classe_2021":"Solo Rústico","DTCC":"1504","Data_Pub_Origem":"1994-05-04T00:00:00","Designacao_no_plano":"Espaço Agrícola","Escala_origem":"1/25000","Fonte":"CM - Raster","ID1":34611,"Municipio":"BARREIRO"},"geometry":{"type":"Polygon","coordinates":[[[-9.02327185101773,38.6103816932783],[-9.02319725461438,38.6103242872414],[-9.02250535693475,38.6105382537224],[-9.02172336754535,38.6106369524225],[-9.02093851809983,38.6105037735575],[-9.02070052903348,38.610378036804],[-9.02026009973549,38.6082131622783],[-9.02017979774851,38.6076920074085],[-9.02008457819362,38.6071593711611],[-9.02003768319026,38.606951022022],[-9.01971333774874,38.6070114535539],[-9.01931839615777,38.6073390979241],[-9.01909610409835,38.6084886595908],[-9.01910252044412,38.6090103746355],[-9.01904840719834,38.6094165999816],[-9.01894725707306,38.609602881616],[-9.01860769579197,38.6096286413649],[-9.01825179182005,38.6095269814468],[-9.018031257225,38.608415554316],[-9.0180275545497,38.608114119345],[-9.01783376249927,38.6079764480532],[-9.01767504592273,38.6070848532857],[-9.01764034231672,38.605461851288],[-9.01760054452467,38.6046273306199],[-9.01719066906617,38.6037376328026],[-9.01717304869365,38.6035058706541],[-9.01813155133084,38.6033478941044],[-9.01900297060906,38.6033181105591],[-9.01920967283885,38.6033049511576],[-9.0187419686537,38.602520048452],[-9.0185879556086,38.6020110450232],[-9.01803731733394,38.6016905574792],[-9.01799157105738,38.6015749561971],[-9.01839983819153,38.6011312671653],[-9.01919621818733,38.6010092923622],[-9.01976756030251,38.6006107428794],[-9.01961411488059,38.6001481156065],[-9.01962674897961,38.5999740990385],[-9.02017224319784,38.5998772067344],[-9.02021199763158,38.5995058731232],[-9.02070291388837,38.5994675233463],[-9.02072785329892,38.6001702168828],[-9.02069677163912,38.602087869456],[-9.02043044389673,38.6029138120298],[-9.02101449303928,38.6050780513749],[-9.02325779477973,38.6080679860467],[-9.02562034256833,38.6112938782666],[-9.02707517423789,38.6135320370931],[-9.02657730413033,38.6138420037396],[-9.02564153982193,38.6143870113097],[-9.02482880354725,38.6131989511977],[-9.02395139771568,38.6115591838796],[-9.02327185101773,38.6103816932783]]]}},{"type":"Feature","id":"CRUS_Barreiro_V.34612","properties":{"AREA_HA":17.9291591118594,"Autor":"DGT","Categoria_2021":"Espaço Agrícola","Classe_2021":"Solo Rústico","DTCC":"1504","Data_Pub_Origem":"1994-05-04T00:00:00","Designacao_no_plano":"Espaço Agrícola","Escala_origem":"1/25000","Fonte":"CM - Raster","ID1":34612,"Municipio":"BARREIRO"},"geometry":{"type":"Polygon","coordinates":[[[-9.03331802570257,38.6406219267059],[-9.03322692479288,38.6404368859952],[-9.03310308206097,38.6402239901506],[-9.03282281581758,38.6397642260861],[-9.03276662089497,38.6396607962027],[-9.03240482125091,38.6397882568299],[-9.03237396788066,38.6397454381691],[-9.03232178062874,38.6396597258477],[-9.03223998353417,38.6394747028873],[-9.0321741880053,38.6393563922125],[-9.03216225920809,38.6393119876587],[-9.03207507179645,38.6391551985316],[-9.03199183117769,38.6390014462533],[-9.03191213764325,38.6388372146009],[-9.03186933385713,38.6387395366176],[-9.03184535205941,38.6386401817466],[-9.03183693784108,38.638573501133],[-9.03184379067382,38.6385155275308],[-9.03182550767806,38.6382660581092],[-9.03178790439399,38.637831266424],[-9.03177367633679,38.6377497617439],[-9.03167596260875,38.6375039696561],[-9.03161320702787,38.6373351036141],[-9.03155868691841,38.6372093211239],[-9.0316827223371,38.6370682101563],[-9.03217596730702,38.6371216568562],[-9.03271015519619,38.6370950913724],[-9.03319697553163,38.6370708786862],[-9.03323220625609,38.6369704442257],[-9.03323720501533,38.6359115407958],[-9.03346879740962,38.6354661806465],[-9.03389656370527,38.6346615839385],[-9.03441015059329,38.6334270547554],[-9.03455321082706,38.6331970087851],[-9.03490050533728,38.6332515686402],[-9.03502944594797,38.6333507372006],[-9.03508667892394,38.6335506219348],[-9.03489122698218,38.6339670890475],[-9.03434277358684,38.6353306699628],[-9.03454506207862,38.6370070152219],[-9.03454633465019,38.6370175619682],[-9.03520906487328,38.6371977853669],[-9.03522667827596,38.6376352694325],[-9.03523555738377,38.6378557940398],[-9.03713290868704,38.6378554566793],[-9.0376478483135,38.6387298262744],[-9.03755806181909,38.6388040334648],[-9.03745682687554,38.6388820142865],[-9.03725210464118,38.6390053883977],[-9.03710366828584,38.6390926579978],[-9.0368706526781,38.639231107971],[-9.03668283481218,38.639346966584],[-9.03633946234396,38.6395961697782],[-9.0360600074269,38.6398047945605],[-9.03594422662084,38.6399229722152],[-9.0358376563588,38.6400336956736],[-9.03578572332434,38.6401143573305],[-9.03572650464458,38.6402276888599],[-9.03567080184291,38.6403097289582],[-9.03553467816528,38.6404726566531],[-9.03545271869149,38.6405950778397],[-9.03542263915971,38.6405864819541],[-9.03527690461756,38.6407523615513],[-9.03479441830044,38.6407723049828],[-9.03410594325481,38.6408059129284],[-9.0336599415544,38.6407127879561],[-9.03351944019749,38.6406827024797],[-9.03335447585507,38.6406528131988],[-9.03331802570257,38.6406219267059]]]}},{"type":"Feature","id":"CRUS_Barreiro_V.34613","properties":{"AREA_HA":152.175561344313,"Autor":"DGT","Categoria_2021":"Espaço de Uso Especial Equipamentos e Infraestruturas","Classe_2021":"Solo Urbano","DTCC":"1504","Data_Pub_Origem":"1994-05-04T00:00:00","Designacao_no_plano":"Espaço Militar","Escala_origem":"1/25000","Fonte":"CM - Raster","ID1":34613,"Municipio":"BARREIRO"},"geometry":{"type":"Polygon","coordinates":[[[-9.02298364334397,38.6041739348116],[-9.02253402796318,38.6032043362861],[-9.02206883909643,38.6024494898172],[-9.02124799559946,38.602427104777],[-9.02089733526431,38.6020863480066],[-9.02069677163912,38.602087869456],[-9.02072785329892,38.6001702168828],[-9.02070291388837,38.5994675233463],[-9.0206999289784,38.5993834289712],[-9.02071537156819,38.5993750252613],[-9.02165989403166,38.5988610166177],[-9.02239894081671,38.5981685660607],[-9.02366422216378,38.5972717808761],[-9.02502771344762,38.5969465966975],[-9.02637508808048,38.5967932290742],[-9.02666714967483,38.5968196172665],[-9.02747946475005,38.5976290294884],[-9.028530592802,38.5985797001806],[-9.02934170320356,38.5992889442266],[-9.02956333902485,38.5995161925678],[-9.03067996714108,38.5998653601677],[-9.03176228340245,38.6003864888698],[-9.03253323043909,38.6007955285752],[-9.03346953167466,38.6013034549833],[-9.03435204306365,38.6018833332636],[-9.03470133307504,38.6021095884405],[-9.03484827120253,38.602194309902],[-9.03547607662053,38.6028190692869],[-9.03684338479826,38.60279420898],[-9.03830617099202,38.6031120105214],[-9.03898075657535,38.6030633621458],[-9.03941749810361,38.6030318633374],[-9.03965488943394,38.6030586423597],[-9.03968122266356,38.6037023464032],[-9.03949901416522,38.6051632819167],[-9.0393733010693,38.6067668694856],[-9.03928945220081,38.608799403685],[-9.03778998948174,38.6099271124759],[-9.0369960890918,38.6106057731535],[-9.03658009013023,38.6108808577242],[-9.03549081721916,38.6112756073275],[-9.03410690236522,38.6114436714186],[-9.0327228020464,38.6115974112132],[-9.03224689503909,38.6114579790457],[-9.03178601259262,38.6110608661675],[-9.02972709939145,38.6097459194657],[-9.02825674663221,38.6088270886867],[-9.02781591497177,38.6085728966915],[-9.02768596201438,38.6083878727517],[-9.02755192517604,38.6078737711668],[-9.02716012340045,38.6071613121767],[-9.02669982894303,38.6068071015121],[-9.02649091381737,38.6061361715031],[-9.02639619582452,38.6058507130503],[-9.02571622012134,38.6054266300342],[-9.02417696561063,38.6048230718341],[-9.02384751959751,38.6047254160862],[-9.02329768000832,38.6045006552395],[-9.02298364334397,38.6041739348116]]]}},{"type":"Feature","id":"CRUS_Barreiro_V.34614","properties":{"AREA_HA":61.017248917605,"Autor":"DGT","Categoria_2021":"Espaço de Uso Especial Equipamentos e Infraestruturas","Classe_2021":"Solo Urbano","DTCC":"1504","Data_Pub_Origem":"1994-05-04T00:00:00","Designacao_no_plano":"Espaço Militar","Escala_origem":"1/25000","Fonte":"CM - Raster","ID1":34614,"Municipio":"BARREIRO"},"geometry":{"type":"Polygon","coordinates":[[[-9.05172695563768,38.6197464240879],[-9.05123624107102,38.6197360214221],[-9.05115953955085,38.6200201923038],[-9.05116295356859,38.6202879811904],[-9.05132659919513,38.6205230051217],[-9.05133840519819,38.620567021438],[-9.05138984996101,38.6207588168013],[-9.05139205963319,38.6209320915077],[-9.05139274578475,38.6209858967914],[-9.0511323214852,38.6209879404495],[-9.04996500170718,38.6206720524686],[-9.04979623474825,38.6206263814955],[-9.04970231400988,38.6204124826447],[-9.05004390949255,38.6200234629355],[-9.05032914786636,38.6195061026798],[-9.05027316022565,38.6194063779926],[-9.04907699806159,38.6185715170412],[-9.04720537421182,38.6176846861489],[-9.04710238608096,38.6167554037705],[-9.04644713823133,38.6168606841161],[-9.04562449351644,38.6167097035346],[-9.04562141170836,38.6164664740024],[-9.04529206661716,38.6163831877645],[-9.04521169074586,38.6157971444009],[-9.04497461778962,38.6157989922337],[-9.04525969550752,38.6152673366842],[-9.0445769860358,38.6146430596719],[-9.04356152023318,38.6136636423771],[-9.04448896628869,38.6120108834002],[-9.04572038442726,38.6098835481112],[-9.04637088314396,38.6099056421557],[-9.04762320639379,38.6099481666895],[-9.04880371886777,38.609988240107],[-9.04882340806962,38.6101025591339],[-9.04878912092419,38.6102745353179],[-9.04860877163914,38.6104333459193],[-9.04869025823765,38.6111052330546],[-9.04869171309177,38.6112196938604],[-9.04856570351157,38.6113494613476],[-9.04873054863065,38.6114054071625],[-9.04908611564375,38.6121180760159],[-9.04960799426701,38.6130011497837],[-9.05034361648543,38.6134818918622],[-9.05078947820389,38.6141223023441],[-9.05088011082014,38.6140786643248],[-9.0508186578841,38.6135497119676],[-9.05092825525313,38.6135631616795],[-9.0511155376535,38.6139480359939],[-9.05110331904789,38.6144203296683],[-9.05140312162986,38.6150475741487],[-9.0520317319121,38.6157151630297],[-9.05238260530247,38.6160558230791],[-9.05282082748254,38.61609530642],[-9.05308107231635,38.6164796038085],[-9.05418606020229,38.6173151427317],[-9.05411567435702,38.617516023081],[-9.05367799157052,38.6175194675235],[-9.0536805520288,38.6177197736569],[-9.05401082842227,38.6178745737602],[-9.05445089290901,38.6180571262258],[-9.05456251150691,38.6182279548037],[-9.05538390733049,38.6182787195059],[-9.05551284962429,38.6183778657152],[-9.05558726320942,38.6184917510467],[-9.05571693937559,38.6186481276873],[-9.05568119872567,38.6187056459579],[-9.05555445482986,38.6187781901558],[-9.05542826156271,38.6188936569866],[-9.05537464946144,38.6189799338133],[-9.05519777317537,38.6194105980836],[-9.05562602863948,38.6200940549918],[-9.05564939883589,38.6204945221518],[-9.05551046301347,38.6210393604859],[-9.05465980962375,38.6220721846522],[-9.05447728018444,38.6219318377766],[-9.05433591779019,38.621869934909],[-9.05433390248341,38.6217124121132],[-9.05374998797919,38.6215909780155],[-9.05390196068942,38.6209123655723],[-9.05309436548424,38.6205721335715],[-9.05214421326659,38.6200754779727],[-9.05187997155784,38.6198254909274],[-9.05177857214304,38.6197475177641],[-9.05172695563768,38.6197464240879]]]}},{"type":"Feature","id":"CRUS_Barreiro_V.34615","properties":{"AREA_HA":1.01419965727916,"Autor":"DGT","Categoria_2021":"Espaço de Uso Especial Equipamentos e Infraestruturas","Classe_2021":"Solo Urbano","DTCC":"1504","Data_Pub_Origem":"1994-05-04T00:00:00","Designacao_no_plano":"Equipamento em Área Consolidada","Escala_origem":"1/25000","Fonte":"CM - Raster","ID1":34615,"Municipio":"BARREIRO"},"geometry":{"type":"Polygon","coordinates":[[[-9.04135495879328,38.591773802409],[-9.04166582122291,38.591566367974],[-9.04290303822162,38.5920284641537],[-9.04300941282193,38.5920681944255],[-9.04293397341301,38.5921700530342],[-9.04289356200988,38.5922246159555],[-9.04225718115385,38.5928582946543],[-9.04158497245792,38.5921695151851],[-9.04135495879328,38.591773802409]]]}},{"type":"Feature","id":"CRUS_Barreiro_V.34616","properties":{"AREA_HA":4.01088433811959,"Autor":"DGT","Categoria_2021":"Espaço de Uso Especial Equipamentos e Infraestruturas","Classe_2021":"Solo Urbano","DTCC":"1504","Data_Pub_Origem":"1994-05-04T00:00:00","Designacao_no_plano":"Equipamento em Área Consolidada","Escala_origem":"1/25000","Fonte":"CM - Raster","ID1":34616,"Municipio":"BARREIRO"},"geometry":{"type":"Polygon","coordinates":[[[-9.03738954687497,38.6223756303626],[-9.03716162749162,38.620664362446],[-9.03791641024405,38.6207348426349],[-9.03830740030875,38.6208844477711],[-9.03879805824188,38.6212240668984],[-9.03963252357716,38.6218281229585],[-9.0403897243559,38.6220893551106],[-9.04056162926964,38.6222215731016],[-9.04051539855293,38.6224127183828],[-9.0406221866019,38.6226361941207],[-9.03949462780444,38.6226449346628],[-9.03741421867302,38.6225608702218],[-9.03738954687497,38.6223756303626]]]}},{"type":"Feature","id":"CRUS_Barreiro_V.34617","properties":{"AREA_HA":3.45701133313645,"Autor":"DGT","Categoria_2021":"Espaço de Uso Especial Equipamentos e Infraestruturas","Classe_2021":"Solo Urbano","DTCC":"1504","Data_Pub_Origem":"1994-05-04T00:00:00","Designacao_no_plano":"Equipamento em Área Consolidada","Escala_origem":"1/25000","Fonte":"CM - Raster","ID1":34617,"Municipio":"BARREIRO"},"geometry":{"type":"Polygon","coordinates":[[[-9.03799134874739,38.630841515993],[-9.03824767535117,38.630649260116],[-9.03835318898988,38.6307439139968],[-9.03855860349532,38.6309281852522],[-9.03948088598879,38.6317366560943],[-9.03814350375011,38.6327343302115],[-9.0370672999157,38.6327426507497],[-9.03680109610471,38.6322818546332],[-9.03650926659928,38.6317766946111],[-9.03666783800981,38.6316875557409],[-9.03683331396665,38.6315945348898],[-9.03799134874739,38.630841515993]]]}},{"type":"Feature","id":"CRUS_Barreiro_V.34618","properties":{"AREA_HA":3.38416044797073,"Autor":"DGT","Categoria_2021":"Espaço de Uso Especial Equipamentos e Infraestruturas","Classe_2021":"Solo Urbano","DTCC":"1504","Data_Pub_Origem":"1994-05-04T00:00:00","Designacao_no_plano":"Equipamento em Área Consolidada","Escala_origem":"1/25000","Fonte":"CM - Raster","ID1":34618,"Municipio":"BARREIRO"},"geometry":{"type":"Polygon","coordinates":[[[-9.05008567688535,38.6366121595986],[-9.0492353473524,38.6360831916891],[-9.04897606608213,38.6362270059797],[-9.04871902567998,38.6360954888539],[-9.04916294214345,38.6359947797685],[-9.05037697182259,38.6355668022896],[-9.05095514105204,38.6353629759974],[-9.05142174143926,38.6351813492635],[-9.05211204553508,38.6349126392405],[-9.05295299860869,38.6346854029101],[-9.05317705785395,38.63476438742],[-9.05313772520869,38.6349655530333],[-9.05279892878928,38.6351730169488],[-9.05260534175936,38.6357416760737],[-9.05234828177064,38.6360587728553],[-9.05223977744831,38.6360930614973],[-9.05188817316626,38.6362041714281],[-9.05098622391673,38.6363530366095],[-9.05079671061158,38.6364214631523],[-9.05040641172394,38.6365623834658],[-9.05008567688535,38.6366121595986]]]}},{"type":"Feature","id":"CRUS_Barreiro_V.34619","properties":{"AREA_HA":4.28442816711673,"Autor":"DGT","Categoria_2021":"Espaço de Uso Especial Equipamentos e Infraestruturas","Classe_2021":"Solo Urbano","DTCC":"1504","Data_Pub_Origem":"1994-05-04T00:00:00","Designacao_no_plano":"Equipamento em Área Consolidada","Escala_origem":"1/25000","Fonte":"CM - Raster","ID1":34619,"Municipio":"BARREIRO"},"geometry":{"type":"Polygon","coordinates":[[[-9.04111585179881,38.6390423124192],[-9.04111031435266,38.639012428826],[-9.04130078592983,38.6390163812426],[-9.0427505068023,38.638962191471],[-9.0429264914526,38.6388214007078],[-9.04303497338075,38.6387346128858],[-9.04373436750223,38.6388579508925],[-9.04383214142976,38.6388877450967],[-9.04407776822372,38.6389625948001],[-9.0445627444345,38.6394417445706],[-9.04458011247583,38.6395307709918],[-9.04459201096132,38.6395917610135],[-9.04377570011735,38.6407072344349],[-9.04353800845655,38.6406302694529],[-9.04331549710035,38.6405458911493],[-9.04319382888385,38.640506662719],[-9.04295252383747,38.6404342277765],[-9.04272453570317,38.6403707004462],[-9.04242411474558,38.6402645898266],[-9.04223227852525,38.6402082535989],[-9.04181244363213,38.6400867611627],[-9.04137140730155,38.6399416550532],[-9.04122687369167,38.6398922482269],[-9.04119820256449,38.6398687786984],[-9.04117105535203,38.639811068516],[-9.04115968432897,38.6396655910698],[-9.04113902017497,38.6393871988871],[-9.04113005459454,38.6392664082576],[-9.04111677236055,38.6391150867864],[-9.04111585179881,38.6390423124192]]]}},{"type":"Feature","id":"CRUS_Barreiro_V.34620","properties":{"AREA_HA":2.09506033494594,"Autor":"DGT","Categoria_2021":"Espaço de Uso Especial Equipamentos e Infraestruturas","Classe_2021":"Solo Urbano","DTCC":"1504","Data_Pub_Origem":"1994-05-04T00:00:00","Designacao_no_plano":"Equipamento em Área Consolidada","Escala_origem":"1/25000","Fonte":"CM - Raster","ID1":34620,"Municipio":"BARREIRO"},"geometry":{"type":"Polygon","coordinates":[[[-9.05365464217191,38.6392622788811],[-9.05388555427646,38.6387002238389],[-9.05407656285102,38.6387979394591],[-9.05431366806184,38.6386416331441],[-9.0549796018675,38.6390224849972],[-9.05571968029863,38.6397005940415],[-9.05593374984041,38.6399415950143],[-9.05640042706725,38.6404238392683],[-9.05662039077076,38.6406511371155],[-9.05643773109962,38.6408532197181],[-9.05554533497188,38.6403638497547],[-9.05449641276053,38.6397322976652],[-9.05399980291773,38.6393942362774],[-9.05354851314611,38.6393516766197],[-9.05365464217191,38.6392622788811]]]}},{"type":"Feature","id":"CRUS_Barreiro_V.34621","properties":{"AREA_HA":2.30311938636343,"Autor":"DGT","Categoria_2021":"Espaço de Uso Especial Equipamentos e Infraestruturas","Classe_2021":"Solo Urbano","DTCC":"1504","Data_Pub_Origem":"1994-05-04T00:00:00","Designacao_no_plano":"Equipamento em Área Consolidada","Escala_origem":"1/25000","Fonte":"CM - Raster","ID1":34621,"Municipio":"BARREIRO"},"geometry":{"type":"Polygon","coordinates":[[[-9.04970754310769,38.6427441365365],[-9.04972229488756,38.64270746899],[-9.05075645007373,38.6427331450024],[-9.05079763183792,38.6440737940491],[-9.04950040824936,38.644521223859],[-9.04942815674037,38.6444403580037],[-9.04934928596665,38.6443260358165],[-9.04932387664767,38.6442431815442],[-9.04928978088468,38.6441188736069],[-9.04925687594494,38.6439435671813],[-9.04920314406268,38.6437204118508],[-9.04917814703546,38.6436186671348],[-9.04916243418569,38.6435547150374],[-9.04914917450742,38.6433344847238],[-9.0491843251444,38.6432176471238],[-9.04923599385148,38.6431262594062],[-9.04932209671232,38.6430154184361],[-9.04945531913079,38.6429153773887],[-9.04959851456371,38.6428137221839],[-9.04970754310769,38.6427441365365]]]}},{"type":"Feature","id":"CRUS_Barreiro_V.34622","properties":{"AREA_HA":3.80585299697328,"Autor":"DGT","Categoria_2021":"Espaço de Uso Especial Equipamentos e Infraestruturas","Classe_2021":"Solo Urbano","DTCC":"1504","Data_Pub_Origem":"1994-05-04T00:00:00","Designacao_no_plano":"Equipamento em Área Consolidada","Escala_origem":"1/25000","Fonte":"CM - Raster","ID1":34622,"Municipio":"BARREIRO"},"geometry":{"type":"Polygon","coordinates":[[[-9.06051777068682,38.6435950190825],[-9.06071781340714,38.6435304172354],[-9.06122198136963,38.643683956303],[-9.06144643288662,38.6437443478941],[-9.06281443642849,38.6441124175727],[-9.06287211391275,38.6454667843007],[-9.06141152624412,38.6459194906676],[-9.06059163242874,38.644649937106],[-9.06057941812148,38.644475487865],[-9.06051777068682,38.6435950190825]]]}},{"type":"Feature","id":"CRUS_Barreiro_V.34623","properties":{"AREA_HA":5.32122524671899,"Autor":"DGT","Categoria_2021":"Espaço de Uso Especial Equipamentos e Infraestruturas","Classe_2021":"Solo Urbano","DTCC":"1504","Data_Pub_Origem":"1994-05-04T00:00:00","Designacao_no_plano":"Equipamento em Área Consolidada","Escala_origem":"1/25000","Fonte":"CM - Raster","ID1":34623,"Municipio":"BARREIRO"},"geometry":{"type":"Polygon","coordinates":[[[-9.05456480451746,38.6479278180756],[-9.05414177334109,38.6478366265043],[-9.05356079776275,38.647955398883],[-9.05325901937055,38.6477483271891],[-9.05276345246416,38.6478721843862],[-9.05247805383169,38.647943513166],[-9.05237040979564,38.6478059632266],[-9.05235552106258,38.6477869381452],[-9.05207950301531,38.6466233259103],[-9.05222972962283,38.6458029489008],[-9.05230564615806,38.6454557688401],[-9.05242950094343,38.6454318052176],[-9.05374841608394,38.6451766083967],[-9.05385610345183,38.6457428972566],[-9.0547728541317,38.6474342374398],[-9.05518267548924,38.6482580816141],[-9.05501014451055,38.6481921235155],[-9.05456480451746,38.6479278180756]]]}},{"type":"Feature","id":"CRUS_Barreiro_V.34624","properties":{"AREA_HA":4.35121595692728,"Autor":"DGT","Categoria_2021":"Espaço de Uso Especial Equipamentos e Infraestruturas","Classe_2021":"Solo Urbano","DTCC":"1504","Data_Pub_Origem":"1994-05-04T00:00:00","Designacao_no_plano":"Equipamento em Área Consolidada","Escala_origem":"1/25000","Fonte":"CM - Raster","ID1":34624,"Municipio":"BARREIRO"},"geometry":{"type":"Polygon","coordinates":[[[-9.05646531941317,38.6495063703645],[-9.05816770603194,38.6488130277564],[-9.0591454154668,38.6498568562748],[-9.05910787425866,38.6510940480937],[-9.05892954868995,38.6511094590233],[-9.05778374579158,38.6510555065393],[-9.0566606683434,38.6509220819026],[-9.05666309197307,38.6508281261041],[-9.05691844996639,38.6507670331902],[-9.05646531941317,38.6495063703645]]]}},{"type":"Feature","id":"CRUS_Barreiro_V.34625","properties":{"AREA_HA":3.73217901865195,"Autor":"DGT","Categoria_2021":"Espaço de Uso Especial Equipamentos e Infraestruturas","Classe_2021":"Solo Urbano","DTCC":"1504","Data_Pub_Origem":"1994-05-04T00:00:00","Designacao_no_plano":"Equipamento em Área Consolidada","Escala_origem":"1/25000","Fonte":"CM - Raster","ID1":34625,"Municipio":"BARREIRO"},"geometry":{"type":"Polygon","coordinates":[[[-9.06009499481938,38.649884780705],[-9.06126491547796,38.6494737823055],[-9.06154313224043,38.6497024115296],[-9.06239717183645,38.6504990722803],[-9.06270214743842,38.6507802163873],[-9.06250432535379,38.6510180950477],[-9.06246595446281,38.6514689544785],[-9.06245200084252,38.6516329078599],[-9.06243313376231,38.6517275807955],[-9.06217341678562,38.6518399201862],[-9.06193357851142,38.6518256239395],[-9.06170432492029,38.651811958411],[-9.06100730899726,38.6517704073871],[-9.06098376746705,38.6515027800285],[-9.06080257103838,38.6514727098269],[-9.06041014220885,38.650640871662],[-9.06026779732321,38.6502993651343],[-9.06009499481938,38.649884780705]]]}},{"type":"Feature","id":"CRUS_Barreiro_V.34626","properties":{"AREA_HA":2.39661181375594,"Autor":"DGT","Categoria_2021":"Espaço de Uso Especial Equipamentos e Infraestruturas","Classe_2021":"Solo Urbano","DTCC":"1504","Data_Pub_Origem":"1994-05-04T00:00:00","Designacao_no_plano":"Equipamento em Área Consolidada","Escala_origem":"1/25000","Fonte":"CM - Raster","ID1":34626,"Municipio":"BARREIRO"},"geometry":{"type":"Polygon","coordinates":[[[-9.06602106194163,38.654800545937],[-9.06710660000306,38.6540794647311],[-9.06715959734974,38.6541439281213],[-9.06740627865914,38.6543855159975],[-9.06805326852858,38.6550191375235],[-9.06802886976351,38.6551095730815],[-9.06791562238343,38.6552508510671],[-9.06798215835349,38.6554508531221],[-9.06698536453021,38.6561305284093],[-9.0669554934608,38.6561508962147],[-9.06681465650497,38.6560426884106],[-9.06630969460239,38.6556547153129],[-9.06613646287765,38.6553898165845],[-9.06608791434465,38.6553155777875],[-9.06630162907323,38.6550331253739],[-9.06602106194163,38.654800545937]]]}},{"type":"Feature","id":"CRUS_Barreiro_V.34627","properties":{"AREA_HA":2.27868691873355,"Autor":"DGT","Categoria_2021":"Espaço de Uso Especial Equipamentos e Infraestruturas","Classe_2021":"Solo Urbano","DTCC":"1504","Data_Pub_Origem":"1994-05-04T00:00:00","Designacao_no_plano":"Equipamento em Área Consolidada","Escala_origem":"1/25000","Fonte":"CM - Raster","ID1":34627,"Municipio":"BARREIRO"},"geometry":{"type":"Polygon","coordinates":[[[-9.06655990714354,38.6568296011374],[-9.06713000271617,38.6564651329993],[-9.06755702045355,38.6568065997308],[-9.06736845359348,38.6570562669932],[-9.06779821162226,38.657654433956],[-9.06705676491303,38.6581641973937],[-9.06671417177709,38.6583699730806],[-9.06621599445935,38.6584115487404],[-9.0657312762931,38.6572723720388],[-9.06655990714354,38.6568296011374]]]}},{"type":"Feature","id":"CRUS_Barreiro_V.34628","properties":{"AREA_HA":39.3742453618914,"Autor":"DGT","Categoria_2021":"Espaço de Uso Especial Equipamentos e Infraestruturas","Classe_2021":"Solo Urbano","DTCC":"1504","Data_Pub_Origem":"1994-05-04T00:00:00","Designacao_no_plano":"Equipamento em Área Consolidada","Escala_origem":"1/25000","Fonte":"CM - Raster","ID1":34628,"Municipio":"BARREIRO"},"geometry":{"type":"Polygon","coordinates":[[[-9.05087839604504,38.6576594167587],[-9.05088657300828,38.6569641681026],[-9.0508681602894,38.6568573611756],[-9.0507115566468,38.6567764366146],[-9.05075366064917,38.6565855468994],[-9.05090798799544,38.6566629518172],[-9.05259882132679,38.6568903127718],[-9.05296430357124,38.6561387793882],[-9.05383528799707,38.6562522468301],[-9.05516468420942,38.6562150372244],[-9.05490648067336,38.6546930142415],[-9.05376354569866,38.6533116470941],[-9.05363993774203,38.6529783967571],[-9.05547760258713,38.6526965414036],[-9.05550470184603,38.6526954773541],[-9.05590360805225,38.6526798125903],[-9.05604118538792,38.6527723097792],[-9.05608282696796,38.6533602145422],[-9.05749585839605,38.6532019975653],[-9.05805686850424,38.6530772425034],[-9.05815812022433,38.6529962280248],[-9.05837990433165,38.6530078426874],[-9.05862252089176,38.6533134087122],[-9.05904920762895,38.6546736623829],[-9.05942442350115,38.6560075841277],[-9.05974592487517,38.6571413959931],[-9.0597843271238,38.6574753145591],[-9.05968358890978,38.6575964327477],[-9.05907312242622,38.6578552770308],[-9.05787991337314,38.6578780857301],[-9.05753911971399,38.657894148438],[-9.05754135363089,38.6580679270404],[-9.05653515681868,38.6580491374444],[-9.05636072634364,38.6577430291725],[-9.05584790548868,38.6576401245202],[-9.05545493818001,38.6575763789889],[-9.05501348673176,38.6590504404562],[-9.05470806551637,38.6604966906308],[-9.05449105366849,38.6608593606535],[-9.05467544337415,38.6609218838347],[-9.05468549756609,38.6612785842912],[-9.05343622100639,38.6610786556184],[-9.05054067243304,38.6606152106339],[-9.05055696695542,38.6604794184201],[-9.05057173664008,38.6602514041274],[-9.05055756023784,38.6601037864688],[-9.0505157242866,38.6599950274657],[-9.05047771282468,38.6599152478846],[-9.0504132467841,38.6598328832762],[-9.05063154816935,38.6596934293679],[-9.05071474547118,38.6595323501299],[-9.05070519314472,38.6587837646482],[-9.05087839604504,38.6576594167587]]]}},{"type":"Feature","id":"CRUS_Barreiro_V.34629","properties":{"AREA_HA":3.12412658661753,"Autor":"DGT","Categoria_2021":"Espaço de Uso Especial Equipamentos e Infraestruturas","Classe_2021":"Solo Urbano","DTCC":"1504","Data_Pub_Origem":"1994-05-04T00:00:00","Designacao_no_plano":"Equipamento em Área Consolidada","Escala_origem":"1/25000","Fonte":"CM - Raster","ID1":34629,"Municipio":"BARREIRO"},"geometry":{"type":"Polygon","coordinates":[[[-9.08648966668113,38.6598743510593],[-9.08671287076045,38.6598483549302],[-9.08660877484716,38.6599953412824],[-9.087344082921,38.6605905179573],[-9.08675337814402,38.6609612928728],[-9.08543006657157,38.6618181485104],[-9.08492104555268,38.6621477356033],[-9.0844279592465,38.6620284294609],[-9.084134821334,38.6613155276523],[-9.08448849032396,38.661099087055],[-9.08648966668113,38.6598743510593]]]}},{"type":"Feature","id":"CRUS_Barreiro_V.34630","properties":{"AREA_HA":13.6013775588917,"Autor":"DGT","Categoria_2021":"Espaço de Uso Especial Equipamentos e Infraestruturas","Classe_2021":"Solo Urbano","DTCC":"1504","Data_Pub_Origem":"1994-05-04T00:00:00","Designacao_no_plano":"Equipamento em Área Consolidada","Escala_origem":"1/25000","Fonte":"CM - Raster","ID1":34630,"Municipio":"BARREIRO"},"geometry":{"type":"Polygon","coordinates":[[[-9.05852431979954,38.6625366000376],[-9.05893915499368,38.6621725596631],[-9.05750140047622,38.6619186679469],[-9.05757972398169,38.6616952284406],[-9.05826928301859,38.6616473340258],[-9.05919201893481,38.6618416310875],[-9.05962612000756,38.6619230775138],[-9.06123897033883,38.6621118905457],[-9.06205679820739,38.6618885724645],[-9.06213468434883,38.662211604534],[-9.06430156419616,38.6623358466675],[-9.06527473591821,38.6622432113916],[-9.06658813266484,38.6619497895732],[-9.06850813470364,38.6611280506135],[-9.06884779891627,38.6608848288459],[-9.06877010903926,38.6604610298187],[-9.06907552817249,38.6603595548388],[-9.06966684638634,38.6600435794399],[-9.07029202910789,38.6595575620359],[-9.07169150033033,38.6589521512701],[-9.07203853157807,38.6592747552175],[-9.07292451954716,38.6600111058739],[-9.07270086569211,38.6601221635747],[-9.07162409993746,38.660569376873],[-9.0714280412279,38.6607548654983],[-9.07144295595336,38.6607965033745],[-9.07107834263465,38.6609225043131],[-9.07079170447052,38.6610804231638],[-9.06922925563762,38.6616446855441],[-9.06781123302049,38.6621538033367],[-9.06559664882848,38.6625251642813],[-9.06411865910297,38.6626501166942],[-9.06200805405796,38.6624701142135],[-9.06184260447868,38.6624560018486],[-9.06184262119723,38.6624572961671],[-9.06129994217941,38.6624152469718],[-9.06048749877385,38.6623792493625],[-9.06013249279188,38.6628347793038],[-9.05903373193426,38.6643855444625],[-9.05860639724417,38.6647000858952],[-9.05730488537343,38.6639352190247],[-9.05769818295986,38.6635405224305],[-9.05852431979954,38.6625366000376]]]}},{"type":"Feature","id":"CRUS_Barreiro_V.34631","properties":{"AREA_HA":7.06294099979053,"Autor":"DGT","Categoria_2021":"Espaço de Uso Especial Equipamentos e Infraestruturas","Classe_2021":"Solo Urbano","DTCC":"1504","Data_Pub_Origem":"1994-05-04T00:00:00","Designacao_no_plano":"Equipamento em Área Consolidada","Escala_origem":"1/25000","Fonte":"CM - Raster","ID1":34631,"Municipio":"BARREIRO"},"geometry":{"type":"Polygon","coordinates":[[[-9.04945718576409,38.6650875862151],[-9.05045108717909,38.6645806889253],[-9.05084005499964,38.6647737150127],[-9.05144952883002,38.6644302514719],[-9.05144747988382,38.6642698411166],[-9.05255798386618,38.6639937379743],[-9.0525563883389,38.6638689741944],[-9.05236951126514,38.663478288153],[-9.05250476893289,38.6633880988111],[-9.05295805726592,38.6632775835336],[-9.05320674980647,38.6631686761579],[-9.0528805111771,38.6625473594828],[-9.05387732031,38.6622721387905],[-9.05470299594726,38.6618993825697],[-9.05470686901656,38.6620368044805],[-9.05543881768504,38.6642380237116],[-9.05524143681431,38.6643244643528],[-9.05452081931648,38.6644150269503],[-9.05440948155302,38.6641753990554],[-9.05433676763315,38.6641335296398],[-9.05404808602291,38.6641358030363],[-9.05353492575986,38.6635173589236],[-9.05333736459387,38.6635896506936],[-9.05321866974981,38.664184772968],[-9.05322319568162,38.6645384217222],[-9.05266731016743,38.6648115934971],[-9.05211087791411,38.6650423238739],[-9.05092438516195,38.6653911778224],[-9.04979146871079,38.6656971568082],[-9.0492488136849,38.6657899394046],[-9.04910251576434,38.6655551833729],[-9.04939352815268,38.6654445888318],[-9.04945718576409,38.6650875862151]]]}},{"type":"Feature","id":"CRUS_Barreiro_V.34632","properties":{"AREA_HA":12.6424297184715,"Autor":"DGT","Categoria_2021":"Espaço de Atividades Económicas","Classe_2021":"Solo Urbano","DTCC":"1504","Data_Pub_Origem":"1994-05-04T00:00:00","Designacao_no_plano":"Espaços Industriais - Espaço Industrial em Área Consolidada","Escala_origem":"1/25000","Fonte":"CM - Raster","ID1":34632,"Municipio":"BARREIRO"},"geometry":{"type":"Polygon","coordinates":[[[-9.04850321523412,38.622789982197],[-9.04840186195462,38.6228125215393],[-9.04761368935539,38.6210729853736],[-9.04928628121134,38.6206449391652],[-9.04996500170718,38.6206720524686],[-9.0511323214852,38.6209879404495],[-9.05139274578475,38.6209858967914],[-9.05139386757345,38.6210738627007],[-9.05152871425375,38.6211005725805],[-9.05330642947266,38.621452682058],[-9.05333274877237,38.6219408453125],[-9.05310105301935,38.622667344717],[-9.05300749688359,38.6232037113725],[-9.0529925033696,38.6237084454456],[-9.05297941216396,38.6241491630491],[-9.05255893715909,38.6242469917199],[-9.05255818209186,38.6240534330404],[-9.05069694806858,38.6239965002344],[-9.05035881268243,38.6232264658433],[-9.04989923669687,38.6230691557406],[-9.04929625987001,38.6228627567099],[-9.04880200981926,38.622723536268],[-9.04850321523412,38.622789982197]]]}},{"type":"Feature","id":"CRUS_Barreiro_V.34633","properties":{"AREA_HA":3.77919910458429,"Autor":"DGT","Categoria_2021":"Espaço de Uso Especial Equipamentos e Infraestruturas","Classe_2021":"Solo Urbano (urbanizável – transitório)","DTCC":"1504","Data_Pub_Origem":"1994-05-04T00:00:00","Designacao_no_plano":"Espaços Urbanizáveis - Equipamento em Área de Expansão","Escala_origem":"1/25000","Fonte":"CM - Raster","ID1":34633,"Municipio":"BARREIRO"},"geometry":{"type":"Polygon","coordinates":[[[-9.0356485723569,38.6301630986333],[-9.03547616097995,38.6295062138715],[-9.03635185732303,38.6295137656936],[-9.03655311021949,38.6292010538911],[-9.03811580055638,38.630530959384],[-9.03824767535117,38.630649260116],[-9.03799134874739,38.630841515993],[-9.03683331396665,38.6315945348898],[-9.03666783800981,38.6316875557409],[-9.03650926659928,38.6317766946111],[-9.03621049717603,38.6318325750215],[-9.0356485723569,38.6301630986333]]]}},{"type":"Feature","id":"CRUS_Barreiro_V.34634","properties":{"AREA_HA":2.20092315348107,"Autor":"DGT","Categoria_2021":"Espaço de Uso Especial Equipamentos e Infraestruturas","Classe_2021":"Solo Urbano (urbanizável – transitório)","DTCC":"1504","Data_Pub_Origem":"1994-05-04T00:00:00","Designacao_no_plano":"Espaços Urbanizáveis - Equipamento em Área de Expansão","Escala_origem":"1/25000","Fonte":"CM - Raster","ID1":34634,"Municipio":"BARREIRO"},"geometry":{"type":"Polygon","coordinates":[[[-9.05458675522264,38.6416818872107],[-9.05440974955415,38.6407873886378],[-9.05438624034612,38.6406685828609],[-9.05554533497188,38.6403638497547],[-9.05643773109962,38.6408532197181],[-9.05662039077076,38.6406511371155],[-9.05671773730564,38.6407517280335],[-9.05694431951849,38.6408712835918],[-9.05704584405367,38.6407454672054],[-9.05709121378475,38.6408860127394],[-9.05710905430487,38.6409412776209],[-9.05699918657878,38.6411480639229],[-9.05691259229036,38.6411773960777],[-9.05606554238669,38.6414643107621],[-9.05514913433261,38.6416627476021],[-9.05458675522264,38.6416818872107]]]}},{"type":"Feature","id":"CRUS_Barreiro_V.34635","properties":{"AREA_HA":17.4902669647943,"Autor":"DGT","Categoria_2021":"Espaço de Uso Especial Equipamentos e Infraestruturas","Classe_2021":"Solo Urbano (urbanizável – transitório)","DTCC":"1504","Data_Pub_Origem":"1994-05-04T00:00:00","Designacao_no_plano":"Espaços Urbanizáveis - Equipamento em Área de Expansão","Escala_origem":"1/25000","Fonte":"CM - Raster","ID1":34635,"Municipio":"BARREIRO"},"geometry":{"type":"Polygon","coordinates":[[[-9.07478456532749,38.6544876395915],[-9.07521159297684,38.654065205699],[-9.07433973794688,38.6536752574237],[-9.07327974297425,38.6526368772935],[-9.07429329272752,38.6528833785968],[-9.07463493556756,38.6527957456747],[-9.07516241425313,38.6517445929448],[-9.07600933723422,38.6516670326786],[-9.07646069247891,38.6516916876752],[-9.07683153780081,38.6510803594886],[-9.07735616034168,38.6511893051894],[-9.0773714137032,38.6509769711149],[-9.07747946321293,38.6509619517404],[-9.07766022633455,38.6509887864173],[-9.07778687196035,38.6510160587827],[-9.07778798665407,38.6511009341555],[-9.0776100094133,38.6512862872186],[-9.07806210604759,38.6513675202384],[-9.07820288823122,38.6510975826499],[-9.07858357029037,38.6512359799178],[-9.07838811357843,38.6514639176195],[-9.07884077011656,38.651587584373],[-9.0790001467507,38.6513599385903],[-9.07936223446266,38.6514560414843],[-9.0792735272648,38.6515699375982],[-9.07925716297858,38.6516973965029],[-9.0793992279833,38.6517736784239],[-9.07879514650077,38.6535554852666],[-9.07802667067668,38.6554857365264],[-9.07784250998144,38.6555923097826],[-9.07639048718865,38.6545924635393],[-9.07561850176999,38.6542471973417],[-9.07534918125014,38.6548933664325],[-9.07487887743024,38.6558694143052],[-9.07429528071795,38.6570805450714],[-9.07472780660352,38.6577627781422],[-9.07449185164533,38.6578544476574],[-9.07385615514215,38.6580938560912],[-9.07337867859922,38.6582736750213],[-9.07283985116099,38.6584619209877],[-9.07269422927491,38.6583640594721],[-9.07294366073302,38.6581215506189],[-9.07286946355503,38.657966525253],[-9.07362462930556,38.6568454346342],[-9.07423320021825,38.6556084162273],[-9.07478456532749,38.6544876395915]]]}},{"type":"Feature","id":"CRUS_Barreiro_V.34636","properties":{"AREA_HA":111.320256181473,"Autor":"DGT","Categoria_2021":"Espaço Habitacional","Classe_2021":"Solo Urbano","DTCC":"1504","Data_Pub_Origem":"1994-05-04T00:00:00","Designacao_no_plano":"Espaços Urbanos - Habitação em Área de Reconversão","Escala_origem":"1/25000","Fonte":"CM - Raster","ID1":34636,"Municipio":"BARREIRO"},"geometry":{"type":"Polygon","coordinates":[[[-9.01506004601492,38.5907603830934],[-9.01523022864559,38.59058512432],[-9.01576268921686,38.5901287169241],[-9.01600233397949,38.5899226900596],[-9.01636073847708,38.5895716234954],[-9.0166670251385,38.5892716048343],[-9.01736079085755,38.5886061560494],[-9.01901983109185,38.5883155654031],[-9.02031387929526,38.5914292870135],[-9.02048923333804,38.5915492593413],[-9.02176384414676,38.5915092616118],[-9.02189620283735,38.5928425773112],[-9.02322822884688,38.592756639979],[-9.02473430264741,38.5926845240587],[-9.02465215301518,38.5922909186696],[-9.02431512260651,38.5915959999633],[-9.02450192813711,38.5910790449874],[-9.02465234526011,38.5907443187318],[-9.02456813725685,38.5901839385815],[-9.02440778572562,38.5897151150795],[-9.02413396800381,38.5894442714435],[-9.02412703458563,38.588883302466],[-9.02355822145871,38.5881901464409],[-9.02333524985355,38.5873427285982],[-9.02373940403743,38.5872183517281],[-9.02373378526966,38.586763511896],[-9.02332551512214,38.5865543402436],[-9.02257048426183,38.5864236165536],[-9.02218564872052,38.5865478426334],[-9.02164926840276,38.5869158219601],[-9.02144145467766,38.5872964678209],[-9.02127040425063,38.5875252073677],[-9.02099660778817,38.5872543551402],[-9.02019108488104,38.5877305087895],[-9.01938424660131,38.588100528365],[-9.01879225703169,38.5870891052075],[-9.01861162584502,38.5866484277299],[-9.01868043504321,38.5865188094773],[-9.01898692618947,38.5859179919758],[-9.01884725343721,38.5858715797834],[-9.01846952036011,38.5857846356873],[-9.01823550521986,38.5857195688975],[-9.01778329397993,38.5856050849011],[-9.01775741636496,38.5855972632552],[-9.01720939370014,38.585431616064],[-9.01677640569377,38.5853031446128],[-9.01676384914749,38.5852994190627],[-9.01706593327766,38.5847127779956],[-9.0174210218791,38.5840410643758],[-9.01746454667383,38.5839315602633],[-9.01769313000391,38.5833788066411],[-9.0178090555974,38.5831280441505],[-9.01797084135663,38.5827993754928],[-9.01802166595099,38.5826927751458],[-9.01809972293204,38.5825290580254],[-9.01833189153709,38.5820819434427],[-9.01863162557686,38.5814741494386],[-9.01870595644429,38.5813221589794],[-9.02078957972115,38.5815668422928],[-9.02203118430248,38.5817070170935],[-9.02241546667734,38.5817586790741],[-9.02279518052455,38.5818209149611],[-9.02279627172233,38.5835645429459],[-9.02225281205853,38.5833563949586],[-9.0205481736708,38.5829751010503],[-9.0204556027722,38.5848711472227],[-9.0215755665063,38.5848323253373],[-9.02238422576514,38.5846139047273],[-9.02260044364613,38.5849155165132],[-9.02295056748359,38.5851099704007],[-9.02428527546347,38.5849219298205],[-9.02429641849746,38.5849249212527],[-9.02441864755845,38.5849031383797],[-9.02479862180657,38.5854811524607],[-9.02513486628529,38.5859159699233],[-9.02541346395185,38.5859138461259],[-9.02581242458579,38.585787790166],[-9.02635051337518,38.5856470038953],[-9.02654475853273,38.5858642110753],[-9.02681102584144,38.5862722217069],[-9.02727154636578,38.586897437544],[-9.02800151803858,38.5867825136012],[-9.02939435296359,38.5867581860001],[-9.03141097210626,38.5864830305242],[-9.03262115290577,38.5864137465168],[-9.03217143174574,38.5866415464002],[-9.03256149680238,38.5871989421273],[-9.03283155525702,38.5879076077006],[-9.03259440630365,38.5898366346277],[-9.03252115204091,38.5909443147777],[-9.0348195917133,38.5923071062527],[-9.03588851224102,38.5928319213961],[-9.03597581838499,38.5928538069211],[-9.03356688739446,38.5944970719122],[-9.03266666776186,38.5951256670228],[-9.03229960950586,38.5951284879874],[-9.03194582059118,38.5946459991499],[-9.03068638765106,38.5928058131906],[-9.03011578236262,38.5919762385096],[-9.02845443252327,38.5919889608134],[-9.028243440188,38.5921118766332],[-9.02824494639738,38.592233167779],[-9.02864110284986,38.593018598332],[-9.02808237847427,38.5931441743121],[-9.02723368819993,38.5932568009384],[-9.02575142990463,38.5936926726826],[-9.02486540460829,38.5939117053008],[-9.02235586118315,38.5940824291632],[-9.02133216041714,38.5941053659941],[-9.02117069985305,38.593545570835],[-9.02022409463379,38.5935527503724],[-9.0196068342884,38.5936332412656],[-9.0191443082878,38.5937277208784],[-9.01881701125805,38.5938211743694],[-9.0184885948153,38.593823659514],[-9.01868824640133,38.5927759200328],[-9.01865812527764,38.5918967101238],[-9.01838692722549,38.5918381110386],[-9.01696129571041,38.5921673039135],[-9.01578493207823,38.5923429727622],[-9.0156495188887,38.5923288315251],[-9.01506004601492,38.5907603830934]]]}},{"type":"Feature","id":"CRUS_Barreiro_V.34637","properties":{"AREA_HA":3.38078222526041,"Autor":"DGT","Categoria_2021":"Espaço Habitacional","Classe_2021":"Solo Urbano","DTCC":"1504","Data_Pub_Origem":"1994-05-04T00:00:00","Designacao_no_plano":"Espaços Urbanos - Habitação em Área de Reconversão","Escala_origem":"1/25000","Fonte":"CM - Raster","ID1":34637,"Municipio":"BARREIRO"},"geometry":{"type":"Polygon","coordinates":[[[-9.02845291088241,38.6193357610819],[-9.02976404282916,38.6191683211713],[-9.02996257922309,38.619334901373],[-9.02998555605458,38.6195975391085],[-9.03000872559312,38.61987563414],[-9.03013368966176,38.6204157625865],[-9.02929314555576,38.6209632902459],[-9.02933524669194,38.6211794015947],[-9.02923845698804,38.6213192792531],[-9.02916079321447,38.6214126321934],[-9.02902440143546,38.6215373532712],[-9.02843076984332,38.6213409223641],[-9.0277284606226,38.6210920978336],[-9.02763531899586,38.6210590980915],[-9.02765263144357,38.6210364734203],[-9.02811991537605,38.6204257948475],[-9.02842390759057,38.6199369625926],[-9.02845291088241,38.6193357610819]]]}},{"type":"Feature","id":"CRUS_Barreiro_V.34638","properties":{"AREA_HA":0.0132246342075057,"Autor":"DGT","Categoria_2021":"Espaço Habitacional","Classe_2021":"Solo Urbano","DTCC":"1504","Data_Pub_Origem":"1994-05-04T00:00:00","Designacao_no_plano":"Espaços Urbanos - Habitação em Área de Reconversão","Escala_origem":"1/25000","Fonte":"CM - Raster","ID1":34638,"Municipio":"BARREIRO"},"geometry":{"type":"Polygon","coordinates":[[[-9.02431730978434,38.622414401657],[-9.02370476394696,38.6221203377089],[-9.02388880470578,38.6221640311801],[-9.02431730978434,38.622414401657]]]}},{"type":"Feature","id":"CRUS_Barreiro_V.34639","properties":{"AREA_HA":2.14048717791541,"Autor":"DGT","Categoria_2021":"Espaço Habitacional","Classe_2021":"Solo Urbano","DTCC":"1504","Data_Pub_Origem":"1994-05-04T00:00:00","Designacao_no_plano":"Espaços Urbanos - Habitação em Área de Reconversão","Escala_origem":"1/25000","Fonte":"CM - Raster","ID1":34639,"Municipio":"BARREIRO"},"geometry":{"type":"Polygon","coordinates":[[[-9.0365404021389,38.6226964022022],[-9.0365682623103,38.6220093538013],[-9.03738954687497,38.6223756303626],[-9.03741421867302,38.6225608702218],[-9.03747540257698,38.6230755219663],[-9.03751727835508,38.6235455175755],[-9.03753910353999,38.6237904804496],[-9.03732491321092,38.6241641698598],[-9.03681602899862,38.6243111914509],[-9.0364665351513,38.6238532215497],[-9.03592586543323,38.6231447247135],[-9.0365404021389,38.6226964022022]]]}},{"type":"Feature","id":"CRUS_Barreiro_V.34640","properties":{"AREA_HA":1.7800641239052,"Autor":"DGT","Categoria_2021":"Espaço Habitacional","Classe_2021":"Solo Urbano","DTCC":"1504","Data_Pub_Origem":"1994-05-04T00:00:00","Designacao_no_plano":"Espaços Urbanos - Habitação em Área de Reconversão","Escala_origem":"1/25000","Fonte":"CM - Raster","ID1":34640,"Municipio":"BARREIRO"},"geometry":{"type":"Polygon","coordinates":[[[-9.03126935973192,38.6288693029397],[-9.03134405311271,38.6279338132673],[-9.0320192741446,38.6279572459398],[-9.03275046472896,38.6280804060867],[-9.03365136287569,38.6286458358138],[-9.03362997154936,38.6289071473665],[-9.03126517241566,38.6289217404897],[-9.03126935973192,38.6288693029397]]]}},{"type":"Feature","id":"CRUS_Barreiro_V.34641","properties":{"AREA_HA":60.0607573952733,"Autor":"DGT","Categoria_2021":"Espaço Habitacional","Classe_2021":"Solo Urbano","DTCC":"1504","Data_Pub_Origem":"1994-05-04T00:00:00","Designacao_no_plano":"Espaços Urbanos - Habitação em Área de Reconversão","Escala_origem":"1/25000","Fonte":"CM - Raster","ID1":34641,"Municipio":"BARREIRO"},"geometry":{"type":"Polygon","coordinates":[[[-9.021992251243,38.6273730437817],[-9.0219621429111,38.6272595048923],[-9.02189317858352,38.6270596934567],[-9.02183195308891,38.6268728849142],[-9.02180336336958,38.6267616738372],[-9.02180172072947,38.626638277309],[-9.02177389908979,38.6264595006231],[-9.0217588442699,38.6263470147669],[-9.02167132418143,38.626081965194],[-9.02099594766333,38.6260441654187],[-9.01983401903373,38.6250084191004],[-9.0194510021243,38.6250113213557],[-9.01887347135137,38.6247082921832],[-9.01869828095579,38.6246163684013],[-9.01788504981607,38.6237496701513],[-9.01759270584745,38.6237089533911],[-9.01726493960049,38.623754357941],[-9.01700468167503,38.6233556713477],[-9.01677563533974,38.6225274783641],[-9.01661463168206,38.6212981168954],[-9.01634701576084,38.6202985042691],[-9.01612061897209,38.6196849246474],[-9.01596559751214,38.6189420243215],[-9.01594647898908,38.6173824829055],[-9.01600960471611,38.6165806995324],[-9.01763320130946,38.6166113641514],[-9.0187084660447,38.6165459948503],[-9.01987438343868,38.6164370005446],[-9.01993050189969,38.6165510475085],[-9.02006485542124,38.6170937726905],[-9.02021850476881,38.6177222057877],[-9.02065382644941,38.6190067179108],[-9.02082607485567,38.6196636276121],[-9.02085224999369,38.6203073351195],[-9.02132372215593,38.6215629519595],[-9.02094195976185,38.6216660132194],[-9.01936810687798,38.6227225044674],[-9.0195364791311,38.6230646454573],[-9.02069854800795,38.6241147035139],[-9.02207368827962,38.6246909331346],[-9.02311895748264,38.6251408757112],[-9.02327680159572,38.6252709893965],[-9.0233769556827,38.6253535476598],[-9.02320234856745,38.6259844731206],[-9.0231357603528,38.6265001045088],[-9.02349877566042,38.6263542525087],[-9.02413590728185,38.6262492383201],[-9.0247882640662,38.6259008520375],[-9.02516951122428,38.625754855912],[-9.02586223911137,38.6257209533615],[-9.02669892480224,38.6255285489849],[-9.02779041849394,38.6252912632531],[-9.02838640333855,38.62479419157],[-9.02923072858526,38.6252169981289],[-9.03004326089242,38.6255784143441],[-9.03014784182279,38.6256249311193],[-9.03019548652646,38.625689409608],[-9.03046325323203,38.6260517827391],[-9.03046681989201,38.6263379359106],[-9.03058017884765,38.6266518646883],[-9.03064096127382,38.6271379051579],[-9.03069692549026,38.6287975652171],[-9.0302401465418,38.6287403200779],[-9.02899723150961,38.6285399785889],[-9.02886223313861,38.6294186317469],[-9.0273775322668,38.6293345960621],[-9.02764400750311,38.6272911400294],[-9.02621437987114,38.6277217937696],[-9.02513175774684,38.6279423034595],[-9.02487675795568,38.6279728651997],[-9.0246109607227,38.6286044875013],[-9.02446592858838,38.6286771374658],[-9.02362813824961,38.6287836810171],[-9.02362122544706,38.6296995097956],[-9.02175509376227,38.629748288483],[-9.02174832958274,38.6297432520958],[-9.02174629446242,38.6296721649482],[-9.02174096765696,38.629486154247],[-9.02173101086833,38.6292847217349],[-9.02175322601724,38.6291493398508],[-9.02180245312937,38.6289795292632],[-9.02188091002738,38.6287216659744],[-9.02188286599718,38.6285177990486],[-9.02194034289731,38.6282814433426],[-9.02199459060737,38.6280533950699],[-9.02202474081431,38.6279287661287],[-9.02203751859592,38.62773662295],[-9.02203143978237,38.6276074913742],[-9.02201947242401,38.6274938137687],[-9.021992251243,38.6273730437817]]]}},{"type":"Feature","id":"CRUS_Barreiro_V.34642","properties":{"AREA_HA":10.7737029784593,"Autor":"DGT","Categoria_2021":"Espaço Habitacional","Classe_2021":"Solo Urbano","DTCC":"1504","Data_Pub_Origem":"1994-05-04T00:00:00","Designacao_no_plano":"Espaços Urbanos - Habitação em Área de Reconversão","Escala_origem":"1/25000","Fonte":"CM - Raster","ID1":34642,"Municipio":"BARREIRO"},"geometry":{"type":"Polygon","coordinates":[[[-9.04597794577011,38.6302415068318],[-9.04637237339916,38.6301894948913],[-9.04678686899338,38.6300802380625],[-9.04721496879544,38.6302236921372],[-9.04763882261032,38.6300328037235],[-9.04765768434455,38.6300293196913],[-9.04846863392725,38.6298795150657],[-9.04894539608717,38.6297616075046],[-9.04895330144455,38.6295658138001],[-9.0490050738837,38.6295490975934],[-9.04959236024996,38.6302734772637],[-9.04929461768287,38.6304523115839],[-9.04894986874251,38.630866848885],[-9.04895685460151,38.6314159106142],[-9.04883559945778,38.6317110298797],[-9.04862005184558,38.6319891671676],[-9.04826983417491,38.6324410755256],[-9.04727930413469,38.6331940497828],[-9.04718609541083,38.6333745592326],[-9.04492295545751,38.6327110030224],[-9.04489220879021,38.6317239224704],[-9.04498823895189,38.6306643088776],[-9.04510819251695,38.6305255765151],[-9.04530499417374,38.6304669535645],[-9.04569901119692,38.6303823261689],[-9.04597794577011,38.6302415068318]]]}},{"type":"Feature","id":"CRUS_Barreiro_V.34643","properties":{"AREA_HA":13.1198360063864,"Autor":"DGT","Categoria_2021":"Espaço Habitacional","Classe_2021":"Solo Urbano","DTCC":"1504","Data_Pub_Origem":"1994-05-04T00:00:00","Designacao_no_plano":"Espaços Urbanos - Habitação em Área de Reconversão","Escala_origem":"1/25000","Fonte":"CM - Raster","ID1":34643,"Municipio":"BARREIRO"},"geometry":{"type":"Polygon","coordinates":[[[-9.03513037807439,38.6366689592772],[-9.03493014061683,38.6353231988865],[-9.03527134677266,38.6348912985708],[-9.03582713547436,38.6341143261493],[-9.03589202462299,38.6334699204995],[-9.03575428948168,38.6326696802533],[-9.03547189017804,38.6319707181837],[-9.03621049717603,38.6318325750215],[-9.03650926659928,38.6317766946111],[-9.03680109610471,38.6322818546332],[-9.0370672999157,38.6327426507497],[-9.03725312277963,38.6330130855595],[-9.03841525017856,38.6340343458378],[-9.03870338048174,38.6341839981482],[-9.03829326859595,38.6344793018742],[-9.03852684456388,38.6347071730646],[-9.03901358753261,38.6351820215426],[-9.03922542235281,38.6357062358193],[-9.03961522903545,38.6359564056301],[-9.03917992761293,38.6362191155348],[-9.03917390131364,38.6362227519222],[-9.03875506518375,38.6362832313973],[-9.03830118382908,38.6364584514241],[-9.03814331612197,38.6364800067307],[-9.03719023867164,38.6366101325497],[-9.03708959431141,38.6373120502731],[-9.03681704448851,38.6374000100689],[-9.03634275401775,38.6374036729622],[-9.03616033520134,38.6374050812506],[-9.03612005618454,38.6373535840901],[-9.03610471169986,38.6373339658637],[-9.03553903281372,38.6373240215609],[-9.03520906487328,38.6371977853669],[-9.03513037807439,38.6366689592772]],[[-9.03876966359982,38.6356298499167],[-9.03862256875789,38.6353573289303],[-9.03831596018594,38.6354562871335],[-9.03766291032772,38.6357510954137],[-9.03797275275154,38.6362212155479],[-9.03892790713571,38.6358571377588],[-9.03876966359982,38.6356298499167]]]}},{"type":"Feature","id":"CRUS_Barreiro_V.34644","properties":{"AREA_HA":2.28430544145508,"Autor":"DGT","Categoria_2021":"Espaço Habitacional","Classe_2021":"Solo Urbano","DTCC":"1504","Data_Pub_Origem":"1994-05-04T00:00:00","Designacao_no_plano":"Espaços Urbanos - Habitação em Área de Reconversão","Escala_origem":"1/25000","Fonte":"CM - Raster","ID1":34644,"Municipio":"BARREIRO"},"geometry":{"type":"Polygon","coordinates":[[[-9.04176422424407,38.6376651749708],[-9.04187549804647,38.6364629622205],[-9.04209856517861,38.6364951868904],[-9.04237015588785,38.6363321004378],[-9.04242303383533,38.6365083627622],[-9.04280882230267,38.6367199985571],[-9.04283498244446,38.6377071146171],[-9.04238417249093,38.6377642777329],[-9.04241005629157,38.6387299323864],[-9.0412920617305,38.6387018686307],[-9.04119749499216,38.6378000626801],[-9.04176422424407,38.6376651749708]]]}},{"type":"Feature","id":"CRUS_Barreiro_V.34645","properties":{"AREA_HA":2.9841907293784,"Autor":"DGT","Categoria_2021":"Espaço Habitacional","Classe_2021":"Solo Urbano","DTCC":"1504","Data_Pub_Origem":"1994-05-04T00:00:00","Designacao_no_plano":"Espaços Urbanos - Habitação em Área de Reconversão","Escala_origem":"1/25000","Fonte":"CM - Raster","ID1":34645,"Municipio":"BARREIRO"},"geometry":{"type":"Polygon","coordinates":[[[-9.05194796889379,38.6412581448481],[-9.05220175447757,38.6408646883946],[-9.05300205167044,38.6409115499897],[-9.05329326707825,38.6409286008359],[-9.0536490474523,38.6398384057932],[-9.05414849335122,38.6398634715156],[-9.05404208669866,38.640705415167],[-9.0537632534202,38.6422120881899],[-9.05363640291143,38.6422029785168],[-9.05310327447354,38.6421646905417],[-9.05172125443893,38.6420185454214],[-9.05186214718168,38.6415967919075],[-9.05184766946271,38.6415945509077],[-9.05194796889379,38.6412581448481]]]}},{"type":"Feature","id":"CRUS_Barreiro_V.34646","properties":{"AREA_HA":4.04255442907549,"Autor":"DGT","Categoria_2021":"Espaço Habitacional","Classe_2021":"Solo Urbano","DTCC":"1504","Data_Pub_Origem":"1994-05-04T00:00:00","Designacao_no_plano":"Espaços Urbanos - Habitação em Área de Reconversão","Escala_origem":"1/25000","Fonte":"CM - Raster","ID1":34646,"Municipio":"BARREIRO"},"geometry":{"type":"Polygon","coordinates":[[[-9.05079763183792,38.6440737940491],[-9.0513068635018,38.643783374664],[-9.0515135324415,38.6440427270953],[-9.05215277434789,38.6448786256602],[-9.05230564615806,38.6454557688401],[-9.05142335850949,38.6456311037486],[-9.05141130921373,38.6458675045312],[-9.05058486374834,38.6460394049782],[-9.05025434419892,38.6461128883247],[-9.04993163839099,38.646132302676],[-9.04988441862876,38.6460339680195],[-9.04981483343503,38.6459283112173],[-9.04968168818956,38.6457736090665],[-9.04968619310604,38.6456408888819],[-9.04969329159412,38.6454859858807],[-9.04968818455607,38.6452479486822],[-9.04965835966297,38.6450621680426],[-9.04961607589057,38.6448722512211],[-9.04958313551215,38.6446856887381],[-9.04957666143684,38.6445924179064],[-9.04950040824936,38.644521223859],[-9.05079763183792,38.6440737940491]]]}},{"type":"Feature","id":"CRUS_Barreiro_V.34647","properties":{"AREA_HA":4.46266821909454,"Autor":"DGT","Categoria_2021":"Espaço Habitacional","Classe_2021":"Solo Urbano","DTCC":"1504","Data_Pub_Origem":"1994-05-04T00:00:00","Designacao_no_plano":"Espaços Urbanos - Habitação em Área de Reconversão","Escala_origem":"1/25000","Fonte":"CM - Raster","ID1":34647,"Municipio":"BARREIRO"},"geometry":{"type":"Polygon","coordinates":[[[-9.05377484260658,38.6489895414743],[-9.05369026158522,38.6486593779741],[-9.05317041774643,38.6488525132974],[-9.05292997800751,38.648901664881],[-9.05238944002717,38.6490476987973],[-9.05209034746155,38.6492233401354],[-9.05208249934932,38.6486090040596],[-9.05233900041108,38.6482446520373],[-9.05309988234646,38.6480496249371],[-9.05342371339918,38.6479834232261],[-9.05356079776275,38.647955398883],[-9.05414177334109,38.6478366265043],[-9.05456480451746,38.6479278180756],[-9.05501014451055,38.6481921235155],[-9.05518267548924,38.6482580816141],[-9.05525239880792,38.6482847362645],[-9.05525788462208,38.6482924192121],[-9.05538398939576,38.6484690094688],[-9.05596837039593,38.6492873323696],[-9.05520728166245,38.6494666255932],[-9.0549124308639,38.6495504848281],[-9.05372607214989,38.6498878914094],[-9.05350531404295,38.649905381874],[-9.05317585750921,38.649277822817],[-9.05317444717951,38.6491675566217],[-9.05377484260658,38.6489895414743]]]}},{"type":"Feature","id":"CRUS_Barreiro_V.34648","properties":{"AREA_HA":2.46791061129798,"Autor":"DGT","Categoria_2021":"Espaço Habitacional","Classe_2021":"Solo Urbano","DTCC":"1504","Data_Pub_Origem":"1994-05-04T00:00:00","Designacao_no_plano":"Espaços Urbanos - Habitação em Área de Reconversão","Escala_origem":"1/25000","Fonte":"CM - Raster","ID1":34648,"Municipio":"BARREIRO"},"geometry":{"type":"Polygon","coordinates":[[[-9.0522632872379,38.6499666883705],[-9.05246416056091,38.6499651097874],[-9.05274618826622,38.650025907677],[-9.05304870717245,38.6501180520401],[-9.05335122682892,38.6502101947091],[-9.05369513143679,38.6503965340098],[-9.0541599655036,38.6506134284521],[-9.05450831437885,38.6511463135244],[-9.05289289776023,38.6520727460811],[-9.05245897084804,38.651130930866],[-9.05267832449147,38.6510031761454],[-9.0522632872379,38.6499666883705]]]}},{"type":"Feature","id":"CRUS_Barreiro_V.34649","properties":{"AREA_HA":1.19786561865769,"Autor":"DGT","Categoria_2021":"Espaço Habitacional","Classe_2021":"Solo Urbano","DTCC":"1504","Data_Pub_Origem":"1994-05-04T00:00:00","Designacao_no_plano":"Espaços Urbanos - Habitação em Área de Reconversão","Escala_origem":"1/25000","Fonte":"CM - Raster","ID1":34649,"Municipio":"BARREIRO"},"geometry":{"type":"Polygon","coordinates":[[[-9.0486713676582,38.6557248490492],[-9.0492873111573,38.655299647587],[-9.05083354795217,38.6562233514304],[-9.05075366064917,38.6565855468994],[-9.0507115566468,38.6567764366146],[-9.04918620730322,38.6559881970943],[-9.0486713676582,38.6557248490492]]]}},{"type":"Feature","id":"CRUS_Barreiro_V.34650","properties":{"AREA_HA":1.11873612204487,"Autor":"DGT","Categoria_2021":"Espaço Habitacional","Classe_2021":"Solo Urbano (urbanizável – transitório)","DTCC":"1504","Data_Pub_Origem":"1994-05-04T00:00:00","Designacao_no_plano":"Espaços Urbanizáveis - Habitação em Área de Expansão","Escala_origem":"1/25000","Fonte":"CM - Raster","ID1":34650,"Municipio":"BARREIRO"},"geometry":{"type":"Polygon","coordinates":[[[-9.03509373510506,38.6287491964588],[-9.03521746594455,38.6279959454264],[-9.03614337350567,38.6288523410333],[-9.03655311021949,38.6292010538911],[-9.03635185732303,38.6295137656936],[-9.03547616097995,38.6295062138715],[-9.03533623088818,38.6291765966605],[-9.03509373510506,38.6287491964588]]]}},{"type":"Feature","id":"CRUS_Barreiro_V.34651","properties":{"AREA_HA":0.569279750216939,"Autor":"DGT","Categoria_2021":"Espaço Habitacional","Classe_2021":"Solo Urbano (urbanizável – transitório)","DTCC":"1504","Data_Pub_Origem":"1994-05-04T00:00:00","Designacao_no_plano":"Espaços Urbanizáveis - Habitação em Área de Expansão","Escala_origem":"1/25000","Fonte":"CM - Raster","ID1":34651,"Municipio":"BARREIRO"},"geometry":{"type":"Polygon","coordinates":[[[-9.03831596018594,38.6354562871335],[-9.03862256875789,38.6353573289303],[-9.03876966359982,38.6356298499167],[-9.03892790713571,38.6358571377588],[-9.03797275275154,38.6362212155479],[-9.03766291032772,38.6357510954137],[-9.03831596018594,38.6354562871335]]]}},{"type":"Feature","id":"CRUS_Barreiro_V.34652","properties":{"AREA_HA":1.60874751143274,"Autor":"DGT","Categoria_2021":"Espaço Habitacional","Classe_2021":"Solo Urbano (urbanizável – transitório)","DTCC":"1504","Data_Pub_Origem":"1994-05-04T00:00:00","Designacao_no_plano":"Espaços Urbanizáveis - Habitação em Área de Expansão","Escala_origem":"1/25000","Fonte":"CM - Raster","ID1":34652,"Municipio":"BARREIRO"},"geometry":{"type":"Polygon","coordinates":[[[-9.04489189821228,38.6377397933217],[-9.04502830528175,38.6377065352871],[-9.04573599477081,38.6384844320804],[-9.04545044949862,38.6386261725251],[-9.04532498131988,38.6387517188771],[-9.04501807533174,38.6390588127767],[-9.04481951130385,38.6395862147436],[-9.04458011247583,38.6395307709918],[-9.0445627444345,38.6394417445706],[-9.04407776822372,38.6389625948001],[-9.04383214142976,38.6388877450967],[-9.04408201315176,38.6386153731863],[-9.04431052474813,38.6382916410217],[-9.04466467541663,38.6379554784405],[-9.04489189821228,38.6377397933217]]]}},{"type":"Feature","id":"CRUS_Barreiro_V.34653","properties":{"AREA_HA":27.8697821922774,"Autor":"DGT","Categoria_2021":"Espaço Habitacional","Classe_2021":"Solo Urbano (urbanizável – transitório)","DTCC":"1504","Data_Pub_Origem":"1994-05-04T00:00:00","Designacao_no_plano":"Espaços Urbanizáveis - Habitação em Área de Expansão","Escala_origem":"1/25000","Fonte":"CM - Raster","ID1":34653,"Municipio":"BARREIRO"},"geometry":{"type":"Polygon","coordinates":[[[-9.06057941812148,38.644475487865],[-9.05983662336513,38.6430377190334],[-9.05922745467901,38.6423365379316],[-9.05860332915309,38.6419296403715],[-9.05835784693044,38.6417992063121],[-9.05804359594118,38.6421546941758],[-9.05765017407968,38.6421872208489],[-9.05765395356566,38.6424813603888],[-9.05660645955458,38.6426955529378],[-9.05602418752982,38.6426266056139],[-9.05587020681991,38.6423189425623],[-9.05586549162109,38.6419512686153],[-9.05657551225358,38.6417272648037],[-9.0570609189547,38.6415741208775],[-9.05743256295318,38.6413064330683],[-9.05710905430487,38.6409412776209],[-9.05709121378475,38.6408860127394],[-9.05704584405367,38.6407454672054],[-9.05709661580632,38.6406825476437],[-9.05698738400744,38.6405643708118],[-9.05678281909598,38.6403430541227],[-9.05683468488335,38.6400006729479],[-9.05653495610652,38.6396610676202],[-9.05661679124549,38.6394618571805],[-9.05661608069119,38.6394064903086],[-9.05661141211943,38.6390427082396],[-9.05697210648544,38.6391651775605],[-9.05751684720121,38.6392344169056],[-9.05757215800545,38.6391604372096],[-9.05838036605314,38.6393011319009],[-9.05845499481118,38.6392711249249],[-9.05850671011408,38.6389177129198],[-9.05916339189398,38.6389419331151],[-9.05925620345747,38.6388676557636],[-9.05985795558586,38.6389952671107],[-9.05991343757745,38.6386299700673],[-9.06033236313679,38.6384060973276],[-9.06066952815853,38.63807259485],[-9.06074559949755,38.6377411611331],[-9.06112759885907,38.6377696397953],[-9.06191412240294,38.6380154583542],[-9.06253835139714,38.6381365313117],[-9.06288038923625,38.6381810749911],[-9.06314188838195,38.6382105038062],[-9.06328267967683,38.6382251377],[-9.06330744724655,38.6385872786622],[-9.0638308553203,38.6386776379628],[-9.06403251158089,38.6387390492112],[-9.06431409662754,38.6387683155524],[-9.06431654268284,38.6389573416406],[-9.06405830205786,38.6391799499802],[-9.06372624072639,38.6399072667664],[-9.0633138334625,38.6406352214624],[-9.0631418265437,38.6413140029654],[-9.06322542338699,38.6415653986761],[-9.06323092116221,38.6419907075186],[-9.06325487562058,38.64228983897],[-9.06336100360345,38.6427301017348],[-9.06338414310891,38.6429662247537],[-9.06342142726349,38.6432434344424],[-9.06255821651759,38.6432073367961],[-9.06248472528531,38.6433255882166],[-9.06145295069238,38.6433043632758],[-9.06144643288662,38.6437443478941],[-9.06122198136963,38.643683956303],[-9.06071781340714,38.6435304172354],[-9.06051777068682,38.6435950190825],[-9.06057941812148,38.644475487865]],[[-9.05956724036098,38.6395745812258],[-9.05924277935139,38.6394999306723],[-9.05884913726711,38.6395140785427],[-9.0588663227613,38.6397566319723],[-9.05879286532232,38.6406066261798],[-9.05866628952943,38.6406076277052],[-9.05867168092492,38.6410267762904],[-9.0587844773167,38.6410479462988],[-9.05914730399608,38.6408244478423],[-9.05924234403963,38.6405589435777],[-9.0593657960832,38.6403152767763],[-9.05987181294128,38.6402892065947],[-9.05985192483483,38.6398370791247],[-9.05972364600111,38.6397057184201],[-9.05956724036098,38.6395745812258]]]}},{"type":"Feature","id":"CRUS_Barreiro_V.34654","properties":{"AREA_HA":10.0816206075338,"Autor":"DGT","Categoria_2021":"Espaço Habitacional","Classe_2021":"Solo Urbano (urbanizável – transitório)","DTCC":"1504","Data_Pub_Origem":"1994-05-04T00:00:00","Designacao_no_plano":"Espaços Urbanizáveis - Habitação em Área de Expansão","Escala_origem":"1/25000","Fonte":"CM - Raster","ID1":34654,"Municipio":"BARREIRO"},"geometry":{"type":"Polygon","coordinates":[[[-9.04522865608001,38.6231727339288],[-9.04557801012074,38.6219537441296],[-9.04557655965759,38.6218392834349],[-9.04761368935539,38.6210729853736],[-9.04840186195462,38.6228125215393],[-9.04850321523412,38.622789982197],[-9.04862561779477,38.6231406223947],[-9.04871407134782,38.623358708512],[-9.04940381695692,38.6250592483257],[-9.04884486963452,38.6252723290385],[-9.0489978225153,38.6256769455508],[-9.04876224152815,38.6257483579827],[-9.04849724905172,38.6258315943555],[-9.0474068889544,38.6249357347274],[-9.0467195540874,38.6243497750828],[-9.04622979051771,38.6239656088664],[-9.04597311524016,38.6237642724581],[-9.04524142549638,38.6233255987896],[-9.04522865608001,38.6231727339288]]]}},{"type":"Feature","id":"CRUS_Barreiro_V.34655","properties":{"AREA_HA":42.1795301434727,"Autor":"DGT","Categoria_2021":"Espaço Habitacional","Classe_2021":"Solo Urbano (urbanizável – transitório)","DTCC":"1504","Data_Pub_Origem":"1994-05-04T00:00:00","Designacao_no_plano":"Espaços Urbanizáveis - Habitação em Área de Expansão","Escala_origem":"1/25000","Fonte":"CM - Raster","ID1":34655,"Municipio":"BARREIRO"},"geometry":{"type":"Polygon","coordinates":[[[-9.02488322544126,38.6228985165001],[-9.02438505525659,38.6224539842348],[-9.02431730978434,38.622414401657],[-9.02388880470578,38.6221640311801],[-9.02370476394696,38.6221203377089],[-9.02224835566076,38.6217745590085],[-9.02212917467706,38.6216981670905],[-9.02225073575729,38.6214600412817],[-9.02239854621707,38.6211704930934],[-9.0225982642908,38.6213854088439],[-9.02293534036144,38.6215529014939],[-9.02384480586911,38.621793335371],[-9.02504065461953,38.6212895177426],[-9.0252629571,38.6217361511938],[-9.0267960718142,38.6214152588432],[-9.02693820057882,38.6213258821103],[-9.02706982295585,38.6212431118444],[-9.02706816979013,38.6209203428586],[-9.02763531899586,38.6210590980915],[-9.0277284606226,38.6210920978336],[-9.02843076984332,38.6213409223641],[-9.02902440143546,38.6215373532712],[-9.02916079321447,38.6214126321934],[-9.02923845698804,38.6213192792531],[-9.02933524669194,38.6211794015947],[-9.02929314555576,38.6209632902459],[-9.03013368966176,38.6204157625865],[-9.03000872559312,38.61987563414],[-9.02998555605458,38.6195975391085],[-9.02996257922309,38.619334901373],[-9.02976404282916,38.6191683211713],[-9.029588151093,38.6182252728263],[-9.02887121025176,38.6177728750147],[-9.03049040138572,38.6174138621276],[-9.03234230219722,38.6189610649464],[-9.0347728648069,38.6210757853142],[-9.03501623342482,38.6215232708637],[-9.03466810394134,38.6217521398266],[-9.03432785022682,38.6222555766735],[-9.03428155200389,38.6229284572794],[-9.0346170057717,38.6234982342035],[-9.03447733706058,38.6237993768494],[-9.03435581665437,38.6237181115074],[-9.03309092398416,38.6232127234667],[-9.03206689780753,38.6230059612022],[-9.03144465315608,38.6228390319504],[-9.0300732185361,38.6225633732461],[-9.03010648344113,38.6228364362699],[-9.03011856440275,38.6229356073879],[-9.03013417180349,38.6230637223812],[-9.02886585550432,38.6237459628178],[-9.02872742248247,38.6243480017136],[-9.02838640333855,38.62479419157],[-9.02779041849394,38.6252912632531],[-9.02669892480224,38.6255285489849],[-9.02586223911137,38.6257209533615],[-9.02516951122428,38.625754855912],[-9.0247882640662,38.6259008520375],[-9.02413590728185,38.6262492383201],[-9.02349877566042,38.6263542525087],[-9.0231357603528,38.6265001045088],[-9.02320234856745,38.6259844731206],[-9.0233769556827,38.6253535476598],[-9.02327680159572,38.6252709893965],[-9.02379333099316,38.6240044510295],[-9.02424100106398,38.6235527139648],[-9.0250439275893,38.6231446456092],[-9.02488322544126,38.6228985165001]]]}},{"type":"Feature","id":"CRUS_Barreiro_V.34656","properties":{"AREA_HA":9.94834384948197,"Autor":"DGT","Categoria_2021":"Espaço Habitacional","Classe_2021":"Solo Urbano (urbanizável – transitório)","DTCC":"1504","Data_Pub_Origem":"1994-05-04T00:00:00","Designacao_no_plano":"Espaços Urbanizáveis - Habitação em Área de Expansão","Escala_origem":"1/25000","Fonte":"CM - Raster","ID1":34656,"Municipio":"BARREIRO"},"geometry":{"type":"Polygon","coordinates":[[[-9.0506412694247,38.6282005082577],[-9.04991794315145,38.6281746712138],[-9.04961692470091,38.6281927830296],[-9.04921389605027,38.6280856627739],[-9.0488907933613,38.6279464079928],[-9.04864901777925,38.6278852851943],[-9.04812670607733,38.6278736171595],[-9.04788573200625,38.6278755015768],[-9.04677644333658,38.6267439720185],[-9.04733897242448,38.6265711158458],[-9.04836983740377,38.6262731886956],[-9.04898389762934,38.6269060909146],[-9.04920425959465,38.6268000134305],[-9.04968605445581,38.6274919206923],[-9.05017835481069,38.6278474974527],[-9.05102167575102,38.62791045241],[-9.05136899053235,38.6273279927512],[-9.05056395767336,38.6267893588527],[-9.05037198264286,38.6256429905982],[-9.05123906905987,38.6252535651132],[-9.0511443347598,38.6247789262892],[-9.05241938195148,38.6243268576675],[-9.05241338047316,38.6254296741342],[-9.0523242406999,38.6263125900052],[-9.05240660908138,38.6280448658744],[-9.05262991617682,38.6282321570332],[-9.05277310200587,38.6284358309081],[-9.05279519505824,38.6285931957394],[-9.05229718356906,38.6289121865413],[-9.05137263333872,38.6288564318022],[-9.05100915965616,38.6287017455712],[-9.05094590263274,38.6284659340734],[-9.0506412694247,38.6282005082577]]]}},{"type":"Feature","id":"CRUS_Barreiro_V.34657","properties":{"AREA_HA":67.8522501324462,"Autor":"DGT","Categoria_2021":"Espaço Habitacional","Classe_2021":"Solo Urbano (urbanizável – transitório)","DTCC":"1504","Data_Pub_Origem":"1994-05-04T00:00:00","Designacao_no_plano":"Espaços Urbanizáveis - Habitação em Área de Expansão","Escala_origem":"1/25000","Fonte":"CM - Raster","ID1":34657,"Municipio":"BARREIRO"},"geometry":{"type":"Polygon","coordinates":[[[-9.0213954408787,38.6308170326753],[-9.02122455929358,38.6305553165138],[-9.0215936261617,38.629894981867],[-9.02174629446242,38.6296721649482],[-9.02174832958274,38.6297432520958],[-9.02175509376227,38.629748288483],[-9.02362122544706,38.6296995097956],[-9.02362813824961,38.6287836810171],[-9.02446592858838,38.6286771374658],[-9.0246109607227,38.6286044875013],[-9.02487675795568,38.6279728651997],[-9.02513175774684,38.6279423034595],[-9.02621437987114,38.6277217937696],[-9.02764400750311,38.6272911400294],[-9.0273775322668,38.6293345960621],[-9.02886223313861,38.6294186317469],[-9.02899723150961,38.6285399785889],[-9.0302401465418,38.6287403200779],[-9.03069692549026,38.6287975652171],[-9.03069884629583,38.6288545419006],[-9.03126517241566,38.6289217404897],[-9.03362997154936,38.6289071473665],[-9.0336197161088,38.6290324223766],[-9.03364136136122,38.6291706306574],[-9.03375849387795,38.62991851191],[-9.03387509459215,38.6304899747744],[-9.03325475010446,38.6304804400513],[-9.03305697008468,38.6307109054701],[-9.03228443463576,38.6316612395854],[-9.0325278190516,38.6321601834286],[-9.03231482966988,38.6326340176051],[-9.03193927870392,38.6332378816463],[-9.03152813155136,38.6339135626244],[-9.03099914121038,38.6339176238056],[-9.03101181419176,38.6349334649451],[-9.03065519505237,38.6355944148998],[-9.03074475747977,38.636924463616],[-9.03134852355875,38.6370629198242],[-9.03140395533543,38.6371221041818],[-9.03118027440599,38.6373833997923],[-9.03097645141767,38.637845235978],[-9.03091809192816,38.6382073261978],[-9.02949262430699,38.6381853805699],[-9.02823317531013,38.6380306413046],[-9.02762114007142,38.6376901191492],[-9.02691773204133,38.6367420742334],[-9.02686724593762,38.636052052581],[-9.02714327684222,38.6346526878555],[-9.02711415495977,38.6339953786718],[-9.02526436201711,38.6335492275973],[-9.02276396315932,38.6330258049837],[-9.02211231879567,38.6328663755867],[-9.02184746116258,38.6317834602183],[-9.02167292336697,38.6312258832037],[-9.0213954408787,38.6308170326753]]]}},{"type":"Feature","id":"CRUS_Barreiro_V.34658","properties":{"AREA_HA":68.6335460535059,"Autor":"DGT","Categoria_2021":"Espaço Habitacional","Classe_2021":"Solo Urbano (urbanizável – transitório)","DTCC":"1504","Data_Pub_Origem":"1994-05-04T00:00:00","Designacao_no_plano":"Espaços Urbanizáveis - Habitação em Área de Expansão","Escala_origem":"1/25000","Fonte":"CM - Raster","ID1":34658,"Municipio":"BARREIRO"},"geometry":{"type":"Polygon","coordinates":[[[-9.05088918220712,38.641446202941],[-9.05015672143251,38.6413636961811],[-9.04987543849684,38.6413659008778],[-9.04940663391847,38.6413695738667],[-9.04913549467658,38.6414785661432],[-9.04906154146135,38.6413547818598],[-9.04890338321267,38.6411838861568],[-9.04877960450817,38.6410607241404],[-9.04874563757918,38.6410268530961],[-9.04857735859512,38.6408458534501],[-9.04838059518134,38.6406370595728],[-9.04747603874753,38.6390745672462],[-9.04549945631164,38.6373848474509],[-9.04422609460794,38.6362357441401],[-9.04287709623673,38.6348725805428],[-9.04147252235627,38.6334382876061],[-9.0411861875401,38.6331710035296],[-9.04043876849033,38.6324732985822],[-9.04011548426812,38.632876457281],[-9.03997244256469,38.6331065098419],[-9.04004523087261,38.6338300924591],[-9.04005586286865,38.6339357845638],[-9.03987234717166,38.6340121398132],[-9.03936374714253,38.6342237500635],[-9.03903958737174,38.6343586189519],[-9.0390872010766,38.6343834935406],[-9.04018744920776,38.6349582906055],[-9.04061778332084,38.6354486131584],[-9.03961522903545,38.6359564056301],[-9.03922542235281,38.6357062358193],[-9.03901358753261,38.6351820215426],[-9.03852684456388,38.6347071730646],[-9.03829326859595,38.6344793018742],[-9.03870338048174,38.6341839981482],[-9.03841525017856,38.6340343458378],[-9.03725312277963,38.6330130855595],[-9.0370672999157,38.6327426507497],[-9.03814350375011,38.6327343302115],[-9.03948088598879,38.6317366560943],[-9.03855860349532,38.6309281852522],[-9.03835318898988,38.6307439139968],[-9.03824767535117,38.630649260116],[-9.03811580055638,38.630530959384],[-9.03918278519955,38.6297929423065],[-9.03946976073775,38.6294043757345],[-9.03959381727917,38.6291806773366],[-9.04016477028297,38.6295080636134],[-9.04035999961724,38.6290772799668],[-9.04023595710515,38.6279192133044],[-9.04116599043083,38.6278976891952],[-9.04158766573247,38.62806612392],[-9.04184392227547,38.6281356786053],[-9.04198439206307,38.6282773672314],[-9.04213954877276,38.6284338706499],[-9.04229721115904,38.6293627309196],[-9.04240646976553,38.6293475724652],[-9.04262408300275,38.6292457183629],[-9.04262209455445,38.6290883348618],[-9.04274597589122,38.6287868822321],[-9.04306814107642,38.6282978715876],[-9.04321405876716,38.6282967365764],[-9.04399799810632,38.6282620169904],[-9.04503239697801,38.6278389983387],[-9.04554074447843,38.6276490181644],[-9.04614191892027,38.6275870917176],[-9.04628928578914,38.6277004134589],[-9.04629200811563,38.6279150275643],[-9.04645797885462,38.628056821617],[-9.04630271618778,38.6287591741992],[-9.04650571266247,38.6289436062075],[-9.04705126951671,38.6288105653609],[-9.04706029509226,38.6288126856165],[-9.04758185573483,38.6289351995532],[-9.04896458293413,38.6294015155956],[-9.04897305426481,38.6294134975717],[-9.04903084069716,38.6294238602721],[-9.05020766958226,38.6296348820924],[-9.05031343315903,38.6295290270057],[-9.05057694856494,38.6296168856336],[-9.0506596738728,38.6296444663483],[-9.05098339014105,38.6298309730663],[-9.05094583793702,38.630036066986],[-9.05102817440578,38.6301929594833],[-9.05157199119471,38.6303147224007],[-9.05189450647711,38.630406713445],[-9.05227988336241,38.6307030089947],[-9.05272893094243,38.631266617933],[-9.05285667002113,38.6318327515375],[-9.05284282689102,38.6323212288915],[-9.05315392908109,38.6330907204536],[-9.05330115294497,38.6336094393456],[-9.05330739609051,38.6340977586044],[-9.05325539902923,38.6343637026564],[-9.05231727999072,38.6331905278775],[-9.05072839806617,38.6313852334135],[-9.0497803119094,38.6303079595543],[-9.04959236024996,38.6302734772637],[-9.0490050738837,38.6295490975934],[-9.04895330144455,38.6295658138001],[-9.04894539608717,38.6297616075046],[-9.04846863392725,38.6298795150657],[-9.04765768434455,38.6300293196913],[-9.04763882261032,38.6300328037235],[-9.04721496879544,38.6302236921372],[-9.04678686899338,38.6300802380625],[-9.04637237339916,38.6301894948913],[-9.04597794577011,38.6302415068318],[-9.04569901119692,38.6303823261689],[-9.04530499417374,38.6304669535645],[-9.04510819251695,38.6305255765151],[-9.04498823895189,38.6306643088776],[-9.04490581556137,38.6302200472257],[-9.04464918638175,38.6301218844836],[-9.04446080886754,38.6296511552958],[-9.04422368909841,38.6296530021707],[-9.04415905962079,38.6303117189048],[-9.04389287997968,38.6309004599913],[-9.04292382148909,38.6321671912691],[-9.04267170786042,38.6324267139269],[-9.04267405825186,38.6326127122549],[-9.04280481767045,38.6328549485196],[-9.04297079207442,38.6329967473548],[-9.0429740476038,38.6332542833838],[-9.04297694145654,38.6334832053897],[-9.04321534031615,38.6335815135246],[-9.04330871590468,38.6337524952293],[-9.04354928675182,38.6340224939112],[-9.04362967241511,38.6346085365263],[-9.04401128806772,38.634491094016],[-9.04413843225186,38.6344471769419],[-9.04438891710909,38.6340588836986],[-9.04478297071677,38.6334834537465],[-9.04501919556019,38.6334100679026],[-9.0453126823273,38.6335365609622],[-9.04566150638878,38.6337754089153],[-9.04619422522218,38.6343792029355],[-9.04682247448426,38.6346292449109],[-9.04727597217955,38.6349002606042],[-9.04701142286158,38.6357260021426],[-9.04728885167199,38.6362244493802],[-9.04824239033189,38.6369731774689],[-9.04850528229748,38.6371129048096],[-9.04884670607177,38.6371102327289],[-9.04910980019268,38.6372657113089],[-9.04917085389322,38.6373282491052],[-9.04919334323667,38.6375171187831],[-9.04964000303145,38.6378917117946],[-9.05022263858533,38.637902898928],[-9.05034916616614,38.638374521758],[-9.05051566174187,38.638830076794],[-9.05078298418335,38.63931634813],[-9.05098744450827,38.6395983130732],[-9.05108907243254,38.6396920389319],[-9.05121118636962,38.6398171104878],[-9.0515325389002,38.6398145880308],[-9.05167333127155,38.6398292367847],[-9.0524005987032,38.6401543536505],[-9.05260159544368,38.6400962655777],[-9.05296095386041,38.6399924106633],[-9.05327706871215,38.6395803258122],[-9.05354851314611,38.6393516766197],[-9.05399980291773,38.6393942362774],[-9.05449641276053,38.6397322976652],[-9.05554533497188,38.6403638497547],[-9.05438624034612,38.6406685828609],[-9.05404208669866,38.640705415167],[-9.05414849335122,38.6398634715156],[-9.0536490474523,38.6398384057932],[-9.05329326707825,38.6409286008359],[-9.05300205167044,38.6409115499897],[-9.05220175447757,38.6408646883946],[-9.05194796889379,38.6412581448481],[-9.05184766946271,38.6415945509077],[-9.05088918220712,38.641446202941]]]}},{"type":"Feature","id":"CRUS_Barreiro_V.34659","properties":{"AREA_HA":5.44118944023661,"Autor":"DGT","Categoria_2021":"Espaço de Atividades Económicas","Classe_2021":"Solo Urbano (urbanizável – transitório)","DTCC":"1504","Data_Pub_Origem":"1994-05-04T00:00:00","Designacao_no_plano":"Espaços Industriais - Espaço Industrial em Área de Reconversão","Escala_origem":"1/25000","Fonte":"CM - Raster","ID1":34659,"Municipio":"BARREIRO"},"geometry":{"type":"Polygon","coordinates":[[[-9.02706816979013,38.6209203428586],[-9.02704444593301,38.6205903324272],[-9.02686975762017,38.6181602151156],[-9.02887121025176,38.6177728750147],[-9.029588151093,38.6182252728263],[-9.02976404282916,38.6191683211713],[-9.02845291088241,38.6193357610819],[-9.02842390759057,38.6199369625926],[-9.02811991537605,38.6204257948475],[-9.02765263144357,38.6210364734203],[-9.02763531899586,38.6210590980915],[-9.02706816979013,38.6209203428586]]]}},{"type":"Feature","id":"CRUS_Barreiro_V.34660","properties":{"AREA_HA":4.99155601173888,"Autor":"DGT","Categoria_2021":"Espaço de Atividades Económicas","Classe_2021":"Solo Urbano (urbanizável – transitório)","DTCC":"1504","Data_Pub_Origem":"1994-05-04T00:00:00","Designacao_no_plano":"Espaços Industriais - Espaço Industrial em Área de Expansão","Escala_origem":"1/25000","Fonte":"CM - Raster","ID1":34660,"Municipio":"BARREIRO"},"geometry":{"type":"Polygon","coordinates":[[[-9.04245859233223,38.6216700882567],[-9.04235660021669,38.6206157638992],[-9.04292543160026,38.6203904447966],[-9.04334189580517,38.6202254771116],[-9.04445347326841,38.6204719078839],[-9.04453088507387,38.6207495772335],[-9.04506260366445,38.6207222445016],[-9.04557655965759,38.6218392834349],[-9.04509265775591,38.621983443681],[-9.04388416016313,38.6223434582447],[-9.04350503165174,38.622456398518],[-9.04297217704162,38.6225266565705],[-9.04258311483826,38.6221676925968],[-9.04246195982851,38.6219367401085],[-9.04245859233223,38.6216700882567]]]}},{"type":"Feature","id":"CRUS_Barreiro_V.34661","properties":{"AREA_HA":27.3892085438324,"Autor":"DGT","Categoria_2021":"Espaço de Atividades Económicas","Classe_2021":"Solo Urbano (urbanizável – transitório)","DTCC":"1504","Data_Pub_Origem":"1994-05-04T00:00:00","Designacao_no_plano":"Espaços Industriais - Espaço Industrial em Área de Expansão","Escala_origem":"1/25000","Fonte":"CM - Raster","ID1":34661,"Municipio":"BARREIRO"},"geometry":{"type":"Polygon","coordinates":[[[-9.02065382644941,38.6190067179108],[-9.02021850476881,38.6177222057877],[-9.02006485542124,38.6170937726905],[-9.01993050189969,38.6165510475085],[-9.01987438343868,38.6164370005446],[-9.02004166819352,38.6164085452416],[-9.02196894484928,38.616100186564],[-9.02304993493808,38.6158755354939],[-9.02379291021307,38.6154060926819],[-9.02462867964848,38.6149396846298],[-9.02463341541672,38.6153222740693],[-9.0245044393436,38.6156479096767],[-9.02446369536427,38.6159380873176],[-9.02442481519793,38.6163789833103],[-9.02466670572536,38.6168177392739],[-9.02472868621659,38.6170491616267],[-9.02514848529986,38.6175329397638],[-9.02548063062546,38.6180985478584],[-9.02512855141925,38.6183099376296],[-9.02395853282258,38.6181101467722],[-9.02264231998638,38.6180389978179],[-9.02267041558233,38.619117092506],[-9.02271486655305,38.6203226046819],[-9.02233936921573,38.6210327361475],[-9.02225073575729,38.6214600412817],[-9.02212917467706,38.6216981670905],[-9.02224835566076,38.6217745590085],[-9.02370476394696,38.6221203377089],[-9.02431730978434,38.622414401657],[-9.02438505525659,38.6224539842348],[-9.02488322544126,38.6228985165001],[-9.0250439275893,38.6231446456092],[-9.02424100106398,38.6235527139648],[-9.02379333099316,38.6240044510295],[-9.02327680159572,38.6252709893965],[-9.02311895748264,38.6251408757112],[-9.02207368827962,38.6246909331346],[-9.02069854800795,38.6241147035139],[-9.0195364791311,38.6230646454573],[-9.01936810687798,38.6227225044674],[-9.02094195976185,38.6216660132194],[-9.02132372215593,38.6215629519595],[-9.02085224999369,38.6203073351195],[-9.02082607485567,38.6196636276121],[-9.02065382644941,38.6190067179108]]]}},{"type":"Feature","id":"CRUS_Barreiro_V.34662","properties":{"AREA_HA":4.41921779905241,"Autor":"DGT","Categoria_2021":"Espaço de Atividades Económicas","Classe_2021":"Solo Urbano (urbanizável – transitório)","DTCC":"1504","Data_Pub_Origem":"1994-05-04T00:00:00","Designacao_no_plano":"Espaços Industriais - Espaço Industrial em Área de Expansão","Escala_origem":"1/25000","Fonte":"CM - Raster","ID1":34662,"Municipio":"BARREIRO"},"geometry":{"type":"Polygon","coordinates":[[[-9.03726489328166,38.6280996109858],[-9.03762788708996,38.6279537145306],[-9.03893369432557,38.6288021525033],[-9.03959381727917,38.6291806773366],[-9.03946976073775,38.6294043757345],[-9.03918278519955,38.6297929423065],[-9.03811580055638,38.630530959384],[-9.03655311021949,38.6292010538911],[-9.03614337350567,38.6288523410333],[-9.03726489328166,38.6280996109858]]]}},{"type":"Feature","id":"CRUS_Barreiro_V.34663","properties":{"AREA_HA":21.1179726470978,"Autor":"DGT","Categoria_2021":"Espaço de Atividades Económicas","Classe_2021":"Solo Urbano (urbanizável – transitório)","DTCC":"1504","Data_Pub_Origem":"1994-05-04T00:00:00","Designacao_no_plano":"Espaços Industriais - Espaço Industrial em Área de Expansão","Escala_origem":"1/25000","Fonte":"CM - Raster","ID1":34663,"Municipio":"BARREIRO"},"geometry":{"type":"Polygon","coordinates":[[[-9.04566150638878,38.6337754089153],[-9.04583501672374,38.6336563875116],[-9.04613501990192,38.6336540465652],[-9.04661425603179,38.6339836974967],[-9.04716003145462,38.6336460425212],[-9.04715729214199,38.6334303388109],[-9.04718609541083,38.6333745592326],[-9.04727930413469,38.6331940497828],[-9.04826983417491,38.6324410755256],[-9.04862005184558,38.6319891671676],[-9.04883559945778,38.6317110298797],[-9.04895685460151,38.6314159106142],[-9.04894986874251,38.630866848885],[-9.04929461768287,38.6304523115839],[-9.04959236024996,38.6302734772637],[-9.0497803119094,38.6303079595543],[-9.05072839806617,38.6313852334135],[-9.05231727999072,38.6331905278775],[-9.05325539902923,38.6343637026564],[-9.05317705785395,38.63476438742],[-9.05295299860869,38.6346854029101],[-9.05211204553508,38.6349126392405],[-9.05142174143926,38.6351813492635],[-9.05095514105204,38.6353629759974],[-9.05037697182259,38.6355668022896],[-9.04916294214345,38.6359947797685],[-9.04871902567998,38.6360954888539],[-9.04861215910059,38.6360408085374],[-9.04780942093305,38.6360943494385],[-9.04750976975048,38.6362227228349],[-9.04728885167199,38.6362244493802],[-9.04701142286158,38.6357260021426],[-9.04727597217955,38.6349002606042],[-9.04682247448426,38.6346292449109],[-9.04619422522218,38.6343792029355],[-9.04566150638878,38.6337754089153]]]}},{"type":"Feature","id":"CRUS_Barreiro_V.34664","properties":{"AREA_HA":1.63758495301828,"Autor":"DGT","Categoria_2021":"Espaço de Atividades Económicas","Classe_2021":"Solo Urbano (urbanizável – transitório)","DTCC":"1504","Data_Pub_Origem":"1994-05-04T00:00:00","Designacao_no_plano":"Espaços Industriais - Espaço Industrial em Área de Expansão","Escala_origem":"1/25000","Fonte":"CM - Raster","ID1":34664,"Municipio":"BARREIRO"},"geometry":{"type":"Polygon","coordinates":[[[-9.07614562962077,38.6566932574543],[-9.07771001079549,38.6556782777006],[-9.07789904453083,38.6558797375362],[-9.077964923759,38.6559499471163],[-9.07725538898735,38.6565359222263],[-9.07660287226921,38.6570644277153],[-9.07613065850871,38.6574468893549],[-9.07562080635525,38.6577799245553],[-9.07516118094474,38.6578154588988],[-9.07516433530467,38.6575996970197],[-9.07516831842589,38.6573273176054],[-9.07614562962077,38.6566932574543]]]}},{"type":"Feature","id":"CRUS_Barreiro_V.34665","properties":{"AREA_HA":1.26068679248029,"Autor":"DGT","Categoria_2021":"Espaço de Atividades Económicas","Classe_2021":"Solo Urbano (urbanizável – transitório)","DTCC":"1504","Data_Pub_Origem":"1994-05-04T00:00:00","Designacao_no_plano":"Espaços Industriais - Espaço Industrial em Área de Expansão","Escala_origem":"1/25000","Fonte":"CM - Raster","ID1":34665,"Municipio":"BARREIRO"},"geometry":{"type":"Polygon","coordinates":[[[-9.05680300111006,38.6644388788501],[-9.05730488537343,38.6639352190247],[-9.05860639724417,38.6647000858952],[-9.05858685385774,38.6647144704923],[-9.05776580367338,38.6654141847977],[-9.05749243148336,38.665204134981],[-9.05680300111006,38.6644388788501]]]}},{"type":"Feature","id":"CRUS_Barreiro_V.34666","properties":{"AREA_HA":2.71804601774584,"Autor":"DGT","Categoria_2021":"Espaço de Atividades Económicas","Classe_2021":"Solo Urbano (urbanizável – transitório)","DTCC":"1504","Data_Pub_Origem":"1994-05-04T00:00:00","Designacao_no_plano":"Espaços Industriais - Espaço Industrial em Área de Expansão","Escala_origem":"1/25000","Fonte":"CM - Raster","ID1":34666,"Municipio":"BARREIRO"},"geometry":{"type":"Polygon","coordinates":[[[-9.05218178026196,38.6702739556751],[-9.0527949690643,38.6701979929338],[-9.05290773119459,38.6701840229451],[-9.05313777829528,38.6698285294904],[-9.05355188516922,38.6697545349498],[-9.05426042968199,38.6696179991003],[-9.05548951279952,38.6703116834687],[-9.05548284405204,38.6703130467266],[-9.05238989355599,38.6710439241717],[-9.05226234739013,38.6710740621183],[-9.05152443698817,38.6712564771885],[-9.0515054161604,38.6711463568638],[-9.05199841613957,38.6705376861617],[-9.05218178026196,38.6702739556751]]]}},{"type":"Feature","id":"CRUS_Barreiro_V.34667","properties":{"AREA_HA":8.50554260072771,"Autor":"DGT","Categoria_2021":"Espaço Habitacional","Classe_2021":"Solo Urbano (urbanizável – transitório)","DTCC":"1504","Data_Pub_Origem":"1994-05-04T00:00:00","Designacao_no_plano":"Espaços Urbanizáveis - Habitação em Área de Expansão","Escala_origem":"1/25000","Fonte":"CM - Raster","ID1":34667,"Municipio":"BARREIRO"},"geometry":{"type":"Polygon","coordinates":[[[-9.05230564615806,38.6454557688401],[-9.05215277434789,38.6448786256602],[-9.0515135324415,38.6440427270953],[-9.0513068635018,38.643783374664],[-9.05079763183792,38.6440737940491],[-9.05075645007373,38.6427331450024],[-9.04972229488756,38.64270746899],[-9.04973281153547,38.6426813308049],[-9.04974717764852,38.6426010484042],[-9.04972857526227,38.6425471503782],[-9.04966045265336,38.6424113905583],[-9.04965615534447,38.6424030611549],[-9.05022473084889,38.6422429468055],[-9.05127467814334,38.6422200023316],[-9.05132737015143,38.6419401284532],[-9.05172125443893,38.6420185454214],[-9.05310327447354,38.6421646905417],[-9.05290971001688,38.642486618996],[-9.05303407116818,38.6434122736109],[-9.05304328473922,38.6434520275271],[-9.05315316873329,38.6439261332484],[-9.05361753828211,38.6450403224488],[-9.05393709417131,38.6450966407491],[-9.0543119691709,38.6450789808923],[-9.05437274788539,38.645431504899],[-9.05483450730645,38.6463397919234],[-9.05528345914014,38.6462480026758],[-9.05536412945038,38.6466886201207],[-9.0557954611034,38.6466852186833],[-9.05622626056195,38.6471562399194],[-9.05612536473401,38.6471636353795],[-9.05582633974413,38.6473432249334],[-9.05553874323652,38.6472391550621],[-9.05519315913794,38.6473127720464],[-9.05487740041283,38.6473625213049],[-9.0547728541317,38.6474342374398],[-9.05385610345183,38.6457428972566],[-9.05374841608394,38.6451766083967],[-9.05242950094343,38.6454318052176],[-9.05230564615806,38.6454557688401]]]}},{"type":"Feature","id":"CRUS_Barreiro_V.34668","properties":{"AREA_HA":22.1893086892197,"Autor":"DGT","Categoria_2021":"Espaço Florestal","Classe_2021":"Solo Rústico","DTCC":"1504","Data_Pub_Origem":"1994-05-04T00:00:00","Designacao_no_plano":"Espaço Florestal","Escala_origem":"1/25000","Fonte":"CM - Raster","ID1":34668,"Municipio":"BARREIRO"},"geometry":{"type":"Polygon","coordinates":[[[-9.04043820328044,38.5787804477368],[-9.03978048492689,38.578603221573],[-9.04086390030438,38.5784872357271],[-9.04227357379286,38.5781804022898],[-9.04424703393083,38.5777458760539],[-9.0451087448001,38.5775788898329],[-9.04556822292486,38.5778958581665],[-9.04643883105991,38.5784315355119],[-9.04710185430571,38.5786975940676],[-9.04741578921433,38.5786828125949],[-9.04774151837775,38.5783597180812],[-9.0479269997062,38.5781240215075],[-9.04817623652232,38.5779617983876],[-9.04836114706757,38.5779540387261],[-9.04853727993425,38.5779466464978],[-9.04899599359185,38.5782019627081],[-9.04922070924412,38.5785823970962],[-9.04962131153721,38.5792080310478],[-9.04972838675018,38.5802181548214],[-9.04984568711027,38.5807966902347],[-9.05023608913717,38.5818539095981],[-9.05083226244844,38.5829814584595],[-9.0510086110009,38.583314981842],[-9.05085931246915,38.5833174318414],[-9.05077762155016,38.5833187723377],[-9.04958030446481,38.5826248078831],[-9.04840508704051,38.5819797309091],[-9.04743142447007,38.5814508372925],[-9.0457543359915,38.5806657173145],[-9.04401159985623,38.5799596016868],[-9.04265510187113,38.5794729106387],[-9.04129895038792,38.5790123751327],[-9.04043820328044,38.5787804477368]]]}},{"type":"Feature","id":"CRUS_Barreiro_V.34669","properties":{"AREA_HA":34.0641185554096,"Autor":"DGT","Categoria_2021":"Espaço Florestal","Classe_2021":"Solo Rústico","DTCC":"1504","Data_Pub_Origem":"1994-05-04T00:00:00","Designacao_no_plano":"Espaço Florestal","Escala_origem":"1/25000","Fonte":"CM - Raster","ID1":34669,"Municipio":"BARREIRO"},"geometry":{"type":"Polygon","coordinates":[[[-9.03288756549912,38.5854186543472],[-9.03288638316394,38.5853239121724],[-9.0326426125567,38.5853257860729],[-9.03230393986718,38.584699655258],[-9.03209158724601,38.5844279236093],[-9.03073634608071,38.5846706837704],[-9.03027785101325,38.5842094835294],[-9.03013617472065,38.5840192157342],[-9.02935399911564,38.5841345535953],[-9.02888387728416,38.5841381528108],[-9.02824065496706,38.5842250825937],[-9.02726745033868,38.5843828716349],[-9.02628542961603,38.5845659553076],[-9.02573857828475,38.5846679046081],[-9.02441864755845,38.5849031383797],[-9.02429641849746,38.5849249212527],[-9.02428527546347,38.5849219298205],[-9.0237023796313,38.5847654264113],[-9.02343866687334,38.5845624100769],[-9.02406111018327,38.5842023026023],[-9.02431823527695,38.5838723094809],[-9.0254119692056,38.5836042815384],[-9.02605299062287,38.5833396974191],[-9.02756306430521,38.5829454586348],[-9.02889934502246,38.5825798668749],[-9.03065229732283,38.5821153887517],[-9.03156190540052,38.5838442617422],[-9.03171912328668,38.5838840588946],[-9.03241321071064,38.5836873737856],[-9.03286591744082,38.5836838942906],[-9.03309107555229,38.5835864866499],[-9.03348079049413,38.5841165462117],[-9.03426450695438,38.5855183305237],[-9.03499447822333,38.5867975108424],[-9.03531423134435,38.5873007659991],[-9.03538559317727,38.5874368972522],[-9.03551004736332,38.5876409593379],[-9.03552934178583,38.5877911600097],[-9.03535726622768,38.5879565042397],[-9.0356014259618,38.5893761048902],[-9.03584879346423,38.5900699872534],[-9.03585410951375,38.5900848979497],[-9.03609006953102,38.5908484915644],[-9.03618158933331,38.5912031553539],[-9.03790167246429,38.5922696497898],[-9.03830442110853,38.5924442206369],[-9.03846715441234,38.5929213448528],[-9.03817369080527,38.5931286362509],[-9.03779281121968,38.5933092666543],[-9.03597581838499,38.5928538069211],[-9.03588851224102,38.5928319213961],[-9.0348195917133,38.5923071062527],[-9.03252115204091,38.5909443147777],[-9.03259440630365,38.5898366346277],[-9.03283155525702,38.5879076077006],[-9.03256149680238,38.5871989421273],[-9.03217143174574,38.5866415464002],[-9.03262115290577,38.5864137465168],[-9.03282901288005,38.5863084577927],[-9.03296421895908,38.5859793831498],[-9.03289030594289,38.5856382482264],[-9.03288756549912,38.5854186543472]]]}},{"type":"Feature","id":"CRUS_Barreiro_V.34670","properties":{"AREA_HA":255.794271224442,"Autor":"DGT","Categoria_2021":"Espaço Florestal","Classe_2021":"Solo Rústico","DTCC":"1504","Data_Pub_Origem":"1994-05-04T00:00:00","Designacao_no_plano":"Espaço Florestal","Escala_origem":"1/25000","Fonte":"CM - Raster","ID1":34670,"Municipio":"BARREIRO"},"geometry":{"type":"Polygon","coordinates":[[[-9.03791641024405,38.6207348426349],[-9.03716162749162,38.620664362446],[-9.03738954687497,38.6223756303626],[-9.0365682623103,38.6220093538013],[-9.03517464347702,38.6214191277245],[-9.03501623342482,38.6215232708637],[-9.0347728648069,38.6210757853142],[-9.03234230219722,38.6189610649464],[-9.03049040138572,38.6174138621276],[-9.02784695909284,38.6145331376692],[-9.02728121556911,38.6134037565083],[-9.02707517423789,38.6135320370931],[-9.02562034256833,38.6112938782666],[-9.02325779477973,38.6080679860467],[-9.02101449303928,38.6050780513749],[-9.02043044389673,38.6029138120298],[-9.02069677163912,38.602087869456],[-9.02089733526431,38.6020863480066],[-9.02124799559946,38.602427104777],[-9.02206883909643,38.6024494898172],[-9.02253402796318,38.6032043362861],[-9.02298364334397,38.6041739348116],[-9.02329768000832,38.6045006552395],[-9.02384751959751,38.6047254160862],[-9.02417696561063,38.6048230718341],[-9.02571622012134,38.6054266300342],[-9.02639619582452,38.6058507130503],[-9.02649091381737,38.6061361715031],[-9.02669982894303,38.6068071015121],[-9.02716012340045,38.6071613121767],[-9.02755192517604,38.6078737711668],[-9.02768596201438,38.6083878727517],[-9.02781591497177,38.6085728966915],[-9.02825674663221,38.6088270886867],[-9.02972709939145,38.6097459194657],[-9.03178601259262,38.6110608661675],[-9.03224689503909,38.6114579790457],[-9.0327228020464,38.6115974112132],[-9.03410690236522,38.6114436714186],[-9.03549081721916,38.6112756073275],[-9.03658009013023,38.6108808577242],[-9.0369960890918,38.6106057731535],[-9.03778998948174,38.6099271124759],[-9.03928945220081,38.608799403685],[-9.0393733010693,38.6067668694856],[-9.03949901416522,38.6051632819167],[-9.03968122266356,38.6037023464032],[-9.03965488943394,38.6030586423597],[-9.04046149566623,38.6030086779434],[-9.0412652343759,38.6032074640414],[-9.04203362851762,38.6033655151089],[-9.04271356113898,38.6034149038174],[-9.04402221858018,38.6035960769413],[-9.04425826756659,38.6036127454497],[-9.04454523337705,38.6036330083979],[-9.04459199559781,38.6045757409846],[-9.04471961875709,38.6050257936071],[-9.04521023279621,38.6052543273727],[-9.04697835837463,38.6059512715257],[-9.04776646513321,38.606286814688],[-9.04801412377582,38.6065855762913],[-9.04748226903462,38.6085989376901],[-9.04762320639379,38.6099481666895],[-9.04637088314396,38.6099056421557],[-9.04572038442726,38.6098835481112],[-9.04448896628869,38.6120108834002],[-9.04356152023318,38.6136636423771],[-9.0445769860358,38.6146430596719],[-9.04525969550752,38.6152673366842],[-9.04497461778962,38.6157989922337],[-9.04521169074586,38.6157971444009],[-9.04529206661716,38.6163831877645],[-9.04562141170836,38.6164664740024],[-9.04562449351644,38.6167097035346],[-9.04644713823133,38.6168606841161],[-9.04710238608096,38.6167554037705],[-9.04720537421182,38.6176846861489],[-9.04907699806159,38.6185715170412],[-9.05027316022565,38.6194063779926],[-9.05032914786636,38.6195061026798],[-9.05004390949255,38.6200234629355],[-9.04970231400988,38.6204124826447],[-9.04979623474825,38.6206263814955],[-9.04996500170718,38.6206720524686],[-9.04928628121134,38.6206449391652],[-9.04761368935539,38.6210729853736],[-9.04557655965759,38.6218392834349],[-9.04506260366445,38.6207222445016],[-9.04453088507387,38.6207495772335],[-9.04445347326841,38.6204719078839],[-9.04334189580517,38.6202254771116],[-9.04292543160026,38.6203904447966],[-9.04235660021669,38.6206157638992],[-9.04245859233223,38.6216700882567],[-9.04246195982851,38.6219367401085],[-9.04258311483826,38.6221676925968],[-9.04297217704162,38.6225266565705],[-9.0428130685658,38.6225476350052],[-9.04135492032962,38.6226305083337],[-9.0406221866019,38.6226361941207],[-9.04051539855293,38.6224127183828],[-9.04056162926964,38.6222215731016],[-9.0403897243559,38.6220893551106],[-9.03963252357716,38.6218281229585],[-9.03879805824188,38.6212240668984],[-9.03830740030875,38.6208844477711],[-9.03791641024405,38.6207348426349]]]}},{"type":"Feature","id":"CRUS_Barreiro_V.34671","properties":{"AREA_HA":8.24032047095585,"Autor":"DGT","Categoria_2021":"Espaço Habitacional","Classe_2021":"Solo Urbano","DTCC":"1504","Data_Pub_Origem":"1994-05-04T00:00:00","Designacao_no_plano":"Espaços Urbanos - Habitação em Área Consolidada","Escala_origem":"1/25000","Fonte":"CM - Raster","ID1":34671,"Municipio":"BARREIRO"},"geometry":{"type":"Polygon","coordinates":[[[-9.04225718115385,38.5928582946543],[-9.04289356200988,38.5922246159555],[-9.04293397341301,38.5921700530342],[-9.04300941282193,38.5920681944255],[-9.04313564147583,38.5921153388419],[-9.04479790130018,38.5927311340197],[-9.0448044699811,38.5932504697818],[-9.04503776891583,38.5937953758675],[-9.04543074023988,38.5945713940768],[-9.04638375714103,38.5955617307555],[-9.04640646436301,38.5956197496097],[-9.04652775088836,38.595929645314],[-9.04653136352648,38.5962146971072],[-9.04600962544288,38.5962461043945],[-9.04536095418165,38.5959094614267],[-9.04489093053292,38.5959267925478],[-9.04453987197535,38.5957108379895],[-9.04446364574019,38.5951920440125],[-9.04432433028675,38.5951931288806],[-9.04392396872769,38.5952099136519],[-9.04364274674653,38.5950070808073],[-9.04379602376568,38.5947325257744],[-9.04376033175502,38.5946644633899],[-9.04323720875181,38.59461386089],[-9.04260218642446,38.5939763978179],[-9.04190337690947,38.5938041414074],[-9.04208528170333,38.5930373152882],[-9.04225718115385,38.5928582946543]]]}},{"type":"Feature","id":"CRUS_Barreiro_V.34672","properties":{"AREA_HA":15.4754665026012,"Autor":"DGT","Categoria_2021":"Espaço Habitacional","Classe_2021":"Solo Urbano (urbanizável – transitório)","DTCC":"1504","Data_Pub_Origem":"1994-05-04T00:00:00","Designacao_no_plano":"Espaços Urbanizáveis - Habitação em Área de Expansão","Escala_origem":"1/25000","Fonte":"CM - Raster","ID1":34672,"Municipio":"BARREIRO"},"geometry":{"type":"Polygon","coordinates":[[[-9.02654475853273,38.5858642110753],[-9.02635051337518,38.5856470038953],[-9.02581242458579,38.585787790166],[-9.02541346395185,38.5859138461259],[-9.02513486628529,38.5859159699233],[-9.02479862180657,38.5854811524607],[-9.02441864755845,38.5849031383797],[-9.02573857828475,38.5846679046081],[-9.02628542961603,38.5845659553076],[-9.02726745033868,38.5843828716349],[-9.02824065496706,38.5842250825937],[-9.02888387728416,38.5841381528108],[-9.02935399911564,38.5841345535953],[-9.03013617472065,38.5840192157342],[-9.03027785101325,38.5842094835294],[-9.03073634608071,38.5846706837704],[-9.03209158724601,38.5844279236093],[-9.03230393986718,38.584699655258],[-9.0326426125567,38.5853257860729],[-9.03288638316394,38.5853239121724],[-9.03288756549912,38.5854186543472],[-9.03289030594289,38.5856382482264],[-9.03296421895908,38.5859793831498],[-9.03282901288005,38.5863084577927],[-9.03262115290577,38.5864137465168],[-9.03141097210626,38.5864830305242],[-9.02939435296359,38.5867581860001],[-9.02800151803858,38.5867825136012],[-9.02727154636578,38.586897437544],[-9.02681102584144,38.5862722217069],[-9.02654475853273,38.5858642110753]]]}},{"type":"Feature","id":"CRUS_Barreiro_V.34673","properties":{"AREA_HA":24.0592797704566,"Autor":"DGT","Categoria_2021":"Espaço Habitacional","Classe_2021":"Solo Urbano (urbanizável – transitório)","DTCC":"1504","Data_Pub_Origem":"1994-05-04T00:00:00","Designacao_no_plano":"Espaços Urbanizáveis - Habitação em Área de Expansão","Escala_origem":"1/25000","Fonte":"CM - Raster","ID1":34673,"Municipio":"BARREIRO"},"geometry":{"type":"Polygon","coordinates":[[[-9.01736079085755,38.5886061560494],[-9.01747824755965,38.5884978886965],[-9.01762640703984,38.5883436097701],[-9.01769967286683,38.5882673172988],[-9.01791929911175,38.5878906478116],[-9.018281682487,38.5872700421401],[-9.01841549458322,38.5870178854694],[-9.01861162584502,38.5866484277299],[-9.01879225703169,38.5870891052075],[-9.01938424660131,38.588100528365],[-9.02019108488104,38.5877305087895],[-9.02099660778817,38.5872543551402],[-9.02127040425063,38.5875252073677],[-9.02144145467766,38.5872964678209],[-9.02164926840276,38.5869158219601],[-9.02218564872052,38.5865478426334],[-9.02257048426183,38.5864236165536],[-9.02332551512214,38.5865543402436],[-9.02373378526966,38.586763511896],[-9.02373940403743,38.5872183517281],[-9.02333524985355,38.5873427285982],[-9.02355822145871,38.5881901464409],[-9.02412703458563,38.588883302466],[-9.02413396800381,38.5894442714435],[-9.02440778572562,38.5897151150795],[-9.02456813725685,38.5901839385815],[-9.02465234526011,38.5907443187318],[-9.02450192813711,38.5910790449874],[-9.02431512260651,38.5915959999633],[-9.02465215301518,38.5922909186696],[-9.02473430264741,38.5926845240587],[-9.02322822884688,38.592756639979],[-9.02189620283735,38.5928425773112],[-9.02176384414676,38.5915092616118],[-9.02048923333804,38.5915492593413],[-9.02031387929526,38.5914292870135],[-9.01901983109185,38.5883155654031],[-9.01736079085755,38.5886061560494]]]}},{"type":"Feature","id":"CRUS_Barreiro_V.34674","properties":{"AREA_HA":223.578565997691,"Autor":"DGT","Categoria_2021":"Espaço Habitacional","Classe_2021":"Solo Urbano (urbanizável – transitório)","DTCC":"1504","Data_Pub_Origem":"1994-05-04T00:00:00","Designacao_no_plano":"Espaços Urbanizáveis - Habitação em Área de Expansão","Escala_origem":"1/25000","Fonte":"CM - Raster","ID1":34674,"Municipio":"BARREIRO"},"geometry":{"type":"Polygon","coordinates":[[[-9.01093583656668,38.5927669209425],[-9.01112859762851,38.5928004985435],[-9.0116927804171,38.5927294103499],[-9.01273852700449,38.5926071341806],[-9.01309666675516,38.5925533592146],[-9.0136112085206,38.5920935832002],[-9.01433901454063,38.5914386114768],[-9.01502870165242,38.5907926621814],[-9.01505970824285,38.5907607315517],[-9.01506004601492,38.5907603830934],[-9.0156495188887,38.5923288315251],[-9.01578493207823,38.5923429727622],[-9.01696129571041,38.5921673039135],[-9.01838692722549,38.5918381110386],[-9.01865812527764,38.5918967101238],[-9.01868824640133,38.5927759200328],[-9.0184885948153,38.593823659514],[-9.01881701125805,38.5938211743694],[-9.0191443082878,38.5937277208784],[-9.0196068342884,38.5936332412656],[-9.02022409463379,38.5935527503724],[-9.02117069985305,38.593545570835],[-9.02133216041714,38.5941053659941],[-9.02235586118315,38.5940824291632],[-9.02486540460829,38.5939117053008],[-9.02575142990463,38.5936926726826],[-9.02723368819993,38.5932568009384],[-9.02808237847427,38.5931441743121],[-9.02864110284986,38.593018598332],[-9.02824494639738,38.592233167779],[-9.028243440188,38.5921118766332],[-9.02845443252327,38.5919889608134],[-9.03011578236262,38.5919762385096],[-9.03068638765106,38.5928058131906],[-9.03194582059118,38.5946459991499],[-9.03229960950586,38.5951284879874],[-9.03266666776186,38.5951256670228],[-9.03356688739446,38.5944970719122],[-9.03597581838499,38.5928538069211],[-9.03779281121968,38.5933092666543],[-9.03817369080527,38.5931286362509],[-9.03846715441234,38.5929213448528],[-9.03830442110853,38.5924442206369],[-9.03790167246429,38.5922696497898],[-9.03618158933331,38.5912031553539],[-9.03609006953102,38.5908484915644],[-9.03585410951375,38.5900848979497],[-9.03906419139981,38.5896995070703],[-9.03950933411769,38.5904213014909],[-9.04098578383748,38.591503272022],[-9.04135495879328,38.591773802409],[-9.04158497245792,38.5921695151851],[-9.04225718115385,38.5928582946543],[-9.04208528170333,38.5930373152882],[-9.04190337690947,38.5938041414074],[-9.04260218642446,38.5939763978179],[-9.04323720875181,38.59461386089],[-9.04376033175502,38.5946644633899],[-9.04379602376568,38.5947325257744],[-9.04364274674653,38.5950070808073],[-9.04392396872769,38.5952099136519],[-9.04432433028675,38.5951931288806],[-9.04446364574019,38.5951920440125],[-9.04453987197535,38.5957108379895],[-9.04489093053292,38.5959267925478],[-9.04536095418165,38.5959094614267],[-9.04600962544288,38.5962461043945],[-9.04653136352648,38.5962146971072],[-9.04653641132833,38.5966129823619],[-9.04608639514358,38.5968351833361],[-9.04614573834464,38.597395111836],[-9.04661290778808,38.598525916747],[-9.04689969733533,38.5991660770224],[-9.04715391454753,38.5999841759882],[-9.04776382641219,38.6017445455402],[-9.04649565507157,38.6024651902161],[-9.04534287596707,38.6031302505385],[-9.04497317057399,38.6032789247453],[-9.04467174611483,38.6033177209471],[-9.0444880448579,38.6034831688129],[-9.04425826756659,38.6036127454497],[-9.04402221858018,38.6035960769413],[-9.04271356113898,38.6034149038174],[-9.04203362851762,38.6033655151089],[-9.0412652343759,38.6032074640414],[-9.04046149566623,38.6030086779434],[-9.03965488943394,38.6030586423597],[-9.03941749810361,38.6030318633374],[-9.03898075657535,38.6030633621458],[-9.03830617099202,38.6031120105214],[-9.03684338479826,38.60279420898],[-9.03547607662053,38.6028190692869],[-9.03484827120253,38.602194309902],[-9.03470133307504,38.6021095884405],[-9.03435204306365,38.6018833332636],[-9.03346953167466,38.6013034549833],[-9.03253323043909,38.6007955285752],[-9.03176228340245,38.6003864888698],[-9.03067996714108,38.5998653601677],[-9.02956333902485,38.5995161925678],[-9.02934170320356,38.5992889442266],[-9.028530592802,38.5985797001806],[-9.02747946475005,38.5976290294884],[-9.02666714967483,38.5968196172665],[-9.02637508808048,38.5967932290742],[-9.02502771344762,38.5969465966975],[-9.02366422216378,38.5972717808761],[-9.02239894081671,38.5981685660607],[-9.02165989403166,38.5988610166177],[-9.02071537156819,38.5993750252613],[-9.02088894462895,38.5980861800534],[-9.02083055059264,38.595744482201],[-9.02003351823943,38.5958084992564],[-9.01868945086883,38.5958418678299],[-9.01721313602582,38.5959341938228],[-9.0173542019841,38.5965940288462],[-9.01725206921989,38.5966991534773],[-9.01703089708387,38.5967356082953],[-9.01546506942474,38.5967590203575],[-9.01452967242354,38.596383442551],[-9.01322297384808,38.5958483226972],[-9.01276330823883,38.59571264181],[-9.01192846565359,38.5958119809],[-9.01167548178387,38.5958122643993],[-9.01110697515978,38.5958039296159],[-9.01109101437386,38.5958035584198],[-9.01093583656668,38.5927669209425]]]}},{"type":"Feature","id":"CRUS_Barreiro_V.34675","properties":{"AREA_HA":1137.21383513119,"Autor":"DGT","Categoria_2021":"Espaço Natural e Paisagístico","Classe_2021":"Solo Rústico","DTCC":"1504","Data_Pub_Origem":"1994-05-04T00:00:00","Designacao_no_plano":"Rio Tejo","Escala_origem":"1/25000","Fonte":"CM - Raster","ID1":34675,"Municipio":"BARREIRO"},"geometry":{"type":"Polygon","coordinates":[[[-9.03290415954319,38.6866334219326],[-9.03333235819499,38.683983584225],[-9.03333849952342,38.6827999898128],[-9.03341883934233,38.6808432312662],[-9.03366119934961,38.6801016480232],[-9.03406862487311,38.6791450958349],[-9.03477186597906,38.67836708215],[-9.03593721710462,38.6776512507403],[-9.03723248934282,38.6772631667167],[-9.04037458715066,38.6769922609636],[-9.04129240128774,38.6766070596718],[-9.04313028802125,38.6760174373879],[-9.04392476938738,38.675830432332],[-9.04401197252507,38.676092764292],[-9.04401384752962,38.6762406925994],[-9.04393164377168,38.6763728379462],[-9.04376452542494,38.6764234545636],[-9.04351395270265,38.6765075962266],[-9.04328538878349,38.6766737568747],[-9.04329329943949,38.6772983452012],[-9.04323372613839,38.6775618190045],[-9.04300578146354,38.6777772894699],[-9.04279797208138,38.6779268489769],[-9.0424213758373,38.6779955307136],[-9.04211288135046,38.6784746349646],[-9.04201365249246,38.6789192365979],[-9.04186832755007,38.6790354332207],[-9.04197608088381,38.6792647303951],[-9.04223810798134,38.6792563007707],[-9.04290540482026,38.6789588775902],[-9.04520651455658,38.6776543403375],[-9.04546860938557,38.6775218556249],[-9.04622438326652,38.6773461897202],[-9.04748184040447,38.6768836500762],[-9.04796237725996,38.6777711739172],[-9.04884697371043,38.6792072783762],[-9.05026686139344,38.6787434368664],[-9.05179392251813,38.6781938530847],[-9.05373565517783,38.6776126908374],[-9.05427467698578,38.6774245311017],[-9.05464176306627,38.6779026479551],[-9.05539907963301,38.6792548209945],[-9.05643239782943,38.6810150823122],[-9.05706036062072,38.6821277606232],[-9.05766792852593,38.6830566814167],[-9.05767065904784,38.6832688698995],[-9.05774576111778,38.6834946332163],[-9.05820222833497,38.683901294442],[-9.05820058905108,38.6837739822868],[-9.05819676406857,38.6834769184788],[-9.05823030932283,38.6832785909957],[-9.05862589415021,38.6831622828389],[-9.05966789612279,38.6827862014565],[-9.06027949514711,38.6826257331139],[-9.06035277906433,38.6827100360962],[-9.06028205079586,38.6828237758668],[-9.06028332862385,38.6829227967903],[-9.06046380133717,38.6829213658028],[-9.0610564381259,38.6826903076893],[-9.06119971897974,38.6826042866607],[-9.06076658667765,38.6826077232629],[-9.06074707759559,38.6824946999226],[-9.06074525124225,38.6823532413395],[-9.06105150532368,38.6823083696431],[-9.06166218185321,38.6820771653226],[-9.06166071934313,38.6819639979372],[-9.06101464088586,38.6808514883564],[-9.06071913577946,38.6803303822266],[-9.06068012149735,38.6801043345007],[-9.06107312610363,38.6797899763655],[-9.06135218500948,38.6790379540174],[-9.06128690021703,38.6781754853003],[-9.06105083978675,38.6780641804108],[-9.06061682191801,38.6779968863265],[-9.06041722063807,38.6779135850838],[-9.06018207486535,38.6778730082152],[-9.06021944484738,38.6779717431082],[-9.06049123002059,38.6780544714045],[-9.06060297554581,38.678322384526],[-9.06018791475176,38.6783256755484],[-9.05973548432298,38.6782302300631],[-9.05901655925848,38.6770616965211],[-9.05885542734981,38.6757614180476],[-9.05944801088802,38.6755303684738],[-9.06025677034837,38.6752693082313],[-9.06198107905917,38.6746331428603],[-9.06485528571563,38.6736058199252],[-9.06911221490207,38.6720580637687],[-9.07243417736366,38.670786466309],[-9.07389001537694,38.6703361970234],[-9.07524869563146,38.6707355326197],[-9.07491926680297,38.6703845023825],[-9.07410302583306,38.6700656848638],[-9.07365026005537,38.6699420006252],[-9.07339468437644,38.6697176982596],[-9.07266923075281,38.6694405818696],[-9.07143744878989,38.6690826400945],[-9.0711273826863,38.6688304757327],[-9.07041316529684,38.6680298030193],[-9.07021007727874,38.6676777475257],[-9.07033508993596,38.667577714577],[-9.0706939278046,38.6674192172331],[-9.07179013707553,38.6670708886155],[-9.0719903377132,38.6685830460594],[-9.0727118983194,38.6685631043946],[-9.07269644246473,38.6687612909861],[-9.07293137994387,38.6687876983684],[-9.07298440130358,38.6687023881455],[-9.07292815513317,38.6671607808476],[-9.07375851490483,38.6671824005638],[-9.0739370960952,38.667039490855],[-9.07413649808795,38.6671086228769],[-9.07489746454733,38.6673430023165],[-9.07555128717486,38.6676631243346],[-9.0756954492798,38.667647815534],[-9.07554349830697,38.6670689998034],[-9.07520889579325,38.6663218859585],[-9.07520370532413,38.6659258028144],[-9.07526541971148,38.6657159192541],[-9.07608894584009,38.6655439830333],[-9.07946907853966,38.6646112521701],[-9.08234642727689,38.6638711374345],[-9.08436706736345,38.6633700031478],[-9.08503321240133,38.6631950222938],[-9.08614965972111,38.6628776362509],[-9.08781325378772,38.6623091394082],[-9.08848163302025,38.6623036818599],[-9.08946372356178,38.6622339969845],[-9.08961852754133,38.6620477555046],[-9.08951921197026,38.6619714934334],[-9.08949811903924,38.6618637636172],[-9.08966482493086,38.6616485216877],[-9.08997443912982,38.6616459891659],[-9.09014982254862,38.6615289437983],[-9.09030938492015,38.6613311006973],[-9.09040904903351,38.6610643815491],[-9.09097652822644,38.6606801484617],[-9.09152286127411,38.6600960515835],[-9.09175402528476,38.6597396194665],[-9.09216189898733,38.6593663226968],[-9.09246551907121,38.6585468531372],[-9.09261352201733,38.6578519780173],[-9.09276419605449,38.6573574709417],[-9.09285342932388,38.6566784920592],[-9.09282719094196,38.6561854362929],[-9.09260644480984,38.6558481238729],[-9.09211112903454,38.6555593059693],[-9.09191353855496,38.6554838524165],[-9.09161869310315,38.6554862689281],[-9.09056094545752,38.6557723974586],[-9.09007097058453,38.6558843095544],[-9.08970077768512,38.6561339732556],[-9.08933263273203,38.6565377658329],[-9.08925564552772,38.6566617129758],[-9.08927653148235,38.656754030132],[-9.08937522462555,38.6567840532048],[-9.08968727182005,38.6565965249723],[-9.0899813016774,38.6565324610896],[-9.0902564940592,38.6565302095096],[-9.09049052703507,38.6563895619002],[-9.09064511198257,38.6561879053448],[-9.09068175657241,38.6559872141743],[-9.09083982950131,38.6560475788789],[-9.09102043308798,38.6563235645243],[-9.09123953056436,38.6565375756711],[-9.0913980159351,38.6566287661225],[-9.09175080791266,38.6565488018615],[-9.09194840117679,38.6566242556403],[-9.09214579045909,38.6566842962595],[-9.09214352949509,38.6565147526442],[-9.09230181035108,38.6565905281467],[-9.09230674420884,38.6569604409693],[-9.09223037842935,38.6571306293274],[-9.09201805828614,38.6574252491332],[-9.09192511724724,38.6578267932654],[-9.091930665912,38.658242945372],[-9.09161902851765,38.65846130517],[-9.09134547193307,38.6585868643215],[-9.09134896350154,38.6588488856651],[-9.09097855475712,38.6590831397157],[-9.09086204833671,38.6591919970034],[-9.09086396425129,38.6592068048805],[-9.09047680200986,38.6596246217291],[-9.09033920048561,38.6596257479298],[-9.09004105611335,38.6593815520935],[-9.08996099078565,38.6592743047732],[-9.09001791218326,38.6591196914923],[-9.08993805227324,38.6590278569611],[-9.08987175127879,38.6589820423387],[-9.09044486468172,38.6584836243856],[-9.09034514291781,38.6583765372908],[-9.08943353575333,38.6578290652283],[-9.08956867504366,38.6576429835984],[-9.08962539106513,38.6574729576523],[-9.08913089528507,38.6572457802837],[-9.08794125236007,38.656484761943],[-9.08778277274516,38.6563935667356],[-9.08751044321371,38.6566115957415],[-9.08641972388289,38.6558959980143],[-9.0860427795748,38.6556370193994],[-9.08554994050521,38.655533131052],[-9.08534970260556,38.655257296659],[-9.08461278053541,38.6550918045146],[-9.08426064862755,38.6552218399451],[-9.08409924837225,38.6552809575884],[-9.08387689298742,38.655190276345],[-9.08355225848096,38.6551697928856],[-9.08310922766098,38.6551155866322],[-9.08257789811093,38.6550736563561],[-9.08204946712434,38.6552513605085],[-9.08159504876609,38.6554515839069],[-9.08152240431558,38.6555331000225],[-9.08164202047339,38.6556593015786],[-9.08171725698806,38.6557743020518],[-9.08172000156538,38.6559823783504],[-9.08176544801477,38.656074498617],[-9.08195892918786,38.6562116616141],[-9.08209252681801,38.6562799439677],[-9.08219877481701,38.6565103022008],[-9.08237751567014,38.6566475840899],[-9.08249484612283,38.6566003883028],[-9.0824928622526,38.6564501102759],[-9.08245925754728,38.6561382356791],[-9.08245681600301,38.6559532787139],[-9.08249982171252,38.6558604408164],[-9.08270407850497,38.6556969286322],[-9.08295301865426,38.6555677358899],[-9.08326260613197,38.6555652214738],[-9.08339773121187,38.6557491005367],[-9.08340109164203,38.6560034161891],[-9.08325794379789,38.6563282882058],[-9.08314382233938,38.6566182407454],[-9.08325221241641,38.6570104355816],[-9.08332592552452,38.6570098367755],[-9.08333455824673,38.656547325224],[-9.08354927964508,38.6560600174587],[-9.08354622421997,38.6558288210962],[-9.08369104936898,38.6556311065601],[-9.08393922331788,38.6554441126524],[-9.08410138835911,38.6554427943119],[-9.08433634749977,38.6553715176044],[-9.0846003314346,38.6552653216859],[-9.08485094935466,38.6552632827481],[-9.08510294439869,38.6553652808804],[-9.08534142254388,38.6555598773376],[-9.0859489202871,38.65578615133],[-9.08609787451986,38.6559005475108],[-9.08631162245911,38.6564537360169],[-9.08659877911107,38.6569832030273],[-9.08657067373566,38.6570874818087],[-9.08633555810798,38.6571472034013],[-9.0860118332259,38.6571960846585],[-9.08588221338259,38.6574283616711],[-9.08585517770697,38.6576135585872],[-9.0860763187119,38.6576117570853],[-9.08618120262118,38.6577380739294],[-9.08517471758954,38.6574456834326],[-9.08461418961105,38.6574271228227],[-9.08422782295706,38.657199044083],[-9.0840355565298,38.6571543629337],[-9.08381472359756,38.6571792807205],[-9.08375697523804,38.6572722379978],[-9.08375835055316,38.6573762765102],[-9.08379058620773,38.6575841129841],[-9.08386613386681,38.6577222312352],[-9.08304924425642,38.6583878473453],[-9.08331423154132,38.6594724323959],[-9.08371764409403,38.6598737903672],[-9.08404382863072,38.6600098711652],[-9.08420799166472,38.6601588304098],[-9.08400479595867,38.6604032635097],[-9.08378685690619,38.6606478169879],[-9.08359687354449,38.6607765323823],[-9.08342086995036,38.6608473286355],[-9.08311582888581,38.6604200141213],[-9.08274958099277,38.6600127151646],[-9.08234744093618,38.6596198533765],[-9.08211253042889,38.6595934654326],[-9.08184041835128,38.6594824936388],[-9.08174834522569,38.659341767004],[-9.08172787837652,38.6591580174491],[-9.08126882753774,38.6585534036727],[-9.08142821253666,38.6583257538409],[-9.08140793339671,38.6581561506482],[-9.08060406610938,38.6573987077216],[-9.08002024323053,38.6569082787615],[-9.07980169893438,38.6570370264965],[-9.0795422583428,38.6568599242772],[-9.07975595324877,38.656645984277],[-9.07927982576984,38.656112237706],[-9.07990472259037,38.6556120233744],[-9.08005348910582,38.6545780621469],[-9.08068168494857,38.6529601763094],[-9.08088884099804,38.6522511291021],[-9.08063367863174,38.6520551334446],[-9.08001810377998,38.6518903495586],[-9.0800329769337,38.6516497240909],[-9.07965340689107,38.6515962069332],[-9.07965526842161,38.6517376654967],[-9.07942038459692,38.651711271771],[-9.0793992279833,38.6517736784239],[-9.07925716297858,38.6516973965029],[-9.0792735272648,38.6515699375982],[-9.07936223446266,38.6514560414843],[-9.0790001467507,38.6513599385903],[-9.07884077011656,38.651587584373],[-9.07838811357843,38.6514639176195],[-9.07858357029037,38.6512359799178],[-9.07820288823122,38.6510975826499],[-9.07806210604759,38.6513675202384],[-9.0776100094133,38.6512862872186],[-9.07778798665407,38.6511009341555],[-9.07778687196035,38.6510160587827],[-9.07766022633455,38.6509887864173],[-9.07747946321293,38.6509619517404],[-9.0773714137032,38.6509769711149],[-9.07735616034168,38.6511893051894],[-9.07683153780081,38.6510803594886],[-9.07646069247891,38.6516916876752],[-9.07600933723422,38.6516670326786],[-9.07516241425313,38.6517445929448],[-9.07463493556756,38.6527957456747],[-9.07429329272752,38.6528833785968],[-9.07327974297425,38.6526368772935],[-9.07207622493316,38.6519394985897],[-9.07171401389387,38.6517296099824],[-9.07091216601726,38.6511135572401],[-9.0708674514558,38.6510223365443],[-9.07077894786497,38.6508417811631],[-9.07008879260131,38.6502959302622],[-9.06901719684649,38.6497688800478],[-9.06815180957051,38.6496497712805],[-9.06750881731087,38.6496391551794],[-9.06716979038602,38.6498309080429],[-9.06713370576304,38.6501462717707],[-9.06709516763177,38.6502726098997],[-9.06679385760079,38.6502750153452],[-9.06652843061785,38.6499463039462],[-9.06624700412957,38.64993279607],[-9.06624823017586,38.6500273084316],[-9.0658464858814,38.6500305125852],[-9.06528118410161,38.64981446629],[-9.06491239298044,38.6492252257491],[-9.06612930003756,38.6486367282639],[-9.06584447848472,38.646811561891],[-9.06541070249873,38.6443416754761],[-9.06538918871187,38.6442315705411],[-9.06498747553226,38.644234771352],[-9.06473951288402,38.6437011176419],[-9.06461971134345,38.6422054615329],[-9.06469087382785,38.6414959736987],[-9.06492189694702,38.6407221985344],[-9.06494758296669,38.6396034741362],[-9.06549484211489,38.638433332051],[-9.06557109562495,38.6381176480353],[-9.06570657964429,38.6377227236249],[-9.06572237705968,38.6373917672414],[-9.06597550259869,38.6367753506294],[-9.06650999532046,38.6361724429967],[-9.06637825970186,38.6353070340252],[-9.06610901024085,38.6346790297602],[-9.06588503579909,38.6344445084624],[-9.06456037864381,38.6345180777181],[-9.0637463476359,38.6352492314446],[-9.06366703380477,38.6353286314688],[-9.06308380658806,38.6352702542763],[-9.06155789349147,38.6353138818142],[-9.06137714408178,38.635315316158],[-9.06115460469707,38.635191051871],[-9.06089352339354,38.6351931227],[-9.06076977655294,38.6349420424622],[-9.06056833666219,38.6348963779592],[-9.06056468289092,38.6346128387759],[-9.06009912169489,38.6343329596425],[-9.05975487288666,38.6341151336513],[-9.05983216271038,38.633878213994],[-9.05987070544631,38.6337518778582],[-9.06023219425854,38.633749013661],[-9.06053343566171,38.633746625971],[-9.06063283448067,38.6336670688049],[-9.06012772278516,38.6334347658468],[-9.05988449979212,38.6332634003894],[-9.05964350847566,38.633265309245],[-9.05946377893979,38.6333455016873],[-9.05932320059325,38.6333466147424],[-9.05901993437273,38.633191477018],[-9.05823246105639,38.6328668768592],[-9.05746629141993,38.632636625496],[-9.05649485563797,38.6320614051682],[-9.05586402514005,38.6314204756561],[-9.05545592336389,38.6309195710842],[-9.05502572870025,38.6302613006863],[-9.05509737996874,38.6295833214594],[-9.05509435368202,38.629347037627],[-9.05481099367965,38.6291759785866],[-9.05406576091885,38.6290085546629],[-9.05382478345018,38.6290104513585],[-9.05400390418476,38.6288830106116],[-9.05404185129872,38.6287094201207],[-9.05383761237803,38.6284432123863],[-9.05367555156694,38.6283342109067],[-9.05356809581621,38.6277836715995],[-9.05348334122748,38.6274377538172],[-9.05347629285934,38.6268864253073],[-9.05351383636309,38.6266813296747],[-9.05359133958069,38.6264601663271],[-9.05368993059494,38.6263176053702],[-9.05368872207168,38.6262230922885],[-9.05376763549052,38.6261121945255],[-9.05386662861598,38.626001138683],[-9.05358368643032,38.6258615798451],[-9.05338086692404,38.6257056367953],[-9.05337764534872,38.6254536009583],[-9.05347442314878,38.6251692700625],[-9.05372922459211,38.6246788962882],[-9.05380773228674,38.6245364941309],[-9.05376636350007,38.6244422961514],[-9.05364024387151,38.6240021811447],[-9.05367416037823,38.6235135451099],[-9.05369081580809,38.6232455985725],[-9.05382936150215,38.6230869697369],[-9.05390786731326,38.6229445665973],[-9.05402693502592,38.6228333525894],[-9.05420765347574,38.6228319299857],[-9.05432672053642,38.6227207156787],[-9.0543837351688,38.6224682054606],[-9.05464114197368,38.6221826085631],[-9.05465980962375,38.6220721846522],[-9.05551046301347,38.6210393604859],[-9.05564939883589,38.6204945221518],[-9.05562602863948,38.6200940549918],[-9.05519777317537,38.6194105980836],[-9.05537464946144,38.6189799338133],[-9.05542826156271,38.6188936569866],[-9.05555445482986,38.6187781901558],[-9.05568119872567,38.6187056459579],[-9.05571693937559,38.6186481276873],[-9.05558726320942,38.6184917510467],[-9.05551284962429,38.6183778657152],[-9.05538390733049,38.6182787195059],[-9.05456251150691,38.6182279548037],[-9.05445089290901,38.6180571262258],[-9.05401082842227,38.6178745737602],[-9.0536805520288,38.6177197736569],[-9.05367799157052,38.6175194675235],[-9.05411567435702,38.617516023081],[-9.05418606020229,38.6173151427317],[-9.05308107231635,38.6164796038085],[-9.05282082748254,38.61609530642],[-9.05238260530247,38.6160558230791],[-9.0520317319121,38.6157151630297],[-9.05140312162986,38.6150475741487],[-9.05110331904789,38.6144203296683],[-9.0511155376535,38.6139480359939],[-9.05092825525313,38.6135631616795],[-9.0508186578841,38.6135497119676],[-9.05088011082014,38.6140786643248],[-9.05078947820389,38.6141223023441],[-9.05034361648543,38.6134818918622],[-9.04960799426701,38.6130011497837],[-9.04908611564375,38.6121180760159],[-9.04873054863065,38.6114054071625],[-9.04856570351157,38.6113494613476],[-9.04869171309177,38.6112196938604],[-9.04869025823765,38.6111052330546],[-9.04860877163914,38.6104333459193],[-9.04878912092419,38.6102745353179],[-9.04882340806962,38.6101025591339],[-9.04880371886777,38.609988240107],[-9.04906207896803,38.6096588492554],[-9.04903723289404,38.6095314755544],[-9.04947176510925,38.6089995753962],[-9.04960878992253,38.6088162611632],[-9.04939769042218,38.6086538976369],[-9.04939444564315,38.6083987866234],[-9.04943903908894,38.6082526440139],[-9.04936751360245,38.6081074116044],[-9.04936542778269,38.6079434120377],[-9.04936311020982,38.6077611890905],[-9.049264191814,38.6072881374621],[-9.04909838608516,38.6070342981342],[-9.04909560590791,38.6068156310868],[-9.04920894095592,38.6065960550249],[-9.04906913915412,38.6065607017605],[-9.0489040307127,38.6063615286409],[-9.04897115106135,38.6061605387717],[-9.04915531196909,38.6060315289484],[-9.04928792942497,38.6055019923985],[-9.04918878322882,38.6050107179968],[-9.04922526465671,38.6042267965124],[-9.04910313127632,38.6037539261894],[-9.04838278333144,38.6037231150816],[-9.04815472434525,38.6028249318575],[-9.04805104442668,38.6024165915098],[-9.04776382641219,38.6017445455402],[-9.04715391454753,38.5999841759882],[-9.04854473656063,38.5997819509372],[-9.0483760188305,38.5988401742198],[-9.04881730624097,38.5986498836873],[-9.0492258133158,38.5989420561285],[-9.04974715833163,38.6004050979293],[-9.05013202320676,38.6010185211569],[-9.05026052293545,38.6012394316075],[-9.05018117088979,38.6024112870559],[-9.05034248764409,38.603975775948],[-9.05057514216191,38.6049725816355],[-9.05102633563908,38.6058567143329],[-9.05183998572058,38.6068243010653],[-9.05243071652427,38.6075593868558],[-9.05329437117732,38.6087484873403],[-9.05374341676424,38.6094600224039],[-9.05419578262852,38.6104304338389],[-9.05476318818308,38.6117944565525],[-9.05505893743796,38.6128030840011],[-9.05556147784766,38.6140073404187],[-9.05594946792028,38.6148549633229],[-9.056879599982,38.616314743417],[-9.05762885569033,38.6171471799154],[-9.05893283930328,38.6183450842534],[-9.0598700640442,38.6191267027591],[-9.06130062310828,38.6203852213711],[-9.06220758689441,38.6212533625599],[-9.06309694845573,38.6219736905322],[-9.06338521376809,38.622390575966],[-9.06364778925082,38.6232514980001],[-9.06360924954274,38.6239175549031],[-9.06335007030041,38.6245360515594],[-9.06236296155455,38.6259863550432],[-9.06196137589254,38.6265320070539],[-9.06156153415765,38.627213260248],[-9.06114517440563,38.6278329990726],[-9.06110597428819,38.6284497453523],[-9.06128694823744,38.6290770734252],[-9.06202465182795,38.6302177879121],[-9.06255043166932,38.6307684040323],[-9.06343784484817,38.6313284709313],[-9.06489376056731,38.6320935921983],[-9.06595168937703,38.6324673506602],[-9.06715155526487,38.6328769525101],[-9.06830364487038,38.633237609305],[-9.06911046717371,38.6336380037505],[-9.06963375847318,38.6339913480781],[-9.0706692994552,38.6350556493139],[-9.07151755366141,38.6362200735223],[-9.07232367130999,38.6377670182931],[-9.07274728990969,38.6389101826239],[-9.07322548425281,38.6406200265658],[-9.07352725581683,38.6420600553111],[-9.07371498161092,38.643192783756],[-9.07381452723597,38.6447947096427],[-9.07407715301941,38.6456432753065],[-9.07475357682695,38.6471934935626],[-9.07532937519572,38.6479450142322],[-9.07592614477667,38.6486963637923],[-9.07706809648641,38.649459749756],[-9.07866967917371,38.6501043422577],[-9.08106690595529,38.6506767142403],[-9.08234872421198,38.650912892143],[-9.08497330696361,38.6512367665749],[-9.08740926908037,38.6515621200615],[-9.09001774675149,38.6522476516531],[-9.09128062987364,38.65263183018],[-9.09302978956635,38.6533243301161],[-9.09448399185238,38.6539041618125],[-9.09566781972282,38.6545310117454],[-9.0968927494164,38.6555174193108],[-9.09821476200614,38.6571287173876],[-9.09818426724547,38.6592610016729],[-9.09831055785573,38.6642655972042],[-9.09829251389515,38.6717278473287],[-9.09466181588267,38.6735503407363],[-9.09280675720503,38.6743874837216],[-9.09005422389567,38.675544268022],[-9.08763468101126,38.6765174523563],[-9.08510849170134,38.677359949306],[-9.08264536229009,38.6782183176001],[-9.07940612831564,38.6790664789338],[-9.07574744367733,38.6799179324505],[-9.07302797040099,38.6804329645053],[-9.07108345040145,38.6808759684892],[-9.06964130598942,38.6812491643831],[-9.06734240252083,38.6818593249737],[-9.06483653568822,38.682684785],[-9.06364638255311,38.683088775613],[-9.06193452186165,38.683694157519],[-9.05945203972474,38.6847165734663],[-9.05732513804699,38.6856703752137],[-9.0553390664859,38.6861627606007],[-9.05394264241077,38.6864512673602],[-9.05351925856073,38.6865387358934],[-9.05233984027889,38.6869249085202],[-9.05074149245056,38.6874482249716],[-9.04804837663944,38.6884227379055],[-9.04459937611958,38.6893373312627],[-9.04125161250819,38.6899715886381],[-9.04049579143342,38.6900763572348],[-9.0397276248925,38.690182831799],[-9.03899039200883,38.6902850135079],[-9.03651818965302,38.6905013964368],[-9.03492535322949,38.6905958817551],[-9.033016901036,38.6906105840052],[-9.03285671527748,38.6895433378924],[-9.03279274431944,38.6877849491078],[-9.03290415954319,38.6866334219326]]]}},{"type":"Feature","id":"CRUS_Barreiro_V.34729","properties":{"AREA_HA":86.9663365711146,"Autor":"DGT","Categoria_2021":"Espaço Agrícola","Classe_2021":"Solo Rústico","DTCC":"1504","Data_Pub_Origem":"1994-05-04T00:00:00","Designacao_no_plano":"Espaço Agrícola","Escala_origem":"1/25000","Fonte":"CM - Raster","ID1":34729,"Municipio":"BARREIRO"},"geometry":{"type":"Polygon","coordinates":[[[-9.04290303822162,38.5920284641537],[-9.04166582122291,38.591566367974],[-9.04135495879328,38.591773802409],[-9.04098578383748,38.591503272022],[-9.03950933411769,38.5904213014909],[-9.03906419139981,38.5896995070703],[-9.03902880480575,38.5896421271397],[-9.03902091862057,38.5896293407846],[-9.03876269078302,38.5892106198728],[-9.03865252406877,38.5887700665097],[-9.03832264016051,38.5874508384032],[-9.03812766929893,38.5871789844268],[-9.0377452773423,38.5872366130705],[-9.03714433720142,38.5865305144746],[-9.03638070523284,38.585347284751],[-9.03573590171885,38.5839171073537],[-9.03523092961347,38.5825268514879],[-9.03442810885969,38.5809885384535],[-9.03429740915367,38.5807011678973],[-9.0345521359929,38.580642989968],[-9.03508129947199,38.5804699138743],[-9.03596076677542,38.5801169865409],[-9.03604283347272,38.5800840529124],[-9.03633504143282,38.5799673874913],[-9.03639978784703,38.5799422072729],[-9.03668745063334,38.5798202657484],[-9.0369586475517,38.5797079984187],[-9.03713805370764,38.5796337287454],[-9.03729250191552,38.5796053310435],[-9.03761572916607,38.5794648250381],[-9.03756950082218,38.5793106411626],[-9.03754470038629,38.5792279244957],[-9.03757326485567,38.578935390153],[-9.03774034587691,38.5789259005373],[-9.03825304396088,38.5788659915038],[-9.03880050992833,38.5788020178544],[-9.03950440514227,38.5786637724064],[-9.03978048492689,38.578603221573],[-9.04043820328044,38.5787804477368],[-9.04068057690113,38.5794754533714],[-9.04168175073384,38.5815452407232],[-9.04119538360518,38.5816401364339],[-9.04108779914769,38.5823152649998],[-9.04099906807289,38.5826439876205],[-9.04135624907549,38.5833519587883],[-9.04135923298935,38.5835888497774],[-9.04106798485083,38.584429420829],[-9.04108406313181,38.5850147468658],[-9.04131524035883,38.5853956603297],[-9.04159641786885,38.5855984996368],[-9.04172209185964,38.5858982228865],[-9.04172381419684,38.5860348909004],[-9.04174863273961,38.5866224269635],[-9.0417172527231,38.5868960324283],[-9.04175380005959,38.5870324300407],[-9.04203429606072,38.5871806013157],[-9.04239858203996,38.5870684262662],[-9.04264511652612,38.5872852001556],[-9.04268442462293,38.5876402656102],[-9.04282803803999,38.5879808522346],[-9.04283010751327,38.5881448535618],[-9.04274787105065,38.5885281997681],[-9.04275045771471,38.5887332011866],[-9.04275304440508,38.5889382025977],[-9.04282528303413,38.5891426625929],[-9.0431080333388,38.5894684981852],[-9.04403869982885,38.5900763231184],[-9.04533449262534,38.5892598110849],[-9.04612500424633,38.5898003706936],[-9.04686657943294,38.5906010005072],[-9.04695919016475,38.5910376571242],[-9.04653043316244,38.5915603914439],[-9.04643755384463,38.5924768789041],[-9.04643161846613,38.5929786273793],[-9.04780193731186,38.5939649646775],[-9.04843285912272,38.5943078432881],[-9.04904098534447,38.5947180154794],[-9.04906652641975,38.5949793717686],[-9.05073289163171,38.5961128408292],[-9.05063426750759,38.5962968149348],[-9.0505979848543,38.5963225049995],[-9.05042002570934,38.5964541592906],[-9.05032635683463,38.596480927858],[-9.050192214336,38.5964841474325],[-9.050001764332,38.5964997825354],[-9.04984993808974,38.5965205259388],[-9.04953152920759,38.5965838273715],[-9.04940185642104,38.5966043958051],[-9.0492651077904,38.5966195182334],[-9.0489115092464,38.5966504912897],[-9.04866034429345,38.596685070488],[-9.04844377659358,38.5967236096522],[-9.04828475206621,38.5967649431393],[-9.04842519608411,38.5970672327319],[-9.04860365462774,38.5974075948208],[-9.04898558996423,38.598095600835],[-9.0491583413168,38.5984178562115],[-9.04908622762653,38.5985339191527],[-9.04881730624097,38.5986498836873],[-9.0483760188305,38.5988401742198],[-9.04854473656063,38.5997819509372],[-9.04715391454753,38.5999841759882],[-9.04689969733533,38.5991660770224],[-9.04661290778808,38.598525916747],[-9.04614573834464,38.597395111836],[-9.04608639514358,38.5968351833361],[-9.04653641132833,38.5966129823619],[-9.04653136352648,38.5962146971072],[-9.04652775088836,38.595929645314],[-9.04640646436301,38.5956197496097],[-9.04638375714103,38.5955617307555],[-9.04543074023988,38.5945713940768],[-9.04503776891583,38.5937953758675],[-9.0448044699811,38.5932504697818],[-9.04479790130018,38.5927311340197],[-9.04313564147583,38.5921153388419],[-9.04300941282193,38.5920681944255],[-9.04290303822162,38.5920284641537]]]}},{"type":"Feature","id":"CRUS_Barreiro_V.34730","properties":{"AREA_HA":99.0662433321645,"Autor":"DGT","Categoria_2021":"Espaço de Atividades Económicas","Classe_2021":"Solo Urbano (urbanizável – transitório)","DTCC":"1504","Data_Pub_Origem":"1994-05-04T00:00:00","Designacao_no_plano":"Espaços Industriais - Espaço Industrial em Área de Reconversão","Escala_origem":"1/25000","Fonte":"CM - Raster","ID1":34730,"Municipio":"BARREIRO"},"geometry":{"type":"Polygon","coordinates":[[[-9.04653043316244,38.5915603914439],[-9.04695919016475,38.5910376571242],[-9.04686657943294,38.5906010005072],[-9.04612500424633,38.5898003706936],[-9.04533449262534,38.5892598110849],[-9.04403869982885,38.5900763231184],[-9.0431080333388,38.5894684981852],[-9.04282528303413,38.5891426625929],[-9.04275304440508,38.5889382025977],[-9.04275045771471,38.5887332011866],[-9.04274787105065,38.5885281997681],[-9.04283010751327,38.5881448535618],[-9.04282803803999,38.5879808522346],[-9.04268442462293,38.5876402656102],[-9.04264511652612,38.5872852001556],[-9.04239858203996,38.5870684262662],[-9.04203429606072,38.5871806013157],[-9.04175380005959,38.5870324300407],[-9.0417172527231,38.5868960324283],[-9.04174863273961,38.5866224269635],[-9.04172381419684,38.5860348909004],[-9.04172209185964,38.5858982228865],[-9.04159641786885,38.5855984996368],[-9.04131524035883,38.5853956603297],[-9.04108406313181,38.5850147468658],[-9.04106798485083,38.584429420829],[-9.04135923298935,38.5835888497774],[-9.04135624907549,38.5833519587883],[-9.04099906807289,38.5826439876205],[-9.04108779914769,38.5823152649998],[-9.04119538360518,38.5816401364339],[-9.04168175073384,38.5815452407232],[-9.04068057690113,38.5794754533714],[-9.04043820328044,38.5787804477368],[-9.04129895038792,38.5790123751327],[-9.04265510187113,38.5794729106387],[-9.04401159985623,38.5799596016868],[-9.0457543359915,38.5806657173145],[-9.04743142447007,38.5814508372925],[-9.04840508704051,38.5819797309091],[-9.04958030446481,38.5826248078831],[-9.05077762155016,38.5833187723377],[-9.0496225797852,38.5834671107091],[-9.04979624861572,38.5841628785861],[-9.04992761958298,38.5845830591734],[-9.05028586192251,38.5844212802561],[-9.05097592524566,38.5841096486451],[-9.05104771941709,38.5842759666845],[-9.05107207148153,38.5843323810038],[-9.04989829655136,38.5849747788519],[-9.05008796172666,38.5852321777398],[-9.05024606669099,38.5854361405544],[-9.05065399037018,38.5859700819346],[-9.05103960577103,38.5864553709131],[-9.05121711892738,38.5863095294648],[-9.05139362502772,38.5861645135871],[-9.05151752069464,38.5863853297153],[-9.05151776261553,38.586385761108],[-9.05155026720082,38.5867566383613],[-9.05156800130688,38.5869250034949],[-9.05116814973563,38.5872096323205],[-9.05062140918228,38.5874481674205],[-9.05045052031836,38.5875974520873],[-9.05039046860103,38.5877864530558],[-9.05026272654909,38.5882538925178],[-9.05036822799776,38.5884898785969],[-9.05055987277662,38.5888840053058],[-9.05086995425703,38.588827359505],[-9.05145335324796,38.5887207812381],[-9.05230337248723,38.5885333878165],[-9.05231778693592,38.5886252097585],[-9.05246320314184,38.5895515416311],[-9.05249471168577,38.5896477017804],[-9.05251751930524,38.589977309215],[-9.05254470204211,38.5904068643416],[-9.05261642673217,38.591402496736],[-9.05162344774342,38.5913443739769],[-9.05182643671006,38.5922071263205],[-9.05154921417213,38.5925326624183],[-9.05146112040816,38.5926179400313],[-9.05131578894408,38.5927687936134],[-9.05105114529266,38.5929873403424],[-9.05097361241549,38.5930905500923],[-9.0506952263603,38.5934018018912],[-9.0505135991996,38.5936408619308],[-9.05074195174326,38.5939776769563],[-9.05058927996325,38.5940398589857],[-9.05006534731668,38.5942588163545],[-9.04956838158259,38.5944775638034],[-9.04904098534447,38.5947180154794],[-9.04843285912272,38.5943078432881],[-9.04780193731186,38.5939649646775],[-9.04643161846613,38.5929786273793],[-9.04643755384463,38.5924768789041],[-9.04653043316244,38.5915603914439]]]}},{"type":"Feature","id":"CRUS_Barreiro_V.34731","properties":{"AREA_HA":70.0568038745698,"Autor":"DGT","Categoria_2021":"Espaço de Atividades Económicas","Classe_2021":"Solo Urbano (urbanizável – transitório)","DTCC":"1504","Data_Pub_Origem":"1994-05-04T00:00:00","Designacao_no_plano":"Espaços Industriais - Espaço Industrial em Área de Expansão","Escala_origem":"1/25000","Fonte":"CM - Raster","ID1":34731,"Municipio":"BARREIRO"},"geometry":{"type":"Polygon","coordinates":[[[-9.03531423134435,38.5873007659991],[-9.03499447822333,38.5867975108424],[-9.03426450695438,38.5855183305237],[-9.03348079049413,38.5841165462117],[-9.03309107555229,38.5835864866499],[-9.03286591744082,38.5836838942906],[-9.03241321071064,38.5836873737856],[-9.03171912328668,38.5838840588946],[-9.03156190540052,38.5838442617422],[-9.03065229732283,38.5821153887517],[-9.02889934502246,38.5825798668749],[-9.02756306430521,38.5829454586348],[-9.02605299062287,38.5833396974191],[-9.0254119692056,38.5836042815384],[-9.02431823527695,38.5838723094809],[-9.02406111018327,38.5842023026023],[-9.02343866687334,38.5845624100769],[-9.0237023796313,38.5847654264113],[-9.02428527546347,38.5849219298205],[-9.02295056748359,38.5851099704007],[-9.02260044364613,38.5849155165132],[-9.02238422576514,38.5846139047273],[-9.0215755665063,38.5848323253373],[-9.0204556027722,38.5848711472227],[-9.0205481736708,38.5829751010503],[-9.02225281205853,38.5833563949586],[-9.02279627172233,38.5835645429459],[-9.02279518052455,38.5818209149611],[-9.0229072153231,38.5816846670717],[-9.02313999529152,38.5814015750949],[-9.02331495813862,38.5811887959921],[-9.0234992092594,38.5800240207045],[-9.02360644015278,38.579477970812],[-9.02362814527324,38.5793674413131],[-9.02450744052032,38.5788696139048],[-9.02531511581268,38.5789834952126],[-9.0257158757776,38.5790399996286],[-9.02574804039557,38.5788582021039],[-9.02575361977274,38.5788266670304],[-9.02579714959646,38.5783581008625],[-9.02582531392287,38.5782787016263],[-9.02581471840706,38.5780488762074],[-9.02666418602303,38.5778551125386],[-9.02772412540897,38.578004851106],[-9.02798999728264,38.5780067371256],[-9.0293036462969,38.5780160487505],[-9.03023710876638,38.5785636944219],[-9.0307292245537,38.5792040520929],[-9.03126441504321,38.579504500271],[-9.03160409190264,38.5799626187184],[-9.03239950926867,38.5797832549656],[-9.03299702660875,38.5796485125091],[-9.03316944089376,38.5796096317357],[-9.03388283444417,38.5801919901515],[-9.03407804229428,38.5803754195329],[-9.0341304673225,38.5804471721401],[-9.03426352795446,38.5806496192993],[-9.03429740915367,38.5807011678973],[-9.03442810885969,38.5809885384535],[-9.03523092961347,38.5825268514879],[-9.03573590171885,38.5839171073537],[-9.03638070523284,38.585347284751],[-9.03714433720142,38.5865305144746],[-9.0377452773423,38.5872366130705],[-9.03812766929893,38.5871789844268],[-9.03832264016051,38.5874508384032],[-9.03865252406877,38.5887700665097],[-9.03876269078302,38.5892106198728],[-9.03902091862057,38.5896293407846],[-9.03902880480575,38.5896421271397],[-9.03906419139981,38.5896995070703],[-9.03585410951375,38.5900848979497],[-9.03584879346423,38.5900699872534],[-9.0356014259618,38.5893761048902],[-9.03535726622768,38.5879565042397],[-9.03552934178583,38.5877911600097],[-9.03551004736332,38.5876409593379],[-9.03538559317727,38.5874368972522],[-9.03531423134435,38.5873007659991]]]}},{"type":"Feature","id":"CRUS_Barreiro_V.34732","properties":{"AREA_HA":34.1919320889697,"Autor":"DGT","Categoria_2021":"Espaço Agrícola","Classe_2021":"Solo Rústico","DTCC":"1504","Data_Pub_Origem":"1994-05-04T00:00:00","Designacao_no_plano":"Espaço Agrícola","Escala_origem":"1/25000","Fonte":"CM - Raster","ID1":34732,"Municipio":"BARREIRO"},"geometry":{"type":"Polygon","coordinates":[[[-8.99901036108175,38.5927408758409],[-8.99955686248938,38.5927636590125],[-8.9999023535276,38.5927738894315],[-9.00051900390109,38.5927882240401],[-9.00084234227609,38.5927984294074],[-9.00127226670625,38.5928141480301],[-9.00202771065796,38.5928400563783],[-9.00272312711906,38.5928761320164],[-9.00365760772648,38.5929196119114],[-9.00407359240383,38.5929402883297],[-9.00477287714902,38.5929728989894],[-9.00529547293516,38.5930116949432],[-9.00543361445625,38.5929791322926],[-9.0060103243963,38.5930126581721],[-9.00680416895334,38.593071571265],[-9.00727850615904,38.593105856032],[-9.00745121232542,38.5931124002088],[-9.00753892969729,38.5931330905189],[-9.00765633516576,38.5931322105006],[-9.007710448812,38.5931270281742],[-9.00781942128877,38.5931029718],[-9.00817448945962,38.5930604031364],[-9.00870185847253,38.5930005990563],[-9.00937659348136,38.5929299577596],[-9.00980441046998,38.5928862998228],[-9.01051882901723,38.5928139989302],[-9.01093524189107,38.5927668173055],[-9.01093583656668,38.5927669209425],[-9.01109101437386,38.5958035584198],[-9.01079961209136,38.595796782116],[-9.01047220649569,38.5957929369232],[-9.00982543760264,38.5957773509594],[-9.00936743492843,38.5957664700588],[-9.00913645501837,38.5957539692032],[-9.00886738535817,38.5957528374619],[-9.00861247800849,38.5957452916483],[-9.00832915878448,38.5957332735393],[-9.00805787814485,38.5957195414692],[-9.00776862570807,38.5957106309322],[-9.00741692779653,38.5956912890849],[-9.00707136647345,38.595676491801],[-9.00654105470314,38.5956473110059],[-9.00615121059899,38.5956250945018],[-9.00567284109947,38.5956002064856],[-9.00520045628626,38.5955769843614],[-9.00489487164696,38.595546122075],[-9.0039907127057,38.5954977441514],[-9.00361292024169,38.5954753394139],[-9.00315889722101,38.5954518805694],[-9.0027851268815,38.5954294423524],[-9.00210598418968,38.595384055349],[-9.00187092759853,38.5953763465298],[-9.00152938347753,38.5953615084478],[-9.00067743259908,38.5953205491445],[-8.99991599453285,38.5952757648921],[-8.99941792916723,38.5952542401003],[-8.99872860826105,38.5952215229312],[-8.99822249792062,38.5951999606714],[-8.99791297948109,38.5951754104087],[-8.99784655204075,38.5951586065363],[-8.99780605687828,38.5951320632794],[-8.99777937972643,38.5950802842759],[-8.99762718402657,38.5946132642075],[-8.99750382974162,38.5942632287032],[-8.99745504738297,38.5941007225602],[-8.99738690665999,38.593894133845],[-8.99726021934917,38.5934956587926],[-8.99716376380292,38.5931580284265],[-8.99712185724056,38.5930399553984],[-8.99821121443414,38.5926869593513],[-8.99860258694239,38.5927248941071],[-8.99901036108175,38.5927408758409]]]}},{"type":"Feature","id":"CRUS_Barreiro_V.34733","properties":{"AREA_HA":26.076971730035,"Autor":"DGT","Categoria_2021":"Espaço Habitacional","Classe_2021":"Solo Urbano (urbanizável – transitório)","DTCC":"1504","Data_Pub_Origem":"1994-05-04T00:00:00","Designacao_no_plano":"Espaços Urbanizáveis - Habitação em Área de Expansão","Escala_origem":"1/25000","Fonte":"CM - Raster","ID1":34733,"Municipio":"BARREIRO"},"geometry":{"type":"Polygon","coordinates":[[[-9.01449544539116,38.6092886572007],[-9.01423095542948,38.609224552085],[-9.01394589952241,38.6091821350932],[-9.01364123611559,38.6091368003934],[-9.01364733045606,38.6084102172613],[-9.0136221858108,38.6082985310274],[-9.01351470977599,38.607819307783],[-9.01345037348039,38.6075534243849],[-9.01339898611192,38.6073599625085],[-9.01333458604193,38.6071448844109],[-9.01328139365717,38.606973146521],[-9.0132041155456,38.6064936885108],[-9.01217828557662,38.6059232914362],[-9.01154872359835,38.6049289289584],[-9.01131381503904,38.6047723950703],[-9.01126530959823,38.6042302923699],[-9.01144440984019,38.604273686135],[-9.01220602389016,38.6040619402548],[-9.01207996408893,38.6037322970372],[-9.0120514866004,38.6036565697192],[-9.01194951443857,38.603409709367],[-9.01182791441988,38.6030691352036],[-9.01176146077433,38.6028381919389],[-9.01217265107367,38.6024898941766],[-9.01273441453948,38.6030291512057],[-9.01514167915474,38.6029298677746],[-9.01545066729464,38.602823186393],[-9.0156791023358,38.6033780110295],[-9.01610770887917,38.6033863728677],[-9.01657979723332,38.604530688874],[-9.01679220402255,38.6061871336482],[-9.01724786126872,38.6083982875084],[-9.01745588437638,38.6096953256788],[-9.01698234373016,38.6096409300928],[-9.01572454179331,38.6094996924782],[-9.01449544539116,38.6092886572007]]]}},{"type":"Feature","id":"CRUS_Barreiro_V.34734","properties":{"AREA_HA":123.985879917734,"Autor":"DGT","Categoria_2021":"Espaço Habitacional","Classe_2021":"Solo Urbano","DTCC":"1504","Data_Pub_Origem":"1994-05-04T00:00:00","Designacao_no_plano":"Espaços Urbanos - Habitação em Área de Reconversão","Escala_origem":"1/25000","Fonte":"CM - Raster","ID1":34734,"Municipio":"BARREIRO"},"geometry":{"type":"Polygon","coordinates":[[[-9.0225982642908,38.6213854088439],[-9.02239854621707,38.6211704930934],[-9.02225073575729,38.6214600412817],[-9.02233936921573,38.6210327361475],[-9.02271486655305,38.6203226046819],[-9.02267041558233,38.619117092506],[-9.02264231998638,38.6180389978179],[-9.02395853282258,38.6181101467722],[-9.02512855141925,38.6183099376296],[-9.02548063062546,38.6180985478584],[-9.02514848529986,38.6175329397638],[-9.02472868621659,38.6170491616267],[-9.02466670572536,38.6168177392739],[-9.02442481519793,38.6163789833103],[-9.02446369536427,38.6159380873176],[-9.0245044393436,38.6156479096767],[-9.02463341541672,38.6153222740693],[-9.02462867964848,38.6149396846298],[-9.0244941082325,38.6148131677556],[-9.02429985540275,38.6146407270759],[-9.02386888738477,38.6144468988178],[-9.02282087288789,38.6145476298774],[-9.0226108460955,38.6142941432695],[-9.02237917376781,38.6134842728845],[-9.02216528795404,38.6129177568478],[-9.02223158589867,38.6123027324912],[-9.02206847220217,38.6122575935827],[-9.02150782530278,38.6123314194956],[-9.0208606611214,38.6125798205485],[-9.01955268337429,38.6131694736563],[-9.01903564326071,38.6131849838905],[-9.01819351689158,38.6132029522339],[-9.01763186056873,38.6131956041673],[-9.01699546870513,38.6131192501413],[-9.01555801397481,38.6127938531777],[-9.01458048823145,38.6126157055365],[-9.01457850195144,38.6124533942967],[-9.01473111100666,38.6116406134684],[-9.01476848652102,38.6110721891361],[-9.01432222084685,38.6108320614665],[-9.0133006810115,38.6106774240031],[-9.01305675630514,38.6100647374621],[-9.01287477005757,38.6090544419033],[-9.01307359091399,38.6090624009079],[-9.01327382423689,38.6090913396695],[-9.01347541517964,38.6091190941153],[-9.01364123611559,38.6091368003934],[-9.01394589952241,38.6091821350932],[-9.01423095542948,38.609224552085],[-9.01449544539116,38.6092886572007],[-9.01572454179331,38.6094996924782],[-9.01698234373016,38.6096409300928],[-9.01745588437638,38.6096953256788],[-9.01724786126872,38.6083982875084],[-9.01679220402255,38.6061871336482],[-9.01657979723332,38.604530688874],[-9.01610770887917,38.6033863728677],[-9.0156791023358,38.6033780110295],[-9.01545066729464,38.602823186393],[-9.01514167915474,38.6029298677746],[-9.01273441453948,38.6030291512057],[-9.01217265107367,38.6024898941766],[-9.01207753804961,38.6023985905967],[-9.01221741833129,38.6023469997085],[-9.01225834075028,38.6023141747217],[-9.01243472724282,38.6020472005571],[-9.01241880471504,38.6017876167011],[-9.01241908995278,38.6016232224751],[-9.01240621950252,38.6013215485914],[-9.0124224743314,38.6012146836944],[-9.01241960780763,38.6008398822708],[-9.01245076956059,38.6003565455672],[-9.01245104918802,38.600219444186],[-9.01247874543365,38.5998378334961],[-9.01249443457473,38.5996470170077],[-9.01249903006211,38.5995350140703],[-9.01249069421918,38.5993129379226],[-9.01247190439551,38.5989316828038],[-9.01246705239868,38.5985439253444],[-9.0124561412539,38.598309078757],[-9.0123477827459,38.5977628045034],[-9.01224110601881,38.5971260640439],[-9.01221808995796,38.5970437151986],[-9.01217775163411,38.5968612485046],[-9.01210514090718,38.5964897605034],[-9.01208953412047,38.5963590849553],[-9.01207634731991,38.5962567596578],[-9.01203334856615,38.5960254914548],[-9.01199537733147,38.5958775936373],[-9.01192846565359,38.5958119809],[-9.01276330823883,38.59571264181],[-9.01322297384808,38.5958483226972],[-9.01452967242354,38.596383442551],[-9.01546506942474,38.5967590203575],[-9.01703089708387,38.5967356082953],[-9.01725206921989,38.5966991534773],[-9.0173542019841,38.5965940288462],[-9.01721313602582,38.5959341938228],[-9.01868945086883,38.5958418678299],[-9.02003351823943,38.5958084992564],[-9.02083055059264,38.595744482201],[-9.02088894462895,38.5980861800534],[-9.02071537156819,38.5993750252613],[-9.0206999289784,38.5993834289712],[-9.02070291388837,38.5994675233463],[-9.02021199763158,38.5995058731232],[-9.02017224319784,38.5998772067344],[-9.01962674897961,38.5999740990385],[-9.01961411488059,38.6001481156065],[-9.01976756030251,38.6006107428794],[-9.01919621818733,38.6010092923622],[-9.01839983819153,38.6011312671653],[-9.01799157105738,38.6015749561971],[-9.01803731733394,38.6016905574792],[-9.0185879556086,38.6020110450232],[-9.0187419686537,38.602520048452],[-9.01920967283885,38.6033049511576],[-9.01900297060906,38.6033181105591],[-9.01813155133084,38.6033478941044],[-9.01717304869365,38.6035058706541],[-9.01719066906617,38.6037376328026],[-9.01760054452467,38.6046273306199],[-9.01764034231672,38.605461851288],[-9.01767504592273,38.6070848532857],[-9.01783376249927,38.6079764480532],[-9.0180275545497,38.608114119345],[-9.018031257225,38.608415554316],[-9.01825179182005,38.6095269814468],[-9.01860769579197,38.6096286413649],[-9.01894725707306,38.609602881616],[-9.01904840719834,38.6094165999816],[-9.01910252044412,38.6090103746355],[-9.01909610409835,38.6084886595908],[-9.01931839615777,38.6073390979241],[-9.01971333774874,38.6070114535539],[-9.02003768319026,38.606951022022],[-9.02008457819362,38.6071593711611],[-9.02017979774851,38.6076920074085],[-9.02026009973549,38.6082131622783],[-9.02070052903348,38.610378036804],[-9.02093851809983,38.6105037735575],[-9.02172336754535,38.6106369524225],[-9.02250535693475,38.6105382537224],[-9.02319725461438,38.6103242872414],[-9.02327185101773,38.6103816932783],[-9.02395139771568,38.6115591838796],[-9.02482880354725,38.6131989511977],[-9.02564153982193,38.6143870113097],[-9.02657730413033,38.6138420037396],[-9.02707517423789,38.6135320370931],[-9.02728121556911,38.6134037565083],[-9.02784695909284,38.6145331376692],[-9.03049040138572,38.6174138621276],[-9.02887121025176,38.6177728750147],[-9.02686975762017,38.6181602151156],[-9.02704444593301,38.6205903324272],[-9.02706816979013,38.6209203428586],[-9.02706982295585,38.6212431118444],[-9.02693820057882,38.6213258821103],[-9.0267960718142,38.6214152588432],[-9.0252629571,38.6217361511938],[-9.02504065461953,38.6212895177426],[-9.02384480586911,38.621793335371],[-9.02293534036144,38.6215529014939],[-9.0225982642908,38.6213854088439]]]}},{"type":"Feature","id":"CRUS_Barreiro_V.34735","properties":{"AREA_HA":94.5500993481375,"Autor":"DGT","Categoria_2021":"Espaço Verde","Classe_2021":"Solo Urbano","DTCC":"1504","Data_Pub_Origem":"1994-05-04T00:00:00","Designacao_no_plano":"Espaço Verde de Recreio e Lazer e de Protecção e Enquadramento","Escala_origem":"1/25000","Fonte":"CM - Raster","ID1":34735,"Municipio":"BARREIRO"},"geometry":{"type":"Polygon","coordinates":[[[-9.01200729567443,38.6202765975189],[-9.01092577618287,38.6204032768427],[-9.01076640450411,38.6204070244272],[-9.01064822453326,38.6191080837027],[-9.01059185876565,38.6188266455102],[-9.0105647487205,38.6186567793806],[-9.01051759955751,38.61843436609],[-9.01043911616816,38.6181663391652],[-9.01038050725444,38.617917888214],[-9.01035893987825,38.6177500487111],[-9.01035477780555,38.6174094013771],[-9.01036300871324,38.617171351745],[-9.01035565774466,38.6170207002984],[-9.01035289622157,38.6165686985853],[-9.01039007061552,38.6163130444588],[-9.01039986374648,38.6159776026927],[-9.01042241001447,38.6158247803998],[-9.01032715831536,38.6140762083819],[-9.00978964923378,38.6118311330007],[-9.01034218437568,38.611131623805],[-9.01211343207188,38.6088891174121],[-9.01254720504519,38.608995929202],[-9.01287477005757,38.6090544419033],[-9.01305675630514,38.6100647374621],[-9.0133006810115,38.6106774240031],[-9.01432222084685,38.6108320614665],[-9.01476848652102,38.6110721891361],[-9.01473111100666,38.6116406134684],[-9.01457850195144,38.6124533942967],[-9.01458048823145,38.6126157055365],[-9.01555801397481,38.6127938531777],[-9.01699546870513,38.6131192501413],[-9.01763186056873,38.6131956041673],[-9.01819351689158,38.6132029522339],[-9.01903564326071,38.6131849838905],[-9.01955268337429,38.6131694736563],[-9.0208606611214,38.6125798205485],[-9.02150782530278,38.6123314194956],[-9.02206847220217,38.6122575935827],[-9.02223158589867,38.6123027324912],[-9.02216528795404,38.6129177568478],[-9.02237917376781,38.6134842728845],[-9.0226108460955,38.6142941432695],[-9.02282087288789,38.6145476298774],[-9.02386888738477,38.6144468988178],[-9.02429985540275,38.6146407270759],[-9.0244941082325,38.6148131677556],[-9.02462867964848,38.6149396846298],[-9.02379291021307,38.6154060926819],[-9.02304993493808,38.6158755354939],[-9.02196894484928,38.616100186564],[-9.02004166819352,38.6164085452416],[-9.01987438343868,38.6164370005446],[-9.0187084660447,38.6165459948503],[-9.01763320130946,38.6166113641514],[-9.01600960471611,38.6165806995324],[-9.01594647898908,38.6173824829055],[-9.01596559751214,38.6189420243215],[-9.01612061897209,38.6196849246474],[-9.01634701576084,38.6202985042691],[-9.01661463168206,38.6212981168954],[-9.01677563533974,38.6225274783641],[-9.01700468167503,38.6233556713477],[-9.01726493960049,38.623754357941],[-9.01759270584745,38.6237089533911],[-9.01788504981607,38.6237496701513],[-9.01869828095579,38.6246163684013],[-9.01887347135137,38.6247082921832],[-9.01770342205786,38.6252557744068],[-9.01671384984273,38.6258186578339],[-9.0163896520419,38.6251372862003],[-9.01599681005503,38.6243389453101],[-9.01515888108847,38.6244311198011],[-9.0150968035538,38.6238306081832],[-9.01393093352905,38.6239538633893],[-9.01287589008574,38.6241907467794],[-9.01238379503164,38.6242230638582],[-9.01238753189242,38.6230353856351],[-9.01222590187347,38.6217487869488],[-9.01222118554201,38.6213624784439],[-9.01212737597807,38.6211485472275],[-9.01225434334965,38.6210903575906],[-9.01280078129942,38.621029013821],[-9.0139674801696,38.6209773088154],[-9.01434802482924,38.620774116573],[-9.01410130597186,38.6199889772427],[-9.01200729567443,38.6202765975189]]]}},{"type":"Feature","id":"CRUS_Barreiro_V.34736","properties":{"AREA_HA":26.223472960976,"Autor":"DGT","Categoria_2021":"Espaço Habitacional","Classe_2021":"Solo Urbano","DTCC":"1504","Data_Pub_Origem":"1994-05-04T00:00:00","Designacao_no_plano":"Espaços Urbanos - Habitação em Área de Reconversão","Escala_origem":"1/25000","Fonte":"CM - Raster","ID1":34736,"Municipio":"BARREIRO"},"geometry":{"type":"Polygon","coordinates":[[[-9.01078745354948,38.6210459004636],[-9.01076640450411,38.6204070244272],[-9.01092577618287,38.6204032768427],[-9.01200729567443,38.6202765975189],[-9.01410130597186,38.6199889772427],[-9.01434802482924,38.620774116573],[-9.0139674801696,38.6209773088154],[-9.01280078129942,38.621029013821],[-9.01225434334965,38.6210903575906],[-9.01212737597807,38.6211485472275],[-9.01222118554201,38.6213624784439],[-9.01222590187347,38.6217487869488],[-9.01238753189242,38.6230353856351],[-9.01238379503164,38.6242230638582],[-9.01287589008574,38.6241907467794],[-9.01393093352905,38.6239538633893],[-9.0150968035538,38.6238306081832],[-9.01515888108847,38.6244311198011],[-9.01599681005503,38.6243389453101],[-9.0163896520419,38.6251372862003],[-9.01671384984273,38.6258186578339],[-9.01638270739611,38.6259977934514],[-9.01624050410384,38.6260972362022],[-9.01618518554352,38.6261462992508],[-9.01608230221527,38.6262679643494],[-9.01590685529362,38.6264839502416],[-9.01576748723198,38.626711374201],[-9.01565775700516,38.6268745277959],[-9.01551059050733,38.6270652554549],[-9.01539198260448,38.6272438849923],[-9.01532985923061,38.6272348048813],[-9.01511858475534,38.6272174862447],[-9.01452886187363,38.6272504979281],[-9.01447915601841,38.6272520416404],[-9.0137493366272,38.6272942173954],[-9.01309946829849,38.6273299266063],[-9.01258236462544,38.6273574268998],[-9.01223418257662,38.6273752727953],[-9.0116582421467,38.627409158243],[-9.01155057761914,38.6272442231714],[-9.0114848203179,38.6271724701723],[-9.01139784753135,38.6270938563944],[-9.01132807502191,38.6270600629237],[-9.0111845584257,38.6270528571867],[-9.01112125025146,38.627059187569],[-9.01108686419399,38.6269611709224],[-9.01108772309472,38.6269091877771],[-9.01108591262558,38.6267611074021],[-9.0110687679224,38.626589637275],[-9.01104452863858,38.6264571335435],[-9.01101065485872,38.6262786698339],[-9.01097563223475,38.6261285911283],[-9.0109459852309,38.6260517952652],[-9.01089484843186,38.6259456140733],[-9.01085321881172,38.625874943508],[-9.01068577670157,38.6256193886886],[-9.01056322068356,38.6254289786397],[-9.01040405029139,38.6252117331419],[-9.01025290058926,38.625011632749],[-9.01014011528357,38.6248686243506],[-9.00998096128204,38.62464308707],[-9.00988021025764,38.624554397124],[-9.00972290095293,38.624404606458],[-9.00954354002992,38.6242448898922],[-9.00945790009867,38.6241525723148],[-9.00942031839797,38.6241031281993],[-9.00938311120021,38.6240276514638],[-9.00935054819325,38.6239467341732],[-9.0093379959181,38.6238498109535],[-9.00935963741104,38.6237596633678],[-9.00940330463323,38.6236313321284],[-9.00944442229089,38.6235376092679],[-9.00949877671665,38.6234188348058],[-9.00954148434334,38.6233332108923],[-9.00960683229793,38.6232403883349],[-9.00967660930713,38.6231523050492],[-9.00973473980012,38.6230890848624],[-9.00979930584591,38.6230637378235],[-9.00989223917819,38.6230192575577],[-9.01000001418828,38.6229498099329],[-9.01008052172854,38.6228851571231],[-9.01024906256629,38.6227235495213],[-9.01035779724155,38.62261022132],[-9.01040668341856,38.6225418454116],[-9.01061923379408,38.6217437605723],[-9.01078745354948,38.6210459004636]]]}},{"type":"Feature","id":"CRUS_Barreiro_V.34737","properties":{"AREA_HA":8.35496749934107,"Autor":"DGT","Categoria_2021":"Espaço Habitacional","Classe_2021":"Solo Urbano (urbanizável – transitório)","DTCC":"1504","Data_Pub_Origem":"1994-05-04T00:00:00","Designacao_no_plano":"Espaços Urbanizáveis - Habitação em Área de Expansão","Escala_origem":"1/25000","Fonte":"CM - Raster","ID1":34737,"Municipio":"BARREIRO"},"geometry":{"type":"Polygon","coordinates":[[[-9.04130078592983,38.6390163812426],[-9.04111031435266,38.639012428826],[-9.04062710312926,38.637772551715],[-9.0404582239231,38.637771816846],[-9.0399526682318,38.6377548480851],[-9.03968917709672,38.6377345566177],[-9.03953018693068,38.6377313773549],[-9.03903803000471,38.6377292560066],[-9.03874848062621,38.6377374477222],[-9.03870536521244,38.6377704798551],[-9.03835701688843,38.638070174441],[-9.03809158750365,38.6383335573446],[-9.03784279941643,38.6385687012886],[-9.0376478483135,38.6387298262744],[-9.03713290868704,38.6378554566793],[-9.03523555738377,38.6378557940398],[-9.03522667827596,38.6376352694325],[-9.03520906487328,38.6371977853669],[-9.03553903281372,38.6373240215609],[-9.03610471169986,38.6373339658637],[-9.03612005618454,38.6373535840901],[-9.03616033520134,38.6374050812506],[-9.03634275401775,38.6374036729622],[-9.03681704448851,38.6374000100689],[-9.03708959431141,38.6373120502731],[-9.03719023867164,38.6366101325497],[-9.03814331612197,38.6364800067307],[-9.03830118382908,38.6364584514241],[-9.03875506518375,38.6362832313973],[-9.03917390131364,38.6362227519222],[-9.03917992761293,38.6362191155348],[-9.03961522903545,38.6359564056301],[-9.03983696698812,38.6361800536775],[-9.04050408216898,38.6370012250356],[-9.04100636665186,38.636686107585],[-9.04160509221381,38.6364238983062],[-9.04187549804647,38.6364629622205],[-9.04176422424407,38.6376651749708],[-9.04119749499216,38.6378000626801],[-9.0412920617305,38.6387018686307],[-9.04241005629157,38.6387299323864],[-9.0429264914526,38.6388214007078],[-9.0427505068023,38.638962191471],[-9.04130078592983,38.6390163812426]]]}},{"type":"Feature","id":"CRUS_Barreiro_V.34738","properties":{"AREA_HA":8.0223618074486,"Autor":"DGT","Categoria_2021":"Espaço Habitacional","Classe_2021":"Solo Urbano","DTCC":"1504","Data_Pub_Origem":"1994-05-04T00:00:00","Designacao_no_plano":"Espaços Urbanos - Habitação em Área Consolidada","Escala_origem":"1/25000","Fonte":"CM - Raster","ID1":34738,"Municipio":"BARREIRO"},"geometry":{"type":"Polygon","coordinates":[[[-9.05099789802019,38.6624948093557],[-9.05110838429496,38.6618750715519],[-9.0511251908792,38.6617808013396],[-9.05139797902512,38.6617786599814],[-9.0528805111771,38.6625473594828],[-9.05320674980647,38.6631686761579],[-9.05295805726592,38.6632775835336],[-9.05250476893289,38.6633880988111],[-9.05236951126514,38.663478288153],[-9.0525563883389,38.6638689741944],[-9.05255798386618,38.6639937379743],[-9.05144747988382,38.6642698411166],[-9.05144952883002,38.6644302514719],[-9.05084005499964,38.6647737150127],[-9.05045108717909,38.6645806889253],[-9.04945718576409,38.6650875862151],[-9.04939352815268,38.6654445888318],[-9.04910251576434,38.6655551833729],[-9.04897726475908,38.6653541982319],[-9.04878003910849,38.6650699271399],[-9.04862301404983,38.6647757006523],[-9.04848511786983,38.6644495259282],[-9.04848178688901,38.6643238045886],[-9.04853358214415,38.6642502505135],[-9.04860525467371,38.6642123954404],[-9.04875062344105,38.6641518928686],[-9.04897636780174,38.6640423877129],[-9.0493140897455,38.6638851615245],[-9.04954292345567,38.6627409845679],[-9.05099789802019,38.6624948093557]]]}},{"type":"Feature","id":"CRUS_Barreiro_V.34739","properties":{"AREA_HA":1.519272372306,"Autor":"DGT","Categoria_2021":"Espaço de Atividades Económicas","Classe_2021":"Solo Urbano","DTCC":"1504","Data_Pub_Origem":"1994-05-04T00:00:00","Designacao_no_plano":"Espaços Industriais - Espaço Industrial em Área Consolidada","Escala_origem":"1/25000","Fonte":"CM - Raster","ID1":34739,"Municipio":"BARREIRO"},"geometry":{"type":"Polygon","coordinates":[[[-9.05099789802019,38.6624948093557],[-9.04954292345567,38.6627409845679],[-9.0495149116808,38.6622530342749],[-9.04948484293296,38.6617292256094],[-9.04951623592676,38.6617041121103],[-9.04976894807614,38.6616468235041],[-9.05024128496848,38.6615505994157],[-9.05048186365078,38.6615059174525],[-9.05059852638347,38.6614111397174],[-9.05110838429496,38.6618750715519],[-9.05099789802019,38.6624948093557]]]}},{"type":"Feature","id":"CRUS_Barreiro_V.34740","properties":{"AREA_HA":288.342311154607,"Autor":"DGT","Categoria_2021":"Espaço de Atividades Económicas","Classe_2021":"Solo Urbano (urbanizável – transitório)","DTCC":"1504","Data_Pub_Origem":"1994-05-04T00:00:00","Designacao_no_plano":"Espaços Industriais - Espaço Industrial em Área de Reconversão","Escala_origem":"1/25000","Fonte":"CM - Raster","ID1":34740,"Municipio":"BARREIRO"},"geometry":{"type":"Polygon","coordinates":[[[-9.04680919411298,38.6707531354225],[-9.04694409334262,38.6705642671965],[-9.04706176226309,38.6704113826307],[-9.04726082162981,38.6708586103716],[-9.04796653041918,38.6710087127878],[-9.04822023155771,38.6710916122419],[-9.04854827366628,38.6713436977691],[-9.04871319655789,38.6715404693861],[-9.0492559731044,38.6716493972767],[-9.04954540556737,38.671703718884],[-9.05075240187301,38.6715386343641],[-9.051434837714,38.6712786261087],[-9.05152443698817,38.6712564771885],[-9.05226234739013,38.6710740621183],[-9.05238989355599,38.6710439241717],[-9.05548284405204,38.6703130467266],[-9.05548951279952,38.6703116834687],[-9.05605880239061,38.6701953237464],[-9.05612970817249,38.6700957328863],[-9.05574551628136,38.6696884911486],[-9.05472072561269,38.6685789305198],[-9.05462851294362,38.6684240365807],[-9.05611632834685,38.6676483480282],[-9.05661681979781,38.6672765660189],[-9.05640944073172,38.6665849830095],[-9.05678562105606,38.6663698020854],[-9.05683466128996,38.665973289376],[-9.05749243148336,38.665204134981],[-9.05776580367338,38.6654141847977],[-9.05858685385774,38.6647144704923],[-9.05860639724417,38.6647000858952],[-9.05903373193426,38.6643855444625],[-9.06013249279188,38.6628347793038],[-9.06048749877385,38.6623792493625],[-9.06129994217941,38.6624152469718],[-9.06184262119723,38.6624572961671],[-9.06184424896307,38.6625833143377],[-9.06181255053929,38.6629231032145],[-9.0628506530448,38.6636646655372],[-9.06285284817132,38.6638344157386],[-9.06487378743805,38.6638324815265],[-9.06532374773245,38.6637440118256],[-9.06532117995026,38.6635459696092],[-9.0659703387546,38.6635124988086],[-9.06602097854077,38.6632432950365],[-9.06645362626755,38.6632115491995],[-9.06647442391864,38.6634235929902],[-9.06748405992696,38.6633589424485],[-9.06726038370349,38.6628089823201],[-9.06725928096981,38.6627241068612],[-9.06742055787853,38.6626379344048],[-9.06756176916829,38.6623963014804],[-9.06781123302049,38.6621538033367],[-9.06922925563762,38.6616446855441],[-9.07079170447052,38.6610804231638],[-9.07107834263465,38.6609225043131],[-9.07144295595336,38.6607965033745],[-9.07148109833789,38.6609029864207],[-9.07233215917576,38.6615940914348],[-9.0733339859604,38.6627744199968],[-9.07398152888021,38.6626183080007],[-9.07417496520486,38.6626922037433],[-9.07527602907798,38.6640980743245],[-9.07530280414626,38.6643053525544],[-9.07412871702829,38.6646732042507],[-9.07413143260692,38.6648806763144],[-9.07386729966862,38.6649205275491],[-9.07378044930724,38.6656380242601],[-9.07450167093146,38.6655944959643],[-9.07484094071003,38.6657803958561],[-9.07496122666235,38.6657794272788],[-9.07526541971148,38.6657159192541],[-9.07520370532413,38.6659258028144],[-9.07520889579325,38.6663218859585],[-9.07554349830697,38.6670689998034],[-9.0756954492798,38.667647815534],[-9.07555128717486,38.6676631243346],[-9.07489746454733,38.6673430023165],[-9.07413649808795,38.6671086228769],[-9.0739370960952,38.667039490855],[-9.07375851490483,38.6671824005638],[-9.07292815513317,38.6671607808476],[-9.07298440130358,38.6687023881455],[-9.07293137994387,38.6687876983684],[-9.07269644246473,38.6687612909861],[-9.0727118983194,38.6685631043946],[-9.0719903377132,38.6685830460594],[-9.07179013707553,38.6670708886155],[-9.0706939278046,38.6674192172331],[-9.07033508993596,38.667577714577],[-9.07021007727874,38.6676777475257],[-9.07041316529684,38.6680298030193],[-9.0711273826863,38.6688304757327],[-9.07143744878989,38.6690826400945],[-9.07266923075281,38.6694405818696],[-9.07339468437644,38.6697176982596],[-9.07365026005537,38.6699420006252],[-9.07410302583306,38.6700656848638],[-9.07491926680297,38.6703845023825],[-9.07524869563146,38.6707355326197],[-9.07389001537694,38.6703361970234],[-9.07243417736366,38.670786466309],[-9.06911221490207,38.6720580637687],[-9.06485528571563,38.6736058199252],[-9.06198107905917,38.6746331428603],[-9.06025677034837,38.6752693082313],[-9.05944801088802,38.6755303684738],[-9.05885542734981,38.6757614180476],[-9.05901655925848,38.6770616965211],[-9.05973548432298,38.6782302300631],[-9.06018791475176,38.6783256755484],[-9.06060297554581,38.678322384526],[-9.06049123002059,38.6780544714045],[-9.06021944484738,38.6779717431082],[-9.06018207486535,38.6778730082152],[-9.06041722063807,38.6779135850838],[-9.06061682191801,38.6779968863265],[-9.06105083978675,38.6780641804108],[-9.06128690021703,38.6781754853003],[-9.06135218500948,38.6790379540174],[-9.06107312610363,38.6797899763655],[-9.06068012149735,38.6801043345007],[-9.06071913577946,38.6803303822266],[-9.06101464088586,38.6808514883564],[-9.06166071934313,38.6819639979372],[-9.06166218185321,38.6820771653226],[-9.06105150532368,38.6823083696431],[-9.06074525124225,38.6823532413395],[-9.06074707759559,38.6824946999226],[-9.06076658667765,38.6826077232629],[-9.06119971897974,38.6826042866607],[-9.0610564381259,38.6826903076893],[-9.06046380133717,38.6829213658028],[-9.06028332862385,38.6829227967903],[-9.06028205079586,38.6828237758668],[-9.06035277906433,38.6827100360962],[-9.06027949514711,38.6826257331139],[-9.05966789612279,38.6827862014565],[-9.05862589415021,38.6831622828389],[-9.05823030932283,38.6832785909957],[-9.05819676406857,38.6834769184788],[-9.05820058905108,38.6837739822868],[-9.05820222833497,38.683901294442],[-9.05774576111778,38.6834946332163],[-9.05767065904784,38.6832688698995],[-9.05766792852593,38.6830566814167],[-9.05706036062072,38.6821277606232],[-9.05643239782943,38.6810150823122],[-9.05539907963301,38.6792548209945],[-9.05464176306627,38.6779026479551],[-9.05427467698578,38.6774245311017],[-9.05373565517783,38.6776126908374],[-9.05179392251813,38.6781938530847],[-9.05026686139344,38.6787434368664],[-9.04884697371043,38.6792072783762],[-9.04796237725996,38.6777711739172],[-9.04748184040447,38.6768836500762],[-9.04622438326652,38.6773461897202],[-9.04546860938557,38.6775218556249],[-9.04520651455658,38.6776543403375],[-9.04290540482026,38.6789588775902],[-9.04223810798134,38.6792563007707],[-9.04197608088381,38.6792647303951],[-9.04186832755007,38.6790354332207],[-9.04201365249246,38.6789192365979],[-9.04211288135046,38.6784746349646],[-9.0424213758373,38.6779955307136],[-9.04279797208138,38.6779268489769],[-9.04300578146354,38.6777772894699],[-9.04323372613839,38.6775618190045],[-9.04329329943949,38.6772983452012],[-9.04328538878349,38.6766737568747],[-9.04351395270265,38.6765075962266],[-9.04376452542494,38.6764234545636],[-9.04393164377168,38.6763728379462],[-9.04401384752962,38.6762406925994],[-9.04401197252507,38.676092764292],[-9.04392476938738,38.675830432332],[-9.04471757745327,38.6755119307164],[-9.04501112213856,38.6755096422367],[-9.04545360149115,38.6753413079023],[-9.04565513681776,38.6746986468319],[-9.04573295250145,38.6742213325068],[-9.04528909648355,38.6739453471396],[-9.04484420017226,38.6735871764314],[-9.04458761621843,38.6729439122586],[-9.04476804717437,38.6719504937987],[-9.04531773655646,38.6713240975739],[-9.0457417816104,38.6712560191263],[-9.04608827596508,38.671200389177],[-9.04672548007965,38.6708199973551],[-9.04680919411298,38.6707531354225]]]}}]}