{"type":"FeatureCollection","features":[{"type":"Feature","id":1,"geometry":{"type":"MultiPolygon","coordinates":[[[[-9.47104,38.78268],[-9.47238,38.78288],[-9.47294,38.78271],[-9.473,38.78215],[-9.47254,38.78195],[-9.47236,38.78229],[-9.4722,38.78224],[-9.47187,38.78169],[-9.47194,38.78132],[-9.4745,38.78024],[-9.47537,38.77946],[-9.4757,38.77852],[-9.47521,38.77588],[-9.47534,38.77381],[-9.47423,38.77402],[-9.47421,38.77373],[-9.47455,38.77326],[-9.47434,38.77322],[-9.47205,38.77378],[-9.47036,38.77376],[-9.47078,38.77354],[-9.47035,38.77293],[-9.47044,38.77262],[-9.47261,38.7709],[-9.47327,38.77],[-9.47343,38.76932],[-9.47336,38.76853],[-9.47307,38.76767],[-9.47262,38.76728],[-9.47162,38.76726],[-9.47031,38.76786],[-9.46764,38.76782],[-9.46254,38.76837],[-9.46165,38.76833],[-9.46047,38.76798],[-9.45984,38.76802],[-9.45952,38.76836],[-9.45963,38.76877],[-9.46017,38.76914],[-9.46108,38.76936],[-9.46107,38.76969],[-9.45714,38.77095],[-9.45682,38.77125],[-9.45605,38.77273],[-9.45534,38.7735],[-9.45456,38.77387],[-9.45397,38.77452],[-9.45375,38.77412],[-9.45405,38.77355],[-9.4539,38.77325],[-9.45281,38.77409],[-9.45223,38.77434],[-9.45202,38.77384],[-9.45221,38.77221],[-9.45209,38.77157],[-9.45224,38.77132],[-9.45272,38.77107],[-9.45397,38.77135],[-9.45473,38.77122],[-9.4564,38.77006],[-9.45807,38.76967],[-9.4582,38.76923],[-9.45795,38.76879],[-9.45698,38.76832],[-9.4555,38.76811],[-9.44746,38.76773],[-9.44617,38.76792],[-9.44529,38.76843],[-9.44444,38.76791],[-9.4434,38.76785],[-9.44176,38.76839],[-9.44095,38.769],[-9.44038,38.7688],[-9.44035,38.76865],[-9.43892,38.76827],[-9.43884,38.76788],[-9.43813,38.76733],[-9.4357,38.76688],[-9.42663,38.76625],[-9.42495,38.76631],[-9.4236,38.76668],[-9.42205,38.76547],[-9.4211,38.76511],[-9.42102,38.7632],[-9.42062,38.7621],[-9.41844,38.7592],[-9.41769,38.75871],[-9.41672,38.75841],[-9.41634,38.75856],[-9.41734,38.75952],[-9.41799,38.76078],[-9.41817,38.76258],[-9.41925,38.76312],[-9.41987,38.76365],[-9.4199,38.7642],[-9.41917,38.76515],[-9.41878,38.76524],[-9.41838,38.76499],[-9.41631,38.76118],[-9.41586,38.76091],[-9.41491,38.76069],[-9.41413,38.75993],[-9.41339,38.7596],[-9.41313,38.76032],[-9.4112,38.76111],[-9.40997,38.7619],[-9.40956,38.76182],[-9.40834,38.76091],[-9.40779,38.7609],[-9.40709,38.76116],[-9.40551,38.76231],[-9.40373,38.76294],[-9.40129,38.76445],[-9.39925,38.76544],[-9.39668,38.7674],[-9.39541,38.76804],[-9.39378,38.76827],[-9.39117,38.76812],[-9.38906,38.76842],[-9.38848,38.76894],[-9.38834,38.76955],[-9.38855,38.77028],[-9.38904,38.77126],[-9.38921,38.77135],[-9.38907,38.7718],[-9.3882,38.77249],[-9.38762,38.7726],[-9.38731,38.77293],[-9.38651,38.77245],[-9.38505,38.77205],[-9.38389,38.77232],[-9.38318,38.77281],[-9.3824,38.7743],[-9.38154,38.7749],[-9.38128,38.77538],[-9.38129,38.77627],[-9.38178,38.77753],[-9.37967,38.77768],[-9.37916,38.77798],[-9.37876,38.7786],[-9.37875,38.77929],[-9.37995,38.78135],[-9.37932,38.7815],[-9.37889,38.78139],[-9.37869,38.78117],[-9.37864,38.78034],[-9.37845,38.78013],[-9.37825,38.78019],[-9.37726,38.78176],[-9.37731,38.78302],[-9.37705,38.78322],[-9.37698,38.78367],[-9.37737,38.78712],[-9.37765,38.78735],[-9.37853,38.78753],[-9.37917,38.788],[-9.37918,38.78812],[-9.37892,38.78817],[-9.37934,38.78826],[-9.37998,38.78804],[-9.3806,38.78734],[-9.38062,38.78694],[-9.38022,38.78681],[-9.38051,38.78577],[-9.38143,38.78539],[-9.38198,38.78494],[-9.38321,38.78293],[-9.38262,38.78484],[-9.38268,38.78542],[-9.38318,38.78563],[-9.38509,38.78547],[-9.38597,38.7857],[-9.38435,38.78571],[-9.38245,38.78621],[-9.38199,38.78653],[-9.38194,38.78695],[-9.38256,38.78797],[-9.38274,38.78858],[-9.38227,38.79091],[-9.38231,38.79145],[-9.38267,38.79207],[-9.38356,38.79241],[-9.38223,38.79264],[-9.38118,38.79252],[-9.38105,38.79261],[-9.38113,38.79279],[-9.38152,38.79328],[-9.38219,38.79369],[-9.38373,38.79384],[-9.38473,38.79335],[-9.38555,38.79206],[-9.38568,38.79334],[-9.38558,38.79392],[-9.38594,38.7944],[-9.38743,38.79526],[-9.38938,38.79565],[-9.39072,38.79539],[-9.39193,38.7946],[-9.39329,38.7928],[-9.39348,38.79186],[-9.39381,38.79129],[-9.39413,38.79123],[-9.39531,38.79178],[-9.39583,38.79162],[-9.39619,38.79119],[-9.39614,38.79044],[-9.39637,38.78966],[-9.39578,38.78939],[-9.39478,38.7876],[-9.39451,38.78629],[-9.39402,38.78523],[-9.39378,38.783],[-9.39402,38.78392],[-9.39501,38.78484],[-9.39542,38.78505],[-9.3956,38.78498],[-9.39567,38.78471],[-9.39463,38.78384],[-9.3944,38.78281],[-9.39418,38.7827],[-9.39388,38.78286],[-9.39409,38.78266],[-9.39487,38.78233],[-9.39551,38.78182],[-9.39597,38.7817],[-9.39653,38.78185],[-9.39705,38.78228],[-9.39807,38.78272],[-9.39824,38.78344],[-9.39851,38.7838],[-9.39844,38.78428],[-9.39718,38.78394],[-9.39642,38.78414],[-9.39565,38.78518],[-9.39549,38.78618],[-9.39585,38.78683],[-9.39641,38.78697],[-9.39639,38.78629],[-9.39655,38.78593],[-9.39774,38.78564],[-9.39822,38.7859],[-9.39785,38.7861],[-9.398,38.78648],[-9.39828,38.78664],[-9.39864,38.7866],[-9.39907,38.78637],[-9.39928,38.78607],[-9.39946,38.78291],[-9.39851,38.782],[-9.39756,38.78163],[-9.39755,38.78118],[-9.39928,38.78124],[-9.40044,38.78078],[-9.40249,38.77942],[-9.40302,38.77887],[-9.40379,38.77871],[-9.40587,38.77751],[-9.40647,38.77696],[-9.40679,38.77588],[-9.40756,38.77667],[-9.40877,38.77702],[-9.41035,38.77706],[-9.4127,38.77662],[-9.41381,38.77614],[-9.41496,38.77589],[-9.41594,38.77471],[-9.417,38.77468],[-9.41709,38.77442],[-9.4168,38.77376],[-9.41698,38.77349],[-9.41813,38.77423],[-9.4192,38.77457],[-9.41935,38.77517],[-9.41984,38.77562],[-9.4197,38.7771],[-9.41942,38.77745],[-9.41959,38.77775],[-9.41992,38.77791],[-9.42042,38.77794],[-9.42098,38.77775],[-9.42178,38.77712],[-9.42209,38.7764],[-9.42182,38.77541],[-9.42218,38.77496],[-9.42279,38.77487],[-9.42316,38.7753],[-9.42294,38.77586],[-9.42306,38.77617],[-9.4249,38.77776],[-9.4254,38.77782],[-9.42586,38.77731],[-9.42617,38.77724],[-9.42612,38.77784],[-9.42647,38.77827],[-9.42734,38.77835],[-9.42823,38.77823],[-9.42865,38.77787],[-9.4281,38.77786],[-9.42835,38.7774],[-9.42724,38.77774],[-9.42658,38.77743],[-9.42723,38.77757],[-9.42822,38.77671],[-9.42893,38.77746],[-9.42943,38.77659],[-9.42985,38.77633],[-9.42994,38.77653],[-9.42981,38.77738],[-9.43025,38.77792],[-9.4321,38.77878],[-9.43351,38.77877],[-9.43445,38.77944],[-9.43521,38.78075],[-9.43583,38.78057],[-9.43782,38.78142],[-9.44,38.7816],[-9.44305,38.78103],[-9.44388,38.78102],[-9.44483,38.78139],[-9.44805,38.78365],[-9.44827,38.78369],[-9.44846,38.78347],[-9.44857,38.78259],[-9.44964,38.78395],[-9.44995,38.7838],[-9.45041,38.78323],[-9.4507,38.7826],[-9.45078,38.78196],[-9.45097,38.78178],[-9.4512,38.78183],[-9.4518,38.78265],[-9.45265,38.78301],[-9.45338,38.78299],[-9.45434,38.78258],[-9.4549,38.78261],[-9.45604,38.7838],[-9.45706,38.7846],[-9.45702,38.78484],[-9.45626,38.78508],[-9.45695,38.78647],[-9.45715,38.78651],[-9.458,38.78593],[-9.45841,38.7852],[-9.4586,38.78539],[-9.45888,38.78665],[-9.45873,38.78819],[-9.45789,38.78845],[-9.45744,38.7897],[-9.45647,38.78831],[-9.45697,38.78953],[-9.45735,38.78998],[-9.45773,38.79015],[-9.45837,38.79005],[-9.46015,38.78906],[-9.46078,38.78828],[-9.46151,38.78679],[-9.46209,38.78622],[-9.46284,38.78602],[-9.46518,38.78586],[-9.46767,38.78446],[-9.47011,38.78286],[-9.47096,38.78268],[-9.47086,38.78249],[-9.47104,38.78268]],[[-9.40287,38.77402],[-9.40246,38.77497],[-9.402,38.77516],[-9.40202,38.77439],[-9.4018,38.77389],[-9.4019,38.77401],[-9.40224,38.77371],[-9.40262,38.77364],[-9.4029,38.77375],[-9.40287,38.77402]],[[-9.39321,38.78639],[-9.39335,38.78626],[-9.39362,38.78633],[-9.39393,38.78679],[-9.39377,38.78738],[-9.39326,38.78786],[-9.39289,38.78756],[-9.39321,38.78639]],[[-9.39938,38.77834],[-9.39936,38.77811],[-9.39984,38.77937],[-9.3998,38.78044],[-9.39952,38.78002],[-9.39884,38.7795],[-9.39938,38.77834]],[[-9.47084,38.77432],[-9.47202,38.77476],[-9.47097,38.77531],[-9.47021,38.77529],[-9.47013,38.7749],[-9.47084,38.77432]],[[-9.40066,38.77697],[-9.40124,38.77632],[-9.40149,38.77646],[-9.40167,38.77693],[-9.40125,38.77761],[-9.40054,38.77792],[-9.40059,38.77754],[-9.40038,38.77718],[-9.40066,38.77697]],[[-9.39833,38.76882],[-9.39827,38.76904],[-9.39799,38.76904],[-9.39722,38.76855],[-9.39696,38.76799],[-9.39704,38.76768],[-9.39732,38.76755],[-9.39758,38.76763],[-9.39825,38.76849],[-9.39833,38.76882]],[[-9.39448,38.77052],[-9.39662,38.77028],[-9.3954,38.77136],[-9.39459,38.77105],[-9.39443,38.77081],[-9.39448,38.77052]],[[-9.38409,38.7767],[-9.38392,38.77712],[-9.38341,38.77717],[-9.38278,38.77656],[-9.38261,38.77588],[-9.38295,38.77611],[-9.38411,38.77629],[-9.38409,38.7767]],[[-9.43727,38.77946],[-9.43853,38.78003],[-9.43864,38.78031],[-9.43843,38.78085],[-9.43812,38.78035],[-9.4369,38.78014],[-9.43669,38.77961],[-9.43693,38.77943],[-9.43727,38.77946]],[[-9.4078,38.76633],[-9.40833,38.76618],[-9.40859,38.76637],[-9.40826,38.76679],[-9.40795,38.76664],[-9.40768,38.76676],[-9.40725,38.76755],[-9.40661,38.76802],[-9.40646,38.76777],[-9.40657,38.76745],[-9.40729,38.7666],[-9.4078,38.76633]],[[-9.41342,38.76276],[-9.41332,38.76299],[-9.41378,38.76447],[-9.41374,38.76477],[-9.41351,38.76486],[-9.41297,38.76468],[-9.41279,38.76421],[-9.41342,38.76276]],[[-9.41463,38.7705],[-9.41343,38.76932],[-9.4125,38.76882],[-9.41244,38.76845],[-9.41262,38.76858],[-9.4128,38.76838],[-9.41305,38.76838],[-9.41397,38.76907],[-9.41466,38.76999],[-9.41474,38.77037],[-9.41463,38.7705]],[[-9.39937,38.76767],[-9.3992,38.76717],[-9.39975,38.76646],[-9.39996,38.76636],[-9.4002,38.76655],[-9.40076,38.76633],[-9.4007,38.76687],[-9.40042,38.76732],[-9.39992,38.76763],[-9.39937,38.76767]],[[-9.4685,38.77752],[-9.46816,38.77741],[-9.46837,38.77707],[-9.46865,38.77695],[-9.47005,38.77672],[-9.47081,38.77674],[-9.47127,38.77692],[-9.46939,38.7775],[-9.4685,38.77752]],[[-9.45673,38.77914],[-9.45652,38.78064],[-9.45632,38.78095],[-9.45615,38.78017],[-9.45574,38.77959],[-9.45571,38.77921],[-9.45602,38.77873],[-9.45662,38.77867],[-9.45672,38.77837],[-9.45673,38.77914]],[[-9.39769,38.77402],[-9.39752,38.77432],[-9.39655,38.77484],[-9.39602,38.77473],[-9.39557,38.77437],[-9.39615,38.77441],[-9.39669,38.77348],[-9.39697,38.77327],[-9.39759,38.77374],[-9.39769,38.77402]],[[-9.45748,38.78086],[-9.4578,38.78083],[-9.45841,38.78355],[-9.45796,38.78331],[-9.45738,38.78265],[-9.45748,38.78086]],[[-9.41021,38.76342],[-9.41006,38.76344],[-9.41141,38.76248],[-9.41244,38.76136],[-9.41246,38.76218],[-9.41196,38.76299],[-9.41151,38.76334],[-9.41083,38.76315],[-9.41021,38.76342]],[[-9.42502,38.77494],[-9.42478,38.77515],[-9.42501,38.7756],[-9.424,38.77542],[-9.42393,38.77498],[-9.42416,38.77467],[-9.42594,38.77471],[-9.42671,38.77389],[-9.42698,38.77381],[-9.42712,38.77396],[-9.427,38.7748],[-9.42674,38.77471],[-9.42502,38.77494]],[[-9.38981,38.77777],[-9.3902,38.77675],[-9.39181,38.77603],[-9.39153,38.77688],[-9.3912,38.77708],[-9.39103,38.7774],[-9.39056,38.77765],[-9.38981,38.77777]],[[-9.38625,38.77575],[-9.38635,38.77594],[-9.38565,38.7777],[-9.38552,38.77881],[-9.38512,38.7784],[-9.38501,38.77778],[-9.38549,38.77643],[-9.38625,38.77575]],[[-9.44611,38.77442],[-9.44608,38.77386],[-9.44628,38.77351],[-9.44657,38.77334],[-9.44723,38.77339],[-9.44711,38.77342],[-9.44734,38.774],[-9.44745,38.77531],[-9.44657,38.77492],[-9.44611,38.77442]],[[-9.40334,38.773],[-9.40256,38.77229],[-9.40396,38.77251],[-9.40457,38.77156],[-9.40476,38.77378],[-9.4039,38.77368],[-9.40334,38.773]],[[-9.39063,38.77444],[-9.39086,38.7747],[-9.38989,38.77469],[-9.38907,38.77442],[-9.38889,38.77415],[-9.38925,38.77357],[-9.39015,38.77313],[-9.39074,38.77359],[-9.39063,38.77444]],[[-9.462,38.78328],[-9.46168,38.78272],[-9.46141,38.78128],[-9.46174,38.78155],[-9.46279,38.78347],[-9.46466,38.7851],[-9.46479,38.78547],[-9.46432,38.78535],[-9.462,38.78328]],[[-9.47304,38.77528],[-9.47248,38.77622],[-9.47232,38.77682],[-9.47281,38.77791],[-9.47288,38.77851],[-9.47257,38.77903],[-9.47211,38.77931],[-9.47228,38.77889],[-9.4717,38.77732],[-9.47179,38.7767],[-9.47228,38.7758],[-9.47304,38.77528]],[[-9.38236,38.78029],[-9.38272,38.78217],[-9.38162,38.78314],[-9.38144,38.78344],[-9.38148,38.78376],[-9.38116,38.78375],[-9.38091,38.7835],[-9.38106,38.78272],[-9.38192,38.78139],[-9.38236,38.78029]],[[-9.45537,38.77624],[-9.45649,38.77597],[-9.45777,38.7751],[-9.45802,38.77568],[-9.45769,38.77636],[-9.45634,38.77708],[-9.45487,38.7763],[-9.45537,38.77624]],[[-9.46564,38.77453],[-9.46619,38.77422],[-9.4674,38.7746],[-9.46761,38.77491],[-9.46767,38.77617],[-9.46648,38.77565],[-9.46584,38.77518],[-9.46561,38.77489],[-9.46564,38.77453]],[[-9.40976,38.77528],[-9.40809,38.77388],[-9.4077,38.77316],[-9.40799,38.77278],[-9.40757,38.77218],[-9.40852,38.77255],[-9.4091,38.77313],[-9.40967,38.77443],[-9.40976,38.77528]],[[-9.38844,38.78511],[-9.38907,38.78449],[-9.38932,38.7845],[-9.38918,38.78523],[-9.38964,38.78622],[-9.3893,38.7867],[-9.38901,38.78676],[-9.38879,38.78647],[-9.38809,38.78628],[-9.38588,38.78662],[-9.38739,38.78593],[-9.38844,38.78511]],[[-9.39323,38.77287],[-9.39379,38.77271],[-9.39405,38.77283],[-9.39353,38.77483],[-9.39234,38.77546],[-9.39181,38.77546],[-9.39168,38.7752],[-9.39202,38.77437],[-9.39194,38.77409],[-9.39323,38.77287]],[[-9.44793,38.77946],[-9.44785,38.78096],[-9.44529,38.77817],[-9.44458,38.77543],[-9.44494,38.77607],[-9.44567,38.77537],[-9.44535,38.77472],[-9.44589,38.77542],[-9.44613,38.77612],[-9.44598,38.77616],[-9.44606,38.77633],[-9.44753,38.77775],[-9.44793,38.77946]],[[-9.44373,38.77263],[-9.44428,38.77232],[-9.44456,38.77273],[-9.44447,38.77362],[-9.44403,38.77476],[-9.44354,38.77552],[-9.44235,38.7765],[-9.44181,38.77823],[-9.44086,38.77811],[-9.44069,38.77789],[-9.44079,38.77754],[-9.44178,38.77612],[-9.44232,38.77591],[-9.4416,38.77479],[-9.44137,38.77396],[-9.44258,38.77361],[-9.44373,38.77263]],[[-9.46162,38.7757],[-9.46182,38.77505],[-9.46265,38.77481],[-9.46373,38.77507],[-9.46406,38.77539],[-9.46414,38.77577],[-9.46392,38.77653],[-9.46317,38.77746],[-9.46263,38.77775],[-9.46122,38.77778],[-9.46045,38.77899],[-9.46008,38.77826],[-9.45957,38.77784],[-9.45943,38.77784],[-9.45925,38.77829],[-9.45916,38.77745],[-9.45933,38.7767],[-9.45866,38.77707],[-9.45828,38.777],[-9.45961,38.77616],[-9.46042,38.77595],[-9.46073,38.77603],[-9.46126,38.77654],[-9.46161,38.77661],[-9.46162,38.7757]]],[[[-9.447,38.79786],[-9.44901,38.79848],[-9.44977,38.79842],[-9.45101,38.79804],[-9.4522,38.79721],[-9.45267,38.79659],[-9.45281,38.79613],[-9.45229,38.79552],[-9.45066,38.79472],[-9.45249,38.79515],[-9.4527,38.79512],[-9.45273,38.79492],[-9.45196,38.79352],[-9.45119,38.79279],[-9.45056,38.79256],[-9.45084,38.79198],[-9.4508,38.79149],[-9.45154,38.79157],[-9.45185,38.79149],[-9.452,38.79125],[-9.45076,38.79018],[-9.4489,38.78727],[-9.44894,38.7864],[-9.44959,38.78617],[-9.44975,38.7857],[-9.44967,38.78536],[-9.44434,38.78132],[-9.44317,38.78113],[-9.4396,38.78205],[-9.43936,38.78217],[-9.43904,38.78281],[-9.4388,38.78291],[-9.43817,38.78216],[-9.43718,38.78164],[-9.43391,38.78057],[-9.43363,38.7806],[-9.43248,38.782],[-9.43225,38.78259],[-9.43295,38.78434],[-9.43363,38.78452],[-9.43403,38.78432],[-9.43425,38.7836],[-9.43395,38.78283],[-9.4345,38.78179],[-9.43481,38.78173],[-9.43666,38.78263],[-9.43793,38.78505],[-9.43808,38.7862],[-9.43802,38.78632],[-9.43775,38.78617],[-9.43678,38.78509],[-9.43576,38.78436],[-9.43557,38.7845],[-9.43612,38.78531],[-9.43637,38.78624],[-9.43627,38.78639],[-9.43577,38.78636],[-9.43429,38.7856],[-9.4333,38.78541],[-9.43292,38.78543],[-9.43268,38.78566],[-9.43265,38.78604],[-9.43286,38.78638],[-9.43176,38.78573],[-9.43139,38.7856],[-9.43111,38.78568],[-9.43105,38.78609],[-9.432,38.78755],[-9.43246,38.78694],[-9.43329,38.78706],[-9.43354,38.78761],[-9.43399,38.78803],[-9.43401,38.78846],[-9.43279,38.78751],[-9.43185,38.7876],[-9.43108,38.78677],[-9.43021,38.78643],[-9.43078,38.7851],[-9.43062,38.78433],[-9.43087,38.78448],[-9.43139,38.78411],[-9.43168,38.78412],[-9.43181,38.78442],[-9.43144,38.78504],[-9.43158,38.78511],[-9.4321,38.78504],[-9.43259,38.78469],[-9.43265,38.78424],[-9.43237,38.78369],[-9.4316,38.78337],[-9.43092,38.78329],[-9.43055,38.78304],[-9.43181,38.78221],[-9.43194,38.78187],[-9.43183,38.78162],[-9.43054,38.78241],[-9.43009,38.78289],[-9.43007,38.78347],[-9.43058,38.78422],[-9.43012,38.784],[-9.42929,38.78436],[-9.42886,38.78431],[-9.4294,38.78338],[-9.43019,38.78254],[-9.43112,38.78194],[-9.43158,38.7811],[-9.43207,38.7795],[-9.43159,38.77901],[-9.43097,38.77869],[-9.43012,38.77866],[-9.42843,38.77963],[-9.42637,38.77992],[-9.42492,38.77962],[-9.42432,38.77984],[-9.42457,38.7794],[-9.42513,38.77927],[-9.42522,38.77912],[-9.42503,38.77864],[-9.42447,38.7786],[-9.42402,38.77887],[-9.42382,38.7792],[-9.42364,38.77999],[-9.42403,38.78003],[-9.42342,38.78073],[-9.42219,38.78334],[-9.42029,38.78369],[-9.41966,38.78402],[-9.42022,38.78334],[-9.41964,38.78306],[-9.42017,38.78254],[-9.41901,38.78261],[-9.41863,38.78301],[-9.41866,38.78332],[-9.41912,38.78355],[-9.41934,38.78415],[-9.41835,38.78422],[-9.41803,38.78463],[-9.41771,38.78553],[-9.41767,38.78712],[-9.41803,38.78918],[-9.41774,38.78949],[-9.41666,38.78957],[-9.41642,38.78972],[-9.41688,38.79069],[-9.41771,38.79142],[-9.41864,38.79167],[-9.41977,38.79159],[-9.42017,38.79038],[-9.42113,38.78974],[-9.42093,38.79086],[-9.4213,38.79135],[-9.42229,38.7917],[-9.4245,38.79201],[-9.42619,38.79273],[-9.4286,38.79426],[-9.4302,38.79606],[-9.43068,38.79597],[-9.43201,38.79529],[-9.43504,38.79442],[-9.43747,38.79402],[-9.43755,38.79359],[-9.43723,38.793],[-9.43871,38.7939],[-9.44066,38.79394],[-9.44318,38.79446],[-9.44114,38.79429],[-9.441,38.7944],[-9.44099,38.79487],[-9.43982,38.79451],[-9.43965,38.79468],[-9.43969,38.79487],[-9.44065,38.79584],[-9.44059,38.796],[-9.43717,38.79449],[-9.43605,38.79435],[-9.43549,38.79464],[-9.43559,38.79503],[-9.43637,38.79571],[-9.43828,38.79692],[-9.43998,38.79758],[-9.44405,38.79849],[-9.44523,38.79843],[-9.44661,38.79781],[-9.447,38.79786]],[[-9.44296,38.79622],[-9.44393,38.79661],[-9.44459,38.79746],[-9.44365,38.79696],[-9.44187,38.79633],[-9.44209,38.79618],[-9.44296,38.79622]],[[-9.43361,38.792],[-9.43349,38.79225],[-9.43315,38.79225],[-9.43282,38.79192],[-9.43275,38.79157],[-9.43292,38.79109],[-9.43369,38.79008],[-9.43353,38.79098],[-9.43361,38.792]],[[-9.42624,38.78479],[-9.42506,38.78425],[-9.42494,38.78402],[-9.4252,38.7839],[-9.42554,38.78401],[-9.4259,38.78368],[-9.42672,38.78401],[-9.42663,38.78466],[-9.42624,38.78479]],[[-9.4385,38.78983],[-9.43784,38.78995],[-9.43755,38.78975],[-9.43752,38.7895],[-9.43782,38.78901],[-9.43865,38.78904],[-9.4393,38.78944],[-9.43916,38.78976],[-9.4385,38.78983]],[[-9.42946,38.78036],[-9.42999,38.77953],[-9.4304,38.77936],[-9.43041,38.78067],[-9.43019,38.78127],[-9.42932,38.78079],[-9.42946,38.78036]],[[-9.42285,38.78959],[-9.4225,38.78973],[-9.42211,38.78945],[-9.42218,38.78862],[-9.42248,38.78828],[-9.42331,38.78804],[-9.42346,38.78817],[-9.42346,38.78849],[-9.42285,38.78959]],[[-9.42844,38.78171],[-9.4284,38.78208],[-9.42808,38.78231],[-9.42753,38.78172],[-9.42673,38.78123],[-9.42673,38.78051],[-9.42712,38.78039],[-9.42828,38.78079],[-9.42844,38.78171]],[[-9.42696,38.78913],[-9.42661,38.78897],[-9.42683,38.78783],[-9.42605,38.78744],[-9.42501,38.78641],[-9.42404,38.78571],[-9.4232,38.78545],[-9.42308,38.78498],[-9.42335,38.78444],[-9.42378,38.78435],[-9.42497,38.78491],[-9.42539,38.78524],[-9.42593,38.78615],[-9.42759,38.7869],[-9.42878,38.78705],[-9.42943,38.78768],[-9.42946,38.78839],[-9.42911,38.78876],[-9.42696,38.78913]]],[[[-9.39879,38.9306],[-9.39964,38.93074],[-9.40305,38.93072],[-9.40389,38.93024],[-9.4045,38.92938],[-9.40437,38.92919],[-9.40879,38.92887],[-9.41034,38.92846],[-9.41107,38.92795],[-9.41124,38.92754],[-9.4112,38.92709],[-9.40942,38.92359],[-9.40865,38.92263],[-9.40671,38.92104],[-9.40651,38.91996],[-9.40673,38.91969],[-9.40718,38.92001],[-9.40774,38.92109],[-9.40996,38.92228],[-9.4116,38.92527],[-9.41365,38.9275],[-9.41505,38.92856],[-9.41571,38.92883],[-9.41613,38.92882],[-9.41635,38.92802],[-9.41631,38.92585],[-9.41611,38.92489],[-9.41584,38.92462],[-9.41561,38.9247],[-9.41544,38.92642],[-9.41513,38.92687],[-9.41428,38.92566],[-9.41374,38.92434],[-9.41373,38.92422],[-9.41415,38.92475],[-9.41431,38.92527],[-9.41481,38.92531],[-9.41507,38.92517],[-9.41524,38.92527],[-9.41509,38.9248],[-9.41451,38.9241],[-9.41476,38.92287],[-9.41403,38.92353],[-9.41482,38.9221],[-9.41477,38.92183],[-9.41429,38.92143],[-9.41474,38.9206],[-9.41476,38.92012],[-9.41462,38.91996],[-9.41397,38.91989],[-9.4134,38.9202],[-9.41274,38.92011],[-9.41235,38.92038],[-9.41205,38.92103],[-9.41184,38.92104],[-9.41123,38.91918],[-9.41134,38.91851],[-9.41097,38.91766],[-9.41112,38.91716],[-9.41205,38.9158],[-9.41206,38.91554],[-9.41189,38.91538],[-9.41125,38.91537],[-9.41078,38.91555],[-9.40903,38.91733],[-9.40821,38.9178],[-9.40801,38.91774],[-9.40799,38.91752],[-9.40893,38.91527],[-9.40883,38.9146],[-9.40837,38.91408],[-9.40768,38.91398],[-9.40689,38.91434],[-9.40653,38.91478],[-9.40635,38.9157],[-9.40612,38.91598],[-9.40513,38.91521],[-9.40478,38.91531],[-9.40458,38.91592],[-9.40397,38.91545],[-9.40366,38.91491],[-9.40363,38.91436],[-9.40451,38.91347],[-9.40499,38.91257],[-9.40546,38.91096],[-9.4054,38.91003],[-9.40602,38.90905],[-9.40604,38.90813],[-9.4057,38.90818],[-9.40411,38.90988],[-9.40382,38.90997],[-9.40402,38.90922],[-9.40262,38.91019],[-9.40258,38.90954],[-9.40293,38.90689],[-9.40284,38.9063],[-9.40266,38.90631],[-9.40169,38.90858],[-9.40068,38.9093],[-9.4003,38.90984],[-9.40016,38.91062],[-9.40027,38.91272],[-9.40012,38.91294],[-9.39982,38.91288],[-9.39934,38.91254],[-9.3987,38.91174],[-9.39835,38.90982],[-9.3973,38.90838],[-9.39654,38.90677],[-9.39595,38.90649],[-9.39474,38.9068],[-9.39474,38.90612],[-9.39552,38.90531],[-9.39415,38.9051],[-9.39468,38.90443],[-9.39515,38.90428],[-9.39595,38.90437],[-9.39633,38.90388],[-9.39627,38.90363],[-9.39601,38.90346],[-9.39459,38.90307],[-9.39475,38.90176],[-9.39456,38.90115],[-9.39406,38.90093],[-9.39365,38.90103],[-9.39262,38.90237],[-9.39289,38.90088],[-9.39243,38.90018],[-9.39137,38.90004],[-9.3922,38.90024],[-9.3924,38.90044],[-9.39252,38.90094],[-9.39236,38.90161],[-9.39226,38.90078],[-9.39202,38.9005],[-9.39168,38.90043],[-9.39093,38.90088],[-9.39086,38.90131],[-9.39116,38.90141],[-9.39074,38.90168],[-9.39023,38.90147],[-9.38992,38.90098],[-9.39027,38.90049],[-9.39147,38.89987],[-9.39113,38.89949],[-9.39061,38.89958],[-9.38922,38.90023],[-9.38845,38.89975],[-9.38832,38.90043],[-9.38862,38.90272],[-9.3882,38.90353],[-9.38842,38.90405],[-9.38921,38.90483],[-9.38975,38.90569],[-9.38948,38.90585],[-9.3876,38.90557],[-9.38689,38.9057],[-9.3868,38.9063],[-9.38706,38.90709],[-9.38743,38.90728],[-9.38862,38.90735],[-9.38791,38.90753],[-9.38731,38.90829],[-9.38769,38.90834],[-9.3885,38.9081],[-9.38792,38.90853],[-9.38904,38.90839],[-9.38851,38.90928],[-9.38968,38.90939],[-9.39146,38.90713],[-9.39125,38.90668],[-9.39161,38.90596],[-9.39158,38.90505],[-9.39235,38.90582],[-9.39331,38.90758],[-9.39478,38.90979],[-9.39675,38.9116],[-9.39476,38.91021],[-9.39276,38.90767],[-9.39213,38.90737],[-9.39189,38.90755],[-9.39181,38.90797],[-9.39191,38.90866],[-9.39233,38.90908],[-9.39155,38.90965],[-9.39103,38.91076],[-9.3911,38.91114],[-9.39198,38.91195],[-9.3928,38.91232],[-9.39321,38.91231],[-9.39429,38.91179],[-9.39466,38.91183],[-9.39529,38.91223],[-9.39544,38.91274],[-9.39597,38.91322],[-9.39588,38.91348],[-9.39472,38.91384],[-9.39192,38.91393],[-9.39094,38.91366],[-9.39058,38.91384],[-9.38966,38.91311],[-9.38745,38.91273],[-9.38644,38.9128],[-9.38577,38.91303],[-9.38549,38.91337],[-9.38558,38.91371],[-9.38801,38.91501],[-9.38865,38.91499],[-9.38883,38.91481],[-9.38831,38.91438],[-9.38639,38.91358],[-9.38639,38.91336],[-9.38737,38.91342],[-9.39008,38.91427],[-9.39271,38.9146],[-9.39248,38.91485],[-9.39075,38.91537],[-9.39062,38.91568],[-9.3907,38.91593],[-9.39136,38.91623],[-9.39309,38.91596],[-9.39393,38.9148],[-9.39419,38.91473],[-9.39435,38.91508],[-9.39414,38.91598],[-9.39434,38.91678],[-9.39476,38.91659],[-9.39526,38.91579],[-9.39469,38.91709],[-9.39791,38.91678],[-9.39783,38.91745],[-9.39832,38.91821],[-9.39793,38.91855],[-9.39881,38.91835],[-9.39945,38.91782],[-9.39946,38.91751],[-9.3987,38.91744],[-9.39914,38.91647],[-9.39875,38.91603],[-9.39864,38.91565],[-9.39829,38.91554],[-9.39766,38.9157],[-9.39694,38.91567],[-9.39619,38.91613],[-9.3959,38.91556],[-9.39559,38.91555],[-9.39696,38.91514],[-9.39845,38.91526],[-9.39872,38.91547],[-9.39877,38.91596],[-9.39952,38.91657],[-9.40002,38.91794],[-9.40059,38.91839],[-9.40093,38.91944],[-9.40134,38.91956],[-9.40248,38.91949],[-9.40359,38.91999],[-9.40033,38.9204],[-9.40057,38.91904],[-9.40003,38.91851],[-9.39789,38.91881],[-9.39814,38.91905],[-9.39962,38.91972],[-9.40019,38.9204],[-9.39875,38.9201],[-9.39497,38.91856],[-9.39431,38.91863],[-9.39296,38.91837],[-9.39206,38.9187],[-9.39141,38.91865],[-9.39031,38.91784],[-9.38992,38.91782],[-9.38942,38.91806],[-9.3877,38.91718],[-9.38716,38.91732],[-9.38685,38.91767],[-9.38672,38.91836],[-9.38768,38.91955],[-9.3873,38.92034],[-9.38773,38.92089],[-9.38838,38.92113],[-9.38936,38.9211],[-9.38962,38.92126],[-9.38957,38.92155],[-9.39001,38.92174],[-9.39307,38.92176],[-9.3935,38.92218],[-9.39383,38.92224],[-9.39371,38.92293],[-9.39337,38.92345],[-9.39419,38.92325],[-9.39524,38.92324],[-9.39386,38.92348],[-9.39245,38.92414],[-9.39217,38.92442],[-9.39211,38.92475],[-9.39275,38.92526],[-9.39405,38.92555],[-9.3971,38.92569],[-9.39864,38.92538],[-9.40105,38.92441],[-9.39971,38.9256],[-9.39848,38.92622],[-9.39422,38.92635],[-9.39267,38.92666],[-9.39216,38.92695],[-9.39236,38.92724],[-9.39291,38.92748],[-9.39731,38.92858],[-9.39766,38.92897],[-9.39655,38.92951],[-9.3964,38.92974],[-9.39646,38.93004],[-9.39748,38.93055],[-9.39879,38.9306]],[[-9.39899,38.92976],[-9.39918,38.92928],[-9.39915,38.92852],[-9.40086,38.92928],[-9.4007,38.92949],[-9.39975,38.92959],[-9.3989,38.92989],[-9.39899,38.92976]],[[-9.40864,38.92728],[-9.4086,38.92753],[-9.40821,38.92792],[-9.40727,38.92818],[-9.40588,38.92804],[-9.40543,38.92776],[-9.4053,38.92747],[-9.4068,38.92767],[-9.40864,38.92728]],[[-9.40569,38.91803],[-9.40608,38.9184],[-9.40628,38.91888],[-9.40617,38.91917],[-9.40581,38.91938],[-9.40448,38.91806],[-9.40426,38.91767],[-9.40457,38.91757],[-9.40569,38.91803]],[[-9.40772,38.92483],[-9.40669,38.92531],[-9.4047,38.92677],[-9.40418,38.927],[-9.40229,38.92678],[-9.40128,38.92631],[-9.40093,38.92597],[-9.40129,38.92557],[-9.40336,38.92468],[-9.40362,38.92488],[-9.40346,38.92581],[-9.40396,38.92605],[-9.40476,38.92584],[-9.4059,38.92497],[-9.40672,38.9246],[-9.40753,38.92449],[-9.40794,38.92471],[-9.40772,38.92483]]],[[[-9.34724,38.88875],[-9.34838,38.88963],[-9.34934,38.88975],[-9.34958,38.88948],[-9.34914,38.88874],[-9.34939,38.88644],[-9.3497,38.888],[-9.35014,38.88847],[-9.3506,38.8887],[-9.35132,38.88859],[-9.35173,38.88834],[-9.352,38.88787],[-9.35215,38.88702],[-9.35194,38.88559],[-9.35169,38.88487],[-9.34964,38.88229],[-9.34977,38.88231],[-9.34956,38.8817],[-9.35009,38.88057],[-9.34983,38.88051],[-9.34911,38.88079],[-9.34872,38.8814],[-9.34953,38.88439],[-9.34953,38.885],[-9.34877,38.88403],[-9.34747,38.88117],[-9.34602,38.87915],[-9.34602,38.87903],[-9.34725,38.87986],[-9.34804,38.87992],[-9.34869,38.87954],[-9.34947,38.87841],[-9.34936,38.87793],[-9.34838,38.87719],[-9.34714,38.87567],[-9.34693,38.87502],[-9.34693,38.87396],[-9.34733,38.87317],[-9.34772,38.87534],[-9.34868,38.87628],[-9.34918,38.87654],[-9.3497,38.8764],[-9.35074,38.87534],[-9.35167,38.87538],[-9.35199,38.87518],[-9.35207,38.87477],[-9.35185,38.87232],[-9.35213,38.87055],[-9.35244,38.86974],[-9.35205,38.86956],[-9.35068,38.86958],[-9.35039,38.86912],[-9.35142,38.86649],[-9.35152,38.86538],[-9.35177,38.86567],[-9.35193,38.86629],[-9.35178,38.86801],[-9.35203,38.86817],[-9.35295,38.86824],[-9.35351,38.86789],[-9.35413,38.8672],[-9.35556,38.86466],[-9.3564,38.86351],[-9.35605,38.863],[-9.35486,38.86258],[-9.35483,38.86072],[-9.35429,38.85945],[-9.35304,38.85839],[-9.35177,38.85775],[-9.35129,38.85778],[-9.35107,38.85806],[-9.35153,38.86004],[-9.3512,38.86065],[-9.35123,38.86128],[-9.35188,38.86297],[-9.35075,38.86278],[-9.35009,38.86289],[-9.34968,38.86322],[-9.34942,38.86408],[-9.34919,38.86433],[-9.3487,38.86424],[-9.34832,38.8626],[-9.34795,38.86239],[-9.34751,38.86265],[-9.34604,38.86416],[-9.34538,38.86464],[-9.34516,38.86462],[-9.34749,38.86177],[-9.34983,38.85945],[-9.35013,38.85849],[-9.34969,38.85792],[-9.34838,38.85757],[-9.34788,38.85765],[-9.3475,38.85797],[-9.34732,38.85879],[-9.34693,38.85917],[-9.34316,38.86116],[-9.343,38.86154],[-9.34296,38.86257],[-9.34105,38.86419],[-9.33986,38.86569],[-9.33983,38.86605],[-9.3404,38.86656],[-9.3403,38.86698],[-9.34005,38.86721],[-9.3393,38.86635],[-9.33902,38.86641],[-9.33899,38.8671],[-9.33849,38.86702],[-9.33829,38.86718],[-9.33865,38.86759],[-9.3383,38.86787],[-9.33796,38.86911],[-9.33607,38.86983],[-9.33519,38.87124],[-9.33407,38.87198],[-9.33373,38.87272],[-9.33364,38.87437],[-9.33389,38.87474],[-9.33491,38.87491],[-9.33485,38.87535],[-9.33459,38.87549],[-9.33301,38.8751],[-9.33263,38.87618],[-9.3325,38.87842],[-9.332,38.87968],[-9.33093,38.88101],[-9.33068,38.88099],[-9.33033,38.88048],[-9.33014,38.88054],[-9.33025,38.88125],[-9.33095,38.882],[-9.33193,38.88238],[-9.3326,38.88239],[-9.33351,38.88266],[-9.336,38.88375],[-9.33665,38.88382],[-9.33733,38.88342],[-9.33766,38.8826],[-9.33804,38.8788],[-9.3385,38.88],[-9.33886,38.88284],[-9.33921,38.88355],[-9.33962,38.88386],[-9.34042,38.88404],[-9.34153,38.884],[-9.34323,38.88377],[-9.34469,38.88333],[-9.34567,38.88335],[-9.34517,38.88368],[-9.34497,38.88502],[-9.34463,38.88498],[-9.34442,38.8852],[-9.34435,38.88589],[-9.34478,38.88668],[-9.34568,38.88754],[-9.3462,38.8879],[-9.34688,38.88768],[-9.34724,38.88875]],[[-9.34477,38.88217],[-9.34408,38.88207],[-9.34491,38.88174],[-9.345,38.8811],[-9.34552,38.8813],[-9.34614,38.88195],[-9.346,38.88212],[-9.34477,38.88217]],[[-9.34288,38.87046],[-9.34266,38.87037],[-9.34269,38.87005],[-9.34381,38.86819],[-9.34437,38.86628],[-9.34451,38.86716],[-9.34426,38.8684],[-9.34378,38.86953],[-9.34288,38.87046]],[[-9.34234,38.87072],[-9.33998,38.87348],[-9.33862,38.87674],[-9.33826,38.87727],[-9.33802,38.87729],[-9.33808,38.87621],[-9.3387,38.87436],[-9.3392,38.87337],[-9.34044,38.87206],[-9.34234,38.87072]]],[[[-9.36139,38.87445],[-9.36295,38.87512],[-9.36439,38.87471],[-9.36569,38.87298],[-9.3669,38.87262],[-9.36657,38.87185],[-9.36679,38.87142],[-9.36845,38.87115],[-9.36676,38.86912],[-9.36665,38.86873],[-9.36683,38.86842],[-9.36763,38.86837],[-9.36834,38.86811],[-9.36995,38.86862],[-9.37033,38.86852],[-9.3705,38.86749],[-9.37026,38.86701],[-9.36895,38.86623],[-9.36703,38.86564],[-9.36644,38.8653],[-9.36643,38.8646],[-9.36596,38.86364],[-9.36632,38.86299],[-9.36628,38.86266],[-9.36452,38.86085],[-9.36582,38.86116],[-9.36803,38.86251],[-9.36818,38.86241],[-9.36803,38.86175],[-9.36828,38.86164],[-9.3695,38.86216],[-9.3709,38.86309],[-9.37108,38.86282],[-9.37085,38.86215],[-9.37197,38.86273],[-9.37224,38.8627],[-9.37224,38.86228],[-9.37198,38.86189],[-9.37143,38.8617],[-9.36976,38.86054],[-9.36996,38.85994],[-9.36976,38.85938],[-9.36764,38.85887],[-9.3651,38.85727],[-9.36515,38.85645],[-9.36561,38.85546],[-9.3659,38.85532],[-9.36575,38.85619],[-9.36619,38.85661],[-9.36718,38.85658],[-9.36777,38.8562],[-9.36861,38.85661],[-9.36909,38.85624],[-9.36864,38.85722],[-9.36934,38.85734],[-9.37012,38.85796],[-9.36943,38.85598],[-9.36965,38.856],[-9.37219,38.85833],[-9.37282,38.85874],[-9.37341,38.85886],[-9.37317,38.85802],[-9.37345,38.85738],[-9.3724,38.85608],[-9.37234,38.85555],[-9.37288,38.8551],[-9.37469,38.85506],[-9.37508,38.85483],[-9.37456,38.85432],[-9.37243,38.85333],[-9.37241,38.85318],[-9.37351,38.85273],[-9.37461,38.85251],[-9.37932,38.85286],[-9.37824,38.85207],[-9.37616,38.85108],[-9.37546,38.85],[-9.37427,38.84987],[-9.37292,38.85049],[-9.37183,38.85039],[-9.37062,38.85073],[-9.37017,38.85103],[-9.36949,38.85194],[-9.36887,38.85237],[-9.36812,38.85263],[-9.36724,38.85234],[-9.36546,38.85363],[-9.36369,38.85391],[-9.36153,38.85464],[-9.36053,38.85461],[-9.3605,38.85402],[-9.36032,38.85376],[-9.35805,38.85278],[-9.35771,38.85232],[-9.35769,38.85179],[-9.35797,38.85092],[-9.35736,38.84971],[-9.35723,38.84883],[-9.35746,38.84583],[-9.35766,38.84561],[-9.35799,38.84571],[-9.3584,38.84558],[-9.35811,38.84487],[-9.35825,38.8446],[-9.3601,38.84439],[-9.35839,38.84387],[-9.35824,38.84361],[-9.35874,38.84322],[-9.35998,38.84284],[-9.36115,38.84272],[-9.36257,38.84292],[-9.36326,38.8428],[-9.36487,38.84203],[-9.36579,38.84096],[-9.36517,38.84084],[-9.3646,38.84147],[-9.36355,38.84104],[-9.36277,38.84126],[-9.36197,38.84117],[-9.36092,38.84083],[-9.36034,38.84037],[-9.35983,38.84022],[-9.35962,38.83989],[-9.35922,38.83978],[-9.35855,38.84083],[-9.35786,38.84134],[-9.35723,38.84154],[-9.35592,38.84115],[-9.35441,38.84025],[-9.35394,38.84021],[-9.35321,38.84081],[-9.35278,38.84229],[-9.35187,38.84351],[-9.35146,38.84563],[-9.35036,38.84675],[-9.35047,38.84738],[-9.35069,38.84762],[-9.35107,38.84765],[-9.352,38.84732],[-9.35247,38.84743],[-9.35225,38.84772],[-9.3506,38.84882],[-9.35018,38.84943],[-9.35007,38.84998],[-9.35016,38.85067],[-9.3505,38.85129],[-9.35225,38.85254],[-9.35231,38.85272],[-9.35065,38.85292],[-9.34988,38.8525],[-9.34935,38.85352],[-9.34866,38.85405],[-9.34484,38.85548],[-9.34325,38.85644],[-9.34185,38.85773],[-9.34139,38.85872],[-9.34161,38.85895],[-9.34205,38.85862],[-9.34307,38.85907],[-9.34387,38.85914],[-9.34473,38.8589],[-9.34774,38.85735],[-9.35088,38.85732],[-9.35194,38.85752],[-9.35452,38.85888],[-9.35582,38.85927],[-9.35602,38.85914],[-9.35594,38.85883],[-9.35454,38.85806],[-9.35305,38.85684],[-9.35288,38.85654],[-9.35329,38.85632],[-9.35514,38.85635],[-9.35441,38.85709],[-9.35549,38.85777],[-9.35587,38.85759],[-9.35594,38.85731],[-9.35584,38.85679],[-9.35544,38.85633],[-9.35613,38.85661],[-9.35771,38.85787],[-9.35845,38.85869],[-9.35934,38.86054],[-9.35964,38.86246],[-9.36077,38.8656],[-9.36112,38.86706],[-9.36095,38.86805],[-9.36025,38.86988],[-9.36128,38.86968],[-9.36142,38.87012],[-9.36169,38.87022],[-9.36256,38.86898],[-9.36278,38.86888],[-9.36294,38.86899],[-9.36287,38.8696],[-9.36178,38.87194],[-9.36121,38.87241],[-9.36031,38.87266],[-9.3595,38.87178],[-9.35896,38.87155],[-9.35858,38.87167],[-9.35829,38.87202],[-9.36003,38.87313],[-9.36096,38.87278],[-9.36159,38.87229],[-9.3609,38.87336],[-9.36076,38.8739],[-9.36092,38.87438],[-9.36139,38.87445]],[[-9.35394,38.84307],[-9.35442,38.84345],[-9.35438,38.84365],[-9.35331,38.84402],[-9.35247,38.84399],[-9.35306,38.84339],[-9.35394,38.84307]],[[-9.36303,38.85595],[-9.36138,38.85655],[-9.3612,38.85672],[-9.36125,38.85698],[-9.36094,38.85703],[-9.3586,38.85582],[-9.35809,38.85533],[-9.36072,38.85611],[-9.36174,38.85614],[-9.36303,38.85595]],[[-9.36236,38.85793],[-9.36468,38.85871],[-9.36651,38.86004],[-9.3647,38.85899],[-9.36269,38.85914],[-9.36169,38.85885],[-9.36149,38.85855],[-9.36169,38.85795],[-9.36194,38.85784],[-9.36236,38.85793]],[[-9.35556,38.84454],[-9.35389,38.84529],[-9.35351,38.84518],[-9.3536,38.84485],[-9.35453,38.84397],[-9.35478,38.84349],[-9.35478,38.84297],[-9.35442,38.84189],[-9.35451,38.84156],[-9.35651,38.84261],[-9.35713,38.84317],[-9.35717,38.84344],[-9.357,38.8434],[-9.35556,38.84454]],[[-9.35062,38.8554],[-9.35009,38.85677],[-9.34972,38.85701],[-9.34846,38.85634],[-9.34682,38.85581],[-9.34881,38.85546],[-9.35075,38.85463],[-9.3537,38.85393],[-9.35426,38.8536],[-9.3545,38.85292],[-9.35425,38.85195],[-9.35377,38.85138],[-9.35232,38.85035],[-9.35198,38.84964],[-9.35234,38.84885],[-9.35373,38.84767],[-9.35356,38.84819],[-9.35254,38.84928],[-9.35247,38.8499],[-9.35278,38.85033],[-9.35432,38.85169],[-9.35571,38.85347],[-9.35715,38.85467],[-9.35553,38.85429],[-9.35362,38.85448],[-9.35139,38.85491],[-9.35062,38.8554]],[[-9.36271,38.87346],[-9.36374,38.87126],[-9.36402,38.8695],[-9.36352,38.86796],[-9.36336,38.86599],[-9.36194,38.86185],[-9.36177,38.86076],[-9.36187,38.86029],[-9.36274,38.86171],[-9.36351,38.8625],[-9.36286,38.86206],[-9.36235,38.86215],[-9.3631,38.86316],[-9.36341,38.86459],[-9.36361,38.86458],[-9.36376,38.86433],[-9.36371,38.86276],[-9.36393,38.86414],[-9.36514,38.86642],[-9.36473,38.86731],[-9.36462,38.86794],[-9.36467,38.8688],[-9.36502,38.87002],[-9.36495,38.8714],[-9.36425,38.87188],[-9.3632,38.8733],[-9.36271,38.87346]]],[[[-9.26191,38.80482],[-9.26233,38.80545],[-9.26257,38.80655],[-9.26246,38.80693],[-9.2614,38.80761],[-9.25885,38.80813],[-9.25849,38.80839],[-9.25843,38.80879],[-9.25897,38.8093],[-9.26025,38.80963],[-9.26172,38.80974],[-9.2634,38.80962],[-9.26414,38.81],[-9.26432,38.81039],[-9.26037,38.81086],[-9.2579,38.8117],[-9.25646,38.81037],[-9.25627,38.80995],[-9.25628,38.80904],[-9.25594,38.80865],[-9.25371,38.80832],[-9.25211,38.80841],[-9.25171,38.80856],[-9.25236,38.80928],[-9.25219,38.8101],[-9.25229,38.81038],[-9.2533,38.80949],[-9.25429,38.80903],[-9.2549,38.80996],[-9.25544,38.81159],[-9.25715,38.81249],[-9.25888,38.81285],[-9.26064,38.81283],[-9.2607,38.81264],[-9.26077,38.81282],[-9.26066,38.81284],[-9.26195,38.81322],[-9.26327,38.81267],[-9.26315,38.81307],[-9.26214,38.8143],[-9.26223,38.81556],[-9.26193,38.81571],[-9.26152,38.81562],[-9.26139,38.81578],[-9.2615,38.81643],[-9.26201,38.81672],[-9.26292,38.8164],[-9.26366,38.8156],[-9.26439,38.81422],[-9.26461,38.81302],[-9.26435,38.81235],[-9.26381,38.81195],[-9.26131,38.81148],[-9.26389,38.811],[-9.26617,38.81095],[-9.26708,38.81064],[-9.26837,38.81065],[-9.26897,38.81016],[-9.26888,38.80944],[-9.26943,38.80903],[-9.26975,38.80913],[-9.27009,38.80984],[-9.27103,38.80979],[-9.27124,38.80991],[-9.27166,38.81066],[-9.27194,38.81061],[-9.27203,38.81024],[-9.27184,38.80982],[-9.27028,38.80868],[-9.26944,38.80841],[-9.26791,38.80865],[-9.26697,38.8076],[-9.26716,38.80741],[-9.26821,38.80721],[-9.26854,38.80694],[-9.26852,38.80659],[-9.26781,38.8057],[-9.26785,38.80547],[-9.26838,38.80552],[-9.27014,38.8063],[-9.27109,38.80614],[-9.27161,38.80579],[-9.27181,38.80507],[-9.27133,38.8043],[-9.27066,38.80373],[-9.26922,38.80316],[-9.26943,38.80251],[-9.27025,38.80215],[-9.27164,38.80042],[-9.27151,38.79968],[-9.27268,38.79956],[-9.27235,38.79923],[-9.27163,38.79898],[-9.27068,38.79896],[-9.26963,38.79926],[-9.26891,38.79902],[-9.26917,38.79862],[-9.26884,38.79821],[-9.26862,38.79754],[-9.2669,38.79567],[-9.26664,38.79504],[-9.2666,38.79453],[-9.26676,38.79429],[-9.26743,38.79553],[-9.26803,38.79596],[-9.26707,38.79315],[-9.2666,38.78973],[-9.26518,38.78702],[-9.26368,38.78364],[-9.2632,38.78322],[-9.2622,38.78301],[-9.2619,38.78265],[-9.26177,38.78188],[-9.26108,38.78222],[-9.26103,38.78278],[-9.26181,38.78409],[-9.26208,38.78562],[-9.26264,38.78617],[-9.26212,38.78635],[-9.26262,38.78729],[-9.2614,38.78639],[-9.26106,38.78631],[-9.26066,38.78903],[-9.26074,38.78963],[-9.26094,38.78992],[-9.26179,38.78899],[-9.26215,38.78886],[-9.26204,38.79035],[-9.26157,38.7907],[-9.2609,38.79078],[-9.25997,38.79004],[-9.25852,38.78937],[-9.25755,38.78934],[-9.25727,38.7886],[-9.2573,38.78814],[-9.25801,38.78765],[-9.25853,38.78698],[-9.25978,38.78609],[-9.26037,38.78505],[-9.26043,38.78182],[-9.26012,38.78196],[-9.25987,38.78118],[-9.25913,38.78235],[-9.25897,38.78298],[-9.25872,38.78272],[-9.25763,38.78305],[-9.2572,38.78335],[-9.25726,38.78365],[-9.25813,38.78388],[-9.25844,38.78412],[-9.25748,38.78468],[-9.25728,38.7854],[-9.25708,38.7856],[-9.25679,38.78558],[-9.2565,38.78528],[-9.25622,38.7838],[-9.25603,38.78354],[-9.25535,38.78364],[-9.25399,38.78341],[-9.25471,38.78559],[-9.25304,38.78504],[-9.25224,38.78458],[-9.25273,38.78539],[-9.25443,38.78571],[-9.25465,38.78589],[-9.25416,38.7863],[-9.25248,38.78639],[-9.2517,38.7867],[-9.25088,38.78752],[-9.25044,38.78894],[-9.2505,38.78925],[-9.2507,38.78927],[-9.25147,38.78826],[-9.25161,38.78826],[-9.25232,38.79135],[-9.25326,38.79191],[-9.25358,38.79185],[-9.2534,38.79154],[-9.25351,38.79142],[-9.25451,38.79178],[-9.25479,38.79139],[-9.25613,38.79199],[-9.25628,38.79221],[-9.25619,38.79274],[-9.25635,38.79317],[-9.25801,38.7949],[-9.25788,38.79536],[-9.25805,38.79617],[-9.25734,38.79602],[-9.25644,38.79614],[-9.2555,38.79351],[-9.25514,38.79298],[-9.25482,38.79279],[-9.25426,38.79279],[-9.25344,38.79328],[-9.25348,38.79349],[-9.25429,38.79391],[-9.25458,38.79433],[-9.25459,38.79495],[-9.25419,38.79569],[-9.25427,38.79603],[-9.25571,38.797],[-9.25654,38.79803],[-9.25661,38.79846],[-9.256,38.7987],[-9.25588,38.79892],[-9.25766,38.79884],[-9.25896,38.79831],[-9.25903,38.79845],[-9.25867,38.79918],[-9.25879,38.79939],[-9.25942,38.79943],[-9.26077,38.79917],[-9.2613,38.79931],[-9.26164,38.80008],[-9.26264,38.80144],[-9.26249,38.80154],[-9.26174,38.80144],[-9.26094,38.80111],[-9.26103,38.80223],[-9.2606,38.80227],[-9.25985,38.80193],[-9.2608,38.80268],[-9.26197,38.80274],[-9.26392,38.80191],[-9.26252,38.8032],[-9.26107,38.80359],[-9.26023,38.80366],[-9.25771,38.80492],[-9.25942,38.8031],[-9.25945,38.80239],[-9.25931,38.80208],[-9.25905,38.80194],[-9.25874,38.80231],[-9.25698,38.80309],[-9.2563,38.80502],[-9.2567,38.80572],[-9.25596,38.80542],[-9.25604,38.80575],[-9.25651,38.80622],[-9.25792,38.80711],[-9.25825,38.80775],[-9.25848,38.80775],[-9.25882,38.80764],[-9.25891,38.80701],[-9.25777,38.80646],[-9.25939,38.80693],[-9.26065,38.80696],[-9.26118,38.80672],[-9.26147,38.80638],[-9.26168,38.80556],[-9.26183,38.8066],[-9.26197,38.80596],[-9.26191,38.80482]],[[-9.26485,38.80578],[-9.26506,38.80568],[-9.26526,38.80605],[-9.26527,38.80823],[-9.26607,38.80921],[-9.2649,38.80872],[-9.26454,38.80823],[-9.26485,38.80578]],[[-9.26376,38.79115],[-9.2638,38.78984],[-9.26451,38.79241],[-9.26441,38.79341],[-9.26343,38.79282],[-9.2629,38.7927],[-9.26384,38.79195],[-9.26376,38.79115]],[[-9.26423,38.79804],[-9.2646,38.79815],[-9.2629,38.79862],[-9.26215,38.79865],[-9.26119,38.79844],[-9.26045,38.7977],[-9.26117,38.79765],[-9.26423,38.79804]],[[-9.26468,38.80493],[-9.26509,38.8039],[-9.26586,38.80307],[-9.26654,38.80188],[-9.26701,38.8016],[-9.26738,38.80169],[-9.26747,38.80271],[-9.26709,38.80347],[-9.26647,38.80402],[-9.26512,38.80471],[-9.26465,38.80516],[-9.26468,38.80493]],[[-9.26572,38.8017],[-9.26407,38.80393],[-9.26349,38.80439],[-9.26353,38.80373],[-9.26447,38.80216],[-9.26567,38.79944],[-9.26681,38.79798],[-9.26715,38.80061],[-9.26651,38.80113],[-9.26633,38.8011],[-9.26622,38.80079],[-9.26597,38.80084],[-9.26569,38.80132],[-9.26572,38.8017]],[[-9.26092,38.79452],[-9.26217,38.79487],[-9.26239,38.79527],[-9.26234,38.7956],[-9.26128,38.79592],[-9.26035,38.79598],[-9.2597,38.79582],[-9.25708,38.79287],[-9.2571,38.79185],[-9.25661,38.79108],[-9.25651,38.79039],[-9.25573,38.7893],[-9.2557,38.78865],[-9.25531,38.78724],[-9.25551,38.78681],[-9.25596,38.78664],[-9.25618,38.78673],[-9.25631,38.78842],[-9.257,38.78978],[-9.25765,38.79041],[-9.25852,38.79081],[-9.26047,38.79127],[-9.26269,38.79145],[-9.2624,38.79169],[-9.25908,38.79177],[-9.25853,38.79205],[-9.25861,38.79255],[-9.25988,38.79388],[-9.26092,38.79452]]],[[[-9.43513,38.89569],[-9.43526,38.89633],[-9.43559,38.89674],[-9.43581,38.89678],[-9.43601,38.8959],[-9.43598,38.89561],[-9.43569,38.89533],[-9.43586,38.89478],[-9.43573,38.89429],[-9.43529,38.89348],[-9.43452,38.89268],[-9.43356,38.89212],[-9.4284,38.89042],[-9.42795,38.89009],[-9.42731,38.88906],[-9.42615,38.88891],[-9.42605,38.88771],[-9.42676,38.88651],[-9.42659,38.88621],[-9.4261,38.886],[-9.42531,38.88604],[-9.42343,38.88668],[-9.42286,38.88635],[-9.42209,38.88498],[-9.42178,38.88333],[-9.42076,38.88252],[-9.42233,38.88201],[-9.42276,38.88172],[-9.42261,38.88158],[-9.42183,38.88155],[-9.42163,38.88137],[-9.42224,38.88067],[-9.42225,38.87974],[-9.42179,38.87934],[-9.42077,38.87956],[-9.42039,38.87949],[-9.41886,38.8784],[-9.41911,38.87723],[-9.41987,38.8761],[-9.41993,38.8755],[-9.41977,38.87543],[-9.41904,38.87591],[-9.41835,38.87537],[-9.41816,38.87476],[-9.41876,38.87371],[-9.41885,38.87306],[-9.41861,38.87297],[-9.4169,38.87319],[-9.41671,38.87294],[-9.41666,38.8719],[-9.41637,38.8716],[-9.41537,38.87169],[-9.41478,38.8714],[-9.41441,38.87171],[-9.41438,38.87228],[-9.41472,38.87306],[-9.41619,38.87508],[-9.41673,38.8761],[-9.41712,38.87878],[-9.41754,38.87962],[-9.41875,38.88119],[-9.41909,38.88222],[-9.41906,38.88273],[-9.41885,38.88275],[-9.4181,38.88179],[-9.4166,38.88047],[-9.41604,38.87734],[-9.4152,38.87507],[-9.4137,38.87273],[-9.4129,38.87219],[-9.41128,38.87205],[-9.41187,38.8725],[-9.41094,38.8726],[-9.41055,38.8732],[-9.4127,38.87408],[-9.4138,38.87491],[-9.41062,38.87458],[-9.40987,38.87472],[-9.41092,38.87525],[-9.41118,38.87561],[-9.41094,38.87588],[-9.41101,38.8761],[-9.41303,38.87769],[-9.41376,38.8796],[-9.41355,38.87975],[-9.41252,38.87975],[-9.41163,38.87901],[-9.41114,38.87895],[-9.41097,38.87913],[-9.41102,38.87941],[-9.41222,38.88066],[-9.41124,38.88035],[-9.41094,38.8805],[-9.41084,38.88079],[-9.41131,38.88164],[-9.41162,38.88186],[-9.4139,38.88221],[-9.41615,38.88227],[-9.41593,38.88267],[-9.41574,38.88269],[-9.41575,38.88243],[-9.41563,38.88241],[-9.41501,38.88295],[-9.41577,38.88329],[-9.41482,38.88348],[-9.41403,38.8844],[-9.41283,38.88489],[-9.4128,38.88532],[-9.41336,38.88585],[-9.41365,38.88579],[-9.41438,38.885],[-9.41554,38.88447],[-9.41698,38.88423],[-9.41864,38.88475],[-9.41897,38.88454],[-9.41915,38.88402],[-9.41933,38.88409],[-9.42094,38.88755],[-9.4192,38.88581],[-9.41804,38.88533],[-9.41697,38.8854],[-9.41647,38.88577],[-9.41629,38.88611],[-9.4154,38.88632],[-9.4151,38.88656],[-9.41563,38.88685],[-9.41773,38.88723],[-9.41857,38.8884],[-9.42131,38.89082],[-9.41914,38.88983],[-9.41789,38.88952],[-9.41666,38.88865],[-9.41281,38.88655],[-9.41212,38.88586],[-9.41126,38.88438],[-9.41098,38.88422],[-9.41033,38.88427],[-9.40914,38.88312],[-9.40736,38.88181],[-9.40687,38.88118],[-9.40643,38.88023],[-9.40608,38.87991],[-9.40592,38.88016],[-9.40611,38.88071],[-9.40722,38.88264],[-9.40577,38.88148],[-9.40542,38.88148],[-9.4053,38.88163],[-9.40587,38.88267],[-9.40538,38.8825],[-9.40483,38.88163],[-9.40394,38.8816],[-9.40468,38.88267],[-9.40601,38.88291],[-9.40638,38.88404],[-9.40756,38.88484],[-9.40799,38.88531],[-9.40839,38.8861],[-9.40827,38.88641],[-9.40716,38.88627],[-9.40605,38.88694],[-9.4042,38.88606],[-9.40333,38.8851],[-9.40252,38.88458],[-9.40295,38.88443],[-9.40329,38.8847],[-9.40345,38.88461],[-9.4026,38.88351],[-9.40236,38.88286],[-9.40209,38.88298],[-9.40213,38.88385],[-9.40149,38.88258],[-9.401,38.88222],[-9.40136,38.88111],[-9.40122,38.88076],[-9.40096,38.8806],[-9.4006,38.88062],[-9.3991,38.88146],[-9.39827,38.88116],[-9.39802,38.88155],[-9.39801,38.88194],[-9.39843,38.88263],[-9.40215,38.8865],[-9.40106,38.8858],[-9.39929,38.88391],[-9.39795,38.8828],[-9.39678,38.88207],[-9.3966,38.88204],[-9.39647,38.88222],[-9.39741,38.88375],[-9.39792,38.88426],[-9.39765,38.88535],[-9.39894,38.8858],[-9.4002,38.88684],[-9.40161,38.88704],[-9.40142,38.88768],[-9.40149,38.888],[-9.40292,38.88945],[-9.40277,38.88984],[-9.40147,38.89103],[-9.40125,38.89173],[-9.40138,38.89203],[-9.40217,38.89193],[-9.40314,38.89148],[-9.40543,38.88964],[-9.40542,38.88923],[-9.40445,38.88868],[-9.407,38.88847],[-9.41098,38.88764],[-9.41253,38.88838],[-9.41323,38.89001],[-9.41442,38.89097],[-9.41535,38.8914],[-9.41621,38.89156],[-9.41812,38.89256],[-9.41948,38.89251],[-9.4202,38.89297],[-9.42099,38.89321],[-9.42149,38.89368],[-9.4222,38.89354],[-9.42285,38.8939],[-9.42337,38.89346],[-9.4237,38.89343],[-9.42453,38.89293],[-9.42488,38.89251],[-9.42532,38.89249],[-9.42648,38.89376],[-9.42697,38.89405],[-9.42904,38.89388],[-9.42989,38.89447],[-9.43115,38.8947],[-9.43179,38.89468],[-9.43202,38.89419],[-9.43434,38.89485],[-9.43455,38.89551],[-9.43478,38.89576],[-9.43513,38.89569]]],[[[-9.39506,38.79544],[-9.39594,38.79591],[-9.39683,38.79592],[-9.39731,38.79581],[-9.39803,38.7953],[-9.39892,38.79534],[-9.40042,38.79512],[-9.40168,38.79451],[-9.4027,38.79366],[-9.40445,38.79148],[-9.40561,38.79061],[-9.40756,38.78951],[-9.40737,38.78774],[-9.40756,38.78689],[-9.40779,38.78662],[-9.40871,38.78688],[-9.40913,38.7864],[-9.40886,38.7871],[-9.40791,38.78747],[-9.40779,38.7879],[-9.40787,38.78835],[-9.40824,38.78905],[-9.40892,38.78983],[-9.40925,38.79003],[-9.40986,38.79009],[-9.41064,38.79055],[-9.41203,38.79063],[-9.41481,38.79012],[-9.41557,38.78989],[-9.41621,38.78932],[-9.41706,38.78901],[-9.41727,38.78859],[-9.41733,38.78563],[-9.41839,38.78278],[-9.4189,38.78214],[-9.41934,38.78221],[-9.42066,38.78203],[-9.42091,38.78101],[-9.42086,38.78069],[-9.42065,38.78059],[-9.42032,38.7816],[-9.41912,38.78197],[-9.4202,38.78139],[-9.42044,38.78083],[-9.42044,38.78022],[-9.42024,38.77966],[-9.41899,38.77811],[-9.41832,38.77668],[-9.41812,38.77661],[-9.41787,38.77752],[-9.41746,38.77793],[-9.41614,38.77758],[-9.41536,38.7772],[-9.41424,38.77742],[-9.41561,38.77798],[-9.41589,38.77825],[-9.41555,38.77923],[-9.4144,38.78068],[-9.41368,38.78055],[-9.41319,38.78016],[-9.41284,38.77819],[-9.41248,38.77771],[-9.41185,38.77744],[-9.41094,38.77736],[-9.40981,38.7775],[-9.40967,38.7777],[-9.40993,38.77826],[-9.40969,38.77839],[-9.40841,38.77851],[-9.40921,38.77824],[-9.40909,38.77804],[-9.40857,38.77793],[-9.407,38.77813],[-9.40683,38.77822],[-9.40704,38.77841],[-9.40792,38.77853],[-9.40655,38.77857],[-9.40566,38.77894],[-9.40535,38.77969],[-9.40487,38.77968],[-9.40485,38.77985],[-9.40521,38.78008],[-9.40557,38.7801],[-9.40603,38.77916],[-9.40658,38.77977],[-9.40658,38.78015],[-9.40612,38.78056],[-9.40472,38.78115],[-9.40401,38.78176],[-9.40345,38.78288],[-9.40303,38.78458],[-9.40314,38.7851],[-9.4044,38.78592],[-9.40448,38.78614],[-9.40417,38.78626],[-9.40354,38.78607],[-9.40172,38.78497],[-9.40107,38.78494],[-9.4006,38.78517],[-9.40027,38.7856],[-9.39994,38.78671],[-9.39952,38.78676],[-9.39908,38.78707],[-9.39789,38.78929],[-9.39664,38.79026],[-9.3967,38.79175],[-9.39707,38.79247],[-9.397,38.79272],[-9.39641,38.79287],[-9.39471,38.79215],[-9.39434,38.79214],[-9.39365,38.79318],[-9.39274,38.79395],[-9.39221,38.79493],[-9.39236,38.79512],[-9.39374,38.79515],[-9.39506,38.79544]],[[-9.40974,38.77917],[-9.41099,38.78007],[-9.41106,38.78042],[-9.4105,38.7806],[-9.40868,38.78005],[-9.40931,38.78013],[-9.40933,38.7792],[-9.40974,38.77917]],[[-9.41256,38.78423],[-9.41138,38.78504],[-9.41111,38.78503],[-9.41116,38.78467],[-9.4118,38.78391],[-9.41181,38.78338],[-9.4114,38.78261],[-9.41149,38.78229],[-9.41178,38.78206],[-9.41441,38.78168],[-9.41562,38.78297],[-9.41558,38.78331],[-9.41491,38.78335],[-9.41464,38.78399],[-9.41416,38.78396],[-9.41383,38.78373],[-9.41375,38.78349],[-9.41343,38.78347],[-9.41256,38.78423]]],[[[-9.28489,38.80006],[-9.28559,38.80144],[-9.28799,38.7984],[-9.28788,38.79577],[-9.28764,38.79536],[-9.28733,38.79532],[-9.28701,38.79556],[-9.28607,38.79703],[-9.28605,38.79737],[-9.28666,38.7975],[-9.28669,38.79763],[-9.28626,38.79861],[-9.28587,38.79904],[-9.2857,38.799],[-9.28538,38.79836],[-9.28415,38.79823],[-9.28369,38.79756],[-9.28267,38.79736],[-9.28212,38.79647],[-9.28172,38.79654],[-9.28161,38.79666],[-9.2818,38.79669],[-9.28173,38.79682],[-9.2812,38.79703],[-9.28018,38.79681],[-9.28005,38.79662],[-9.28071,38.79608],[-9.28286,38.79364],[-9.28355,38.79319],[-9.28375,38.79323],[-9.28356,38.79384],[-9.28364,38.7941],[-9.28496,38.79347],[-9.28564,38.794],[-9.28733,38.79443],[-9.28885,38.79393],[-9.28924,38.79338],[-9.28968,38.79229],[-9.2903,38.79257],[-9.29069,38.79251],[-9.29088,38.79216],[-9.29087,38.79166],[-9.28978,38.78947],[-9.29076,38.78889],[-9.29109,38.78957],[-9.29009,38.78939],[-9.28983,38.78951],[-9.29012,38.78977],[-9.2913,38.79018],[-9.2919,38.79017],[-9.29239,38.78988],[-9.29185,38.78934],[-9.29113,38.78891],[-9.29224,38.78915],[-9.2918,38.78804],[-9.29185,38.7868],[-9.29199,38.78637],[-9.29253,38.78584],[-9.28855,38.78586],[-9.28757,38.78555],[-9.28677,38.7856],[-9.28612,38.78609],[-9.28425,38.78852],[-9.28366,38.78828],[-9.28299,38.78743],[-9.28229,38.78728],[-9.28222,38.78747],[-9.28286,38.78858],[-9.28271,38.78883],[-9.2823,38.78899],[-9.28225,38.78924],[-9.28277,38.78967],[-9.28183,38.78983],[-9.28331,38.79033],[-9.2834,38.79044],[-9.28328,38.79064],[-9.2812,38.79022],[-9.28033,38.79034],[-9.27995,38.79094],[-9.27988,38.79251],[-9.27911,38.79334],[-9.27881,38.79303],[-9.27849,38.79169],[-9.27819,38.79114],[-9.27773,38.79079],[-9.27707,38.79071],[-9.27632,38.79129],[-9.27583,38.79274],[-9.27589,38.79115],[-9.27673,38.78949],[-9.2781,38.78882],[-9.27776,38.78944],[-9.27827,38.78999],[-9.27853,38.78998],[-9.27907,38.78957],[-9.27918,38.78891],[-9.27951,38.7892],[-9.27985,38.78915],[-9.28013,38.7888],[-9.28009,38.7885],[-9.27972,38.78825],[-9.2784,38.78814],[-9.27647,38.78848],[-9.27625,38.78759],[-9.2752,38.78716],[-9.27536,38.78615],[-9.27521,38.78565],[-9.27499,38.7855],[-9.2746,38.78592],[-9.27444,38.78662],[-9.27452,38.78729],[-9.27492,38.78812],[-9.27489,38.78854],[-9.2743,38.78926],[-9.27398,38.78939],[-9.27368,38.7893],[-9.2738,38.78848],[-9.27334,38.78682],[-9.27385,38.7857],[-9.27232,38.78319],[-9.27382,38.78276],[-9.2735,38.78265],[-9.27419,38.78216],[-9.27443,38.78152],[-9.27414,38.78142],[-9.27384,38.78157],[-9.2729,38.78266],[-9.27228,38.78312],[-9.27159,38.78146],[-9.27097,38.78046],[-9.2702,38.77993],[-9.2679,38.77891],[-9.26646,38.77745],[-9.2663,38.7775],[-9.2662,38.77813],[-9.26682,38.77922],[-9.26769,38.78012],[-9.26969,38.78172],[-9.26914,38.78228],[-9.26909,38.78319],[-9.26928,38.78373],[-9.26987,38.78416],[-9.26977,38.78472],[-9.26904,38.78536],[-9.26735,38.78615],[-9.26687,38.78663],[-9.26858,38.78832],[-9.26888,38.78886],[-9.2682,38.78939],[-9.26786,38.78997],[-9.26776,38.79136],[-9.26812,38.79223],[-9.26736,38.79217],[-9.26725,38.79231],[-9.26734,38.79299],[-9.26788,38.79419],[-9.26897,38.79533],[-9.26938,38.79517],[-9.26964,38.79468],[-9.27135,38.79393],[-9.27197,38.79422],[-9.27223,38.79467],[-9.27212,38.79542],[-9.27082,38.797],[-9.2706,38.79814],[-9.27108,38.79825],[-9.27196,38.79811],[-9.27278,38.79866],[-9.27377,38.79874],[-9.27615,38.79843],[-9.27634,38.79829],[-9.27631,38.79791],[-9.27778,38.79814],[-9.27828,38.79804],[-9.27479,38.79725],[-9.27414,38.79689],[-9.2735,38.79605],[-9.27264,38.79268],[-9.27267,38.79224],[-9.27425,38.79539],[-9.27503,38.79615],[-9.27624,38.7966],[-9.27841,38.79678],[-9.28019,38.79776],[-9.28122,38.79859],[-9.28413,38.79892],[-9.28489,38.80006]],[[-9.27704,38.79594],[-9.27686,38.79615],[-9.27643,38.79605],[-9.27576,38.79541],[-9.27555,38.79484],[-9.27577,38.79398],[-9.27631,38.79503],[-9.27704,38.79594]],[[-9.27871,38.79581],[-9.27841,38.79546],[-9.27846,38.79467],[-9.28039,38.7936],[-9.28019,38.79394],[-9.27968,38.79428],[-9.27899,38.79566],[-9.27871,38.79581]],[[-9.28161,38.79326],[-9.28129,38.79325],[-9.28103,38.793],[-9.28095,38.79217],[-9.28065,38.79157],[-9.28074,38.79141],[-9.28177,38.79176],[-9.28225,38.79232],[-9.28179,38.79275],[-9.28161,38.79326]],[[-9.27289,38.78962],[-9.27274,38.79016],[-9.27175,38.79052],[-9.27189,38.78993],[-9.27155,38.78981],[-9.27202,38.78948],[-9.27244,38.78776],[-9.27275,38.78822],[-9.27289,38.78962]],[[-9.27161,38.78488],[-9.27196,38.78546],[-9.27204,38.7864],[-9.27196,38.78668],[-9.27166,38.7869],[-9.27156,38.78749],[-9.2712,38.78739],[-9.27014,38.78653],[-9.26912,38.78659],[-9.26912,38.78634],[-9.26934,38.78617],[-9.2708,38.78571],[-9.27131,38.78495],[-9.27161,38.78488]],[[-9.28691,38.78906],[-9.28582,38.78999],[-9.28581,38.78893],[-9.28593,38.78954],[-9.28623,38.78903],[-9.28633,38.78838],[-9.2876,38.78772],[-9.28666,38.78763],[-9.28592,38.78821],[-9.28635,38.78716],[-9.28726,38.78601],[-9.28738,38.78608],[-9.28722,38.78711],[-9.28756,38.7874],[-9.28861,38.78727],[-9.29019,38.78663],[-9.29085,38.78694],[-9.29069,38.78717],[-9.28852,38.78812],[-9.28691,38.78906]]],[[[-9.48417,38.7984],[-9.48451,38.79878],[-9.485,38.79891],[-9.48592,38.79877],[-9.4864,38.79845],[-9.48614,38.79668],[-9.48563,38.79581],[-9.4863,38.79549],[-9.48641,38.79509],[-9.48617,38.79474],[-9.48512,38.794],[-9.48503,38.79466],[-9.48492,38.7945],[-9.48454,38.79453],[-9.48367,38.79533],[-9.48312,38.79514],[-9.48182,38.79321],[-9.4818,38.79294],[-9.48206,38.79257],[-9.48109,38.79169],[-9.4806,38.79099],[-9.48052,38.79021],[-9.48073,38.78992],[-9.48115,38.78995],[-9.48151,38.7903],[-9.48188,38.79125],[-9.48304,38.79181],[-9.48562,38.79203],[-9.48776,38.79293],[-9.48824,38.79285],[-9.48861,38.79255],[-9.48894,38.79108],[-9.48856,38.78874],[-9.48821,38.78846],[-9.48776,38.78863],[-9.48761,38.78852],[-9.48769,38.78792],[-9.48837,38.78672],[-9.48835,38.78604],[-9.48794,38.78549],[-9.48696,38.7856],[-9.48715,38.78471],[-9.4858,38.78318],[-9.48457,38.78276],[-9.48403,38.78275],[-9.48372,38.78304],[-9.48329,38.78405],[-9.48194,38.78484],[-9.4804,38.78547],[-9.47837,38.78565],[-9.47773,38.78653],[-9.47636,38.78759],[-9.47351,38.78951],[-9.47227,38.79006],[-9.47238,38.79052],[-9.47108,38.79016],[-9.47047,38.79032],[-9.47008,38.79063],[-9.46996,38.79093],[-9.47005,38.79131],[-9.47141,38.79164],[-9.47153,38.79233],[-9.47222,38.79316],[-9.47374,38.79368],[-9.47404,38.79433],[-9.47307,38.79471],[-9.473,38.79492],[-9.47366,38.7955],[-9.47497,38.79595],[-9.47538,38.79685],[-9.47591,38.79692],[-9.47691,38.79644],[-9.47742,38.79638],[-9.47867,38.79653],[-9.48019,38.79713],[-9.48058,38.79709],[-9.48057,38.79693],[-9.47923,38.79564],[-9.47927,38.79551],[-9.48244,38.79761],[-9.48417,38.7984]],[[-9.48339,38.78642],[-9.48403,38.78665],[-9.48351,38.78706],[-9.4837,38.78791],[-9.48286,38.78774],[-9.48274,38.78656],[-9.48298,38.78638],[-9.48339,38.78642]],[[-9.47984,38.78925],[-9.4795,38.78931],[-9.47938,38.78903],[-9.47944,38.7884],[-9.47973,38.78809],[-9.48096,38.78832],[-9.48106,38.78874],[-9.48139,38.78906],[-9.4804,38.78898],[-9.47984,38.78925]],[[-9.4765,38.79122],[-9.47696,38.79198],[-9.47635,38.7918],[-9.4759,38.79143],[-9.4755,38.79038],[-9.47555,38.78954],[-9.47676,38.79008],[-9.47716,38.79042],[-9.4771,38.79074],[-9.4764,38.79101],[-9.4765,38.79122]]],[[[-9.25001,38.86164],[-9.25164,38.86116],[-9.25284,38.86045],[-9.25247,38.8603],[-9.25119,38.86035],[-9.25093,38.86002],[-9.25113,38.85933],[-9.25205,38.85861],[-9.25263,38.85786],[-9.2541,38.8574],[-9.25501,38.85744],[-9.25528,38.85724],[-9.25528,38.85703],[-9.25419,38.8568],[-9.25231,38.85703],[-9.25008,38.85844],[-9.2491,38.85856],[-9.24904,38.85841],[-9.2493,38.8581],[-9.25046,38.85734],[-9.25045,38.85677],[-9.25101,38.85658],[-9.25183,38.85598],[-9.25193,38.85538],[-9.25128,38.85428],[-9.25083,38.85415],[-9.24989,38.85419],[-9.24954,38.85342],[-9.24862,38.85275],[-9.24662,38.85188],[-9.24395,38.85136],[-9.24414,38.85099],[-9.24416,38.85031],[-9.24397,38.85014],[-9.24355,38.85012],[-9.24258,38.85048],[-9.24261,38.85078],[-9.24314,38.85066],[-9.24333,38.85119],[-9.24314,38.85119],[-9.24223,38.85056],[-9.24234,38.85015],[-9.24281,38.84977],[-9.24263,38.84947],[-9.23893,38.8484],[-9.2383,38.84843],[-9.23883,38.84881],[-9.23832,38.84926],[-9.23766,38.84876],[-9.23729,38.84876],[-9.23741,38.84906],[-9.23843,38.84982],[-9.23923,38.84936],[-9.23904,38.85016],[-9.23811,38.85058],[-9.23764,38.85051],[-9.23732,38.85005],[-9.23733,38.84967],[-9.23695,38.84947],[-9.23473,38.84937],[-9.2344,38.84988],[-9.23383,38.84967],[-9.2336,38.84979],[-9.23336,38.85059],[-9.23352,38.85137],[-9.23519,38.85336],[-9.23636,38.85618],[-9.23646,38.85768],[-9.23674,38.8584],[-9.23728,38.85872],[-9.23883,38.85874],[-9.23945,38.85921],[-9.24022,38.85951],[-9.23719,38.859],[-9.23706,38.85951],[-9.23717,38.85972],[-9.24055,38.85967],[-9.24091,38.86016],[-9.24044,38.86147],[-9.24044,38.86162],[-9.24063,38.86171],[-9.24403,38.86068],[-9.24595,38.85992],[-9.2462,38.85997],[-9.24746,38.86116],[-9.24779,38.8613],[-9.24758,38.86037],[-9.24766,38.86013],[-9.24868,38.85963],[-9.24972,38.85956],[-9.25017,38.86033],[-9.25001,38.86164]],[[-9.24292,38.85446],[-9.24566,38.85578],[-9.24603,38.85622],[-9.24586,38.85684],[-9.24532,38.85729],[-9.24451,38.85765],[-9.24351,38.85792],[-9.24286,38.85789],[-9.24251,38.85761],[-9.24242,38.8573],[-9.24289,38.85633],[-9.24283,38.85598],[-9.24268,38.85588],[-9.24257,38.85601],[-9.24202,38.85528],[-9.24077,38.85425],[-9.24016,38.85428],[-9.24004,38.85468],[-9.2415,38.85538],[-9.24245,38.85615],[-9.24213,38.85618],[-9.24025,38.85497],[-9.23966,38.85424],[-9.23986,38.85404],[-9.24047,38.85392],[-9.24131,38.85441],[-9.24127,38.85408],[-9.24203,38.85416],[-9.24218,38.8542],[-9.24187,38.85446],[-9.24185,38.85468],[-9.24253,38.85535],[-9.24309,38.85555],[-9.24377,38.85523],[-9.2436,38.85499],[-9.24292,38.8547],[-9.24265,38.85435],[-9.24292,38.85446]]],[[[-9.2485,38.85224],[-9.24993,38.85312],[-9.25067,38.85334],[-9.25059,38.85267],[-9.25129,38.852],[-9.25069,38.85113],[-9.24894,38.84978],[-9.24899,38.84941],[-9.24934,38.84922],[-9.25011,38.84924],[-9.25498,38.85077],[-9.25493,38.85048],[-9.25417,38.84976],[-9.25436,38.84938],[-9.25425,38.84898],[-9.25253,38.8473],[-9.2516,38.84726],[-9.24997,38.84808],[-9.24943,38.84794],[-9.24882,38.84809],[-9.24841,38.84762],[-9.24885,38.84732],[-9.24998,38.84722],[-9.25171,38.84667],[-9.25142,38.84646],[-9.24958,38.84654],[-9.24918,38.84622],[-9.2493,38.84586],[-9.24952,38.8458],[-9.2499,38.84615],[-9.25019,38.84617],[-9.25115,38.84593],[-9.25329,38.84583],[-9.25414,38.84561],[-9.25456,38.84533],[-9.25448,38.84484],[-9.25534,38.84461],[-9.25542,38.84421],[-9.25518,38.84403],[-9.25392,38.84408],[-9.2518,38.84371],[-9.25043,38.84376],[-9.24933,38.84431],[-9.24775,38.84563],[-9.24931,38.84352],[-9.24942,38.84297],[-9.24918,38.84246],[-9.24815,38.84132],[-9.24762,38.84097],[-9.24737,38.84048],[-9.24619,38.84],[-9.24475,38.83989],[-9.24541,38.83974],[-9.24413,38.83877],[-9.24387,38.83829],[-9.24351,38.83887],[-9.24374,38.83964],[-9.24268,38.83875],[-9.24235,38.83797],[-9.24257,38.83754],[-9.24411,38.8372],[-9.24463,38.83681],[-9.24448,38.83418],[-9.24476,38.83499],[-9.24464,38.83545],[-9.24506,38.83563],[-9.24563,38.83523],[-9.2457,38.83483],[-9.24547,38.83443],[-9.24484,38.83397],[-9.24685,38.83414],[-9.24742,38.83383],[-9.24765,38.83337],[-9.2472,38.83349],[-9.24684,38.83337],[-9.24643,38.8325],[-9.24603,38.83224],[-9.24497,38.83234],[-9.24393,38.83277],[-9.23814,38.83193],[-9.24065,38.83292],[-9.24341,38.83474],[-9.24087,38.83491],[-9.23955,38.83586],[-9.23936,38.83529],[-9.23943,38.83422],[-9.23899,38.83354],[-9.23731,38.83286],[-9.23655,38.83291],[-9.23622,38.83316],[-9.23621,38.83372],[-9.23663,38.83416],[-9.23731,38.83455],[-9.23835,38.83467],[-9.23837,38.83534],[-9.23794,38.83535],[-9.23797,38.83555],[-9.23824,38.83594],[-9.23863,38.83595],[-9.23869,38.83641],[-9.23913,38.83692],[-9.23961,38.83732],[-9.24045,38.83766],[-9.24051,38.83813],[-9.24125,38.83821],[-9.24078,38.83905],[-9.23823,38.84151],[-9.23807,38.84199],[-9.23827,38.84282],[-9.23882,38.843],[-9.23976,38.84281],[-9.24289,38.84149],[-9.24342,38.84155],[-9.24443,38.84203],[-9.24524,38.84207],[-9.24564,38.84186],[-9.24622,38.84122],[-9.24672,38.84158],[-9.24678,38.8424],[-9.24619,38.84314],[-9.24477,38.84399],[-9.2419,38.84479],[-9.24105,38.84517],[-9.24014,38.84617],[-9.23977,38.84751],[-9.23895,38.84756],[-9.23721,38.8472],[-9.23658,38.84731],[-9.23747,38.8477],[-9.24253,38.84908],[-9.24597,38.85064],[-9.24634,38.85066],[-9.24669,38.8503],[-9.24816,38.85072],[-9.24989,38.852],[-9.24839,38.8518],[-9.24829,38.85194],[-9.2485,38.85224]],[[-9.24544,38.84655],[-9.24543,38.84619],[-9.24571,38.84567],[-9.24564,38.84543],[-9.24543,38.84541],[-9.24547,38.84521],[-9.2459,38.84518],[-9.24644,38.84545],[-9.2466,38.84572],[-9.24656,38.84614],[-9.2459,38.84632],[-9.24563,38.84664],[-9.24544,38.84655]],[[-9.25197,38.84418],[-9.25251,38.84448],[-9.25251,38.84472],[-9.25117,38.84508],[-9.25032,38.84519],[-9.25018,38.84507],[-9.25018,38.84495],[-9.25101,38.84461],[-9.25117,38.84417],[-9.25197,38.84418]],[[-9.24326,38.83659],[-9.24214,38.83512],[-9.24317,38.83524],[-9.2438,38.83578],[-9.24403,38.83632],[-9.24326,38.83659]],[[-9.24815,38.84951],[-9.24802,38.84991],[-9.24772,38.85004],[-9.24664,38.8497],[-9.24611,38.84934],[-9.24675,38.8491],[-9.24762,38.84918],[-9.24806,38.84884],[-9.24826,38.8491],[-9.24815,38.84951]],[[-9.24468,38.84833],[-9.24395,38.84742],[-9.24372,38.84669],[-9.24389,38.84613],[-9.2445,38.84571],[-9.24463,38.84582],[-9.24454,38.84615],[-9.24383,38.84673],[-9.24503,38.84664],[-9.24514,38.84733],[-9.24496,38.84798],[-9.24468,38.84833]]],[[[-9.28564,38.84277],[-9.28553,38.84279],[-9.28682,38.84138],[-9.28786,38.83963],[-9.28857,38.83877],[-9.28849,38.83843],[-9.28739,38.8372],[-9.28813,38.83696],[-9.28887,38.83731],[-9.28921,38.83791],[-9.28945,38.83798],[-9.28977,38.83762],[-9.28995,38.83648],[-9.29056,38.83572],[-9.29058,38.83541],[-9.28814,38.83463],[-9.28519,38.83448],[-9.28447,38.83491],[-9.28338,38.83493],[-9.28182,38.83416],[-9.28108,38.83355],[-9.28113,38.83325],[-9.28094,38.83307],[-9.28013,38.83287],[-9.27937,38.83311],[-9.27923,38.83346],[-9.27942,38.83392],[-9.2808,38.83496],[-9.28297,38.83576],[-9.28539,38.83623],[-9.28397,38.83633],[-9.28271,38.83615],[-9.2787,38.83486],[-9.27818,38.83423],[-9.27705,38.8322],[-9.2765,38.83186],[-9.27611,38.83199],[-9.27592,38.83241],[-9.27628,38.83298],[-9.27626,38.83379],[-9.27664,38.83422],[-9.27669,38.83484],[-9.27701,38.83553],[-9.27774,38.83617],[-9.27954,38.83685],[-9.27979,38.83717],[-9.27984,38.83756],[-9.27971,38.83785],[-9.27947,38.83795],[-9.27882,38.83739],[-9.27765,38.83728],[-9.27767,38.83748],[-9.27831,38.83791],[-9.27871,38.83901],[-9.27913,38.83967],[-9.27862,38.8406],[-9.27727,38.84161],[-9.27681,38.84178],[-9.27587,38.84183],[-9.27459,38.84132],[-9.27374,38.84122],[-9.27352,38.84136],[-9.2736,38.84218],[-9.27425,38.84428],[-9.27412,38.84469],[-9.27493,38.84486],[-9.27703,38.84453],[-9.27475,38.84539],[-9.27442,38.84575],[-9.27931,38.84692],[-9.28078,38.847],[-9.28228,38.84679],[-9.28358,38.84632],[-9.2847,38.84559],[-9.28557,38.84446],[-9.28564,38.84409],[-9.28548,38.84376],[-9.28643,38.84382],[-9.28614,38.84284],[-9.28584,38.84269],[-9.28564,38.84277]],[[-9.28424,38.83772],[-9.28449,38.83783],[-9.28453,38.83807],[-9.28394,38.83886],[-9.28291,38.83856],[-9.28292,38.83834],[-9.28333,38.83791],[-9.28424,38.83772]],[[-9.27881,38.84253],[-9.27964,38.84311],[-9.28065,38.84416],[-9.28187,38.84459],[-9.28073,38.84464],[-9.27919,38.84445],[-9.27783,38.84388],[-9.27766,38.84345],[-9.27799,38.84279],[-9.27826,38.84259],[-9.27881,38.84253]]],[[[-9.43924,38.86717],[-9.43949,38.86732],[-9.44074,38.86699],[-9.44141,38.86702],[-9.44307,38.86545],[-9.44563,38.86513],[-9.44631,38.86472],[-9.44652,38.86425],[-9.44643,38.86238],[-9.44601,38.86092],[-9.44619,38.86089],[-9.4464,38.85893],[-9.44628,38.85811],[-9.4445,38.85684],[-9.44314,38.85484],[-9.44268,38.85443],[-9.44226,38.8545],[-9.44186,38.85536],[-9.4411,38.85596],[-9.44097,38.85625],[-9.44213,38.85892],[-9.44228,38.86013],[-9.44206,38.86069],[-9.44013,38.86014],[-9.43823,38.85927],[-9.43759,38.85702],[-9.43752,38.85413],[-9.43705,38.85385],[-9.43517,38.8544],[-9.43409,38.85503],[-9.43313,38.85522],[-9.43203,38.85593],[-9.43163,38.85654],[-9.43238,38.8568],[-9.43256,38.85745],[-9.43243,38.85782],[-9.43208,38.8583],[-9.43072,38.85889],[-9.43047,38.85971],[-9.42871,38.85963],[-9.42785,38.86018],[-9.42702,38.86034],[-9.4258,38.85995],[-9.42493,38.86097],[-9.42495,38.86131],[-9.42548,38.86194],[-9.42645,38.86243],[-9.42747,38.86245],[-9.42855,38.86212],[-9.42995,38.86125],[-9.43247,38.86038],[-9.43068,38.86204],[-9.43043,38.86244],[-9.43053,38.86257],[-9.43436,38.8602],[-9.43479,38.86008],[-9.43548,38.86158],[-9.43605,38.86234],[-9.43641,38.86361],[-9.43677,38.86368],[-9.43765,38.86318],[-9.43806,38.86315],[-9.43903,38.8635],[-9.43949,38.86402],[-9.44042,38.86463],[-9.44056,38.86567],[-9.44019,38.86601],[-9.43899,38.86652],[-9.43891,38.86684],[-9.43924,38.86717]],[[-9.42762,38.86169],[-9.4266,38.86139],[-9.42604,38.86091],[-9.42888,38.86132],[-9.42869,38.86151],[-9.42762,38.86169]]],[[[-9.4284,38.85493],[-9.4293,38.85572],[-9.43027,38.85596],[-9.43167,38.85543],[-9.4324,38.8548],[-9.43223,38.8546],[-9.43178,38.85448],[-9.43051,38.85463],[-9.43035,38.8543],[-9.42992,38.85406],[-9.42848,38.85392],[-9.42727,38.85353],[-9.42775,38.85261],[-9.42768,38.85205],[-9.42561,38.84918],[-9.42351,38.84586],[-9.42339,38.84545],[-9.42359,38.84501],[-9.4242,38.84555],[-9.42558,38.84832],[-9.4269,38.85038],[-9.42767,38.85117],[-9.43038,38.85328],[-9.43258,38.85391],[-9.43539,38.85376],[-9.43711,38.85326],[-9.43767,38.85283],[-9.43782,38.85239],[-9.43744,38.852],[-9.43656,38.8518],[-9.43616,38.85059],[-9.43537,38.85087],[-9.43486,38.85073],[-9.43453,38.85037],[-9.43449,38.84949],[-9.43368,38.84928],[-9.43274,38.8486],[-9.4327,38.84896],[-9.43334,38.85088],[-9.43248,38.85017],[-9.43204,38.85007],[-9.43163,38.85056],[-9.43157,38.85101],[-9.43187,38.85171],[-9.43258,38.85257],[-9.43128,38.85202],[-9.42923,38.85005],[-9.42691,38.84747],[-9.42529,38.8444],[-9.42454,38.8438],[-9.42424,38.84254],[-9.42326,38.84302],[-9.42281,38.84352],[-9.42251,38.84437],[-9.42195,38.84452],[-9.42118,38.84417],[-9.41955,38.84251],[-9.41939,38.84251],[-9.41932,38.84294],[-9.41912,38.84302],[-9.41798,38.84221],[-9.41757,38.84213],[-9.41784,38.84254],[-9.41736,38.84203],[-9.41752,38.84161],[-9.41611,38.84159],[-9.41661,38.84273],[-9.41731,38.84306],[-9.41808,38.84326],[-9.41832,38.84317],[-9.41847,38.84334],[-9.41911,38.84431],[-9.41912,38.84453],[-9.41883,38.84463],[-9.41791,38.8444],[-9.41576,38.84338],[-9.41387,38.84273],[-9.41434,38.84352],[-9.4169,38.8452],[-9.41768,38.84538],[-9.41942,38.84528],[-9.41933,38.84554],[-9.41984,38.84611],[-9.41996,38.84746],[-9.42102,38.84651],[-9.42194,38.84636],[-9.42275,38.84672],[-9.42338,38.84794],[-9.42327,38.84833],[-9.42215,38.84855],[-9.42214,38.84872],[-9.42256,38.84897],[-9.42118,38.8496],[-9.42156,38.85059],[-9.42141,38.85075],[-9.42065,38.8509],[-9.42032,38.8513],[-9.42034,38.85184],[-9.42058,38.85235],[-9.42048,38.85266],[-9.41942,38.85288],[-9.4191,38.85339],[-9.41869,38.85357],[-9.41711,38.85388],[-9.41705,38.8541],[-9.41741,38.85463],[-9.41887,38.85494],[-9.42068,38.85467],[-9.4211,38.85512],[-9.42257,38.8547],[-9.42442,38.85491],[-9.42471,38.85503],[-9.42493,38.85565],[-9.42579,38.8559],[-9.42622,38.85578],[-9.42655,38.85527],[-9.42726,38.85473],[-9.4284,38.85493]],[[-9.42195,38.85402],[-9.42168,38.85397],[-9.42158,38.85376],[-9.42223,38.85351],[-9.42612,38.85376],[-9.42195,38.85402]],[[-9.42316,38.84957],[-9.4242,38.85012],[-9.4243,38.85051],[-9.42377,38.85076],[-9.42372,38.85093],[-9.42519,38.85201],[-9.42531,38.85235],[-9.42461,38.85249],[-9.42269,38.85245],[-9.42214,38.85237],[-9.42171,38.85205],[-9.42153,38.85164],[-9.42207,38.851],[-9.42219,38.85062],[-9.42201,38.84969],[-9.42234,38.84951],[-9.42316,38.84957]]],[[[-9.36348,38.75145],[-9.36396,38.7518],[-9.3642,38.75231],[-9.36374,38.75275],[-9.36211,38.75363],[-9.36169,38.75432],[-9.36169,38.75474],[-9.36262,38.75377],[-9.36493,38.7529],[-9.36665,38.74849],[-9.368,38.74549],[-9.36812,38.74466],[-9.36794,38.74372],[-9.36612,38.74027],[-9.36527,38.73998],[-9.3636,38.74047],[-9.36348,38.74081],[-9.36358,38.74096],[-9.36434,38.74112],[-9.36516,38.74082],[-9.36572,38.74012],[-9.36583,38.74026],[-9.36551,38.74135],[-9.36492,38.74192],[-9.36522,38.74198],[-9.36472,38.74217],[-9.36462,38.74208],[-9.36324,38.74234],[-9.36289,38.74266],[-9.36248,38.74374],[-9.36222,38.74332],[-9.36198,38.74322],[-9.35955,38.74362],[-9.35882,38.74401],[-9.35902,38.74352],[-9.35777,38.74351],[-9.35825,38.74303],[-9.35757,38.74239],[-9.35738,38.74234],[-9.35719,38.74255],[-9.35555,38.74172],[-9.35494,38.7418],[-9.35502,38.74214],[-9.35594,38.7427],[-9.35538,38.74267],[-9.35505,38.74301],[-9.35534,38.74386],[-9.35486,38.74404],[-9.35474,38.74436],[-9.35509,38.74512],[-9.35552,38.74561],[-9.35461,38.74675],[-9.35438,38.74729],[-9.35505,38.74891],[-9.35565,38.74952],[-9.35512,38.74996],[-9.35519,38.75016],[-9.35721,38.75155],[-9.35769,38.75113],[-9.35817,38.75106],[-9.3586,38.7513],[-9.35967,38.75121],[-9.36185,38.75194],[-9.36272,38.75148],[-9.36348,38.75145]],[[-9.36486,38.74426],[-9.36493,38.74505],[-9.36393,38.74838],[-9.36322,38.74937],[-9.3621,38.75026],[-9.36137,38.75042],[-9.35914,38.74988],[-9.35818,38.74934],[-9.35897,38.74974],[-9.3611,38.7502],[-9.36097,38.74982],[-9.36058,38.7495],[-9.35909,38.74933],[-9.35779,38.74903],[-9.35763,38.74882],[-9.35713,38.74708],[-9.35704,38.74448],[-9.35725,38.74394],[-9.35832,38.7439],[-9.35812,38.74423],[-9.35845,38.74433],[-9.35803,38.74478],[-9.35798,38.74523],[-9.35812,38.74597],[-9.35851,38.74648],[-9.35798,38.74652],[-9.35793,38.74713],[-9.35819,38.74739],[-9.35897,38.74754],[-9.35958,38.74732],[-9.35988,38.74697],[-9.35909,38.74724],[-9.35881,38.74673],[-9.35917,38.74692],[-9.35948,38.74678],[-9.3605,38.74486],[-9.36101,38.74491],[-9.36204,38.74604],[-9.36281,38.74638],[-9.36336,38.74606],[-9.36431,38.74446],[-9.36486,38.74426]]],[[[-9.40894,38.79725],[-9.40952,38.79849],[-9.40915,38.79958],[-9.41098,38.79865],[-9.41436,38.79791],[-9.41499,38.79748],[-9.41508,38.79715],[-9.41488,38.79694],[-9.41518,38.79684],[-9.41613,38.79725],[-9.42213,38.7978],[-9.42266,38.79764],[-9.42234,38.79658],[-9.42328,38.79707],[-9.42385,38.79764],[-9.42586,38.79845],[-9.42695,38.79862],[-9.42723,38.79851],[-9.42698,38.79806],[-9.42752,38.79767],[-9.42845,38.79649],[-9.42878,38.79527],[-9.4285,38.79451],[-9.42791,38.79397],[-9.42582,38.79268],[-9.42413,38.79212],[-9.42131,38.79202],[-9.41975,38.79224],[-9.41907,38.79255],[-9.41881,38.79292],[-9.41907,38.79313],[-9.41954,38.79319],[-9.41941,38.79324],[-9.4201,38.79365],[-9.42034,38.79403],[-9.41962,38.79383],[-9.41862,38.79383],[-9.41797,38.79317],[-9.41834,38.79231],[-9.41822,38.79205],[-9.41565,38.79059],[-9.4139,38.79045],[-9.41288,38.79083],[-9.41266,38.79122],[-9.41276,38.79192],[-9.412,38.79208],[-9.41207,38.79304],[-9.41083,38.79399],[-9.41046,38.79512],[-9.41051,38.79655],[-9.40983,38.79623],[-9.40928,38.79534],[-9.40839,38.7951],[-9.40833,38.79591],[-9.40894,38.79725]]],[[[-9.27825,38.82135],[-9.27719,38.82178],[-9.27425,38.82235],[-9.27394,38.82266],[-9.27376,38.82316],[-9.27613,38.82264],[-9.27823,38.82171],[-9.27975,38.82026],[-9.27985,38.81996],[-9.27933,38.82016],[-9.27979,38.81948],[-9.28072,38.81885],[-9.28173,38.8187],[-9.28267,38.818],[-9.28311,38.818],[-9.2869,38.81666],[-9.2894,38.81552],[-9.28961,38.8156],[-9.28931,38.81624],[-9.29045,38.8158],[-9.29159,38.8149],[-9.2915,38.8147],[-9.29063,38.81439],[-9.29067,38.81423],[-9.2922,38.81317],[-9.29241,38.81288],[-9.29239,38.81258],[-9.29156,38.81208],[-9.29109,38.81154],[-9.28861,38.81025],[-9.2883,38.80975],[-9.28813,38.80844],[-9.28771,38.80778],[-9.28756,38.80781],[-9.28748,38.8086],[-9.28722,38.80892],[-9.28668,38.80855],[-9.28555,38.80813],[-9.28381,38.80818],[-9.28374,38.80859],[-9.28425,38.80926],[-9.28449,38.80933],[-9.28492,38.80901],[-9.2852,38.8091],[-9.28586,38.81061],[-9.28643,38.81123],[-9.28629,38.8115],[-9.28544,38.81205],[-9.28545,38.81269],[-9.28602,38.81327],[-9.28787,38.81456],[-9.28707,38.8144],[-9.28431,38.81259],[-9.28329,38.81255],[-9.2828,38.81286],[-9.28269,38.81353],[-9.28249,38.81382],[-9.28127,38.81425],[-9.28121,38.8136],[-9.28101,38.81364],[-9.27877,38.81532],[-9.27746,38.81655],[-9.27633,38.81677],[-9.27559,38.81742],[-9.27535,38.81797],[-9.27544,38.81849],[-9.27586,38.81904],[-9.27688,38.81981],[-9.2769,38.82032],[-9.27524,38.81981],[-9.27361,38.81978],[-9.27313,38.8195],[-9.27285,38.81983],[-9.27293,38.82016],[-9.27429,38.82075],[-9.27457,38.82104],[-9.27096,38.8207],[-9.26891,38.82093],[-9.26833,38.82121],[-9.26857,38.82151],[-9.2692,38.82178],[-9.27248,38.82252],[-9.27825,38.82135]],[[-9.28935,38.81184],[-9.29009,38.81247],[-9.29013,38.81271],[-9.28974,38.81275],[-9.28878,38.8124],[-9.28798,38.81243],[-9.28843,38.81191],[-9.28935,38.81184]]],[[[-9.26538,38.86565],[-9.26556,38.86605],[-9.26556,38.86666],[-9.26497,38.86919],[-9.26519,38.8699],[-9.26565,38.87026],[-9.26698,38.86747],[-9.26755,38.86519],[-9.26731,38.86269],[-9.26617,38.86118],[-9.26778,38.86076],[-9.26813,38.86027],[-9.26826,38.85939],[-9.26997,38.86006],[-9.27062,38.85983],[-9.27096,38.85928],[-9.27229,38.85931],[-9.27368,38.85891],[-9.27384,38.85873],[-9.27335,38.85856],[-9.26856,38.85819],[-9.26792,38.85802],[-9.26756,38.85775],[-9.26749,38.85656],[-9.2697,38.85652],[-9.27039,38.85629],[-9.27079,38.85597],[-9.27116,38.85531],[-9.27158,38.85399],[-9.2715,38.85348],[-9.2712,38.85319],[-9.26843,38.85185],[-9.26689,38.85138],[-9.26487,38.85145],[-9.26392,38.8518],[-9.26321,38.85188],[-9.2614,38.8514],[-9.26104,38.85213],[-9.26037,38.85276],[-9.26003,38.85342],[-9.25959,38.85374],[-9.25949,38.8541],[-9.25886,38.85462],[-9.2588,38.85487],[-9.26063,38.85499],[-9.26048,38.85523],[-9.26156,38.85578],[-9.26128,38.85623],[-9.26185,38.85744],[-9.26191,38.85801],[-9.26177,38.85861],[-9.26143,38.85897],[-9.26197,38.85892],[-9.26244,38.85864],[-9.26289,38.8571],[-9.26335,38.85651],[-9.26364,38.85641],[-9.26493,38.85815],[-9.26632,38.85951],[-9.26622,38.85966],[-9.26413,38.85945],[-9.26275,38.85963],[-9.26203,38.85998],[-9.26152,38.86085],[-9.26217,38.8614],[-9.26313,38.86155],[-9.26457,38.86213],[-9.26514,38.86252],[-9.26533,38.86321],[-9.2661,38.86395],[-9.26612,38.86436],[-9.26592,38.86464],[-9.26572,38.86465],[-9.26563,38.86428],[-9.26525,38.86394],[-9.26366,38.86334],[-9.26317,38.8634],[-9.26312,38.86376],[-9.26254,38.86408],[-9.26288,38.86456],[-9.26386,38.86522],[-9.26491,38.86565],[-9.26538,38.86565]]],[[[-9.27969,38.83181],[-9.28215,38.83327],[-9.28406,38.83403],[-9.28633,38.83429],[-9.28823,38.8341],[-9.28892,38.83382],[-9.28959,38.83312],[-9.29113,38.83228],[-9.29388,38.83002],[-9.2944,38.82913],[-9.29432,38.82793],[-9.29536,38.82735],[-9.29557,38.82689],[-9.29541,38.82669],[-9.29432,38.8264],[-9.29317,38.8254],[-9.29168,38.82493],[-9.29128,38.82505],[-9.29061,38.82574],[-9.29019,38.82585],[-9.29011,38.82497],[-9.2897,38.82464],[-9.2895,38.82508],[-9.28915,38.82536],[-9.28883,38.82541],[-9.2884,38.82508],[-9.28733,38.82618],[-9.28626,38.82632],[-9.28613,38.82657],[-9.28622,38.82688],[-9.28702,38.82755],[-9.28646,38.82866],[-9.28825,38.82854],[-9.28879,38.82879],[-9.28736,38.82939],[-9.28709,38.82977],[-9.28745,38.83019],[-9.28899,38.8308],[-9.28916,38.83105],[-9.289,38.83126],[-9.28773,38.83098],[-9.28659,38.83027],[-9.28586,38.82949],[-9.28496,38.82765],[-9.28454,38.82722],[-9.28232,38.82724],[-9.27953,38.82762],[-9.27887,38.82805],[-9.27893,38.8284],[-9.28215,38.82989],[-9.283,38.83056],[-9.28369,38.83137],[-9.28192,38.83036],[-9.28068,38.82989],[-9.27996,38.82986],[-9.27826,38.83035],[-9.27824,38.83057],[-9.27849,38.83089],[-9.27969,38.83181]]],[[[-9.24759,38.86649],[-9.24684,38.8666],[-9.24619,38.86645],[-9.24641,38.86777],[-9.24624,38.86836],[-9.24589,38.86617],[-9.24686,38.86492],[-9.24702,38.86439],[-9.24629,38.86309],[-9.24528,38.86282],[-9.24407,38.86282],[-9.24205,38.86341],[-9.24133,38.86446],[-9.24119,38.86476],[-9.24148,38.86498],[-9.24087,38.86547],[-9.24041,38.8669],[-9.24038,38.86821],[-9.24016,38.86868],[-9.24006,38.86984],[-9.24014,38.87069],[-9.24048,38.87142],[-9.2412,38.87197],[-9.24203,38.87222],[-9.24342,38.87233],[-9.24589,38.87205],[-9.24643,38.87254],[-9.24775,38.87265],[-9.2488,38.87235],[-9.24936,38.87153],[-9.25014,38.87194],[-9.25149,38.87146],[-9.25289,38.87043],[-9.25403,38.86908],[-9.25403,38.86863],[-9.25363,38.86824],[-9.25316,38.86804],[-9.25253,38.86804],[-9.25241,38.86714],[-9.25197,38.86646],[-9.25161,38.86629],[-9.25085,38.86626],[-9.25119,38.86566],[-9.25112,38.86555],[-9.24975,38.86571],[-9.24745,38.86657],[-9.24759,38.86649]],[[-9.24456,38.86524],[-9.24461,38.86587],[-9.24376,38.86667],[-9.24402,38.8673],[-9.24321,38.86734],[-9.2431,38.86696],[-9.24347,38.86612],[-9.24395,38.8656],[-9.24456,38.86524]],[[-9.24602,38.86957],[-9.24733,38.86938],[-9.24784,38.86905],[-9.24902,38.86964],[-9.24877,38.86989],[-9.24765,38.87031],[-9.24594,38.86966],[-9.24602,38.86957]],[[-9.24519,38.86822],[-9.24539,38.86923],[-9.24512,38.86958],[-9.24337,38.8694],[-9.24289,38.86908],[-9.24302,38.86879],[-9.24327,38.86887],[-9.24448,38.86826],[-9.24519,38.86822]]],[[[-9.29316,38.81231],[-9.29239,38.81384],[-9.29242,38.81419],[-9.29487,38.81272],[-9.30039,38.81099],[-9.30038,38.81072],[-9.3001,38.81053],[-9.29865,38.81036],[-9.29849,38.81021],[-9.29988,38.8091],[-9.30149,38.8068],[-9.30181,38.80679],[-9.30206,38.80719],[-9.30186,38.80811],[-9.30254,38.80792],[-9.30275,38.80743],[-9.30274,38.80678],[-9.30169,38.80576],[-9.30151,38.80468],[-9.30183,38.80431],[-9.30272,38.80395],[-9.30383,38.80323],[-9.30467,38.80318],[-9.30501,38.80291],[-9.30413,38.80267],[-9.30254,38.80261],[-9.30235,38.80277],[-9.3021,38.80346],[-9.30181,38.80331],[-9.30161,38.80296],[-9.30164,38.80177],[-9.30261,38.802],[-9.30351,38.80143],[-9.30392,38.80093],[-9.30393,38.8005],[-9.30336,38.79987],[-9.3029,38.80072],[-9.3018,38.80154],[-9.30273,38.80037],[-9.30357,38.79891],[-9.30401,38.79722],[-9.30374,38.79669],[-9.30128,38.79596],[-9.3007,38.79608],[-9.30082,38.79629],[-9.30229,38.79699],[-9.30252,38.79732],[-9.30143,38.79924],[-9.30122,38.80046],[-9.29979,38.80101],[-9.29921,38.8015],[-9.29904,38.80259],[-9.29859,38.80367],[-9.29851,38.80451],[-9.29799,38.80517],[-9.29752,38.80636],[-9.29711,38.80685],[-9.29579,38.80734],[-9.29412,38.8086],[-9.29372,38.8084],[-9.29278,38.80725],[-9.2919,38.80699],[-9.2918,38.80848],[-9.29221,38.80956],[-9.2923,38.81056],[-9.29184,38.81005],[-9.2915,38.80929],[-9.29194,38.80929],[-9.29168,38.80836],[-9.29181,38.80731],[-9.29153,38.80725],[-9.29124,38.80678],[-9.2911,38.80678],[-9.29123,38.80838],[-9.29095,38.80747],[-9.29056,38.80698],[-9.29024,38.80688],[-9.28881,38.80703],[-9.289,38.8076],[-9.29168,38.811],[-9.29287,38.81228],[-9.29316,38.81231]]],[[[-9.47337,38.7701],[-9.47278,38.77099],[-9.47126,38.77254],[-9.47121,38.77284],[-9.47148,38.77313],[-9.47195,38.77333],[-9.47268,38.77337],[-9.47456,38.7729],[-9.47601,38.77229],[-9.47728,38.77099],[-9.478,38.77057],[-9.4809,38.76983],[-9.48211,38.77005],[-9.48312,38.76973],[-9.48376,38.76922],[-9.48386,38.76886],[-9.4826,38.76905],[-9.4819,38.76891],[-9.48146,38.76833],[-9.48156,38.76772],[-9.48203,38.76739],[-9.48313,38.76706],[-9.48457,38.76591],[-9.48527,38.76593],[-9.48663,38.76566],[-9.48669,38.76545],[-9.48635,38.76511],[-9.48537,38.76464],[-9.4832,38.76413],[-9.48183,38.76295],[-9.48161,38.76233],[-9.48167,38.76166],[-9.48143,38.76129],[-9.48089,38.7609],[-9.48045,38.76094],[-9.47944,38.76167],[-9.4769,38.76433],[-9.47414,38.76684],[-9.47379,38.76753],[-9.47337,38.7701]],[[-9.48129,38.76614],[-9.47891,38.76812],[-9.47925,38.76758],[-9.48056,38.76627],[-9.48264,38.76479],[-9.48129,38.76614]]],[[[-9.35285,38.89777],[-9.35336,38.89795],[-9.35445,38.89768],[-9.35527,38.89732],[-9.35566,38.89693],[-9.3584,38.89572],[-9.3591,38.89523],[-9.35944,38.89471],[-9.359,38.89413],[-9.35871,38.89408],[-9.3583,38.89425],[-9.35858,38.89405],[-9.35979,38.89378],[-9.35845,38.892],[-9.35815,38.89237],[-9.35814,38.89319],[-9.35657,38.89378],[-9.35666,38.89394],[-9.35707,38.89402],[-9.35305,38.89499],[-9.35307,38.89468],[-9.3533,38.89436],[-9.35476,38.89343],[-9.35544,38.89277],[-9.35658,38.89092],[-9.35679,38.88841],[-9.35645,38.88482],[-9.35623,38.88415],[-9.35546,38.88378],[-9.35485,38.88294],[-9.35369,38.88278],[-9.35415,38.88589],[-9.3541,38.88661],[-9.35391,38.88691],[-9.3536,38.88501],[-9.35305,38.88351],[-9.35192,38.88176],[-9.35144,38.88136],[-9.35097,38.88123],[-9.35059,38.88144],[-9.35054,38.88185],[-9.35209,38.88524],[-9.35232,38.88641],[-9.35248,38.88872],[-9.3527,38.88907],[-9.35345,38.88941],[-9.35217,38.89043],[-9.35113,38.89077],[-9.35057,38.89117],[-9.35032,38.89163],[-9.35071,38.89191],[-9.35,38.89259],[-9.34974,38.89346],[-9.34972,38.89426],[-9.34999,38.89516],[-9.35053,38.89498],[-9.35063,38.89524],[-9.35002,38.89536],[-9.35021,38.89587],[-9.35096,38.89623],[-9.351,38.89608],[-9.35128,38.89602],[-9.35141,38.89628],[-9.35183,38.89619],[-9.3519,38.89683],[-9.35219,38.89754],[-9.35243,38.89778],[-9.3528,38.89767],[-9.35285,38.89777]]],[[[-9.3637,38.79863],[-9.36459,38.79918],[-9.36449,38.79993],[-9.36462,38.80005],[-9.36504,38.79979],[-9.36573,38.79826],[-9.36607,38.79787],[-9.36635,38.79886],[-9.36705,38.7992],[-9.36728,38.7995],[-9.36883,38.79877],[-9.36899,38.79879],[-9.36865,38.79938],[-9.36933,38.79915],[-9.37214,38.79727],[-9.3727,38.79744],[-9.37313,38.79787],[-9.37381,38.79733],[-9.37437,38.79716],[-9.37806,38.79744],[-9.37861,38.79767],[-9.37962,38.79852],[-9.37986,38.79852],[-9.38001,38.79818],[-9.37947,38.79713],[-9.37875,38.7966],[-9.37536,38.79562],[-9.37409,38.79552],[-9.37321,38.79441],[-9.37305,38.79349],[-9.37284,38.79319],[-9.37221,38.79318],[-9.37162,38.79337],[-9.37144,38.79358],[-9.37095,38.79295],[-9.37051,38.79418],[-9.37,38.79451],[-9.36977,38.79431],[-9.36921,38.79282],[-9.36884,38.79251],[-9.36833,38.79239],[-9.36744,38.79252],[-9.36679,38.79283],[-9.36637,38.79333],[-9.36596,38.79425],[-9.36422,38.79393],[-9.3636,38.7943],[-9.36337,38.79488],[-9.36336,38.79554],[-9.36362,38.79614],[-9.36433,38.79682],[-9.36413,38.79729],[-9.36449,38.79802],[-9.36436,38.7982],[-9.36231,38.79643],[-9.36132,38.79504],[-9.36213,38.79419],[-9.36212,38.79256],[-9.36226,38.79199],[-9.36252,38.79188],[-9.36342,38.79222],[-9.36423,38.79179],[-9.36487,38.79087],[-9.36481,38.78963],[-9.36442,38.78948],[-9.3636,38.7899],[-9.36232,38.79011],[-9.36105,38.79142],[-9.36075,38.79276],[-9.36035,38.79235],[-9.36012,38.79161],[-9.35945,38.79069],[-9.3592,38.79061],[-9.35891,38.79112],[-9.35923,38.7928],[-9.36075,38.79517],[-9.3637,38.79863]],[[-9.36849,38.79699],[-9.36799,38.79711],[-9.36771,38.79697],[-9.36789,38.79623],[-9.36927,38.79609],[-9.37,38.79636],[-9.36917,38.79666],[-9.36887,38.79695],[-9.36892,38.79679],[-9.36849,38.79699]]],[[[-9.30773,38.88095],[-9.30994,38.88168],[-9.31045,38.88204],[-9.31185,38.8826],[-9.31304,38.88284],[-9.31389,38.88265],[-9.31474,38.88214],[-9.3161,38.88015],[-9.31756,38.88072],[-9.31869,38.88075],[-9.31932,38.8806],[-9.31952,38.88043],[-9.31952,38.88015],[-9.31848,38.87863],[-9.31804,38.87769],[-9.31848,38.87661],[-9.31922,38.87553],[-9.31923,38.87525],[-9.31876,38.87511],[-9.31737,38.87537],[-9.31641,38.87593],[-9.31679,38.87547],[-9.31693,38.87501],[-9.3158,38.87382],[-9.31541,38.87375],[-9.31521,38.87414],[-9.31473,38.87446],[-9.31582,38.87497],[-9.31614,38.87543],[-9.31611,38.87584],[-9.3158,38.87609],[-9.31413,38.87601],[-9.31396,38.87576],[-9.31399,38.87428],[-9.31323,38.87411],[-9.31288,38.87356],[-9.31232,38.87315],[-9.31152,38.8739],[-9.31138,38.87473],[-9.3111,38.87466],[-9.31042,38.87488],[-9.30981,38.87594],[-9.30952,38.87758],[-9.31093,38.87871],[-9.31109,38.87898],[-9.31091,38.8791],[-9.3101,38.87903],[-9.30735,38.878],[-9.30578,38.87765],[-9.3053,38.87731],[-9.30459,38.87618],[-9.30401,38.87603],[-9.30366,38.87616],[-9.30351,38.87645],[-9.3036,38.87691],[-9.30432,38.87812],[-9.30738,38.88041],[-9.30773,38.88095]]],[[[-9.40372,38.8001],[-9.40429,38.80018],[-9.40702,38.79999],[-9.40824,38.79956],[-9.40885,38.79913],[-9.40915,38.79868],[-9.40919,38.79825],[-9.40799,38.79615],[-9.40775,38.79538],[-9.40826,38.79477],[-9.4093,38.7941],[-9.4093,38.79367],[-9.4087,38.79281],[-9.41024,38.79315],[-9.41189,38.79297],[-9.41147,38.79213],[-9.41104,38.79163],[-9.41032,38.79121],[-9.40979,38.79123],[-9.4079,38.79075],[-9.40669,38.79066],[-9.40589,38.7908],[-9.40491,38.79131],[-9.40411,38.79204],[-9.40364,38.79296],[-9.40368,38.79395],[-9.40032,38.79556],[-9.40005,38.79582],[-9.40003,38.79646],[-9.39981,38.79675],[-9.39899,38.79685],[-9.3974,38.79642],[-9.39681,38.7966],[-9.39689,38.79687],[-9.39901,38.79795],[-9.40023,38.79956],[-9.40264,38.8],[-9.40303,38.79992],[-9.40306,38.79963],[-9.40372,38.8001]]],[[[-9.30029,38.87949],[-9.30009,38.87944],[-9.29987,38.87762],[-9.29958,38.87691],[-9.29924,38.87665],[-9.29818,38.87703],[-9.29634,38.87702],[-9.29511,38.87733],[-9.29271,38.87886],[-9.29226,38.87932],[-9.29203,38.87986],[-9.29146,38.87991],[-9.29086,38.88022],[-9.29032,38.88078],[-9.2889,38.88077],[-9.28956,38.88164],[-9.28977,38.88228],[-9.28961,38.88258],[-9.28888,38.88224],[-9.28844,38.88224],[-9.2885,38.88291],[-9.28911,38.88347],[-9.29011,38.88271],[-9.29097,38.88106],[-9.2911,38.88141],[-9.29115,38.88417],[-9.29032,38.88469],[-9.28972,38.88547],[-9.28918,38.88672],[-9.28913,38.88751],[-9.2895,38.88754],[-9.29109,38.88616],[-9.29184,38.88579],[-9.29366,38.88588],[-9.29554,38.88565],[-9.29719,38.88595],[-9.29786,38.88573],[-9.29835,38.88516],[-9.29849,38.88442],[-9.29796,38.88236],[-9.30005,38.87997],[-9.30029,38.87949]],[[-9.29289,38.87911],[-9.29825,38.87813],[-9.29624,38.8788],[-9.29385,38.87928],[-9.29322,38.87931],[-9.29289,38.87911]],[[-9.29187,38.88393],[-9.29208,38.88366],[-9.29255,38.88351],[-9.29288,38.88356],[-9.29305,38.88378],[-9.29299,38.88452],[-9.29247,38.88533],[-9.29175,38.88522],[-9.29162,38.8846],[-9.29187,38.88393]]],[[[-9.48658,38.78281],[-9.48797,38.7823],[-9.48882,38.78235],[-9.4897,38.78208],[-9.49156,38.78076],[-9.49167,38.78087],[-9.49134,38.78177],[-9.49136,38.78215],[-9.49171,38.78229],[-9.49247,38.78214],[-9.49566,38.78035],[-9.49576,38.77985],[-9.49536,38.77935],[-9.49449,38.77886],[-9.49298,38.77835],[-9.4916,38.77819],[-9.49091,38.77787],[-9.49032,38.77726],[-9.49009,38.77648],[-9.48964,38.77581],[-9.48861,38.77502],[-9.48774,38.77491],[-9.48735,38.77553],[-9.4859,38.77451],[-9.48412,38.77412],[-9.48356,38.77438],[-9.48235,38.77355],[-9.48175,38.77356],[-9.48115,38.77448],[-9.4812,38.77466],[-9.48229,38.77482],[-9.48336,38.77524],[-9.48428,38.77591],[-9.48457,38.77649],[-9.48447,38.77719],[-9.48385,38.77816],[-9.48487,38.77998],[-9.48392,38.7793],[-9.48346,38.77922],[-9.48309,38.77946],[-9.48297,38.78019],[-9.48582,38.78216],[-9.48557,38.78225],[-9.48493,38.78203],[-9.48512,38.7822],[-9.48583,38.78262],[-9.48658,38.78281]]],[[[-9.31658,38.78764],[-9.31855,38.78813],[-9.31761,38.78766],[-9.31335,38.78666],[-9.31237,38.78619],[-9.31149,38.78544],[-9.3112,38.7846],[-9.31156,38.78409],[-9.31238,38.78357],[-9.31216,38.78263],[-9.31234,38.7822],[-9.31155,38.78213],[-9.30869,38.78246],[-9.3073,38.78226],[-9.3127,38.78179],[-9.31572,38.78278],[-9.31819,38.78332],[-9.31504,38.78211],[-9.31594,38.78187],[-9.31362,38.7814],[-9.31349,38.78071],[-9.31362,38.78031],[-9.31407,38.7798],[-9.31394,38.7796],[-9.31334,38.7798],[-9.31194,38.78111],[-9.31058,38.78161],[-9.30804,38.78168],[-9.30764,38.78139],[-9.30737,38.7807],[-9.30779,38.78047],[-9.30862,38.78075],[-9.309,38.78068],[-9.30933,38.77984],[-9.30938,38.77891],[-9.31171,38.77926],[-9.31433,38.77869],[-9.31531,38.77868],[-9.31637,38.77811],[-9.31684,38.77765],[-9.31701,38.77726],[-9.31545,38.7772],[-9.31502,38.77689],[-9.31459,38.77588],[-9.31434,38.77565],[-9.31297,38.77521],[-9.31223,38.7753],[-9.31144,38.77569],[-9.31126,38.77612],[-9.31276,38.77666],[-9.31253,38.7779],[-9.31133,38.77704],[-9.31119,38.7771],[-9.31142,38.77767],[-9.31131,38.77806],[-9.31042,38.77776],[-9.30824,38.77779],[-9.30726,38.77742],[-9.30721,38.77776],[-9.3075,38.77834],[-9.30744,38.77878],[-9.30843,38.7795],[-9.30779,38.77951],[-9.30656,38.7791],[-9.30641,38.77947],[-9.3064,38.78111],[-9.30615,38.78145],[-9.30578,38.78105],[-9.3055,38.78014],[-9.30605,38.77772],[-9.30521,38.7779],[-9.30453,38.77846],[-9.30426,38.77714],[-9.30401,38.77691],[-9.30313,38.77716],[-9.30254,38.77762],[-9.30214,38.77912],[-9.30313,38.77956],[-9.30328,38.77977],[-9.30245,38.78082],[-9.30339,38.78052],[-9.3036,38.78066],[-9.30442,38.78053],[-9.30483,38.7807],[-9.30531,38.78113],[-9.30677,38.78327],[-9.30696,38.78342],[-9.30691,38.78309],[-9.30706,38.78321],[-9.30742,38.7839],[-9.31262,38.78758],[-9.31461,38.78817],[-9.31574,38.78799],[-9.3175,38.78799],[-9.31632,38.78763],[-9.31658,38.78764]],[[-9.30969,38.78313],[-9.31083,38.78329],[-9.31098,38.78345],[-9.3104,38.7838],[-9.3102,38.78373],[-9.3103,38.78342],[-9.30883,38.78373],[-9.30822,38.78317],[-9.30863,38.78301],[-9.30969,38.78313]]],[[[-9.30079,38.85087],[-9.30094,38.85109],[-9.30192,38.85145],[-9.30326,38.8515],[-9.30423,38.85117],[-9.3054,38.85033],[-9.30583,38.84964],[-9.30576,38.8492],[-9.30547,38.84921],[-9.30403,38.84996],[-9.30328,38.85014],[-9.30276,38.85004],[-9.30148,38.84937],[-9.30174,38.84908],[-9.3033,38.84833],[-9.30483,38.84855],[-9.30636,38.84811],[-9.30954,38.84848],[-9.31028,38.84833],[-9.31029,38.84799],[-9.31008,38.84777],[-9.30874,38.84757],[-9.31083,38.84649],[-9.31109,38.84612],[-9.3107,38.84589],[-9.3114,38.8454],[-9.30698,38.84665],[-9.30703,38.84654],[-9.30575,38.84647],[-9.30516,38.8463],[-9.30558,38.84603],[-9.30551,38.84551],[-9.30498,38.84486],[-9.30504,38.84453],[-9.30485,38.8442],[-9.30425,38.84397],[-9.30384,38.84396],[-9.30367,38.84433],[-9.30406,38.84497],[-9.30399,38.84542],[-9.30432,38.84581],[-9.30347,38.84508],[-9.30319,38.84501],[-9.30292,38.84536],[-9.30289,38.84606],[-9.30269,38.84559],[-9.30253,38.84571],[-9.30264,38.84679],[-9.30245,38.84718],[-9.302,38.84721],[-9.30137,38.8468],[-9.3011,38.84691],[-9.3026,38.84426],[-9.30462,38.84196],[-9.30527,38.84153],[-9.30589,38.84141],[-9.3052,38.84278],[-9.30531,38.84328],[-9.30554,38.84348],[-9.30582,38.84344],[-9.30641,38.84278],[-9.30649,38.84366],[-9.30588,38.84383],[-9.30634,38.84402],[-9.30599,38.84463],[-9.30685,38.84409],[-9.30704,38.84379],[-9.30707,38.84325],[-9.30691,38.84291],[-9.3065,38.84268],[-9.30692,38.8423],[-9.30864,38.84156],[-9.30977,38.84073],[-9.30947,38.8407],[-9.30949,38.83995],[-9.3087,38.83892],[-9.30807,38.83881],[-9.3072,38.83915],[-9.30772,38.83939],[-9.30829,38.83922],[-9.30862,38.83985],[-9.30852,38.83998],[-9.3075,38.83996],[-9.30729,38.84016],[-9.30733,38.8404],[-9.3069,38.83995],[-9.30623,38.83973],[-9.30595,38.83979],[-9.30495,38.84045],[-9.30386,38.84161],[-9.30326,38.84198],[-9.30166,38.84408],[-9.2998,38.84615],[-9.29955,38.84777],[-9.29942,38.84691],[-9.29914,38.84666],[-9.29895,38.8467],[-9.29895,38.84786],[-9.29833,38.84954],[-9.29844,38.85053],[-9.29869,38.85075],[-9.29902,38.85068],[-9.29901,38.84975],[-9.29944,38.84873],[-9.29955,38.84781],[-9.29967,38.84863],[-9.29926,38.84932],[-9.2991,38.84997],[-9.2993,38.85089],[-9.29955,38.85104],[-9.30012,38.85088],[-9.29995,38.85121],[-9.30079,38.85087]]],[[[-9.24995,38.81189],[-9.25031,38.81196],[-9.25049,38.81183],[-9.25002,38.81147],[-9.2484,38.81095],[-9.24816,38.81067],[-9.24824,38.80994],[-9.24871,38.80889],[-9.24861,38.8082],[-9.24683,38.80607],[-9.24567,38.80499],[-9.24355,38.80097],[-9.24343,38.80036],[-9.24452,38.80189],[-9.24526,38.80254],[-9.24594,38.80406],[-9.24677,38.80495],[-9.24734,38.80506],[-9.24818,38.80441],[-9.24815,38.80341],[-9.24527,38.79806],[-9.24477,38.79742],[-9.24379,38.79687],[-9.24331,38.79702],[-9.2428,38.79772],[-9.24233,38.79779],[-9.24165,38.79765],[-9.24119,38.79856],[-9.24097,38.79996],[-9.241,38.80091],[-9.24129,38.80185],[-9.24248,38.8034],[-9.2433,38.80521],[-9.24328,38.80564],[-9.24291,38.80603],[-9.24299,38.80643],[-9.24466,38.80835],[-9.2471,38.81],[-9.24687,38.81034],[-9.24646,38.81032],[-9.24528,38.80949],[-9.24533,38.80984],[-9.24581,38.8104],[-9.24758,38.81129],[-9.24995,38.81189]]],[[[-9.28025,38.89256],[-9.28157,38.89283],[-9.28271,38.89286],[-9.28385,38.89268],[-9.28494,38.89213],[-9.28577,38.89111],[-9.28655,38.88945],[-9.28674,38.88873],[-9.28669,38.88685],[-9.28415,38.886],[-9.28323,38.88496],[-9.28274,38.88473],[-9.28263,38.88482],[-9.28271,38.8858],[-9.28242,38.88668],[-9.28184,38.88738],[-9.2809,38.88798],[-9.28059,38.88797],[-9.28006,38.88696],[-9.27975,38.88696],[-9.27981,38.88605],[-9.27932,38.88561],[-9.27854,38.88573],[-9.27787,38.8861],[-9.27876,38.88625],[-9.27908,38.88653],[-9.27923,38.88622],[-9.2796,38.88702],[-9.27821,38.88637],[-9.27753,38.88654],[-9.27668,38.88712],[-9.27596,38.88811],[-9.27619,38.88904],[-9.27581,38.8893],[-9.2758,38.88961],[-9.27778,38.89048],[-9.27792,38.89082],[-9.27771,38.89154],[-9.27808,38.89193],[-9.27915,38.8924],[-9.28025,38.89256]],[[-9.28021,38.89008],[-9.28273,38.8917],[-9.27962,38.8906],[-9.27828,38.88958],[-9.27887,38.8896],[-9.28021,38.89008]],[[-9.28459,38.88991],[-9.28433,38.88971],[-9.28526,38.88857],[-9.28535,38.88798],[-9.2852,38.88741],[-9.28533,38.88735],[-9.28589,38.88786],[-9.2861,38.88889],[-9.28547,38.88964],[-9.28459,38.88991]]],[[[-9.32438,38.75484],[-9.32414,38.75523],[-9.32204,38.75727],[-9.32182,38.75775],[-9.32194,38.75803],[-9.32258,38.75817],[-9.32337,38.75783],[-9.32568,38.75563],[-9.32612,38.75499],[-9.32733,38.75143],[-9.32689,38.75027],[-9.32577,38.74914],[-9.32419,38.74841],[-9.32288,38.74811],[-9.32273,38.74747],[-9.32176,38.74778],[-9.3208,38.7477],[-9.32025,38.74822],[-9.31994,38.74802],[-9.31972,38.74912],[-9.31813,38.74934],[-9.31708,38.74978],[-9.31714,38.75007],[-9.31788,38.75061],[-9.31776,38.75091],[-9.31797,38.75082],[-9.31813,38.75097],[-9.31806,38.75132],[-9.3177,38.75163],[-9.31769,38.75187],[-9.31731,38.75229],[-9.31743,38.75308],[-9.31773,38.75353],[-9.31887,38.75451],[-9.31972,38.75493],[-9.32074,38.75435],[-9.32233,38.75264],[-9.32257,38.75196],[-9.32256,38.75067],[-9.32306,38.74987],[-9.32346,38.74975],[-9.32432,38.75016],[-9.32466,38.75078],[-9.32468,38.75229],[-9.3242,38.75288],[-9.32293,38.75371],[-9.32217,38.75455],[-9.32154,38.7559],[-9.32141,38.75694],[-9.32173,38.7569],[-9.32219,38.75652],[-9.32276,38.75575],[-9.3229,38.75517],[-9.32438,38.75484]],[[-9.31989,38.75369],[-9.31855,38.75303],[-9.31846,38.75268],[-9.3196,38.75203],[-9.32044,38.75193],[-9.32065,38.75263],[-9.32059,38.75313],[-9.32031,38.7536],[-9.31989,38.75369]]],[[[-9.45289,38.79993],[-9.45359,38.80045],[-9.4558,38.80143],[-9.45642,38.80147],[-9.45741,38.80119],[-9.45758,38.80143],[-9.45849,38.80103],[-9.45886,38.80046],[-9.45882,38.79987],[-9.46051,38.79966],[-9.4617,38.7991],[-9.46234,38.79845],[-9.46285,38.79737],[-9.4634,38.79682],[-9.46505,38.79676],[-9.46595,38.79695],[-9.46605,38.79671],[-9.46461,38.79514],[-9.4639,38.79476],[-9.46242,38.79515],[-9.46091,38.79661],[-9.46059,38.79675],[-9.46038,38.79657],[-9.46028,38.79615],[-9.46065,38.79461],[-9.4605,38.79411],[-9.45636,38.79348],[-9.45583,38.79414],[-9.4556,38.79507],[-9.45481,38.79541],[-9.45455,38.796],[-9.45486,38.79737],[-9.4552,38.79775],[-9.45597,38.79819],[-9.45598,38.79849],[-9.4543,38.79886],[-9.45019,38.79897],[-9.4511,38.79948],[-9.45289,38.79993]]],[[[-9.45397,38.79118],[-9.45402,38.79197],[-9.45367,38.79281],[-9.45375,38.79315],[-9.45407,38.79317],[-9.45476,38.79285],[-9.45541,38.79311],[-9.4583,38.7935],[-9.45853,38.79341],[-9.45851,38.79329],[-9.45785,38.79278],[-9.45594,38.79237],[-9.45578,38.79216],[-9.45789,38.79185],[-9.45866,38.79159],[-9.45949,38.791],[-9.45986,38.79036],[-9.4598,38.79011],[-9.45948,38.79003],[-9.45817,38.79026],[-9.45761,38.79019],[-9.45687,38.78954],[-9.45622,38.78815],[-9.45608,38.7874],[-9.45611,38.7863],[-9.45521,38.78367],[-9.45487,38.78314],[-9.45434,38.78286],[-9.45213,38.78348],[-9.4514,38.78387],[-9.45103,38.78467],[-9.45118,38.78612],[-9.4511,38.78621],[-9.45066,38.78596],[-9.45042,38.786],[-9.45008,38.78645],[-9.44995,38.78697],[-9.45023,38.7884],[-9.45109,38.78959],[-9.45318,38.79172],[-9.45363,38.79167],[-9.45395,38.79109],[-9.45369,38.79047],[-9.45267,38.78949],[-9.45395,38.79074],[-9.45397,38.79118]]],[[[-9.46772,38.7907],[-9.46896,38.79124],[-9.46933,38.79097],[-9.47015,38.78985],[-9.47302,38.78943],[-9.47426,38.78866],[-9.47456,38.78827],[-9.47453,38.78789],[-9.47408,38.78792],[-9.47338,38.78836],[-9.47328,38.78826],[-9.47349,38.78766],[-9.47435,38.7863],[-9.47445,38.78574],[-9.47431,38.78539],[-9.4737,38.78493],[-9.47294,38.7848],[-9.47189,38.78386],[-9.47058,38.78309],[-9.47043,38.78338],[-9.4707,38.7843],[-9.47066,38.78513],[-9.47023,38.7855],[-9.46912,38.7858],[-9.46958,38.78698],[-9.46954,38.78726],[-9.46834,38.78675],[-9.46802,38.78716],[-9.46752,38.78712],[-9.46664,38.78554],[-9.46528,38.78612],[-9.46224,38.78668],[-9.46167,38.7871],[-9.46149,38.78796],[-9.46166,38.78843],[-9.46197,38.78873],[-9.46302,38.78914],[-9.46697,38.79011],[-9.46717,38.79029],[-9.46711,38.79067],[-9.46772,38.7907]],[[-9.47116,38.78626],[-9.47146,38.78654],[-9.47144,38.78692],[-9.4709,38.78794],[-9.47032,38.78693],[-9.47069,38.7864],[-9.47116,38.78626]]],[[[-9.31024,38.87299],[-9.31056,38.87363],[-9.31073,38.87365],[-9.31077,38.87272],[-9.31022,38.87147],[-9.30954,38.87081],[-9.30823,38.87047],[-9.30813,38.86959],[-9.30934,38.86614],[-9.30951,38.86608],[-9.31041,38.8666],[-9.31141,38.86666],[-9.31197,38.86519],[-9.31156,38.86456],[-9.31089,38.86483],[-9.31062,38.86473],[-9.30937,38.86284],[-9.30881,38.86232],[-9.30847,38.86228],[-9.30731,38.86333],[-9.30543,38.86411],[-9.30414,38.86499],[-9.30366,38.86574],[-9.30313,38.86763],[-9.30217,38.86894],[-9.3023,38.8691],[-9.30268,38.86905],[-9.30446,38.86826],[-9.30456,38.86864],[-9.30397,38.87035],[-9.30452,38.871],[-9.30573,38.87089],[-9.30859,38.87143],[-9.30909,38.87168],[-9.30929,38.87201],[-9.3087,38.87264],[-9.30883,38.87297],[-9.30983,38.87326],[-9.31009,38.87321],[-9.31009,38.87298],[-9.31024,38.87299]],[[-9.30656,38.86612],[-9.3057,38.8672],[-9.30518,38.86718],[-9.30527,38.86631],[-9.30562,38.86571],[-9.30661,38.86511],[-9.30704,38.86518],[-9.30728,38.86546],[-9.30724,38.8657],[-9.30656,38.86612]]],[[[-9.43229,38.80326],[-9.43212,38.80345],[-9.43338,38.80287],[-9.43768,38.79971],[-9.44165,38.79987],[-9.44117,38.79963],[-9.43683,38.79845],[-9.43638,38.79794],[-9.43589,38.79684],[-9.43603,38.79666],[-9.4369,38.79667],[-9.437,38.79652],[-9.43578,38.79558],[-9.43457,38.79527],[-9.4326,38.79534],[-9.43194,38.79559],[-9.4317,38.79593],[-9.43234,38.79656],[-9.43339,38.79683],[-9.43264,38.79746],[-9.43202,38.79832],[-9.43202,38.79861],[-9.43321,38.79856],[-9.4336,38.79821],[-9.43395,38.79871],[-9.43365,38.79906],[-9.43488,38.7988],[-9.43469,38.79933],[-9.43411,38.79964],[-9.433,38.79941],[-9.43247,38.79999],[-9.43134,38.80043],[-9.43013,38.80058],[-9.42912,38.80047],[-9.42779,38.79921],[-9.42436,38.79834],[-9.42255,38.79815],[-9.4238,38.7984],[-9.4243,38.79872],[-9.42518,38.79952],[-9.42633,38.80099],[-9.42887,38.80254],[-9.43162,38.8031],[-9.4342,38.80161],[-9.43336,38.80248],[-9.43229,38.80326]]],[[[-9.38551,38.82579],[-9.38521,38.82686],[-9.38527,38.82749],[-9.38558,38.82714],[-9.38597,38.82565],[-9.3862,38.82573],[-9.38689,38.82694],[-9.38713,38.82697],[-9.38738,38.82672],[-9.38764,38.82368],[-9.38838,38.82236],[-9.38872,38.8214],[-9.38864,38.82048],[-9.38892,38.8199],[-9.3892,38.81969],[-9.38936,38.81998],[-9.38943,38.82081],[-9.38913,38.82351],[-9.38936,38.82386],[-9.38994,38.82375],[-9.39006,38.82411],[-9.38931,38.82607],[-9.38955,38.82606],[-9.38995,38.8257],[-9.39062,38.82456],[-9.39056,38.82214],[-9.39091,38.82],[-9.39107,38.82034],[-9.39123,38.82195],[-9.39178,38.82395],[-9.3929,38.82503],[-9.39342,38.82511],[-9.39366,38.82496],[-9.39297,38.82386],[-9.39317,38.82264],[-9.39302,38.82106],[-9.39196,38.81954],[-9.3916,38.81875],[-9.39203,38.81854],[-9.39229,38.81815],[-9.39158,38.81722],[-9.39122,38.81592],[-9.39075,38.81606],[-9.39035,38.81679],[-9.39078,38.81717],[-9.39049,38.81818],[-9.38916,38.81804],[-9.38875,38.81781],[-9.38814,38.81797],[-9.38663,38.81956],[-9.3859,38.81985],[-9.38506,38.82062],[-9.38496,38.82098],[-9.38518,38.82155],[-9.38309,38.82227],[-9.38299,38.82279],[-9.3832,38.82337],[-9.38364,38.82364],[-9.38411,38.8236],[-9.38515,38.82288],[-9.38614,38.82264],[-9.3873,38.82098],[-9.38668,38.82332],[-9.38659,38.82448],[-9.38603,38.82484],[-9.38551,38.82579]]],[[[-9.37115,38.9009],[-9.37227,38.90123],[-9.372,38.9018],[-9.37236,38.90193],[-9.3735,38.90177],[-9.37409,38.90127],[-9.37409,38.90051],[-9.3735,38.89891],[-9.37283,38.89805],[-9.37201,38.89757],[-9.37192,38.8972],[-9.37214,38.89676],[-9.3735,38.89532],[-9.37408,38.8944],[-9.37426,38.89359],[-9.37394,38.8932],[-9.37322,38.89322],[-9.36948,38.89481],[-9.36781,38.89439],[-9.36743,38.8945],[-9.36713,38.89483],[-9.36695,38.89626],[-9.36709,38.89905],[-9.36726,38.8998],[-9.36755,38.90012],[-9.36824,38.90045],[-9.36891,38.90042],[-9.36903,38.90061],[-9.37115,38.9009]]],[[[-9.37456,38.81343],[-9.37506,38.81383],[-9.37594,38.81418],[-9.37772,38.81438],[-9.3795,38.81406],[-9.3822,38.8132],[-9.38576,38.81254],[-9.38851,38.81163],[-9.38891,38.81128],[-9.38899,38.8108],[-9.38868,38.81021],[-9.38827,38.80986],[-9.38675,38.80935],[-9.3861,38.80975],[-9.3853,38.80935],[-9.38575,38.809],[-9.38678,38.80868],[-9.3872,38.80838],[-9.38756,38.80664],[-9.38784,38.80635],[-9.38781,38.80615],[-9.3872,38.80585],[-9.38588,38.80564],[-9.38599,38.80558],[-9.38444,38.80515],[-9.38462,38.80578],[-9.38624,38.80641],[-9.38652,38.80703],[-9.38639,38.80746],[-9.38582,38.80727],[-9.38545,38.8077],[-9.38511,38.80744],[-9.38498,38.80701],[-9.38491,38.8086],[-9.38321,38.81014],[-9.38337,38.81032],[-9.384,38.8104],[-9.38489,38.81036],[-9.38547,38.81016],[-9.38564,38.81045],[-9.3855,38.8108],[-9.38466,38.81122],[-9.38364,38.81142],[-9.38194,38.81144],[-9.38025,38.81185],[-9.37919,38.81194],[-9.37799,38.8126],[-9.37734,38.81269],[-9.37706,38.81263],[-9.37735,38.8119],[-9.37716,38.81164],[-9.37664,38.81139],[-9.37598,38.81147],[-9.37596,38.81169],[-9.37664,38.81241],[-9.37415,38.81024],[-9.37384,38.81011],[-9.37344,38.8102],[-9.37302,38.81081],[-9.37301,38.81179],[-9.37346,38.81224],[-9.3736,38.81167],[-9.37378,38.8116],[-9.37456,38.81343]]],[[[-9.29455,38.82159],[-9.29588,38.82137],[-9.29733,38.82142],[-9.29811,38.82105],[-9.29899,38.82115],[-9.29924,38.82045],[-9.30045,38.82024],[-9.30069,38.81956],[-9.30045,38.81907],[-9.30204,38.81901],[-9.30294,38.81852],[-9.30302,38.81786],[-9.30286,38.81758],[-9.30262,38.81749],[-9.30084,38.81803],[-9.30034,38.81884],[-9.30029,38.81834],[-9.30053,38.81768],[-9.30043,38.81757],[-9.30139,38.81732],[-9.30176,38.81688],[-9.30128,38.81685],[-9.30106,38.81715],[-9.30072,38.81724],[-9.3005,38.81703],[-9.30058,38.81647],[-9.30035,38.8162],[-9.30008,38.81654],[-9.3,38.81721],[-9.29976,38.81673],[-9.29974,38.81611],[-9.30001,38.81565],[-9.30058,38.8153],[-9.30079,38.81476],[-9.30095,38.81473],[-9.30094,38.81514],[-9.30143,38.81559],[-9.30169,38.81533],[-9.30166,38.81501],[-9.30192,38.81469],[-9.3019,38.81418],[-9.3017,38.81398],[-9.301,38.81457],[-9.30139,38.81383],[-9.30108,38.81364],[-9.30081,38.81297],[-9.30057,38.81303],[-9.29981,38.81423],[-9.29942,38.81403],[-9.29911,38.81324],[-9.29824,38.8135],[-9.29763,38.81417],[-9.29795,38.81465],[-9.29777,38.8151],[-9.29592,38.81632],[-9.29593,38.81656],[-9.29661,38.81684],[-9.29709,38.81733],[-9.29849,38.81738],[-9.29825,38.81837],[-9.29778,38.81909],[-9.29736,38.81918],[-9.29533,38.81798],[-9.2946,38.81782],[-9.29425,38.81813],[-9.2943,38.8187],[-9.29461,38.81913],[-9.29513,38.81945],[-9.29312,38.81944],[-9.29233,38.8197],[-9.29289,38.8204],[-9.29221,38.821],[-9.29221,38.82126],[-9.29338,38.82129],[-9.29455,38.82159]]],[[[-9.26187,38.823],[-9.26287,38.82302],[-9.26364,38.82268],[-9.26394,38.82221],[-9.26407,38.82079],[-9.26509,38.82056],[-9.26546,38.82017],[-9.26551,38.81973],[-9.26517,38.81761],[-9.26558,38.81579],[-9.26521,38.8153],[-9.26484,38.8153],[-9.26418,38.81579],[-9.26336,38.81692],[-9.26323,38.81764],[-9.26361,38.81893],[-9.26313,38.81867],[-9.26252,38.81874],[-9.26167,38.81771],[-9.26054,38.8174],[-9.25907,38.81799],[-9.2586,38.81837],[-9.25868,38.81859],[-9.25831,38.81856],[-9.25769,38.81887],[-9.25744,38.81918],[-9.2577,38.82104],[-9.25801,38.82164],[-9.25844,38.82207],[-9.25923,38.82248],[-9.25992,38.82258],[-9.26003,38.82241],[-9.25992,38.82179],[-9.26074,38.82192],[-9.26144,38.82154],[-9.26192,38.82216],[-9.26187,38.823]],[[-9.2578,38.81924],[-9.25926,38.82078],[-9.2592,38.82105],[-9.25869,38.8207],[-9.25826,38.82078],[-9.25765,38.81947],[-9.25761,38.81921],[-9.2578,38.81924]]],[[[-9.32617,38.81746],[-9.3269,38.81733],[-9.32806,38.81683],[-9.32862,38.81632],[-9.32908,38.81513],[-9.33017,38.81433],[-9.33118,38.81405],[-9.33402,38.81385],[-9.3342,38.81371],[-9.33421,38.81337],[-9.33391,38.8132],[-9.33324,38.81316],[-9.33009,38.81343],[-9.32997,38.81328],[-9.33074,38.8126],[-9.33078,38.81238],[-9.33061,38.8122],[-9.32912,38.81204],[-9.32716,38.8115],[-9.32536,38.81156],[-9.32521,38.81195],[-9.32547,38.81236],[-9.32759,38.81353],[-9.32529,38.81321],[-9.32637,38.814],[-9.3264,38.81429],[-9.32611,38.81449],[-9.32578,38.8144],[-9.32539,38.81389],[-9.32466,38.81357],[-9.32395,38.81347],[-9.32318,38.81362],[-9.32267,38.81383],[-9.32216,38.81427],[-9.32173,38.81542],[-9.32216,38.81598],[-9.32331,38.81669],[-9.32617,38.81746]]],[[[-9.29624,38.76491],[-9.29664,38.76585],[-9.2972,38.76608],[-9.29714,38.76539],[-9.29656,38.76441],[-9.29471,38.76276],[-9.29347,38.76057],[-9.29196,38.75906],[-9.29064,38.75823],[-9.28949,38.75774],[-9.28846,38.75752],[-9.28747,38.75771],[-9.2865,38.75728],[-9.28618,38.75736],[-9.28643,38.75814],[-9.28746,38.75965],[-9.28759,38.76017],[-9.2887,38.76071],[-9.28911,38.76108],[-9.28929,38.76165],[-9.2897,38.76222],[-9.28976,38.76288],[-9.28995,38.76315],[-9.29045,38.76325],[-9.2918,38.76266],[-9.29173,38.76299],[-9.29106,38.76396],[-9.291,38.76434],[-9.29113,38.76455],[-9.29188,38.76473],[-9.2939,38.76424],[-9.295,38.76486],[-9.29624,38.76491]]],[[[-9.39362,38.79799],[-9.3959,38.80174],[-9.39707,38.80259],[-9.39853,38.80315],[-9.39999,38.80329],[-9.40153,38.80305],[-9.40547,38.80191],[-9.40616,38.80146],[-9.40597,38.80063],[-9.40531,38.80027],[-9.40394,38.80066],[-9.40121,38.80097],[-9.40047,38.80086],[-9.39842,38.7999],[-9.39794,38.79998],[-9.39744,38.8004],[-9.39721,38.80007],[-9.3969,38.79892],[-9.39658,38.79851],[-9.39372,38.79707],[-9.39265,38.79712],[-9.39224,38.79756],[-9.39241,38.79862],[-9.39313,38.79952],[-9.3935,38.79917],[-9.39358,38.79786],[-9.39362,38.79799]]],[[[-9.33516,38.85728],[-9.33571,38.85771],[-9.33619,38.85774],[-9.33626,38.85713],[-9.3368,38.8569],[-9.3376,38.85611],[-9.33897,38.85616],[-9.33994,38.85478],[-9.33996,38.854],[-9.33926,38.85252],[-9.33873,38.8519],[-9.33746,38.85123],[-9.33747,38.85096],[-9.3379,38.85062],[-9.33743,38.85043],[-9.33435,38.85002],[-9.33159,38.84999],[-9.32984,38.85018],[-9.33058,38.85117],[-9.33181,38.85203],[-9.33469,38.85169],[-9.33524,38.85201],[-9.33641,38.85375],[-9.33648,38.85418],[-9.33621,38.85504],[-9.33569,38.85589],[-9.33504,38.85643],[-9.33422,38.85681],[-9.33305,38.85702],[-9.33394,38.85731],[-9.33516,38.85728]]],[[[-9.36592,38.89882],[-9.3658,38.89919],[-9.36593,38.89933],[-9.36653,38.89888],[-9.36656,38.898],[-9.36679,38.89821],[-9.36691,38.89778],[-9.36652,38.89413],[-9.36594,38.89265],[-9.36652,38.89154],[-9.36672,38.89142],[-9.36702,38.89151],[-9.36773,38.89266],[-9.36863,38.89368],[-9.36924,38.89408],[-9.36977,38.89421],[-9.3708,38.89405],[-9.37204,38.89344],[-9.37299,38.89257],[-9.37306,38.89207],[-9.37266,38.89203],[-9.37149,38.89308],[-9.37045,38.89359],[-9.37045,38.8926],[-9.37013,38.89219],[-9.36923,38.89162],[-9.3692,38.8908],[-9.36903,38.89055],[-9.36585,38.88956],[-9.36475,38.88943],[-9.36394,38.89202],[-9.36446,38.89408],[-9.36413,38.89393],[-9.36386,38.89352],[-9.36358,38.89229],[-9.36276,38.89196],[-9.36263,38.8921],[-9.36377,38.89381],[-9.36428,38.89422],[-9.36448,38.89416],[-9.36495,38.89586],[-9.36582,38.89725],[-9.36498,38.89716],[-9.36466,38.89744],[-9.3646,38.8978],[-9.3647,38.89793],[-9.36509,38.89779],[-9.36544,38.89797],[-9.36587,38.89843],[-9.36592,38.89882]]],[[[-9.26984,38.83892],[-9.27074,38.83891],[-9.27115,38.83867],[-9.26928,38.83726],[-9.26664,38.83702],[-9.26565,38.83591],[-9.26453,38.83502],[-9.26401,38.83426],[-9.26427,38.83412],[-9.26497,38.83434],[-9.26606,38.83539],[-9.26633,38.83547],[-9.26659,38.83524],[-9.26706,38.83412],[-9.26852,38.83349],[-9.26868,38.83334],[-9.26862,38.83317],[-9.26661,38.83349],[-9.26578,38.83378],[-9.26362,38.83325],[-9.26312,38.83344],[-9.26126,38.83332],[-9.26075,38.83304],[-9.26029,38.83331],[-9.25898,38.83282],[-9.25753,38.83275],[-9.25698,38.83288],[-9.25758,38.83338],[-9.25765,38.83369],[-9.25651,38.83488],[-9.25648,38.83539],[-9.25627,38.83571],[-9.25733,38.83563],[-9.25924,38.83475],[-9.26028,38.83458],[-9.26122,38.83498],[-9.26244,38.83614],[-9.26416,38.83694],[-9.26984,38.83892]]],[[[-9.48132,38.78203],[-9.48139,38.78221],[-9.48122,38.78249],[-9.48001,38.78335],[-9.48014,38.7836],[-9.48122,38.78395],[-9.48041,38.78481],[-9.48046,38.785],[-9.48144,38.78479],[-9.48246,38.78419],[-9.48368,38.7826],[-9.48423,38.7823],[-9.48427,38.78199],[-9.48372,38.78102],[-9.48251,38.77993],[-9.4814,38.77789],[-9.48038,38.77758],[-9.47918,38.77667],[-9.47864,38.77664],[-9.47782,38.77695],[-9.47751,38.7774],[-9.47763,38.7779],[-9.4784,38.77872],[-9.47939,38.77931],[-9.47766,38.77947],[-9.47717,38.78035],[-9.4773,38.78119],[-9.47763,38.78141],[-9.47857,38.78158],[-9.48015,38.78156],[-9.48017,38.78196],[-9.47968,38.7824],[-9.47973,38.78278],[-9.48098,38.78208],[-9.48132,38.78203]]],[[[-9.28289,38.82377],[-9.284,38.82424],[-9.28617,38.82465],[-9.2873,38.82469],[-9.29089,38.82377],[-9.29146,38.82335],[-9.29164,38.82281],[-9.29135,38.82197],[-9.29074,38.8215],[-9.28992,38.82131],[-9.28838,38.82154],[-9.28797,38.82132],[-9.2877,38.82095],[-9.28686,38.82058],[-9.28536,38.82092],[-9.28408,38.82179],[-9.28422,38.8209],[-9.28409,38.8203],[-9.28373,38.82055],[-9.2832,38.8202],[-9.28235,38.82118],[-9.28202,38.82185],[-9.28207,38.8222],[-9.28252,38.82269],[-9.28249,38.82327],[-9.28289,38.82377]],[[-9.29008,38.82291],[-9.29057,38.82313],[-9.29077,38.82341],[-9.29019,38.82361],[-9.28923,38.82332],[-9.28816,38.8235],[-9.2883,38.82326],[-9.28882,38.82303],[-9.29008,38.82291]]],[[[-9.27004,38.81923],[-9.26931,38.82027],[-9.26935,38.82041],[-9.27054,38.82026],[-9.27163,38.81971],[-9.27204,38.81922],[-9.27275,38.81776],[-9.27413,38.8169],[-9.27435,38.81635],[-9.27398,38.81598],[-9.27304,38.81558],[-9.26957,38.81486],[-9.2693,38.81464],[-9.26924,38.81419],[-9.26876,38.81371],[-9.26694,38.81342],[-9.26645,38.81427],[-9.26816,38.81489],[-9.26975,38.81563],[-9.27002,38.8159],[-9.26979,38.81611],[-9.26893,38.81582],[-9.26819,38.81575],[-9.26672,38.81612],[-9.26634,38.81665],[-9.26598,38.81764],[-9.2661,38.81877],[-9.26677,38.81931],[-9.26762,38.81871],[-9.26797,38.81863],[-9.2687,38.81949],[-9.27052,38.8178],[-9.2709,38.81787],[-9.27168,38.81842],[-9.27161,38.8187],[-9.2708,38.8191],[-9.27048,38.8191],[-9.27017,38.81888],[-9.27004,38.81923]],[[-9.26899,38.81618],[-9.26878,38.81739],[-9.26851,38.81753],[-9.26817,38.81748],[-9.26781,38.817],[-9.2682,38.81646],[-9.26819,38.81598],[-9.26899,38.81618]]],[[[-9.40698,38.80772],[-9.40696,38.80802],[-9.40725,38.80819],[-9.40829,38.80794],[-9.40906,38.80682],[-9.4092,38.80638],[-9.40902,38.80585],[-9.40761,38.80475],[-9.4072,38.80417],[-9.40838,38.80462],[-9.40906,38.80457],[-9.40932,38.8041],[-9.40894,38.80313],[-9.40907,38.80292],[-9.40984,38.80305],[-9.41062,38.80355],[-9.41109,38.80348],[-9.41135,38.80314],[-9.41139,38.80249],[-9.41123,38.80196],[-9.41083,38.80156],[-9.41042,38.80189],[-9.41008,38.80193],[-9.40974,38.80172],[-9.40958,38.80118],[-9.40875,38.80118],[-9.40744,38.80166],[-9.40519,38.80282],[-9.40497,38.80379],[-9.40506,38.80438],[-9.40564,38.80507],[-9.40722,38.80639],[-9.40733,38.80709],[-9.4065,38.80618],[-9.40581,38.80628],[-9.4055,38.80609],[-9.40537,38.80527],[-9.40482,38.80443],[-9.40482,38.80303],[-9.40457,38.80282],[-9.4042,38.80313],[-9.40467,38.80639],[-9.40601,38.80774],[-9.40619,38.80819],[-9.40698,38.80772]]],[[[-9.27258,38.89101],[-9.27386,38.89025],[-9.27392,38.88972],[-9.27349,38.88954],[-9.27417,38.88911],[-9.27479,38.88846],[-9.27582,38.88672],[-9.27671,38.88572],[-9.28026,38.8844],[-9.28395,38.88392],[-9.28516,38.88351],[-9.28591,38.88301],[-9.28649,38.88239],[-9.28708,38.8808],[-9.28702,38.88042],[-9.2857,38.87964],[-9.28487,38.87947],[-9.28397,38.87995],[-9.28089,38.88082],[-9.28113,38.8812],[-9.28185,38.88151],[-9.28285,38.88168],[-9.28458,38.88154],[-9.28493,38.88171],[-9.28509,38.88199],[-9.28492,38.88237],[-9.28426,38.88267],[-9.28088,38.88325],[-9.27944,38.88369],[-9.27568,38.8853],[-9.27492,38.88615],[-9.27469,38.88592],[-9.27455,38.88508],[-9.2742,38.88562],[-9.27404,38.8866],[-9.27431,38.88747],[-9.27427,38.88795],[-9.27378,38.88903],[-9.27337,38.88908],[-9.27297,38.8895],[-9.273,38.88976],[-9.27345,38.88959],[-9.27326,38.88995],[-9.27262,38.89031],[-9.27232,38.8899],[-9.27224,38.89058],[-9.27237,38.89093],[-9.27258,38.89101]]],[[[-9.39233,38.80322],[-9.38967,38.80385],[-9.38901,38.80426],[-9.38905,38.8044],[-9.38961,38.80451],[-9.38946,38.80485],[-9.39011,38.8059],[-9.39077,38.80619],[-9.39035,38.80647],[-9.39044,38.80656],[-9.39105,38.80651],[-9.39164,38.80611],[-9.3919,38.80562],[-9.39189,38.80476],[-9.3921,38.80453],[-9.39499,38.80372],[-9.39537,38.80338],[-9.39522,38.80289],[-9.39418,38.80224],[-9.39,38.80057],[-9.389,38.79938],[-9.38878,38.79962],[-9.38748,38.7994],[-9.38653,38.79952],[-9.3856,38.79999],[-9.38497,38.80062],[-9.38504,38.801],[-9.38624,38.80166],[-9.38782,38.80148],[-9.38986,38.80168],[-9.39,38.80198],[-9.38938,38.80264],[-9.38986,38.80308],[-9.39087,38.80325],[-9.39233,38.80322]],[[-9.38821,38.8001],[-9.38868,38.80029],[-9.38881,38.80064],[-9.388,38.80042],[-9.38648,38.80059],[-9.38606,38.80036],[-9.38626,38.80012],[-9.38695,38.79994],[-9.38821,38.8001]]],[[[-9.28483,38.87788],[-9.28621,38.87863],[-9.28732,38.87889],[-9.29172,38.87788],[-9.29175,38.87739],[-9.2921,38.87689],[-9.29213,38.87516],[-9.29265,38.87378],[-9.2926,38.87314],[-9.29234,38.87265],[-9.29206,38.87245],[-9.29186,38.87256],[-9.29177,38.87377],[-9.29119,38.87468],[-9.29044,38.87496],[-9.28913,38.87472],[-9.28841,38.87485],[-9.28799,38.87527],[-9.288,38.8758],[-9.28771,38.87596],[-9.2877,38.8752],[-9.28747,38.87483],[-9.28779,38.87377],[-9.28744,38.87345],[-9.28683,38.87365],[-9.28674,38.87383],[-9.2869,38.87425],[-9.28673,38.87492],[-9.28748,38.87596],[-9.28699,38.87606],[-9.287,38.87665],[-9.28635,38.87685],[-9.2859,38.87668],[-9.28553,38.87587],[-9.2854,38.87485],[-9.28555,38.87348],[-9.28539,38.87341],[-9.28496,38.87391],[-9.28469,38.87496],[-9.28482,38.8774],[-9.28468,38.87773],[-9.28483,38.87788]]],[[[-9.35576,38.79591],[-9.35654,38.79656],[-9.35735,38.79677],[-9.35818,38.7975],[-9.35842,38.7975],[-9.3586,38.797],[-9.35851,38.79639],[-9.35774,38.79504],[-9.35772,38.79476],[-9.35965,38.7957],[-9.36128,38.79678],[-9.35839,38.79338],[-9.35692,38.79274],[-9.3567,38.79273],[-9.35661,38.79323],[-9.35616,38.79349],[-9.35591,38.79336],[-9.35581,38.79271],[-9.35548,38.79256],[-9.353,38.79276],[-9.35122,38.79359],[-9.35112,38.79406],[-9.35126,38.79468],[-9.35181,38.79551],[-9.3524,38.79605],[-9.35264,38.79611],[-9.35331,38.79588],[-9.35576,38.79591]],[[-9.35536,38.79513],[-9.35444,38.79464],[-9.35355,38.79459],[-9.35282,38.794],[-9.35493,38.79412],[-9.35654,38.79471],[-9.3569,38.79505],[-9.35536,38.79513]]],[[[-9.37882,38.8925],[-9.37882,38.89269],[-9.37901,38.89277],[-9.38015,38.89219],[-9.38184,38.89063],[-9.3824,38.8896],[-9.38315,38.88914],[-9.38364,38.88928],[-9.38452,38.88994],[-9.38524,38.89118],[-9.3857,38.89163],[-9.3863,38.89168],[-9.38684,38.89132],[-9.3865,38.89072],[-9.38676,38.88899],[-9.38546,38.88911],[-9.38495,38.88841],[-9.38429,38.88845],[-9.38374,38.88764],[-9.38333,38.88752],[-9.38398,38.88706],[-9.3846,38.88604],[-9.38444,38.88512],[-9.38325,38.88411],[-9.38276,38.88407],[-9.38203,38.88471],[-9.38183,38.88537],[-9.38207,38.88573],[-9.38256,38.88541],[-9.38288,38.88554],[-9.38369,38.88668],[-9.3825,38.88704],[-9.38308,38.88751],[-9.38231,38.88725],[-9.38135,38.88633],[-9.3809,38.88646],[-9.38016,38.88721],[-9.38,38.88765],[-9.38008,38.88834],[-9.38076,38.88913],[-9.38079,38.88948],[-9.37916,38.89098],[-9.3791,38.8912],[-9.37935,38.89174],[-9.37882,38.8925]]],[[[-9.41276,38.80912],[-9.41279,38.80949],[-9.41368,38.80885],[-9.41399,38.8088],[-9.41428,38.80899],[-9.4144,38.80858],[-9.41427,38.80798],[-9.41382,38.80782],[-9.41786,38.80648],[-9.4201,38.80388],[-9.42228,38.80256],[-9.42295,38.80195],[-9.423,38.80165],[-9.42239,38.80146],[-9.42133,38.80153],[-9.41951,38.80202],[-9.41905,38.80243],[-9.41896,38.8033],[-9.41828,38.803],[-9.41793,38.80308],[-9.41638,38.80481],[-9.41468,38.80588],[-9.41116,38.80725],[-9.41014,38.80799],[-9.40972,38.80865],[-9.40989,38.80879],[-9.41097,38.80853],[-9.41129,38.80819],[-9.41096,38.80801],[-9.41104,38.80783],[-9.41208,38.80765],[-9.41243,38.80781],[-9.41271,38.80823],[-9.41318,38.80815],[-9.41276,38.80912]]],[[[-9.30769,38.88093],[-9.3041,38.87821],[-9.30271,38.87645],[-9.30256,38.87538],[-9.30216,38.8747],[-9.30182,38.87472],[-9.3,38.87568],[-9.29989,38.87644],[-9.30033,38.87868],[-9.30031,38.87954],[-9.29921,38.88135],[-9.29917,38.88177],[-9.30062,38.88136],[-9.30165,38.88089],[-9.30228,38.88038],[-9.30437,38.88047],[-9.30487,38.88031],[-9.30638,38.88084],[-9.3073,38.88102],[-9.30769,38.88093]]],[[[-9.31238,38.76226],[-9.31122,38.76252],[-9.30798,38.76441],[-9.30719,38.7652],[-9.30785,38.76524],[-9.30857,38.76504],[-9.3132,38.76292],[-9.31483,38.76232],[-9.32114,38.76202],[-9.32331,38.76141],[-9.32595,38.76017],[-9.32695,38.75946],[-9.32767,38.75827],[-9.32763,38.75707],[-9.32717,38.75641],[-9.32647,38.75607],[-9.3258,38.75608],[-9.32501,38.75642],[-9.32472,38.75702],[-9.32478,38.7572],[-9.32527,38.75727],[-9.32586,38.75703],[-9.32608,38.75738],[-9.32611,38.75818],[-9.32583,38.75891],[-9.32487,38.75983],[-9.32205,38.76114],[-9.32007,38.76151],[-9.3163,38.76145],[-9.31508,38.76118],[-9.31391,38.76031],[-9.31394,38.76104],[-9.31376,38.76147],[-9.31318,38.76191],[-9.31238,38.76226]]],[[[-9.31343,38.83074],[-9.3121,38.83153],[-9.31266,38.83148],[-9.3154,38.83045],[-9.31556,38.83048],[-9.31566,38.83087],[-9.31596,38.83107],[-9.31722,38.83076],[-9.31809,38.82992],[-9.32032,38.82863],[-9.32084,38.82863],[-9.3209,38.82907],[-9.32117,38.82922],[-9.32217,38.82912],[-9.32306,38.82854],[-9.32369,38.82779],[-9.32403,38.82699],[-9.32398,38.82635],[-9.32367,38.82598],[-9.32311,38.8257],[-9.32173,38.82546],[-9.32035,38.82487],[-9.31978,38.82481],[-9.31955,38.82529],[-9.31943,38.82713],[-9.31964,38.82749],[-9.32025,38.82777],[-9.31638,38.82884],[-9.31533,38.82966],[-9.31343,38.83074]]],[[[-9.38831,38.80942],[-9.3897,38.81082],[-9.39116,38.81041],[-9.39204,38.80986],[-9.39521,38.80684],[-9.39542,38.80516],[-9.39649,38.80378],[-9.39651,38.80341],[-9.3963,38.80297],[-9.39604,38.80282],[-9.39587,38.80332],[-9.39542,38.8037],[-9.39283,38.80466],[-9.39205,38.80629],[-9.39061,38.80735],[-9.39004,38.80805],[-9.39005,38.80822],[-9.39053,38.80831],[-9.39244,38.80822],[-9.39206,38.80894],[-9.3917,38.80897],[-9.39113,38.80872],[-9.39049,38.80924],[-9.38919,38.80878],[-9.38846,38.80871],[-9.38809,38.80891],[-9.38831,38.80942]]],[[[-9.47339,38.80093],[-9.47378,38.80121],[-9.47514,38.80143],[-9.47549,38.80124],[-9.47541,38.8005],[-9.47556,38.80039],[-9.48005,38.80072],[-9.48008,38.80045],[-9.47982,38.80011],[-9.47834,38.79989],[-9.4799,38.79868],[-9.4805,38.79842],[-9.48059,38.79819],[-9.47933,38.79705],[-9.47838,38.79673],[-9.47754,38.79693],[-9.47679,38.79737],[-9.47644,38.79838],[-9.47587,38.79888],[-9.4753,38.79815],[-9.47474,38.79787],[-9.47293,38.79839],[-9.47259,38.79873],[-9.47254,38.79905],[-9.47281,38.80004],[-9.47339,38.80093]]],[[[-9.30739,38.85798],[-9.30789,38.8584],[-9.30796,38.85922],[-9.30873,38.85897],[-9.30975,38.85811],[-9.31087,38.85767],[-9.31112,38.85725],[-9.31104,38.85699],[-9.30873,38.85776],[-9.30762,38.85731],[-9.30731,38.8569],[-9.30755,38.85652],[-9.30834,38.85594],[-9.31012,38.85525],[-9.31076,38.85485],[-9.31102,38.85457],[-9.31099,38.8544],[-9.3107,38.85432],[-9.30975,38.85451],[-9.30801,38.85513],[-9.30793,38.85461],[-9.30753,38.85416],[-9.30647,38.85405],[-9.30599,38.85445],[-9.30567,38.8553],[-9.30647,38.85499],[-9.30729,38.85513],[-9.30653,38.85523],[-9.30592,38.85559],[-9.30551,38.85618],[-9.30522,38.85623],[-9.3048,38.85586],[-9.30459,38.85459],[-9.30482,38.85328],[-9.30517,38.85244],[-9.30479,38.85242],[-9.30431,38.85263],[-9.30353,38.85338],[-9.30284,38.85379],[-9.30277,38.85416],[-9.30346,38.85544],[-9.30355,38.85637],[-9.30459,38.85769],[-9.30518,38.85798],[-9.30739,38.85798]]],[[[-9.34657,38.8132],[-9.34705,38.81358],[-9.34802,38.81368],[-9.34898,38.81352],[-9.3496,38.81321],[-9.35001,38.81279],[-9.35031,38.8121],[-9.35034,38.81117],[-9.35008,38.81045],[-9.34978,38.81024],[-9.34936,38.81036],[-9.34731,38.81032],[-9.34587,38.81006],[-9.34495,38.81008],[-9.34462,38.8102],[-9.34484,38.8106],[-9.34311,38.81099],[-9.34073,38.81184],[-9.34133,38.8121],[-9.34383,38.81195],[-9.34343,38.81216],[-9.34335,38.81238],[-9.34457,38.81335],[-9.34505,38.81319],[-9.34462,38.81283],[-9.34459,38.81226],[-9.34497,38.81268],[-9.34542,38.81289],[-9.34652,38.81288],[-9.34657,38.8132]],[[-9.34893,38.8125],[-9.34891,38.81263],[-9.34853,38.81259],[-9.34859,38.81231],[-9.34813,38.81195],[-9.34831,38.81173],[-9.34827,38.81156],[-9.34791,38.81133],[-9.34713,38.81142],[-9.34701,38.81157],[-9.34758,38.81226],[-9.3482,38.81255],[-9.34612,38.81197],[-9.34552,38.81164],[-9.34531,38.81125],[-9.34613,38.81094],[-9.34899,38.81079],[-9.34851,38.81129],[-9.34893,38.8125]]],[[[-9.3623,38.89816],[-9.3628,38.89851],[-9.36346,38.89853],[-9.36384,38.89924],[-9.36429,38.89935],[-9.36457,38.89913],[-9.36464,38.89846],[-9.36448,38.89719],[-9.36363,38.89384],[-9.3631,38.8928],[-9.36249,38.89229],[-9.36073,38.89165],[-9.36004,38.89157],[-9.35946,38.89168],[-9.35915,38.89195],[-9.35902,38.89232],[-9.35921,38.89294],[-9.36065,38.89446],[-9.36191,38.89522],[-9.36175,38.89576],[-9.36139,38.89612],[-9.36141,38.89701],[-9.36166,38.89765],[-9.3623,38.89816]]],[[[-9.29912,38.76224],[-9.29949,38.76287],[-9.29966,38.76207],[-9.29982,38.76194],[-9.30108,38.76235],[-9.3032,38.76271],[-9.30431,38.76275],[-9.30487,38.76262],[-9.3053,38.76219],[-9.30417,38.76223],[-9.30278,38.76202],[-9.30154,38.76156],[-9.30106,38.76095],[-9.30095,38.75986],[-9.30454,38.76009],[-9.30555,38.75986],[-9.30577,38.75968],[-9.30576,38.75934],[-9.30434,38.75936],[-9.30337,38.75919],[-9.30018,38.75775],[-9.29936,38.75767],[-9.29855,38.75787],[-9.29724,38.75877],[-9.29702,38.75912],[-9.29912,38.76224]]],[[[-9.2352,38.82708],[-9.23463,38.82791],[-9.23451,38.82823],[-9.23463,38.8287],[-9.23431,38.82881],[-9.23414,38.82954],[-9.23461,38.83069],[-9.23493,38.83092],[-9.2354,38.83099],[-9.23603,38.83085],[-9.23639,38.83043],[-9.23633,38.82995],[-9.2358,38.82942],[-9.23589,38.82886],[-9.2362,38.82862],[-9.24425,38.82673],[-9.23965,38.82692],[-9.23981,38.82681],[-9.23927,38.82641],[-9.23836,38.82616],[-9.23776,38.82582],[-9.23796,38.82471],[-9.23777,38.8244],[-9.23741,38.8243],[-9.23535,38.82492],[-9.23404,38.82559],[-9.23371,38.82592],[-9.23358,38.82629],[-9.23374,38.82646],[-9.23571,38.82632],[-9.23634,38.82658],[-9.2352,38.82708]]],[[[-9.4113,38.87022],[-9.41217,38.87138],[-9.41255,38.87161],[-9.41281,38.87156],[-9.41285,38.8712],[-9.41258,38.87056],[-9.41142,38.86934],[-9.40633,38.86713],[-9.40565,38.86671],[-9.40879,38.86757],[-9.40991,38.86752],[-9.41032,38.86709],[-9.41016,38.86614],[-9.4095,38.86466],[-9.40689,38.86087],[-9.40701,38.86168],[-9.40937,38.86551],[-9.40986,38.8669],[-9.40936,38.86657],[-9.40868,38.86533],[-9.40822,38.86494],[-9.40777,38.86492],[-9.40827,38.86634],[-9.40825,38.8667],[-9.40806,38.86677],[-9.40637,38.86612],[-9.40501,38.86475],[-9.40335,38.86378],[-9.40322,38.86393],[-9.40332,38.86414],[-9.40463,38.86554],[-9.40363,38.86536],[-9.40351,38.86554],[-9.40466,38.86716],[-9.40823,38.86874],[-9.40851,38.86959],[-9.4113,38.87022]]],[[[-9.37205,38.80501],[-9.37186,38.80453],[-9.3714,38.80433],[-9.36763,38.80411],[-9.36663,38.80431],[-9.36799,38.80439],[-9.36738,38.80503],[-9.36573,38.80497],[-9.3645,38.8047],[-9.36352,38.80502],[-9.36321,38.80539],[-9.36522,38.8059],[-9.36671,38.80582],[-9.36696,38.80597],[-9.36726,38.80655],[-9.36827,38.80624],[-9.37199,38.80606],[-9.37271,38.80583],[-9.37353,38.80533],[-9.37365,38.80483],[-9.37331,38.80409],[-9.37517,38.80434],[-9.3777,38.80388],[-9.37779,38.80433],[-9.37747,38.80473],[-9.37768,38.80485],[-9.37853,38.80439],[-9.37907,38.80298],[-9.37803,38.80289],[-9.37394,38.80333],[-9.37305,38.80372],[-9.37184,38.80525],[-9.37062,38.80555],[-9.36923,38.80546],[-9.36954,38.80533],[-9.36946,38.80509],[-9.36965,38.8049],[-9.37055,38.8047],[-9.37126,38.80478],[-9.37094,38.80462],[-9.37113,38.80455],[-9.37185,38.80462],[-9.37192,38.80504],[-9.37152,38.80533],[-9.37205,38.80501]]],[[[-9.29512,38.86293],[-9.29604,38.86365],[-9.2973,38.86395],[-9.29816,38.8638],[-9.29888,38.86305],[-9.29939,38.86162],[-9.29867,38.86049],[-9.29856,38.85985],[-9.29886,38.85929],[-9.30038,38.85783],[-9.30078,38.85689],[-9.30086,38.85449],[-9.30065,38.85381],[-9.30032,38.85339],[-9.29975,38.85355],[-9.29932,38.85445],[-9.29971,38.85759],[-9.29935,38.85812],[-9.29813,38.85912],[-9.29764,38.85973],[-9.29693,38.86144],[-9.29682,38.86108],[-9.29663,38.86099],[-9.29635,38.86174],[-9.29595,38.86204],[-9.29573,38.86189],[-9.29602,38.86114],[-9.29596,38.86094],[-9.29528,38.86084],[-9.29474,38.86107],[-9.29467,38.86197],[-9.29512,38.86293]]],[[[-9.37238,38.78822],[-9.37239,38.79089],[-9.37253,38.79108],[-9.37291,38.79069],[-9.37332,38.78942],[-9.37312,38.78817],[-9.37259,38.78743],[-9.37179,38.78715],[-9.37142,38.78749],[-9.37091,38.78865],[-9.37068,38.78862],[-9.37052,38.78802],[-9.37074,38.78557],[-9.37041,38.78472],[-9.36988,38.78449],[-9.36952,38.78475],[-9.369,38.78552],[-9.36862,38.78647],[-9.36863,38.78682],[-9.36891,38.7868],[-9.36978,38.78589],[-9.36978,38.78603],[-9.36921,38.78703],[-9.368,38.78825],[-9.36771,38.78906],[-9.36774,38.78974],[-9.3679,38.78993],[-9.36807,38.78989],[-9.3686,38.78907],[-9.36873,38.79056],[-9.36912,38.79055],[-9.36992,38.78987],[-9.37025,38.78981],[-9.37069,38.79009],[-9.37107,38.79092],[-9.37141,38.79095],[-9.37181,38.79039],[-9.37238,38.78822]]],[[[-9.3115,38.83059],[-9.31184,38.83033],[-9.31205,38.82958],[-9.3131,38.82891],[-9.31834,38.82666],[-9.31844,38.82652],[-9.31802,38.82633],[-9.31842,38.82595],[-9.3184,38.8258],[-9.31562,38.82525],[-9.31445,38.82552],[-9.31395,38.82543],[-9.31354,38.82567],[-9.31169,38.8272],[-9.3109,38.82821],[-9.31075,38.82877],[-9.3108,38.82935],[-9.3115,38.83059]]],[[[-9.26188,38.84545],[-9.26221,38.8459],[-9.26247,38.84598],[-9.26306,38.84512],[-9.26361,38.84464],[-9.26424,38.84455],[-9.26507,38.84481],[-9.2656,38.84448],[-9.26689,38.84188],[-9.26701,38.84113],[-9.26676,38.84065],[-9.26626,38.84023],[-9.26586,38.84031],[-9.26552,38.84209],[-9.26467,38.8426],[-9.26444,38.84223],[-9.26503,38.84183],[-9.26487,38.84159],[-9.26398,38.84108],[-9.264,38.83968],[-9.26341,38.83933],[-9.26277,38.83954],[-9.26204,38.84063],[-9.26212,38.84088],[-9.26261,38.84113],[-9.26284,38.84158],[-9.26289,38.84266],[-9.2626,38.84322],[-9.26182,38.84409],[-9.26121,38.84422],[-9.26188,38.84545]]],[[[-9.27624,38.8404],[-9.27728,38.84038],[-9.27755,38.84005],[-9.27734,38.83987],[-9.27658,38.83991],[-9.276,38.83936],[-9.27598,38.83887],[-9.27671,38.83793],[-9.27681,38.83757],[-9.27659,38.83735],[-9.27616,38.8373],[-9.27632,38.83618],[-9.27573,38.83551],[-9.27508,38.83533],[-9.27453,38.83554],[-9.27403,38.83553],[-9.2721,38.83636],[-9.27011,38.83673],[-9.27033,38.83705],[-9.27134,38.83729],[-9.27357,38.83641],[-9.27495,38.83622],[-9.27456,38.83666],[-9.27185,38.83802],[-9.27173,38.83837],[-9.27257,38.83931],[-9.27341,38.83979],[-9.27624,38.8404]],[[-9.27417,38.83847],[-9.27346,38.83784],[-9.27372,38.83755],[-9.27511,38.83764],[-9.27562,38.8379],[-9.27549,38.83808],[-9.27417,38.83847]]],[[[-9.31666,38.78095],[-9.31654,38.78113],[-9.31697,38.78136],[-9.3194,38.78105],[-9.32012,38.78067],[-9.32082,38.77987],[-9.32173,38.77837],[-9.32199,38.77727],[-9.32175,38.77638],[-9.3208,38.77498],[-9.3206,38.77495],[-9.32006,38.77571],[-9.31811,38.77676],[-9.31766,38.77748],[-9.31794,38.77769],[-9.31832,38.7773],[-9.31869,38.77721],[-9.32063,38.77742],[-9.32143,38.77703],[-9.32065,38.77796],[-9.31822,38.77909],[-9.31788,38.77994],[-9.31626,38.78015],[-9.316,38.77993],[-9.31571,38.77919],[-9.3151,38.77967],[-9.31479,38.78037],[-9.31488,38.78065],[-9.31637,38.78104],[-9.31666,38.78095]]],[[[-9.29588,38.79375],[-9.29576,38.79406],[-9.2946,38.79449],[-9.29452,38.79474],[-9.2947,38.7952],[-9.29455,38.79576],[-9.29411,38.79675],[-9.2934,38.79734],[-9.29399,38.79869],[-9.29439,38.79893],[-9.29468,38.79876],[-9.29473,38.79774],[-9.29547,38.79568],[-9.29607,38.7948],[-9.29663,38.79446],[-9.29774,38.79416],[-9.30063,38.79378],[-9.30546,38.79363],[-9.30591,38.79348],[-9.30607,38.79311],[-9.30574,38.79272],[-9.30311,38.79259],[-9.29849,38.79317],[-9.29735,38.79317],[-9.29648,38.79269],[-9.29459,38.79047],[-9.29413,38.79028],[-9.29385,38.79032],[-9.29375,38.79051],[-9.29408,38.79066],[-9.29547,38.79236],[-9.29588,38.79322],[-9.29588,38.79375]]],[[[-9.43479,38.80665],[-9.43536,38.80789],[-9.43834,38.80726],[-9.43884,38.80699],[-9.43914,38.80637],[-9.43906,38.80558],[-9.43952,38.80558],[-9.43922,38.80464],[-9.43996,38.80525],[-9.44067,38.80538],[-9.44079,38.80563],[-9.44116,38.80562],[-9.44211,38.80508],[-9.44242,38.80428],[-9.4424,38.80386],[-9.44197,38.80355],[-9.44166,38.80354],[-9.4407,38.80454],[-9.43978,38.80362],[-9.43888,38.80346],[-9.43867,38.80372],[-9.43897,38.80413],[-9.43842,38.80419],[-9.43795,38.80385],[-9.43838,38.80464],[-9.43776,38.80408],[-9.43744,38.80399],[-9.43705,38.80429],[-9.43718,38.8048],[-9.4368,38.80433],[-9.43664,38.80386],[-9.4361,38.80462],[-9.43481,38.80542],[-9.43527,38.80554],[-9.43726,38.80536],[-9.4374,38.80612],[-9.43669,38.80629],[-9.43509,38.80588],[-9.43481,38.80616],[-9.43479,38.80665]]],[[[-9.41087,38.81422],[-9.41012,38.81554],[-9.41257,38.81433],[-9.41391,38.8139],[-9.4148,38.81392],[-9.41519,38.81364],[-9.41586,38.81364],[-9.41603,38.81348],[-9.41608,38.81317],[-9.41593,38.813],[-9.41499,38.81277],[-9.4139,38.81226],[-9.41387,38.80968],[-9.41369,38.80922],[-9.41339,38.80922],[-9.41282,38.80967],[-9.41225,38.80981],[-9.41131,38.8091],[-9.4108,38.80912],[-9.41049,38.80932],[-9.41074,38.81029],[-9.41195,38.8126],[-9.41136,38.81326],[-9.41087,38.81422]]],[[[-9.46065,38.80257],[-9.46069,38.80276],[-9.45969,38.80283],[-9.45507,38.80247],[-9.45422,38.80259],[-9.45366,38.80304],[-9.45393,38.8033],[-9.45536,38.80341],[-9.45654,38.80403],[-9.45822,38.80452],[-9.45927,38.80504],[-9.45981,38.8055],[-9.46009,38.80475],[-9.46144,38.80402],[-9.46185,38.80363],[-9.463,38.8014],[-9.46317,38.80089],[-9.46304,38.80049],[-9.46248,38.80025],[-9.46189,38.80052],[-9.46152,38.80108],[-9.46065,38.80184],[-9.46065,38.80257]]],[[[-9.32982,38.75748],[-9.33052,38.75731],[-9.32977,38.75676],[-9.33101,38.75673],[-9.33152,38.75641],[-9.33167,38.75578],[-9.33154,38.75468],[-9.33097,38.75354],[-9.33013,38.7527],[-9.32931,38.75234],[-9.32838,38.75236],[-9.32793,38.75263],[-9.32772,38.75298],[-9.3279,38.75392],[-9.32761,38.75408],[-9.32699,38.75379],[-9.32691,38.75456],[-9.32759,38.75568],[-9.32982,38.75748]],[[-9.32967,38.75311],[-9.33005,38.75356],[-9.33029,38.75435],[-9.32991,38.75605],[-9.32959,38.75563],[-9.32955,38.75473],[-9.32928,38.75409],[-9.32954,38.75372],[-9.32967,38.75311]]],[[[-9.24836,38.80208],[-9.2489,38.80232],[-9.24975,38.80189],[-9.25049,38.80087],[-9.25053,38.80052],[-9.24968,38.79939],[-9.24811,38.79906],[-9.24873,38.79756],[-9.24737,38.79726],[-9.24638,38.79638],[-9.24763,38.79686],[-9.24821,38.79682],[-9.24836,38.79666],[-9.24713,38.79622],[-9.24541,38.79478],[-9.24546,38.79616],[-9.24643,38.79938],[-9.24743,38.80105],[-9.24859,38.80183],[-9.24836,38.80208]]],[[[-9.33906,38.8598],[-9.33859,38.86181],[-9.34147,38.85683],[-9.34187,38.85649],[-9.3413,38.85542],[-9.34131,38.85513],[-9.34231,38.8557],[-9.34288,38.85578],[-9.34702,38.85435],[-9.34803,38.85384],[-9.34871,38.85327],[-9.34921,38.8525],[-9.34935,38.8518],[-9.34865,38.8531],[-9.34736,38.85387],[-9.34644,38.85403],[-9.34647,38.85415],[-9.34544,38.85402],[-9.34414,38.85427],[-9.34324,38.85367],[-9.34281,38.85357],[-9.34208,38.85382],[-9.34122,38.85439],[-9.34022,38.85532],[-9.34009,38.85645],[-9.33953,38.85804],[-9.33883,38.85859],[-9.33865,38.85917],[-9.33782,38.86012],[-9.33815,38.86015],[-9.33888,38.85974],[-9.33906,38.8598]]],[[[-9.38374,38.89586],[-9.38381,38.89634],[-9.38428,38.89633],[-9.38538,38.89498],[-9.38554,38.89423],[-9.38499,38.89287],[-9.38345,38.89204],[-9.38304,38.89203],[-9.38197,38.8924],[-9.38135,38.89237],[-9.38109,38.89209],[-9.38123,38.89267],[-9.38179,38.89332],[-9.38166,38.89358],[-9.37995,38.89428],[-9.3794,38.89423],[-9.37836,38.89459],[-9.37905,38.89496],[-9.38156,38.89526],[-9.38374,38.89586]]],[[[-9.41323,38.86996],[-9.41395,38.87076],[-9.41453,38.87089],[-9.41615,38.86996],[-9.41704,38.86887],[-9.41675,38.86874],[-9.41613,38.86916],[-9.4158,38.86902],[-9.41511,38.86934],[-9.41438,38.86943],[-9.41429,38.8688],[-9.4138,38.86835],[-9.41375,38.86713],[-9.41359,38.86704],[-9.41349,38.86733],[-9.41314,38.8675],[-9.41258,38.86733],[-9.41117,38.86488],[-9.41114,38.86381],[-9.41141,38.86305],[-9.40957,38.8628],[-9.4081,38.86119],[-9.40825,38.86198],[-9.40878,38.86309],[-9.40991,38.86463],[-9.41169,38.86802],[-9.41284,38.86927],[-9.41323,38.86996]]],[[[-9.30808,38.76063],[-9.30709,38.76131],[-9.30683,38.76178],[-9.30686,38.76202],[-9.30795,38.76109],[-9.30893,38.76055],[-9.30958,38.76068],[-9.31119,38.76038],[-9.31397,38.7592],[-9.3157,38.75889],[-9.31729,38.75829],[-9.31907,38.75814],[-9.31968,38.75783],[-9.32005,38.75734],[-9.32078,38.75681],[-9.32108,38.75587],[-9.32078,38.75584],[-9.3189,38.75678],[-9.31548,38.75782],[-9.31315,38.75795],[-9.31151,38.75831],[-9.3112,38.75856],[-9.31093,38.75944],[-9.31056,38.75983],[-9.30976,38.75992],[-9.30808,38.76063]]],[[[-9.26939,38.82619],[-9.26954,38.82675],[-9.26862,38.8283],[-9.26868,38.82878],[-9.26898,38.82897],[-9.26959,38.82882],[-9.26992,38.82823],[-9.27207,38.82755],[-9.27352,38.82676],[-9.27417,38.82616],[-9.27388,38.82585],[-9.27295,38.82587],[-9.27296,38.82509],[-9.27233,38.82461],[-9.27099,38.824],[-9.26955,38.82366],[-9.26946,38.82371],[-9.26981,38.82422],[-9.26866,38.82525],[-9.26884,38.82569],[-9.26939,38.82619]]],[[[-9.30857,38.81627],[-9.30927,38.81619],[-9.31056,38.81559],[-9.31113,38.81587],[-9.31286,38.81589],[-9.31348,38.81574],[-9.31401,38.81543],[-9.31439,38.81498],[-9.31459,38.81429],[-9.31448,38.81375],[-9.31411,38.81331],[-9.31325,38.81286],[-9.31217,38.81256],[-9.31088,38.81244],[-9.30986,38.81262],[-9.312,38.8133],[-9.31345,38.81403],[-9.31342,38.81428],[-9.3127,38.81457],[-9.31013,38.81406],[-9.3097,38.81422],[-9.30915,38.81475],[-9.30886,38.81464],[-9.3083,38.81383],[-9.30792,38.81359],[-9.3072,38.81351],[-9.3065,38.81368],[-9.30654,38.81396],[-9.30857,38.81627]]],[[[-9.43174,38.90523],[-9.43243,38.9053],[-9.43253,38.90491],[-9.43216,38.90453],[-9.43034,38.90353],[-9.42676,38.90224],[-9.42336,38.902],[-9.42161,38.90231],[-9.42129,38.90252],[-9.42135,38.90294],[-9.42274,38.90312],[-9.42432,38.90306],[-9.42346,38.9026],[-9.42485,38.90289],[-9.4252,38.90311],[-9.42521,38.90332],[-9.42581,38.90358],[-9.42513,38.90388],[-9.42545,38.90401],[-9.42598,38.90379],[-9.42696,38.90466],[-9.42749,38.90458],[-9.42764,38.90433],[-9.43031,38.90506],[-9.43058,38.90511],[-9.43071,38.90487],[-9.43174,38.90523]]],[[[-9.29678,38.78429],[-9.29637,38.78436],[-9.29609,38.78462],[-9.29613,38.78503],[-9.29643,38.78552],[-9.29879,38.78716],[-9.29991,38.78767],[-9.30062,38.7878],[-9.30161,38.78766],[-9.30308,38.78644],[-9.30287,38.78594],[-9.30264,38.78587],[-9.29945,38.78626],[-9.30088,38.78598],[-9.3013,38.78574],[-9.30123,38.78558],[-9.29948,38.78589],[-9.29852,38.78525],[-9.29869,38.78575],[-9.29923,38.78626],[-9.29818,38.7861],[-9.29734,38.78554],[-9.29735,38.78517],[-9.29785,38.78442],[-9.2996,38.78387],[-9.29984,38.78299],[-9.30097,38.78184],[-9.30097,38.78149],[-9.29796,38.78266],[-9.29713,38.78345],[-9.29678,38.78429]]],[[[-9.31867,38.74581],[-9.31945,38.74626],[-9.3213,38.74687],[-9.32213,38.74679],[-9.32257,38.74634],[-9.32253,38.74567],[-9.32169,38.74341],[-9.3213,38.74286],[-9.32124,38.74308],[-9.32086,38.74271],[-9.32026,38.74145],[-9.31987,38.74147],[-9.31925,38.74181],[-9.31855,38.7426],[-9.31848,38.74323],[-9.31926,38.74534],[-9.31875,38.74544],[-9.31788,38.74497],[-9.31867,38.74581]]],[[[-9.39821,38.75967],[-9.39855,38.7601],[-9.39923,38.76045],[-9.40013,38.76054],[-9.40112,38.76042],[-9.40488,38.7587],[-9.40564,38.75815],[-9.4058,38.75774],[-9.40523,38.75752],[-9.40412,38.75782],[-9.40293,38.75791],[-9.40228,38.75813],[-9.40185,38.75868],[-9.40172,38.75861],[-9.39973,38.75931],[-9.39963,38.75913],[-9.39989,38.75865],[-9.40097,38.75777],[-9.40116,38.75742],[-9.40053,38.75702],[-9.39964,38.75697],[-9.39874,38.75747],[-9.39823,38.75815],[-9.39805,38.75885],[-9.39821,38.75967]]],[[[-9.27219,38.7658],[-9.272,38.76622],[-9.27223,38.76664],[-9.27304,38.76705],[-9.27365,38.76709],[-9.27309,38.76474],[-9.27326,38.76437],[-9.2737,38.7642],[-9.27377,38.76376],[-9.27414,38.76355],[-9.2729,38.7629],[-9.27333,38.76231],[-9.27408,38.76228],[-9.2748,38.76201],[-9.27533,38.76123],[-9.27375,38.7611],[-9.27266,38.76155],[-9.27222,38.76116],[-9.27186,38.76107],[-9.27158,38.76131],[-9.27147,38.76181],[-9.27106,38.76126],[-9.27084,38.75915],[-9.27036,38.76085],[-9.27019,38.7629],[-9.27061,38.76294],[-9.27151,38.76454],[-9.272,38.76452],[-9.27251,38.76573],[-9.27219,38.7658]]],[[[-9.27178,38.85213],[-9.27227,38.85203],[-9.2724,38.85161],[-9.2722,38.85122],[-9.2716,38.85085],[-9.27156,38.85055],[-9.27246,38.84977],[-9.27129,38.84973],[-9.2705,38.84941],[-9.26863,38.84918],[-9.26605,38.84983],[-9.26466,38.85059],[-9.26536,38.85079],[-9.26657,38.8507],[-9.26851,38.85161],[-9.27013,38.85211],[-9.27178,38.85213]]],[[[-9.33113,38.76078],[-9.33226,38.76098],[-9.33668,38.76102],[-9.33804,38.76139],[-9.33831,38.76137],[-9.33855,38.76112],[-9.33796,38.76062],[-9.3368,38.76035],[-9.33262,38.76045],[-9.33429,38.75975],[-9.33551,38.75888],[-9.33588,38.758],[-9.33557,38.75768],[-9.3351,38.75758],[-9.33299,38.75804],[-9.33152,38.75885],[-9.33054,38.76005],[-9.33035,38.76054],[-9.33044,38.76089],[-9.33113,38.76078]]],[[[-9.36852,38.81976],[-9.36976,38.81999],[-9.37048,38.81959],[-9.37168,38.81976],[-9.37255,38.81952],[-9.37441,38.81863],[-9.37641,38.81732],[-9.377,38.81678],[-9.37711,38.81624],[-9.37659,38.81564],[-9.37578,38.81518],[-9.37461,38.81488],[-9.37389,38.81497],[-9.37353,38.81529],[-9.37384,38.8153],[-9.37419,38.8161],[-9.37491,38.81639],[-9.37404,38.81631],[-9.37356,38.81568],[-9.37333,38.81658],[-9.37371,38.81687],[-9.37349,38.81709],[-9.37397,38.81709],[-9.37506,38.81661],[-9.37463,38.81711],[-9.37269,38.81826],[-9.3681,38.81968],[-9.36852,38.81976]]],[[[-9.41942,38.91336],[-9.41948,38.91344],[-9.42011,38.91301],[-9.42052,38.91319],[-9.42246,38.91313],[-9.42472,38.91269],[-9.42627,38.91222],[-9.42676,38.9118],[-9.42689,38.91148],[-9.42659,38.91125],[-9.42567,38.91099],[-9.42433,38.91116],[-9.42307,38.91036],[-9.42308,38.91112],[-9.42253,38.91052],[-9.42142,38.90975],[-9.42013,38.90934],[-9.42153,38.91026],[-9.42151,38.91056],[-9.42108,38.91046],[-9.42167,38.91132],[-9.41937,38.91268],[-9.41925,38.91293],[-9.41942,38.91336]]],[[[-9.25589,38.7788],[-9.25589,38.77961],[-9.25649,38.78049],[-9.25672,38.78122],[-9.25732,38.78152],[-9.25791,38.78141],[-9.25812,38.78088],[-9.25801,38.78026],[-9.25773,38.77972],[-9.25705,38.77913],[-9.25699,38.77886],[-9.25738,38.7787],[-9.25841,38.77906],[-9.25882,38.77891],[-9.25886,38.77872],[-9.25845,38.77791],[-9.2582,38.77774],[-9.25833,38.77773],[-9.25813,38.77752],[-9.25799,38.7768],[-9.25719,38.77737],[-9.25815,38.77586],[-9.25937,38.77439],[-9.26098,38.77321],[-9.25942,38.77348],[-9.25831,38.774],[-9.25701,38.77588],[-9.25589,38.7788]]],[[[-9.4185,38.80995],[-9.41846,38.81027],[-9.41892,38.80935],[-9.41912,38.80964],[-9.41943,38.80961],[-9.41999,38.80927],[-9.42036,38.80877],[-9.42097,38.80882],[-9.42172,38.80849],[-9.42215,38.80812],[-9.4224,38.80744],[-9.42251,38.80644],[-9.42213,38.80504],[-9.42125,38.80542],[-9.41995,38.80561],[-9.41883,38.80637],[-9.41895,38.80764],[-9.4184,38.80879],[-9.4185,38.80995]]],[[[-9.29579,38.85403],[-9.29451,38.85491],[-9.29343,38.85618],[-9.2931,38.85688],[-9.29259,38.85894],[-9.29323,38.85879],[-9.294,38.85821],[-9.29608,38.85563],[-9.29897,38.85315],[-9.29943,38.85238],[-9.29841,38.85265],[-9.2964,38.85367],[-9.29659,38.85346],[-9.29649,38.85334],[-9.29449,38.85417],[-9.29405,38.85455],[-9.29387,38.85501],[-9.29579,38.85403]]],[[[-9.24183,38.82254],[-9.24251,38.82348],[-9.24325,38.82375],[-9.24342,38.82367],[-9.24354,38.82277],[-9.24377,38.82249],[-9.24428,38.82305],[-9.24565,38.82266],[-9.24605,38.82229],[-9.24615,38.82193],[-9.24595,38.82084],[-9.2465,38.82012],[-9.24502,38.81961],[-9.24415,38.81976],[-9.24402,38.82018],[-9.24476,38.82152],[-9.24406,38.82103],[-9.24295,38.81985],[-9.24248,38.8197],[-9.24212,38.82195],[-9.24183,38.82254]]],[[[-9.37421,38.82077],[-9.37405,38.82112],[-9.37461,38.82131],[-9.37479,38.82176],[-9.3755,38.82241],[-9.37543,38.82266],[-9.37489,38.82322],[-9.37495,38.82342],[-9.37569,38.82326],[-9.37646,38.82278],[-9.37499,38.8215],[-9.37579,38.82073],[-9.37613,38.82078],[-9.37665,38.82121],[-9.37709,38.82132],[-9.3776,38.82104],[-9.37834,38.82098],[-9.37874,38.8207],[-9.37898,38.82097],[-9.3789,38.82119],[-9.37925,38.82172],[-9.37897,38.82177],[-9.37844,38.82248],[-9.37957,38.82244],[-9.38083,38.82216],[-9.38152,38.82182],[-9.38166,38.82153],[-9.38142,38.82121],[-9.38088,38.82121],[-9.38052,38.82088],[-9.38025,38.82112],[-9.37996,38.82179],[-9.37972,38.82187],[-9.37992,38.82165],[-9.37993,38.82108],[-9.37934,38.82042],[-9.38001,38.82035],[-9.38038,38.82011],[-9.3805,38.81983],[-9.3798,38.8195],[-9.37858,38.81953],[-9.37817,38.82035],[-9.37815,38.82009],[-9.37781,38.81993],[-9.37556,38.81963],[-9.37421,38.82077]]],[[[-9.38502,38.89975],[-9.3852,38.90007],[-9.38507,38.90034],[-9.38237,38.90096],[-9.38192,38.90128],[-9.38203,38.9015],[-9.38483,38.90134],[-9.38574,38.90112],[-9.38643,38.90059],[-9.38642,38.89976],[-9.38582,38.89924],[-9.38418,38.89898],[-9.37902,38.89964],[-9.37704,38.89961],[-9.37619,38.89937],[-9.37541,38.8985],[-9.37497,38.89831],[-9.375,38.89913],[-9.37526,38.89952],[-9.37568,38.89984],[-9.37646,38.90004],[-9.37918,38.90027],[-9.38502,38.89975]]],[[[-9.40327,38.82545],[-9.40358,38.82695],[-9.4034,38.82926],[-9.40359,38.82962],[-9.40412,38.82985],[-9.40387,38.83062],[-9.40391,38.83104],[-9.40453,38.83139],[-9.40357,38.83255],[-9.40345,38.83303],[-9.40392,38.83403],[-9.40426,38.83434],[-9.40491,38.83371],[-9.40554,38.83245],[-9.40577,38.83147],[-9.40546,38.83039],[-9.4056,38.82965],[-9.4049,38.82865],[-9.40464,38.82748],[-9.40408,38.82607],[-9.40361,38.82553],[-9.40327,38.82545]]],[[[-9.37985,38.91529],[-9.38077,38.91519],[-9.38212,38.91441],[-9.38247,38.91388],[-9.38264,38.91279],[-9.3824,38.91203],[-9.38185,38.91167],[-9.38137,38.91181],[-9.37997,38.91272],[-9.37959,38.91275],[-9.37905,38.9124],[-9.37885,38.91213],[-9.37894,38.91184],[-9.38014,38.91092],[-9.38008,38.91064],[-9.37966,38.91051],[-9.37834,38.91102],[-9.3781,38.91128],[-9.37805,38.91169],[-9.37835,38.91248],[-9.37905,38.91356],[-9.37961,38.91361],[-9.37989,38.91399],[-9.37935,38.91447],[-9.37936,38.91522],[-9.37976,38.91499],[-9.38011,38.9151],[-9.37985,38.91529]]],[[[-9.26106,38.77092],[-9.26195,38.77161],[-9.26292,38.77167],[-9.26244,38.77071],[-9.26271,38.77065],[-9.26282,38.77001],[-9.26318,38.76953],[-9.26317,38.76896],[-9.26272,38.76848],[-9.26137,38.76759],[-9.26048,38.76665],[-9.25987,38.76658],[-9.25972,38.7667],[-9.25972,38.76653],[-9.25934,38.76634],[-9.25882,38.76645],[-9.25888,38.7669],[-9.26059,38.76966],[-9.26059,38.77011],[-9.26106,38.77092]]],[[[-9.3864,38.89438],[-9.38696,38.89521],[-9.38783,38.89585],[-9.38799,38.89637],[-9.38828,38.89661],[-9.38886,38.89642],[-9.39016,38.89519],[-9.39013,38.89493],[-9.38873,38.89451],[-9.38993,38.89422],[-9.38925,38.89346],[-9.38847,38.89415],[-9.38836,38.89317],[-9.38813,38.89309],[-9.38776,38.89335],[-9.3875,38.89234],[-9.38834,38.89149],[-9.3885,38.89061],[-9.3877,38.89093],[-9.38634,38.89238],[-9.38616,38.89332],[-9.3864,38.89438]]],[[[-9.31584,38.80044],[-9.31652,38.80089],[-9.31737,38.80111],[-9.31836,38.80104],[-9.31911,38.80069],[-9.31924,38.80022],[-9.31907,38.79987],[-9.31866,38.79987],[-9.31809,38.80022],[-9.31786,38.80013],[-9.31829,38.7989],[-9.31712,38.7997],[-9.31821,38.79815],[-9.31997,38.79698],[-9.32015,38.79651],[-9.32011,38.79612],[-9.31952,38.79592],[-9.31798,38.79657],[-9.31724,38.79712],[-9.31627,38.79847],[-9.31611,38.79897],[-9.31635,38.79881],[-9.31644,38.79901],[-9.31608,38.79908],[-9.31605,38.79933],[-9.31555,38.7997],[-9.31557,38.80005],[-9.31584,38.80044]]],[[[-9.27218,38.77767],[-9.27241,38.77804],[-9.27248,38.77859],[-9.27213,38.78098],[-9.27247,38.7813],[-9.27275,38.7812],[-9.27354,38.78039],[-9.27398,38.7793],[-9.27384,38.77795],[-9.27306,38.77654],[-9.27271,38.77648],[-9.27262,38.77698],[-9.27237,38.77716],[-9.27206,38.77695],[-9.27199,38.77624],[-9.27173,38.77615],[-9.27097,38.77643],[-9.27028,38.77703],[-9.26969,38.7767],[-9.26903,38.77661],[-9.26845,38.77671],[-9.268,38.77707],[-9.2686,38.77764],[-9.26939,38.77787],[-9.27106,38.77797],[-9.27184,38.77758],[-9.27218,38.77767]]],[[[-9.2762,38.78148],[-9.27698,38.78206],[-9.27845,38.78114],[-9.27838,38.78097],[-9.27721,38.78118],[-9.27687,38.78101],[-9.27811,38.7798],[-9.27834,38.77915],[-9.27784,38.77879],[-9.27595,38.77806],[-9.27569,38.77774],[-9.27565,38.77696],[-9.27546,38.77669],[-9.27433,38.7762],[-9.27362,38.77611],[-9.27354,38.77645],[-9.274,38.7776],[-9.27508,38.77921],[-9.27553,38.77939],[-9.27721,38.77914],[-9.2775,38.77923],[-9.27705,38.77962],[-9.27614,38.77981],[-9.27593,38.77999],[-9.27581,38.78074],[-9.2762,38.78148]]],[[[-9.27658,38.82435],[-9.27671,38.82449],[-9.27643,38.82505],[-9.27673,38.8252],[-9.27708,38.82488],[-9.27723,38.82405],[-9.27742,38.82392],[-9.27914,38.82458],[-9.27977,38.82452],[-9.28078,38.82414],[-9.28175,38.82457],[-9.28202,38.8242],[-9.28178,38.82327],[-9.28127,38.8225],[-9.28089,38.82233],[-9.28069,38.82262],[-9.28039,38.82265],[-9.27944,38.8222],[-9.27662,38.82287],[-9.27634,38.82313],[-9.27626,38.82351],[-9.27658,38.82435]]],[[[-9.26491,38.87491],[-9.26803,38.87491],[-9.26828,38.87477],[-9.26885,38.87386],[-9.26932,38.8735],[-9.26997,38.87422],[-9.27018,38.87387],[-9.27031,38.87297],[-9.27015,38.87271],[-9.26955,38.87241],[-9.26785,38.87239],[-9.26728,38.87333],[-9.26671,38.8735],[-9.26633,38.87194],[-9.2656,38.87127],[-9.26558,38.8716],[-9.26595,38.8726],[-9.26523,38.87274],[-9.26491,38.87491]]],[[[-9.24638,38.79287],[-9.24806,38.79324],[-9.24927,38.79323],[-9.25013,38.793],[-9.25064,38.79256],[-9.25103,38.79177],[-9.25088,38.79076],[-9.25067,38.79055],[-9.24989,38.79098],[-9.24926,38.79081],[-9.24819,38.78928],[-9.24861,38.78881],[-9.2481,38.7888],[-9.24749,38.78934],[-9.24711,38.79022],[-9.24712,38.79043],[-9.24734,38.79054],[-9.24796,38.79032],[-9.24791,38.79059],[-9.24726,38.79108],[-9.2461,38.79129],[-9.24589,38.79147],[-9.24795,38.7917],[-9.24904,38.79199],[-9.24923,38.79218],[-9.24862,38.79242],[-9.24605,38.79268],[-9.24638,38.79287]]],[[[-9.39172,38.8826],[-9.3904,38.88297],[-9.39,38.88326],[-9.39105,38.88353],[-9.39216,38.88338],[-9.3945,38.88206],[-9.39494,38.88152],[-9.39512,38.88082],[-9.39492,38.87989],[-9.39329,38.87657],[-9.39267,38.87581],[-9.39202,38.87542],[-9.39186,38.87558],[-9.3926,38.87685],[-9.39275,38.87863],[-9.39307,38.87913],[-9.39355,38.87935],[-9.39389,38.8799],[-9.39391,38.88017],[-9.39343,38.88086],[-9.39417,38.88126],[-9.39427,38.88145],[-9.39277,38.88231],[-9.39172,38.8826]]],[[[-9.40653,38.82371],[-9.40671,38.82394],[-9.40496,38.82296],[-9.40449,38.82285],[-9.40435,38.82296],[-9.40415,38.82433],[-9.40501,38.82438],[-9.40594,38.82411],[-9.40687,38.82416],[-9.40729,38.82446],[-9.40742,38.82423],[-9.40722,38.82361],[-9.40665,38.82301],[-9.4049,38.82153],[-9.4032,38.82059],[-9.40229,38.81888],[-9.40171,38.81833],[-9.4012,38.81813],[-9.40158,38.81986],[-9.40211,38.82082],[-9.40653,38.82371]]],[[[-9.29031,38.75117],[-9.29064,38.75149],[-9.29127,38.75176],[-9.29285,38.75211],[-9.29358,38.75211],[-9.29467,38.75175],[-9.29526,38.75123],[-9.2952,38.75098],[-9.29646,38.75045],[-9.29661,38.75012],[-9.2966,38.74959],[-9.29621,38.74922],[-9.29537,38.74933],[-9.29256,38.75049],[-9.29061,38.75077],[-9.29034,38.75094],[-9.29031,38.75117]]],[[[-9.27295,38.85228],[-9.27357,38.85216],[-9.27433,38.85162],[-9.27524,38.85012],[-9.27565,38.84977],[-9.27547,38.84941],[-9.27585,38.84873],[-9.27501,38.84735],[-9.27432,38.84704],[-9.27412,38.8466],[-9.27366,38.84674],[-9.27345,38.8472],[-9.27332,38.85008],[-9.27295,38.85228]]],[[[-9.37525,38.80653],[-9.37438,38.80813],[-9.37444,38.80879],[-9.37477,38.80915],[-9.37583,38.80792],[-9.37738,38.80701],[-9.37774,38.80649],[-9.37858,38.80627],[-9.37802,38.80603],[-9.37563,38.80555],[-9.37423,38.80551],[-9.37324,38.80616],[-9.3735,38.80632],[-9.37304,38.80699],[-9.37312,38.80808],[-9.37332,38.80827],[-9.37354,38.80814],[-9.37476,38.80636],[-9.37515,38.80626],[-9.37525,38.80653]]],[[[-9.30838,38.85152],[-9.30919,38.85183],[-9.31137,38.85325],[-9.31185,38.85315],[-9.31239,38.8528],[-9.31269,38.85228],[-9.31241,38.85188],[-9.31148,38.85144],[-9.31066,38.85065],[-9.30983,38.8502],[-9.31018,38.84918],[-9.30992,38.84895],[-9.30773,38.8505],[-9.30778,38.85138],[-9.30838,38.85152]]],[[[-9.42199,38.81847],[-9.42166,38.81904],[-9.42072,38.8198],[-9.41758,38.82129],[-9.41709,38.82207],[-9.41741,38.8229],[-9.4178,38.82309],[-9.41863,38.82197],[-9.42171,38.81975],[-9.42251,38.81878],[-9.42411,38.81619],[-9.42332,38.81643],[-9.42128,38.81778],[-9.42071,38.81844],[-9.4206,38.81901],[-9.42093,38.81908],[-9.42161,38.81848],[-9.42199,38.81847]]],[[[-9.29632,38.8001],[-9.29602,38.80241],[-9.29603,38.80385],[-9.29669,38.80369],[-9.29736,38.80312],[-9.29777,38.80244],[-9.29804,38.80087],[-9.29832,38.80013],[-9.29893,38.80015],[-9.29908,38.80003],[-9.29894,38.79976],[-9.29744,38.79878],[-9.2967,38.79854],[-9.29617,38.7987],[-9.29597,38.79912],[-9.29596,38.79951],[-9.2963,38.79963],[-9.29632,38.8001]]],[[[-9.2707,38.85802],[-9.27216,38.85753],[-9.27374,38.85725],[-9.27412,38.85699],[-9.27409,38.85679],[-9.27364,38.85645],[-9.2731,38.85533],[-9.27204,38.8543],[-9.27172,38.85441],[-9.27171,38.85487],[-9.27083,38.85598],[-9.27026,38.85643],[-9.26959,38.85667],[-9.26791,38.85674],[-9.26848,38.85707],[-9.27041,38.85704],[-9.27003,38.85791],[-9.2707,38.85802]]],[[[-9.27349,38.87206],[-9.27348,38.87269],[-9.27433,38.87332],[-9.27451,38.87365],[-9.27433,38.87382],[-9.27454,38.87382],[-9.27542,38.87333],[-9.27556,38.87216],[-9.27623,38.87199],[-9.27648,38.8721],[-9.27665,38.87255],[-9.27704,38.87248],[-9.27772,38.87197],[-9.27781,38.87119],[-9.27767,38.87086],[-9.27711,38.8705],[-9.27516,38.87011],[-9.27491,38.87025],[-9.27485,38.87075],[-9.2745,38.8712],[-9.27341,38.87149],[-9.27349,38.87206]]],[[[-9.42739,38.86418],[-9.42701,38.86485],[-9.4275,38.86589],[-9.42792,38.86601],[-9.42837,38.86589],[-9.4292,38.86492],[-9.42963,38.86472],[-9.42968,38.86439],[-9.42942,38.86408],[-9.42998,38.86403],[-9.42995,38.86367],[-9.42959,38.86318],[-9.42961,38.86234],[-9.42925,38.86229],[-9.42749,38.8631],[-9.42536,38.8638],[-9.42562,38.86411],[-9.42563,38.86456],[-9.42633,38.86499],[-9.42681,38.86428],[-9.42766,38.864],[-9.42739,38.86418]]],[[[-9.37196,38.80045],[-9.37145,38.80078],[-9.37146,38.80092],[-9.37289,38.80143],[-9.37342,38.80133],[-9.37417,38.80086],[-9.37497,38.79984],[-9.37574,38.79959],[-9.37571,38.79905],[-9.37464,38.79778],[-9.37415,38.79769],[-9.37393,38.79792],[-9.37371,38.79876],[-9.37365,38.8],[-9.37342,38.80035],[-9.37254,38.79879],[-9.3722,38.79846],[-9.37189,38.7984],[-9.37143,38.79897],[-9.37053,38.7996],[-9.37183,38.79991],[-9.37201,38.80016],[-9.37196,38.80045]]],[[[-9.25059,38.84206],[-9.25081,38.84247],[-9.25128,38.84282],[-9.25301,38.84299],[-9.25406,38.84344],[-9.25562,38.84351],[-9.25671,38.84383],[-9.25666,38.84353],[-9.25634,38.84318],[-9.25401,38.84173],[-9.25286,38.84184],[-9.25227,38.84166],[-9.25198,38.84095],[-9.25238,38.83967],[-9.25094,38.84036],[-9.25057,38.84107],[-9.25059,38.84206]]],[[[-9.30645,38.83773],[-9.30843,38.83806],[-9.30947,38.83806],[-9.30881,38.83763],[-9.30898,38.83698],[-9.30932,38.83642],[-9.30937,38.83596],[-9.30913,38.8355],[-9.30859,38.83539],[-9.30777,38.83632],[-9.3069,38.83642],[-9.3062,38.83616],[-9.30609,38.83552],[-9.30676,38.83505],[-9.30798,38.83461],[-9.30655,38.8346],[-9.30544,38.83495],[-9.30514,38.83545],[-9.30514,38.83708],[-9.30565,38.83749],[-9.30645,38.83773]]],[[[-9.39992,38.90915],[-9.39982,38.90958],[-9.40002,38.90997],[-9.40169,38.9081],[-9.40208,38.90727],[-9.40216,38.90652],[-9.4017,38.90668],[-9.40153,38.90745],[-9.40116,38.90789],[-9.40077,38.90689],[-9.39965,38.90634],[-9.39896,38.90577],[-9.39813,38.90568],[-9.39793,38.90594],[-9.39789,38.90635],[-9.39828,38.90755],[-9.39917,38.90867],[-9.39992,38.90915]]],[[[-9.33259,38.75402],[-9.33283,38.75457],[-9.3337,38.75496],[-9.33529,38.75523],[-9.33693,38.75522],[-9.33787,38.75476],[-9.33927,38.75362],[-9.33991,38.75281],[-9.33939,38.75276],[-9.33614,38.75384],[-9.33479,38.75391],[-9.33315,38.75369],[-9.33259,38.75402]]],[[[-9.29246,38.86316],[-9.29277,38.8635],[-9.29295,38.86296],[-9.29327,38.86321],[-9.29401,38.86277],[-9.29421,38.86253],[-9.2942,38.86223],[-9.29348,38.86197],[-9.29397,38.86179],[-9.29472,38.86092],[-9.29576,38.86041],[-9.29589,38.85966],[-9.29584,38.85824],[-9.29564,38.85783],[-9.29512,38.85787],[-9.29381,38.8589],[-9.29236,38.85953],[-9.29245,38.85968],[-9.29528,38.85965],[-9.29396,38.86037],[-9.29303,38.86127],[-9.2924,38.86239],[-9.29246,38.86316]]],[[[-9.32121,38.87402],[-9.3214,38.87428],[-9.32207,38.87459],[-9.32205,38.87494],[-9.32251,38.87484],[-9.32386,38.87321],[-9.32243,38.87357],[-9.3217,38.8735],[-9.32289,38.87344],[-9.32366,38.87303],[-9.32418,38.87225],[-9.3244,38.87168],[-9.32435,38.87143],[-9.32412,38.87144],[-9.3233,38.87226],[-9.32274,38.87245],[-9.32172,38.87222],[-9.32064,38.8714],[-9.32002,38.87149],[-9.31991,38.87175],[-9.32028,38.87256],[-9.32023,38.8733],[-9.32072,38.87476],[-9.32118,38.87388],[-9.32121,38.87402]]],[[[-9.44947,38.80168],[-9.44932,38.80173],[-9.45035,38.80202],[-9.45228,38.80209],[-9.454,38.80178],[-9.45436,38.80136],[-9.45414,38.8011],[-9.45326,38.80071],[-9.45162,38.8005],[-9.45076,38.79975],[-9.44957,38.7994],[-9.44925,38.79953],[-9.44913,38.79985],[-9.44947,38.80168]]],[[[-9.42311,38.80723],[-9.4236,38.80812],[-9.42439,38.80839],[-9.42691,38.80741],[-9.42739,38.80711],[-9.42756,38.80676],[-9.4274,38.80656],[-9.42683,38.80636],[-9.42515,38.80649],[-9.4254,38.80638],[-9.42546,38.80616],[-9.42486,38.80535],[-9.42319,38.80526],[-9.42309,38.80534],[-9.42327,38.8055],[-9.42431,38.80578],[-9.42457,38.80611],[-9.42487,38.80621],[-9.42476,38.80641],[-9.42407,38.80592],[-9.4231,38.80597],[-9.42294,38.8063],[-9.42311,38.80723]]],[[[-9.2993,38.78016],[-9.29967,38.77952],[-9.30083,38.77873],[-9.30294,38.77653],[-9.30286,38.77604],[-9.30199,38.77548],[-9.30182,38.77482],[-9.30082,38.77567],[-9.29976,38.77754],[-9.29911,38.77951],[-9.29908,38.78002],[-9.2993,38.78016]]],[[[-9.34116,38.84987],[-9.34016,38.84857],[-9.33897,38.84895],[-9.33644,38.84845],[-9.33468,38.84852],[-9.33416,38.84873],[-9.33877,38.84992],[-9.34123,38.85133],[-9.34227,38.85166],[-9.34165,38.85081],[-9.34172,38.84976],[-9.34147,38.84964],[-9.34116,38.84987]]],[[[-9.38495,38.90334],[-9.38471,38.90373],[-9.38348,38.90405],[-9.38495,38.9042],[-9.38568,38.90409],[-9.3862,38.9035],[-9.38625,38.90306],[-9.38612,38.90283],[-9.38656,38.90275],[-9.38578,38.90203],[-9.38532,38.90184],[-9.38397,38.90196],[-9.38321,38.90224],[-9.38305,38.90187],[-9.38214,38.90158],[-9.38103,38.90146],[-9.38018,38.90169],[-9.38025,38.90214],[-9.38043,38.9023],[-9.38079,38.90232],[-9.38143,38.90201],[-9.38214,38.90219],[-9.38235,38.90251],[-9.3823,38.90306],[-9.38259,38.90327],[-9.38353,38.90341],[-9.38548,38.9031],[-9.38495,38.90334]]],[[[-9.41662,38.92821],[-9.41701,38.92907],[-9.4175,38.92953],[-9.41958,38.93047],[-9.41987,38.93039],[-9.41992,38.92974],[-9.41947,38.92852],[-9.41858,38.92745],[-9.41826,38.92744],[-9.41794,38.92787],[-9.41777,38.92778],[-9.4168,38.92497],[-9.4165,38.92653],[-9.41662,38.92821]]],[[[-9.40563,38.81285],[-9.4063,38.8135],[-9.40683,38.81374],[-9.40747,38.81374],[-9.40821,38.81334],[-9.40886,38.81248],[-9.40917,38.81162],[-9.40926,38.81103],[-9.40906,38.80976],[-9.40834,38.80929],[-9.40762,38.80969],[-9.40813,38.81104],[-9.40806,38.81168],[-9.40764,38.81242],[-9.40728,38.81253],[-9.40686,38.81203],[-9.4063,38.81176],[-9.40461,38.81172],[-9.40488,38.81214],[-9.40649,38.81254],[-9.40537,38.81245],[-9.40536,38.81266],[-9.40563,38.81285]]],[[[-9.42955,38.80572],[-9.42956,38.80632],[-9.43003,38.8064],[-9.43134,38.80544],[-9.43255,38.80536],[-9.43444,38.80478],[-9.43546,38.80416],[-9.43677,38.80305],[-9.43695,38.80262],[-9.43651,38.80258],[-9.4356,38.80289],[-9.43423,38.80378],[-9.43255,38.80406],[-9.43187,38.80444],[-9.43003,38.80483],[-9.42955,38.80572]]],[[[-9.32548,38.7661],[-9.3263,38.76621],[-9.32752,38.766],[-9.32911,38.7653],[-9.33099,38.76349],[-9.33008,38.76335],[-9.32998,38.76251],[-9.32969,38.76195],[-9.32847,38.76351],[-9.32818,38.76447],[-9.32688,38.76477],[-9.32587,38.76528],[-9.32559,38.76555],[-9.32548,38.7661]]],[[[-9.24906,38.82096],[-9.2479,38.8214],[-9.24756,38.82184],[-9.24751,38.82223],[-9.24826,38.82355],[-9.24948,38.82416],[-9.24991,38.82378],[-9.25072,38.8234],[-9.2511,38.8225],[-9.25082,38.82187],[-9.25017,38.82132],[-9.24906,38.82096]]],[[[-9.39417,38.79694],[-9.39731,38.79863],[-9.39934,38.7995],[-9.3991,38.7987],[-9.39822,38.7978],[-9.39585,38.79671],[-9.39451,38.79549],[-9.39393,38.79526],[-9.39341,38.79527],[-9.39303,38.79578],[-9.39312,38.79622],[-9.39417,38.79694]]],[[[-9.31132,38.81835],[-9.31253,38.81852],[-9.31507,38.81824],[-9.31679,38.81831],[-9.31701,38.8181],[-9.31687,38.81788],[-9.31555,38.81762],[-9.31662,38.81662],[-9.3168,38.81589],[-9.31673,38.81498],[-9.31643,38.81488],[-9.31588,38.81518],[-9.31464,38.8164],[-9.31393,38.81733],[-9.31315,38.81758],[-9.31276,38.81804],[-9.31119,38.81822],[-9.31132,38.81835]],[[-9.31641,38.8158],[-9.31617,38.81697],[-9.31567,38.81718],[-9.31496,38.81718],[-9.3151,38.81697],[-9.31489,38.81667],[-9.31496,38.81651],[-9.31641,38.8158]]],[[[-9.46754,38.81382],[-9.46739,38.81408],[-9.46732,38.81497],[-9.46757,38.81798],[-9.46791,38.81824],[-9.46904,38.81817],[-9.46941,38.81784],[-9.46954,38.81743],[-9.46931,38.816],[-9.4687,38.81482],[-9.46827,38.81332],[-9.46809,38.81321],[-9.46782,38.81329],[-9.46754,38.81382]]],[[[-9.41776,38.80771],[-9.41684,38.80841],[-9.41526,38.81007],[-9.41464,38.81163],[-9.41467,38.81252],[-9.41545,38.8123],[-9.41587,38.81154],[-9.41762,38.81061],[-9.41819,38.81005],[-9.41823,38.80959],[-9.41788,38.80926],[-9.41771,38.80872],[-9.41792,38.80784],[-9.41776,38.80771]]],[[[-9.24101,38.80545],[-9.24062,38.80582],[-9.24033,38.80641],[-9.23916,38.80686],[-9.23922,38.80753],[-9.23964,38.80762],[-9.24019,38.80751],[-9.24121,38.80685],[-9.24181,38.80599],[-9.242,38.80506],[-9.24171,38.80422],[-9.24111,38.80344],[-9.23959,38.80193],[-9.23913,38.80168],[-9.23917,38.80234],[-9.23963,38.80303],[-9.23942,38.80344],[-9.23998,38.8044],[-9.24005,38.80425],[-9.24013,38.80432],[-9.23998,38.8044],[-9.24012,38.80511],[-9.24092,38.80498],[-9.24152,38.80517],[-9.24101,38.80545]]],[[[-9.38404,38.91058],[-9.38435,38.91092],[-9.38503,38.91124],[-9.38642,38.91137],[-9.38792,38.91054],[-9.38831,38.90995],[-9.38799,38.9098],[-9.38738,38.90983],[-9.38616,38.91021],[-9.38573,38.91062],[-9.3855,38.91028],[-9.38547,38.90951],[-9.38489,38.90936],[-9.384,38.90942],[-9.38387,38.90914],[-9.3842,38.9088],[-9.38574,38.90858],[-9.38504,38.90835],[-9.38385,38.90837],[-9.38303,38.90879],[-9.38282,38.90935],[-9.38325,38.9102],[-9.38404,38.91058]]],[[[-9.42602,38.81298],[-9.42621,38.81393],[-9.42641,38.81423],[-9.42684,38.81439],[-9.43011,38.81302],[-9.42915,38.81258],[-9.42748,38.81236],[-9.42624,38.81152],[-9.42325,38.81119],[-9.42405,38.81169],[-9.42535,38.81209],[-9.4255,38.81227],[-9.4255,38.81285],[-9.42602,38.81298]]],[[[-9.34819,38.8431],[-9.3485,38.84518],[-9.34844,38.84557],[-9.34812,38.84607],[-9.34883,38.84521],[-9.34917,38.84395],[-9.3492,38.84295],[-9.34872,38.84231],[-9.34757,38.84172],[-9.34618,38.84148],[-9.34403,38.84157],[-9.34345,38.84168],[-9.34313,38.8419],[-9.34325,38.8421],[-9.3438,38.84232],[-9.34819,38.8431]]],[[[-9.25449,38.76967],[-9.25433,38.77015],[-9.25386,38.7705],[-9.25368,38.77084],[-9.25366,38.77135],[-9.25405,38.77197],[-9.2534,38.77246],[-9.25311,38.77315],[-9.25317,38.77364],[-9.25363,38.77392],[-9.25533,38.77387],[-9.25626,38.77349],[-9.25529,38.77304],[-9.25565,38.77176],[-9.25536,38.77125],[-9.25517,38.76987],[-9.25449,38.76967]]],[[[-9.42361,38.81042],[-9.42359,38.81067],[-9.42427,38.8109],[-9.42666,38.81094],[-9.42826,38.81047],[-9.43084,38.80929],[-9.42888,38.80937],[-9.42932,38.80928],[-9.42938,38.80913],[-9.42889,38.80883],[-9.4275,38.8088],[-9.42672,38.80908],[-9.42649,38.80934],[-9.42756,38.8092],[-9.42817,38.80937],[-9.4277,38.80943],[-9.42689,38.80982],[-9.42535,38.80968],[-9.42505,38.80987],[-9.42512,38.81034],[-9.42419,38.81025],[-9.42361,38.81042]]],[[[-9.28396,38.82519],[-9.28292,38.82598],[-9.28048,38.82646],[-9.27882,38.82745],[-9.28322,38.82689],[-9.28709,38.82523],[-9.28666,38.825],[-9.28534,38.82485],[-9.28427,38.82508],[-9.28431,38.82495],[-9.28396,38.82519]]],[[[-9.31064,38.83374],[-9.31125,38.83406],[-9.31237,38.83403],[-9.31515,38.83349],[-9.31713,38.83334],[-9.31814,38.83296],[-9.3187,38.83311],[-9.31882,38.83288],[-9.31817,38.83242],[-9.31636,38.8324],[-9.31357,38.83331],[-9.31186,38.83344],[-9.31145,38.83326],[-9.31113,38.83284],[-9.31115,38.83149],[-9.31089,38.8311],[-9.31048,38.8314],[-9.31035,38.83169],[-9.31048,38.83207],[-9.31032,38.83222],[-9.3103,38.83283],[-9.31064,38.83374]]],[[[-9.31771,38.8174],[-9.32081,38.8188],[-9.32171,38.81844],[-9.32213,38.81792],[-9.32228,38.81744],[-9.32219,38.81708],[-9.32185,38.81669],[-9.32101,38.81631],[-9.32055,38.81652],[-9.32021,38.81723],[-9.3196,38.8165],[-9.31936,38.81642],[-9.31768,38.81681],[-9.31754,38.81708],[-9.31771,38.8174]]],[[[-9.41902,38.82358],[-9.41909,38.82398],[-9.41984,38.8247],[-9.41996,38.82449],[-9.41979,38.82397],[-9.41984,38.82355],[-9.42018,38.8238],[-9.42068,38.82388],[-9.42164,38.82366],[-9.42252,38.82248],[-9.42273,38.82148],[-9.42252,38.82132],[-9.4221,38.82146],[-9.4215,38.82233],[-9.42073,38.82158],[-9.42003,38.82164],[-9.41939,38.82193],[-9.41881,38.82262],[-9.4188,38.82297],[-9.41896,38.82314],[-9.41953,38.82284],[-9.41902,38.82358]]],[[[-9.31401,38.85385],[-9.31365,38.85421],[-9.31363,38.85444],[-9.31417,38.85435],[-9.31597,38.85348],[-9.31729,38.85345],[-9.31779,38.8536],[-9.31786,38.85156],[-9.3176,38.85094],[-9.31715,38.85084],[-9.31665,38.85151],[-9.31565,38.85179],[-9.31381,38.85278],[-9.31526,38.85274],[-9.31401,38.85385]]],[[[-9.37799,38.88514],[-9.37961,38.88575],[-9.38096,38.88566],[-9.38143,38.88536],[-9.38162,38.88454],[-9.38213,38.88428],[-9.38216,38.88412],[-9.38127,38.88346],[-9.38035,38.88334],[-9.37977,38.88364],[-9.37941,38.88466],[-9.37905,38.88487],[-9.37839,38.88439],[-9.37811,38.88371],[-9.37775,38.88361],[-9.37741,38.88401],[-9.37739,38.88445],[-9.37721,38.88451],[-9.37799,38.88514]]],[[[-9.24439,38.81683],[-9.24469,38.81718],[-9.24462,38.81803],[-9.24501,38.81834],[-9.24563,38.81842],[-9.24629,38.81821],[-9.24762,38.81687],[-9.24833,38.81661],[-9.24775,38.81633],[-9.24628,38.8164],[-9.2438,38.81611],[-9.24286,38.81642],[-9.24253,38.81676],[-9.24249,38.81707],[-9.24278,38.81741],[-9.24321,38.81755],[-9.24338,38.81738],[-9.24331,38.81696],[-9.24398,38.81672],[-9.24439,38.81683]]],[[[-9.27848,38.80267],[-9.27883,38.80321],[-9.27913,38.80328],[-9.27988,38.803],[-9.2804,38.80193],[-9.28127,38.80238],[-9.28158,38.80235],[-9.28087,38.80152],[-9.28022,38.80114],[-9.27975,38.80105],[-9.27885,38.8012],[-9.27786,38.80062],[-9.27708,38.80054],[-9.27742,38.80147],[-9.27733,38.80184],[-9.2768,38.80246],[-9.27686,38.80281],[-9.27757,38.80315],[-9.278,38.8027],[-9.27848,38.80267]]],[[[-9.41706,38.84057],[-9.4184,38.84132],[-9.41868,38.84159],[-9.41866,38.84176],[-9.41898,38.84158],[-9.41911,38.84053],[-9.41859,38.84035],[-9.41812,38.84048],[-9.41793,38.83998],[-9.41825,38.8396],[-9.4188,38.83963],[-9.41883,38.83951],[-9.41838,38.83909],[-9.4176,38.83878],[-9.4175,38.83833],[-9.41697,38.83877],[-9.41696,38.83903],[-9.41731,38.83941],[-9.41703,38.83964],[-9.41623,38.83982],[-9.4149,38.83957],[-9.41451,38.83965],[-9.41435,38.83985],[-9.41442,38.84019],[-9.41493,38.84067],[-9.41543,38.84094],[-9.41572,38.84073],[-9.41632,38.84144],[-9.41714,38.84155],[-9.41758,38.84146],[-9.41637,38.84046],[-9.41706,38.84057]]],[[[-9.28004,38.81017],[-9.28052,38.81136],[-9.28043,38.81171],[-9.2806,38.81182],[-9.28321,38.81025],[-9.28349,38.80971],[-9.28349,38.80922],[-9.28301,38.80748],[-9.28277,38.80743],[-9.28243,38.80782],[-9.28221,38.80837],[-9.28217,38.8091],[-9.28082,38.81012],[-9.2803,38.80972],[-9.28004,38.81017]]],[[[-9.42257,38.82442],[-9.42193,38.8256],[-9.42344,38.82529],[-9.42441,38.82442],[-9.42523,38.82263],[-9.42524,38.82187],[-9.42501,38.82134],[-9.42419,38.82187],[-9.42307,38.82233],[-9.42308,38.82343],[-9.42336,38.82375],[-9.42369,38.82386],[-9.42375,38.82345],[-9.42387,38.82382],[-9.42354,38.82404],[-9.42266,38.82387],[-9.42257,38.82442]]],[[[-9.28973,38.75614],[-9.29051,38.7572],[-9.29128,38.75761],[-9.28983,38.75441],[-9.28881,38.75301],[-9.28753,38.75215],[-9.28619,38.75185],[-9.2851,38.75182],[-9.28669,38.75254],[-9.28803,38.75358],[-9.28868,38.75446],[-9.28932,38.75605],[-9.28973,38.75614]]],[[[-9.3446,38.80831],[-9.34535,38.80886],[-9.34688,38.80932],[-9.34912,38.80954],[-9.34995,38.80944],[-9.35029,38.80921],[-9.35011,38.809],[-9.34904,38.80867],[-9.34668,38.80827],[-9.3436,38.80689],[-9.34294,38.80686],[-9.34324,38.80748],[-9.3446,38.80831]]],[[[-9.39275,38.87499],[-9.39286,38.87539],[-9.39352,38.87633],[-9.39479,38.87941],[-9.39565,38.87973],[-9.39653,38.87949],[-9.39667,38.87927],[-9.39625,38.87921],[-9.3959,38.87895],[-9.39476,38.87715],[-9.39442,38.87561],[-9.39457,38.87374],[-9.39388,38.87414],[-9.39322,38.87492],[-9.39275,38.87499]]],[[[-9.39851,38.82296],[-9.39834,38.82353],[-9.398,38.82326],[-9.39812,38.823],[-9.39713,38.82332],[-9.39773,38.82441],[-9.39821,38.82407],[-9.39823,38.82468],[-9.39887,38.82402],[-9.39971,38.8224],[-9.40053,38.81955],[-9.40049,38.81873],[-9.39877,38.82093],[-9.39856,38.82159],[-9.39867,38.82216],[-9.39851,38.82296]]],[[[-9.26926,38.81274],[-9.27031,38.81305],[-9.2709,38.81452],[-9.27127,38.81496],[-9.27152,38.81498],[-9.27181,38.81475],[-9.27197,38.8143],[-9.2719,38.81353],[-9.27158,38.81293],[-9.27096,38.81243],[-9.26814,38.81177],[-9.26571,38.81147],[-9.2659,38.8118],[-9.26718,38.81269],[-9.26865,38.81263],[-9.26926,38.81274]]],[[[-9.46262,38.83475],[-9.46259,38.835],[-9.46287,38.83522],[-9.46327,38.83493],[-9.46373,38.83323],[-9.46357,38.83223],[-9.46386,38.83249],[-9.46402,38.83205],[-9.46353,38.83092],[-9.46297,38.83043],[-9.46286,38.83014],[-9.46224,38.83032],[-9.46163,38.83083],[-9.46197,38.83147],[-9.46282,38.83177],[-9.46253,38.83195],[-9.46237,38.83234],[-9.46231,38.83377],[-9.46243,38.83428],[-9.46279,38.8347],[-9.46262,38.83475]]],[[[-9.44447,38.82445],[-9.44392,38.82476],[-9.44409,38.82512],[-9.44634,38.82562],[-9.44669,38.82513],[-9.44777,38.82427],[-9.44782,38.82404],[-9.44753,38.82391],[-9.44857,38.82353],[-9.44866,38.82243],[-9.44822,38.82219],[-9.4472,38.82228],[-9.44698,38.8226],[-9.44771,38.82274],[-9.44783,38.82306],[-9.44666,38.82338],[-9.4461,38.8232],[-9.44589,38.82357],[-9.44609,38.82431],[-9.44447,38.82445]]],[[[-9.24411,38.862],[-9.24384,38.86245],[-9.24629,38.86288],[-9.24847,38.86352],[-9.24883,38.86338],[-9.24927,38.86229],[-9.2491,38.86202],[-9.24869,38.86189],[-9.24603,38.8616],[-9.24525,38.86165],[-9.24411,38.862]]],[[[-9.30724,38.80011],[-9.3072,38.80064],[-9.30736,38.80111],[-9.30783,38.80157],[-9.30818,38.80164],[-9.30879,38.80095],[-9.31216,38.79924],[-9.31257,38.79849],[-9.31241,38.79756],[-9.3121,38.79728],[-9.31206,38.79831],[-9.31185,38.79868],[-9.31135,38.79901],[-9.3091,38.79976],[-9.3075,38.79972],[-9.30724,38.80011]]],[[[-9.24065,38.81619],[-9.2416,38.81651],[-9.24221,38.81548],[-9.24287,38.81553],[-9.24315,38.81475],[-9.24303,38.8143],[-9.24348,38.81408],[-9.24359,38.81386],[-9.24321,38.81383],[-9.24117,38.81454],[-9.24021,38.81467],[-9.23988,38.81509],[-9.24031,38.81514],[-9.24038,38.81529],[-9.23965,38.81532],[-9.23846,38.81585],[-9.23927,38.81617],[-9.24065,38.81619]]],[[[-9.23384,38.79971],[-9.2338,38.79996],[-9.23398,38.80012],[-9.23671,38.80082],[-9.23781,38.80144],[-9.2382,38.80034],[-9.23835,38.79934],[-9.23839,38.79793],[-9.23822,38.79714],[-9.23787,38.79711],[-9.23763,38.79956],[-9.23384,38.79971]]],[[[-9.29237,38.75639],[-9.29259,38.75647],[-9.29308,38.75611],[-9.29371,38.75616],[-9.29365,38.75599],[-9.29427,38.7564],[-9.29461,38.75641],[-9.29456,38.75596],[-9.29389,38.75463],[-9.2941,38.75363],[-9.29386,38.75328],[-9.29292,38.7536],[-9.29187,38.75456],[-9.29171,38.75538],[-9.29237,38.75639]]],[[[-9.40094,38.7549],[-9.40086,38.75452],[-9.40016,38.75375],[-9.39962,38.75357],[-9.39913,38.75378],[-9.39845,38.75506],[-9.3976,38.75792],[-9.39784,38.75785],[-9.39894,38.75674],[-9.39973,38.75549],[-9.40031,38.75533],[-9.40128,38.75544],[-9.40125,38.75519],[-9.40094,38.7549]]],[[[-9.38601,38.89744],[-9.38563,38.89813],[-9.38449,38.8987],[-9.38529,38.89891],[-9.3861,38.89843],[-9.38647,38.89762],[-9.38628,38.89681],[-9.38562,38.89626],[-9.38551,38.89638],[-9.38578,38.89672],[-9.38511,38.89626],[-9.38482,38.89639],[-9.38475,38.89752],[-9.3824,38.89748],[-9.38182,38.89771],[-9.38206,38.89805],[-9.38243,38.89821],[-9.38413,38.89842],[-9.38545,38.89816],[-9.3858,38.89789],[-9.38601,38.89744]]],[[[-9.40908,38.88076],[-9.40935,38.88094],[-9.40949,38.88056],[-9.4096,38.88069],[-9.40999,38.88067],[-9.41038,38.88026],[-9.40971,38.87927],[-9.40929,38.87892],[-9.40922,38.87849],[-9.40984,38.87872],[-9.41028,38.87952],[-9.41099,38.87855],[-9.41059,38.8782],[-9.40986,38.87792],[-9.40801,38.87764],[-9.40798,38.87819],[-9.40767,38.87863],[-9.40846,38.8793],[-9.40908,38.88076]]],[[[-9.32106,38.77178],[-9.32378,38.77445],[-9.32404,38.77509],[-9.32398,38.776],[-9.32414,38.77692],[-9.32447,38.7774],[-9.32491,38.77767],[-9.32485,38.77612],[-9.32467,38.77535],[-9.32366,38.77353],[-9.3212,38.77136],[-9.32007,38.77078],[-9.31971,38.77077],[-9.31953,38.77093],[-9.31943,38.77138],[-9.31987,38.7724],[-9.32015,38.77242],[-9.32063,38.77178],[-9.32106,38.77178]]],[[[-9.29632,38.82449],[-9.29694,38.82414],[-9.29725,38.82356],[-9.29913,38.82277],[-9.29945,38.82252],[-9.29945,38.82228],[-9.29891,38.82204],[-9.29612,38.82222],[-9.29584,38.82315],[-9.29464,38.82419],[-9.29504,38.82446],[-9.29632,38.82449]]],[[[-9.26487,38.77438],[-9.2658,38.77453],[-9.26705,38.77433],[-9.26796,38.77385],[-9.26821,38.77325],[-9.26804,38.77316],[-9.26742,38.77342],[-9.26694,38.77343],[-9.26459,38.77299],[-9.26361,38.77245],[-9.26277,38.77267],[-9.26269,38.77297],[-9.2631,38.77344],[-9.26487,38.77438]]],[[[-9.26619,38.76427],[-9.26524,38.76547],[-9.26535,38.76578],[-9.26565,38.76594],[-9.26709,38.76582],[-9.26827,38.76507],[-9.26868,38.76434],[-9.26841,38.76394],[-9.2679,38.76404],[-9.2672,38.7628],[-9.26619,38.76427]]],[[[-9.42784,38.82367],[-9.42741,38.82461],[-9.42766,38.82487],[-9.42806,38.82477],[-9.42849,38.82404],[-9.42898,38.82364],[-9.4294,38.82358],[-9.42978,38.82387],[-9.43021,38.82376],[-9.43125,38.82264],[-9.43155,38.82148],[-9.43116,38.82139],[-9.42948,38.82182],[-9.42922,38.82206],[-9.42988,38.8222],[-9.42993,38.82239],[-9.42822,38.82291],[-9.42784,38.82367]]],[[[-9.39296,38.80159],[-9.39409,38.80185],[-9.39452,38.8018],[-9.39482,38.80157],[-9.39497,38.80119],[-9.39496,38.80044],[-9.39454,38.79956],[-9.39446,38.80044],[-9.39416,38.80089],[-9.39401,38.80052],[-9.39337,38.80066],[-9.39278,38.80055],[-9.38984,38.79897],[-9.38941,38.79896],[-9.38963,38.79955],[-9.39023,38.80014],[-9.39296,38.80159]]],[[[-9.29482,38.75565],[-9.2962,38.75727],[-9.29731,38.75776],[-9.29776,38.7577],[-9.29766,38.75692],[-9.29742,38.75647],[-9.29573,38.75549],[-9.29546,38.75518],[-9.29558,38.75489],[-9.29627,38.75489],[-9.2967,38.75471],[-9.29659,38.75433],[-9.2962,38.75401],[-9.29548,38.75383],[-9.29493,38.75416],[-9.29462,38.75516],[-9.29465,38.75551],[-9.29482,38.75565]]],[[[-9.29354,38.76833],[-9.2916,38.7692],[-9.29009,38.76964],[-9.2899,38.76986],[-9.29034,38.77017],[-9.29083,38.77026],[-9.2925,38.76995],[-9.2956,38.76788],[-9.2961,38.76725],[-9.29617,38.76671],[-9.29578,38.76703],[-9.29568,38.76638],[-9.29472,38.76755],[-9.29354,38.76833]]],[[[-9.37834,38.88227],[-9.3795,38.88268],[-9.38043,38.88267],[-9.38102,38.88224],[-9.38184,38.88127],[-9.38197,38.88165],[-9.38228,38.88167],[-9.38308,38.88112],[-9.38326,38.88069],[-9.38263,38.88002],[-9.38181,38.87998],[-9.38078,38.88055],[-9.38028,38.88198],[-9.38045,38.882],[-9.38121,38.88136],[-9.38045,38.88214],[-9.38015,38.88216],[-9.37938,38.88172],[-9.37876,38.88168],[-9.37827,38.88185],[-9.37818,38.88207],[-9.37834,38.88227]]],[[[-9.32351,38.79207],[-9.32324,38.7926],[-9.32324,38.79303],[-9.32344,38.79332],[-9.32385,38.79334],[-9.3254,38.79281],[-9.3257,38.79258],[-9.3261,38.79188],[-9.32654,38.79179],[-9.32683,38.79196],[-9.32702,38.79155],[-9.32682,38.7912],[-9.32612,38.79067],[-9.32544,38.79051],[-9.3248,38.79091],[-9.32391,38.792],[-9.32387,38.79175],[-9.32351,38.79207]]],[[[-9.37723,38.90073],[-9.37605,38.90088],[-9.37584,38.90124],[-9.37641,38.90183],[-9.37714,38.90201],[-9.37724,38.90241],[-9.37759,38.90268],[-9.37898,38.90345],[-9.37933,38.90329],[-9.37959,38.9029],[-9.37955,38.90241],[-9.37883,38.90221],[-9.37834,38.90165],[-9.37979,38.90093],[-9.37723,38.90073]]],[[[-9.29393,38.80537],[-9.29425,38.80499],[-9.29437,38.80412],[-9.2938,38.80365],[-9.29491,38.80374],[-9.2952,38.80338],[-9.29527,38.80292],[-9.29436,38.80233],[-9.29339,38.80115],[-9.2928,38.80181],[-9.2934,38.8035],[-9.29255,38.80297],[-9.29213,38.80219],[-9.29201,38.80269],[-9.29224,38.80352],[-9.29323,38.80411],[-9.29385,38.80473],[-9.29401,38.80504],[-9.29393,38.80537]]],[[[-9.41232,38.82281],[-9.41296,38.82311],[-9.41304,38.82364],[-9.4128,38.82395],[-9.41316,38.82398],[-9.41356,38.82345],[-9.41376,38.82262],[-9.41333,38.82104],[-9.41303,38.8211],[-9.41256,38.82206],[-9.41087,38.82229],[-9.41051,38.82196],[-9.41061,38.8211],[-9.41047,38.82097],[-9.41007,38.82158],[-9.40995,38.82209],[-9.40994,38.82287],[-9.41023,38.82331],[-9.411,38.8239],[-9.4119,38.82287],[-9.41232,38.82281]]],[[[-9.24807,38.80549],[-9.2484,38.80604],[-9.24906,38.80662],[-9.25026,38.80747],[-9.25051,38.80744],[-9.25068,38.80629],[-9.25004,38.80482],[-9.25056,38.80432],[-9.25052,38.80413],[-9.25021,38.80402],[-9.24918,38.80426],[-9.24805,38.80516],[-9.24791,38.80542],[-9.24807,38.80549]]],[[[-9.2708,38.84825],[-9.27091,38.84847],[-9.27157,38.84875],[-9.2726,38.84861],[-9.27311,38.84759],[-9.27316,38.84628],[-9.27279,38.84603],[-9.27228,38.84605],[-9.27042,38.84725],[-9.2703,38.84745],[-9.27054,38.84747],[-9.27051,38.84792],[-9.2708,38.84825]]],[[[-9.41071,38.80608],[-9.41061,38.80618],[-9.41155,38.80631],[-9.41266,38.80591],[-9.41282,38.80562],[-9.41269,38.80535],[-9.41176,38.80525],[-9.41289,38.80475],[-9.41412,38.80371],[-9.41573,38.80146],[-9.41596,38.80074],[-9.41565,38.80094],[-9.41425,38.80288],[-9.41342,38.80327],[-9.41194,38.80444],[-9.41062,38.80508],[-9.41109,38.80539],[-9.41163,38.80532],[-9.41154,38.80553],[-9.4107,38.80549],[-9.41115,38.80587],[-9.41071,38.80608]]],[[[-9.4321,38.81412],[-9.43058,38.81359],[-9.42937,38.81347],[-9.42811,38.81392],[-9.42753,38.81457],[-9.42808,38.81472],[-9.42868,38.81424],[-9.43021,38.81519],[-9.4311,38.81529],[-9.43201,38.81503],[-9.43251,38.81471],[-9.43252,38.81434],[-9.4321,38.81412]]],[[[-9.24604,38.79272],[-9.24571,38.79241],[-9.24533,38.79248],[-9.24527,38.79338],[-9.2457,38.79413],[-9.24707,38.79554],[-9.24783,38.79581],[-9.24862,38.7958],[-9.2496,38.79555],[-9.2503,38.79515],[-9.25018,38.79503],[-9.24868,38.7952],[-9.24786,38.79507],[-9.24782,38.79472],[-9.24806,38.79402],[-9.24667,38.79369],[-9.24612,38.79309],[-9.24604,38.79272]]],[[[-9.29771,38.76325],[-9.29918,38.76467],[-9.29967,38.76486],[-9.30004,38.76474],[-9.29861,38.76318],[-9.29807,38.76143],[-9.29714,38.76007],[-9.29619,38.75932],[-9.29465,38.75874],[-9.29489,38.75911],[-9.29603,38.75982],[-9.29677,38.76078],[-9.29778,38.76279],[-9.29783,38.76295],[-9.29732,38.7625],[-9.29771,38.76325]]],[[[-9.42389,38.82964],[-9.42399,38.82985],[-9.42386,38.82994],[-9.42397,38.83006],[-9.42381,38.8302],[-9.42387,38.8304],[-9.42451,38.83034],[-9.42504,38.82989],[-9.42485,38.82887],[-9.4246,38.82855],[-9.42558,38.82824],[-9.42523,38.82862],[-9.42524,38.82881],[-9.42534,38.82898],[-9.42573,38.82896],[-9.42637,38.82866],[-9.42671,38.82803],[-9.42543,38.82762],[-9.42442,38.82791],[-9.42536,38.82809],[-9.42296,38.82802],[-9.42281,38.82839],[-9.42302,38.82911],[-9.42347,38.82955],[-9.42389,38.82964]]],[[[-9.40136,38.78243],[-9.40104,38.78277],[-9.40105,38.78325],[-9.40136,38.7834],[-9.40206,38.78318],[-9.40289,38.78234],[-9.40344,38.78145],[-9.40369,38.78073],[-9.40352,38.78035],[-9.40315,38.78012],[-9.40263,38.78009],[-9.40196,38.78028],[-9.40138,38.78065],[-9.40116,38.7811],[-9.40163,38.78139],[-9.40151,38.78236],[-9.40136,38.78243]]],[[[-9.35394,38.80793],[-9.35396,38.80825],[-9.35439,38.80872],[-9.35395,38.80893],[-9.35451,38.80913],[-9.35637,38.80857],[-9.35683,38.80816],[-9.35651,38.80791],[-9.35733,38.80772],[-9.35662,38.80717],[-9.35694,38.80664],[-9.35688,38.80637],[-9.35616,38.80687],[-9.35589,38.80766],[-9.35547,38.8072],[-9.35476,38.80689],[-9.35423,38.80694],[-9.35381,38.80733],[-9.35394,38.80793]]],[[[-9.38493,38.82392],[-9.38443,38.8243],[-9.38406,38.82559],[-9.38303,38.82642],[-9.38274,38.8275],[-9.38283,38.82811],[-9.38352,38.82887],[-9.38356,38.82963],[-9.38387,38.82919],[-9.38484,38.82549],[-9.38493,38.82392]]],[[[-9.36775,38.81758],[-9.36793,38.818],[-9.3683,38.81808],[-9.36844,38.81709],[-9.36902,38.81643],[-9.37016,38.81575],[-9.37302,38.81459],[-9.37323,38.81424],[-9.37311,38.81355],[-9.37276,38.8134],[-9.37171,38.81429],[-9.36826,38.8162],[-9.36743,38.81715],[-9.36743,38.81758],[-9.36775,38.81758]]],[[[-9.38949,38.8312],[-9.39011,38.83077],[-9.39066,38.8297],[-9.39121,38.82902],[-9.39115,38.82835],[-9.39062,38.82743],[-9.39069,38.82702],[-9.3913,38.82676],[-9.39235,38.82714],[-9.39266,38.82701],[-9.39197,38.82604],[-9.39163,38.8258],[-9.39101,38.82594],[-9.39011,38.82693],[-9.38992,38.82752],[-9.39018,38.82847],[-9.3894,38.82921],[-9.38998,38.82996],[-9.39003,38.83036],[-9.38978,38.83096],[-9.38949,38.8312]]],[[[-9.40016,38.76396],[-9.40498,38.76134],[-9.40542,38.76088],[-9.40547,38.76045],[-9.40467,38.76049],[-9.40183,38.7618],[-9.40118,38.7624],[-9.40016,38.76396]]],[[[-9.29308,38.78063],[-9.29511,38.78243],[-9.29586,38.78266],[-9.29605,38.78254],[-9.29619,38.78181],[-9.29606,38.78107],[-9.2957,38.78036],[-9.29505,38.77973],[-9.29448,38.77955],[-9.29466,38.78012],[-9.29344,38.78021],[-9.29283,38.78055],[-9.29308,38.78063]]],[[[-9.32532,38.77065],[-9.32716,38.76927],[-9.32734,38.76865],[-9.3271,38.76827],[-9.32635,38.76818],[-9.32626,38.76832],[-9.32649,38.76869],[-9.32639,38.76876],[-9.32469,38.76836],[-9.32412,38.76852],[-9.3241,38.76897],[-9.32445,38.77012],[-9.32481,38.77057],[-9.32532,38.77065]]],[[[-9.28739,38.88351],[-9.28703,38.88386],[-9.2867,38.88505],[-9.28596,38.88585],[-9.28649,38.88626],[-9.28843,38.88688],[-9.28831,38.88722],[-9.28851,38.88672],[-9.28822,38.88486],[-9.28831,38.88378],[-9.28791,38.88351],[-9.28739,38.88351]]],[[[-9.48896,38.78376],[-9.48866,38.78421],[-9.48919,38.78553],[-9.48995,38.78648],[-9.49035,38.78669],[-9.4908,38.78657],[-9.49129,38.78574],[-9.49121,38.78463],[-9.49038,38.78417],[-9.48938,38.78399],[-9.48933,38.78377],[-9.48896,38.78376]]],[[[-9.46898,38.82314],[-9.46925,38.82317],[-9.46942,38.823],[-9.4694,38.82213],[-9.46852,38.82062],[-9.46826,38.81962],[-9.46782,38.81921],[-9.46734,38.81908],[-9.46693,38.82026],[-9.46698,38.8208],[-9.46898,38.82314]]],[[[-9.34394,38.84488],[-9.34599,38.84575],[-9.3456,38.84502],[-9.34506,38.84452],[-9.34232,38.84289],[-9.34204,38.84293],[-9.34166,38.84344],[-9.34095,38.84397],[-9.34261,38.84426],[-9.34269,38.84443],[-9.34245,38.84479],[-9.34261,38.84492],[-9.34394,38.84488]]],[[[-9.23533,38.82227],[-9.23575,38.82296],[-9.23667,38.8238],[-9.23917,38.82285],[-9.23895,38.82248],[-9.23823,38.82216],[-9.2364,38.82203],[-9.23551,38.82131],[-9.23525,38.82182],[-9.23533,38.82227]]],[[[-9.27714,38.80559],[-9.27686,38.80599],[-9.27665,38.80674],[-9.27743,38.80656],[-9.27858,38.80553],[-9.27963,38.80585],[-9.28005,38.8057],[-9.28044,38.80607],[-9.28043,38.80582],[-9.27979,38.80504],[-9.27974,38.80478],[-9.28067,38.80485],[-9.2809,38.80466],[-9.2803,38.80404],[-9.27956,38.80391],[-9.27819,38.80466],[-9.27714,38.80559]]],[[[-9.48614,38.76868],[-9.48588,38.76925],[-9.48598,38.76945],[-9.48794,38.76861],[-9.48839,38.76864],[-9.48897,38.76912],[-9.48938,38.76919],[-9.48969,38.76897],[-9.48979,38.76855],[-9.48969,38.76823],[-9.48916,38.76773],[-9.48779,38.76717],[-9.48702,38.76748],[-9.48614,38.76868]]],[[[-9.43503,38.88818],[-9.43469,38.88867],[-9.43442,38.89031],[-9.43312,38.89099],[-9.43386,38.89166],[-9.43487,38.89203],[-9.43513,38.89191],[-9.43528,38.89159],[-9.43574,38.88959],[-9.43548,38.88839],[-9.43523,38.88817],[-9.43503,38.88818]]],[[[-9.28693,38.87259],[-9.28831,38.87299],[-9.28871,38.87281],[-9.2889,38.87249],[-9.28906,38.87177],[-9.28837,38.87127],[-9.2887,38.87101],[-9.28782,38.86993],[-9.28723,38.87005],[-9.28753,38.87107],[-9.28681,38.87141],[-9.28632,38.87217],[-9.28635,38.87256],[-9.28693,38.87259]]],[[[-9.26027,38.82509],[-9.26211,38.82597],[-9.26269,38.82669],[-9.26267,38.82692],[-9.26322,38.82643],[-9.26369,38.82632],[-9.26245,38.82504],[-9.26159,38.82459],[-9.26092,38.8246],[-9.25957,38.82324],[-9.25891,38.82298],[-9.25934,38.82404],[-9.26027,38.82509]]],[[[-9.48653,38.77365],[-9.48763,38.77381],[-9.48829,38.77363],[-9.48837,38.77338],[-9.49012,38.7723],[-9.49046,38.77188],[-9.49046,38.77154],[-9.49022,38.77131],[-9.48988,38.77128],[-9.48633,38.77308],[-9.48609,38.77335],[-9.48653,38.77365]]],[[[-9.30765,38.79303],[-9.30821,38.79347],[-9.30901,38.79348],[-9.31001,38.79298],[-9.31113,38.79219],[-9.31135,38.79186],[-9.3107,38.79198],[-9.3107,38.79131],[-9.31036,38.79105],[-9.30902,38.79101],[-9.3089,38.7912],[-9.30906,38.79205],[-9.30895,38.7924],[-9.3084,38.79267],[-9.30755,38.79243],[-9.30749,38.79265],[-9.30765,38.79303]]],[[[-9.30568,38.77335],[-9.30671,38.77433],[-9.30641,38.77316],[-9.30804,38.77292],[-9.30736,38.77257],[-9.30419,38.77173],[-9.30262,38.77104],[-9.30284,38.77163],[-9.3035,38.77233],[-9.30568,38.77335]]],[[[-9.37462,38.78691],[-9.37545,38.78844],[-9.37548,38.78794],[-9.37605,38.78743],[-9.37562,38.78651],[-9.37631,38.78654],[-9.37616,38.7861],[-9.37655,38.78572],[-9.37689,38.78568],[-9.37695,38.78533],[-9.37678,38.7848],[-9.37656,38.78469],[-9.3761,38.78482],[-9.37565,38.78577],[-9.37572,38.78515],[-9.37546,38.78456],[-9.37526,38.7846],[-9.37465,38.78555],[-9.37449,38.78621],[-9.37462,38.78691]]],[[[-9.34884,38.74729],[-9.34794,38.74818],[-9.34889,38.74748],[-9.34991,38.74705],[-9.35071,38.74693],[-9.3524,38.74718],[-9.35266,38.74679],[-9.35271,38.74632],[-9.35223,38.74582],[-9.35182,38.74498],[-9.35117,38.74493],[-9.35034,38.74609],[-9.34884,38.74729]]],[[[-9.43186,38.80818],[-9.43168,38.80847],[-9.4318,38.80879],[-9.43297,38.80889],[-9.43391,38.80861],[-9.43469,38.80816],[-9.43489,38.8077],[-9.43427,38.80672],[-9.43342,38.80629],[-9.43308,38.80643],[-9.43278,38.80694],[-9.43294,38.80807],[-9.43264,38.80817],[-9.43221,38.80804],[-9.43186,38.80818]]],[[[-9.32305,38.77243],[-9.32482,38.77391],[-9.32514,38.77478],[-9.32563,38.77545],[-9.32587,38.77494],[-9.32591,38.77406],[-9.32558,38.77341],[-9.32467,38.77264],[-9.325,38.77241],[-9.324,38.7718],[-9.32325,38.77206],[-9.32246,38.77136],[-9.32043,38.77035],[-9.32246,38.77178],[-9.32305,38.77243]]],[[[-9.39296,38.83202],[-9.39345,38.83229],[-9.39394,38.83208],[-9.39387,38.83138],[-9.3934,38.83004],[-9.39306,38.82968],[-9.39262,38.82965],[-9.39336,38.82924],[-9.39362,38.82884],[-9.39348,38.82846],[-9.39248,38.82834],[-9.39233,38.82847],[-9.39203,38.82961],[-9.39194,38.83073],[-9.39228,38.83131],[-9.39221,38.83029],[-9.39237,38.82992],[-9.39278,38.83156],[-9.39267,38.83167],[-9.39296,38.83202]]],[[[-9.4388,38.83663],[-9.4395,38.83674],[-9.43961,38.83642],[-9.43931,38.83618],[-9.4401,38.83598],[-9.44027,38.83565],[-9.4401,38.83539],[-9.4391,38.83484],[-9.43875,38.83484],[-9.4383,38.83507],[-9.43831,38.83474],[-9.43814,38.83464],[-9.43776,38.8348],[-9.43737,38.83531],[-9.4372,38.83578],[-9.43729,38.83611],[-9.43668,38.83653],[-9.4388,38.83663]]],[[[-9.42139,38.82077],[-9.42105,38.82163],[-9.42116,38.82177],[-9.42254,38.82047],[-9.42282,38.82055],[-9.42338,38.82115],[-9.42373,38.82122],[-9.42452,38.82006],[-9.42345,38.81936],[-9.42295,38.81842],[-9.42139,38.82077]]],[[[-9.27255,38.86723],[-9.27183,38.86746],[-9.27108,38.86814],[-9.26991,38.86864],[-9.26945,38.86905],[-9.26855,38.86931],[-9.26821,38.86999],[-9.26896,38.87124],[-9.26895,38.87192],[-9.26934,38.87183],[-9.26962,38.87138],[-9.26927,38.87013],[-9.27014,38.86959],[-9.27246,38.86769],[-9.27278,38.8673],[-9.27255,38.86723]]],[[[-9.30329,38.81206],[-9.30245,38.81217],[-9.30201,38.81242],[-9.30189,38.81274],[-9.30201,38.81339],[-9.3025,38.81348],[-9.30365,38.81309],[-9.30686,38.81263],[-9.30763,38.81239],[-9.30599,38.81216],[-9.30329,38.81206]]],[[[-9.27714,38.8124],[-9.27817,38.81321],[-9.27887,38.81348],[-9.27862,38.81226],[-9.2782,38.8115],[-9.27744,38.81097],[-9.27806,38.81198],[-9.27807,38.8122],[-9.27793,38.81222],[-9.27604,38.81099],[-9.27548,38.81026],[-9.27543,38.80944],[-9.27525,38.809],[-9.27488,38.80877],[-9.27453,38.80947],[-9.27461,38.8102],[-9.27485,38.81065],[-9.27714,38.8124]]],[[[-9.38098,38.79452],[-9.38311,38.79574],[-9.3832,38.7959],[-9.38293,38.79609],[-9.38341,38.79644],[-9.38448,38.79676],[-9.38469,38.79659],[-9.38477,38.79609],[-9.38456,38.79541],[-9.38391,38.79477],[-9.38128,38.79408],[-9.38092,38.79429],[-9.38098,38.79452]]],[[[-9.36023,38.79694],[-9.35948,38.79719],[-9.35907,38.79837],[-9.35925,38.79869],[-9.35974,38.79884],[-9.35952,38.79902],[-9.35978,38.79949],[-9.36029,38.79968],[-9.36067,38.79959],[-9.36068,38.79901],[-9.36168,38.79796],[-9.36155,38.79764],[-9.36102,38.79715],[-9.36023,38.79694]]],[[[-9.38941,38.91253],[-9.38998,38.91269],[-9.39019,38.91249],[-9.3901,38.91223],[-9.39118,38.91256],[-9.39167,38.91239],[-9.39136,38.91185],[-9.39009,38.91094],[-9.38953,38.91107],[-9.38935,38.91127],[-9.38908,38.91095],[-9.38831,38.91104],[-9.38753,38.91153],[-9.3878,38.91195],[-9.38837,38.91216],[-9.38896,38.91216],[-9.38941,38.91253]]],[[[-9.23964,38.82228],[-9.24087,38.82223],[-9.24133,38.82195],[-9.24189,38.82088],[-9.24166,38.82013],[-9.24139,38.8201],[-9.23955,38.82128],[-9.2378,38.82154],[-9.23865,38.82201],[-9.23964,38.82228]]],[[[-9.27782,38.87339],[-9.2756,38.87406],[-9.27473,38.8745],[-9.27432,38.87499],[-9.27419,38.87542],[-9.27422,38.87607],[-9.27448,38.87662],[-9.2749,38.87684],[-9.2753,38.87543],[-9.27574,38.87486],[-9.27823,38.87405],[-9.27825,38.87354],[-9.27782,38.87339]]],[[[-9.33932,38.77019],[-9.33825,38.772],[-9.34065,38.76834],[-9.34111,38.76794],[-9.34204,38.76766],[-9.34198,38.76646],[-9.34109,38.7664],[-9.34016,38.76713],[-9.33973,38.768],[-9.33967,38.76887],[-9.33932,38.77019]]],[[[-9.41493,38.84433],[-9.41489,38.84451],[-9.4155,38.8456],[-9.41649,38.84603],[-9.41632,38.84643],[-9.41563,38.84691],[-9.41577,38.84706],[-9.41774,38.84675],[-9.41842,38.84631],[-9.41847,38.84588],[-9.41826,38.84566],[-9.41703,38.84531],[-9.41493,38.84433]]],[[[-9.26143,38.76706],[-9.26154,38.76733],[-9.26183,38.76748],[-9.26293,38.76751],[-9.26343,38.76715],[-9.2637,38.76628],[-9.26341,38.76567],[-9.26241,38.76506],[-9.26125,38.76337],[-9.26166,38.76522],[-9.26256,38.76682],[-9.2629,38.76697],[-9.26185,38.7667],[-9.26143,38.76706]]],[[[-9.25284,38.81955],[-9.25443,38.819],[-9.25541,38.81943],[-9.25587,38.81943],[-9.2564,38.81897],[-9.25672,38.81825],[-9.25626,38.81801],[-9.25345,38.81803],[-9.25316,38.81825],[-9.25284,38.81955]]],[[[-9.32835,38.77824],[-9.33093,38.77811],[-9.33223,38.77764],[-9.3289,38.77723],[-9.32871,38.77686],[-9.32882,38.77557],[-9.32858,38.77548],[-9.32819,38.77581],[-9.32801,38.77664],[-9.32814,38.77776],[-9.32835,38.77824]]],[[[-9.45346,38.7965],[-9.45284,38.7969],[-9.45184,38.79804],[-9.45167,38.79845],[-9.45177,38.79875],[-9.45389,38.7988],[-9.45545,38.79857],[-9.45357,38.79772],[-9.45346,38.79745],[-9.45368,38.79659],[-9.45346,38.7965]]],[[[-9.27238,38.86566],[-9.27424,38.86515],[-9.27636,38.86528],[-9.27637,38.86501],[-9.27583,38.86481],[-9.27657,38.86461],[-9.27648,38.86363],[-9.27589,38.86362],[-9.27585,38.86399],[-9.27539,38.86425],[-9.27529,38.86452],[-9.27445,38.86397],[-9.27373,38.8639],[-9.27318,38.86488],[-9.27238,38.86566]]],[[[-9.25895,38.74607],[-9.25878,38.74629],[-9.25906,38.74644],[-9.26032,38.74625],[-9.26178,38.74505],[-9.26251,38.74363],[-9.26244,38.74166],[-9.26221,38.74205],[-9.26219,38.74359],[-9.26172,38.74443],[-9.26116,38.74487],[-9.2588,38.74549],[-9.25856,38.74604],[-9.25895,38.74607]]],[[[-9.40999,38.84452],[-9.40959,38.84477],[-9.40916,38.84537],[-9.41184,38.84444],[-9.41216,38.84446],[-9.4127,38.84484],[-9.41314,38.84375],[-9.41325,38.84273],[-9.41241,38.84203],[-9.41216,38.84202],[-9.41198,38.84228],[-9.41228,38.84315],[-9.41215,38.84354],[-9.40999,38.84452]]],[[[-9.37288,38.87824],[-9.37367,38.87893],[-9.37462,38.87933],[-9.37546,38.87881],[-9.37532,38.87856],[-9.37586,38.87787],[-9.37591,38.87756],[-9.37567,38.87712],[-9.37534,38.87698],[-9.37408,38.87793],[-9.37268,38.87753],[-9.37259,38.87773],[-9.37288,38.87824]]],[[[-9.28309,38.76553],[-9.28329,38.76581],[-9.28378,38.76582],[-9.28435,38.76571],[-9.28469,38.76545],[-9.28493,38.7649],[-9.28481,38.76455],[-9.2836,38.76443],[-9.28377,38.76417],[-9.28454,38.76423],[-9.28517,38.76397],[-9.28541,38.76349],[-9.28523,38.76299],[-9.28484,38.76282],[-9.2843,38.76294],[-9.28307,38.76408],[-9.2831,38.76426],[-9.28351,38.76443],[-9.28312,38.76454],[-9.28405,38.76537],[-9.28315,38.76533],[-9.28309,38.76553]]],[[[-9.33956,38.76655],[-9.3408,38.76594],[-9.34229,38.7647],[-9.3418,38.76377],[-9.34074,38.76271],[-9.34003,38.76173],[-9.33959,38.76146],[-9.33952,38.76183],[-9.33976,38.76236],[-9.34122,38.76399],[-9.34139,38.76459],[-9.34105,38.76531],[-9.3406,38.76508],[-9.34043,38.76515],[-9.33956,38.76655]]],[[[-9.25818,38.8441],[-9.25754,38.84443],[-9.25769,38.84464],[-9.25752,38.84516],[-9.2576,38.84598],[-9.25734,38.84654],[-9.25766,38.84738],[-9.2581,38.84778],[-9.25862,38.84554],[-9.25955,38.84443],[-9.25922,38.84417],[-9.25818,38.8441]]],[[[-9.25728,38.81608],[-9.2575,38.81705],[-9.25832,38.81579],[-9.25938,38.81474],[-9.25929,38.8144],[-9.25943,38.81391],[-9.25926,38.81364],[-9.25888,38.81362],[-9.25759,38.81448],[-9.25726,38.81529],[-9.25728,38.81608]]],[[[-9.43555,38.82329],[-9.43566,38.82406],[-9.4361,38.82453],[-9.4362,38.82403],[-9.43658,38.82356],[-9.43693,38.82327],[-9.4376,38.82304],[-9.43767,38.82245],[-9.43732,38.82209],[-9.43685,38.82191],[-9.43595,38.822],[-9.43529,38.82234],[-9.43487,38.82275],[-9.43499,38.82299],[-9.43555,38.82329]]],[[[-9.26589,38.84736],[-9.26695,38.84751],[-9.26727,38.84714],[-9.26834,38.8465],[-9.26675,38.84597],[-9.26582,38.84601],[-9.26511,38.84581],[-9.26469,38.84624],[-9.26468,38.84658],[-9.26589,38.84736]]],[[[-9.30245,38.79197],[-9.303,38.79202],[-9.30366,38.79175],[-9.30375,38.79155],[-9.30351,38.79111],[-9.30367,38.79063],[-9.30175,38.79046],[-9.30019,38.79074],[-9.30071,38.79126],[-9.30245,38.79197]]],[[[-9.40144,38.81451],[-9.40173,38.815],[-9.40217,38.81532],[-9.40249,38.8152],[-9.40268,38.81483],[-9.40264,38.81445],[-9.40229,38.814],[-9.40265,38.81427],[-9.40254,38.81373],[-9.40292,38.81414],[-9.4035,38.81419],[-9.40381,38.81439],[-9.40412,38.81427],[-9.40353,38.81349],[-9.40302,38.81322],[-9.40265,38.81321],[-9.40322,38.81271],[-9.40232,38.8127],[-9.40176,38.81323],[-9.402,38.81369],[-9.40143,38.81326],[-9.40119,38.81342],[-9.40144,38.81451]]],[[[-9.25221,38.85157],[-9.25205,38.85253],[-9.25368,38.85184],[-9.25471,38.85169],[-9.25504,38.85142],[-9.25358,38.85118],[-9.25181,38.8501],[-9.25131,38.85004],[-9.2507,38.85021],[-9.25063,38.85039],[-9.25086,38.85091],[-9.25114,38.85104],[-9.25183,38.85096],[-9.2521,38.8512],[-9.25221,38.85157]]],[[[-9.42487,38.81845],[-9.42535,38.81941],[-9.42569,38.82063],[-9.42584,38.82013],[-9.42567,38.81736],[-9.42551,38.81689],[-9.42506,38.81651],[-9.42452,38.81731],[-9.42434,38.81727],[-9.42418,38.81688],[-9.42393,38.81694],[-9.42373,38.81779],[-9.42388,38.81817],[-9.42445,38.81871],[-9.42464,38.81846],[-9.42487,38.81845]]],[[[-9.28732,38.78436],[-9.2877,38.78434],[-9.28952,38.78341],[-9.28982,38.78265],[-9.28979,38.7822],[-9.28957,38.78188],[-9.2888,38.78165],[-9.28818,38.78213],[-9.28805,38.78309],[-9.28717,38.78396],[-9.28711,38.78421],[-9.28732,38.78436]]],[[[-9.23899,38.7986],[-9.23897,38.79958],[-9.23939,38.80051],[-9.23939,38.80161],[-9.24046,38.79856],[-9.24039,38.79741],[-9.2401,38.79693],[-9.2397,38.79694],[-9.23958,38.79814],[-9.23943,38.7983],[-9.23911,38.79812],[-9.23899,38.7986]]],[[[-9.36833,38.78429],[-9.36734,38.78486],[-9.36625,38.78584],[-9.36647,38.78737],[-9.36854,38.78561],[-9.36867,38.78531],[-9.36848,38.78492],[-9.36863,38.78438],[-9.36833,38.78429]]],[[[-9.26034,38.87016],[-9.26044,38.87056],[-9.26074,38.87089],[-9.26142,38.8711],[-9.26157,38.87069],[-9.26233,38.87054],[-9.26277,38.87026],[-9.26302,38.8697],[-9.26302,38.86921],[-9.26245,38.86873],[-9.26138,38.86871],[-9.26128,38.8688],[-9.26163,38.86902],[-9.26151,38.8693],[-9.26062,38.87013],[-9.26034,38.87016]]],[[[-9.36771,38.80235],[-9.36723,38.80259],[-9.36813,38.80268],[-9.36953,38.80209],[-9.37051,38.80211],[-9.3709,38.80191],[-9.36995,38.8014],[-9.36785,38.80096],[-9.36574,38.80088],[-9.36432,38.80126],[-9.36613,38.80109],[-9.36757,38.80128],[-9.36819,38.80178],[-9.36811,38.80223],[-9.36771,38.80235]]],[[[-9.30567,38.79913],[-9.30582,38.79952],[-9.30609,38.7991],[-9.30647,38.79888],[-9.30813,38.79888],[-9.3083,38.79861],[-9.30812,38.79746],[-9.30677,38.79736],[-9.30604,38.79767],[-9.30576,38.79814],[-9.30567,38.79913]]],[[[-9.31802,38.81266],[-9.31718,38.8127],[-9.31902,38.81287],[-9.32257,38.81233],[-9.32029,38.8122],[-9.31984,38.8123],[-9.31967,38.81257],[-9.31926,38.81262],[-9.31801,38.81211],[-9.31619,38.81208],[-9.31383,38.81102],[-9.31423,38.81157],[-9.3151,38.8121],[-9.3162,38.81242],[-9.31802,38.81266]]],[[[-9.31227,38.82415],[-9.30992,38.8265],[-9.30956,38.82704],[-9.3116,38.82547],[-9.31274,38.82405],[-9.31184,38.82549],[-9.31135,38.82585],[-9.31202,38.82551],[-9.31447,38.82312],[-9.31527,38.82205],[-9.31502,38.82206],[-9.31359,38.82299],[-9.31309,38.82343],[-9.31279,38.82396],[-9.31259,38.82392],[-9.31227,38.82415]]],[[[-9.25371,38.77615],[-9.25461,38.77717],[-9.25436,38.77635],[-9.2544,38.77592],[-9.25482,38.77585],[-9.25503,38.7764],[-9.25539,38.77643],[-9.25616,38.77527],[-9.25635,38.77459],[-9.25603,38.7745],[-9.25522,38.77466],[-9.25372,38.77528],[-9.25345,38.77551],[-9.25371,38.77615]]],[[[-9.29067,38.78112],[-9.2915,38.78154],[-9.29172,38.78126],[-9.29161,38.78085],[-9.29116,38.78077],[-9.29111,38.78024],[-9.2922,38.77857],[-9.2915,38.77774],[-9.29124,38.77777],[-9.291,38.77809],[-9.29024,38.78008],[-9.29024,38.78054],[-9.29067,38.78112]]],[[[-9.26324,38.74408],[-9.26099,38.74637],[-9.26356,38.74485],[-9.26412,38.74427],[-9.26409,38.74354],[-9.26369,38.74326],[-9.26327,38.7423],[-9.2633,38.74194],[-9.26362,38.74159],[-9.26359,38.74132],[-9.26342,38.74121],[-9.26306,38.74153],[-9.26291,38.7423],[-9.26324,38.74408]]],[[[-9.27258,38.86286],[-9.27202,38.86299],[-9.27196,38.86314],[-9.27453,38.86352],[-9.27621,38.86359],[-9.27667,38.8634],[-9.27513,38.8629],[-9.27413,38.86281],[-9.27599,38.86299],[-9.27586,38.86261],[-9.27537,38.86243],[-9.27409,38.86234],[-9.27294,38.86281],[-9.27363,38.8628],[-9.27258,38.86286]]],[[[-9.30456,38.83759],[-9.30311,38.83943],[-9.30049,38.84215],[-9.301,38.84205],[-9.30167,38.84165],[-9.30448,38.83902],[-9.30491,38.83803],[-9.30481,38.83771],[-9.30456,38.83759]]],[[[-9.25869,38.86396],[-9.25827,38.86421],[-9.25772,38.8651],[-9.25627,38.86651],[-9.25628,38.86686],[-9.25674,38.8673],[-9.25696,38.86737],[-9.25735,38.86639],[-9.25788,38.86568],[-9.2594,38.86491],[-9.25972,38.86459],[-9.25977,38.86434],[-9.2596,38.86409],[-9.25869,38.86396]]],[[[-9.41545,38.82412],[-9.41456,38.82517],[-9.41639,38.82473],[-9.41754,38.82412],[-9.41818,38.82405],[-9.41836,38.82378],[-9.41794,38.82337],[-9.4166,38.82302],[-9.41545,38.82412]]],[[[-9.47541,38.80476],[-9.47562,38.80526],[-9.47614,38.80537],[-9.47625,38.8049],[-9.47582,38.80419],[-9.47566,38.80354],[-9.47568,38.80264],[-9.47548,38.80207],[-9.47532,38.802],[-9.4743,38.80242],[-9.47417,38.80293],[-9.47351,38.80323],[-9.47343,38.80346],[-9.47367,38.80375],[-9.47471,38.80345],[-9.47541,38.80476]]],[[[-9.44105,38.80196],[-9.44196,38.80242],[-9.44372,38.80262],[-9.44355,38.80307],[-9.44388,38.80325],[-9.44445,38.80315],[-9.44476,38.80275],[-9.44443,38.80206],[-9.44349,38.80144],[-9.44229,38.80176],[-9.44092,38.80153],[-9.44084,38.80173],[-9.44105,38.80196]]],[[[-9.26567,38.77841],[-9.26625,38.78039],[-9.26588,38.78133],[-9.26585,38.78226],[-9.26709,38.78178],[-9.26751,38.78135],[-9.2676,38.781],[-9.26696,38.77986],[-9.26567,38.77841]]],[[[-9.48194,38.80123],[-9.48203,38.80172],[-9.48248,38.80189],[-9.48327,38.80183],[-9.48387,38.80152],[-9.48412,38.80115],[-9.4842,38.80057],[-9.48386,38.79962],[-9.4833,38.79919],[-9.48275,38.79913],[-9.48269,38.79927],[-9.48341,38.80013],[-9.48379,38.80095],[-9.48364,38.80075],[-9.4824,38.80055],[-9.48199,38.80074],[-9.48194,38.80123]]],[[[-9.31097,38.84755],[-9.31149,38.84832],[-9.31227,38.84855],[-9.31426,38.84806],[-9.31437,38.84794],[-9.3142,38.84773],[-9.31477,38.8475],[-9.31372,38.84723],[-9.31116,38.84731],[-9.31093,38.84712],[-9.31097,38.84755]]],[[[-9.43692,38.88075],[-9.4372,38.88152],[-9.4375,38.88174],[-9.43781,38.88172],[-9.4382,38.88131],[-9.43969,38.88053],[-9.44001,38.88006],[-9.44015,38.87948],[-9.43997,38.87939],[-9.43953,38.87983],[-9.43886,38.8801],[-9.43697,38.88007],[-9.43683,38.88027],[-9.43692,38.88075]]],[[[-9.41836,38.81161],[-9.41838,38.81294],[-9.4216,38.81112],[-9.41916,38.81147],[-9.42057,38.81072],[-9.42063,38.81044],[-9.42016,38.81031],[-9.41892,38.81091],[-9.41836,38.81161]]],[[[-9.40782,38.80082],[-9.40775,38.80103],[-9.40827,38.80096],[-9.41254,38.79947],[-9.41315,38.79954],[-9.41396,38.7989],[-9.41395,38.79872],[-9.41348,38.79856],[-9.41224,38.79883],[-9.40856,38.8006],[-9.40782,38.80082]]],[[[-9.25323,38.78142],[-9.25529,38.78177],[-9.2564,38.78177],[-9.25523,38.78119],[-9.2518,38.78037],[-9.25148,38.77988],[-9.25137,38.77911],[-9.25118,38.77908],[-9.25109,38.77977],[-9.25135,38.78037],[-9.2522,38.78105],[-9.25323,38.78142]]],[[[-9.3825,38.8077],[-9.38287,38.80803],[-9.38344,38.80812],[-9.38427,38.80774],[-9.38429,38.80646],[-9.38395,38.80544],[-9.38372,38.8052],[-9.38346,38.80528],[-9.3833,38.80672],[-9.38292,38.80751],[-9.38284,38.80685],[-9.38245,38.8066],[-9.3825,38.8077]]],[[[-9.26368,38.86744],[-9.2638,38.86767],[-9.2646,38.86742],[-9.26486,38.86718],[-9.26529,38.86715],[-9.2652,38.86683],[-9.26454,38.86623],[-9.26452,38.86582],[-9.26435,38.86568],[-9.26382,38.86563],[-9.26313,38.86581],[-9.2624,38.86622],[-9.26255,38.8666],[-9.26368,38.86744]]],[[[-9.42649,38.81813],[-9.42682,38.81923],[-9.42739,38.81938],[-9.42803,38.81812],[-9.42808,38.81717],[-9.42774,38.8166],[-9.42638,38.81574],[-9.42599,38.81566],[-9.42591,38.81595],[-9.42656,38.81666],[-9.42732,38.81719],[-9.42754,38.81763],[-9.42752,38.81783],[-9.42726,38.81801],[-9.42649,38.81813]]],[[[-9.35731,38.87039],[-9.35681,38.87116],[-9.35681,38.87153],[-9.35696,38.87166],[-9.35772,38.87063],[-9.35874,38.8701],[-9.35895,38.86954],[-9.35848,38.86942],[-9.35918,38.86905],[-9.35938,38.8686],[-9.35787,38.86888],[-9.35732,38.86959],[-9.35607,38.86957],[-9.35631,38.86984],[-9.3573,38.87016],[-9.35797,38.86972],[-9.35751,38.87035],[-9.35731,38.87039]]],[[[-9.40099,38.82824],[-9.4014,38.82864],[-9.40197,38.82861],[-9.40268,38.828],[-9.40296,38.82731],[-9.40312,38.82751],[-9.40329,38.82732],[-9.40325,38.82655],[-9.40268,38.82584],[-9.40262,38.82474],[-9.40227,38.82535],[-9.40207,38.82676],[-9.40217,38.82712],[-9.40272,38.82723],[-9.40267,38.82735],[-9.40227,38.82779],[-9.40114,38.82751],[-9.40098,38.82773],[-9.40099,38.82824]]],[[[-9.29127,38.80232],[-9.29102,38.80283],[-9.29106,38.80361],[-9.29196,38.80431],[-9.29201,38.80518],[-9.29263,38.80554],[-9.29381,38.80575],[-9.29326,38.80456],[-9.2919,38.8035],[-9.29172,38.80287],[-9.29127,38.80232]]],[[[-9.25051,38.81604],[-9.24982,38.81621],[-9.2495,38.81648],[-9.24956,38.81767],[-9.25077,38.81743],[-9.25293,38.81617],[-9.25051,38.81604]]],[[[-9.26915,38.88222],[-9.26902,38.88242],[-9.26976,38.8825],[-9.2706,38.88242],[-9.27087,38.8822],[-9.26981,38.88092],[-9.26958,38.88042],[-9.26934,38.88032],[-9.26862,38.88062],[-9.26811,38.88173],[-9.26818,38.88189],[-9.2689,38.88181],[-9.26946,38.88215],[-9.26915,38.88222]]],[[[-9.25121,38.86406],[-9.25113,38.8643],[-9.25132,38.86459],[-9.25263,38.86499],[-9.25306,38.86614],[-9.25297,38.86627],[-9.25324,38.86617],[-9.25372,38.86559],[-9.25399,38.86471],[-9.25368,38.86418],[-9.25201,38.86387],[-9.25121,38.86406]]],[[[-9.24495,38.82831],[-9.24483,38.82847],[-9.2455,38.82877],[-9.24686,38.82977],[-9.24742,38.83108],[-9.24777,38.83154],[-9.24841,38.83195],[-9.24867,38.83191],[-9.24835,38.83115],[-9.24832,38.8304],[-9.24802,38.82992],[-9.24581,38.82848],[-9.24495,38.82831]]],[[[-9.26661,38.7844],[-9.26653,38.78501],[-9.2674,38.78493],[-9.26841,38.78426],[-9.26856,38.7837],[-9.26834,38.78345],[-9.26784,38.78366],[-9.26754,38.7839],[-9.26744,38.78431],[-9.26656,38.78347],[-9.26659,38.7839],[-9.26608,38.78328],[-9.26497,38.78373],[-9.26509,38.78396],[-9.26581,38.78408],[-9.26583,38.78483],[-9.26661,38.7844]]],[[[-9.25817,38.74523],[-9.25897,38.74477],[-9.26028,38.74475],[-9.26044,38.74457],[-9.2604,38.74426],[-9.26018,38.74401],[-9.25933,38.74369],[-9.2578,38.74338],[-9.25759,38.74357],[-9.25757,38.744],[-9.25817,38.74523]]],[[[-9.43065,38.86306],[-9.43155,38.86294],[-9.43225,38.86241],[-9.43295,38.86275],[-9.43383,38.86168],[-9.43453,38.86027],[-9.43338,38.86109],[-9.43136,38.86212],[-9.43072,38.8627],[-9.43065,38.86306]]],[[[-9.39606,38.76634],[-9.39654,38.76646],[-9.3973,38.76595],[-9.39787,38.7648],[-9.39787,38.76421],[-9.39699,38.76449],[-9.39507,38.76615],[-9.39531,38.76646],[-9.39606,38.76634]]],[[[-9.37657,38.79508],[-9.37996,38.7967],[-9.38063,38.79652],[-9.38084,38.79585],[-9.3807,38.79562],[-9.37977,38.79533],[-9.37657,38.79508]]],[[[-9.38156,38.78855],[-9.381,38.79047],[-9.38125,38.79074],[-9.38158,38.79059],[-9.38213,38.79],[-9.38248,38.78906],[-9.38242,38.78834],[-9.38219,38.78789],[-9.38147,38.78752],[-9.38115,38.78774],[-9.38085,38.78849],[-9.38156,38.78855]]],[[[-9.40844,38.91356],[-9.40921,38.91474],[-9.40939,38.91481],[-9.40924,38.91348],[-9.40886,38.91298],[-9.4084,38.91272],[-9.40675,38.91302],[-9.40632,38.91338],[-9.40614,38.91391],[-9.40643,38.91417],[-9.40844,38.91356]]],[[[-9.31938,38.79489],[-9.3197,38.79507],[-9.31995,38.79485],[-9.31976,38.79358],[-9.3201,38.79208],[-9.31971,38.79183],[-9.31814,38.79266],[-9.31938,38.79489]]],[[[-9.25288,38.80728],[-9.25353,38.80767],[-9.25442,38.8078],[-9.25502,38.80766],[-9.25521,38.80725],[-9.25483,38.80651],[-9.25378,38.8066],[-9.25165,38.80607],[-9.25288,38.80728]]],[[[-9.3001,38.85823],[-9.29926,38.85903],[-9.30131,38.85822],[-9.30263,38.85845],[-9.30185,38.85733],[-9.30171,38.85632],[-9.30155,38.85609],[-9.30119,38.856],[-9.3009,38.85619],[-9.30074,38.85721],[-9.3001,38.85823]]],[[[-9.24023,38.82466],[-9.23959,38.82487],[-9.23935,38.82523],[-9.23951,38.8257],[-9.24024,38.82673],[-9.24195,38.82655],[-9.24105,38.8261],[-9.24118,38.82545],[-9.24094,38.82476],[-9.24023,38.82466]]],[[[-9.42037,38.8129],[-9.42085,38.81351],[-9.42126,38.81284],[-9.42198,38.81241],[-9.42302,38.81205],[-9.424,38.81214],[-9.42227,38.811],[-9.4217,38.81151],[-9.4214,38.81228],[-9.42135,38.81206],[-9.42085,38.81194],[-9.42022,38.81232],[-9.42014,38.81255],[-9.4208,38.81259],[-9.42037,38.8129]]],[[[-9.4353,38.80163],[-9.4344,38.80251],[-9.43746,38.8016],[-9.43827,38.80159],[-9.43854,38.80119],[-9.43823,38.80071],[-9.43745,38.80062],[-9.4353,38.80163]]],[[[-9.38028,38.82293],[-9.37978,38.82322],[-9.37965,38.82357],[-9.38061,38.82508],[-9.38122,38.82556],[-9.38193,38.82547],[-9.38235,38.82523],[-9.38237,38.82511],[-9.38149,38.82464],[-9.38079,38.82314],[-9.38028,38.82293]]],[[[-9.24809,38.81868],[-9.2489,38.81896],[-9.24998,38.81877],[-9.25119,38.81823],[-9.25297,38.81699],[-9.25225,38.81709],[-9.25022,38.81794],[-9.24911,38.81789],[-9.24845,38.81844],[-9.24807,38.81842],[-9.24809,38.81868]]],[[[-9.41696,38.92107],[-9.41799,38.92103],[-9.41812,38.92011],[-9.41726,38.91954],[-9.41636,38.91946],[-9.41606,38.92018],[-9.41622,38.92116],[-9.41654,38.92155],[-9.41708,38.9209],[-9.41686,38.92104],[-9.41696,38.92107]]],[[[-9.38197,38.90591],[-9.38154,38.90621],[-9.38134,38.90661],[-9.38173,38.90733],[-9.38213,38.9075],[-9.38291,38.90723],[-9.38336,38.90686],[-9.38383,38.90544],[-9.38297,38.90587],[-9.38302,38.90578],[-9.38267,38.90573],[-9.38197,38.90591]]],[[[-9.41079,38.88987],[-9.4105,38.89015],[-9.41042,38.89075],[-9.41095,38.89158],[-9.41127,38.89131],[-9.41172,38.89043],[-9.41179,38.88941],[-9.41206,38.88968],[-9.41234,38.88966],[-9.4126,38.88922],[-9.4126,38.88884],[-9.41203,38.88871],[-9.41026,38.88942],[-9.41053,38.88976],[-9.41154,38.88934],[-9.41133,38.88977],[-9.41079,38.88987]]],[[[-9.24479,38.78665],[-9.24502,38.78704],[-9.24712,38.78836],[-9.24689,38.78786],[-9.24583,38.78651],[-9.246,38.7864],[-9.24703,38.78655],[-9.24721,38.78629],[-9.24709,38.78609],[-9.24615,38.78576],[-9.24516,38.78571],[-9.24476,38.78607],[-9.24479,38.78665]]],[[[-9.36058,38.80947],[-9.36054,38.80974],[-9.36322,38.81055],[-9.36344,38.81037],[-9.36283,38.81004],[-9.36342,38.80986],[-9.36367,38.80951],[-9.36291,38.80872],[-9.36267,38.80889],[-9.36202,38.80897],[-9.36254,38.80942],[-9.36156,38.80912],[-9.36058,38.80947]]],[[[-9.40319,38.82213],[-9.40265,38.82255],[-9.40275,38.82358],[-9.40402,38.82534],[-9.40505,38.82633],[-9.40494,38.82578],[-9.40366,38.82353],[-9.40351,38.82239],[-9.40319,38.82213]]],[[[-9.35069,38.87622],[-9.3501,38.87707],[-9.34952,38.87737],[-9.34944,38.87761],[-9.34982,38.87798],[-9.35099,38.87852],[-9.35169,38.87839],[-9.35201,38.87801],[-9.35198,38.87768],[-9.35126,38.87712],[-9.35069,38.87622]]],[[[-9.25943,38.77134],[-9.2598,38.77116],[-9.25984,38.7706],[-9.2596,38.77026],[-9.25871,38.76982],[-9.25883,38.76894],[-9.25794,38.76826],[-9.25789,38.76888],[-9.25841,38.77139],[-9.25943,38.77134]]],[[[-9.37701,38.87651],[-9.3785,38.87696],[-9.37882,38.87686],[-9.37963,38.876],[-9.37954,38.87518],[-9.37896,38.87459],[-9.37817,38.87442],[-9.37815,38.87469],[-9.37878,38.87569],[-9.37883,38.87615],[-9.37851,38.8763],[-9.3773,38.87605],[-9.37672,38.87612],[-9.37701,38.87651]]],[[[-9.3129,38.8304],[-9.31319,38.82979],[-9.31364,38.82949],[-9.31548,38.82935],[-9.31619,38.82895],[-9.31649,38.82849],[-9.31624,38.82829],[-9.31568,38.82822],[-9.31463,38.82837],[-9.31396,38.82863],[-9.31341,38.82899],[-9.31298,38.82955],[-9.3129,38.8304]]],[[[-9.40014,38.82491],[-9.39962,38.82545],[-9.39966,38.82662],[-9.39934,38.82754],[-9.39976,38.82791],[-9.40061,38.82826],[-9.40083,38.82811],[-9.4008,38.82752],[-9.4005,38.82664],[-9.40038,38.82508],[-9.40014,38.82491]]],[[[-9.42968,38.84739],[-9.42998,38.84795],[-9.43008,38.84916],[-9.43061,38.84708],[-9.43044,38.84689],[-9.43158,38.84653],[-9.4317,38.84636],[-9.43094,38.84573],[-9.43026,38.84638],[-9.42887,38.84623],[-9.42878,38.84696],[-9.42932,38.84705],[-9.42935,38.84723],[-9.42968,38.84739]]],[[[-9.3657,38.78986],[-9.36568,38.79054],[-9.36597,38.79073],[-9.36643,38.79058],[-9.36698,38.78993],[-9.3671,38.78887],[-9.36664,38.78815],[-9.36621,38.78823],[-9.3657,38.78883],[-9.36545,38.7896],[-9.36548,38.78979],[-9.3657,38.78986]]],[[[-9.3378,38.76543],[-9.3379,38.7659],[-9.33805,38.76599],[-9.33917,38.76523],[-9.33994,38.76516],[-9.34006,38.76493],[-9.33966,38.76456],[-9.33807,38.76453],[-9.33742,38.76472],[-9.33687,38.76534],[-9.33619,38.76495],[-9.33602,38.76504],[-9.33606,38.76549],[-9.33641,38.76578],[-9.33686,38.76577],[-9.3378,38.76543]]],[[[-9.32561,38.82569],[-9.32318,38.8291],[-9.32285,38.82989],[-9.32384,38.82887],[-9.3255,38.82753],[-9.32597,38.82612],[-9.32583,38.82576],[-9.32561,38.82569]]],[[[-9.48368,38.7933],[-9.48381,38.7946],[-9.48401,38.79487],[-9.48455,38.79405],[-9.48455,38.79285],[-9.48384,38.79221],[-9.48287,38.79204],[-9.48303,38.79258],[-9.4822,38.79321],[-9.48368,38.7933]]],[[[-9.33463,38.76396],[-9.33493,38.76432],[-9.33499,38.76381],[-9.33639,38.76388],[-9.33773,38.76321],[-9.33911,38.7634],[-9.33922,38.76321],[-9.33888,38.76283],[-9.33817,38.76271],[-9.33623,38.76319],[-9.33588,38.76261],[-9.33568,38.76253],[-9.33475,38.76339],[-9.33463,38.76396]]],[[[-9.35815,38.76318],[-9.3585,38.76304],[-9.35893,38.76255],[-9.3591,38.76195],[-9.35986,38.76169],[-9.36011,38.76116],[-9.35996,38.76081],[-9.3601,38.76051],[-9.35895,38.76069],[-9.35839,38.7611],[-9.35816,38.76198],[-9.35815,38.76318]]],[[[-9.32732,38.78197],[-9.32756,38.78481],[-9.32779,38.78504],[-9.3279,38.7845],[-9.32766,38.78261],[-9.32789,38.78023],[-9.32756,38.78004],[-9.32716,38.78028],[-9.32648,38.7798],[-9.32635,38.78035],[-9.32643,38.78126],[-9.32655,38.78138],[-9.32681,38.78103],[-9.32696,38.78108],[-9.32732,38.78197]]],[[[-9.25215,38.7599],[-9.25175,38.76015],[-9.25148,38.76064],[-9.25166,38.76204],[-9.25234,38.76363],[-9.25294,38.76415],[-9.25361,38.76442],[-9.2529,38.76313],[-9.25239,38.76156],[-9.25179,38.76061],[-9.25182,38.76032],[-9.25225,38.75992],[-9.25215,38.7599]]],[[[-9.25921,38.84691],[-9.25811,38.84801],[-9.25703,38.84868],[-9.25783,38.84853],[-9.25887,38.84778],[-9.25949,38.84779],[-9.25946,38.84733],[-9.2597,38.84719],[-9.26028,38.84744],[-9.2603,38.84813],[-9.26107,38.84835],[-9.26132,38.84827],[-9.2612,38.8473],[-9.26067,38.84676],[-9.26,38.8466],[-9.25921,38.84691]]],[[[-9.41061,38.81082],[-9.41017,38.81191],[-9.41081,38.81261],[-9.40972,38.8133],[-9.41066,38.81429],[-9.41159,38.81207],[-9.41105,38.81105],[-9.41061,38.81082]]],[[[-9.23486,38.82096],[-9.23411,38.82234],[-9.23415,38.823],[-9.23448,38.8235],[-9.23533,38.82421],[-9.23584,38.82448],[-9.23636,38.82449],[-9.23647,38.82433],[-9.23502,38.82252],[-9.23503,38.8212],[-9.23486,38.82096]]],[[[-9.47949,38.77233],[-9.47972,38.77248],[-9.47943,38.77279],[-9.47958,38.77284],[-9.48165,38.77226],[-9.48304,38.77245],[-9.48253,38.77203],[-9.48181,38.77174],[-9.47927,38.77143],[-9.47869,38.7715],[-9.47949,38.77233]]],[[[-9.31851,38.86812],[-9.31821,38.869],[-9.31764,38.86948],[-9.31862,38.87078],[-9.31914,38.87116],[-9.31944,38.87119],[-9.31983,38.87016],[-9.31892,38.86923],[-9.31851,38.86812]]],[[[-9.3855,38.80397],[-9.38611,38.80486],[-9.38725,38.80508],[-9.38744,38.80496],[-9.38757,38.80431],[-9.38822,38.80369],[-9.38686,38.80381],[-9.38656,38.80328],[-9.38617,38.80316],[-9.38555,38.80347],[-9.3855,38.80397]]],[[[-9.26965,38.84597],[-9.26965,38.84638],[-9.26993,38.84636],[-9.2707,38.84512],[-9.27105,38.84393],[-9.27079,38.84349],[-9.27063,38.84349],[-9.27044,38.84382],[-9.26948,38.84386],[-9.26942,38.84449],[-9.26965,38.84597]]],[[[-9.29313,38.76465],[-9.29187,38.76525],[-9.29204,38.76576],[-9.29255,38.76623],[-9.29298,38.76629],[-9.29355,38.76611],[-9.2943,38.76549],[-9.29421,38.76466],[-9.29313,38.76465]]],[[[-9.34126,38.84923],[-9.34253,38.84885],[-9.34221,38.84912],[-9.34249,38.84916],[-9.34287,38.84895],[-9.34316,38.84851],[-9.34327,38.84764],[-9.34277,38.84767],[-9.34209,38.84743],[-9.34166,38.84762],[-9.34168,38.84788],[-9.34251,38.84835],[-9.34261,38.84872],[-9.34191,38.84819],[-9.34112,38.84807],[-9.34096,38.84779],[-9.34075,38.84788],[-9.3405,38.84832],[-9.34106,38.84882],[-9.34126,38.84923]]],[[[-9.31311,38.87066],[-9.31273,38.87112],[-9.31278,38.87215],[-9.31301,38.87273],[-9.31367,38.87307],[-9.31468,38.87287],[-9.31486,38.8725],[-9.31387,38.8724],[-9.31398,38.87174],[-9.31382,38.87116],[-9.31345,38.87071],[-9.31311,38.87066]]],[[[-9.31596,38.74795],[-9.31839,38.7484],[-9.31898,38.74811],[-9.31913,38.74737],[-9.31852,38.74641],[-9.31749,38.74578],[-9.31757,38.74615],[-9.3186,38.74781],[-9.31571,38.74776],[-9.31596,38.74795]]],[[[-9.37046,38.82206],[-9.37107,38.82213],[-9.37204,38.82195],[-9.37235,38.82157],[-9.37237,38.82108],[-9.37166,38.8208],[-9.37038,38.82106],[-9.36943,38.8204],[-9.36938,38.82064],[-9.36966,38.82125],[-9.37017,38.8219],[-9.37046,38.82206]]],[[[-9.39186,38.76208],[-9.39199,38.76255],[-9.39227,38.76276],[-9.39337,38.76266],[-9.39437,38.76192],[-9.39432,38.76108],[-9.39405,38.76093],[-9.39356,38.76102],[-9.39266,38.76162],[-9.39287,38.76183],[-9.3928,38.76193],[-9.39236,38.762],[-9.3921,38.76186],[-9.39186,38.76208]]],[[[-9.40447,38.80883],[-9.40505,38.80883],[-9.40525,38.80853],[-9.40524,38.80809],[-9.40453,38.80665],[-9.40386,38.80589],[-9.4036,38.8071],[-9.40423,38.80844],[-9.40406,38.80869],[-9.40447,38.80883]]],[[[-9.38491,38.79553],[-9.38638,38.7977],[-9.38583,38.79787],[-9.38589,38.79815],[-9.38663,38.79838],[-9.38741,38.79826],[-9.38744,38.79776],[-9.38621,38.79662],[-9.38573,38.79563],[-9.38512,38.79509],[-9.38478,38.79528],[-9.38491,38.79553]]],[[[-9.28659,38.80275],[-9.28715,38.80313],[-9.28719,38.80331],[-9.28784,38.80256],[-9.28851,38.80244],[-9.28796,38.80117],[-9.28693,38.80113],[-9.28666,38.80197],[-9.28623,38.80213],[-9.28659,38.80275]]],[[[-9.47447,38.81017],[-9.47486,38.81027],[-9.47637,38.81009],[-9.47658,38.80986],[-9.47657,38.80939],[-9.47599,38.80875],[-9.47481,38.8089],[-9.47441,38.80943],[-9.47403,38.80962],[-9.47415,38.80993],[-9.47447,38.81017]]],[[[-9.40163,38.82225],[-9.40146,38.82279],[-9.40111,38.82672],[-9.40121,38.82676],[-9.40154,38.82664],[-9.40201,38.82592],[-9.40192,38.82549],[-9.40213,38.82353],[-9.40191,38.82253],[-9.40163,38.82225]]],[[[-9.3035,38.83743],[-9.3033,38.83789],[-9.30232,38.83845],[-9.30212,38.83906],[-9.30163,38.83955],[-9.3006,38.84129],[-9.30218,38.84012],[-9.3031,38.83899],[-9.30367,38.83801],[-9.30368,38.83757],[-9.3035,38.83743]]],[[[-9.24906,38.81546],[-9.24975,38.815],[-9.2501,38.81441],[-9.2487,38.81464],[-9.24862,38.8149],[-9.2484,38.81486],[-9.24827,38.81474],[-9.24857,38.81457],[-9.24811,38.81392],[-9.2467,38.81362],[-9.24619,38.8137],[-9.24671,38.81392],[-9.24759,38.81491],[-9.24906,38.81546]]],[[[-9.2536,38.82516],[-9.25358,38.82564],[-9.25383,38.8259],[-9.25552,38.82534],[-9.25592,38.82484],[-9.25576,38.82468],[-9.25483,38.82483],[-9.25498,38.82434],[-9.25541,38.82383],[-9.25508,38.82376],[-9.25379,38.82429],[-9.2536,38.82516]]],[[[-9.27695,38.76734],[-9.27755,38.7678],[-9.27789,38.76724],[-9.27752,38.7668],[-9.27676,38.76651],[-9.27509,38.76655],[-9.27461,38.76685],[-9.27514,38.76768],[-9.27656,38.7673],[-9.27695,38.76734]]],[[[-9.48472,38.7718],[-9.48625,38.77151],[-9.48645,38.76988],[-9.48592,38.7706],[-9.48583,38.77015],[-9.4855,38.76998],[-9.48387,38.77011],[-9.48366,38.7709],[-9.48373,38.77116],[-9.48474,38.77059],[-9.48536,38.77046],[-9.48548,38.77056],[-9.48553,38.77108],[-9.48472,38.7718]]],[[[-9.38538,38.91723],[-9.38578,38.91823],[-9.38706,38.91681],[-9.38722,38.91633],[-9.3868,38.91597],[-9.38627,38.91582],[-9.38617,38.91591],[-9.38651,38.91642],[-9.38633,38.91662],[-9.38544,38.91626],[-9.38466,38.91619],[-9.38538,38.91723]]],[[[-9.32003,38.80101],[-9.32013,38.80126],[-9.32049,38.80141],[-9.3212,38.80113],[-9.32206,38.8],[-9.32223,38.79927],[-9.322,38.79932],[-9.32145,38.80011],[-9.32123,38.79934],[-9.321,38.79928],[-9.32069,38.79945],[-9.32028,38.80004],[-9.32003,38.80101]]],[[[-9.40281,38.8804],[-9.40504,38.87972],[-9.40573,38.87969],[-9.40656,38.87988],[-9.40541,38.8787],[-9.40461,38.87821],[-9.4045,38.87827],[-9.40477,38.87876],[-9.40467,38.87905],[-9.40407,38.87957],[-9.40365,38.8797],[-9.40351,38.87965],[-9.4035,38.8792],[-9.40334,38.87912],[-9.40285,38.87994],[-9.40281,38.8804]]],[[[-9.41151,38.80325],[-9.41136,38.80385],[-9.41275,38.80316],[-9.41284,38.80301],[-9.4126,38.80297],[-9.41323,38.80257],[-9.41358,38.80193],[-9.41328,38.80174],[-9.41215,38.80165],[-9.41206,38.80263],[-9.41183,38.80248],[-9.41195,38.80169],[-9.41185,38.80162],[-9.41161,38.80215],[-9.41151,38.80325]]],[[[-9.25375,38.82645],[-9.25369,38.82675],[-9.25454,38.82746],[-9.25446,38.82813],[-9.25511,38.82762],[-9.2555,38.82639],[-9.256,38.82657],[-9.25633,38.82704],[-9.25663,38.82711],[-9.25629,38.8263],[-9.25538,38.82582],[-9.25481,38.82585],[-9.25463,38.82632],[-9.25375,38.82645]]],[[[-9.35235,38.87554],[-9.35177,38.87583],[-9.35169,38.87626],[-9.3532,38.87845],[-9.35356,38.87865],[-9.35389,38.87824],[-9.35389,38.87775],[-9.3524,38.87603],[-9.35236,38.87585],[-9.35264,38.87564],[-9.35235,38.87554]]],[[[-9.25294,38.83768],[-9.25265,38.83788],[-9.25286,38.83868],[-9.25264,38.83895],[-9.25292,38.83983],[-9.25332,38.84005],[-9.25391,38.8393],[-9.25457,38.83902],[-9.25467,38.83874],[-9.25376,38.83814],[-9.25349,38.83773],[-9.25294,38.83768]]],[[[-9.25067,38.74776],[-9.25009,38.74784],[-9.25104,38.74805],[-9.25178,38.74784],[-9.25203,38.74723],[-9.25175,38.74653],[-9.25131,38.74663],[-9.25175,38.74696],[-9.25146,38.74731],[-9.2514,38.74707],[-9.25085,38.74695],[-9.24884,38.74729],[-9.24807,38.74722],[-9.24875,38.74754],[-9.2508,38.74772],[-9.25067,38.74776]]],[[[-9.46065,38.80257],[-9.45913,38.80182],[-9.45805,38.80204],[-9.45557,38.80191],[-9.45634,38.80237],[-9.45779,38.80263],[-9.46035,38.80278],[-9.46065,38.80257]]],[[[-9.32494,38.78905],[-9.32488,38.78915],[-9.32512,38.78929],[-9.32547,38.78915],[-9.32591,38.78858],[-9.326,38.78812],[-9.32574,38.78727],[-9.32507,38.78691],[-9.32425,38.78787],[-9.32494,38.78905]]],[[[-9.40573,38.83261],[-9.40547,38.83329],[-9.40609,38.83428],[-9.40671,38.8339],[-9.40727,38.83303],[-9.40705,38.83163],[-9.40667,38.83183],[-9.40637,38.83254],[-9.40573,38.83261]]],[[[-9.31797,38.81975],[-9.31983,38.81926],[-9.32023,38.81889],[-9.3197,38.81851],[-9.31919,38.81852],[-9.31753,38.81915],[-9.31636,38.81929],[-9.31586,38.81961],[-9.31797,38.81975]]],[[[-9.26446,38.82679],[-9.26372,38.8276],[-9.26366,38.82806],[-9.26624,38.82934],[-9.26624,38.82914],[-9.26523,38.828],[-9.2653,38.82707],[-9.26492,38.82681],[-9.26446,38.82679]]],[[[-9.2682,38.75138],[-9.2684,38.7518],[-9.26921,38.75128],[-9.27016,38.75135],[-9.27084,38.75166],[-9.27093,38.75135],[-9.27062,38.75037],[-9.27005,38.75013],[-9.26891,38.7505],[-9.26835,38.75099],[-9.2682,38.75138]]],[[[-9.44228,38.8737],[-9.44284,38.87392],[-9.44292,38.87412],[-9.44333,38.87403],[-9.44316,38.87369],[-9.44257,38.8732],[-9.44185,38.87313],[-9.44214,38.87282],[-9.442,38.87269],[-9.44105,38.87223],[-9.44056,38.87226],[-9.44072,38.87279],[-9.44038,38.87284],[-9.44024,38.87309],[-9.44045,38.87351],[-9.44129,38.87381],[-9.44164,38.87363],[-9.44228,38.8737]]],[[[-9.28883,38.75113],[-9.28949,38.75159],[-9.28924,38.75103],[-9.2893,38.75082],[-9.28951,38.75096],[-9.2894,38.75046],[-9.28783,38.74795],[-9.28756,38.74841],[-9.28771,38.74924],[-9.28883,38.75113]]],[[[-9.25578,38.76354],[-9.25609,38.7632],[-9.25696,38.76028],[-9.25699,38.75975],[-9.2568,38.75953],[-9.25632,38.7601],[-9.25564,38.76169],[-9.25554,38.76285],[-9.25578,38.76354]]],[[[-9.44139,38.82701],[-9.44112,38.82729],[-9.4412,38.82752],[-9.44227,38.82779],[-9.44351,38.82746],[-9.44391,38.82719],[-9.44404,38.82686],[-9.44376,38.82627],[-9.44302,38.82561],[-9.44345,38.82641],[-9.44337,38.82684],[-9.44303,38.82692],[-9.44224,38.82663],[-9.44139,38.82701]]],[[[-9.25459,38.74317],[-9.25555,38.74416],[-9.2564,38.74395],[-9.25682,38.74344],[-9.25665,38.74298],[-9.25612,38.74283],[-9.25575,38.74296],[-9.25539,38.74287],[-9.25443,38.74232],[-9.25401,38.7419],[-9.2538,38.74189],[-9.25398,38.74238],[-9.25459,38.74317]]],[[[-9.23881,38.83116],[-9.2427,38.83153],[-9.24213,38.83112],[-9.23986,38.83055],[-9.23809,38.83064],[-9.23748,38.83084],[-9.23881,38.83116]]],[[[-9.40457,38.80239],[-9.40088,38.80332],[-9.39844,38.80365],[-9.39933,38.80409],[-9.40029,38.80406],[-9.40244,38.80339],[-9.40482,38.8024],[-9.40457,38.80239]]],[[[-9.39937,38.8911],[-9.39949,38.89136],[-9.39904,38.89186],[-9.40064,38.89167],[-9.40107,38.8915],[-9.40127,38.89125],[-9.401,38.8907],[-9.40039,38.89055],[-9.39909,38.8906],[-9.39805,38.89097],[-9.3983,38.89113],[-9.39937,38.8911]]],[[[-9.29102,38.78525],[-9.29099,38.78535],[-9.29125,38.7854],[-9.29173,38.78523],[-9.29175,38.78535],[-9.2921,38.78537],[-9.29293,38.78523],[-9.29359,38.78487],[-9.29383,38.7843],[-9.29343,38.78391],[-9.29291,38.78387],[-9.29216,38.78425],[-9.29102,38.78525]]],[[[-9.27321,38.78432],[-9.27333,38.78442],[-9.27322,38.78463],[-9.27364,38.78464],[-9.27446,38.78437],[-9.27539,38.78373],[-9.2756,38.78387],[-9.27572,38.78304],[-9.27522,38.783],[-9.27389,38.7841],[-9.27416,38.78308],[-9.27402,38.78283],[-9.27382,38.78286],[-9.27334,38.78327],[-9.27307,38.78408],[-9.27321,38.78432]]],[[[-9.44719,38.85698],[-9.44765,38.85796],[-9.44799,38.85827],[-9.44839,38.85817],[-9.44885,38.85746],[-9.44885,38.857],[-9.44851,38.85645],[-9.44801,38.85662],[-9.44762,38.85603],[-9.44733,38.85609],[-9.44714,38.85633],[-9.44719,38.85698]]],[[[-9.43085,38.84757],[-9.43041,38.84846],[-9.43037,38.84926],[-9.43062,38.84985],[-9.43108,38.84999],[-9.43149,38.8497],[-9.43194,38.84877],[-9.43119,38.84775],[-9.43085,38.84757]]],[[[-9.39518,38.76371],[-9.39439,38.76397],[-9.394,38.76452],[-9.39425,38.76511],[-9.39485,38.76553],[-9.39553,38.76524],[-9.39599,38.76459],[-9.39595,38.76427],[-9.39554,38.76398],[-9.39557,38.7638],[-9.39518,38.76371]]],[[[-9.25501,38.76022],[-9.25524,38.76063],[-9.25519,38.76217],[-9.25562,38.7609],[-9.25559,38.76043],[-9.2552,38.7599],[-9.25451,38.75957],[-9.25369,38.75964],[-9.25295,38.76015],[-9.25272,38.7607],[-9.25288,38.76157],[-9.25315,38.76051],[-9.25344,38.76019],[-9.25373,38.76012],[-9.25365,38.76071],[-9.25395,38.76103],[-9.25427,38.76049],[-9.25501,38.76022]]],[[[-9.27153,38.87055],[-9.27178,38.8707],[-9.27361,38.87039],[-9.27408,38.87043],[-9.27417,38.87062],[-9.27436,38.86981],[-9.27419,38.86966],[-9.27305,38.86966],[-9.27195,38.86942],[-9.27153,38.86979],[-9.27153,38.87055]]],[[[-9.48734,38.77021],[-9.48706,38.77038],[-9.48707,38.77065],[-9.48842,38.77122],[-9.48839,38.77187],[-9.48878,38.77176],[-9.48908,38.77107],[-9.48924,38.76977],[-9.48852,38.76992],[-9.48805,38.76981],[-9.48734,38.77021]]],[[[-9.47901,38.80369],[-9.47992,38.8039],[-9.48043,38.80382],[-9.47954,38.80326],[-9.47857,38.80303],[-9.4778,38.80245],[-9.47734,38.80235],[-9.47739,38.80197],[-9.47707,38.80211],[-9.47698,38.80283],[-9.47725,38.80347],[-9.47773,38.80365],[-9.47901,38.80369]]],[[[-9.40406,38.89566],[-9.40453,38.89613],[-9.40481,38.89613],[-9.40543,38.89582],[-9.40582,38.89536],[-9.40582,38.8951],[-9.40541,38.89493],[-9.40453,38.8953],[-9.40492,38.89401],[-9.40471,38.89363],[-9.40432,38.8938],[-9.40402,38.89436],[-9.40393,38.89505],[-9.40406,38.89566]]],[[[-9.26433,38.82863],[-9.26425,38.82888],[-9.26496,38.83006],[-9.26562,38.83062],[-9.26564,38.83081],[-9.26614,38.83089],[-9.26655,38.83072],[-9.26659,38.83034],[-9.26596,38.82947],[-9.26518,38.82892],[-9.26433,38.82863]]],[[[-9.26088,38.83902],[-9.26102,38.83974],[-9.26124,38.83978],[-9.26157,38.83953],[-9.26187,38.83874],[-9.26174,38.83809],[-9.25959,38.83833],[-9.25914,38.83869],[-9.25925,38.83885],[-9.26088,38.83902]]],[[[-9.29413,38.86326],[-9.29373,38.86338],[-9.29348,38.86367],[-9.29355,38.86404],[-9.29388,38.86426],[-9.29569,38.86445],[-9.29744,38.86437],[-9.29623,38.86403],[-9.29457,38.86328],[-9.29413,38.86326]]],[[[-9.28414,38.75946],[-9.28588,38.76009],[-9.28609,38.75958],[-9.28595,38.75925],[-9.28386,38.7585],[-9.28334,38.75811],[-9.28296,38.75817],[-9.28296,38.75838],[-9.28414,38.75946]]],[[[-9.28064,38.81296],[-9.27981,38.81408],[-9.28079,38.81342],[-9.28224,38.81168],[-9.28417,38.81088],[-9.28463,38.81044],[-9.28421,38.81039],[-9.28229,38.81121],[-9.28123,38.81209],[-9.28064,38.81296]]],[[[-9.40253,38.89536],[-9.40259,38.89562],[-9.40364,38.89418],[-9.40365,38.89383],[-9.40324,38.89376],[-9.40249,38.89414],[-9.40147,38.89428],[-9.40111,38.89447],[-9.40157,38.89519],[-9.40195,38.89536],[-9.40253,38.89536]]],[[[-9.43622,38.83022],[-9.43617,38.83055],[-9.43635,38.83065],[-9.43764,38.83017],[-9.43847,38.83009],[-9.43885,38.82974],[-9.43909,38.82924],[-9.43851,38.82907],[-9.43707,38.82935],[-9.43666,38.82961],[-9.43622,38.83022]]],[[[-9.41983,38.80072],[-9.42155,38.8012],[-9.42259,38.8012],[-9.42312,38.80103],[-9.42253,38.80058],[-9.42145,38.80012],[-9.42117,38.80015],[-9.42136,38.80041],[-9.42125,38.80047],[-9.41985,38.80013],[-9.41929,38.8002],[-9.41983,38.80072]]],[[[-9.25445,38.8631],[-9.25395,38.86366],[-9.25441,38.86409],[-9.25382,38.86662],[-9.25441,38.86649],[-9.25486,38.86586],[-9.25506,38.86397],[-9.25479,38.86331],[-9.25445,38.8631]]],[[[-9.26273,38.87126],[-9.26308,38.87144],[-9.26296,38.87272],[-9.26314,38.87275],[-9.26352,38.87244],[-9.26389,38.87133],[-9.26388,38.87073],[-9.26341,38.86969],[-9.26232,38.87101],[-9.26236,38.87126],[-9.26273,38.87126]]],[[[-9.40315,38.90411],[-9.4029,38.9044],[-9.40269,38.90542],[-9.40297,38.90652],[-9.40291,38.90843],[-9.40328,38.90778],[-9.40361,38.90597],[-9.4036,38.90451],[-9.40347,38.90419],[-9.40315,38.90411]]],[[[-9.38912,38.75835],[-9.38915,38.75878],[-9.38892,38.75951],[-9.38912,38.75967],[-9.38979,38.75944],[-9.3903,38.75868],[-9.39052,38.75793],[-9.39034,38.75719],[-9.38974,38.7578],[-9.38891,38.75786],[-9.38879,38.75821],[-9.38893,38.75842],[-9.38912,38.75835]]],[[[-9.27719,38.84684],[-9.2775,38.84715],[-9.28102,38.84806],[-9.28171,38.84792],[-9.28202,38.84761],[-9.28176,38.84734],[-9.27719,38.84684]]],[[[-9.46367,38.77557],[-9.46227,38.77627],[-9.46166,38.77681],[-9.46104,38.77689],[-9.46098,38.77713],[-9.46141,38.7775],[-9.46169,38.77755],[-9.4629,38.77686],[-9.46346,38.77672],[-9.46378,38.77638],[-9.464,38.77579],[-9.46393,38.7756],[-9.46367,38.77557]]],[[[-9.3134,38.84252],[-9.31371,38.84289],[-9.31468,38.84343],[-9.31447,38.84445],[-9.31458,38.84471],[-9.31473,38.84431],[-9.31573,38.84304],[-9.31589,38.84237],[-9.31558,38.84211],[-9.31465,38.84249],[-9.31366,38.8424],[-9.3134,38.84252]]],[[[-9.41729,38.80137],[-9.4192,38.80117],[-9.41942,38.80093],[-9.4188,38.79989],[-9.41854,38.79992],[-9.41846,38.80038],[-9.41831,38.80045],[-9.41717,38.80007],[-9.4169,38.80097],[-9.41729,38.80137]]],[[[-9.43791,38.83063],[-9.43812,38.83081],[-9.43865,38.83061],[-9.43881,38.83117],[-9.43862,38.83144],[-9.43964,38.83167],[-9.43953,38.83035],[-9.43937,38.83026],[-9.43985,38.82992],[-9.43992,38.82949],[-9.43958,38.82933],[-9.43923,38.82975],[-9.43862,38.83009],[-9.43714,38.83045],[-9.43791,38.83063]]],[[[-9.47652,38.80748],[-9.47655,38.80803],[-9.47692,38.80815],[-9.47782,38.80789],[-9.47776,38.80766],[-9.47804,38.80752],[-9.47794,38.80742],[-9.47856,38.80768],[-9.47893,38.80744],[-9.47817,38.80648],[-9.47772,38.80633],[-9.47738,38.80648],[-9.47725,38.80701],[-9.47706,38.80702],[-9.477,38.80731],[-9.47662,38.80733],[-9.47652,38.80748]]],[[[-9.41885,38.832],[-9.41888,38.83221],[-9.4194,38.83246],[-9.42126,38.83282],[-9.42289,38.83395],[-9.42325,38.83373],[-9.42311,38.83333],[-9.42152,38.8323],[-9.41885,38.832]]],[[[-9.34068,38.8526],[-9.34115,38.85351],[-9.34157,38.85365],[-9.34175,38.85352],[-9.34178,38.85282],[-9.34296,38.85209],[-9.34199,38.85209],[-9.34062,38.85157],[-9.34048,38.85172],[-9.34068,38.8526]]],[[[-9.40858,38.89009],[-9.40884,38.89031],[-9.40906,38.89027],[-9.40929,38.88852],[-9.40865,38.88858],[-9.40746,38.88906],[-9.40752,38.89032],[-9.40831,38.89004],[-9.40858,38.89009]]],[[[-9.31824,38.76024],[-9.31862,38.76062],[-9.31858,38.76108],[-9.31838,38.76129],[-9.31851,38.7613],[-9.31895,38.76095],[-9.31919,38.76032],[-9.31905,38.75987],[-9.31855,38.75958],[-9.31778,38.75948],[-9.31707,38.75974],[-9.31672,38.76016],[-9.31671,38.76076],[-9.31705,38.7611],[-9.3176,38.76114],[-9.31722,38.76087],[-9.31727,38.76049],[-9.31771,38.7602],[-9.31824,38.76024]]],[[[-9.28547,38.76494],[-9.2848,38.76592],[-9.28398,38.76649],[-9.28273,38.76693],[-9.28095,38.76729],[-9.28349,38.7674],[-9.28402,38.76726],[-9.28452,38.76695],[-9.28533,38.76578],[-9.28557,38.76502],[-9.28547,38.76494]]],[[[-9.32947,38.84847],[-9.32876,38.84864],[-9.32867,38.8489],[-9.33187,38.84952],[-9.3324,38.8494],[-9.33279,38.84912],[-9.33136,38.84864],[-9.32947,38.84847]]],[[[-9.28768,38.77657],[-9.28702,38.77704],[-9.28694,38.77761],[-9.28736,38.77839],[-9.28836,38.77933],[-9.28868,38.77902],[-9.28839,38.77865],[-9.2884,38.77828],[-9.28796,38.7778],[-9.28816,38.77741],[-9.28768,38.77657]]],[[[-9.2524,38.85887],[-9.25154,38.85936],[-9.25119,38.85977],[-9.25112,38.86021],[-9.25169,38.85926],[-9.25287,38.8588],[-9.25428,38.85925],[-9.25489,38.8596],[-9.25547,38.85962],[-9.25572,38.85946],[-9.25562,38.85921],[-9.25369,38.85815],[-9.25311,38.85827],[-9.2526,38.85886],[-9.2524,38.85887]]],[[[-9.28762,38.8663],[-9.28631,38.86661],[-9.28535,38.86725],[-9.28507,38.86764],[-9.28644,38.86775],[-9.28679,38.86794],[-9.28788,38.86646],[-9.28786,38.86632],[-9.28762,38.8663]]],[[[-9.27916,38.75943],[-9.27888,38.75973],[-9.28039,38.75999],[-9.28067,38.7603],[-9.28175,38.76],[-9.282,38.75971],[-9.2821,38.75926],[-9.28183,38.75895],[-9.28089,38.75936],[-9.27994,38.75927],[-9.27916,38.75943]]],[[[-9.26761,38.82621],[-9.26673,38.82718],[-9.2657,38.82797],[-9.26582,38.82841],[-9.26671,38.82942],[-9.26659,38.82893],[-9.26586,38.82818],[-9.26692,38.82795],[-9.26807,38.82711],[-9.26819,38.82686],[-9.26813,38.82639],[-9.26761,38.82621]]],[[[-9.36863,38.81769],[-9.36931,38.81823],[-9.36939,38.81772],[-9.36957,38.81756],[-9.3707,38.81745],[-9.37068,38.81626],[-9.36911,38.81682],[-9.36862,38.81725],[-9.36863,38.81769]]],[[[-9.38899,38.87865],[-9.38844,38.8791],[-9.38851,38.87926],[-9.3888,38.87933],[-9.39,38.87908],[-9.39164,38.87857],[-9.39035,38.87784],[-9.38941,38.87827],[-9.38899,38.87865]]],[[[-9.29999,38.75617],[-9.29948,38.75653],[-9.2993,38.7573],[-9.30095,38.75777],[-9.30144,38.75755],[-9.3015,38.75736],[-9.30071,38.75618],[-9.29999,38.75617]]],[[[-9.26527,38.82202],[-9.2646,38.8223],[-9.26438,38.82291],[-9.26568,38.82366],[-9.26639,38.82303],[-9.2665,38.82262],[-9.26618,38.82228],[-9.26527,38.82202]]],[[[-9.42433,38.82719],[-9.42695,38.82759],[-9.42783,38.8274],[-9.42807,38.82703],[-9.42778,38.82672],[-9.42625,38.82657],[-9.42596,38.82668],[-9.42601,38.82711],[-9.42459,38.82707],[-9.42433,38.82719]]],[[[-9.24601,38.82985],[-9.24493,38.83069],[-9.24484,38.83194],[-9.2447,38.83209],[-9.24544,38.83192],[-9.24555,38.83121],[-9.24637,38.83092],[-9.24683,38.83046],[-9.2464,38.82985],[-9.24601,38.82985]]],[[[-9.27663,38.89004],[-9.27606,38.89028],[-9.27679,38.8912],[-9.27627,38.89182],[-9.27823,38.89234],[-9.27765,38.8915],[-9.27711,38.89023],[-9.27685,38.89],[-9.27663,38.89004]]],[[[-9.43136,38.82744],[-9.43136,38.82781],[-9.43178,38.82804],[-9.43404,38.82844],[-9.43437,38.82827],[-9.43393,38.82776],[-9.43323,38.82736],[-9.43246,38.82742],[-9.4317,38.82722],[-9.43136,38.82744]]],[[[-9.28353,38.79664],[-9.28427,38.7964],[-9.28399,38.79583],[-9.28397,38.79542],[-9.28347,38.79502],[-9.28354,38.79461],[-9.28287,38.79486],[-9.28233,38.79541],[-9.28317,38.79659],[-9.28353,38.79664]]],[[[-9.37539,38.79484],[-9.37806,38.79506],[-9.37875,38.79497],[-9.37711,38.79433],[-9.37519,38.79422],[-9.37436,38.79348],[-9.3746,38.79435],[-9.37539,38.79484]]],[[[-9.37783,38.89601],[-9.37729,38.89604],[-9.37713,38.89626],[-9.3777,38.8966],[-9.37949,38.89683],[-9.38014,38.89665],[-9.38002,38.89634],[-9.38029,38.89588],[-9.37783,38.89601]]],[[[-9.39422,38.83196],[-9.39412,38.83312],[-9.39458,38.83381],[-9.39492,38.83385],[-9.39534,38.83334],[-9.3948,38.83313],[-9.3947,38.83287],[-9.39568,38.83233],[-9.39572,38.83204],[-9.39492,38.83148],[-9.39474,38.83192],[-9.39422,38.83196]]],[[[-9.26356,38.8327],[-9.26418,38.8331],[-9.26521,38.8333],[-9.26647,38.83329],[-9.26706,38.83303],[-9.26691,38.83273],[-9.26637,38.83256],[-9.26469,38.83248],[-9.26375,38.83254],[-9.26356,38.8327]]],[[[-9.42709,38.83388],[-9.42652,38.83395],[-9.4261,38.8344],[-9.42619,38.83465],[-9.42692,38.83509],[-9.42672,38.83562],[-9.42684,38.83575],[-9.42755,38.83544],[-9.42815,38.8344],[-9.42754,38.83398],[-9.42709,38.83388]]],[[[-9.36134,38.80643],[-9.36099,38.80663],[-9.36147,38.80735],[-9.36051,38.80915],[-9.36279,38.80745],[-9.36275,38.80729],[-9.36168,38.80652],[-9.36134,38.80643]]],[[[-9.31263,38.75621],[-9.31125,38.7571],[-9.31068,38.75778],[-9.31143,38.75792],[-9.31157,38.75813],[-9.3121,38.7579],[-9.31255,38.75739],[-9.31291,38.7566],[-9.31288,38.75629],[-9.31263,38.75621]]],[[[-9.47588,38.77626],[-9.47557,38.77639],[-9.47558,38.77671],[-9.47624,38.7781],[-9.47632,38.77859],[-9.47651,38.77857],[-9.4768,38.77841],[-9.47695,38.77799],[-9.47689,38.77675],[-9.47653,38.77634],[-9.47588,38.77626]]],[[[-9.39799,38.90896],[-9.39814,38.90897],[-9.39803,38.90866],[-9.3963,38.90517],[-9.39583,38.90485],[-9.39534,38.90475],[-9.39435,38.905],[-9.39436,38.90512],[-9.39527,38.90514],[-9.39578,38.90537],[-9.39655,38.90638],[-9.39799,38.90896]]],[[[-9.25954,38.77954],[-9.25886,38.78032],[-9.25843,38.78224],[-9.25875,38.78209],[-9.25929,38.78143],[-9.26015,38.77989],[-9.26027,38.77913],[-9.26007,38.77919],[-9.25981,38.77899],[-9.25954,38.77954]]],[[[-9.4618,38.83626],[-9.46284,38.83551],[-9.46218,38.83459],[-9.46114,38.83489],[-9.46078,38.83525],[-9.46082,38.8356],[-9.46113,38.83598],[-9.4618,38.83626]]],[[[-9.3668,38.84084],[-9.36608,38.84175],[-9.36588,38.84267],[-9.36476,38.84307],[-9.36721,38.84365],[-9.36649,38.84209],[-9.36699,38.84122],[-9.36693,38.84087],[-9.3668,38.84084]]],[[[-9.25969,38.86605],[-9.26031,38.86609],[-9.26114,38.86567],[-9.26195,38.86411],[-9.26186,38.86365],[-9.26167,38.86363],[-9.26081,38.86454],[-9.25969,38.86605]]],[[[-9.29761,38.85528],[-9.29782,38.85542],[-9.29846,38.85502],[-9.29925,38.85524],[-9.29921,38.85417],[-9.29892,38.85382],[-9.29892,38.85345],[-9.2978,38.85409],[-9.29761,38.85528]]],[[[-9.39612,38.78808],[-9.39593,38.78931],[-9.39645,38.78904],[-9.39696,38.78826],[-9.39753,38.788],[-9.39748,38.7882],[-9.39771,38.788],[-9.39781,38.78771],[-9.39764,38.78694],[-9.39633,38.78741],[-9.39612,38.78808]]],[[[-9.38659,38.87374],[-9.3868,38.87421],[-9.38715,38.87452],[-9.38803,38.87464],[-9.38824,38.87434],[-9.38797,38.87335],[-9.38855,38.87293],[-9.38764,38.87298],[-9.38696,38.87349],[-9.38661,38.87322],[-9.38659,38.87374]]],[[[-9.42918,38.89848],[-9.4293,38.89892],[-9.42974,38.8991],[-9.43002,38.89895],[-9.43004,38.89846],[-9.43044,38.89844],[-9.43138,38.89873],[-9.43162,38.89867],[-9.4317,38.89845],[-9.43155,38.89821],[-9.4308,38.8978],[-9.42993,38.89763],[-9.42932,38.89776],[-9.42928,38.8979],[-9.42946,38.89801],[-9.42918,38.89848]]],[[[-9.36861,38.80375],[-9.3698,38.80388],[-9.3705,38.80377],[-9.37141,38.80338],[-9.37181,38.80299],[-9.37134,38.80291],[-9.37064,38.80338],[-9.36834,38.8033],[-9.36641,38.80368],[-9.36861,38.80375]]],[[[-9.29225,38.81642],[-9.29182,38.81912],[-9.29309,38.81692],[-9.29472,38.81572],[-9.2928,38.8163],[-9.29261,38.81587],[-9.29225,38.81642]]],[[[-9.26,38.84182],[-9.2615,38.84179],[-9.26205,38.84163],[-9.26213,38.84135],[-9.26171,38.84062],[-9.26121,38.84049],[-9.26059,38.8407],[-9.25971,38.84186],[-9.26,38.84182]]],[[[-9.34898,38.86294],[-9.35075,38.86246],[-9.35097,38.86226],[-9.35096,38.86197],[-9.35059,38.86167],[-9.35014,38.86182],[-9.34976,38.86167],[-9.34926,38.86228],[-9.34881,38.86177],[-9.34834,38.86166],[-9.3483,38.86201],[-9.34898,38.86294]]],[[[-9.29999,38.80039],[-9.30046,38.80019],[-9.30061,38.79943],[-9.30127,38.7985],[-9.30131,38.79812],[-9.30044,38.79832],[-9.29951,38.79938],[-9.29957,38.80039],[-9.29999,38.80039]]],[[[-9.40357,38.86707],[-9.4037,38.86725],[-9.40394,38.86721],[-9.40418,38.86695],[-9.40415,38.86665],[-9.40336,38.86588],[-9.40282,38.86494],[-9.40235,38.86478],[-9.40203,38.86488],[-9.40154,38.86545],[-9.4015,38.86575],[-9.4027,38.86579],[-9.40364,38.86677],[-9.40357,38.86707]]],[[[-9.34481,38.75107],[-9.34457,38.7509],[-9.3439,38.75121],[-9.34485,38.75131],[-9.34632,38.7507],[-9.34721,38.74986],[-9.34787,38.74869],[-9.34756,38.74876],[-9.34632,38.74998],[-9.34481,38.75107]]],[[[-9.25024,38.75205],[-9.25116,38.75197],[-9.25102,38.75104],[-9.25131,38.75109],[-9.25154,38.7509],[-9.25132,38.75047],[-9.25075,38.75028],[-9.24953,38.75071],[-9.24989,38.7511],[-9.25022,38.75106],[-9.2501,38.75134],[-9.25024,38.75205]]],[[[-9.26592,38.83142],[-9.26599,38.83159],[-9.26807,38.83234],[-9.2685,38.83227],[-9.26876,38.83202],[-9.26874,38.83169],[-9.2685,38.83139],[-9.26791,38.83138],[-9.26736,38.83106],[-9.26628,38.83121],[-9.26592,38.83142]]],[[[-9.33401,38.75041],[-9.33323,38.75116],[-9.33118,38.75196],[-9.33293,38.75225],[-9.33327,38.75215],[-9.33395,38.75154],[-9.3341,38.75061],[-9.33401,38.75041]]],[[[-9.25592,38.85018],[-9.25608,38.85054],[-9.25667,38.85098],[-9.25675,38.85046],[-9.25703,38.85016],[-9.25818,38.85004],[-9.25797,38.84961],[-9.25803,38.8493],[-9.25729,38.849],[-9.25592,38.85018]]],[[[-9.31129,38.80765],[-9.31101,38.80784],[-9.31091,38.80829],[-9.31054,38.80884],[-9.30906,38.80976],[-9.31003,38.80963],[-9.31165,38.80899],[-9.31191,38.80861],[-9.31194,38.8082],[-9.31166,38.80776],[-9.31129,38.80765]]],[[[-9.25283,38.77549],[-9.25234,38.77591],[-9.25204,38.77689],[-9.25236,38.77725],[-9.25334,38.77767],[-9.25328,38.77589],[-9.25312,38.77551],[-9.25283,38.77549]]],[[[-9.29054,38.75772],[-9.29288,38.75937],[-9.29469,38.7615],[-9.29501,38.76165],[-9.29417,38.76013],[-9.29284,38.75875],[-9.29154,38.75801],[-9.29041,38.75766],[-9.29054,38.75772]]],[[[-9.23312,38.82067],[-9.23151,38.8217],[-9.23189,38.82239],[-9.23228,38.82241],[-9.23287,38.82176],[-9.23395,38.82007],[-9.23395,38.81964],[-9.23312,38.82067]]],[[[-9.29863,38.80042],[-9.29846,38.80056],[-9.29851,38.80163],[-9.29842,38.80219],[-9.2981,38.80271],[-9.29797,38.80411],[-9.29856,38.80311],[-9.29909,38.80146],[-9.29966,38.80079],[-9.29934,38.80054],[-9.29863,38.80042]]],[[[-9.33313,38.7809],[-9.33388,38.78145],[-9.33422,38.78272],[-9.3343,38.78124],[-9.33451,38.78058],[-9.33377,38.78076],[-9.33378,38.78061],[-9.33326,38.78026],[-9.33326,38.78007],[-9.33239,38.78013],[-9.33215,38.78078],[-9.33313,38.7809]]],[[[-9.30647,38.80454],[-9.30635,38.80445],[-9.30601,38.8046],[-9.30452,38.80565],[-9.3031,38.80626],[-9.30387,38.80646],[-9.30497,38.80614],[-9.3062,38.80513],[-9.30647,38.80454]]],[[[-9.34333,38.84994],[-9.34353,38.85034],[-9.34394,38.85064],[-9.34483,38.85065],[-9.3449,38.85045],[-9.34457,38.85015],[-9.34484,38.84976],[-9.34484,38.849],[-9.34469,38.84868],[-9.34453,38.84864],[-9.34356,38.84969],[-9.34334,38.84967],[-9.34333,38.84994]]],[[[-9.37726,38.89903],[-9.37921,38.89894],[-9.3797,38.89867],[-9.37868,38.8976],[-9.3785,38.89831],[-9.37744,38.89811],[-9.37707,38.89874],[-9.37726,38.89903]]],[[[-9.31484,38.81241],[-9.31502,38.81273],[-9.31564,38.81316],[-9.3173,38.81392],[-9.31813,38.81317],[-9.31484,38.81241]]],[[[-9.28506,38.76281],[-9.28623,38.76315],[-9.28641,38.76292],[-9.28619,38.7625],[-9.28554,38.76201],[-9.28534,38.7616],[-9.2846,38.76171],[-9.28447,38.76213],[-9.28384,38.76258],[-9.28401,38.76281],[-9.28506,38.76281]]],[[[-9.35584,38.75777],[-9.35608,38.7577],[-9.35714,38.75653],[-9.35711,38.75626],[-9.3565,38.75631],[-9.3565,38.7557],[-9.35624,38.75577],[-9.35537,38.75662],[-9.3555,38.75725],[-9.35584,38.75777]]],[[[-9.26056,38.86717],[-9.26013,38.86753],[-9.25988,38.86806],[-9.25995,38.86878],[-9.26117,38.86839],[-9.26165,38.86786],[-9.26126,38.8673],[-9.26056,38.86717]]],[[[-9.39502,38.75939],[-9.39499,38.75962],[-9.39523,38.75978],[-9.39652,38.75994],[-9.39786,38.76126],[-9.39776,38.76043],[-9.39705,38.75944],[-9.39634,38.7592],[-9.39597,38.75936],[-9.39502,38.75939]]],[[[-9.26639,38.78283],[-9.26743,38.78369],[-9.26784,38.78282],[-9.26801,38.78193],[-9.26831,38.78232],[-9.26842,38.78293],[-9.26865,38.78288],[-9.26874,38.78239],[-9.26858,38.78161],[-9.2683,38.78144],[-9.26789,38.78151],[-9.26724,38.78268],[-9.26644,38.78267],[-9.26639,38.78283]]],[[[-9.42487,38.85665],[-9.42495,38.85735],[-9.42553,38.85661],[-9.42649,38.85636],[-9.42669,38.8561],[-9.42483,38.85594],[-9.424,38.85609],[-9.42366,38.85643],[-9.42406,38.85693],[-9.42487,38.85665]]],[[[-9.38871,38.88296],[-9.39011,38.88267],[-9.39034,38.8828],[-9.39082,38.88275],[-9.39136,38.8824],[-9.39103,38.88226],[-9.38958,38.88221],[-9.38739,38.88254],[-9.38767,38.8829],[-9.38871,38.88296]]],[[[-9.25891,38.78736],[-9.25777,38.78806],[-9.25752,38.78863],[-9.25777,38.78905],[-9.25865,38.78929],[-9.259,38.78962],[-9.25925,38.78954],[-9.25938,38.78927],[-9.25929,38.78896],[-9.25863,38.78834],[-9.25891,38.78736]]],[[[-9.31494,38.82465],[-9.3146,38.82486],[-9.31455,38.82541],[-9.31526,38.82514],[-9.31595,38.82462],[-9.31629,38.82471],[-9.31659,38.82505],[-9.31697,38.82472],[-9.31643,38.82393],[-9.31613,38.82379],[-9.31529,38.82406],[-9.31494,38.82465]]],[[[-9.30613,38.84888],[-9.30626,38.84945],[-9.30709,38.84961],[-9.30771,38.84938],[-9.30859,38.84861],[-9.30837,38.84844],[-9.3074,38.84834],[-9.30678,38.84881],[-9.306,38.84879],[-9.30613,38.84888]]],[[[-9.28317,38.87024],[-9.28237,38.87053],[-9.28317,38.87121],[-9.28324,38.87153],[-9.28311,38.87171],[-9.28407,38.87168],[-9.28476,38.87141],[-9.2841,38.87061],[-9.28317,38.87024]]],[[[-9.4079,38.8255],[-9.4076,38.82563],[-9.40905,38.82616],[-9.41044,38.82706],[-9.41117,38.82696],[-9.41145,38.82675],[-9.41064,38.82651],[-9.41031,38.82607],[-9.40968,38.82578],[-9.4079,38.8255]]],[[[-9.40834,38.82863],[-9.40856,38.82924],[-9.40797,38.82959],[-9.40793,38.82993],[-9.40864,38.83025],[-9.40982,38.82989],[-9.40978,38.82951],[-9.40934,38.82892],[-9.40834,38.82863]]],[[[-9.41314,38.88606],[-9.41497,38.88627],[-9.41593,38.88596],[-9.41603,38.88578],[-9.41577,38.8854],[-9.41435,38.88513],[-9.41408,38.88528],[-9.41422,38.88571],[-9.41407,38.88583],[-9.41341,38.88596],[-9.41276,38.88577],[-9.41314,38.88606]]],[[[-9.36855,38.75215],[-9.36752,38.75269],[-9.3667,38.75364],[-9.36677,38.75411],[-9.36774,38.75492],[-9.36775,38.75438],[-9.36736,38.75383],[-9.36862,38.75259],[-9.36884,38.75224],[-9.36855,38.75215]]],[[[-9.46892,38.81348],[-9.46916,38.81362],[-9.46935,38.81355],[-9.46929,38.8128],[-9.46974,38.81253],[-9.47019,38.81193],[-9.4702,38.81154],[-9.46984,38.8112],[-9.4696,38.81127],[-9.46937,38.81174],[-9.46901,38.81172],[-9.46885,38.81189],[-9.46869,38.81273],[-9.46892,38.81348]]],[[[-9.2936,38.82326],[-9.29459,38.82356],[-9.29491,38.82298],[-9.29542,38.82279],[-9.29466,38.82229],[-9.29323,38.82217],[-9.2936,38.82326]]],[[[-9.29313,38.86716],[-9.29072,38.86897],[-9.2904,38.86941],[-9.29092,38.86936],[-9.29211,38.86875],[-9.29312,38.86789],[-9.29352,38.86711],[-9.29404,38.86698],[-9.29363,38.86695],[-9.29313,38.86716]]],[[[-9.41339,38.86599],[-9.41338,38.86622],[-9.41403,38.86717],[-9.41403,38.86819],[-9.41458,38.86838],[-9.41488,38.86832],[-9.41495,38.86781],[-9.41444,38.86633],[-9.41405,38.86597],[-9.41339,38.86599]]],[[[-9.36158,38.81149],[-9.36209,38.81203],[-9.36259,38.81211],[-9.36241,38.81142],[-9.3618,38.81083],[-9.36188,38.8103],[-9.36155,38.81007],[-9.36074,38.81],[-9.36067,38.81034],[-9.36089,38.81087],[-9.36158,38.81149]]],[[[-9.31787,38.84613],[-9.31524,38.84725],[-9.31612,38.8476],[-9.31722,38.84747],[-9.3182,38.84627],[-9.31787,38.84613]]],[[[-9.27178,38.84405],[-9.27124,38.84471],[-9.27047,38.84625],[-9.27045,38.84668],[-9.27111,38.84641],[-9.27188,38.84548],[-9.27185,38.84476],[-9.27206,38.84449],[-9.27178,38.84405]]],[[[-9.39762,38.83039],[-9.39752,38.8318],[-9.39835,38.8305],[-9.39903,38.82988],[-9.39891,38.82967],[-9.39833,38.82954],[-9.39829,38.82875],[-9.39809,38.8285],[-9.39779,38.82903],[-9.39762,38.83039]]],[[[-9.48368,38.76825],[-9.48464,38.76885],[-9.48458,38.76784],[-9.48479,38.76769],[-9.48479,38.76753],[-9.48358,38.76738],[-9.48224,38.76826],[-9.48249,38.76852],[-9.48368,38.76825]]],[[[-9.28673,38.88351],[-9.28507,38.88448],[-9.28448,38.88521],[-9.28599,38.88511],[-9.28666,38.88455],[-9.2869,38.88372],[-9.2869,38.8835],[-9.28673,38.88351]]],[[[-9.25061,38.76043],[-9.25108,38.7613],[-9.25109,38.7608],[-9.25171,38.75997],[-9.25328,38.75894],[-9.25462,38.75865],[-9.25664,38.75881],[-9.25502,38.7585],[-9.2532,38.75871],[-9.2522,38.75913],[-9.25075,38.76009],[-9.25061,38.75981],[-9.25061,38.76043]]],[[[-9.31376,38.74437],[-9.31451,38.74483],[-9.31451,38.74544],[-9.31411,38.74638],[-9.31457,38.74637],[-9.31499,38.74603],[-9.31525,38.74535],[-9.31508,38.74473],[-9.31477,38.74435],[-9.31387,38.74402],[-9.31252,38.74436],[-9.31376,38.74437]]],[[[-9.36014,38.84509],[-9.36065,38.84536],[-9.36124,38.8454],[-9.36182,38.84491],[-9.36237,38.84481],[-9.36266,38.84422],[-9.36222,38.84398],[-9.36172,38.84433],[-9.35985,38.84472],[-9.36014,38.84509]]],[[[-9.43407,38.78306],[-9.43548,38.78393],[-9.43588,38.78389],[-9.4367,38.7833],[-9.43604,38.78269],[-9.43531,38.78298],[-9.4342,38.78286],[-9.43407,38.78306]]],[[[-9.30343,38.85287],[-9.30236,38.85288],[-9.30333,38.85292],[-9.30487,38.85235],[-9.30604,38.85213],[-9.30611,38.85155],[-9.30574,38.85144],[-9.30435,38.85179],[-9.30355,38.85243],[-9.30343,38.85287]]],[[[-9.39151,38.8978],[-9.39151,38.89807],[-9.39048,38.89843],[-9.39101,38.89855],[-9.39226,38.89968],[-9.39241,38.89967],[-9.39262,38.89892],[-9.39254,38.89825],[-9.39209,38.89793],[-9.39151,38.8978]]],[[[-9.32247,38.75999],[-9.32259,38.76029],[-9.32281,38.76038],[-9.32402,38.75997],[-9.32516,38.75934],[-9.32558,38.75875],[-9.32458,38.75862],[-9.32327,38.75985],[-9.32247,38.75999]]],[[[-9.40464,38.75968],[-9.40463,38.75993],[-9.40487,38.76002],[-9.40653,38.75965],[-9.40702,38.75985],[-9.40722,38.75967],[-9.40726,38.75934],[-9.40708,38.75888],[-9.40678,38.75881],[-9.40578,38.75906],[-9.40464,38.75968]]],[[[-9.28658,38.79479],[-9.28602,38.79503],[-9.28784,38.79492],[-9.28899,38.79461],[-9.28966,38.7947],[-9.29004,38.79447],[-9.29012,38.79401],[-9.28938,38.79388],[-9.28658,38.79479]]],[[[-9.31173,38.8231],[-9.30908,38.82534],[-9.30901,38.82559],[-9.30943,38.82556],[-9.311,38.82456],[-9.31183,38.82339],[-9.31189,38.82312],[-9.31173,38.8231]]],[[[-9.47104,38.78268],[-9.47152,38.78323],[-9.47265,38.78401],[-9.47461,38.78493],[-9.47496,38.7849],[-9.4749,38.78462],[-9.47393,38.78391],[-9.47224,38.78334],[-9.47104,38.78268]]],[[[-9.41025,38.89364],[-9.41043,38.89401],[-9.41032,38.89479],[-9.41045,38.89499],[-9.4107,38.89503],[-9.41111,38.89439],[-9.41097,38.89382],[-9.41063,38.89315],[-9.4098,38.89248],[-9.40961,38.8929],[-9.40954,38.89378],[-9.40997,38.89359],[-9.41025,38.89364]]],[[[-9.3183,38.76297],[-9.32077,38.76304],[-9.32167,38.76285],[-9.32221,38.76255],[-9.31809,38.76264],[-9.3164,38.7629],[-9.3183,38.76297]]],[[[-9.23338,38.82146],[-9.23295,38.82214],[-9.23282,38.82285],[-9.23298,38.82424],[-9.23325,38.82457],[-9.23362,38.82469],[-9.23389,38.82453],[-9.23398,38.82411],[-9.23332,38.82278],[-9.23338,38.82146]]],[[[-9.39146,38.76315],[-9.39099,38.76336],[-9.39008,38.76433],[-9.38845,38.76532],[-9.38897,38.76532],[-9.38974,38.76501],[-9.39217,38.76331],[-9.39195,38.76309],[-9.39146,38.76315]]],[[[-9.3972,38.87896],[-9.39683,38.87975],[-9.39587,38.88088],[-9.39659,38.8815],[-9.39716,38.88168],[-9.3974,38.8816],[-9.39759,38.88129],[-9.39719,38.88093],[-9.39705,38.88055],[-9.3973,38.87926],[-9.3972,38.87896]]],[[[-9.33611,38.7665],[-9.33457,38.76714],[-9.33457,38.76779],[-9.33381,38.76866],[-9.3344,38.76845],[-9.33536,38.76776],[-9.33642,38.76671],[-9.33637,38.76653],[-9.33611,38.7665]]],[[[-9.39394,38.82527],[-9.39378,38.8262],[-9.39427,38.82671],[-9.39437,38.82704],[-9.3942,38.82766],[-9.39387,38.82808],[-9.39425,38.82816],[-9.39481,38.82785],[-9.39508,38.82736],[-9.39423,38.82544],[-9.39394,38.82527]]],[[[-9.31855,38.78457],[-9.31832,38.78457],[-9.3189,38.78513],[-9.31976,38.78565],[-9.32038,38.78577],[-9.32,38.78524],[-9.31889,38.78437],[-9.31748,38.78368],[-9.3167,38.78349],[-9.31709,38.78398],[-9.31855,38.78457]]],[[[-9.42187,38.83041],[-9.42217,38.83146],[-9.42293,38.83048],[-9.42178,38.82952],[-9.42118,38.82934],[-9.42102,38.82976],[-9.42141,38.83065],[-9.42153,38.83075],[-9.42171,38.83038],[-9.42187,38.83041]]],[[[-9.40774,38.83122],[-9.40815,38.83143],[-9.40876,38.83139],[-9.40901,38.83115],[-9.409,38.83066],[-9.40717,38.83048],[-9.40661,38.83083],[-9.40634,38.83125],[-9.40642,38.83135],[-9.40774,38.83122]]],[[[-9.33864,38.81199],[-9.33627,38.81263],[-9.33622,38.81302],[-9.33915,38.81245],[-9.3399,38.8115],[-9.3395,38.81155],[-9.33864,38.81199]]],[[[-9.31299,38.75654],[-9.31256,38.75751],[-9.31263,38.75785],[-9.31444,38.75654],[-9.31464,38.75614],[-9.3139,38.75587],[-9.31355,38.75601],[-9.31342,38.75627],[-9.31312,38.7563],[-9.31299,38.75654]]],[[[-9.41894,38.92124],[-9.41806,38.92188],[-9.41761,38.92312],[-9.41846,38.92328],[-9.41898,38.92317],[-9.41888,38.9227],[-9.41913,38.92156],[-9.41894,38.92124]]],[[[-9.40021,38.76299],[-9.39841,38.7635],[-9.39833,38.76374],[-9.39859,38.76447],[-9.3989,38.7646],[-9.39932,38.76445],[-9.40032,38.76332],[-9.40038,38.76305],[-9.40021,38.76299]]],[[[-9.24437,38.81031],[-9.24411,38.81171],[-9.24426,38.81221],[-9.2445,38.81238],[-9.24475,38.81227],[-9.24481,38.81204],[-9.24435,38.80975],[-9.24385,38.80938],[-9.2433,38.80989],[-9.24332,38.81013],[-9.24359,38.81032],[-9.24437,38.81031]]],[[[-9.26097,38.74892],[-9.26101,38.74936],[-9.26139,38.75011],[-9.2628,38.75138],[-9.26324,38.75078],[-9.26097,38.74892]]],[[[-9.39616,38.82434],[-9.39575,38.82449],[-9.39555,38.82482],[-9.39639,38.82589],[-9.39752,38.8255],[-9.39739,38.8251],[-9.39657,38.82469],[-9.3968,38.82439],[-9.39616,38.82434]]],[[[-9.38921,38.87587],[-9.39006,38.87691],[-9.3906,38.87626],[-9.39149,38.8759],[-9.39078,38.87557],[-9.38987,38.87555],[-9.38921,38.87497],[-9.38907,38.87536],[-9.38921,38.87587]]],[[[-9.3569,38.86497],[-9.35827,38.86647],[-9.35934,38.86687],[-9.35804,38.86483],[-9.3578,38.86473],[-9.35749,38.86494],[-9.3569,38.86497]]],[[[-9.36463,38.75903],[-9.3648,38.75698],[-9.36508,38.75657],[-9.36537,38.75658],[-9.36759,38.75781],[-9.36766,38.75766],[-9.36719,38.7572],[-9.36569,38.75636],[-9.36494,38.75626],[-9.36462,38.75651],[-9.36444,38.757],[-9.36463,38.75903]]],[[[-9.41679,38.86845],[-9.4173,38.86833],[-9.41763,38.86694],[-9.41721,38.8669],[-9.41621,38.86716],[-9.41602,38.86677],[-9.41582,38.86683],[-9.41582,38.86726],[-9.41635,38.8677],[-9.41629,38.86824],[-9.41679,38.86845]]],[[[-9.40701,38.84261],[-9.40606,38.84294],[-9.40588,38.84378],[-9.40649,38.84403],[-9.40689,38.84394],[-9.40781,38.84273],[-9.40758,38.84241],[-9.40701,38.84261]]],[[[-9.42506,38.90793],[-9.42499,38.90807],[-9.42546,38.90877],[-9.42636,38.90937],[-9.42642,38.90984],[-9.42672,38.90981],[-9.42757,38.90925],[-9.42737,38.90892],[-9.42624,38.9087],[-9.42556,38.90801],[-9.42506,38.90793]]],[[[-9.40653,38.82786],[-9.40577,38.82805],[-9.40531,38.8286],[-9.40583,38.8293],[-9.40672,38.82955],[-9.40644,38.82863],[-9.40736,38.82828],[-9.40691,38.82793],[-9.40653,38.82786]]],[[[-9.36039,38.87172],[-9.36066,38.87201],[-9.36069,38.87246],[-9.36121,38.87195],[-9.3616,38.87124],[-9.36167,38.87085],[-9.36151,38.87055],[-9.3611,38.87051],[-9.36029,38.87109],[-9.35994,38.87172],[-9.36039,38.87172]]],[[[-9.3774,38.88151],[-9.37731,38.8816],[-9.37756,38.88168],[-9.37834,38.88146],[-9.37922,38.88156],[-9.37965,38.88142],[-9.37982,38.88121],[-9.3797,38.88105],[-9.37708,38.8804],[-9.37712,38.88072],[-9.37754,38.88128],[-9.3774,38.88151]]],[[[-9.31064,38.75396],[-9.31116,38.75422],[-9.31163,38.75407],[-9.31201,38.75348],[-9.31206,38.75291],[-9.31244,38.75263],[-9.31162,38.7526],[-9.31095,38.75282],[-9.31065,38.75326],[-9.31095,38.75363],[-9.31064,38.75396]]],[[[-9.34452,38.81844],[-9.34474,38.81855],[-9.34499,38.81827],[-9.34626,38.81802],[-9.34671,38.81771],[-9.34648,38.81754],[-9.3456,38.81741],[-9.34564,38.81711],[-9.34511,38.81708],[-9.34464,38.8175],[-9.34452,38.81844]]],[[[-9.26693,38.78741],[-9.26673,38.78798],[-9.26708,38.78835],[-9.26684,38.78902],[-9.26707,38.78938],[-9.26771,38.78911],[-9.26827,38.78817],[-9.26693,38.78741]]],[[[-9.38293,38.91958],[-9.38337,38.91967],[-9.38349,38.91938],[-9.38281,38.91825],[-9.38228,38.91832],[-9.38163,38.9189],[-9.38159,38.91949],[-9.38182,38.9195],[-9.38206,38.91933],[-9.38202,38.9192],[-9.38228,38.91913],[-9.38223,38.91935],[-9.38293,38.91958]]],[[[-9.38953,38.8963],[-9.38904,38.89655],[-9.38861,38.89779],[-9.39044,38.89705],[-9.39047,38.89673],[-9.39023,38.89625],[-9.38953,38.8963]]],[[[-9.46191,38.79039],[-9.46245,38.79048],[-9.46243,38.78975],[-9.46187,38.78938],[-9.46125,38.78924],[-9.46094,38.78938],[-9.46038,38.79029],[-9.46191,38.79039]]],[[[-9.37851,38.76805],[-9.37795,38.76866],[-9.37784,38.76902],[-9.37841,38.76874],[-9.37941,38.76785],[-9.38041,38.7665],[-9.38045,38.76618],[-9.37988,38.7663],[-9.37851,38.76805]]],[[[-9.39143,38.89654],[-9.39163,38.89698],[-9.39147,38.89738],[-9.39206,38.89747],[-9.39262,38.8971],[-9.39293,38.8964],[-9.3927,38.89618],[-9.39138,38.89604],[-9.39089,38.89615],[-9.391,38.89647],[-9.39143,38.89654]]],[[[-9.27872,38.87091],[-9.27899,38.87149],[-9.2797,38.87217],[-9.28106,38.87299],[-9.28141,38.87284],[-9.28134,38.87251],[-9.28002,38.87151],[-9.27872,38.87091]]],[[[-9.29701,38.85835],[-9.29736,38.85826],[-9.29767,38.8579],[-9.29815,38.85545],[-9.29761,38.85588],[-9.29732,38.8564],[-9.29701,38.85835]]],[[[-9.27673,38.84805],[-9.27667,38.84847],[-9.276,38.8489],[-9.27696,38.8487],[-9.2775,38.84809],[-9.27813,38.84768],[-9.27649,38.84693],[-9.27626,38.84711],[-9.27627,38.84731],[-9.27673,38.84805]]],[[[-9.41594,38.76017],[-9.41674,38.76093],[-9.41717,38.76078],[-9.41738,38.76041],[-9.41716,38.75964],[-9.41627,38.75906],[-9.41602,38.75916],[-9.41626,38.76001],[-9.41588,38.76002],[-9.41594,38.76017]]],[[[-9.25797,38.82315],[-9.25805,38.82338],[-9.25846,38.82339],[-9.25797,38.82269],[-9.25726,38.82234],[-9.25619,38.82215],[-9.25546,38.82234],[-9.25561,38.82269],[-9.25646,38.82248],[-9.25674,38.82255],[-9.25656,38.82291],[-9.25661,38.82324],[-9.25797,38.82315]]],[[[-9.28708,38.74893],[-9.2872,38.75002],[-9.28699,38.75061],[-9.28784,38.75127],[-9.28877,38.75169],[-9.28734,38.74912],[-9.28708,38.74893]]],[[[-9.27558,38.78566],[-9.27585,38.78545],[-9.27623,38.78562],[-9.27651,38.78557],[-9.2776,38.78488],[-9.27767,38.78462],[-9.27743,38.78446],[-9.27702,38.7845],[-9.27654,38.78489],[-9.27583,38.78437],[-9.27552,38.78438],[-9.27558,38.78566]]],[[[-9.36085,38.84909],[-9.36189,38.84907],[-9.36217,38.8488],[-9.36119,38.84795],[-9.36041,38.84757],[-9.36028,38.8487],[-9.36085,38.84909]]],[[[-9.36593,38.90068],[-9.366,38.90085],[-9.36571,38.90144],[-9.36585,38.90173],[-9.36648,38.90076],[-9.36666,38.89969],[-9.36651,38.89926],[-9.36613,38.89931],[-9.36556,38.90001],[-9.36545,38.90059],[-9.36593,38.90068]]],[[[-9.35963,38.88951],[-9.35949,38.8902],[-9.35873,38.89055],[-9.35892,38.89139],[-9.35973,38.89126],[-9.36013,38.89081],[-9.36013,38.88977],[-9.35995,38.88952],[-9.35963,38.88951]]],[[[-9.38208,38.809],[-9.38196,38.80925],[-9.38322,38.8094],[-9.38342,38.80961],[-9.38417,38.80925],[-9.38476,38.80866],[-9.38448,38.80857],[-9.38373,38.80884],[-9.38272,38.80848],[-9.38208,38.809]]],[[[-9.28348,38.77133],[-9.2833,38.77155],[-9.28439,38.77152],[-9.28614,38.77048],[-9.28844,38.76996],[-9.28637,38.77004],[-9.2853,38.77044],[-9.28425,38.77127],[-9.28348,38.77133]]],[[[-9.33925,38.86224],[-9.33985,38.86269],[-9.34031,38.86267],[-9.34099,38.86211],[-9.34119,38.86144],[-9.34089,38.86119],[-9.34052,38.86123],[-9.34008,38.86169],[-9.34009,38.86212],[-9.33986,38.86212],[-9.3397,38.86175],[-9.33933,38.86197],[-9.33925,38.86224]]],[[[-9.28941,38.74889],[-9.28983,38.74952],[-9.2911,38.74782],[-9.29053,38.74755],[-9.28948,38.74821],[-9.28906,38.74816],[-9.28941,38.74889]]],[[[-9.43052,38.80902],[-9.43082,38.80816],[-9.432,38.80774],[-9.43202,38.80749],[-9.43029,38.80754],[-9.42944,38.80785],[-9.43052,38.80902]]],[[[-9.23387,38.84755],[-9.234,38.84805],[-9.23424,38.84822],[-9.2351,38.84812],[-9.23536,38.84783],[-9.23531,38.8473],[-9.2349,38.84676],[-9.23472,38.84682],[-9.23487,38.84724],[-9.23474,38.84734],[-9.2336,38.84681],[-9.23356,38.84715],[-9.23387,38.84755]]],[[[-9.48508,38.79215],[-9.48493,38.79246],[-9.48576,38.79352],[-9.48581,38.79379],[-9.48621,38.79383],[-9.48668,38.79359],[-9.48657,38.79281],[-9.48539,38.79217],[-9.48508,38.79215]]],[[[-9.44273,38.8204],[-9.44273,38.82084],[-9.44224,38.82125],[-9.44362,38.82117],[-9.44438,38.82046],[-9.44279,38.81999],[-9.44229,38.82012],[-9.44213,38.82046],[-9.44273,38.8204]]],[[[-9.3868,38.8324],[-9.38786,38.83271],[-9.38843,38.83259],[-9.38851,38.83233],[-9.38815,38.83132],[-9.38798,38.83149],[-9.38791,38.83208],[-9.38537,38.83176],[-9.38569,38.83206],[-9.3868,38.8324]]],[[[-9.32512,38.86987],[-9.32448,38.87056],[-9.32453,38.87153],[-9.32437,38.87247],[-9.32532,38.8719],[-9.32553,38.87161],[-9.32555,38.87132],[-9.32504,38.87064],[-9.32529,38.86993],[-9.32512,38.86987]]],[[[-9.43978,38.82078],[-9.4397,38.82142],[-9.44008,38.8217],[-9.44055,38.82095],[-9.44093,38.82069],[-9.44127,38.82087],[-9.44169,38.82057],[-9.4417,38.82033],[-9.4413,38.81997],[-9.44093,38.81996],[-9.43978,38.82078]]],[[[-9.36956,38.89116],[-9.37,38.89173],[-9.37063,38.89193],[-9.37091,38.89074],[-9.3705,38.8905],[-9.36963,38.89045],[-9.36939,38.89061],[-9.36956,38.89116]]],[[[-9.47542,38.78092],[-9.47474,38.78201],[-9.47542,38.78235],[-9.47501,38.78263],[-9.47516,38.78294],[-9.47583,38.78277],[-9.47631,38.78205],[-9.47624,38.78188],[-9.4757,38.78173],[-9.47564,38.78112],[-9.47542,38.78092]]],[[[-9.43369,38.8346],[-9.43316,38.83523],[-9.43325,38.83573],[-9.43433,38.83626],[-9.43488,38.83621],[-9.43492,38.83605],[-9.43401,38.83467],[-9.43369,38.8346]]],[[[-9.32207,38.76909],[-9.3234,38.77074],[-9.32371,38.77089],[-9.32373,38.77027],[-9.32351,38.76942],[-9.32274,38.76876],[-9.32207,38.76909]]],[[[-9.41906,38.91735],[-9.41947,38.91737],[-9.42087,38.91681],[-9.42114,38.91655],[-9.42063,38.91665],[-9.41981,38.91623],[-9.41897,38.91627],[-9.41874,38.91647],[-9.41906,38.91735]]],[[[-9.37983,38.90337],[-9.3802,38.90365],[-9.3814,38.90389],[-9.38212,38.90372],[-9.38244,38.90338],[-9.38223,38.90325],[-9.38133,38.90327],[-9.38024,38.90268],[-9.38001,38.90279],[-9.38011,38.90319],[-9.37983,38.90337]]],[[[-9.31369,38.87033],[-9.31361,38.87051],[-9.31422,38.87221],[-9.31453,38.87132],[-9.31509,38.87044],[-9.31513,38.87009],[-9.31491,38.8699],[-9.31444,38.87026],[-9.31369,38.87033]]],[[[-9.4189,38.84826],[-9.4191,38.84833],[-9.41907,38.84853],[-9.41797,38.84896],[-9.41913,38.8488],[-9.41967,38.84849],[-9.41981,38.84807],[-9.41951,38.84742],[-9.41909,38.84734],[-9.41865,38.84749],[-9.41811,38.84822],[-9.4189,38.84826]]],[[[-9.39469,38.92972],[-9.39547,38.92989],[-9.39584,38.92968],[-9.39584,38.9295],[-9.39537,38.92952],[-9.39487,38.92925],[-9.39499,38.92878],[-9.39546,38.92821],[-9.39449,38.92826],[-9.39399,38.92856],[-9.39405,38.92912],[-9.39469,38.92972]]],[[[-9.29933,38.78991],[-9.29894,38.7903],[-9.29936,38.79096],[-9.30215,38.79219],[-9.3027,38.7922],[-9.30009,38.791],[-9.29974,38.79063],[-9.29991,38.79009],[-9.29933,38.78991]]],[[[-9.30531,38.87295],[-9.30576,38.87394],[-9.30635,38.87411],[-9.30705,38.87386],[-9.30705,38.87368],[-9.30657,38.8732],[-9.30671,38.87263],[-9.30532,38.87283],[-9.30531,38.87295]]],[[[-9.38306,38.89056],[-9.38254,38.89078],[-9.38403,38.89201],[-9.38458,38.89209],[-9.38444,38.89118],[-9.38412,38.89109],[-9.38411,38.89088],[-9.38375,38.89063],[-9.38306,38.89056]]],[[[-9.32386,38.81869],[-9.32447,38.81921],[-9.32486,38.8193],[-9.32558,38.81917],[-9.32592,38.81871],[-9.32582,38.8185],[-9.32537,38.81832],[-9.32417,38.81846],[-9.32354,38.81774],[-9.32354,38.8182],[-9.32386,38.81869]]],[[[-9.29287,38.80058],[-9.29316,38.80097],[-9.29449,38.80167],[-9.29438,38.80057],[-9.29399,38.80017],[-9.29284,38.80007],[-9.29287,38.80058]]],[[[-9.40656,38.80981],[-9.40802,38.81139],[-9.40798,38.81088],[-9.40744,38.80975],[-9.40808,38.80901],[-9.40774,38.809],[-9.40663,38.80945],[-9.40618,38.81001],[-9.40656,38.80981]]],[[[-9.27255,38.80125],[-9.27275,38.80171],[-9.27323,38.80187],[-9.27375,38.80183],[-9.27421,38.80116],[-9.27427,38.80082],[-9.27403,38.80063],[-9.27337,38.8006],[-9.27255,38.80125]]],[[[-9.27458,38.77277],[-9.27643,38.77271],[-9.27701,38.77238],[-9.27673,38.77219],[-9.2756,38.77204],[-9.2738,38.77262],[-9.27458,38.77277]]],[[[-9.26363,38.82468],[-9.26425,38.82542],[-9.2647,38.82557],[-9.26503,38.82542],[-9.26443,38.82499],[-9.26481,38.82401],[-9.26469,38.8237],[-9.2642,38.82367],[-9.26385,38.82386],[-9.26363,38.82468]]],[[[-9.26599,38.74908],[-9.2661,38.74921],[-9.26696,38.7489],[-9.26759,38.74888],[-9.2678,38.74827],[-9.26859,38.74799],[-9.26629,38.74801],[-9.26633,38.74848],[-9.26599,38.74908]]],[[[-9.25628,38.85716],[-9.25795,38.85898],[-9.2579,38.85762],[-9.25697,38.8573],[-9.25626,38.85681],[-9.25582,38.85692],[-9.25566,38.85753],[-9.25604,38.85715],[-9.25628,38.85716]]],[[[-9.31058,38.85691],[-9.31051,38.85704],[-9.31099,38.85675],[-9.31147,38.85599],[-9.3105,38.85517],[-9.30966,38.85565],[-9.31076,38.85676],[-9.31058,38.85691]]],[[[-9.33502,38.86782],[-9.33524,38.86833],[-9.33564,38.86871],[-9.33619,38.86879],[-9.33659,38.8685],[-9.33651,38.868],[-9.33605,38.86759],[-9.33551,38.86753],[-9.33542,38.86717],[-9.335,38.86741],[-9.33502,38.86782]]],[[[-9.31644,38.85439],[-9.31572,38.85463],[-9.31503,38.85518],[-9.31471,38.85588],[-9.31455,38.85699],[-9.31497,38.85664],[-9.31559,38.8564],[-9.31543,38.85591],[-9.31555,38.85546],[-9.3166,38.85443],[-9.31644,38.85439]]],[[[-9.24154,38.80864],[-9.24308,38.80887],[-9.24369,38.80878],[-9.24389,38.80854],[-9.24369,38.80814],[-9.24325,38.80794],[-9.24328,38.80823],[-9.24306,38.80852],[-9.24285,38.80853],[-9.24251,38.80814],[-9.24259,38.80791],[-9.24238,38.80785],[-9.24149,38.80819],[-9.24138,38.80845],[-9.24154,38.80864]]],[[[-9.44372,38.86907],[-9.44471,38.8689],[-9.44489,38.86855],[-9.44479,38.86818],[-9.44402,38.86773],[-9.44333,38.86692],[-9.44331,38.8673],[-9.44379,38.86868],[-9.44372,38.86907]]],[[[-9.31415,38.8517],[-9.31506,38.85143],[-9.31518,38.85116],[-9.31463,38.85107],[-9.31365,38.85122],[-9.31236,38.8509],[-9.31203,38.851],[-9.31207,38.85129],[-9.31242,38.8516],[-9.31415,38.8517]]],[[[-9.27548,38.81384],[-9.27596,38.81437],[-9.27642,38.81424],[-9.27643,38.81332],[-9.27577,38.81218],[-9.27564,38.81248],[-9.27578,38.81332],[-9.27497,38.81318],[-9.27548,38.81384]]],[[[-9.35324,38.81137],[-9.35209,38.81204],[-9.35163,38.81258],[-9.35159,38.81292],[-9.35233,38.81299],[-9.35263,38.8128],[-9.3527,38.81247],[-9.35341,38.81225],[-9.35346,38.81149],[-9.35324,38.81137]]],[[[-9.46894,38.79779],[-9.46789,38.79811],[-9.47005,38.79941],[-9.47017,38.79921],[-9.47007,38.79891],[-9.46942,38.79799],[-9.46894,38.79779]]],[[[-9.29037,38.75243],[-9.29078,38.75536],[-9.29117,38.7563],[-9.29092,38.7545],[-9.29104,38.75335],[-9.29136,38.75249],[-9.29057,38.75228],[-9.29025,38.75232],[-9.29037,38.75243]]],[[[-9.38461,38.86494],[-9.38369,38.86564],[-9.38365,38.86627],[-9.38407,38.86681],[-9.38429,38.86679],[-9.38503,38.86546],[-9.38493,38.86508],[-9.38461,38.86494]]],[[[-9.25589,38.86376],[-9.25602,38.86446],[-9.25639,38.86383],[-9.25703,38.86353],[-9.25703,38.86314],[-9.25605,38.86277],[-9.25546,38.86282],[-9.2553,38.86305],[-9.25543,38.86369],[-9.25589,38.86376]]],[[[-9.26356,38.84502],[-9.26321,38.8461],[-9.26185,38.84696],[-9.26208,38.8473],[-9.26242,38.84743],[-9.26279,38.84735],[-9.26381,38.84615],[-9.26384,38.84551],[-9.26356,38.84502]]],[[[-9.3021,38.8045],[-9.30354,38.80527],[-9.3039,38.80532],[-9.30416,38.80511],[-9.30419,38.80449],[-9.30394,38.80401],[-9.30351,38.80422],[-9.30312,38.80406],[-9.30279,38.80445],[-9.3021,38.8045]]],[[[-9.25817,38.76412],[-9.25844,38.76181],[-9.25872,38.76137],[-9.25924,38.76115],[-9.2595,38.76062],[-9.25852,38.761],[-9.25794,38.76182],[-9.25784,38.76271],[-9.25817,38.76412]]],[[[-9.3514,38.81129],[-9.35216,38.81122],[-9.3534,38.81076],[-9.35363,38.8102],[-9.35353,38.80977],[-9.35297,38.80984],[-9.35245,38.81058],[-9.35155,38.81089],[-9.35132,38.81115],[-9.3514,38.81129]]],[[[-9.41574,38.91259],[-9.41574,38.9129],[-9.41656,38.91257],[-9.41735,38.91282],[-9.41773,38.91275],[-9.41644,38.91189],[-9.41528,38.91138],[-9.4152,38.91175],[-9.41571,38.91234],[-9.41574,38.91259]]],[[[-9.31289,38.83172],[-9.31301,38.83209],[-9.31338,38.83221],[-9.31445,38.83168],[-9.31493,38.83174],[-9.31516,38.83157],[-9.31453,38.83097],[-9.31423,38.83092],[-9.31289,38.83172]]],[[[-9.32286,38.77819],[-9.32177,38.77926],[-9.32032,38.78136],[-9.32094,38.78104],[-9.32183,38.77985],[-9.32261,38.77918],[-9.32304,38.77819],[-9.32286,38.77819]]],[[[-9.31607,38.83223],[-9.3163,38.83239],[-9.31668,38.83187],[-9.3174,38.83184],[-9.31778,38.83162],[-9.3181,38.83094],[-9.31802,38.83035],[-9.31791,38.83029],[-9.31783,38.83045],[-9.31772,38.83138],[-9.31731,38.83144],[-9.31659,38.83111],[-9.31584,38.83147],[-9.3158,38.83174],[-9.31607,38.83223]]],[[[-9.24566,38.81518],[-9.24585,38.81597],[-9.24644,38.81542],[-9.24657,38.81507],[-9.24618,38.81443],[-9.24486,38.814],[-9.24478,38.81414],[-9.24494,38.81443],[-9.24591,38.81493],[-9.2457,38.81488],[-9.24566,38.81518]]],[[[-9.41209,38.78301],[-9.41214,38.78356],[-9.41236,38.78363],[-9.41301,38.78321],[-9.41372,38.78299],[-9.41384,38.78274],[-9.41364,38.7824],[-9.41235,38.78195],[-9.41257,38.78254],[-9.41241,38.78279],[-9.41207,38.78282],[-9.41209,38.78301]]],[[[-9.42388,38.90186],[-9.42426,38.90174],[-9.42441,38.90151],[-9.42434,38.90132],[-9.42317,38.90112],[-9.42218,38.90055],[-9.42158,38.90072],[-9.42163,38.90089],[-9.42229,38.90124],[-9.42388,38.90186]]],[[[-9.29595,38.80439],[-9.29526,38.80504],[-9.29565,38.80575],[-9.29618,38.80568],[-9.29647,38.80547],[-9.29655,38.80448],[-9.29691,38.80431],[-9.29646,38.80407],[-9.29595,38.80439]]],[[[-9.39681,38.82021],[-9.39632,38.82137],[-9.39684,38.82117],[-9.39797,38.81988],[-9.39866,38.81936],[-9.39871,38.81914],[-9.39853,38.81899],[-9.39827,38.81907],[-9.39681,38.82021]]],[[[-9.29925,38.78573],[-9.30069,38.78561],[-9.30083,38.78547],[-9.30006,38.78492],[-9.29945,38.78421],[-9.29908,38.7842],[-9.29867,38.7845],[-9.29925,38.7849],[-9.29925,38.78573]]],[[[-9.42301,38.91625],[-9.42277,38.91664],[-9.42324,38.91657],[-9.42376,38.91625],[-9.42602,38.91597],[-9.4263,38.91567],[-9.42589,38.9155],[-9.42419,38.91575],[-9.42301,38.91625]]],[[[-9.33808,38.8647],[-9.33722,38.86509],[-9.33718,38.86554],[-9.3374,38.86603],[-9.3381,38.86604],[-9.33849,38.86584],[-9.33856,38.86503],[-9.33808,38.8647]]],[[[-9.35863,38.87312],[-9.35835,38.87339],[-9.35884,38.87383],[-9.35921,38.87503],[-9.35988,38.87537],[-9.3604,38.87528],[-9.36028,38.87507],[-9.35967,38.87488],[-9.3595,38.87468],[-9.35958,38.87394],[-9.35945,38.87352],[-9.35909,38.8732],[-9.35863,38.87312]]],[[[-9.36927,38.7534],[-9.36946,38.75324],[-9.36977,38.75213],[-9.3703,38.75121],[-9.37027,38.75097],[-9.36998,38.75083],[-9.36957,38.75098],[-9.36914,38.75169],[-9.36927,38.7534]]],[[[-9.26232,38.83829],[-9.26213,38.83881],[-9.26225,38.83932],[-9.26269,38.83888],[-9.26395,38.83817],[-9.26331,38.83769],[-9.26262,38.83758],[-9.26243,38.83765],[-9.26255,38.83798],[-9.26232,38.83829]]],[[[-9.36314,38.79295],[-9.3621,38.79495],[-9.36286,38.79497],[-9.36311,38.7943],[-9.36376,38.79352],[-9.36367,38.79323],[-9.36314,38.79295]]],[[[-9.32376,38.75852],[-9.32376,38.75935],[-9.32459,38.75849],[-9.32517,38.75861],[-9.32574,38.75835],[-9.32581,38.75814],[-9.3252,38.75785],[-9.32448,38.75783],[-9.32411,38.75802],[-9.32376,38.75852]]],[[[-9.46158,38.81921],[-9.46339,38.81846],[-9.46479,38.81824],[-9.46352,38.81816],[-9.46217,38.8185],[-9.46255,38.81797],[-9.46335,38.81745],[-9.46282,38.8175],[-9.46228,38.8178],[-9.46181,38.81832],[-9.4615,38.81886],[-9.46158,38.81921]]],[[[-9.40369,38.81333],[-9.40375,38.81355],[-9.40425,38.81394],[-9.40466,38.81377],[-9.40496,38.81333],[-9.40475,38.81272],[-9.4039,38.81191],[-9.40375,38.81204],[-9.4038,38.81257],[-9.40419,38.81325],[-9.40369,38.81333]]],[[[-9.39757,38.89377],[-9.39739,38.89374],[-9.3981,38.89408],[-9.39814,38.89454],[-9.39902,38.89457],[-9.39938,38.89449],[-9.39954,38.89428],[-9.39942,38.89398],[-9.39871,38.89346],[-9.39792,38.89347],[-9.39757,38.89377]]],[[[-9.30975,38.81072],[-9.30945,38.81096],[-9.3107,38.811],[-9.31145,38.8107],[-9.3114,38.81086],[-9.31194,38.8109],[-9.31234,38.81078],[-9.31252,38.8105],[-9.31202,38.81026],[-9.31108,38.81029],[-9.30975,38.81072]]],[[[-9.3156,38.8405],[-9.31642,38.84048],[-9.31869,38.83969],[-9.31804,38.83959],[-9.31613,38.83989],[-9.31561,38.84035],[-9.31428,38.83999],[-9.3156,38.8405]]],[[[-9.37034,38.87744],[-9.37085,38.87741],[-9.37129,38.87705],[-9.37123,38.87693],[-9.37089,38.877],[-9.37147,38.87639],[-9.37111,38.87592],[-9.37034,38.87603],[-9.37007,38.8768],[-9.37034,38.87744]]],[[[-9.34281,38.8174],[-9.34234,38.81795],[-9.34122,38.81827],[-9.34101,38.8186],[-9.34134,38.8188],[-9.34173,38.8188],[-9.3428,38.81854],[-9.34305,38.81832],[-9.34317,38.8178],[-9.34301,38.81742],[-9.34281,38.8174]]],[[[-9.41478,38.8032],[-9.41353,38.80465],[-9.41363,38.80519],[-9.41431,38.805],[-9.4149,38.80385],[-9.41554,38.80356],[-9.41478,38.8032]]],[[[-9.44865,38.80081],[-9.44897,38.80053],[-9.44864,38.80004],[-9.44746,38.79957],[-9.44688,38.79971],[-9.44746,38.80041],[-9.44865,38.80081]]],[[[-9.27959,38.78703],[-9.27981,38.78747],[-9.28102,38.78733],[-9.28136,38.78699],[-9.28085,38.78646],[-9.28024,38.78628],[-9.28004,38.78631],[-9.27986,38.78671],[-9.27956,38.78669],[-9.27959,38.78703]]],[[[-9.47312,38.80292],[-9.47373,38.80305],[-9.47398,38.80267],[-9.47363,38.80242],[-9.47264,38.80229],[-9.47165,38.80194],[-9.47129,38.802],[-9.47191,38.80266],[-9.47262,38.80293],[-9.47312,38.80292]]],[[[-9.40355,38.80824],[-9.40328,38.8086],[-9.4037,38.80931],[-9.4032,38.80992],[-9.40347,38.8101],[-9.40415,38.8099],[-9.4047,38.80931],[-9.40401,38.80867],[-9.40388,38.80827],[-9.40355,38.80824]]],[[[-9.43984,38.87649],[-9.43931,38.87684],[-9.4389,38.87818],[-9.43904,38.87834],[-9.43967,38.87835],[-9.43985,38.87776],[-9.44015,38.87741],[-9.44009,38.87706],[-9.44036,38.87665],[-9.43984,38.87649]]],[[[-9.29503,38.80209],[-9.29537,38.8014],[-9.29533,38.80072],[-9.2947,38.79974],[-9.29423,38.79966],[-9.29404,38.79999],[-9.29481,38.80091],[-9.2949,38.80194],[-9.29503,38.80209]]],[[[-9.25066,38.80707],[-9.25043,38.80803],[-9.25111,38.80815],[-9.25127,38.80795],[-9.25109,38.80705],[-9.25158,38.80642],[-9.25145,38.80592],[-9.2509,38.80582],[-9.25066,38.80707]]],[[[-9.27025,38.79509],[-9.27,38.79521],[-9.26981,38.79569],[-9.26994,38.79597],[-9.27045,38.79574],[-9.27096,38.79517],[-9.27193,38.79519],[-9.27224,38.795],[-9.27196,38.79471],[-9.27135,38.79457],[-9.27062,38.79477],[-9.27025,38.79509]]],[[[-9.39903,38.80983],[-9.39903,38.81021],[-9.39939,38.81034],[-9.40054,38.8085],[-9.40056,38.80805],[-9.39987,38.80832],[-9.39903,38.80983]]],[[[-9.40525,38.83809],[-9.40499,38.83822],[-9.40586,38.83893],[-9.40684,38.83955],[-9.40737,38.83957],[-9.4073,38.83883],[-9.4064,38.83865],[-9.40598,38.83815],[-9.40525,38.83809]]],[[[-9.31348,38.85516],[-9.31361,38.85588],[-9.31377,38.85604],[-9.31401,38.85552],[-9.31393,38.85513],[-9.31256,38.85413],[-9.31209,38.85414],[-9.3115,38.85463],[-9.31348,38.85516]]],[[[-9.31379,38.81585],[-9.31274,38.81623],[-9.31234,38.8169],[-9.31194,38.81711],[-9.31291,38.81719],[-9.31381,38.81664],[-9.3141,38.81596],[-9.31379,38.81585]]],[[[-9.32086,38.80913],[-9.32103,38.81105],[-9.32131,38.81129],[-9.32217,38.81034],[-9.32157,38.81006],[-9.3212,38.80921],[-9.32079,38.80873],[-9.32086,38.80913]]],[[[-9.37619,38.89749],[-9.37607,38.89809],[-9.37616,38.89853],[-9.37642,38.89893],[-9.37682,38.89893],[-9.37728,38.89825],[-9.37711,38.89741],[-9.37619,38.89749]]],[[[-9.2897,38.87288],[-9.28972,38.8731],[-9.2902,38.87294],[-9.29048,38.87258],[-9.29037,38.87218],[-9.28984,38.87154],[-9.28897,38.87222],[-9.28936,38.87283],[-9.2897,38.87288]]],[[[-9.38253,38.82446],[-9.38369,38.82436],[-9.38382,38.82411],[-9.38241,38.82342],[-9.3814,38.82374],[-9.38253,38.82446]]],[[[-9.32387,38.86033],[-9.32298,38.86157],[-9.32252,38.86258],[-9.32255,38.86332],[-9.32302,38.86374],[-9.32318,38.86359],[-9.32288,38.86312],[-9.32288,38.86276],[-9.32394,38.86085],[-9.324,38.86034],[-9.32387,38.86033]]],[[[-9.41815,38.83138],[-9.41907,38.83168],[-9.42023,38.83123],[-9.41936,38.83129],[-9.41886,38.83078],[-9.41849,38.83062],[-9.4177,38.83066],[-9.41734,38.83091],[-9.41815,38.83138]]],[[[-9.3633,38.75646],[-9.36279,38.75694],[-9.36238,38.75798],[-9.36229,38.7587],[-9.36246,38.75915],[-9.36334,38.75736],[-9.36344,38.75658],[-9.3633,38.75646]]],[[[-9.28996,38.81776],[-9.29058,38.81925],[-9.29075,38.81772],[-9.29095,38.81759],[-9.29126,38.81771],[-9.29133,38.81704],[-9.29091,38.81701],[-9.2901,38.81733],[-9.28996,38.81776]]],[[[-9.30135,38.82228],[-9.30168,38.82252],[-9.30213,38.82239],[-9.30253,38.82171],[-9.30251,38.82122],[-9.30155,38.82142],[-9.30064,38.82129],[-9.30036,38.8214],[-9.30155,38.82199],[-9.30155,38.82224],[-9.30135,38.82228]]],[[[-9.3852,38.82875],[-9.38568,38.82911],[-9.38574,38.82941],[-9.38677,38.82831],[-9.38632,38.82802],[-9.38583,38.82829],[-9.38555,38.82826],[-9.38496,38.82755],[-9.38484,38.82797],[-9.3852,38.82875]]],[[[-9.35942,38.80149],[-9.36189,38.80192],[-9.36283,38.8016],[-9.36322,38.80109],[-9.36213,38.80141],[-9.36049,38.80123],[-9.35942,38.80149]]],[[[-9.2759,38.8058],[-9.27446,38.80689],[-9.27502,38.80683],[-9.27628,38.80602],[-9.27631,38.80524],[-9.27595,38.80487],[-9.27553,38.80481],[-9.27539,38.805],[-9.2754,38.80576],[-9.2759,38.8058]]],[[[-9.3752,38.8949],[-9.37561,38.89521],[-9.37695,38.89512],[-9.37773,38.89441],[-9.37781,38.89417],[-9.37727,38.89416],[-9.37613,38.89472],[-9.37523,38.89463],[-9.3752,38.8949]]],[[[-9.2803,38.79825],[-9.28021,38.79857],[-9.28041,38.79972],[-9.28242,38.80025],[-9.28133,38.79937],[-9.28115,38.79896],[-9.2803,38.79825]]],[[[-9.40946,38.87527],[-9.40889,38.87566],[-9.40989,38.87616],[-9.41049,38.87694],[-9.41086,38.87684],[-9.41115,38.87633],[-9.41067,38.87618],[-9.41016,38.87555],[-9.40946,38.87527]]],[[[-9.37112,38.80707],[-9.37129,38.80748],[-9.3712,38.80793],[-9.37225,38.80811],[-9.37162,38.80693],[-9.37172,38.80674],[-9.37161,38.80652],[-9.37083,38.80639],[-9.37028,38.80666],[-9.37112,38.80707]]],[[[-9.24903,38.80381],[-9.24898,38.80404],[-9.24953,38.80406],[-9.25021,38.80368],[-9.25058,38.80374],[-9.25061,38.80349],[-9.24994,38.80324],[-9.24952,38.80243],[-9.24935,38.80239],[-9.24916,38.80272],[-9.24903,38.80381]]],[[[-9.2559,38.74609],[-9.25677,38.74657],[-9.25706,38.74645],[-9.25768,38.74586],[-9.25769,38.74545],[-9.25748,38.745],[-9.25739,38.74495],[-9.25715,38.74561],[-9.25654,38.74593],[-9.25601,38.74581],[-9.2551,38.74513],[-9.2559,38.74609]]],[[[-9.39057,38.79738],[-9.39003,38.79765],[-9.39049,38.79839],[-9.3913,38.79853],[-9.3917,38.79843],[-9.39175,38.79817],[-9.39145,38.79773],[-9.39098,38.79741],[-9.39057,38.79738]]],[[[-9.39137,38.88491],[-9.39156,38.88499],[-9.39184,38.88477],[-9.39264,38.88463],[-9.39333,38.88409],[-9.39336,38.88368],[-9.39202,38.88388],[-9.39155,38.88442],[-9.39137,38.88491]]],[[[-9.43125,38.83724],[-9.4329,38.83746],[-9.43379,38.83728],[-9.43289,38.83664],[-9.43238,38.8367],[-9.432,38.83657],[-9.43184,38.83664],[-9.43174,38.8371],[-9.43089,38.83702],[-9.43125,38.83724]]],[[[-9.25734,38.83017],[-9.25776,38.83014],[-9.25806,38.82988],[-9.25773,38.82932],[-9.25676,38.82931],[-9.25609,38.82977],[-9.25625,38.8301],[-9.25734,38.83017]]],[[[-9.37506,38.88486],[-9.37584,38.88493],[-9.37632,38.88466],[-9.37631,38.88392],[-9.37602,38.88311],[-9.37575,38.88314],[-9.37564,38.88345],[-9.37592,38.88461],[-9.37476,38.8844],[-9.37408,38.88452],[-9.37506,38.88486]]],[[[-9.25534,38.86158],[-9.25387,38.86209],[-9.25313,38.86274],[-9.25388,38.86282],[-9.25469,38.86265],[-9.25552,38.86169],[-9.25534,38.86158]]],[[[-9.29273,38.806],[-9.2938,38.80639],[-9.2954,38.80594],[-9.29519,38.80579],[-9.29407,38.80589],[-9.29246,38.80556],[-9.29172,38.80578],[-9.29273,38.806]]],[[[-9.29198,38.86419],[-9.29145,38.86524],[-9.29152,38.86571],[-9.29182,38.86538],[-9.29283,38.86511],[-9.29348,38.86465],[-9.29198,38.86419]]],[[[-9.30904,38.80726],[-9.30875,38.80764],[-9.30912,38.80837],[-9.31003,38.80829],[-9.31044,38.80797],[-9.31048,38.80771],[-9.31032,38.80753],[-9.30904,38.80726]]],[[[-9.34684,38.85032],[-9.34739,38.85015],[-9.34789,38.84962],[-9.34773,38.84935],[-9.3471,38.84944],[-9.34697,38.84931],[-9.34691,38.84873],[-9.34709,38.84804],[-9.34671,38.84856],[-9.34649,38.8494],[-9.34656,38.84995],[-9.34684,38.85032]]],[[[-9.27481,38.85757],[-9.27349,38.85774],[-9.27315,38.8579],[-9.27305,38.8582],[-9.27411,38.85854],[-9.27429,38.85871],[-9.27426,38.85895],[-9.27457,38.8589],[-9.27487,38.8585],[-9.27418,38.85792],[-9.27546,38.85765],[-9.27481,38.85757]]],[[[-9.4535,38.77196],[-9.45267,38.77225],[-9.45396,38.7725],[-9.45459,38.77281],[-9.45513,38.77166],[-9.455,38.77156],[-9.45417,38.7717],[-9.45407,38.77194],[-9.4535,38.77196]]],[[[-9.43947,38.87555],[-9.43974,38.876],[-9.4391,38.87656],[-9.44012,38.87615],[-9.44067,38.87569],[-9.44075,38.87514],[-9.44045,38.87462],[-9.44018,38.87448],[-9.43984,38.8746],[-9.43978,38.87487],[-9.4401,38.87545],[-9.43947,38.87555]]],[[[-9.40908,38.87311],[-9.40966,38.87348],[-9.41028,38.87275],[-9.41059,38.87281],[-9.40998,38.87238],[-9.4085,38.87216],[-9.40908,38.87311]]],[[[-9.24003,38.83377],[-9.24048,38.83418],[-9.24063,38.83409],[-9.24074,38.83364],[-9.24044,38.83301],[-9.23981,38.83285],[-9.23879,38.83293],[-9.23883,38.83325],[-9.23971,38.83349],[-9.24003,38.83377]]],[[[-9.27523,38.88367],[-9.27573,38.88504],[-9.27603,38.8841],[-9.27675,38.88373],[-9.27705,38.88326],[-9.27583,38.88343],[-9.27527,38.88323],[-9.27523,38.88367]]],[[[-9.41121,38.8379],[-9.41207,38.83792],[-9.41238,38.83759],[-9.41145,38.83712],[-9.41049,38.83763],[-9.40952,38.83764],[-9.41018,38.83795],[-9.41121,38.8379]]],[[[-9.27242,38.82937],[-9.27232,38.82951],[-9.27307,38.82961],[-9.27476,38.82931],[-9.27523,38.82893],[-9.27531,38.82852],[-9.27491,38.82826],[-9.2746,38.82879],[-9.27242,38.82937]]],[[[-9.2761,38.82727],[-9.27678,38.82721],[-9.27541,38.82639],[-9.27517,38.82591],[-9.27535,38.82562],[-9.27496,38.82561],[-9.27481,38.82624],[-9.27507,38.82706],[-9.27534,38.82727],[-9.27569,38.82709],[-9.2761,38.82727]]],[[[-9.39574,38.7587],[-9.39643,38.7589],[-9.39693,38.75877],[-9.39674,38.75835],[-9.39695,38.75743],[-9.39539,38.7582],[-9.39574,38.7587]]],[[[-9.28352,38.87248],[-9.28396,38.87417],[-9.28399,38.87493],[-9.28435,38.87439],[-9.28457,38.8733],[-9.28408,38.87261],[-9.28352,38.87248]]],[[[-9.25323,38.74244],[-9.25304,38.74317],[-9.25351,38.74356],[-9.25334,38.74391],[-9.25417,38.74448],[-9.25469,38.74458],[-9.25415,38.74356],[-9.25323,38.74244]]],[[[-9.355,38.81139],[-9.35419,38.81158],[-9.35423,38.81307],[-9.35525,38.81222],[-9.35511,38.81204],[-9.3555,38.81151],[-9.355,38.81139]]],[[[-9.28162,38.77781],[-9.28063,38.77886],[-9.28081,38.77964],[-9.28118,38.77955],[-9.28142,38.77897],[-9.28208,38.7784],[-9.28198,38.77795],[-9.28162,38.77781]]],[[[-9.25689,38.83818],[-9.25747,38.83827],[-9.25788,38.83796],[-9.25836,38.8369],[-9.25817,38.83648],[-9.2577,38.83629],[-9.25716,38.83629],[-9.25757,38.83664],[-9.2576,38.83686],[-9.25734,38.83784],[-9.25689,38.83818]]],[[[-9.42812,38.8592],[-9.42856,38.8593],[-9.42874,38.85912],[-9.4293,38.85907],[-9.43017,38.85928],[-9.43012,38.85846],[-9.42989,38.85832],[-9.42918,38.8584],[-9.42793,38.85894],[-9.42812,38.8592]]],[[[-9.34077,38.75273],[-9.34211,38.75291],[-9.34258,38.7528],[-9.34274,38.75257],[-9.34251,38.7525],[-9.34248,38.75217],[-9.34039,38.75219],[-9.34077,38.75273]]],[[[-9.25176,38.74275],[-9.25235,38.74321],[-9.2529,38.74304],[-9.25316,38.74259],[-9.25272,38.74226],[-9.25179,38.7421],[-9.25149,38.74226],[-9.25137,38.74286],[-9.25176,38.74275]]],[[[-9.34614,38.84524],[-9.34627,38.84531],[-9.34664,38.84508],[-9.34774,38.84522],[-9.34806,38.84487],[-9.3465,38.84442],[-9.34574,38.84442],[-9.34561,38.84472],[-9.34614,38.84524]]],[[[-9.3195,38.75879],[-9.31926,38.75913],[-9.32025,38.75901],[-9.3212,38.7586],[-9.3213,38.75841],[-9.32108,38.75813],[-9.32062,38.75806],[-9.31973,38.7584],[-9.31926,38.75876],[-9.3195,38.75879]]],[[[-9.37278,38.78359],[-9.37256,38.7841],[-9.37243,38.78559],[-9.37205,38.78615],[-9.37211,38.78628],[-9.37264,38.78589],[-9.37312,38.78449],[-9.37339,38.78417],[-9.37278,38.78359]]],[[[-9.33011,38.76762],[-9.33051,38.76753],[-9.33058,38.76731],[-9.33096,38.76709],[-9.33022,38.76622],[-9.32947,38.76696],[-9.32956,38.76752],[-9.33011,38.76762]]],[[[-9.28268,38.76001],[-9.28305,38.76021],[-9.28295,38.76045],[-9.28306,38.7605],[-9.28388,38.76024],[-9.28351,38.7599],[-9.28369,38.75987],[-9.28346,38.75953],[-9.28244,38.75881],[-9.2824,38.75949],[-9.28268,38.76001]]],[[[-9.30133,38.77398],[-9.30114,38.77472],[-9.30122,38.77499],[-9.30204,38.77401],[-9.30167,38.77348],[-9.30129,38.77352],[-9.29968,38.77447],[-9.30048,38.77442],[-9.30133,38.77398]]],[[[-9.41729,38.91239],[-9.41891,38.91256],[-9.41959,38.91247],[-9.4198,38.91228],[-9.41955,38.91198],[-9.41912,38.91221],[-9.41845,38.91226],[-9.4182,38.91218],[-9.41805,38.91185],[-9.41684,38.91174],[-9.41729,38.91239]]],[[[-9.38634,38.88857],[-9.38704,38.88876],[-9.38729,38.88918],[-9.38763,38.88876],[-9.38756,38.88847],[-9.387,38.88805],[-9.38683,38.8876],[-9.38601,38.88816],[-9.38577,38.88862],[-9.38634,38.88857]]],[[[-9.42568,38.80397],[-9.42549,38.80442],[-9.42575,38.80454],[-9.42641,38.80447],[-9.42687,38.80412],[-9.42675,38.80379],[-9.42628,38.80375],[-9.42606,38.80357],[-9.42603,38.80315],[-9.42531,38.80294],[-9.42568,38.80397]]],[[[-9.37248,38.88799],[-9.37329,38.88833],[-9.37317,38.88846],[-9.37384,38.88808],[-9.37242,38.88728],[-9.37178,38.88756],[-9.37146,38.88794],[-9.37157,38.88811],[-9.37248,38.88799]]],[[[-9.39441,38.91182],[-9.39359,38.91223],[-9.39341,38.91273],[-9.39446,38.91318],[-9.39492,38.91264],[-9.3947,38.91203],[-9.39441,38.91182]]],[[[-9.39074,38.79894],[-9.39073,38.79913],[-9.39109,38.79945],[-9.39313,38.80057],[-9.39239,38.79983],[-9.3917,38.79872],[-9.39137,38.79891],[-9.39074,38.79894]]],[[[-9.38981,38.91506],[-9.38983,38.91556],[-9.38898,38.91638],[-9.39067,38.91659],[-9.39037,38.91538],[-9.38981,38.91506]]],[[[-9.36022,38.8394],[-9.36044,38.83959],[-9.36117,38.83916],[-9.3614,38.83928],[-9.36148,38.83904],[-9.36128,38.83885],[-9.36039,38.83866],[-9.35968,38.83785],[-9.35946,38.83779],[-9.35941,38.83809],[-9.36022,38.8394]]],[[[-9.31916,38.81349],[-9.31816,38.81376],[-9.31799,38.81409],[-9.31868,38.81434],[-9.31976,38.814],[-9.31984,38.81334],[-9.31929,38.8132],[-9.31942,38.81345],[-9.31916,38.81349]]],[[[-9.38762,38.7726],[-9.38771,38.7722],[-9.38735,38.77199],[-9.38705,38.77111],[-9.38676,38.77109],[-9.38638,38.77178],[-9.38638,38.77229],[-9.38698,38.77258],[-9.38762,38.7726]]],[[[-9.25212,38.76663],[-9.25283,38.76687],[-9.25246,38.76608],[-9.2524,38.76496],[-9.25224,38.76468],[-9.25199,38.765],[-9.25157,38.76643],[-9.25167,38.7666],[-9.25212,38.76663]]],[[[-9.36826,38.80626],[-9.36762,38.80727],[-9.36882,38.80772],[-9.36944,38.8075],[-9.3695,38.80726],[-9.36926,38.80699],[-9.3683,38.80667],[-9.36826,38.80626]]],[[[-9.27655,38.808],[-9.27646,38.80808],[-9.27658,38.80839],[-9.27694,38.80896],[-9.27679,38.80987],[-9.27692,38.8101],[-9.2772,38.80985],[-9.27765,38.80857],[-9.27735,38.80823],[-9.27655,38.808]]],[[[-9.31951,38.80989],[-9.31929,38.81009],[-9.31929,38.81039],[-9.32006,38.8112],[-9.32078,38.81166],[-9.32127,38.81161],[-9.32092,38.81113],[-9.32018,38.8106],[-9.31994,38.80999],[-9.31951,38.80989]]],[[[-9.40718,38.86385],[-9.40668,38.86409],[-9.40661,38.86454],[-9.40734,38.86549],[-9.40793,38.86598],[-9.40803,38.86568],[-9.40745,38.86479],[-9.40749,38.864],[-9.40718,38.86385]]],[[[-9.26054,38.76414],[-9.26019,38.76538],[-9.26032,38.76575],[-9.26058,38.76588],[-9.261,38.76568],[-9.2611,38.76434],[-9.26095,38.76407],[-9.26054,38.76414]]],[[[-9.3298,38.85544],[-9.32961,38.85572],[-9.3302,38.85644],[-9.33085,38.85677],[-9.33206,38.85708],[-9.33151,38.85659],[-9.33073,38.85626],[-9.33076,38.85596],[-9.3306,38.8558],[-9.3298,38.85544]]],[[[-9.38518,38.87468],[-9.38552,38.87526],[-9.38577,38.87502],[-9.38632,38.87488],[-9.38653,38.87454],[-9.38644,38.87373],[-9.38625,38.87381],[-9.38607,38.87438],[-9.38533,38.87399],[-9.38499,38.874],[-9.38518,38.87468]]],[[[-9.3845,38.83597],[-9.38511,38.83625],[-9.3854,38.8362],[-9.38555,38.83555],[-9.385,38.83512],[-9.38436,38.83519],[-9.38406,38.83541],[-9.38401,38.83578],[-9.3845,38.83597]]],[[[-9.35323,38.88156],[-9.35322,38.88216],[-9.35384,38.8826],[-9.35393,38.88243],[-9.35377,38.88204],[-9.35388,38.8818],[-9.35419,38.88151],[-9.35467,38.88159],[-9.35477,38.88141],[-9.35453,38.8811],[-9.35394,38.88092],[-9.35323,38.88156]]],[[[-9.2861,38.7585],[-9.28531,38.75871],[-9.28623,38.75939],[-9.28615,38.76035],[-9.28674,38.76009],[-9.28706,38.75966],[-9.2864,38.7587],[-9.2861,38.7585]]],[[[-9.33543,38.77161],[-9.33565,38.77159],[-9.3351,38.77104],[-9.3345,38.77118],[-9.33405,38.7708],[-9.33354,38.77094],[-9.33326,38.77134],[-9.33331,38.77154],[-9.33356,38.77165],[-9.33543,38.77161]]],[[[-9.27435,38.86693],[-9.27342,38.86758],[-9.27343,38.86786],[-9.27373,38.86812],[-9.27487,38.86767],[-9.27528,38.86731],[-9.27485,38.867],[-9.27435,38.86693]]],[[[-9.39773,38.83293],[-9.39787,38.83341],[-9.39814,38.8337],[-9.39846,38.83375],[-9.39884,38.83359],[-9.3982,38.83254],[-9.3987,38.83241],[-9.39891,38.8325],[-9.39842,38.83208],[-9.39801,38.83197],[-9.39779,38.83211],[-9.39773,38.83293]]],[[[-9.34105,38.76941],[-9.34176,38.76927],[-9.34252,38.76878],[-9.34214,38.76869],[-9.34151,38.76881],[-9.34114,38.76838],[-9.34003,38.76935],[-9.34105,38.76941]]],[[[-9.4017,38.82888],[-9.40118,38.82911],[-9.40126,38.82956],[-9.40151,38.82977],[-9.40272,38.82951],[-9.40271,38.82885],[-9.4017,38.82888]]],[[[-9.26958,38.75332],[-9.27083,38.75411],[-9.27084,38.75473],[-9.27049,38.7553],[-9.27115,38.75514],[-9.27148,38.75447],[-9.27134,38.75387],[-9.27058,38.75347],[-9.26958,38.75332]]],[[[-9.30278,38.84201],[-9.30134,38.84334],[-9.30112,38.84368],[-9.30109,38.84406],[-9.30175,38.84392],[-9.30288,38.84228],[-9.30294,38.84209],[-9.30278,38.84201]]],[[[-9.46492,38.8211],[-9.46494,38.82135],[-9.46587,38.82278],[-9.46662,38.82333],[-9.4668,38.82364],[-9.46709,38.82369],[-9.46705,38.82323],[-9.46492,38.8211]]],[[[-9.47216,38.80861],[-9.47209,38.80922],[-9.4724,38.80979],[-9.47328,38.81058],[-9.47368,38.81059],[-9.47373,38.81045],[-9.47327,38.81],[-9.4728,38.80916],[-9.47216,38.80861]]],[[[-9.32669,38.77649],[-9.32706,38.77642],[-9.3273,38.77615],[-9.32814,38.77464],[-9.32807,38.77416],[-9.3278,38.77409],[-9.32749,38.77433],[-9.32755,38.77476],[-9.32669,38.77649]]],[[[-9.4268,38.88348],[-9.42662,38.88362],[-9.42644,38.88444],[-9.42614,38.88488],[-9.42659,38.88519],[-9.42676,38.88583],[-9.42698,38.88558],[-9.42713,38.88436],[-9.42703,38.88363],[-9.4268,38.88348]]],[[[-9.3258,38.76302],[-9.32518,38.76363],[-9.32539,38.76421],[-9.32535,38.76467],[-9.32658,38.76394],[-9.32617,38.76362],[-9.3261,38.76312],[-9.3258,38.76302]]],[[[-9.36158,38.75814],[-9.36074,38.75902],[-9.36084,38.75951],[-9.36169,38.75878],[-9.36186,38.75816],[-9.36168,38.75796],[-9.36123,38.75791],[-9.36027,38.75839],[-9.36052,38.75851],[-9.36158,38.75814]]],[[[-9.44135,38.86894],[-9.44116,38.86909],[-9.44126,38.8693],[-9.44266,38.87007],[-9.44302,38.87048],[-9.44363,38.87031],[-9.4428,38.86956],[-9.44183,38.86899],[-9.44135,38.86894]]],[[[-9.40059,38.82225],[-9.40021,38.82323],[-9.39994,38.82477],[-9.40044,38.82439],[-9.40085,38.82366],[-9.40091,38.82292],[-9.40059,38.82225]]],[[[-9.27177,38.87201],[-9.27172,38.87229],[-9.27221,38.87286],[-9.2716,38.87313],[-9.27261,38.87354],[-9.2735,38.87416],[-9.27348,38.87381],[-9.27321,38.87342],[-9.27177,38.87201]]],[[[-9.33204,38.76567],[-9.33176,38.76675],[-9.33195,38.76731],[-9.33246,38.76804],[-9.33215,38.76847],[-9.33255,38.76812],[-9.33265,38.76775],[-9.33234,38.76614],[-9.33204,38.76567]]],[[[-9.39364,38.75989],[-9.39267,38.76023],[-9.39209,38.76066],[-9.39198,38.76098],[-9.39254,38.76112],[-9.39331,38.76049],[-9.39428,38.76013],[-9.39409,38.75992],[-9.39364,38.75989]]],[[[-9.30726,38.78557],[-9.30787,38.7871],[-9.30796,38.78773],[-9.30783,38.78837],[-9.30714,38.78984],[-9.30797,38.78858],[-9.30826,38.78742],[-9.30791,38.78612],[-9.30726,38.78557]]],[[[-9.43161,38.83206],[-9.43012,38.83297],[-9.43079,38.83294],[-9.43279,38.83203],[-9.4331,38.83207],[-9.4327,38.83173],[-9.43161,38.83206]]],[[[-9.29328,38.79342],[-9.29292,38.79371],[-9.29284,38.79466],[-9.29245,38.79517],[-9.29255,38.79544],[-9.29278,38.79554],[-9.29322,38.79515],[-9.29357,38.79448],[-9.29332,38.7939],[-9.29352,38.79346],[-9.29328,38.79342]]],[[[-9.46228,38.79411],[-9.46152,38.79499],[-9.46151,38.79539],[-9.46298,38.79472],[-9.46327,38.79439],[-9.46313,38.79384],[-9.46271,38.79409],[-9.46228,38.79411]]],[[[-9.31872,38.84818],[-9.31807,38.84913],[-9.31739,38.84975],[-9.31739,38.84992],[-9.31791,38.85002],[-9.31861,38.84961],[-9.31901,38.84821],[-9.31892,38.84807],[-9.31872,38.84818]]],[[[-9.31678,38.77853],[-9.31662,38.77871],[-9.3168,38.77888],[-9.31591,38.77906],[-9.31617,38.77926],[-9.3163,38.77988],[-9.31708,38.77945],[-9.31765,38.77882],[-9.31748,38.77849],[-9.31678,38.77853]]],[[[-9.36163,38.8085],[-9.36201,38.80871],[-9.36295,38.80849],[-9.36319,38.80807],[-9.36357,38.808],[-9.36351,38.80754],[-9.3627,38.8077],[-9.36163,38.8085]]],[[[-9.47608,38.78426],[-9.47602,38.78503],[-9.47623,38.78545],[-9.47698,38.78411],[-9.47698,38.78347],[-9.47678,38.78342],[-9.47646,38.78361],[-9.47608,38.78426]]],[[[-9.2681,38.76789],[-9.26742,38.7682],[-9.2671,38.76865],[-9.26724,38.76967],[-9.26743,38.76981],[-9.26732,38.76993],[-9.26839,38.76795],[-9.2681,38.76789]]],[[[-9.38536,38.87177],[-9.38532,38.8719],[-9.38648,38.8722],[-9.38868,38.87259],[-9.38822,38.87272],[-9.38836,38.87283],[-9.38913,38.87291],[-9.3893,38.8728],[-9.38903,38.87246],[-9.38854,38.87226],[-9.38536,38.87177]]],[[[-9.39033,38.87502],[-9.39125,38.87514],[-9.39169,38.87476],[-9.39118,38.87424],[-9.39038,38.87405],[-9.39009,38.87424],[-9.39046,38.87443],[-9.39033,38.87502]]],[[[-9.44015,38.85562],[-9.44004,38.85581],[-9.44043,38.85587],[-9.44153,38.85559],[-9.44129,38.85539],[-9.43997,38.85516],[-9.43939,38.85528],[-9.43871,38.85571],[-9.44015,38.85562]]],[[[-9.32795,38.77107],[-9.32786,38.77127],[-9.32864,38.77159],[-9.32885,38.77186],[-9.3281,38.77288],[-9.32809,38.77326],[-9.32848,38.77313],[-9.32916,38.77234],[-9.32927,38.77199],[-9.32891,38.77138],[-9.32795,38.77107]]],[[[-9.31515,38.74759],[-9.31555,38.7475],[-9.31578,38.74723],[-9.31589,38.74612],[-9.31548,38.74541],[-9.31528,38.7456],[-9.31518,38.74607],[-9.31505,38.74754],[-9.31515,38.74759]]],[[[-9.29606,38.83504],[-9.29724,38.8348],[-9.29767,38.83446],[-9.29769,38.83424],[-9.29706,38.83461],[-9.29661,38.83464],[-9.29595,38.83435],[-9.29573,38.83376],[-9.29528,38.83459],[-9.29606,38.83504]]],[[[-9.36674,38.79187],[-9.36758,38.79204],[-9.36858,38.7917],[-9.36845,38.79156],[-9.36763,38.79175],[-9.3671,38.79161],[-9.367,38.79047],[-9.36633,38.79109],[-9.36674,38.79187]]],[[[-9.41208,38.81648],[-9.41263,38.81665],[-9.4131,38.81648],[-9.41322,38.81516],[-9.41237,38.81498],[-9.41231,38.81549],[-9.41264,38.81589],[-9.41239,38.81636],[-9.41208,38.81648]]],[[[-9.39897,38.83101],[-9.39851,38.83161],[-9.3994,38.83259],[-9.39986,38.83153],[-9.39897,38.83101]]],[[[-9.26875,38.84476],[-9.26916,38.84529],[-9.26937,38.84636],[-9.26943,38.84467],[-9.26909,38.84402],[-9.26864,38.84405],[-9.26797,38.84455],[-9.26812,38.84484],[-9.26851,38.84449],[-9.26875,38.84476]]],[[[-9.30175,38.76444],[-9.30032,38.76503],[-9.30024,38.76528],[-9.30052,38.76547],[-9.30143,38.76563],[-9.30198,38.7645],[-9.30175,38.76444]]],[[[-9.28235,38.87888],[-9.28223,38.87907],[-9.28285,38.87951],[-9.28176,38.88038],[-9.28285,38.88011],[-9.28363,38.87975],[-9.28384,38.87949],[-9.28235,38.87888]]],[[[-9.3098,38.78939],[-9.30934,38.78958],[-9.30922,38.79],[-9.31028,38.7903],[-9.31111,38.79007],[-9.31047,38.78946],[-9.3098,38.78939]]],[[[-9.26542,38.75629],[-9.26453,38.75681],[-9.2622,38.75862],[-9.26046,38.75957],[-9.26126,38.7594],[-9.2623,38.75888],[-9.26554,38.75628],[-9.26542,38.75629]]],[[[-9.45779,38.78767],[-9.45821,38.78771],[-9.45842,38.78749],[-9.45801,38.78728],[-9.45813,38.78645],[-9.45642,38.78726],[-9.45653,38.78755],[-9.45725,38.78735],[-9.45779,38.78767]]],[[[-9.38582,38.91416],[-9.38548,38.91427],[-9.387,38.9151],[-9.38822,38.91607],[-9.38866,38.91625],[-9.38811,38.91545],[-9.38663,38.91434],[-9.38582,38.91416]]],[[[-9.42969,38.82748],[-9.42956,38.82755],[-9.42981,38.82789],[-9.42961,38.82833],[-9.42844,38.82859],[-9.42974,38.82874],[-9.43071,38.8282],[-9.4306,38.82773],[-9.42969,38.82748]]],[[[-9.38605,38.76909],[-9.3858,38.76954],[-9.3859,38.77068],[-9.38606,38.77085],[-9.38652,38.77082],[-9.38677,38.77064],[-9.3865,38.77044],[-9.38657,38.76966],[-9.38641,38.7692],[-9.38656,38.76904],[-9.38605,38.76909]]],[[[-9.28144,38.86866],[-9.28159,38.8693],[-9.28204,38.86972],[-9.2823,38.86978],[-9.28208,38.86878],[-9.28257,38.86863],[-9.28263,38.86824],[-9.28208,38.86808],[-9.28158,38.86838],[-9.28144,38.86866]]],[[[-9.32022,38.84123],[-9.32139,38.84121],[-9.32228,38.84086],[-9.32074,38.84103],[-9.32061,38.84094],[-9.32071,38.84082],[-9.32191,38.84042],[-9.32146,38.84028],[-9.32067,38.84036],[-9.31997,38.84074],[-9.32022,38.84123]]],[[[-9.27796,38.83261],[-9.27852,38.83299],[-9.27864,38.83292],[-9.2783,38.83214],[-9.27841,38.83139],[-9.27727,38.8318],[-9.27749,38.83257],[-9.27796,38.83261]]],[[[-9.24831,38.8643],[-9.2479,38.86458],[-9.24845,38.86463],[-9.24887,38.86446],[-9.24861,38.86405],[-9.24789,38.86357],[-9.24733,38.86341],[-9.24689,38.8635],[-9.24749,38.86408],[-9.24831,38.8643]]],[[[-9.4647,38.80481],[-9.46543,38.8052],[-9.46642,38.80491],[-9.46555,38.8046],[-9.4651,38.80335],[-9.4647,38.80481]]],[[[-9.25156,38.81918],[-9.2522,38.81939],[-9.25256,38.81932],[-9.25279,38.81845],[-9.25258,38.81795],[-9.25213,38.81801],[-9.25153,38.81849],[-9.25147,38.81877],[-9.25239,38.81846],[-9.2521,38.81888],[-9.25152,38.81906],[-9.25156,38.81918]]],[[[-9.35717,38.86326],[-9.35718,38.86366],[-9.35806,38.86469],[-9.35836,38.86481],[-9.35872,38.86466],[-9.3588,38.86438],[-9.35836,38.86387],[-9.35717,38.86326]]],[[[-9.26335,38.77133],[-9.26359,38.77156],[-9.26469,38.77139],[-9.26571,38.77102],[-9.26636,38.77052],[-9.2638,38.77117],[-9.2634,38.77107],[-9.26335,38.77133]]],[[[-9.24501,38.78538],[-9.24623,38.7856],[-9.24664,38.78508],[-9.24665,38.78486],[-9.24623,38.78452],[-9.24546,38.78451],[-9.24535,38.78463],[-9.2458,38.78485],[-9.24583,38.78506],[-9.24555,38.78526],[-9.24492,38.78513],[-9.24501,38.78538]]],[[[-9.46785,38.80622],[-9.46765,38.80656],[-9.46773,38.80706],[-9.46844,38.80739],[-9.46884,38.80734],[-9.46879,38.80638],[-9.46785,38.80622]]],[[[-9.37654,38.85463],[-9.37616,38.85497],[-9.37664,38.85565],[-9.37745,38.85558],[-9.37791,38.85529],[-9.37788,38.85513],[-9.37654,38.85463]]],[[[-9.38887,38.89992],[-9.38977,38.89988],[-9.39069,38.89942],[-9.39111,38.89903],[-9.39041,38.89899],[-9.38914,38.89936],[-9.38893,38.89951],[-9.38887,38.89992]]],[[[-9.43318,38.82325],[-9.43271,38.82365],[-9.43278,38.82396],[-9.4331,38.82411],[-9.43319,38.82447],[-9.4335,38.82462],[-9.43407,38.82455],[-9.43417,38.82428],[-9.43367,38.82389],[-9.43354,38.82333],[-9.43318,38.82325]]],[[[-9.2883,38.86656],[-9.28716,38.8689],[-9.28784,38.8684],[-9.28863,38.86723],[-9.28872,38.867],[-9.28857,38.86666],[-9.2883,38.86656]]],[[[-9.23915,38.81271],[-9.23931,38.81304],[-9.24006,38.81318],[-9.24024,38.81304],[-9.24008,38.8127],[-9.24064,38.8124],[-9.24037,38.8122],[-9.23945,38.81209],[-9.23896,38.81229],[-9.23921,38.81254],[-9.23915,38.81271]]],[[[-9.4776,38.81165],[-9.47678,38.81239],[-9.47699,38.81266],[-9.47762,38.81294],[-9.47829,38.81192],[-9.4781,38.81173],[-9.4776,38.81165]]],[[[-9.41555,38.79921],[-9.4156,38.79944],[-9.41575,38.7985],[-9.4156,38.79814],[-9.41491,38.79817],[-9.41447,38.79844],[-9.4144,38.79865],[-9.41465,38.79899],[-9.41555,38.79921]]],[[[-9.25147,38.79476],[-9.25144,38.79504],[-9.25186,38.79561],[-9.25291,38.79606],[-9.25297,38.79633],[-9.25314,38.79587],[-9.25301,38.79555],[-9.25212,38.79498],[-9.25147,38.79476]]],[[[-9.25519,38.82938],[-9.2547,38.82958],[-9.25226,38.82983],[-9.25388,38.8302],[-9.25519,38.82989],[-9.25543,38.82959],[-9.25519,38.82938]]],[[[-9.26558,38.75142],[-9.26524,38.75177],[-9.26531,38.75238],[-9.26598,38.7536],[-9.26631,38.75385],[-9.2658,38.75146],[-9.26558,38.75142]]],[[[-9.46033,38.79156],[-9.46119,38.7919],[-9.46125,38.79176],[-9.46095,38.79118],[-9.46196,38.79099],[-9.46146,38.79073],[-9.46078,38.79079],[-9.46007,38.79127],[-9.45993,38.7917],[-9.46003,38.79179],[-9.46033,38.79156]]],[[[-9.37677,38.87445],[-9.37638,38.87557],[-9.37608,38.87582],[-9.37673,38.87543],[-9.37795,38.87394],[-9.37716,38.87402],[-9.37685,38.87373],[-9.37677,38.87445]]],[[[-9.28257,38.84717],[-9.28258,38.84729],[-9.28314,38.84743],[-9.28364,38.84713],[-9.28425,38.84714],[-9.28464,38.84691],[-9.28479,38.84652],[-9.28451,38.84633],[-9.28257,38.84717]]],[[[-9.43807,38.83349],[-9.43814,38.83378],[-9.43886,38.83387],[-9.43855,38.83396],[-9.43881,38.83404],[-9.4394,38.83385],[-9.43991,38.83337],[-9.43961,38.83309],[-9.4391,38.83303],[-9.43874,38.83317],[-9.43862,38.83343],[-9.43807,38.83349]]],[[[-9.3884,38.89117],[-9.38883,38.89146],[-9.38835,38.89201],[-9.38847,38.8924],[-9.38878,38.89248],[-9.38949,38.89158],[-9.38954,38.89123],[-9.38931,38.89106],[-9.3886,38.89108],[-9.38868,38.89094],[-9.3884,38.89117]]],[[[-9.47374,38.80432],[-9.47348,38.80449],[-9.47357,38.80505],[-9.47388,38.80555],[-9.47426,38.80557],[-9.47466,38.80512],[-9.47462,38.80473],[-9.47416,38.80434],[-9.47374,38.80432]]],[[[-9.32281,38.76441],[-9.32308,38.76486],[-9.32396,38.76498],[-9.32396,38.76444],[-9.32467,38.76391],[-9.32417,38.76376],[-9.32281,38.76441]]],[[[-9.31142,38.81667],[-9.31121,38.81694],[-9.31117,38.81775],[-9.31094,38.81804],[-9.31202,38.818],[-9.31276,38.81775],[-9.3125,38.81751],[-9.31172,38.81725],[-9.31142,38.81667]]],[[[-9.29,38.77952],[-9.29042,38.77934],[-9.29071,38.77874],[-9.29024,38.77744],[-9.2899,38.77761],[-9.2897,38.77816],[-9.2899,38.77853],[-9.29043,38.77886],[-9.29,38.77952]]],[[[-9.32121,38.87161],[-9.32209,38.87216],[-9.32246,38.87179],[-9.32251,38.87145],[-9.32238,38.87104],[-9.32211,38.87084],[-9.32194,38.87115],[-9.32101,38.87115],[-9.32121,38.87161]]],[[[-9.26306,38.85939],[-9.2648,38.85935],[-9.26508,38.85916],[-9.26414,38.85878],[-9.26358,38.85889],[-9.26346,38.85848],[-9.2632,38.85839],[-9.26299,38.85872],[-9.26306,38.85939]]],[[[-9.40555,38.85984],[-9.40631,38.8596],[-9.40545,38.85918],[-9.40498,38.85928],[-9.40452,38.8591],[-9.40398,38.8596],[-9.40438,38.85978],[-9.40555,38.85984]]],[[[-9.29183,38.83485],[-9.29221,38.83453],[-9.29245,38.83398],[-9.29234,38.83321],[-9.29211,38.833],[-9.2917,38.83306],[-9.29136,38.83332],[-9.29188,38.83379],[-9.29161,38.83467],[-9.29183,38.83485]]],[[[-9.42184,38.85677],[-9.42133,38.85775],[-9.42199,38.85767],[-9.42256,38.85676],[-9.42289,38.85695],[-9.4229,38.85735],[-9.42322,38.8571],[-9.42317,38.85679],[-9.42283,38.85656],[-9.42225,38.85655],[-9.42184,38.85677]]],[[[-9.42389,38.80303],[-9.42297,38.80345],[-9.42201,38.80424],[-9.4226,38.80439],[-9.42345,38.80395],[-9.42403,38.80314],[-9.42402,38.803],[-9.42389,38.80303]]],[[[-9.38576,38.77144],[-9.38596,38.77115],[-9.38534,38.7705],[-9.38522,38.77016],[-9.38464,38.77019],[-9.38447,38.77061],[-9.38514,38.77132],[-9.38576,38.77144]]],[[[-9.26429,38.78016],[-9.26416,38.78023],[-9.26388,38.78128],[-9.26384,38.78183],[-9.26449,38.78152],[-9.26498,38.78077],[-9.26496,38.78058],[-9.26429,38.78016]]],[[[-9.26345,38.84957],[-9.26406,38.84973],[-9.26396,38.8494],[-9.26277,38.84801],[-9.26237,38.84795],[-9.26229,38.84814],[-9.26243,38.84849],[-9.26345,38.84957]]],[[[-9.46453,38.83342],[-9.46388,38.83393],[-9.46359,38.83545],[-9.46341,38.83568],[-9.46396,38.83533],[-9.46398,38.83467],[-9.46451,38.83426],[-9.46488,38.83369],[-9.46485,38.83348],[-9.46453,38.83342]]],[[[-9.40208,38.78353],[-9.40105,38.78374],[-9.40118,38.78388],[-9.40078,38.78403],[-9.40261,38.78464],[-9.40236,38.78364],[-9.40208,38.78353]]],[[[-9.3594,38.81097],[-9.35919,38.81131],[-9.35926,38.8117],[-9.35849,38.8124],[-9.36049,38.81182],[-9.36008,38.81125],[-9.3594,38.81097]]],[[[-9.40251,38.86327],[-9.40259,38.86295],[-9.40243,38.86269],[-9.40207,38.86273],[-9.40187,38.86293],[-9.40013,38.86227],[-9.4003,38.86263],[-9.40094,38.86307],[-9.40251,38.86327]]],[[[-9.28051,38.77138],[-9.27851,38.77192],[-9.27989,38.77237],[-9.28067,38.77192],[-9.28047,38.77178],[-9.2807,38.77139],[-9.28051,38.77138]]],[[[-9.38711,38.90378],[-9.38701,38.90389],[-9.38738,38.90437],[-9.38823,38.90467],[-9.38957,38.90556],[-9.38929,38.90505],[-9.38863,38.90442],[-9.38765,38.90386],[-9.38711,38.90378]]],[[[-9.38416,38.91558],[-9.38487,38.916],[-9.38529,38.91606],[-9.38567,38.91597],[-9.38595,38.91556],[-9.38555,38.91536],[-9.3847,38.91533],[-9.38394,38.91494],[-9.38416,38.91558]]],[[[-9.24982,38.86395],[-9.2494,38.86448],[-9.24906,38.86533],[-9.24914,38.86551],[-9.24971,38.86546],[-9.2502,38.86511],[-9.24997,38.86403],[-9.24982,38.86395]]],[[[-9.36261,38.84057],[-9.36289,38.84038],[-9.36211,38.83964],[-9.36154,38.83956],[-9.36105,38.8399],[-9.3611,38.84022],[-9.36142,38.84013],[-9.36219,38.84055],[-9.36261,38.84057]]],[[[-9.41865,38.81547],[-9.41857,38.81626],[-9.41876,38.81675],[-9.4192,38.8158],[-9.41918,38.81529],[-9.41812,38.81551],[-9.41761,38.81597],[-9.41777,38.81618],[-9.41802,38.81614],[-9.41865,38.81547]]],[[[-9.41239,38.80116],[-9.41274,38.80138],[-9.41342,38.80141],[-9.41383,38.80128],[-9.41411,38.80095],[-9.41364,38.80101],[-9.41321,38.80077],[-9.41315,38.80049],[-9.41333,38.80012],[-9.41244,38.80074],[-9.41239,38.80116]]],[[[-9.39746,38.88705],[-9.39694,38.88764],[-9.39691,38.88808],[-9.39785,38.88787],[-9.39854,38.88735],[-9.39832,38.88708],[-9.39734,38.88701],[-9.39746,38.88705]]],[[[-9.47584,38.81105],[-9.47618,38.81219],[-9.47648,38.81239],[-9.47718,38.81157],[-9.47621,38.81114],[-9.47615,38.81089],[-9.47584,38.81105]]],[[[-9.278,38.76021],[-9.27815,38.76029],[-9.27827,38.75998],[-9.27801,38.75969],[-9.27683,38.75968],[-9.27582,38.75993],[-9.27603,38.76005],[-9.27587,38.76022],[-9.278,38.76021]]],[[[-9.32809,38.81695],[-9.32716,38.81762],[-9.32751,38.81774],[-9.32807,38.81765],[-9.32909,38.81705],[-9.32921,38.81673],[-9.32855,38.81668],[-9.32809,38.81695]]],[[[-9.25568,38.86025],[-9.25578,38.86027],[-9.25453,38.86068],[-9.25556,38.86053],[-9.25605,38.86009],[-9.25558,38.85982],[-9.25489,38.85975],[-9.25409,38.85987],[-9.25379,38.86015],[-9.25568,38.86025]]],[[[-9.36299,38.88994],[-9.36279,38.89025],[-9.36353,38.89013],[-9.3642,38.88968],[-9.36431,38.8892],[-9.3642,38.88863],[-9.36373,38.88893],[-9.36327,38.88986],[-9.36299,38.88994]]],[[[-9.39612,38.90204],[-9.39574,38.9023],[-9.39571,38.90288],[-9.39606,38.9032],[-9.39661,38.90322],[-9.39648,38.90297],[-9.39694,38.90204],[-9.39612,38.90204]]],[[[-9.33512,38.77331],[-9.33539,38.77368],[-9.33575,38.77381],[-9.33594,38.7732],[-9.33585,38.7727],[-9.33502,38.77234],[-9.3341,38.77216],[-9.33529,38.77291],[-9.33536,38.77309],[-9.33506,38.77305],[-9.33512,38.77331]]],[[[-9.34085,38.8593],[-9.34055,38.85951],[-9.33989,38.86075],[-9.34099,38.86026],[-9.34157,38.85976],[-9.34143,38.85945],[-9.34085,38.8593]]],[[[-9.24794,38.86509],[-9.24676,38.86575],[-9.24654,38.86619],[-9.2471,38.86635],[-9.24738,38.86601],[-9.24829,38.86577],[-9.24786,38.86559],[-9.24832,38.86512],[-9.24794,38.86509]]],[[[-9.25075,38.78248],[-9.25065,38.78287],[-9.25137,38.78278],[-9.251,38.78221],[-9.25034,38.78201],[-9.2498,38.78209],[-9.24956,38.78262],[-9.24997,38.78281],[-9.25075,38.78248]]],[[[-9.36953,38.77841],[-9.36976,38.77823],[-9.37049,38.77832],[-9.37061,38.7781],[-9.37011,38.77757],[-9.36925,38.77729],[-9.36914,38.77745],[-9.36923,38.77774],[-9.36904,38.77779],[-9.36953,38.77841]]],[[[-9.26559,38.78547],[-9.26644,38.78591],[-9.26708,38.78567],[-9.2674,38.78534],[-9.26589,38.78504],[-9.26564,38.78514],[-9.26559,38.78547]]],[[[-9.30088,38.78499],[-9.30155,38.78561],[-9.30252,38.78486],[-9.30142,38.78453],[-9.30128,38.78456],[-9.30127,38.78479],[-9.30035,38.78463],[-9.30088,38.78499]]],[[[-9.40513,38.89173],[-9.40503,38.89207],[-9.40557,38.892],[-9.4059,38.89167],[-9.40603,38.89093],[-9.40564,38.89062],[-9.40539,38.8907],[-9.40479,38.89171],[-9.40513,38.89173]]],[[[-9.35828,38.80426],[-9.35978,38.80473],[-9.35991,38.80491],[-9.36029,38.80475],[-9.36045,38.80441],[-9.3603,38.80418],[-9.35924,38.80405],[-9.35826,38.804],[-9.35814,38.8041],[-9.35828,38.80426]]],[[[-9.32611,38.79317],[-9.32501,38.79356],[-9.3248,38.79447],[-9.32585,38.79408],[-9.3263,38.79355],[-9.32625,38.79322],[-9.32611,38.79317]]],[[[-9.38973,38.88052],[-9.38994,38.88064],[-9.39039,38.88039],[-9.39072,38.88063],[-9.39174,38.88048],[-9.39188,38.88028],[-9.3913,38.87986],[-9.39093,38.87981],[-9.39033,38.88004],[-9.38973,38.88052]]],[[[-9.27074,38.83492],[-9.27004,38.83509],[-9.26976,38.83568],[-9.26927,38.83608],[-9.27095,38.83601],[-9.27055,38.83518],[-9.27102,38.83493],[-9.27074,38.83492]]],[[[-9.28942,38.7526],[-9.28974,38.75289],[-9.2904,38.7541],[-9.29036,38.7532],[-9.29009,38.75261],[-9.28932,38.75208],[-9.2885,38.75188],[-9.28887,38.75232],[-9.28942,38.7526]]],[[[-9.27229,38.82365],[-9.27228,38.82392],[-9.27272,38.8243],[-9.27311,38.82442],[-9.27342,38.82429],[-9.27285,38.82404],[-9.27235,38.823],[-9.27121,38.82271],[-9.27153,38.82318],[-9.27229,38.82365]]],[[[-9.27757,38.84079],[-9.27716,38.84143],[-9.2781,38.84101],[-9.27877,38.84037],[-9.27873,38.83969],[-9.27841,38.83967],[-9.27757,38.84079]]],[[[-9.31223,38.78496],[-9.31196,38.78515],[-9.31197,38.78547],[-9.31283,38.7862],[-9.31429,38.78671],[-9.31614,38.78697],[-9.31314,38.78609],[-9.31222,38.78552],[-9.31217,38.78531],[-9.31248,38.78511],[-9.31241,38.78496],[-9.31327,38.78526],[-9.31275,38.78498],[-9.31223,38.78496]]],[[[-9.29099,38.76542],[-9.29098,38.7657],[-9.29171,38.76637],[-9.29223,38.76653],[-9.2928,38.76645],[-9.29223,38.76604],[-9.29168,38.76534],[-9.29122,38.76529],[-9.29099,38.76542]]],[[[-9.26312,38.8684],[-9.26428,38.86888],[-9.26456,38.86879],[-9.26434,38.86837],[-9.26356,38.86796],[-9.26319,38.86789],[-9.26253,38.86808],[-9.26312,38.8684]]],[[[-9.38161,38.80698],[-9.38053,38.80789],[-9.38092,38.80841],[-9.38089,38.80875],[-9.38175,38.80781],[-9.38181,38.80705],[-9.38161,38.80698]]],[[[-9.25711,38.86113],[-9.25723,38.86139],[-9.25758,38.86153],[-9.25774,38.86091],[-9.2583,38.861],[-9.25849,38.86085],[-9.25851,38.86061],[-9.25812,38.86027],[-9.25771,38.86032],[-9.25719,38.86065],[-9.25711,38.86113]]],[[[-9.32895,38.87797],[-9.3286,38.87809],[-9.32852,38.87828],[-9.32899,38.87841],[-9.32882,38.8786],[-9.32906,38.87921],[-9.32951,38.87963],[-9.32965,38.87933],[-9.32961,38.87848],[-9.32933,38.87808],[-9.32895,38.87797]]],[[[-9.38823,38.89846],[-9.38829,38.89895],[-9.38869,38.89915],[-9.38932,38.8989],[-9.39,38.89836],[-9.38868,38.89842],[-9.38993,38.89826],[-9.38909,38.89822],[-9.38823,38.89846]]],[[[-9.26377,38.82921],[-9.26392,38.82933],[-9.26414,38.82906],[-9.26409,38.82858],[-9.26386,38.82839],[-9.263,38.82854],[-9.26261,38.8289],[-9.26271,38.82912],[-9.26377,38.82921]]],[[[-9.4527,38.79349],[-9.45305,38.79242],[-9.45258,38.79231],[-9.45233,38.79189],[-9.45201,38.7922],[-9.45195,38.7927],[-9.4527,38.79349]]],[[[-9.36204,38.74746],[-9.36249,38.74757],[-9.3631,38.74728],[-9.36342,38.7469],[-9.36197,38.74651],[-9.36174,38.74706],[-9.36204,38.74746]]],[[[-9.41648,38.80166],[-9.41601,38.8023],[-9.41587,38.80324],[-9.41722,38.80211],[-9.41704,38.80179],[-9.41648,38.80166]]],[[[-9.42332,38.83493],[-9.42376,38.83514],[-9.42361,38.83602],[-9.42393,38.83591],[-9.42434,38.83522],[-9.42433,38.83474],[-9.42396,38.83452],[-9.42326,38.83462],[-9.42255,38.83504],[-9.42332,38.83493]]],[[[-9.28808,38.79709],[-9.28798,38.7973],[-9.28851,38.79841],[-9.28826,38.79861],[-9.28873,38.7986],[-9.28904,38.79828],[-9.28874,38.79791],[-9.28912,38.79764],[-9.28914,38.79743],[-9.28866,38.79715],[-9.28808,38.79709]]],[[[-9.2604,38.76114],[-9.25939,38.76182],[-9.2591,38.76232],[-9.2591,38.76272],[-9.26059,38.76127],[-9.26111,38.76113],[-9.26095,38.76132],[-9.26107,38.76143],[-9.2616,38.76114],[-9.26106,38.76098],[-9.2604,38.76114]]],[[[-9.23823,38.8597],[-9.23792,38.85986],[-9.23885,38.8601],[-9.23835,38.86042],[-9.23789,38.86107],[-9.23833,38.86095],[-9.23892,38.86044],[-9.23953,38.86027],[-9.23936,38.85985],[-9.23823,38.8597]]],[[[-9.37686,38.77035],[-9.37641,38.77063],[-9.37635,38.77109],[-9.37744,38.77248],[-9.37747,38.77205],[-9.37691,38.77114],[-9.37716,38.7704],[-9.37686,38.77035]]],[[[-9.45918,38.7932],[-9.4599,38.79354],[-9.46061,38.79361],[-9.4613,38.79349],[-9.46171,38.79321],[-9.46136,38.79306],[-9.45927,38.793],[-9.45918,38.7932]]],[[[-9.4354,38.88718],[-9.43541,38.88751],[-9.43577,38.88776],[-9.43601,38.8862],[-9.43576,38.88575],[-9.43552,38.88582],[-9.43533,38.88619],[-9.43531,38.88668],[-9.43551,38.88715],[-9.4354,38.88718]]],[[[-9.25206,38.79224],[-9.25222,38.7925],[-9.25272,38.79274],[-9.25288,38.79321],[-9.25339,38.79273],[-9.25431,38.79225],[-9.25206,38.79224]]],[[[-9.40658,38.89024],[-9.40676,38.89045],[-9.40706,38.89022],[-9.40728,38.88946],[-9.40666,38.88931],[-9.40627,38.88949],[-9.40587,38.89014],[-9.40658,38.89024]]],[[[-9.31677,38.75438],[-9.31489,38.75564],[-9.31487,38.75583],[-9.31542,38.75645],[-9.3156,38.75566],[-9.31682,38.75472],[-9.31695,38.7545],[-9.31677,38.75438]]],[[[-9.28484,38.80357],[-9.2842,38.804],[-9.2839,38.8045],[-9.28398,38.80532],[-9.28429,38.80594],[-9.28464,38.80582],[-9.28435,38.80443],[-9.28484,38.80357]]],[[[-9.3036,38.7683],[-9.30219,38.76725],[-9.3018,38.76671],[-9.30158,38.76683],[-9.30154,38.76718],[-9.30136,38.76725],[-9.30159,38.76751],[-9.3036,38.7683]]],[[[-9.39825,38.87922],[-9.39911,38.87936],[-9.39887,38.87905],[-9.39941,38.87853],[-9.39926,38.87811],[-9.39891,38.87805],[-9.39849,38.87863],[-9.39815,38.87881],[-9.3981,38.87913],[-9.39825,38.87922]]],[[[-9.37658,38.79135],[-9.37692,38.7915],[-9.37826,38.79129],[-9.37874,38.79146],[-9.37939,38.79118],[-9.37782,38.79091],[-9.37674,38.79112],[-9.37658,38.79135]]],[[[-9.4643,38.80443],[-9.46352,38.80421],[-9.46341,38.80405],[-9.46349,38.80356],[-9.46302,38.80358],[-9.46288,38.8032],[-9.46263,38.80292],[-9.4625,38.80299],[-9.46236,38.80368],[-9.46257,38.804],[-9.46338,38.80439],[-9.4643,38.80443]]],[[[-9.38688,38.90179],[-9.3862,38.90192],[-9.38735,38.90248],[-9.38794,38.90217],[-9.38813,38.90178],[-9.38801,38.90156],[-9.38773,38.90149],[-9.38688,38.90179]]],[[[-9.31366,38.78266],[-9.31451,38.78306],[-9.31494,38.78412],[-9.31556,38.78355],[-9.31598,38.78338],[-9.31502,38.78293],[-9.31366,38.78266]]],[[[-9.29949,38.85201],[-9.29962,38.85216],[-9.29943,38.85265],[-9.29955,38.85277],[-9.30011,38.85211],[-9.30019,38.85156],[-9.29917,38.85135],[-9.29858,38.85143],[-9.29926,38.85201],[-9.29949,38.85201]]],[[[-9.25324,38.81584],[-9.25375,38.81615],[-9.25418,38.81593],[-9.25463,38.81537],[-9.25462,38.81491],[-9.25413,38.81544],[-9.25245,38.81537],[-9.25324,38.81584]]],[[[-9.38173,38.8165],[-9.38112,38.81774],[-9.38149,38.81751],[-9.38212,38.81667],[-9.38287,38.81553],[-9.38287,38.81527],[-9.38244,38.81545],[-9.38173,38.8165]]],[[[-9.30481,38.7574],[-9.30523,38.75697],[-9.30462,38.75662],[-9.30478,38.75519],[-9.30457,38.75482],[-9.30422,38.75464],[-9.30451,38.75532],[-9.3043,38.75687],[-9.30481,38.7574]]],[[[-9.37381,38.74966],[-9.37358,38.75008],[-9.37463,38.74969],[-9.3755,38.74839],[-9.37473,38.74856],[-9.37426,38.74944],[-9.37381,38.74966]]],[[[-9.27384,38.76592],[-9.27412,38.76588],[-9.27461,38.76528],[-9.27567,38.76445],[-9.27573,38.76413],[-9.27537,38.76396],[-9.275,38.76402],[-9.27479,38.76461],[-9.27384,38.76592]]],[[[-9.28155,38.78156],[-9.28311,38.78133],[-9.28317,38.78115],[-9.28275,38.78081],[-9.28198,38.78111],[-9.28085,38.78084],[-9.28098,38.7812],[-9.28155,38.78156]]],[[[-9.27785,38.78519],[-9.27775,38.78615],[-9.27704,38.78744],[-9.27712,38.78799],[-9.27813,38.78593],[-9.27811,38.78533],[-9.27785,38.78519]]],[[[-9.42922,38.79733],[-9.42968,38.79739],[-9.43002,38.79711],[-9.43135,38.79669],[-9.43156,38.79644],[-9.43134,38.79635],[-9.4299,38.79668],[-9.4289,38.79731],[-9.42922,38.79733]]],[[[-9.36408,38.85367],[-9.36461,38.85382],[-9.36476,38.85344],[-9.36433,38.85313],[-9.36364,38.85293],[-9.36321,38.85308],[-9.36294,38.85369],[-9.363,38.85379],[-9.36408,38.85367]]],[[[-9.3747,38.85876],[-9.37556,38.8587],[-9.37673,38.85832],[-9.37532,38.85847],[-9.37618,38.8579],[-9.37562,38.85792],[-9.37463,38.85826],[-9.3747,38.85876]]],[[[-9.46704,38.80161],[-9.4662,38.802],[-9.46686,38.80277],[-9.4673,38.80274],[-9.4675,38.80251],[-9.46722,38.80169],[-9.46704,38.80161]]],[[[-9.38489,38.83367],[-9.38459,38.83418],[-9.38466,38.83444],[-9.38548,38.83514],[-9.38564,38.8351],[-9.3859,38.83451],[-9.38489,38.83367]]],[[[-9.25252,38.82481],[-9.25201,38.82496],[-9.25207,38.82531],[-9.25309,38.82581],[-9.25337,38.82573],[-9.25335,38.82485],[-9.25252,38.82481]]],[[[-9.4657,38.79002],[-9.46513,38.79015],[-9.46577,38.79072],[-9.46574,38.79115],[-9.46624,38.79112],[-9.4667,38.79083],[-9.46612,38.79006],[-9.4657,38.79002]]],[[[-9.42355,38.80008],[-9.42333,38.80035],[-9.42348,38.80063],[-9.424,38.80076],[-9.4242,38.80121],[-9.42475,38.80159],[-9.42479,38.80122],[-9.42454,38.80061],[-9.42405,38.80014],[-9.42355,38.80008]]],[[[-9.40475,38.8929],[-9.40464,38.89297],[-9.40475,38.89316],[-9.40549,38.89369],[-9.40518,38.89405],[-9.40526,38.89413],[-9.40612,38.89393],[-9.40621,38.89356],[-9.4059,38.8932],[-9.40518,38.89291],[-9.40475,38.8929]]]]},"properties":{"AEREHS":1,"OBJECTID":1,"area_ha":9561.48619447,"Shape.STArea()":95614861.94469988,"Shape.STLength()":1367483.2094172202,"Descricao":"Áreas de elevado risco de erosão hídrica do solo"}}]}