{"type":"FeatureCollection","features":[{"type":"Feature","id":"CRUS_Moita_V.379810","properties":{"Area_Ha":15.7080645539957,"Autor":"DGT","Categoria":"Aglomerado Rural","Classe":"Solo Rústico","DTCC":"1506","Data_PublicacaoPDM":"2025-04-14T00:00:00","Designacao_PlantaOrdenamento":"Solo Rústico - Aglomerados Rurais","Escala_PlantaOrdenamento":"1/12000","Fonte":"CM - Vectorial e Raster","ID":379810,"Municipio":"MOITA"},"geometry":{"type":"Polygon","coordinates":[[[-9.00286718123484,38.6215686217701],[-9.00286704412601,38.6215683930826],[-9.00329160520505,38.6212208689465],[-9.0045807351574,38.6220969113684],[-9.00597642289553,38.620708741175],[-9.00597668043425,38.6207084843243],[-9.0045051562469,38.6202317424429],[-9.00576042139058,38.61921306451],[-9.00630532104409,38.6185126814269],[-9.0080985422371,38.6158529824085],[-9.00900219793585,38.6157565067719],[-9.00947366856887,38.615706169413],[-9.00990556326967,38.6156600551655],[-9.01018956179805,38.6156498328693],[-9.01044856187121,38.6156405125743],[-9.01040395016284,38.6160139927447],[-9.01040072712725,38.616336820736],[-9.01037988975804,38.6165687763517],[-9.01037291904941,38.6169910567125],[-9.01036202703897,38.6172718364491],[-9.01036524079946,38.6175356688543],[-9.01037891348753,38.6177769674189],[-9.01039995415768,38.617880828981],[-9.0103998353328,38.6178836106747],[-9.00934069344823,38.6180270445086],[-9.00804333938543,38.6182027247442],[-9.00849533517004,38.6185277110869],[-9.00881922974271,38.6197739019055],[-9.00592554952975,38.6213975182907],[-9.00500234725349,38.6219073151134],[-9.00463174309983,38.6221068321954],[-9.00354918880322,38.6227097267519],[-9.00286718123484,38.6215686217701]]]}},{"type":"Feature","id":"CRUS_Moita_V.379811","properties":{"Area_Ha":0.28427821428387,"Autor":"DGT","Categoria":"Espaço de Equipamentos e Infraestruturas","Classe":"Solo Rústico","DTCC":"1506","Data_PublicacaoPDM":"2025-04-14T00:00:00","Designacao_PlantaOrdenamento":"Solo Rústico - Espaços Equipamentos, Infraestruturas ou Outras Estruturas ou Ocupações - Equipamentos","Escala_PlantaOrdenamento":"1/12000","Fonte":"CM - Vectorial e Raster","ID":379811,"Municipio":"MOITA"},"geometry":{"type":"Polygon","coordinates":[[[-8.97660526625446,38.6805319500607],[-8.976606820346,38.680531100204],[-8.97718016846091,38.680257908923],[-8.97718242664577,38.6802568332802],[-8.97753211245874,38.6800887476073],[-8.97760970870118,38.6801775433638],[-8.97755521249659,38.6802579227832],[-8.97746875905471,38.6803548203301],[-8.97740553162314,38.6804610806332],[-8.97732766095393,38.6805636344092],[-8.97717579789857,38.6806848337373],[-8.97707526795839,38.6807227345033],[-8.97702798250633,38.6807364211301],[-8.97692573183288,38.6807314406473],[-8.9767803352956,38.6807098200285],[-8.97660526625446,38.6805319500607]]]}},{"type":"Feature","id":"CRUS_Moita_V.379812","properties":{"Area_Ha":1.63414589201021,"Autor":"DGT","Categoria":"Espaço de Equipamentos e Infraestruturas","Classe":"Solo Rústico","DTCC":"1506","Data_PublicacaoPDM":"2025-04-14T00:00:00","Designacao_PlantaOrdenamento":"Solo Rústico - Espaços Equipamentos, Infraestruturas ou Outras Estruturas ou Ocupações - Equipamentos","Escala_PlantaOrdenamento":"1/12000","Fonte":"CM - Vectorial e Raster","ID":379812,"Municipio":"MOITA"},"geometry":{"type":"Polygon","coordinates":[[[-8.9992381193413,38.6709996102667],[-9.00034855027484,38.6707889134693],[-9.00042455759235,38.671020520184],[-9.00080237996894,38.6722173380411],[-9.0002479673144,38.672324012661],[-8.99983998426968,38.6724011639374],[-8.99968357133399,38.6724292858157],[-8.99936532942345,38.671410147876],[-8.9992381193413,38.6709996102667]]]}},{"type":"Feature","id":"CRUS_Moita_V.379813","properties":{"Area_Ha":8.22714927619321,"Autor":"DGT","Categoria":"Espaço de Equipamentos e Infraestruturas","Classe":"Solo Rústico","DTCC":"1506","Data_PublicacaoPDM":"2025-04-14T00:00:00","Designacao_PlantaOrdenamento":"Solo Rústico - Espaços Equipamentos, Infraestruturas ou Outras Estruturas ou Ocupações - Equipamentos","Escala_PlantaOrdenamento":"1/12000","Fonte":"CM - Vectorial e Raster","ID":379813,"Municipio":"MOITA"},"geometry":{"type":"Polygon","coordinates":[[[-8.9994877151599,38.6353416227712],[-8.99949841626394,38.6335318077478],[-9.00413634289705,38.6344249866041],[-9.00409264576605,38.636400153403],[-9.00393210848126,38.6363073987034],[-9.00374301181106,38.6362262119151],[-9.00373911258206,38.6362250653786],[-9.00349104460716,38.6361530882037],[-9.00280919046633,38.6360148882866],[-8.9994900925151,38.6353420997093],[-8.9994877151599,38.6353416227712]]]}},{"type":"Feature","id":"CRUS_Moita_V.379814","properties":{"Area_Ha":0.338317668188491,"Autor":"DGT","Categoria":"Espaço de Equipamentos e Infraestruturas","Classe":"Solo Rústico","DTCC":"1506","Data_PublicacaoPDM":"2025-04-14T00:00:00","Designacao_PlantaOrdenamento":"Solo Rústico - Espaços Equipamentos, Infraestruturas ou Outras Estruturas ou Ocupações - Espaços Canais","Escala_PlantaOrdenamento":"1/12000","Fonte":"CM - Vectorial e Raster","ID":379814,"Municipio":"MOITA"},"geometry":{"type":"Polygon","coordinates":[[[-8.98433381601472,38.6605981150601],[-8.98449643343932,38.6602264400151],[-8.98450182813825,38.6602296049135],[-8.9845782709264,38.6602610216641],[-8.98468019465862,38.6602777769058],[-8.98485564960363,38.6602788612916],[-8.98494150712504,38.6602793908807],[-8.98506438429606,38.6602801498168],[-8.98527363373916,38.6602814423264],[-8.98539174782801,38.660293750619],[-8.98540121403632,38.6603544779183],[-8.98536070152448,38.6604612456385],[-8.9853582984217,38.6604675768951],[-8.98535200582776,38.6604810375423],[-8.98527068907577,38.6606549639294],[-8.98454148940635,38.6606377712464],[-8.98443343164104,38.6606275472345],[-8.98435493978161,38.6606043561489],[-8.98433381601472,38.6605981150601]]]}},{"type":"Feature","id":"CRUS_Moita_V.379815","properties":{"Area_Ha":2.36315514340859,"Autor":"DGT","Categoria":"Espaço de Equipamentos e Infraestruturas","Classe":"Solo Rústico","DTCC":"1506","Data_PublicacaoPDM":"2025-04-14T00:00:00","Designacao_PlantaOrdenamento":"Solo Rústico - Espaços Equipamentos, Infraestruturas ou Outras Estruturas ou Ocupações - Espaços Canais","Escala_PlantaOrdenamento":"1/12000","Fonte":"CM - Vectorial e Raster","ID":379815,"Municipio":"MOITA"},"geometry":{"type":"Polygon","coordinates":[[[-9.00315468254356,38.6064321543986],[-9.00316832092965,38.6064113279901],[-9.00419828934115,38.6052794713932],[-9.0046918157428,38.6048330126311],[-9.00506196101734,38.6045888209572],[-9.00966463316025,38.6018701701711],[-9.00979182859479,38.6018000222523],[-9.00979996009387,38.6017979957581],[-9.01030203730972,38.6016728783373],[-9.01098662203044,38.6015165980462],[-9.01157756533358,38.6013765197591],[-9.01244972941409,38.6012146536477],[-9.01243347234104,38.601321519466],[-9.01243259460056,38.6013578666654],[-9.011961701916,38.6014301299015],[-9.01176887082886,38.6014674897822],[-9.0107636186688,38.6017036131157],[-9.01019969281563,38.6018840745433],[-9.00993885744002,38.6020079408394],[-9.00955653779987,38.6022288981349],[-9.00919434335059,38.6024446967935],[-9.00715666806091,38.6036371757587],[-9.00644319263143,38.6040546941483],[-9.00536706772208,38.6047074118343],[-9.0049606771319,38.6049774026643],[-9.00482032294229,38.60508897897],[-9.00459649141385,38.6052683153333],[-9.00399701787862,38.6059055112502],[-9.00361809388805,38.6063511451744],[-9.00361031184471,38.6063602976736],[-9.00347877482787,38.6063602591151],[-9.003347085807,38.606411315645],[-9.0032799471552,38.6064373457726],[-9.00315468254356,38.6064321543986]]]}},{"type":"Feature","id":"CRUS_Moita_V.379816","properties":{"Area_Ha":0.858656664321758,"Autor":"DGT","Categoria":"Espaço de Equipamentos e Infraestruturas","Classe":"Solo Rústico","DTCC":"1506","Data_PublicacaoPDM":"2025-04-14T00:00:00","Designacao_PlantaOrdenamento":"Solo Rústico - Espaços Equipamentos, Infraestruturas ou Outras Estruturas ou Ocupações - Espaços Canais","Escala_PlantaOrdenamento":"1/12000","Fonte":"CM - Vectorial e Raster","ID":379816,"Municipio":"MOITA"},"geometry":{"type":"Polygon","coordinates":[[[-8.94995432023888,38.6366833781166],[-8.94995423847651,38.6366833588696],[-8.94995719445114,38.6366544951611],[-8.94995960243003,38.6366309806914],[-8.9497342970855,38.6366079344596],[-8.94973307525426,38.6366104805732],[-8.94972745745072,38.6366221807868],[-8.94833518257765,38.6362759625243],[-8.94720031076851,38.6359914394053],[-8.94727530483015,38.635856378651],[-8.94727590476235,38.6358552989071],[-8.94916656052293,38.6363208152004],[-8.95013162133699,38.6365397623273],[-8.95055505345741,38.6366351711695],[-8.95116323641904,38.6367720896635],[-8.95116927924793,38.636773449971],[-8.95138890639161,38.636829949634],[-8.95228481441495,38.6370636746783],[-8.95227386229963,38.6371962687528],[-8.95226638635721,38.6372546684207],[-8.95105528509829,38.6369473450721],[-8.94995432023888,38.6366833781166]]]}},{"type":"Feature","id":"CRUS_Moita_V.379817","properties":{"Area_Ha":0.911284890526184,"Autor":"DGT","Categoria":"Espaço de Equipamentos e Infraestruturas","Classe":"Solo Rústico","DTCC":"1506","Data_PublicacaoPDM":"2025-04-14T00:00:00","Designacao_PlantaOrdenamento":"Solo Rústico - Espaços Equipamentos, Infraestruturas ou Outras Estruturas ou Ocupações - Espaços Canais","Escala_PlantaOrdenamento":"1/12000","Fonte":"CM - Vectorial e Raster","ID":379817,"Municipio":"MOITA"},"geometry":{"type":"Polygon","coordinates":[[[-8.94610335316027,38.6378084631665],[-8.94618961823807,38.637843687098],[-8.94629038991169,38.6376486429933],[-8.946290423642,38.6376485788013],[-8.94703896500455,38.6379213824984],[-8.94779471312667,38.6380941348634],[-8.94928196211623,38.638434080209],[-8.9492819445584,38.6384341523964],[-8.94924059626411,38.6385957931917],[-8.94911591045439,38.6387031000684],[-8.94874717258322,38.6386181099978],[-8.94837843672281,38.6385331196468],[-8.94764988780912,38.6383660423902],[-8.94684315192511,38.6381810279189],[-8.94605616287883,38.6378858608933],[-8.94610335316027,38.6378084631665]]]}},{"type":"Feature","id":"CRUS_Moita_V.379818","properties":{"Area_Ha":5.84952510490469,"Autor":"DGT","Categoria":"Espaço de Equipamentos e Infraestruturas","Classe":"Solo Rústico","DTCC":"1506","Data_PublicacaoPDM":"2025-04-14T00:00:00","Designacao_PlantaOrdenamento":"Solo Rústico - Espaços Equipamentos, Infraestruturas ou Outras Estruturas ou Ocupações - Infraestruturas","Escala_PlantaOrdenamento":"1/12000","Fonte":"CM - Vectorial e Raster","ID":379818,"Municipio":"MOITA"},"geometry":{"type":"Polygon","coordinates":[[[-9.02015806316715,38.6678276705801],[-9.02028184194255,38.6676866659288],[-9.02028189294226,38.6676866087913],[-9.02049255510245,38.6674504110027],[-9.02133869163993,38.6678866318217],[-9.02175486538427,38.6681011827752],[-9.02357777789348,38.6662321376937],[-9.02377682329045,38.6663792851848],[-9.02382797193907,38.6664170978119],[-9.02398175607019,38.666285854246],[-9.02405623191636,38.6662222947141],[-9.02485121630172,38.6667112596887],[-9.02488393545965,38.6667315151917],[-9.02256658907283,38.6689910956806],[-9.02208379126975,38.6692968459158],[-9.02152589202476,38.6690392614553],[-9.02127912946208,38.6693680476286],[-9.02166536752812,38.6695607114402],[-9.02154734960628,38.6697031150369],[-9.02105918750489,38.6694560028127],[-9.02141860348551,38.6689827186796],[-9.01983610038693,38.6681944398403],[-9.02015806316715,38.6678276705801]]]}},{"type":"Feature","id":"CRUS_Moita_V.379819","properties":{"Area_Ha":0.911899890994467,"Autor":"DGT","Categoria":"Espaço de Equipamentos e Infraestruturas","Classe":"Solo Rústico","DTCC":"1506","Data_PublicacaoPDM":"2025-04-14T00:00:00","Designacao_PlantaOrdenamento":"Solo Rústico - Espaços Equipamentos, Infraestruturas ou Outras Estruturas ou Ocupações - Infraestruturas","Escala_PlantaOrdenamento":"1/12000","Fonte":"CM - Vectorial e Raster","ID":379819,"Municipio":"MOITA"},"geometry":{"type":"Polygon","coordinates":[[[-8.98979163434719,38.6311088147053],[-8.98973680102332,38.6306374999031],[-8.98973665661185,38.6306362695533],[-8.98968967261527,38.6302346667516],[-8.99064745053045,38.6301181569122],[-8.99081392297523,38.6310763351411],[-8.99076581818449,38.6311291518639],[-8.99074975353472,38.6311290029907],[-8.98979163434719,38.6311088147053]]]}},{"type":"Feature","id":"CRUS_Moita_V.379820","properties":{"Area_Ha":7.93192522692792,"Autor":"DGT","Categoria":"Espaço Central","Classe":"Solo Urbano","DTCC":"1506","Data_PublicacaoPDM":"2025-04-14T00:00:00","Designacao_PlantaOrdenamento":"Solo Urbano - Espaços Centrais - Núcleos Consolidados","Escala_PlantaOrdenamento":"1/12000","Fonte":"CM - Vectorial e Raster","ID":379820,"Municipio":"MOITA"},"geometry":{"type":"Polygon","coordinates":[[[-9.04089896852623,38.6479823850534],[-9.0409018595516,38.6482112120113],[-9.04089318493798,38.6489328966756],[-9.04086211562976,38.6490113213009],[-9.04081993819903,38.6490563248938],[-9.04072457969896,38.6491212876716],[-9.03997303747133,38.6494516438972],[-9.03985683601179,38.6495586513553],[-9.03982259063388,38.6496678150486],[-9.03982651188677,38.6510506921464],[-9.0398219935913,38.651052463032],[-9.03951609946063,38.651172353548],[-9.03899495434904,38.6513587427763],[-9.03658063825285,38.6522221879892],[-9.03528638452226,38.6526740443429],[-9.03501116394316,38.6527155003396],[-9.03472810207664,38.6527131875028],[-9.03433443720187,38.652666531037],[-9.0343342339219,38.652666506415],[-9.03433443644321,38.652666378807],[-9.03476353472729,38.6523960048483],[-9.0348069914974,38.6523686226255],[-9.03493742332926,38.6521887083722],[-9.03506785566319,38.6520087939669],[-9.03533987032849,38.6518707729328],[-9.03575819212123,38.651658512171],[-9.03575558428146,38.6516536445309],[-9.03566862958159,38.6514962027266],[-9.03567075477956,38.6514952900284],[-9.03568029643059,38.6514911898097],[-9.03592162254795,38.6513606394745],[-9.03691861323426,38.6508212874506],[-9.03702795345382,38.6507621353085],[-9.03797182182863,38.6501735162628],[-9.03820577774133,38.6500545061941],[-9.03874498362369,38.6497802167144],[-9.03948929094547,38.6489764985321],[-9.04010036404852,38.648324813275],[-9.04037800934924,38.6482057645781],[-9.04089896852623,38.6479823850534]]]}},{"type":"Feature","id":"CRUS_Moita_V.379821","properties":{"Area_Ha":59.2612865846162,"Autor":"DGT","Categoria":"Espaço de Uso Especial Equipamentos e Infraestruturas","Classe":"Solo Urbano","DTCC":"1506","Data_PublicacaoPDM":"2025-04-14T00:00:00","Designacao_PlantaOrdenamento":"Solo Urbano - Espaços de Uso Especial - Espaços Canais","Escala_PlantaOrdenamento":"1/12000","Fonte":"CM - Vectorial e Raster","ID":379821,"Municipio":"MOITA"},"geometry":{"type":"Polygon","coordinates":[[[-9.03433443720187,38.652666531037],[-9.03472810207664,38.6527131875028],[-9.03501116394316,38.6527155003396],[-9.03528638452226,38.6526740443429],[-9.03658063825285,38.6522221879892],[-9.03899495434904,38.6513587427763],[-9.03951609946063,38.651172353548],[-9.0398219935913,38.651052463032],[-9.03982651188677,38.6510506921464],[-9.03982259063388,38.6496678150486],[-9.03985683601179,38.6495586513553],[-9.03997303747133,38.6494516438972],[-9.04072457969896,38.6491212876716],[-9.04081993819903,38.6490563248938],[-9.04086211562976,38.6490113213009],[-9.04089318493798,38.6489328966756],[-9.0409018595516,38.6482112120113],[-9.04089896852623,38.6479823850534],[-9.04109440749914,38.6478985833024],[-9.04109437316893,38.6478981385714],[-9.04109166584019,38.6478502764186],[-9.04108872530042,38.6478491903529],[-9.04108313674283,38.647800754231],[-9.04107185004223,38.6477029333879],[-9.04091123700586,38.647771802801],[-9.04090788498882,38.6477357605768],[-9.04091503893581,38.6477255921282],[-9.04085926014756,38.6476151883507],[-9.04079652230342,38.6475519522663],[-9.04055492419794,38.6474263817684],[-9.04029364036364,38.6473094111806],[-9.03996665828194,38.6471662963325],[-9.03960851904495,38.6470082497584],[-9.03905745732737,38.6467597710187],[-9.03883318773829,38.6466586438815],[-9.03883377513909,38.646655309087],[-9.0387944215709,38.6466611580085],[-9.03879461207807,38.6466599937946],[-9.03882347029855,38.6464836639055],[-9.03861787651261,38.6463827016214],[-9.0385986910212,38.6464419699589],[-9.03858156544159,38.64654662832],[-9.03854639304967,38.6465354540406],[-9.03842545447257,38.6464791430198],[-9.03836949372921,38.6464530870289],[-9.03821174201934,38.6463318477927],[-9.03816681884426,38.6462537442674],[-9.0381218969166,38.6461756407137],[-9.03805626723937,38.6460039379508],[-9.03808799578805,38.6456959774936],[-9.03813000955961,38.6455296854276],[-9.03828965548696,38.6451471339931],[-9.03828509021341,38.6449252352526],[-9.03828098550885,38.6447257900134],[-9.03827314919556,38.6443449523677],[-9.03826598378116,38.6439967078481],[-9.03826222634867,38.6437414045539],[-9.03825528628081,38.6437065151133],[-9.0381892603721,38.6433745864544],[-9.03813892765721,38.6430922706966],[-9.03811251384011,38.6426412039281],[-9.03812231809719,38.6423287917743],[-9.038106211175,38.6416391163748],[-9.03810386720511,38.6415387757479],[-9.03810945515329,38.6412982435198],[-9.0381562433435,38.6411371507815],[-9.03817543484794,38.641098435206],[-9.03824193674696,38.6409642753354],[-9.03844502121964,38.6406640533872],[-9.03844799920492,38.6406596524242],[-9.03844843351675,38.6406590257055],[-9.03844937240379,38.6406576969573],[-9.03845126074047,38.6406550573952],[-9.03845734783639,38.6406465445136],[-9.03846464378684,38.6406363422733],[-9.03847199279448,38.6406260666567],[-9.03848111949028,38.6406133036687],[-9.03849954446749,38.6405875403515],[-9.03853334006988,38.6405402810444],[-9.03857508847514,38.6404819027806],[-9.03864960175333,38.6403777054199],[-9.038658252096,38.6403656099991],[-9.03866372740821,38.6403579540046],[-9.03867339692925,38.6403444310233],[-9.03868989168381,38.6403213652171],[-9.03871072513911,38.6402922331249],[-9.03873344460832,38.6402604623809],[-9.0387478907646,38.6402402625752],[-9.03876361118572,38.640218279216],[-9.03878342650628,38.6401905710594],[-9.03879015462865,38.6401811623005],[-9.0387980385198,38.6401701366547],[-9.03880496190679,38.6401604552405],[-9.03881225210807,38.6401502602291],[-9.03881928612277,38.6401404257214],[-9.03882564740857,38.6401315296566],[-9.03883415320875,38.6401196353206],[-9.03884223349176,38.6401083361078],[-9.03884982053051,38.6400977262267],[-9.03885037472246,38.6400969517469],[-9.03885141989324,38.6400954906549],[-9.03885486803662,38.6400906689681],[-9.03887065272043,38.640068595016],[-9.03889142734351,38.6400395453199],[-9.03894582883449,38.6399634708067],[-9.03893353824416,38.6399238773693],[-9.03893141583321,38.6399170431748],[-9.03892753022734,38.6399045385477],[-9.03892358113648,38.6398918263258],[-9.03892333458045,38.6398910355257],[-9.0389217592762,38.6398859662774],[-9.03892155934027,38.6398842256669],[-9.03891905214426,38.63986242576],[-9.03891849147889,38.6398580323669],[-9.03891412846004,38.6398273090334],[-9.0385879049012,38.6396653167356],[-9.03808213629785,38.6394327111669],[-9.03748886798513,38.6391691930955],[-9.03729288650711,38.6390821407638],[-9.03729145894825,38.6390815068203],[-9.03772081747505,38.638739831205],[-9.03772343501045,38.6387411126291],[-9.03778252653889,38.6387673852944],[-9.0380826509597,38.6389008199529],[-9.03922672361271,38.6394094626315],[-9.03931524361905,38.6393822410125],[-9.03940376229696,38.6393634004355],[-9.03948329191407,38.6393589261287],[-9.03956282147352,38.6393586423175],[-9.03964640903296,38.6393724147098],[-9.0397273147389,38.639390377657],[-9.03980820398918,38.6394257181223],[-9.03987836474421,38.63946315319],[-9.03994502617078,38.6395197448549],[-9.04000027329285,38.6395764150593],[-9.04004252981248,38.6396471610508],[-9.0400713770991,38.6397200017677],[-9.04008721936451,38.6398426840017],[-9.04184282038449,38.640617248362],[-9.04218540235071,38.6407658175011],[-9.04218555164693,38.6407655433969],[-9.04343866872456,38.6413220305892],[-9.04343876229685,38.6413220730997],[-9.04343866883202,38.6413222206583],[-9.04343808344685,38.6413230683675],[-9.04406201072723,38.6416027893771],[-9.04436205602963,38.6416720746361],[-9.04438442411715,38.6416772793485],[-9.04430175538769,38.6420539948475],[-9.04423480465482,38.6420365128263],[-9.04423481235196,38.6420364857422],[-9.04380747599932,38.6419178235641],[-9.04252683666339,38.6413452029772],[-9.04158647307281,38.6409380507253],[-9.04140487780929,38.6408473471583],[-9.03985147201263,38.6401733335667],[-9.03981950526292,38.6401960186082],[-9.0397857070579,38.6402105403205],[-9.03973655191024,38.6402297445234],[-9.03969342721263,38.6402433403968],[-9.03965912780211,38.6402522701513],[-9.03960324173754,38.6402637912392],[-9.03957892663721,38.6402992470997],[-9.03955658414395,38.6403318294136],[-9.03953312616019,38.640366035511],[-9.03951084970763,38.6403983930036],[-9.03892444658637,38.6412265516634],[-9.03887342928029,38.6413838571275],[-9.03886359099083,38.6414939315818],[-9.03888071547055,38.6415002550656],[-9.03891257736031,38.6429227036927],[-9.03888333019866,38.643166560185],[-9.03881358779165,38.6437480475642],[-9.03882973590676,38.6447156666128],[-9.03883327881492,38.6449279382365],[-9.03883475225662,38.6450162399611],[-9.03882625032779,38.6450174462073],[-9.03864891450166,38.6451904224795],[-9.03861548816152,38.6453408328274],[-9.03863982652123,38.6457419098387],[-9.03868096119064,38.6460425485552],[-9.03879566699342,38.6461697829085],[-9.03890772407471,38.6462192612564],[-9.03892772186997,38.6461574796372],[-9.03889002037116,38.6458750737516],[-9.03895198638643,38.6460078076649],[-9.03965318618425,38.6463260529078],[-9.0396531995695,38.6463260212759],[-9.04147894686507,38.6471728759989],[-9.04157005657691,38.6472879209581],[-9.04168831713228,38.6474647654484],[-9.04168888882304,38.6475099399614],[-9.0423830332078,38.6473155746763],[-9.0425083854351,38.6472396262686],[-9.0425087319431,38.647240867586],[-9.04238743369517,38.6473149333285],[-9.04169542353748,38.6475097513818],[-9.04146661385542,38.6475750828429],[-9.04144597713293,38.6475846628046],[-9.04144597825758,38.6476280554535],[-9.04144786470918,38.6477772779989],[-9.04166652103661,38.6477067419852],[-9.04166737778525,38.6477431523879],[-9.0416689599723,38.647968565533],[-9.04167054218325,38.6481939786693],[-9.04167112476871,38.6485404226379],[-9.04167104351822,38.648835031351],[-9.04167177919924,38.64904298083],[-9.04164887236184,38.6491893583925],[-9.04157476986484,38.6493236204874],[-9.04149655789147,38.6494326621992],[-9.04145513813125,38.6494626058921],[-9.04140730621398,38.6494971849044],[-9.04135947425066,38.6495317638976],[-9.04126929480099,38.6495730426091],[-9.04085023457755,38.6497648615709],[-9.04059960005046,38.6498795851588],[-9.04060081957567,38.650109833059],[-9.04060201348909,38.6503110877063],[-9.04060254597257,38.6504062877713],[-9.04060348533555,38.650574439008],[-9.04060372561989,38.6506173406454],[-9.04060442585931,38.6507425902308],[-9.04059123435802,38.6507479990253],[-9.04060694400912,38.6507552995323],[-9.0411837907765,38.6505241947048],[-9.04205817943197,38.6501427193988],[-9.04297349880791,38.6497681175343],[-9.04458436099222,38.6490761588938],[-9.04561393010222,38.6487739136274],[-9.04611906838607,38.6486409289311],[-9.04612466729326,38.6485634593603],[-9.04616903446877,38.6484289082143],[-9.04628625617098,38.6483299204049],[-9.04638389605847,38.6483448581076],[-9.04644198074356,38.6485480513523],[-9.04649119119412,38.6487630547888],[-9.0465002756206,38.6488151638939],[-9.0465027877909,38.6488295739193],[-9.0463516483869,38.6488146120173],[-9.04628557123005,38.6487944809734],[-9.04615308948508,38.6487284127057],[-9.04606766097454,38.6487394029293],[-9.0452215264782,38.6489731195778],[-9.04486756326098,38.6490894370045],[-9.04434900737073,38.6492833863371],[-9.04434812678827,38.6492830608001],[-9.0433548031215,38.6496980822938],[-9.04275413614142,38.6499486221827],[-9.04271965211846,38.6499630054199],[-9.04257624535626,38.6500208689941],[-9.04170735515978,38.6503999056078],[-9.04091866617948,38.6507404438269],[-9.03975444370597,38.6512068752805],[-9.03900205341455,38.6514629426821],[-9.03898147165782,38.6514712462901],[-9.0389776717561,38.6514639584855],[-9.03700356616068,38.6521824353504],[-9.03748471584037,38.6530564228577],[-9.03868599837459,38.655280536002],[-9.03869135833055,38.6552920194849],[-9.0395582016536,38.6550305503526],[-9.04093835643159,38.654594004838],[-9.04255463056287,38.6540910859785],[-9.04276597742177,38.6540173151339],[-9.04276638245172,38.6540135530617],[-9.04278513079266,38.6540106286024],[-9.04278513597681,38.6540106277937],[-9.04301464284798,38.6539748279097],[-9.04327095044324,38.6539580948894],[-9.04355760262174,38.6539795525003],[-9.0438270268147,38.6540367586111],[-9.04383162990315,38.6540801207673],[-9.04380191505058,38.654103888743],[-9.0436179734823,38.6540634778164],[-9.0432841334391,38.6540373089892],[-9.043010782412,38.6540472812134],[-9.04276460547241,38.6540962691826],[-9.042757227143,38.6540985909608],[-9.04237262416611,38.6542196151787],[-9.04153883391503,38.6544823813103],[-9.04041210452703,38.6548425586259],[-9.03892380860528,38.6553187270207],[-9.03873109793318,38.6553771022599],[-9.03873107440045,38.6553771093884],[-9.03795617184718,38.6556118359993],[-9.03686218073682,38.655949141989],[-9.03686160282972,38.6559493203092],[-9.03841038254656,38.6567241890452],[-9.03938489969276,38.6572113204432],[-9.03973454343273,38.6573860330615],[-9.03973757249247,38.6573875499565],[-9.04003546919172,38.6575373375671],[-9.04035945955441,38.6577002439965],[-9.04096926645267,38.6580068588518],[-9.04108587542062,38.6580646779654],[-9.0411688842661,38.6581058380334],[-9.0417215673215,38.6583781952472],[-9.04180232515132,38.6584179914154],[-9.04193525744348,38.6584827433516],[-9.04211785322534,38.6585709165049],[-9.04235126550189,38.6586836285815],[-9.04241066419345,38.6587123105047],[-9.04245078004935,38.6587316820794],[-9.04252059822218,38.6587653967986],[-9.04254884522157,38.6587790360274],[-9.04259311665104,38.658800413759],[-9.04262009912956,38.6588134439512],[-9.04264350752012,38.6588247471655],[-9.04267070269519,38.6588378792843],[-9.04275930930358,38.6588806656695],[-9.04281495968119,38.6589075370963],[-9.04282177034107,38.6589108261047],[-9.04283964446086,38.6589182006826],[-9.04286975696041,38.6589306308592],[-9.04293791253576,38.6589587597686],[-9.04296696137874,38.6589707477922],[-9.04317046067759,38.6590547336923],[-9.04329277621732,38.6591052141812],[-9.0433776168366,38.6591402284465],[-9.04345033000861,38.6591702375932],[-9.04349775684106,38.6591898104341],[-9.04353591024454,38.659205310844],[-9.0438330691918,38.6593195748585],[-9.04388124233666,38.659338098602],[-9.04432492601474,38.6594806423474],[-9.04435062848675,38.659488899747],[-9.04441158526647,38.6595068777794],[-9.04447073504269,38.6595243221715],[-9.04453074858391,38.6595420219365],[-9.04459098009022,38.6595597848297],[-9.0446531259182,38.6595781137906],[-9.0446911323137,38.6595893226418],[-9.04471324678121,38.659595844153],[-9.04477508591468,38.6596140817555],[-9.04485938437427,38.6596389426136],[-9.0448997859979,38.6596508587726],[-9.04497558330095,38.6596732122227],[-9.04502619755919,38.65968479109],[-9.04528293655376,38.6597435221644],[-9.04534411899248,38.6597575182026],[-9.04558444521318,38.6598124941582],[-9.04603471826371,38.6598893457017],[-9.04629925374322,38.659934495341],[-9.04692554959874,38.6600292714353],[-9.04706415766417,38.6600502472976],[-9.04718960659838,38.6600692332702],[-9.04801591384059,38.6601942881232],[-9.04891843095434,38.6603308688426],[-9.04949641634051,38.6604163554839],[-9.04949656482946,38.6604163777414],[-9.04993625976582,38.6604814092086],[-9.05019207037641,38.660519242638],[-9.05057217074626,38.660575457089],[-9.0505720616757,38.6605763632507],[-9.05055971423102,38.6606792506321],[-9.0505501857875,38.6607431228786],[-9.05042644852798,38.6607223930543],[-9.04957079828311,38.6605923209202],[-9.04950583450704,38.660582201352],[-9.04934075249393,38.6605554769708],[-9.04907694708736,38.660512769692],[-9.04906595261726,38.6605109902292],[-9.04838467096076,38.6604146462358],[-9.04728314598702,38.6602491914704],[-9.04648834910572,38.6601298027495],[-9.04643829733933,38.6601213062752],[-9.04636496747503,38.6601088586538],[-9.04599534076229,38.6600433713784],[-9.0459656101456,38.6600380247452],[-9.04570276624865,38.6599907514751],[-9.04538661585384,38.6599243414725],[-9.04527510706663,38.6599006606653],[-9.04525934140447,38.65989742272],[-9.04490584585742,38.6598156358833],[-9.04442046908659,38.6596797257328],[-9.04431327013691,38.659648590514],[-9.04395903093706,38.6595442847272],[-9.04380377008134,38.659488599894],[-9.04353763466812,38.659391148334],[-9.04329668162701,38.6592937695462],[-9.04315580379708,38.6592353136525],[-9.04282632535935,38.6590980675782],[-9.04243703859881,38.6589226510155],[-9.0423280071747,38.6588682757866],[-9.04175312593661,38.6585815711897],[-9.04029510006467,38.6578520105417],[-9.04014325789757,38.6577757532755],[-9.04014310949496,38.6577758282921],[-9.03697694127627,38.6561892066846],[-9.03662810956677,38.6560152208203],[-9.03576700111617,38.6562746788443],[-9.03577882199645,38.6562975283862],[-9.0357889343566,38.6563706982895],[-9.03578066288277,38.6564440109648],[-9.03576714739011,38.6564657291465],[-9.03590308580965,38.6565304422819],[-9.03652303766905,38.6568605483096],[-9.03714030871755,38.6571707792862],[-9.03807983876061,38.6575538086602],[-9.03965575361761,38.6580244565185],[-9.03965152207769,38.65802661521],[-9.04061303973117,38.6583881163329],[-9.04101245621488,38.6585424815884],[-9.04135466682337,38.6586630582735],[-9.04200856209267,38.6589078697775],[-9.04257621678694,38.6591131507644],[-9.04289659613335,38.6592338926485],[-9.04329597878722,38.6593848281539],[-9.04399814583802,38.6596463680509],[-9.04470148885088,38.6599084647405],[-9.04499519226917,38.6599917542824],[-9.04545075173764,38.6600943171957],[-9.04615691838913,38.6602262450203],[-9.04683111369447,38.6603476339224],[-9.04775211291096,38.6605223561499],[-9.04866289751316,38.6607000768607],[-9.04945629277661,38.6608344726942],[-9.04985962778286,38.6609511214949],[-9.05029449923607,38.6611428331613],[-9.05045052124384,38.661241118496],[-9.05049075409276,38.6612641571392],[-9.05049982298392,38.6611938829036],[-9.05050628844554,38.6611918630394],[-9.05060175268306,38.6613622648179],[-9.05062320285598,38.6613954244284],[-9.05062514096065,38.6614119848826],[-9.0505638279981,38.6614754206742],[-9.05038910297729,38.6613229761843],[-9.05016472913126,38.6612015801792],[-9.04980094033293,38.6610325871111],[-9.0493756812648,38.6609127638133],[-9.04853371186256,38.660770424369],[-9.0470177965079,38.6604844145038],[-9.04592308912498,38.6602867490943],[-9.04513581132509,38.6601353660299],[-9.04482795184306,38.6600547077817],[-9.04381523177105,38.6596959949117],[-9.04218558430298,38.6590785741382],[-9.04110306146976,38.6586860111074],[-9.03956520174706,38.6581022099377],[-9.03942307321701,38.6580819527745],[-9.03942422781553,38.6580754192499],[-9.03879000074317,38.6578830478057],[-9.03840478572095,38.6577781713235],[-9.03802660020828,38.6576562076951],[-9.03753884988097,38.6574612908623],[-9.03708007052002,38.6572661480827],[-9.03647015634969,38.6569628979552],[-9.03646658008268,38.656963539923],[-9.03584178027192,38.6566241549096],[-9.0356932458477,38.656559330816],[-9.03561579844115,38.6566140847195],[-9.03552576239255,38.6566423989225],[-9.03543093444087,38.6566551390967],[-9.03533886880065,38.6566438424643],[-9.03525114311181,38.6566120982763],[-9.03518785215682,38.6565741617246],[-9.03512585154503,38.6565170028486],[-9.03508974272551,38.6564476356697],[-9.03507509533338,38.6563793037591],[-9.0350951532004,38.6562923431471],[-9.03456588530751,38.6560737275239],[-9.03349730357811,38.6556864051278],[-9.03278181123512,38.6554403772684],[-9.03278141540335,38.6554393155627],[-9.03258913816941,38.6553711369395],[-9.03245871934698,38.6552842996748],[-9.03237297483957,38.6552015660841],[-9.03237195339896,38.6552016451004],[-9.03233042070908,38.6551471387647],[-9.03227313699592,38.6550182065615],[-9.03224492548997,38.6548980588957],[-9.03223939136004,38.654732714721],[-9.03225123525492,38.6545735515957],[-9.0322549182292,38.6543666121962],[-9.03224460793301,38.654239344777],[-9.03219674452667,38.6540756285145],[-9.03212191025203,38.6539645625374],[-9.03201553850031,38.6538621046426],[-9.03188991495536,38.6537828281388],[-9.03115755541534,38.6534151553436],[-9.03025212046055,38.65299046578],[-9.02999348767658,38.6529144043416],[-9.02973419738062,38.6528835119007],[-9.02948295440097,38.652890323443],[-9.02915143025473,38.6529235034508],[-9.02894466151112,38.6529399225282],[-9.02874681006277,38.6529172834421],[-9.02828795811277,38.6528565126879],[-9.02828166633323,38.6528556798514],[-9.02827537454262,38.6528548461138],[-9.02827567313031,38.6528563157434],[-9.02827072393171,38.6528568418546],[-9.02826979675858,38.6528526782251],[-9.02816975706235,38.6528426142902],[-9.02789437426851,38.6528149090427],[-9.02741826354996,38.6527946022162],[-9.0273833837219,38.6527982910405],[-9.02637349174616,38.6529684657961],[-9.02637417751672,38.6529688325914],[-9.0263733206182,38.6529690238001],[-9.0245275067134,38.653263063274],[-9.02442233717749,38.6532667688956],[-9.02430767423299,38.6532636141597],[-9.02414746342066,38.6532625547447],[-9.02414741443992,38.6532624028818],[-9.02371361890399,38.6532289320796],[-9.02268163283612,38.6531531694877],[-9.02121700106361,38.6530392995521],[-9.02054282277322,38.652984688416],[-9.02046546099285,38.6529775527104],[-9.02046555351741,38.652977882604],[-9.01796564294592,38.6527823701464],[-9.01796542182922,38.6527831654284],[-9.01796318037215,38.6527805322156],[-9.01796675211391,38.6527661724869],[-9.01797317413383,38.6527155995501],[-9.0179724912603,38.6526804480944],[-9.0179761067192,38.6526802874253],[-9.01958060185726,38.6527988492482],[-9.01958225806241,38.6527987313026],[-9.02129584838289,38.6529285738802],[-9.02129618988874,38.6529286001128],[-9.02129606166831,38.6529284497512],[-9.02129721822722,38.6529277788777],[-9.02248778877881,38.6530196326891],[-9.023457400542,38.6530987282408],[-9.02431358115524,38.6531557878752],[-9.02458553661194,38.6531476720451],[-9.02478604507846,38.6531196690936],[-9.02479023194762,38.653127237266],[-9.02611558096807,38.6528977635489],[-9.02736571886882,38.6526866443484],[-9.02739861849689,38.6526812249094],[-9.02782165054089,38.6527115358988],[-9.02814371959269,38.652729828313],[-9.0282446828329,38.6527355622427],[-9.02824166032707,38.6527233677605],[-9.02824835788697,38.6527243154994],[-9.02824915660758,38.6527277576669],[-9.02831822891861,38.6527342066973],[-9.02838730123003,38.6527406547859],[-9.02874008567377,38.6527656538654],[-9.02890306661316,38.6527613962553],[-9.02904459024147,38.6527403820582],[-9.02917359273472,38.6527049228227],[-9.02929697412182,38.6526504617031],[-9.02939545650537,38.6525933627155],[-9.02935439827678,38.6525789338444],[-9.02890915204656,38.6524448754041],[-9.02813643873441,38.6522409500246],[-9.02813384965513,38.6522437127868],[-9.02813321547018,38.6522407393699],[-9.02782586628901,38.6521720162789],[-9.02780670471886,38.6521677317847],[-9.02536191123072,38.651626440375],[-9.02413740129543,38.6513560725743],[-9.02413716746586,38.651356021208],[-9.0241372073566,38.6513561812474],[-9.02413399714542,38.6513579838896],[-9.02413398763284,38.6513579578387],[-9.02094521244802,38.6506737831307],[-9.02073951771103,38.6506310948179],[-9.01943074354423,38.6503517602494],[-9.01899673641043,38.6502584716728],[-9.0189857289347,38.6502561056235],[-9.01898427606774,38.6502551556348],[-9.01897786436837,38.6502537926297],[-9.01871727594055,38.650198401469],[-9.01810894963798,38.6500690918957],[-9.01728036693829,38.6498851193629],[-9.01727039678884,38.649882731459],[-9.01726942588238,38.6498799206387],[-9.01726935202285,38.6498797059044],[-9.01726861597151,38.6498795412157],[-9.01726523978807,38.6498787839345],[-9.01726007586529,38.6498776248945],[-9.01708684239927,38.6498387690235],[-9.01691415514388,38.6498043389298],[-9.01673235949677,38.6497664137979],[-9.01660263771522,38.6497385255176],[-9.01658259606599,38.6497321568557],[-9.01655248459501,38.6497225889128],[-9.01654485887674,38.6497171164592],[-9.01654215664321,38.6497165171131],[-9.01636486428814,38.6495910207074],[-9.01636311916618,38.6495897853678],[-9.01602406927672,38.6496479345805],[-9.01601766379453,38.6496512807775],[-9.01600631297939,38.6496498422877],[-9.01600733850204,38.6496496327668],[-9.01585860233143,38.6496091759034],[-9.01570823993849,38.6495728532069],[-9.01557455004282,38.6495405581549],[-9.01522971424714,38.6494625504932],[-9.01492753630471,38.6493941921628],[-9.01227864858937,38.6487949221432],[-9.01043021031205,38.6483766995349],[-9.01043015156952,38.6483766864634],[-9.01041263857896,38.6483727236449],[-9.00904157957248,38.6480519474948],[-9.00779385629383,38.6477600109951],[-9.00325413378299,38.6466976935944],[-9.00324302431778,38.6467000057286],[-9.00324305867028,38.6466999018802],[-9.00254932842724,38.6465373577696],[-9.0025494620958,38.6465370126679],[-9.0025502407168,38.6465350025856],[-9.00234659043455,38.6464852988598],[-9.00233562418702,38.6464827319744],[-9.00233236657041,38.6464819697762],[-9.00214865793278,38.6464389753665],[-9.00214767534276,38.6464387448532],[-9.00218898488813,38.6463323715468],[-9.00074502373546,38.645998551515],[-9.0002820439733,38.6458915545908],[-8.99971890714474,38.6457609274202],[-8.99905047484603,38.6456052004378],[-8.99893700453178,38.646075723899],[-8.99889060367426,38.6462631964927],[-8.99870016694549,38.6469901058795],[-8.99856605670781,38.6474342078119],[-8.99845876770936,38.6477128175965],[-8.99835416217949,38.647901350159],[-8.99815727762161,38.6481732744477],[-8.99810044062989,38.6482487454663],[-8.99804067988183,38.6483174144634],[-8.99789915096544,38.6484776469243],[-8.99746635046445,38.6489675966953],[-8.99749451414138,38.6490178706973],[-8.99751282159775,38.6490709784981],[-8.99751961661661,38.6490995991625],[-8.99752313375245,38.6491355270712],[-8.99752468948795,38.6491592671458],[-8.99752313195236,38.6491839391403],[-8.99751999464932,38.6492336319055],[-8.99909445221146,38.6501637006363],[-8.99912684909778,38.6501462058446],[-8.99916079472708,38.6501278762403],[-8.99922231133425,38.6501066418696],[-8.99929339880469,38.650089778473],[-8.99929669883247,38.6500891865287],[-8.99935841337865,38.6500793395172],[-8.99939351032197,38.6500762087348],[-8.99943287629132,38.6500746371497],[-8.99948618727719,38.6500759889782],[-8.99950935370751,38.6500773460626],[-8.99957382742154,38.6500876205342],[-8.99959063861273,38.650090839802],[-8.99963767832991,38.6501037890564],[-8.99969786472825,38.6501256678795],[-8.99973478776718,38.6501424339916],[-8.99976409682809,38.650155743358],[-8.99980852995457,38.6501823077268],[-8.99982541929731,38.6501932498962],[-8.99984520451948,38.6502068577116],[-8.99984788479786,38.6502093628123],[-8.9998808323582,38.6502401559656],[-8.99990380818328,38.6502616293916],[-8.99991997215019,38.6502832965186],[-8.99994873548574,38.6503218522796],[-8.99997564460246,38.6503645844005],[-8.99998628082876,38.6503814740687],[-9.00022509974336,38.6504089919077],[-9.00031136202361,38.6504174857044],[-9.0005586975426,38.6504418382459],[-9.00171228801733,38.6505554146198],[-9.00198855571271,38.6506035936128],[-9.00482892505087,38.6513659209565],[-9.00490935817206,38.6513875074723],[-9.00493093847277,38.6513932991597],[-9.00498267592693,38.6513625500751],[-9.00504782470594,38.6513297057135],[-9.005119239324,38.6513061100229],[-9.0051409641953,38.65130013877],[-9.00518105585783,38.6512926235265],[-9.00521232898438,38.6512873134307],[-9.00523433351608,38.6512846072988],[-9.00530276034165,38.6512804470425],[-9.00539026640149,38.6512848985056],[-9.00548213230732,38.6513000847222],[-9.00557466824394,38.6513283635878],[-9.00566049996743,38.6513702576261],[-9.0057243881246,38.6514159941911],[-9.00572487250409,38.6514163409912],[-9.00574979085977,38.6514402921952],[-9.00575974123995,38.6514498565873],[-9.00582930429062,38.6514559216022],[-9.01103831479865,38.6519099909483],[-9.0122848131677,38.6520186127778],[-9.01230222698108,38.6520038546139],[-9.01232205724818,38.6519885855438],[-9.01234509381684,38.6519726717151],[-9.01236433730027,38.6519620272799],[-9.01238063920475,38.6519530101884],[-9.01241450131419,38.6519358574365],[-9.01245386159596,38.6519170373885],[-9.01247270563895,38.6519110260787],[-9.01252190862049,38.6518953298733],[-9.01252758440175,38.651894000852],[-9.01255742936029,38.6518862493399],[-9.0126235035252,38.6518732457683],[-9.01271876630745,38.6518673038833],[-9.0127641954526,38.6518700078827],[-9.01280786422537,38.651872671055],[-9.01281972847146,38.651874644674],[-9.01288925116519,38.6518882248118],[-9.01289570382037,38.6518896463946],[-9.01289928236686,38.6518905085744],[-9.01297739792162,38.6519169722081],[-9.0130594874294,38.6519551109611],[-9.01307396051514,38.6519647857324],[-9.01308149956452,38.651969278986],[-9.01312173400561,38.6519965706757],[-9.01318007202371,38.6520510322627],[-9.01323237524783,38.6521159669505],[-9.01323332962403,38.6521160417429],[-9.0144913740412,38.6522140803826],[-9.01449569631793,38.6522144171448],[-9.01449598838501,38.6522154715888],[-9.01449585057548,38.6522161311159],[-9.01461981660471,38.6526811286146],[-9.0146253370249,38.6526893356864],[-9.01462285548692,38.6526891300869],[-9.01442731759995,38.6526729216025],[-9.01442461757651,38.6526726978273],[-9.01387135566679,38.6526268369724],[-9.01319289210714,38.652570880694],[-9.01315609564031,38.6526083806184],[-9.01311773333556,38.6526414639521],[-9.01305373092955,38.6526830140546],[-9.01302324460663,38.6526969563486],[-9.01298204288647,38.6527158003471],[-9.01295815162671,38.6527243016956],[-9.01290081861693,38.6527414230528],[-9.01282428218282,38.6527575438828],[-9.01280307540073,38.652760492264],[-9.01277980219402,38.6527619536381],[-9.01273521406864,38.6527647544504],[-9.01269751070286,38.6527641002326],[-9.01265075286974,38.6527622286361],[-9.01258292278602,38.6527520424817],[-9.0125489151594,38.6527454835747],[-9.0125451161749,38.6527443528001],[-9.01243074164345,38.6527016343839],[-9.01235053345874,38.6526602219414],[-9.01231793256356,38.6526386747013],[-9.0122543865673,38.6525806675263],[-9.01222869580177,38.6525513439188],[-9.01220777202972,38.6525208629768],[-9.01218205903337,38.6524815396845],[-9.01217664602048,38.6524732614258],[-9.00789914961253,38.6520983694812],[-9.00583752568809,38.6519113131336],[-9.00578063454038,38.6519888979072],[-9.00572374416579,38.6520455353075],[-9.00565287948737,38.6520917816309],[-9.00557820460314,38.6521298121554],[-9.00549322749716,38.6521576953201],[-9.00540642048622,38.6521715692246],[-9.00530254581896,38.6521804636599],[-9.00528033612612,38.6521783988655],[-9.00526492549659,38.6521769652833],[-9.00522354338114,38.6521731175037],[-9.00519990734383,38.6521686221445],[-9.00513527324481,38.6521563287751],[-9.0050526129143,38.6521332258518],[-9.00502795474386,38.6521204101266],[-9.00497580267993,38.6520933044588],[-9.00495603640644,38.6520799613169],[-9.00494910818877,38.6520786248134],[-9.00490268127511,38.6520454311327],[-9.00485066358054,38.6519987886292],[-9.0048458676062,38.6519931051542],[-9.00483178388272,38.6519764154859],[-9.0048082565903,38.6519458138811],[-9.00479029736832,38.6519183470203],[-9.00477294571418,38.6518839493322],[-9.00476085181642,38.6518558027901],[-9.00474385473356,38.65179662849],[-9.00473647866657,38.6517426900451],[-9.00473619170585,38.6517426138132],[-9.00465393369747,38.6517209047562],[-9.00463513297059,38.6517162255227],[-9.00256920911095,38.6511708145354],[-9.0023159104429,38.6511039393741],[-9.00208115921145,38.6510445385921],[-9.00184640835974,38.6509851373339],[-9.00169500330228,38.6509545983404],[-9.00149731274048,38.6509243568296],[-9.00123624393593,38.6508928197823],[-9.00120105990106,38.6508885696576],[-9.00051118432421,38.6508072819865],[-8.999943370389,38.6507403742573],[-8.99990014307126,38.6507942709416],[-8.99989892363925,38.6507957437879],[-8.99987157041516,38.6508200772744],[-8.99984726145869,38.6508411822278],[-8.99978225264782,38.6508880941621],[-8.99970588033021,38.6509253606371],[-8.99962849318308,38.6509510538137],[-8.99961952974633,38.6509539235216],[-8.99950781922871,38.6509730049241],[-8.99943324375581,38.6509766407207],[-8.99941480743258,38.6509758494298],[-8.9993438932935,38.6509715958159],[-8.9992608583143,38.6509545098425],[-8.99917379666627,38.65092775374],[-8.99916163704783,38.6509226713374],[-8.9990853071791,38.6508861097059],[-8.99902047445213,38.6508388135833],[-8.99897148915716,38.6507940520944],[-8.99891692274318,38.6507262352176],[-8.99888289291164,38.6506639170758],[-8.99886311164358,38.6505916494551],[-8.99885719194843,38.650536170261],[-8.9988557353926,38.6505225239146],[-8.99885707601626,38.6504806291948],[-8.99884939045212,38.6504760928644],[-8.99849652016212,38.6502746370489],[-8.9981279896156,38.6500665372088],[-8.99791048234043,38.6499358169601],[-8.99766657356605,38.6497840459108],[-8.99766628731097,38.6497842182789],[-8.99726246261414,38.6495407045794],[-8.9972120038062,38.6495631227723],[-8.99719881807738,38.6495689808335],[-8.99717816556061,38.6495758759278],[-8.99712450215519,38.6495924895353],[-8.99704303843943,38.6496076374463],[-8.99694748617747,38.6496120102997],[-8.99687534870176,38.6496089758008],[-8.99686090512119,38.6496078519514],[-8.99677088709435,38.6495910607793],[-8.99669870298835,38.6495701698243],[-8.99666942316077,38.64955702792],[-8.99665102122866,38.6495481602055],[-8.99665066938597,38.6495486105038],[-8.99665042223257,38.6495484997275],[-8.99653642808843,38.6496197212297],[-8.99643048057492,38.6496521899831],[-8.99630978114631,38.6496500945495],[-8.99609788719379,38.6496082003693],[-8.99603375685009,38.6495998527734],[-8.9960296142075,38.6495965638605],[-8.99562922674129,38.6495051428758],[-8.99554135906737,38.6495119810776],[-8.99549222316223,38.6495675618876],[-8.99539670669828,38.6498020397925],[-8.99539998909963,38.6498142428691],[-8.99539733578401,38.6498150979225],[-8.99539686632337,38.6498133437404],[-8.99538049659414,38.649798058812],[-8.99531089946923,38.6497330732579],[-8.99541141453506,38.6495091682742],[-8.99549456281156,38.6494306148018],[-8.99563940152986,38.6494222350652],[-8.99626100410188,38.6495510630693],[-8.99633509950997,38.6495557761148],[-8.99633579452802,38.6495556845084],[-8.99635297627484,38.6495534300085],[-8.99645462112863,38.6495389975054],[-8.99652801325511,38.6494855000839],[-8.9965348343405,38.649480528629],[-8.99653508713622,38.6494803438993],[-8.9964787613691,38.6494258806909],[-8.99643182256052,38.6493677512546],[-8.9964003065319,38.6493064794663],[-8.99638536331067,38.6492572066195],[-8.99638220099781,38.6492467787969],[-8.99637360434908,38.649193961278],[-8.99637246985104,38.649179542329],[-8.99637750725376,38.6490954319554],[-8.99639297176309,38.6490398767733],[-8.9963988168787,38.6490211599112],[-8.99639883127001,38.6490211147647],[-8.99643504174702,38.6489566992701],[-8.99647452176431,38.6489042818003],[-8.99647331465174,38.6489043916],[-8.99647339606424,38.6489042838031],[-8.99600559302374,38.6486454070943],[-8.99600619670549,38.6486445009335],[-8.99490211815634,38.6480293042145],[-8.99449894645153,38.647776744518],[-8.99431986870374,38.6476735279971],[-8.99417405725108,38.647608707355],[-8.99417379597861,38.6476089515954],[-8.99372064128847,38.6474418554418],[-8.99342620663294,38.6473736105458],[-8.99333260165668,38.6474543419546],[-8.99320543167462,38.6475034243032],[-8.99313599407804,38.6475164803745],[-8.99313592673204,38.6475162277428],[-8.99308765665817,38.6473754674255],[-8.99302691858027,38.6473547966356],[-8.9929216212734,38.6473165175795],[-8.99287108990089,38.6472552262565],[-8.99289077873516,38.6471481994831],[-8.99296334931097,38.6470798370692],[-8.99285677524559,38.6469346852686],[-8.99270476490805,38.6467158719737],[-8.99249543914519,38.6464886223144],[-8.99236323975782,38.6463523320146],[-8.99220767105943,38.6462224512793],[-8.99200918786664,38.6461218977387],[-8.99173560236155,38.646025534394],[-8.99138691492039,38.6459668788621],[-8.99115226396095,38.6459831690231],[-8.99113369585834,38.6459289324753],[-8.99112025611798,38.6458884787265],[-8.99151522939053,38.6458695503051],[-8.99182523383216,38.6459309932219],[-8.99202274429731,38.6460097047476],[-8.99219679142501,38.6460988653765],[-8.99246385726047,38.6462817461572],[-8.99249218863812,38.6463011467669],[-8.99249257455594,38.646323404959],[-8.99253303546846,38.6463820995663],[-8.99288993618542,38.6468583908404],[-8.99292195010212,38.6469054302979],[-8.99298491356534,38.6469612308094],[-8.99297187582909,38.6468887261208],[-8.99311231351617,38.6468773434577],[-8.99322496642898,38.6468899129073],[-8.99332689046915,38.646927620703],[-8.99340199225155,38.6470072231387],[-8.9934636676686,38.6470556041415],[-8.99348551855988,38.6471294387034],[-8.993487042496,38.6472568637969],[-8.99439281631126,38.6476037312243],[-8.99496284278587,38.6479284006603],[-8.99537983356105,38.6481678676541],[-8.99619814785949,38.6486510235632],[-8.99655637756054,38.6488280674994],[-8.99656110579439,38.6488236817015],[-8.99660862296425,38.648798337162],[-8.99661609107813,38.6487943545157],[-8.9966826435158,38.6487631952464],[-8.99677065653641,38.6487329566601],[-8.99679066447928,38.6487293183093],[-8.99686352460353,38.6487178949839],[-8.99695403092892,38.6487123046427],[-8.99698128303296,38.6487106215619],[-8.99736520149756,38.6482729464188],[-8.99748914918814,38.6481365933823],[-8.99761521326134,38.6479794834936],[-8.9978767362539,38.647613591126],[-8.99799454543784,38.6473074366741],[-8.99802559159063,38.6472253516979],[-8.99831527033123,38.646136035372],[-8.99847673983966,38.6454305908351],[-8.99711686039429,38.6451394028856],[-8.99707662722411,38.6452420515714],[-8.99638938936,38.6450880309298],[-8.99596969558986,38.6449939681151],[-8.99573004004235,38.6449402557708],[-8.99534587527295,38.6448541530813],[-8.99492742457614,38.6447603647064],[-8.99442778900092,38.644648379067],[-8.99401086206026,38.6445549283959],[-8.99309086416259,38.6443370582641],[-8.99308879766995,38.6443365681028],[-8.99264025359164,38.644230217483],[-8.99040060931346,38.6437169635609],[-8.98975943074197,38.6435625536384],[-8.98975687924646,38.6435619390548],[-8.98965728950808,38.6435387509488],[-8.98964585668791,38.6435360889975],[-8.98964193461013,38.6435372833604],[-8.98964218689572,38.6435373454705],[-8.98963954039246,38.643538012529],[-8.98883766376189,38.6433450403008],[-8.98754832814542,38.6430382973212],[-8.9870782313709,38.6429050089077],[-8.98706662796496,38.6428452781444],[-8.98425860433936,38.642182137218],[-8.98117816674612,38.6415123586907],[-8.98068660542194,38.6414048352837],[-8.9794303423168,38.6411586637879],[-8.97943105561103,38.6411580803083],[-8.97943865947766,38.6411518556577],[-8.97953152459825,38.6410758338201],[-8.97968259138839,38.6409531657291],[-8.97970284902686,38.6409382521696],[-8.97970456277144,38.6409369894447],[-8.98004414081846,38.6409944082445],[-8.98012535840538,38.6410081412806],[-8.9802065771708,38.6410218742516],[-8.98148374019549,38.6412800458659],[-8.98293324875816,38.6416023917553],[-8.9845166624673,38.6419702862907],[-8.98455875781984,38.6419802500289],[-8.98465143388479,38.6420018866828],[-8.9878619046037,38.6427513610559],[-8.98860002593127,38.642927642294],[-8.98957919327055,38.6431614824294],[-8.98969456803673,38.6431890347411],[-8.98969456873486,38.6431889969021],[-8.99050456096686,38.643372247115],[-8.99160123900785,38.6436196560764],[-8.99312841555131,38.6439641639902],[-8.99355416381535,38.6440621191454],[-8.99450958737753,38.6442782330589],[-8.9945094970634,38.6442819144239],[-8.99451243530343,38.6442825909137],[-8.99649874579697,38.6447410949125],[-8.99650668049979,38.6447018476218],[-8.99650788864694,38.6447021170543],[-8.99689063282497,38.644787526489],[-8.99689157838545,38.6447877375024],[-8.99688509706773,38.6448046106412],[-8.99715109529937,38.6448699527483],[-8.9972174666857,38.6448851500559],[-8.99728586313341,38.6448872454362],[-8.99728720089965,38.6448879778189],[-8.99735282400944,38.6449238784284],[-8.99734719445133,38.6449436639151],[-8.99734216552281,38.644961337075],[-8.99734470763371,38.6449622127959],[-8.99751826756452,38.6450219673305],[-8.9979993074743,38.6451875851715],[-8.99850685839628,38.6453047306382],[-8.99850838890594,38.6452980893743],[-8.99873234256782,38.6445410000661],[-8.99886836590592,38.644082375192],[-8.99891759877633,38.6439964305073],[-8.99910383942725,38.6436724457692],[-9.00022772623901,38.6426298555777],[-9.00063269810367,38.6422541673488],[-9.00081668235343,38.6421524906727],[-9.00091701259375,38.6420970439963],[-9.00111508308477,38.6419939075407],[-9.00119897104808,38.6419507579383],[-9.00125472874317,38.641926921366],[-9.00160566948117,38.6417827977806],[-9.00180191754357,38.6417168545289],[-9.0018953592923,38.6416854565832],[-9.00190531782266,38.641634875242],[-9.00191150258289,38.6416034541797],[-9.00193400952084,38.6415329123285],[-9.00193475958708,38.6415308231898],[-9.00198134654718,38.6414508737113],[-9.00205762265641,38.6413727043809],[-9.00210129470291,38.6413392960149],[-9.00212266524403,38.6413229479498],[-9.001808566896,38.640339060272],[-9.00150521325057,38.6393888036315],[-9.00198513798441,38.6392945602647],[-9.00198722876109,38.6392956419201],[-9.00203008396915,38.6394295340937],[-9.00206100447532,38.6395283041176],[-9.00217799959911,38.6398807048676],[-9.0023706707651,38.6404443510207],[-9.00257500638238,38.6410654978308],[-9.0026294934468,38.6412328745825],[-9.00275498733019,38.6412679893565],[-9.00282713232749,38.6413030141962],[-9.00284827006715,38.6413163583494],[-9.00286006985684,38.6413238085788],[-9.00291447285861,38.6413648169175],[-9.00291832152206,38.6413680294073],[-9.00293461568556,38.641383268825],[-9.00296356215138,38.6414108236877],[-9.00299863344441,38.6414553384446],[-9.00300779454396,38.6414675023885],[-9.00390633438587,38.6412328634422],[-9.00436767481487,38.6410924984618],[-9.00505432009135,38.6408431933994],[-9.00589653370781,38.6405268459026],[-9.00600385067152,38.6404870600381],[-9.01041297101995,38.6388523463948],[-9.01041146468813,38.6388497534564],[-9.01068322630707,38.6387521394471],[-9.01076742595632,38.638720919064],[-9.01144655882531,38.6383966361895],[-9.01182040565623,38.6387524185934],[-9.01179268336743,38.6387650147255],[-9.01120194262929,38.6390351786365],[-9.00615640968262,38.640920819766],[-9.00602889806739,38.6409684700771],[-9.00557242358076,38.6411390499179],[-9.00547274482715,38.6411762985052],[-9.00530058254761,38.6412392947416],[-9.00487729441144,38.6413941782977],[-9.0043538053271,38.6415630647118],[-9.00413700520904,38.6416330072071],[-9.00403306189615,38.6416626979208],[-9.00366552568401,38.6417621623188],[-9.00298012199126,38.6419231834891],[-9.00297887925202,38.6419234710795],[-9.00295219899621,38.6419495253462],[-9.00294074004548,38.6419619182837],[-9.00289941046838,38.6419933710051],[-9.00288843674715,38.6420017229103],[-9.00285943087077,38.6420226733563],[-9.00282557299168,38.6420467307206],[-9.00274928370214,38.6420828383344],[-9.00267104067915,38.6421076435764],[-9.00260621760608,38.6421228391954],[-9.00256053090601,38.6421276530734],[-9.00253419939772,38.6421296413816],[-9.00250306223153,38.6421292566394],[-9.00246282389249,38.6421278468451],[-9.00239448451974,38.6421203816406],[-9.00235744225286,38.6421133243187],[-9.00233950019245,38.6421099057532],[-9.00223465387785,38.6420807419165],[-9.00219961960024,38.642089013081],[-9.00211461901403,38.6421106621808],[-9.00184371608431,38.6421986500464],[-9.00149981525391,38.6423471981964],[-9.00138069945964,38.6424083220666],[-9.00119998587348,38.6425024202815],[-9.00098004472963,38.6426385923035],[-8.99967512504466,38.6438672261103],[-8.99961006531525,38.6439315302433],[-8.99950443697659,38.6440740177166],[-8.99949410121371,38.6440882864863],[-8.99947373854081,38.6441400895903],[-8.99942001889241,38.6442816763723],[-8.9993407373418,38.6445692165524],[-8.9993407076221,38.6445693239685],[-8.99920327145208,38.6450143152785],[-8.99910864155425,38.6453367076378],[-9.00262606699611,38.6461531193237],[-9.00262616920884,38.6461583450456],[-9.00578380451135,38.6468879769189],[-9.00578357151099,38.6468923475693],[-9.00753164338826,38.6472970930901],[-9.0097169935176,38.6478030415413],[-9.01083677398062,38.6480622724536],[-9.01125485173356,38.6481590548131],[-9.0112588159047,38.6481600006271],[-9.01472685757096,38.6489875019501],[-9.0166571876044,38.6494480396704],[-9.0166604191929,38.6494488106727],[-9.01678577720879,38.6494787172337],[-9.01709858817563,38.6495487298545],[-9.01709864498749,38.6495486840993],[-9.01710025521865,38.6495496865234],[-9.02009852200933,38.6502319395978],[-9.02008738004042,38.6502098156286],[-9.02009022881512,38.6502098120434],[-9.020102969731,38.6502350046423],[-9.02399897848353,38.6510477598415],[-9.02425377302279,38.6511010140389],[-9.02507685447251,38.6512690121721],[-9.02546860201395,38.6513489686114],[-9.02617527266878,38.6514931973674],[-9.02617866314412,38.6514938894233],[-9.02628089939777,38.651515148817],[-9.02628195889398,38.6515136976377],[-9.02628198486844,38.6515137541901],[-9.02741005823195,38.6517499405384],[-9.02791136989332,38.6518541763032],[-9.02791264841754,38.6518544511772],[-9.02812757783843,38.6519006711016],[-9.02828151482349,38.6519337741754],[-9.0282861198516,38.651935043299],[-9.02851758652859,38.6519988439632],[-9.02864119006925,38.6520348955815],[-9.02886467657942,38.6521105589917],[-9.02911581882726,38.6521982349523],[-9.02947278537201,38.6523228513017],[-9.02977917864863,38.6524298129286],[-9.02977980111193,38.6524282335508],[-9.02988186004598,38.6523957374354],[-9.0300165946665,38.6523582347354],[-9.03001659686407,38.6523582341237],[-9.03002816039918,38.6523550154632],[-9.03023194707147,38.6523274302571],[-9.03073362877508,38.6523639501169],[-9.03073365479871,38.6523639520112],[-9.03085061500182,38.6523724658001],[-9.03132372864074,38.652424204437],[-9.03173526521466,38.6524626112049],[-9.03235477913011,38.6525202030059],[-9.03265051105158,38.6525128792337],[-9.03277475043204,38.6525098023481],[-9.03433274162427,38.6526674467066],[-9.0343342339219,38.652666506415],[-9.03433443720187,38.652666531037]],[[-9.03685876137235,38.6522389843073],[-9.03535404283888,38.6527710300373],[-9.03513410124186,38.6528181601715],[-9.03494634632987,38.6528359646856],[-9.03494637221061,38.6528360105569],[-9.03494561209873,38.6528356881097],[-9.03494442303619,38.6528335608548],[-9.03472115075779,38.6528261667958],[-9.03444745924687,38.6527956489405],[-9.03417376795587,38.6527651304419],[-9.03417359928772,38.6527652380361],[-9.0341732340331,38.6527635914772],[-9.03417559047667,38.6527620599739],[-9.03417283589194,38.6527617956382],[-9.03293238664071,38.6526426493192],[-9.03166772472184,38.6525609429996],[-9.03166754601186,38.6525615343993],[-9.03039635824251,38.6524057714788],[-9.03023274252558,38.6524110080028],[-9.03006912783093,38.652433001956],[-9.02992032328912,38.6524790858501],[-9.03008670697316,38.6525371686035],[-9.0302568827778,38.6525921971325],[-9.03074236295334,38.6527953792854],[-9.0314478516102,38.6531592120105],[-9.03145597479237,38.6531640166702],[-9.03145583009346,38.653164204248],[-9.03145926620052,38.6531659641535],[-9.03259284525412,38.6537463903673],[-9.03259485486555,38.6537475252407],[-9.03259216199479,38.6537507284894],[-9.03255674148502,38.6537928612283],[-9.03255749393935,38.6537932292761],[-9.03351493403172,38.6542623542567],[-9.03357986136774,38.6542907486376],[-9.03357394256369,38.6542943046351],[-9.03675752173126,38.6558953564786],[-9.03689516400861,38.6558456478443],[-9.03703479663693,38.6558066062971],[-9.0370357876723,38.6558082209858],[-9.03851636687481,38.6553180900597],[-9.03685876137235,38.6522389843073]],[[-9.03206648915082,38.6537310550419],[-9.03205039586515,38.6537520008107],[-9.0321603668379,38.6538420701778],[-9.03223529268939,38.6539139693657],[-9.03234666343712,38.6541041044281],[-9.03237987726248,38.6542153956569],[-9.03238728086542,38.6543594358622],[-9.03238557462446,38.6547154341252],[-9.03239420835446,38.6548828776569],[-9.03242347910497,38.6549999787302],[-9.03247883072128,38.6551119095282],[-9.03254864955219,38.6551891372809],[-9.03262673688809,38.6552492257653],[-9.03271929522771,38.6552954953684],[-9.03271500252248,38.6552619094806],[-9.03273035338972,38.6553030131051],[-9.03284593884721,38.6553430755207],[-9.03375517867312,38.6556582145339],[-9.03430387439166,38.6558531876202],[-9.03472907677577,38.6560132139609],[-9.03515564967328,38.6562053283114],[-9.03518471708535,38.6561727364683],[-9.03525122129229,38.6561334088353],[-9.03533968709146,38.6561030441152],[-9.03543133688139,38.6560943452174],[-9.03551979250456,38.6561019069754],[-9.03563353017551,38.6561431690336],[-9.03571857641664,38.6562022811122],[-9.03619267187524,38.6560716633646],[-9.03653909213334,38.6559645824071],[-9.03648639189792,38.6559345080413],[-9.03621234199712,38.6557978662732],[-9.03583433874496,38.6556125990745],[-9.03475697144284,38.6550726363849],[-9.03380120238142,38.6545979229667],[-9.03318909608502,38.6542927409875],[-9.03259162378537,38.6539839985599],[-9.03259167892008,38.6539836306078],[-9.03258914243533,38.6539823457485],[-9.03242988261496,38.6539056984956],[-9.03234007418339,38.6538630161251],[-9.03206648915082,38.6537310550419]]]}},{"type":"Feature","id":"CRUS_Moita_V.379822","properties":{"Area_Ha":13.8622938042276,"Autor":"DGT","Categoria":"Espaço Central","Classe":"Solo Urbano","DTCC":"1506","Data_PublicacaoPDM":"2025-04-14T00:00:00","Designacao_PlantaOrdenamento":"Solo Urbano - Espaços Centrais - Núcleos Consolidados","Escala_PlantaOrdenamento":"1/12000","Fonte":"CM - Vectorial e Raster","ID":379822,"Municipio":"MOITA"},"geometry":{"type":"Polygon","coordinates":[[[-9.04491914794635,38.6461526875385],[-9.04491983225342,38.6461542054651],[-9.0449202411658,38.6461551111896],[-9.04545131849866,38.6467584261187],[-9.04551927908003,38.6467315340105],[-9.04557592808685,38.6467091170157],[-9.04563476919473,38.6466858334347],[-9.0456949337554,38.64666202514],[-9.04575605376298,38.6466378391295],[-9.04581186029132,38.6466157555857],[-9.04584634332605,38.6466021095843],[-9.04585338372118,38.6465993243118],[-9.04585627728742,38.6465983360716],[-9.04586645120181,38.6465949156027],[-9.0458694124518,38.6465939205285],[-9.04587132371514,38.6465932786552],[-9.04587342712246,38.6465925713255],[-9.04587647986722,38.6465915449098],[-9.04587880288067,38.6465907638021],[-9.04588110302601,38.64658999098],[-9.04588549513868,38.6465885145204],[-9.04588922958112,38.6465872593856],[-9.04589122776775,38.646586588008],[-9.04589516237092,38.6465852655523],[-9.04590026820305,38.6465835493138],[-9.04590819116157,38.6465808859663],[-9.04590866239596,38.6465807273508],[-9.04594638538563,38.6465680478236],[-9.04598563644969,38.6465548546114],[-9.04605733418729,38.6465307543467],[-9.04608674872063,38.6465208672533],[-9.04613255470979,38.6465054699096],[-9.04618146719069,38.6464890294903],[-9.04618363121307,38.6464883018642],[-9.04623417239184,38.6464713127315],[-9.04626341645194,38.6464614827742],[-9.04627743914116,38.6464567692974],[-9.04651479805951,38.6464015497904],[-9.04652386289165,38.6463994413888],[-9.04663507060165,38.6466480795966],[-9.04663511671019,38.646648182829],[-9.04657491824041,38.6466618767377],[-9.04662235741696,38.646768404742],[-9.04662232107522,38.6467684374547],[-9.046593650438,38.6467943946292],[-9.04659366891282,38.6467944926726],[-9.0466038667755,38.6468409035523],[-9.04660385611349,38.6468409684934],[-9.04658671493934,38.6469463820637],[-9.04658672485969,38.6469464396377],[-9.04660770173445,38.647073536066],[-9.04663494007684,38.6472113067641],[-9.04691538868549,38.6471742524479],[-9.0471958358322,38.647137196571],[-9.04765452728318,38.6470765886311],[-9.04776228373067,38.6470623259417],[-9.04830400855379,38.6469900475461],[-9.0483068902526,38.6469896628772],[-9.04851096618366,38.6475179137156],[-9.04811578452089,38.6475905764573],[-9.04776535511505,38.6476507361016],[-9.04744087298272,38.6476820093795],[-9.04701460538245,38.6477217906114],[-9.04671969345255,38.6477903673769],[-9.04655575744595,38.6478579207074],[-9.04641378799337,38.6479915762753],[-9.04637267368851,38.6480813660509],[-9.04636952597253,38.6481115612622],[-9.04635781249603,38.6482239127359],[-9.04635554326055,38.6482456731635],[-9.04636311749495,38.6482721697384],[-9.04637378509602,38.6483094875699],[-9.04638389605847,38.6483448581076],[-9.04628625617098,38.6483299204049],[-9.04616903446877,38.6484289082143],[-9.04612466729326,38.6485634593603],[-9.04611906838607,38.6486409289311],[-9.04561393010222,38.6487739136274],[-9.04458436099222,38.6490761588938],[-9.04297349880791,38.6497681175343],[-9.04205817943197,38.6501427193988],[-9.0411837907765,38.6505241947048],[-9.04060694400912,38.6507552995323],[-9.04059123435802,38.6507479990253],[-9.04060442585931,38.6507425902308],[-9.04060372561989,38.6506173406454],[-9.04060348533555,38.650574439008],[-9.04060254597257,38.6504062877713],[-9.04060201348909,38.6503110877063],[-9.04060081957567,38.650109833059],[-9.04059960005046,38.6498795851588],[-9.04085023457755,38.6497648615709],[-9.04126929480099,38.6495730426091],[-9.04135947425066,38.6495317638976],[-9.04140730621398,38.6494971849044],[-9.04145513813125,38.6494626058921],[-9.04149655789147,38.6494326621992],[-9.04157476986484,38.6493236204874],[-9.04164887236184,38.6491893583925],[-9.04167177919924,38.64904298083],[-9.04167104351822,38.648835031351],[-9.04167112476871,38.6485404226379],[-9.04167054218325,38.6481939786693],[-9.0416689599723,38.647968565533],[-9.04166737778525,38.6477431523879],[-9.04166652103661,38.6477067419852],[-9.04169274131771,38.6476982835878],[-9.04249472175528,38.6474741389544],[-9.04314733875516,38.6470793323631],[-9.04325368324968,38.64697109576],[-9.04335795737848,38.6468642083608],[-9.04336375753739,38.6468582611556],[-9.04342230228782,38.6467897939298],[-9.04352323333702,38.6468338559025],[-9.04363782835336,38.6467471776506],[-9.0437611770707,38.6466538786879],[-9.043761207785,38.6466538550279],[-9.04376128287072,38.6466537976927],[-9.04376161511068,38.646653547385],[-9.04376254807061,38.6466528410977],[-9.04376638120721,38.6466499421945],[-9.04377606813024,38.6466426144047],[-9.0437845672348,38.6466361858562],[-9.04379620201543,38.6466273853986],[-9.04381503656795,38.6466131393738],[-9.04383724116467,38.6465963439549],[-9.04383509432989,38.6463650547608],[-9.04392553709544,38.646286485935],[-9.04477086941697,38.6462888990668],[-9.04491914794635,38.6461526875385]]]}},{"type":"Feature","id":"CRUS_Moita_V.379823","properties":{"Area_Ha":2.10624835997075,"Autor":"DGT","Categoria":"Espaço de Uso Especial Equipamentos e Infraestruturas","Classe":"Solo Urbano","DTCC":"1506","Data_PublicacaoPDM":"2025-04-14T00:00:00","Designacao_PlantaOrdenamento":"Solo Urbano - Espaços de Uso Especial - Equipamentos","Escala_PlantaOrdenamento":"1/12000","Fonte":"CM - Vectorial e Raster","ID":379823,"Municipio":"MOITA"},"geometry":{"type":"Polygon","coordinates":[[[-9.04434812678827,38.6492830608001],[-9.04434900737073,38.6492833863371],[-9.04458094718492,38.6493690491737],[-9.04509444159421,38.6502637214372],[-9.04509435242571,38.6502637554622],[-9.04334431741225,38.6509409664409],[-9.04275585560882,38.6499489451066],[-9.04275413614142,38.6499486221827],[-9.0433548031215,38.6496980822938],[-9.04434812678827,38.6492830608001]]]}},{"type":"Feature","id":"CRUS_Moita_V.379824","properties":{"Area_Ha":70.830367591788,"Autor":"DGT","Categoria":"Espaço Central","Classe":"Solo Urbano","DTCC":"1506","Data_PublicacaoPDM":"2025-04-14T00:00:00","Designacao_PlantaOrdenamento":"Solo Urbano - Espaços Centrais - Núcleos Consolidados","Escala_PlantaOrdenamento":"1/12000","Fonte":"CM - Vectorial e Raster","ID":379824,"Municipio":"MOITA"},"geometry":{"type":"Polygon","coordinates":[[[-9.0465027877909,38.6488295739193],[-9.04650439984881,38.6488388208192],[-9.0465367664786,38.6490244779923],[-9.04657189255438,38.6492443935417],[-9.046574601724,38.6492613516412],[-9.04663117589906,38.6495550187474],[-9.04665864677189,38.6496725726204],[-9.04677082356048,38.6501526086883],[-9.04682225591582,38.6504025511586],[-9.04682937030851,38.6504371260898],[-9.0468907963641,38.6506155837327],[-9.04692998560543,38.6506987280518],[-9.04707753281713,38.6510117639416],[-9.04732473079976,38.6515101953377],[-9.04736051149484,38.6516337302464],[-9.04738114426824,38.6517049684788],[-9.0473821859444,38.6517085653531],[-9.04738224206014,38.6517098170315],[-9.04738809636258,38.6518410661045],[-9.04736998178696,38.6519618928531],[-9.04736472324319,38.6519969905275],[-9.04731569225038,38.6521281091688],[-9.04730507042763,38.6521508446914],[-9.0472169496174,38.6523394517979],[-9.04706503412614,38.6526885733429],[-9.04694675962032,38.6529417503195],[-9.04693026808296,38.653003147306],[-9.04688320977334,38.6531783446679],[-9.04687942875125,38.6533796785488],[-9.04690366368702,38.6535410302988],[-9.0469557739624,38.653687938777],[-9.04697926697806,38.6537541705642],[-9.04706723157801,38.6539423619233],[-9.04715263929623,38.6541467200874],[-9.04726262441834,38.6543488088517],[-9.04734694135464,38.6545043266235],[-9.04748019993333,38.6548813674106],[-9.04755703015008,38.6550742899334],[-9.04763514270821,38.6552352202588],[-9.04778646140668,38.6554204303479],[-9.04795641693261,38.6555756715844],[-9.04800955656778,38.6556137445642],[-9.04811509170722,38.6556893584914],[-9.0481026504239,38.6556909133135],[-9.04794182287649,38.6557997595854],[-9.04722558250835,38.6562891093359],[-9.04699534857596,38.6567873814307],[-9.04690578077251,38.6569812232469],[-9.04765159993948,38.6571967260181],[-9.0477450920178,38.6571119500888],[-9.04790405201778,38.6570773952989],[-9.04804136963476,38.6571050037327],[-9.04813711792985,38.6571783646885],[-9.0485530449013,38.6571801718052],[-9.04855246708547,38.6572102280078],[-9.04906313877965,38.657214259901],[-9.04910442402844,38.6571774486816],[-9.04923478276801,38.6571789103599],[-9.0492429670285,38.657179002097],[-9.0492429700794,38.6571793317669],[-9.04924610843832,38.6571794936523],[-9.04924350588908,38.6572439367435],[-9.04924310844462,38.6572537703163],[-9.04924447987847,38.6573614244131],[-9.04924589426875,38.6574724498758],[-9.0492824858084,38.6576908646414],[-9.04934375447592,38.6578560675482],[-9.04943515310596,38.658064111661],[-9.04953325875537,38.6582181189492],[-9.04975059429486,38.6584682001546],[-9.04983313141399,38.6586183782618],[-9.04989502602756,38.6587496102826],[-9.0499512169502,38.6589305923516],[-9.0499687430658,38.6590621730002],[-9.04998607798738,38.6591788432595],[-9.05004070329844,38.6592887146936],[-9.05029660536572,38.6596684863526],[-9.05047003120193,38.6598460643649],[-9.05053145366321,38.6599400218168],[-9.05058333516786,38.6600315687606],[-9.0506036516761,38.6601333036369],[-9.0506012124421,38.6601882149534],[-9.05059836904126,38.6602522392521],[-9.05058359601771,38.6604802553756],[-9.05057217074626,38.660575457089],[-9.05019207037641,38.660519242638],[-9.04993625976582,38.6604814092086],[-9.04949656482946,38.6604163777414],[-9.04949641634051,38.6604163554839],[-9.04891843095434,38.6603308688426],[-9.04801591384059,38.6601942881232],[-9.04718960659838,38.6600692332702],[-9.04706415766417,38.6600502472976],[-9.04692554959874,38.6600292714353],[-9.04629925374322,38.659934495341],[-9.04603471826371,38.6598893457017],[-9.04558444521318,38.6598124941582],[-9.04534411899248,38.6597575182026],[-9.04528293655376,38.6597435221644],[-9.04502619755919,38.65968479109],[-9.04497558330095,38.6596732122227],[-9.0448997859979,38.6596508587726],[-9.04485938437427,38.6596389426136],[-9.04477508591468,38.6596140817555],[-9.04471324678121,38.659595844153],[-9.0446911323137,38.6595893226418],[-9.0446531259182,38.6595781137906],[-9.04459098009022,38.6595597848297],[-9.04453074858391,38.6595420219365],[-9.04447073504269,38.6595243221715],[-9.04441158526647,38.6595068777794],[-9.04435062848675,38.659488899747],[-9.04432492601474,38.6594806423474],[-9.04388124233666,38.659338098602],[-9.0438330691918,38.6593195748585],[-9.04353591024454,38.659205310844],[-9.04349775684106,38.6591898104341],[-9.04345033000861,38.6591702375932],[-9.0433776168366,38.6591402284465],[-9.04329277621732,38.6591052141812],[-9.04317046067759,38.6590547336923],[-9.04296696137874,38.6589707477922],[-9.04293791253576,38.6589587597686],[-9.04286975696041,38.6589306308592],[-9.04283964446086,38.6589182006826],[-9.04282177034107,38.6589108261047],[-9.04281495968119,38.6589075370963],[-9.04275930930358,38.6588806656695],[-9.04267070269519,38.6588378792843],[-9.04264350752012,38.6588247471655],[-9.04262009912956,38.6588134439512],[-9.04259311665104,38.658800413759],[-9.04254884522157,38.6587790360274],[-9.04252059822218,38.6587653967986],[-9.04245078004935,38.6587316820794],[-9.04241066419345,38.6587123105047],[-9.04235126550189,38.6586836285815],[-9.04211785322534,38.6585709165049],[-9.04193525744348,38.6584827433516],[-9.04180232515132,38.6584179914154],[-9.0417215673215,38.6583781952472],[-9.0411688842661,38.6581058380334],[-9.04108587542062,38.6580646779654],[-9.04096926645267,38.6580068588518],[-9.04035945955441,38.6577002439965],[-9.04003546919172,38.6575373375671],[-9.03973757249247,38.6573875499565],[-9.03973807860945,38.6573870532942],[-9.03991904121446,38.6572102100632],[-9.03937399835426,38.6568229569124],[-9.04015799731538,38.6560785643835],[-9.04054027918298,38.6563161489376],[-9.04099653036843,38.6558403857753],[-9.04113110448572,38.6558924876632],[-9.0412324265475,38.6557285133296],[-9.0413277826191,38.6557105604173],[-9.04145544182631,38.6557760132835],[-9.04145575830694,38.655775693743],[-9.04160139677738,38.655628450564],[-9.04181193537045,38.6557447293956],[-9.04202126351225,38.6555216549059],[-9.04194447502543,38.6553297192563],[-9.04219513061643,38.6552610588372],[-9.04244615877161,38.6554865730431],[-9.04262294228885,38.6556046081586],[-9.04306880110765,38.6551185458924],[-9.04358678696098,38.6554229303441],[-9.0436999094663,38.6553209679173],[-9.04379776485519,38.6553806391784],[-9.04393715809956,38.6550971997323],[-9.04408293601888,38.6551385130435],[-9.04432320816901,38.6546347913853],[-9.04411250547732,38.6545743618395],[-9.04340825617897,38.6547929945478],[-9.04229867544707,38.6550284512049],[-9.04229803695459,38.6550286516422],[-9.04225967152324,38.6550407107337],[-9.04215211115991,38.6550745188062],[-9.04210061327267,38.6549807346121],[-9.04209813345394,38.6549814952443],[-9.04115787349261,38.6552700084693],[-9.04115644192748,38.6552674477888],[-9.0411050776916,38.6551756051497],[-9.04109758586235,38.6551604577434],[-9.04118890619117,38.655127001017],[-9.0412382689898,38.6551089160964],[-9.0411027953224,38.6548395889349],[-9.04064747916974,38.6549814120458],[-9.04041210452703,38.6548425586259],[-9.04153883391503,38.6544823813103],[-9.04237262416611,38.6542196151787],[-9.042757227143,38.6540985909608],[-9.04276460547241,38.6540962691826],[-9.043010782412,38.6540472812134],[-9.0432841334391,38.6540373089892],[-9.0436179734823,38.6540634778164],[-9.04380191505058,38.654103888743],[-9.04383162990315,38.6540801207673],[-9.0438270268147,38.6540367586111],[-9.04393145464941,38.6538131352883],[-9.04393164287038,38.6538127322278],[-9.04464258411384,38.6522902732544],[-9.04455086530101,38.6520366793554],[-9.04438187846427,38.6516571577454],[-9.04429346955402,38.6514604037698],[-9.04342019106475,38.6518583852609],[-9.04342012368322,38.6518584164126],[-9.04358852101938,38.6522511705102],[-9.04358858966969,38.6522513303189],[-9.04294731160062,38.6525244344184],[-9.0429472339033,38.6525244674516],[-9.04324421004183,38.6531201466509],[-9.04245531764314,38.6533584265312],[-9.04245539669825,38.6533585916645],[-9.04276638245172,38.6540135530617],[-9.04276597742177,38.6540173151339],[-9.04255463056287,38.6540910859785],[-9.04093835643159,38.654594004838],[-9.0395582016536,38.6550305503526],[-9.03869135833055,38.6552920194849],[-9.03868599837459,38.655280536002],[-9.03748471584037,38.6530564228577],[-9.03782041935337,38.6529452592652],[-9.03814785084834,38.6528332804304],[-9.03855673246764,38.6526908022702],[-9.03887919326029,38.6525819226033],[-9.03918613790907,38.6524764988178],[-9.03945526713121,38.6523798302962],[-9.0392153066235,38.6519196687716],[-9.03898147165782,38.6514712462901],[-9.03900205341455,38.6514629426821],[-9.03975444370597,38.6512068752805],[-9.04091866617948,38.6507404438269],[-9.04170735515978,38.6503999056078],[-9.04257624535626,38.6500208689941],[-9.04271965211846,38.6499630054199],[-9.04275413614142,38.6499486221827],[-9.04275585560882,38.6499489451066],[-9.04334431741225,38.6509409664409],[-9.04509435242571,38.6502637554622],[-9.04509444159421,38.6502637214372],[-9.04458094718492,38.6493690491737],[-9.04434900737073,38.6492833863371],[-9.04486756326098,38.6490894370045],[-9.0452215264782,38.6489731195778],[-9.04606766097454,38.6487394029293],[-9.04615308948508,38.6487284127057],[-9.04628557123005,38.6487944809734],[-9.0463516483869,38.6488146120173],[-9.0465027877909,38.6488295739193]]]}},{"type":"Feature","id":"CRUS_Moita_V.379825","properties":{"Area_Ha":0.364017470450109,"Autor":"DGT","Categoria":"Espaço Verde","Classe":"Solo Urbano","DTCC":"1506","Data_PublicacaoPDM":"2025-04-14T00:00:00","Designacao_PlantaOrdenamento":"Solo Urbano - Espaços Verdes - Recreio, lazer, desporto, cultura","Escala_PlantaOrdenamento":"1/12000","Fonte":"CM - Vectorial e Raster","ID":379825,"Municipio":"MOITA"},"geometry":{"type":"Polygon","coordinates":[[[-9.02813643873441,38.6522409500246],[-9.02890915204656,38.6524448754041],[-9.02935439827678,38.6525789338444],[-9.02939545650537,38.6525933627155],[-9.02929697412182,38.6526504617031],[-9.02917359273472,38.6527049228227],[-9.02904459024147,38.6527403820582],[-9.02890306661316,38.6527613962553],[-9.02874008567377,38.6527656538654],[-9.02838730123003,38.6527406547859],[-9.02831822891861,38.6527342066973],[-9.02824915660758,38.6527277576669],[-9.02824835788697,38.6527243154994],[-9.02824166032707,38.6527233677605],[-9.02821249593295,38.6526056936382],[-9.028166157083,38.6523951878903],[-9.02813384965513,38.6522437127868],[-9.02813643873441,38.6522409500246]]]}},{"type":"Feature","id":"CRUS_Moita_V.379826","properties":{"Area_Ha":9.17129844639846,"Autor":"DGT","Categoria":"Espaço Habitacional","Classe":"Solo Urbano","DTCC":"1506","Data_PublicacaoPDM":"2025-04-14T00:00:00","Designacao_PlantaOrdenamento":"Solo Urbano - Espaços Habitacionais - Tipo 2","Escala_PlantaOrdenamento":"1/12000","Fonte":"CM - Vectorial e Raster","ID":379826,"Municipio":"MOITA"},"geometry":{"type":"Polygon","coordinates":[[[-9.03943223072726,38.6377158452118],[-9.03964704706398,38.6377226015051],[-9.04003405588721,38.6377617064626],[-9.04048513026693,38.6377723657334],[-9.04096127688395,38.6377853905893],[-9.04097181013149,38.6379496438002],[-9.04098862480116,38.6380802202676],[-9.04100591670815,38.638203283006],[-9.04102280421192,38.6383858678323],[-9.04110249835724,38.6387667343238],[-9.04111712561169,38.6388670975852],[-9.04114274390633,38.6390428783788],[-9.04117736149927,38.6393107057129],[-9.04120244521818,38.6395968213244],[-9.04121899187447,38.6397735318653],[-9.04122012977358,38.6397914364558],[-9.04122508129096,38.639869351948],[-9.04122898657689,38.6398709160583],[-9.04130650717346,38.639901973075],[-9.04182377588801,38.6400523398272],[-9.04244550197685,38.640255224554],[-9.04246133494912,38.6402612323631],[-9.04245938910301,38.6402642165441],[-9.04245918030126,38.6402641443012],[-9.0424578680134,38.6402665479426],[-9.04245306337811,38.640275346526],[-9.04244806340835,38.6402845024459],[-9.04244345970966,38.640292932839],[-9.04243835868808,38.6403022724075],[-9.04243095078856,38.6403158384712],[-9.04218555164693,38.6407655433969],[-9.04218540235071,38.6407658175011],[-9.04184282038449,38.640617248362],[-9.04008721936451,38.6398426840017],[-9.0400713770991,38.6397200017677],[-9.04004252981248,38.6396471610508],[-9.04000027329285,38.6395764150593],[-9.03994502617078,38.6395197448549],[-9.03987836474421,38.63946315319],[-9.03980820398918,38.6394257181223],[-9.0397273147389,38.639390377657],[-9.03964640903296,38.6393724147098],[-9.03956282147352,38.6393586423175],[-9.03948329191407,38.6393589261287],[-9.03940376229696,38.6393634004355],[-9.03931524361905,38.6393822410125],[-9.03922672361271,38.6394094626315],[-9.0380826509597,38.6389008199529],[-9.03778252653889,38.6387673852944],[-9.03772343501045,38.6387411126291],[-9.03772081747505,38.638739831205],[-9.03729145894825,38.6390815068203],[-9.03729288650711,38.6390821407638],[-9.03748886798513,38.6391691930955],[-9.03808213629785,38.6394327111669],[-9.0385879049012,38.6396653167356],[-9.03891412846004,38.6398273090334],[-9.03891849147889,38.6398580323669],[-9.03891905214426,38.63986242576],[-9.03892155934027,38.6398842256669],[-9.0389217592762,38.6398859662774],[-9.03892333458045,38.6398910355257],[-9.03892358113648,38.6398918263258],[-9.03892753022734,38.6399045385477],[-9.03893141583321,38.6399170431748],[-9.03893353824416,38.6399238773693],[-9.03894582883449,38.6399634708067],[-9.03889142734351,38.6400395453199],[-9.03887065272043,38.640068595016],[-9.03885486803662,38.6400906689681],[-9.03885141989324,38.6400954906549],[-9.03885037472246,38.6400969517469],[-9.03884982053051,38.6400977262267],[-9.03884223349176,38.6401083361078],[-9.03883415320875,38.6401196353206],[-9.03882564740857,38.6401315296566],[-9.03881928612277,38.6401404257214],[-9.03881225210807,38.6401502602291],[-9.03880496190679,38.6401604552405],[-9.0387980385198,38.6401701366547],[-9.03879015462865,38.6401811623005],[-9.03878342650628,38.6401905710594],[-9.03876361118572,38.640218279216],[-9.0387478907646,38.6402402625752],[-9.03873344460832,38.6402604623809],[-9.03871072513911,38.6402922331249],[-9.03868989168381,38.6403213652171],[-9.03867339692925,38.6403444310233],[-9.03866372740821,38.6403579540046],[-9.038658252096,38.6403656099991],[-9.03864960175333,38.6403777054199],[-9.03857508847514,38.6404819027806],[-9.03853334006988,38.6405402810444],[-9.03849954446749,38.6405875403515],[-9.03848111949028,38.6406133036687],[-9.03847199279448,38.6406260666567],[-9.03846464378684,38.6406363422733],[-9.03845734783639,38.6406465445136],[-9.03845126074047,38.6406550573952],[-9.03844937240379,38.6406576969573],[-9.03844843351675,38.6406590257055],[-9.03844799920492,38.6406596524242],[-9.03844502121964,38.6406640533872],[-9.03824193674696,38.6409642753354],[-9.03817543484794,38.641098435206],[-9.0361841073817,38.6402981052741],[-9.03618556988808,38.6401988386768],[-9.03603134271519,38.6402051403338],[-9.03581341562931,38.6401139508736],[-9.03589312196707,38.6400280835102],[-9.03596333427101,38.6399493633951],[-9.03599900158036,38.6399093742816],[-9.03615799644519,38.6397453425607],[-9.03636630585439,38.639596693071],[-9.03671883424244,38.6393761052465],[-9.03700286474009,38.6391942650387],[-9.0372976656952,38.6390151478081],[-9.03747525351995,38.6389071106241],[-9.03758492808494,38.6388045626089],[-9.03788897023631,38.6385081289179],[-9.03811913980105,38.6383126670956],[-9.03829587736209,38.6381372675528],[-9.03870249775746,38.6377439516897],[-9.03876793248669,38.6377385888911],[-9.03877537294436,38.6377379790955],[-9.03906492465144,38.6377297899977],[-9.03943223072726,38.6377158452118]]]}},{"type":"Feature","id":"CRUS_Moita_V.379827","properties":{"Area_Ha":16.5296293803715,"Autor":"DGT","Categoria":"Espaço Habitacional","Classe":"Solo Urbano","DTCC":"1506","Data_PublicacaoPDM":"2025-04-14T00:00:00","Designacao_PlantaOrdenamento":"Solo Urbano - Espaços Habitacionais - Tipo 0","Escala_PlantaOrdenamento":"1/12000","Fonte":"CM - Vectorial e Raster","ID":379827,"Municipio":"MOITA"},"geometry":{"type":"Polygon","coordinates":[[[-9.02228239207658,38.6441781517972],[-9.02221117501952,38.6442114617408],[-9.02220858646981,38.6442031631631],[-9.02212142335324,38.6442202680221],[-9.02190141596524,38.6442876455034],[-9.0219054670204,38.6443031271267],[-9.02188867720972,38.6443069654509],[-9.02188780291014,38.6443040445153],[-9.0218470449091,38.6443164830128],[-9.01935736036934,38.6450762482068],[-9.01989411355649,38.6467349557943],[-9.01989411246458,38.6467351467734],[-9.01988989246733,38.6467365596997],[-9.01975631108222,38.6463219926591],[-9.01935427800153,38.6450738700098],[-9.01935230797551,38.645068265706],[-9.01934862384501,38.6450577848122],[-9.01930704141303,38.6449394843777],[-9.01932396891485,38.6439539137137],[-9.01908793929061,38.643984117513],[-9.01900677934912,38.6439943996223],[-9.0188961963272,38.6440084095109],[-9.01872984348309,38.643520680687],[-9.01855478954078,38.6429854071094],[-9.01876431625579,38.6429329551479],[-9.01896329082082,38.6428831437126],[-9.01896629319884,38.6428823922243],[-9.01734024056109,38.6394125164377],[-9.01722275591288,38.6391532873123],[-9.01815943975534,38.6390261359887],[-9.01836331249287,38.639721710001],[-9.01836431182985,38.6397215312853],[-9.02021989033204,38.6393896440395],[-9.0198625017081,38.6387047144476],[-9.01981913976316,38.6386415001911],[-9.01975990709815,38.6385596108645],[-9.01942440796498,38.6382472634241],[-9.01903220627996,38.6378911976461],[-9.01884012886551,38.6377079271212],[-9.01870303664873,38.6375770327578],[-9.01862263601133,38.6375008718633],[-9.01861809869759,38.637500909811],[-9.01870003671926,38.6374505677025],[-9.01871407672412,38.6374586407492],[-9.01899839051519,38.637726814077],[-9.01984060480455,38.6385229471129],[-9.01999617150261,38.6386947435226],[-9.0209633933719,38.640699559024],[-9.02211177084605,38.64046030234],[-9.02242307995496,38.6407057075535],[-9.02180356133042,38.6408378850779],[-9.02186786079062,38.6410094839952],[-9.02115863447696,38.6411585559388],[-9.0215296199467,38.6423551414123],[-9.02152977699987,38.6423551167985],[-9.02201269985748,38.642279044118],[-9.02205808271297,38.6424720276362],[-9.02206332079681,38.6424906615488],[-9.02206334228192,38.6424907271444],[-9.02211404808005,38.6426274733765],[-9.02216978727091,38.6427777943148],[-9.02220174124999,38.6428639595084],[-9.02250622807741,38.6434605955328],[-9.02208060799285,38.6435904008249],[-9.02206067177564,38.6435964809081],[-9.02206176859606,38.643598679155],[-9.02202823083226,38.6436134161689],[-9.02228239207658,38.6441781517972]]]}},{"type":"Feature","id":"CRUS_Moita_V.379828","properties":{"Area_Ha":1.64932970945463,"Autor":"DGT","Categoria":"Espaço Habitacional","Classe":"Solo Urbano","DTCC":"1506","Data_PublicacaoPDM":"2025-04-14T00:00:00","Designacao_PlantaOrdenamento":"Solo Urbano - Espaços Habitacionais - Tipo 0","Escala_PlantaOrdenamento":"1/12000","Fonte":"CM - Vectorial e Raster","ID":379828,"Municipio":"MOITA"},"geometry":{"type":"Polygon","coordinates":[[[-9.02266179705339,38.64514492538],[-9.02262968190452,38.6451470770556],[-9.02262930945755,38.6451471020091],[-9.02256396444009,38.6450555195746],[-9.02241006338266,38.6446142996666],[-9.02236703507861,38.6444673079642],[-9.02242500379582,38.6444561948346],[-9.02242333818836,38.6444503289084],[-9.0224230800124,38.6444494210569],[-9.02242329444,38.6444493915018],[-9.02242322571324,38.6444479201071],[-9.02258294876249,38.6444259151872],[-9.02429794217043,38.6441896273245],[-9.02436017633036,38.6443354503945],[-9.02438751451591,38.644399505607],[-9.02449555002684,38.6446526466571],[-9.02470631404314,38.645145832413],[-9.02266179705339,38.64514492538]]]}},{"type":"Feature","id":"CRUS_Moita_V.379829","properties":{"Area_Ha":0.758350438893714,"Autor":"DGT","Categoria":"Espaço Verde","Classe":"Solo Urbano","DTCC":"1506","Data_PublicacaoPDM":"2025-04-14T00:00:00","Designacao_PlantaOrdenamento":"Solo Urbano - Espaços Verdes - Recreio, lazer, desporto, cultura","Escala_PlantaOrdenamento":"1/12000","Fonte":"CM - Vectorial e Raster","ID":379829,"Municipio":"MOITA"},"geometry":{"type":"Polygon","coordinates":[[[-9.02228239207658,38.6441781517972],[-9.02236703507861,38.6444673079642],[-9.02241006338266,38.6446142996666],[-9.02256396444009,38.6450555195746],[-9.02262930945755,38.6451471020091],[-9.02262968190452,38.6451470770556],[-9.02264019130241,38.6451623531198],[-9.02310139149869,38.6458327288454],[-9.0230744628481,38.6458454287267],[-9.02307036793169,38.6458395748004],[-9.02306209469027,38.6458418993162],[-9.02265201136888,38.6459571186725],[-9.02220060083931,38.6452635897092],[-9.02208508211291,38.6449631255086],[-9.02188867720972,38.6443069654509],[-9.0219054670204,38.6443031271267],[-9.02190141596524,38.6442876455034],[-9.02212142335324,38.6442202680221],[-9.02220858646981,38.6442031631631],[-9.02221117501952,38.6442114617408],[-9.02228239207658,38.6441781517972]]]}},{"type":"Feature","id":"CRUS_Moita_V.379830","properties":{"Area_Ha":8.36119834451525,"Autor":"DGT","Categoria":"Espaço Habitacional","Classe":"Solo Urbano","DTCC":"1506","Data_PublicacaoPDM":"2025-04-14T00:00:00","Designacao_PlantaOrdenamento":"Solo Urbano - Espaços Habitacionais - Tipo 2","Escala_PlantaOrdenamento":"1/12000","Fonte":"CM - Vectorial e Raster","ID":379830,"Municipio":"MOITA"},"geometry":{"type":"Polygon","coordinates":[[[-9.02469639841502,38.6482081501796],[-9.02468379397948,38.6481787302123],[-9.02461289194894,38.648039828615],[-9.02454198809288,38.6479260639607],[-9.0236752294201,38.6467045569544],[-9.02367184356644,38.6466997852374],[-9.02367180158338,38.6466997970206],[-9.02367119516125,38.6466983617705],[-9.02367108260432,38.646698320143],[-9.02307633081576,38.645848099097],[-9.0230744628481,38.6458454287267],[-9.02310139149869,38.6458327288454],[-9.02264019130241,38.6451623531198],[-9.02262968190452,38.6451470770556],[-9.02266179705339,38.64514492538],[-9.02470631404314,38.645145832413],[-9.02472598709474,38.6451730183216],[-9.02477537658425,38.6452412643539],[-9.02612720885563,38.644885134743],[-9.02625810661553,38.6448308878667],[-9.02626000426932,38.6448326551719],[-9.02626009580446,38.644832626548],[-9.0263196631813,38.6448880883509],[-9.02627542060913,38.6449141225488],[-9.02669852080292,38.6458650310468],[-9.02670123908824,38.6458660029699],[-9.02743043108402,38.6474783816111],[-9.02724106575955,38.647529609513],[-9.02724085053462,38.6475296679088],[-9.02569431094453,38.6479458684613],[-9.02541267935618,38.6480191870307],[-9.02514445850114,38.6480904100757],[-9.02491900033518,38.6481522750242],[-9.02491896598958,38.6481522842941],[-9.0249144882255,38.6481534732642],[-9.02490561545168,38.6481559478601],[-9.02480183570702,38.6481848954764],[-9.02469639841502,38.6482081501796]],[[-9.02526785003236,38.6465366325814],[-9.02393393793168,38.64690088164],[-9.02432402091486,38.6474343229904],[-9.02502429222404,38.6472474689174],[-9.02553676296399,38.6471108744186],[-9.02553669925462,38.647110738883],[-9.02553676222424,38.6471107221881],[-9.02526785003236,38.6465366325814]]]}},{"type":"Feature","id":"CRUS_Moita_V.379831","properties":{"Area_Ha":9.66420900039747,"Autor":"DGT","Categoria":"Espaço Habitacional","Classe":"Solo Urbano","DTCC":"1506","Data_PublicacaoPDM":"2025-04-14T00:00:00","Designacao_PlantaOrdenamento":"Solo Urbano - Espaços Habitacionais - Tipo 1","Escala_PlantaOrdenamento":"1/12000","Fonte":"CM - Vectorial e Raster","ID":379831,"Municipio":"MOITA"},"geometry":{"type":"Polygon","coordinates":[[[-9.00914993219514,38.67607422124],[-9.00704060721552,38.6739495114],[-9.00657769067215,38.6734720014069],[-9.00632565118399,38.6731515321712],[-9.00588917518528,38.6726086866867],[-9.00547377577978,38.6721317868042],[-9.00582514452101,38.6719263001287],[-9.00616459194806,38.6717295094624],[-9.00639341731934,38.6714611949713],[-9.00655234986766,38.6712481077783],[-9.00663894567586,38.6711218512767],[-9.00689183927048,38.6708702127599],[-9.00694816469372,38.6708898906538],[-9.0070047883993,38.6709127407212],[-9.00705565705398,38.6709313792729],[-9.00782614166187,38.6716997801203],[-9.00805067286782,38.6715755518117],[-9.0080987324135,38.6715553446123],[-9.00811464621613,38.6715486534606],[-9.00823819504832,38.6716930075482],[-9.00842437664664,38.6719242263309],[-9.00862427601667,38.672186705534],[-9.00866447074397,38.6722020863431],[-9.00869793452715,38.6722122902933],[-9.0087752611859,38.6722047084433],[-9.00894477502734,38.6722410728449],[-9.00911098346323,38.6722784112284],[-9.00911220600634,38.6722769914146],[-9.00911245945944,38.672277045366],[-9.0091860190085,38.6725189084628],[-9.00922257045722,38.6726464981804],[-9.00927916285805,38.6728409925873],[-9.0090701360826,38.6728783310038],[-9.00936891569179,38.6745983405271],[-9.00962567473925,38.6760378050338],[-9.00949983598405,38.6760449176395],[-9.00941379909099,38.6760545671921],[-9.00914993219514,38.67607422124]]]}},{"type":"Feature","id":"CRUS_Moita_V.379832","properties":{"Area_Ha":1.73480468630616,"Autor":"DGT","Categoria":"Espaço Central","Classe":"Solo Urbano","DTCC":"1506","Data_PublicacaoPDM":"2025-04-14T00:00:00","Designacao_PlantaOrdenamento":"Solo Urbano - Espaços Centrais - Núcleos Antigos","Escala_PlantaOrdenamento":"1/12000","Fonte":"CM - Vectorial e Raster","ID":379832,"Municipio":"MOITA"},"geometry":{"type":"Polygon","coordinates":[[[-9.0080987324135,38.6715553446123],[-9.00805067286782,38.6715755518117],[-9.00782614166187,38.6716997801203],[-9.00705565705398,38.6709313792729],[-9.0070047883993,38.6709127407212],[-9.00694816469372,38.6708898906538],[-9.00689183927048,38.6708702127599],[-9.00663894567586,38.6711218512767],[-9.00655234986766,38.6712481077783],[-9.00639341731934,38.6714611949713],[-9.00616459194806,38.6717295094624],[-9.00582514452101,38.6719263001287],[-9.00547377577978,38.6721317868042],[-9.00537497428095,38.6720236571901],[-9.00528174062192,38.6719160273509],[-9.00561546094023,38.6716750848883],[-9.00596665909943,38.6714156463657],[-9.00582026103138,38.6713031088774],[-9.00523046785591,38.6708701009315],[-9.00515396996969,38.6708139378594],[-9.00517801830489,38.6707904430636],[-9.00518407390192,38.6706284836918],[-9.00518444246038,38.6706186264301],[-9.00518445164706,38.6706182471235],[-9.00518472491565,38.6706182570606],[-9.00518755692516,38.6705737696181],[-9.00669942276035,38.6706329100818],[-9.0069651772605,38.6706479657964],[-9.00709563361719,38.670663444438],[-9.00726778084101,38.6707136235591],[-9.00736008989628,38.6707652059677],[-9.00759631776342,38.6709999724476],[-9.00793589184675,38.6713711804425],[-9.00802282474911,38.6714694971596],[-9.00803248482074,38.6714641972989],[-9.00811464621613,38.6715486534606],[-9.0080987324135,38.6715553446123]]]}},{"type":"Feature","id":"CRUS_Moita_V.379833","properties":{"Area_Ha":0.433698787376448,"Autor":"DGT","Categoria":"Espaço de Atividades Económicas","Classe":"Solo Urbano","DTCC":"1506","Data_PublicacaoPDM":"2025-04-14T00:00:00","Designacao_PlantaOrdenamento":"Solo Urbano - Espaços de Atividades Económicas","Escala_PlantaOrdenamento":"1/12000","Fonte":"CM - Vectorial e Raster","ID":379833,"Municipio":"MOITA"},"geometry":{"type":"Polygon","coordinates":[[[-9.00802282474911,38.6714694971596],[-9.00793589184675,38.6713711804425],[-9.00759631776342,38.6709999724476],[-9.00736008989628,38.6707652059677],[-9.00726778084101,38.6707136235591],[-9.00709563361719,38.670663444438],[-9.00713283778317,38.6705913943794],[-9.00724106185227,38.6704455247554],[-9.00730999681499,38.6703534491973],[-9.00731312787483,38.6703568443414],[-9.00759215661269,38.6705788349265],[-9.00796490476484,38.6706332708068],[-9.00799196502262,38.6706467921208],[-9.00809901425061,38.6707002826919],[-9.00800245570054,38.6712196260824],[-9.00814461259027,38.6713934381412],[-9.00808928038143,38.6714306796314],[-9.00805357012096,38.671452629144],[-9.00803248482074,38.6714641972989],[-9.00802282474911,38.6714694971596]]]}},{"type":"Feature","id":"CRUS_Moita_V.379834","properties":{"Area_Ha":2.02683643033847,"Autor":"DGT","Categoria":"Espaço Verde","Classe":"Solo Urbano","DTCC":"1506","Data_PublicacaoPDM":"2025-04-14T00:00:00","Designacao_PlantaOrdenamento":"Solo Urbano - Espaços Verdes - Recreio, lazer, desporto, cultura","Escala_PlantaOrdenamento":"1/12000","Fonte":"CM - Vectorial e Raster","ID":379834,"Municipio":"MOITA"},"geometry":{"type":"Polygon","coordinates":[[[-9.00713283778317,38.6705913943794],[-9.00709563361719,38.670663444438],[-9.0069651772605,38.6706479657964],[-9.00669942276035,38.6706329100818],[-9.00518755692517,38.6705737696181],[-9.00455209528654,38.6705489060581],[-9.00439162929717,38.6705429503631],[-9.00438965619731,38.6704919598576],[-9.00438111555768,38.6703632410595],[-9.00426751397882,38.6703535253636],[-9.00425552969626,38.6702805378714],[-9.00413307436414,38.6702519062656],[-9.00415662511061,38.6700364740363],[-9.00358279208814,38.6699203161027],[-9.00358245433913,38.6699202267345],[-9.0034828178534,38.6698937216556],[-9.00346582006866,38.669880424378],[-9.00360581784642,38.6697664388618],[-9.00415380638551,38.6699191663085],[-9.00434960751873,38.6699212606751],[-9.0045142346043,38.6699100208875],[-9.0046312403336,38.6699024128566],[-9.00490482544893,38.6698479651521],[-9.00514308461447,38.669855579808],[-9.0055619665949,38.6698898482137],[-9.0061039568643,38.6698648341395],[-9.00641222687868,38.6698772833901],[-9.00676896064206,38.6699945556952],[-9.00702913474129,38.6701202052782],[-9.0072702124396,38.6703065841186],[-9.00730999681499,38.6703534491973],[-9.00724106185227,38.6704455247554],[-9.00713283778317,38.6705913943794]]]}},{"type":"Feature","id":"CRUS_Moita_V.379835","properties":{"Area_Ha":0.240123740365745,"Autor":"DGT","Categoria":"Espaço Habitacional","Classe":"Solo Urbano","DTCC":"1506","Data_PublicacaoPDM":"2025-04-14T00:00:00","Designacao_PlantaOrdenamento":"Solo Urbano - Espaços Habitacionais - Tipo 1","Escala_PlantaOrdenamento":"1/12000","Fonte":"CM - Vectorial e Raster","ID":379835,"Municipio":"MOITA"},"geometry":{"type":"Polygon","coordinates":[[[-9.00438965619731,38.6704919598576],[-9.00439162929717,38.6705429503631],[-9.00419609613151,38.6705356928507],[-9.0042020958025,38.6704878166491],[-9.00420238231549,38.6704878301961],[-9.0042038700096,38.670473658812],[-9.00421579247877,38.67036008831],[-9.00362831426573,38.6703267629154],[-9.00357334673227,38.6703004992467],[-9.00358279208814,38.6699203161027],[-9.00415662511061,38.6700364740363],[-9.00413307436414,38.6702519062656],[-9.00425552969626,38.6702805378714],[-9.00426751397882,38.6703535253636],[-9.00438111555768,38.6703632410595],[-9.00438965619731,38.6704919598576]]]}},{"type":"Feature","id":"CRUS_Moita_V.379836","properties":{"Area_Ha":17.9740779375333,"Autor":"DGT","Categoria":"Espaço Central","Classe":"Solo Urbano","DTCC":"1506","Data_PublicacaoPDM":"2025-04-14T00:00:00","Designacao_PlantaOrdenamento":"Solo Urbano - Espaços Centrais - Núcleos Antigos","Escala_PlantaOrdenamento":"1/12000","Fonte":"CM - Vectorial e Raster","ID":379836,"Municipio":"MOITA"},"geometry":{"type":"Polygon","coordinates":[[[-8.98964585668791,38.6435360889975],[-8.98965728950808,38.6435387509488],[-8.98975687924646,38.6435619390548],[-8.98975943074197,38.6435625536384],[-8.9897591935993,38.6435627022067],[-8.98975503979278,38.6435617021004],[-8.9897560548855,38.6435646691349],[-8.99004471878756,38.6444080478029],[-8.99005406245896,38.6444061813436],[-8.99027538826092,38.6443619597039],[-8.99092582446037,38.6462745825872],[-8.99063212205593,38.6463395231474],[-8.99082390073448,38.6469260777736],[-8.99140030968377,38.6467129986845],[-8.99153937487605,38.6470961320689],[-8.99165136928923,38.647388858943],[-8.99168923447407,38.6474878256728],[-8.99255356005672,38.6471511958215],[-8.99260505535797,38.6473184270779],[-8.99260458560366,38.6473270845848],[-8.99265885486327,38.6475186100187],[-8.99276670213233,38.64791295028],[-8.99198099539979,38.6480258205028],[-8.99178924692788,38.6480533651229],[-8.99194481516944,38.6486985593875],[-8.99202285779249,38.6490337685145],[-8.99206393174999,38.6492101926424],[-8.99208896385632,38.6493177066114],[-8.99208916856466,38.649318592403],[-8.99260006656801,38.6498414063452],[-8.99289326497812,38.650133930814],[-8.9931410734083,38.6503602060197],[-8.99314248281013,38.6503616405514],[-8.99382747099782,38.651058690159],[-8.9936990860636,38.6511403758662],[-8.99403141641102,38.6514832465128],[-8.99408479812983,38.6515705633468],[-8.99409114417837,38.6516705980448],[-8.99399613783493,38.6521371908128],[-8.99393619167109,38.6524315966517],[-8.99392071261394,38.6525641894602],[-8.99393920819633,38.6526650238365],[-8.99394864660105,38.6526852936842],[-8.99463816195493,38.6534441514833],[-8.99464443200158,38.6534593091104],[-8.99469281917822,38.6535762890303],[-8.99474211132446,38.6540351875614],[-8.99475664233477,38.6540884145515],[-8.99475957522286,38.654099158481],[-8.99476684050047,38.6541209576182],[-8.99487832423354,38.6544035263286],[-8.99495812046603,38.6545458278755],[-8.9955445304128,38.6553952562709],[-8.99556553229668,38.6554256774743],[-8.99524267559064,38.6555661069433],[-8.99490263828052,38.6557140072754],[-8.99530720866373,38.6563237152287],[-8.99535022324986,38.6563885390225],[-8.99572807045091,38.6569457650943],[-8.99558386312831,38.6570079580706],[-8.99546529040816,38.657056675246],[-8.99546003563503,38.657058834235],[-8.99545989666073,38.6570586335334],[-8.99544901950069,38.6570625657848],[-8.9942466783183,38.6553100489637],[-8.99398453581227,38.65522108003],[-8.99375038088866,38.6552591137055],[-8.99372251592967,38.6552638452756],[-8.99099079627713,38.656136897008],[-8.99076567955281,38.6557855922129],[-8.99298128993286,38.6549418877278],[-8.99293855682968,38.6548787355638],[-8.99313150548319,38.6547908901407],[-8.99293146314495,38.6544856281685],[-8.99326249921605,38.6543333101179],[-8.99258842868156,38.6533774361679],[-8.99298408177476,38.6532063586232],[-8.99280779114035,38.6529655311733],[-8.99240887830993,38.6520229893444],[-8.99232776872427,38.6519329838311],[-8.9921999016021,38.6519725036405],[-8.99178415921394,38.6514571717436],[-8.99183363016705,38.6514353711835],[-8.991252197416,38.6506259871024],[-8.99129772990558,38.6506045525624],[-8.99125599138295,38.6505286153797],[-8.99133771584613,38.6504827538676],[-8.99136047420905,38.6503404422707],[-8.99144024913323,38.6503488866204],[-8.99145565085084,38.6502442151507],[-8.99130310525603,38.6496926749419],[-8.99114093910404,38.6491875290444],[-8.99102470690133,38.6488096119961],[-8.99086385124132,38.6486058426739],[-8.99044774540773,38.6482610121737],[-8.99007208288767,38.6480372892832],[-8.9891707059714,38.647679498203],[-8.98928849108468,38.6474940526312],[-8.99001981163875,38.6476562478663],[-8.99053880769733,38.6473191326235],[-8.99013026451349,38.6462106120133],[-8.99009952499778,38.646127202563],[-8.99009247684414,38.6461080778808],[-8.99007861959326,38.6460704787986],[-8.99010878031549,38.6460640629887],[-8.98990457376827,38.6455408978529],[-8.99007770547193,38.6455002931853],[-8.98993042392219,38.6451187296515],[-8.98973759201059,38.6451617808282],[-8.98918485587815,38.6436528599435],[-8.98918475496428,38.643652584134],[-8.98918535160427,38.6436524338368],[-8.9894514825073,38.6435853890848],[-8.98963954039246,38.643538012529],[-8.98964218689572,38.6435373454705],[-8.98964193461013,38.6435372833604],[-8.98964585668791,38.6435360889975]]]}},{"type":"Feature","id":"CRUS_Moita_V.379837","properties":{"Area_Ha":0.854659519101679,"Autor":"DGT","Categoria":"Espaço Habitacional","Classe":"Solo Urbano","DTCC":"1506","Data_PublicacaoPDM":"2025-04-14T00:00:00","Designacao_PlantaOrdenamento":"Solo Urbano - Espaços Habitacionais - Tipo 0","Escala_PlantaOrdenamento":"1/12000","Fonte":"CM - Vectorial e Raster","ID":379837,"Municipio":"MOITA"},"geometry":{"type":"Polygon","coordinates":[[[-8.9781737842235,38.635632264201],[-8.97817337558088,38.6356323806548],[-8.97817371787337,38.6356325799636],[-8.97811500827375,38.6356500833887],[-8.97807534401739,38.6356630866068],[-8.97801367020605,38.6356878367857],[-8.97794728595023,38.6357197886922],[-8.97789723599933,38.6357522765984],[-8.97785251205832,38.6357826550641],[-8.97660005997352,38.63734536803],[-8.9760406799947,38.638043292594],[-8.9760004468419,38.6380920036956],[-8.97595518355242,38.638123691493],[-8.97592964329761,38.6381388532581],[-8.97591467447287,38.6381470854998],[-8.97584812227853,38.6381723245923],[-8.97582602649201,38.6381739574864],[-8.97578737127047,38.6381762807717],[-8.97577295275562,38.6381718760786],[-8.97573311925024,38.638158815122],[-8.9757322257912,38.6381585221667],[-8.97564371830083,38.6380925312516],[-8.97564432971087,38.6380917800771],[-8.97677885139927,38.6367200023759],[-8.97782310293452,38.6354573147547],[-8.97783866565036,38.6354364591658],[-8.97785488502195,38.63544342629],[-8.97815723155693,38.6356049171763],[-8.9781974453421,38.6356255137688],[-8.9781737842235,38.635632264201]]]}},{"type":"Feature","id":"CRUS_Moita_V.379838","properties":{"Area_Ha":1.39479571605048,"Autor":"DGT","Categoria":"Espaço de Uso Especial Equipamentos e Infraestruturas","Classe":"Solo Urbano","DTCC":"1506","Data_PublicacaoPDM":"2025-04-14T00:00:00","Designacao_PlantaOrdenamento":"Solo Urbano - Espaços de Uso Especial - Espaços Canais","Escala_PlantaOrdenamento":"1/12000","Fonte":"CM - Vectorial e Raster","ID":379838,"Municipio":"MOITA"},"geometry":{"type":"Polygon","coordinates":[[[-8.98604520788709,38.6634209011938],[-8.98618806014009,38.6634524082405],[-8.98604261705506,38.6637951713605],[-8.98575025585582,38.6643061876019],[-8.9853831254353,38.6646884517878],[-8.98536084676573,38.6646741607079],[-8.98493035213089,38.6650427587315],[-8.98479892307026,38.6651401434104],[-8.9829480918781,38.6660799020611],[-8.98054417132669,38.667318259228],[-8.97952388231412,38.6678472727633],[-8.97944140485972,38.667894916843],[-8.97937166722605,38.6679509362515],[-8.97884772091217,38.6686664645862],[-8.97854463190325,38.6691062442717],[-8.97819447694295,38.6696112824299],[-8.97818039628887,38.6696327476522],[-8.97816765531494,38.6696526420988],[-8.97816757509606,38.6696527579814],[-8.97807476093956,38.6696071046767],[-8.97824832423754,38.669333164455],[-8.97851627694028,38.6689343414832],[-8.97868770823789,38.6686959905841],[-8.97819441293067,38.6684399160547],[-8.97843968322176,38.6682902233453],[-8.97874631882755,38.6681071413206],[-8.9787815225304,38.6680888175421],[-8.97890095350897,38.6679458339578],[-8.97890405308068,38.667947359126],[-8.97909629354466,38.6680391957741],[-8.97909682276513,38.6680394486755],[-8.97925190672267,38.6678942313804],[-8.97940564108312,38.6677750695158],[-8.98052495875697,38.6671982481756],[-8.98172362314135,38.6665817022905],[-8.98172814587083,38.6665865977792],[-8.98196767836216,38.6664676612627],[-8.98245507073622,38.6662190643616],[-8.98245637667997,38.6662191242401],[-8.98427439922666,38.6653126725587],[-8.98477551914237,38.6650274690883],[-8.98528271414365,38.6646104305355],[-8.98555726674501,38.6643468162577],[-8.98565850054079,38.664220098111],[-8.98578568117069,38.6640214533072],[-8.98587934605596,38.6638298330872],[-8.98604520788709,38.6634209011938]]]}},{"type":"Feature","id":"CRUS_Moita_V.379839","properties":{"Area_Ha":8.69191788700283,"Autor":"DGT","Categoria":"Espaço de Uso Especial Equipamentos e Infraestruturas","Classe":"Solo Urbano","DTCC":"1506","Data_PublicacaoPDM":"2025-04-14T00:00:00","Designacao_PlantaOrdenamento":"Solo Urbano - Espaços de Uso Especial - Equipamentos","Escala_PlantaOrdenamento":"1/12000","Fonte":"CM - Vectorial e Raster","ID":379839,"Municipio":"MOITA"},"geometry":{"type":"Polygon","coordinates":[[[-9.02502109155398,38.648720797693],[-9.02501866432566,38.648721470026],[-9.02501934181694,38.6487229675311],[-9.02495248524139,38.6488058758439],[-9.02495376690851,38.6488088673229],[-9.02495378111588,38.6488089014452],[-9.02408978230741,38.6490414011998],[-9.02321327700908,38.6492788577051],[-9.0232132559443,38.6492788263372],[-9.02268415737217,38.6481204311489],[-9.02248390155726,38.6481798927791],[-9.0221625482111,38.6482708262246],[-9.02207854179081,38.6482954954555],[-9.02191930636091,38.6483395720991],[-9.02074974184038,38.6486654174906],[-9.02030658333,38.6476445165567],[-9.02030647456248,38.6476442660568],[-9.02367180158338,38.6466997970206],[-9.02367184356644,38.6466997852374],[-9.0236752294201,38.6467045569544],[-9.02454198809288,38.6479260639607],[-9.02461289194894,38.648039828615],[-9.02468379397948,38.6481787302123],[-9.02469639841502,38.6482081501796],[-9.02480183570702,38.6481848954764],[-9.02490561545168,38.6481559478601],[-9.0249144882255,38.6481534732642],[-9.02491896598958,38.6481522842941],[-9.02491900033518,38.6481522750242],[-9.02514445850114,38.6480904100757],[-9.02541267935618,38.6480191870307],[-9.02569431094453,38.6479458684613],[-9.02724085053462,38.6475296679088],[-9.02724106575955,38.647529609513],[-9.02743043108402,38.6474783816111],[-9.02743053755335,38.6474783528722],[-9.02797586299912,38.6486818352963],[-9.02790750138272,38.6486995149779],[-9.02693677060358,38.6489505673471],[-9.02679236067719,38.6489224287752],[-9.02580148053906,38.648504603019],[-9.02502129613274,38.6487207410254],[-9.02502109155398,38.648720797693]]]}},{"type":"Feature","id":"CRUS_Moita_V.379840","properties":{"Area_Ha":9.56576241907917,"Autor":"DGT","Categoria":"Espaço Central","Classe":"Solo Urbano","DTCC":"1506","Data_PublicacaoPDM":"2025-04-14T00:00:00","Designacao_PlantaOrdenamento":"Solo Urbano - Espaços Centrais - Núcleos Consolidados","Escala_PlantaOrdenamento":"1/12000","Fonte":"CM - Vectorial e Raster","ID":379840,"Municipio":"MOITA"},"geometry":{"type":"Polygon","coordinates":[[[-9.0505638279981,38.6614754206742],[-9.05054182466975,38.6614981857855],[-9.05045247954251,38.6615155567914],[-9.05026783653815,38.6615514550649],[-9.04979549388803,38.6616476757022],[-9.04954283669297,38.6617049477207],[-9.04948888190265,38.6617239530992],[-9.04947978393767,38.6617257692324],[-9.04946771341731,38.6617152973926],[-9.04945631407131,38.6617043014311],[-9.04944558568756,38.6616933056169],[-9.04943127966712,38.6616795174185],[-9.04943883547943,38.6612296165945],[-9.04909938038173,38.6612287875805],[-9.04910175237936,38.6610627178439],[-9.04891361437878,38.6610773752133],[-9.0488879923526,38.6610548620991],[-9.04866703246523,38.6610804955937],[-9.04864718243479,38.6609710819002],[-9.04845753177571,38.6609850396427],[-9.04845093317204,38.6609600877162],[-9.04765968066349,38.6608291868415],[-9.04766772721151,38.660798817334],[-9.04733846513747,38.6607377488232],[-9.04733676849145,38.6607529496111],[-9.04708032442126,38.6607506461297],[-9.04707714380035,38.6608692841241],[-9.04657138625566,38.6608746466064],[-9.04660056701479,38.6614571449866],[-9.04642598027714,38.6614570049429],[-9.04642535821615,38.6615608921134],[-9.04630300576711,38.6615583054873],[-9.0459969235676,38.6617452619853],[-9.04599433434607,38.6620854530211],[-9.04573406337798,38.6620849789823],[-9.04571692221435,38.662084928063],[-9.04573362921129,38.6609774018638],[-9.04415739698489,38.6609814980161],[-9.04415957682977,38.661202779362],[-9.04404587128048,38.6612722628775],[-9.0439935239638,38.6613042508851],[-9.04357581806886,38.6613067437375],[-9.04260081516852,38.6613050608799],[-9.04244589962408,38.6612091300383],[-9.04235389596984,38.6611461333238],[-9.04213228018164,38.6608507342779],[-9.04185966680433,38.6604560175773],[-9.0414167319425,38.6598146806276],[-9.04141629359281,38.6598140849978],[-9.04101350463323,38.6594322784429],[-9.04074775167839,38.6592194553265],[-9.04035466507351,38.6589208981202],[-9.04004552160991,38.6588062767601],[-9.04004513955909,38.658806135594],[-9.03961733849288,38.6586415232985],[-9.03943472404628,38.6585613959498],[-9.03935506742079,38.6584667694386],[-9.03940606730623,38.658178183959],[-9.03942307321701,38.6580819527745],[-9.03956520174706,38.6581022099377],[-9.04110306146976,38.6586860111074],[-9.04218558430298,38.6590785741382],[-9.04381523177105,38.6596959949117],[-9.04482795184306,38.6600547077817],[-9.04513581132509,38.6601353660299],[-9.04592308912498,38.6602867490943],[-9.0470177965079,38.6604844145038],[-9.04853371186256,38.660770424369],[-9.0493756812648,38.6609127638133],[-9.04980094033293,38.6610325871111],[-9.05016472913126,38.6612015801792],[-9.05038910297729,38.6613229761843],[-9.0505638279981,38.6614754206742]]]}},{"type":"Feature","id":"CRUS_Moita_V.379841","properties":{"Area_Ha":5.50672908287393,"Autor":"DGT","Categoria":"Área de Edificação Dispersa","Classe":"Solo Rústico","DTCC":"1506","Data_PublicacaoPDM":"2025-04-14T00:00:00","Designacao_PlantaOrdenamento":"Solo Rústico - Áreas de Edificação Dispersa","Escala_PlantaOrdenamento":"1/12000","Fonte":"CM - Vectorial e Raster","ID":379841,"Municipio":"MOITA"},"geometry":{"type":"Polygon","coordinates":[[[-8.9889122697731,38.6351442061667],[-8.98895018197201,38.635157224769],[-8.98930000866727,38.6354898093459],[-8.98963003324982,38.6358116137129],[-8.98971765650118,38.6365160462442],[-8.98976075365394,38.6369027380398],[-8.9888559426081,38.6372603017755],[-8.98793862732541,38.6376227548127],[-8.98765822183989,38.6377259210234],[-8.98719833754928,38.6378951174506],[-8.98709607848737,38.6378241460659],[-8.98698309098518,38.637778316105],[-8.98684864522948,38.6377471519635],[-8.98670883474705,38.6377453184176],[-8.9865730479081,38.6377759592426],[-8.98651176747383,38.6378001768394],[-8.98643189684746,38.6378317409821],[-8.98636832655494,38.6378766244515],[-8.98632024985578,38.6379105689664],[-8.98625151752366,38.638010347487],[-8.98499892691118,38.6378825471025],[-8.98623005990855,38.6371660215938],[-8.9871653455835,38.6365380246079],[-8.98890806770099,38.6351474113577],[-8.9889122697731,38.6351442061667]]]}},{"type":"Feature","id":"CRUS_Moita_V.379842","properties":{"Area_Ha":10.4148928105993,"Autor":"DGT","Categoria":"Área de Edificação Dispersa","Classe":"Solo Rústico","DTCC":"1506","Data_PublicacaoPDM":"2025-04-14T00:00:00","Designacao_PlantaOrdenamento":"Solo Rústico - Áreas de Edificação Dispersa","Escala_PlantaOrdenamento":"1/12000","Fonte":"CM - Vectorial e Raster","ID":379842,"Municipio":"MOITA"},"geometry":{"type":"Polygon","coordinates":[[[-9.00524537116545,38.6389478912765],[-9.0052523586379,38.6389468293784],[-9.00491655790591,38.6382724589604],[-9.00461096431753,38.6372200914471],[-9.0047063494053,38.6372240830492],[-9.00540925002542,38.6372950884576],[-9.00582964173253,38.6373473293711],[-9.00663289444063,38.6374508482877],[-9.00932643048401,38.6379389011478],[-9.01020390569962,38.6381037925865],[-9.01015359653507,38.638120633828],[-9.01001948585263,38.6381688207855],[-9.01002007979512,38.6381698702784],[-9.01015593103364,38.6384101007886],[-9.01041146468813,38.6388497534564],[-9.01041297101995,38.6388523463948],[-9.00600385067152,38.6404870600381],[-9.00524537116545,38.6389478912765]]]}},{"type":"Feature","id":"CRUS_Moita_V.379843","properties":{"Area_Ha":24.8923667261515,"Autor":"DGT","Categoria":"Área de Edificação Dispersa","Classe":"Solo Rústico","DTCC":"1506","Data_PublicacaoPDM":"2025-04-14T00:00:00","Designacao_PlantaOrdenamento":"Solo Rústico - Áreas de Edificação Dispersa","Escala_PlantaOrdenamento":"1/12000","Fonte":"CM - Vectorial e Raster","ID":379843,"Municipio":"MOITA"},"geometry":{"type":"Polygon","coordinates":[[[-9.01428622396801,38.6375039797324],[-9.01627908683012,38.6364743381306],[-9.01752453718219,38.6358308246447],[-9.01787343578666,38.6363929009776],[-9.01836007986556,38.6371696962394],[-9.01838287835477,38.6371996205952],[-9.01774287237105,38.637434970479],[-9.01710286215936,38.6376703178024],[-9.01727501043695,38.6381834751491],[-9.01788623933228,38.6378663044391],[-9.01861309115634,38.6375014683813],[-9.01861413787332,38.6375009424942],[-9.01861809869759,38.637500909811],[-9.01862263601133,38.6375008718633],[-9.01870303664873,38.6375770327578],[-9.01884012886551,38.6377079271212],[-9.01903220627996,38.6378911976461],[-9.01942440796498,38.6382472634241],[-9.01975990709815,38.6385596108645],[-9.01981913976316,38.6386415001911],[-9.0198625017081,38.6387047144476],[-9.02021989033204,38.6393896440395],[-9.01836431182985,38.6397215312853],[-9.01836331249287,38.639721710001],[-9.01815943975534,38.6390261359887],[-9.01722275591288,38.6391532873123],[-9.01734024056109,38.6394125164377],[-9.01896629319884,38.6428823922243],[-9.01896329082082,38.6428831437126],[-9.01876431625579,38.6429329551479],[-9.01855478954078,38.6429854071094],[-9.01872984348309,38.643520680687],[-9.0188961963272,38.6440084095109],[-9.01900677934912,38.6439943996223],[-9.01908793929061,38.643984117513],[-9.01932396891485,38.6439539137137],[-9.01930704141303,38.6449394843777],[-9.01934862384501,38.6450577848122],[-9.01935230797551,38.645068265706],[-9.01935427800153,38.6450738700098],[-9.01975631108222,38.6463219926591],[-9.01988989246733,38.6467365596997],[-9.01989007638378,38.6467371294164],[-9.01989238912,38.6467820846183],[-9.01989289803479,38.6467919671049],[-9.01991168690208,38.6468560007826],[-9.01992824217387,38.6469021857067],[-9.0199501624409,38.6469640823468],[-9.01992096298923,38.6470265782227],[-9.01982980964369,38.6471938786691],[-9.01973906474399,38.647360428277],[-9.0190052162656,38.6476365389022],[-9.01900494096119,38.6476361031955],[-9.01894711234885,38.6475522680443],[-9.01888542126153,38.647463239238],[-9.01882329783625,38.6473702438193],[-9.0187387381319,38.6472250399726],[-9.0187209615634,38.6471813908862],[-9.01856029005761,38.646812353428],[-9.01818804688243,38.6458839586346],[-9.01621061617488,38.6410859533319],[-9.01580737088094,38.640093267135],[-9.0150124603539,38.6390488256698],[-9.01447241675711,38.6382869516703],[-9.01438326279999,38.6378499389686],[-9.01428616924142,38.6375040125737],[-9.01428622396801,38.6375039797324]]]}},{"type":"Feature","id":"CRUS_Moita_V.379844","properties":{"Area_Ha":23.3516875556273,"Autor":"DGT","Categoria":"Área de Edificação Dispersa","Classe":"Solo Rústico","DTCC":"1506","Data_PublicacaoPDM":"2025-04-14T00:00:00","Designacao_PlantaOrdenamento":"Solo Rústico - Áreas de Edificação Dispersa","Escala_PlantaOrdenamento":"1/12000","Fonte":"CM - Vectorial e Raster","ID":379844,"Municipio":"MOITA"},"geometry":{"type":"Polygon","coordinates":[[[-8.97714629442021,38.6405787082676],[-8.97622513444264,38.6404950464513],[-8.97399621812191,38.6403400146863],[-8.97181015467417,38.6402751465138],[-8.97181012578187,38.6402749341299],[-8.97116761269909,38.6355503215615],[-8.97128597904701,38.6355243752051],[-8.9713580527152,38.6355041968231],[-8.97144310442984,38.6354531744419],[-8.971511689301,38.6353886659747],[-8.97524571800612,38.638169956966],[-8.97564784530162,38.638469461482],[-8.97566811474957,38.6384805585023],[-8.97570846505561,38.6385007694072],[-8.97572207329221,38.6385062978485],[-8.97577834965347,38.6385271362851],[-8.97580019993027,38.6385345411878],[-8.97585074498655,38.6385464407041],[-8.97587601440551,38.6385514869646],[-8.97595273530356,38.6385582506181],[-8.97595521563527,38.6385562464634],[-8.97683766134049,38.6392518077752],[-8.97946920592047,38.6361859407775],[-8.97947013104593,38.6361862835988],[-8.97967071873384,38.63626092545],[-8.97976057166475,38.6363028285581],[-8.97985444958933,38.6363740634515],[-8.97992408978935,38.6364598452303],[-8.97992418194395,38.6364599661725],[-8.98070202719265,38.6375670184003],[-8.9808468666074,38.6376864386595],[-8.98103193878409,38.637774433363],[-8.98125456296292,38.6378184302448],[-8.98154424153505,38.6378372861666],[-8.98107697474193,38.6380675455566],[-8.98078017602036,38.6382137998593],[-8.98048726131396,38.638365006752],[-8.97998816173914,38.6386242453033],[-8.97989709130593,38.6386733716793],[-8.9793465097205,38.638977522445],[-8.97916117767004,38.6390822406957],[-8.97853271504553,38.6394778118731],[-8.97780255915355,38.6399993922292],[-8.97731382944016,38.6404196632255],[-8.97723124915706,38.6404906753738],[-8.97714781445032,38.6405788468349],[-8.97714629442021,38.6405787082676]]]}},{"type":"Feature","id":"CRUS_Moita_V.379845","properties":{"Area_Ha":5.216621734918,"Autor":"DGT","Categoria":"Área de Edificação Dispersa","Classe":"Solo Rústico","DTCC":"1506","Data_PublicacaoPDM":"2025-04-14T00:00:00","Designacao_PlantaOrdenamento":"Solo Rústico - Áreas de Edificação Dispersa","Escala_PlantaOrdenamento":"1/12000","Fonte":"CM - Vectorial e Raster","ID":379845,"Municipio":"MOITA"},"geometry":{"type":"Polygon","coordinates":[[[-8.946290423642,38.6376485788013],[-8.94644655073209,38.6373463919419],[-8.94681976300984,38.6366883142116],[-8.94715820103977,38.6360672753617],[-8.94719919083672,38.6359934569085],[-8.94720031076851,38.6359914394053],[-8.94833518257765,38.6362759625243],[-8.94972745745072,38.6366221807868],[-8.94972755995597,38.6366222061948],[-8.94969933984801,38.636802060034],[-8.94969923875459,38.6368026651838],[-8.94969922351482,38.6368027391567],[-8.94928196211623,38.638434080209],[-8.94779471312667,38.6380941348634],[-8.94703896500455,38.6379213824984],[-8.946290423642,38.6376485788013]]]}},{"type":"Feature","id":"CRUS_Moita_V.379846","properties":{"Area_Ha":2.76623721084248,"Autor":"DGT","Categoria":"Espaço de Ocupação Turística","Classe":"Solo Rústico","DTCC":"1506","Data_PublicacaoPDM":"2025-04-14T00:00:00","Designacao_PlantaOrdenamento":"Solo Rústico - Espaços de Ocupação Turística","Escala_PlantaOrdenamento":"1/12000","Fonte":"CM - Vectorial e Raster","ID":379846,"Municipio":"MOITA"},"geometry":{"type":"Polygon","coordinates":[[[-8.99276221800774,38.6835796678916],[-8.99216691498675,38.6835807787868],[-8.99235885081858,38.6817405247732],[-8.99280409779925,38.681740524253],[-8.99311523410927,38.6814997357702],[-8.99326275503201,38.6811877561105],[-8.99336199695727,38.6810694327282],[-8.99360339600655,38.6808600498077],[-8.9938209418916,38.6804376815204],[-8.99390328229359,38.6804603260895],[-8.99375456946369,38.6807716505571],[-8.99437071611304,38.6808809633434],[-8.9944163875143,38.6816261325604],[-8.99388799267955,38.6816638210546],[-8.99390408565932,38.6817077914557],[-8.99363854727028,38.6818376073048],[-8.99364927567227,38.6818920466996],[-8.99337569059935,38.6819862683212],[-8.99305650830727,38.6834246976129],[-8.99276682957436,38.6835796357939],[-8.99276221800774,38.6835796678916]]]}},{"type":"Feature","id":"CRUS_Moita_V.379847","properties":{"Area_Ha":1.10512177943373,"Autor":"DGT","Categoria":"Espaço Natural e Paisagístico","Classe":"Solo Rústico","DTCC":"1506","Data_PublicacaoPDM":"2025-04-14T00:00:00","Designacao_PlantaOrdenamento":"Solo Rústico - Espaços Naturais e Paisagísticos - Proteção à Rede Hídrica","Escala_PlantaOrdenamento":"1/12000","Fonte":"CM - Vectorial e Raster","ID":379847,"Municipio":"MOITA"},"geometry":{"type":"Polygon","coordinates":[[[-9.04464751102167,38.6456009015677],[-9.0446503716058,38.6455993064719],[-9.04465073088162,38.6455991054953],[-9.04525518496181,38.645260421351],[-9.04529129634187,38.6452491400392],[-9.04571890635174,38.6444037559477],[-9.04580414094814,38.6439596184263],[-9.04589861412774,38.6434673282622],[-9.04612928559279,38.643481992134],[-9.04605915624863,38.6438585687691],[-9.04595256111245,38.6444077998107],[-9.04573715238277,38.6448548078053],[-9.04558509790237,38.6451703415056],[-9.04635110837761,38.6449620899547],[-9.04690444386508,38.6448091180281],[-9.04806076850138,38.6443709416161],[-9.04826164188202,38.6442948206227],[-9.04836088237314,38.6444582230647],[-9.04808106466836,38.644564499115],[-9.0480791899763,38.644565211001],[-9.04699060376375,38.6449775899454],[-9.04537054990176,38.6454217044131],[-9.04536808057841,38.6454230829844],[-9.04474572393624,38.6457705504474],[-9.04474530192432,38.6457707861438],[-9.04473989789276,38.6457738045171],[-9.04466160986315,38.6456275870403],[-9.04464751102167,38.6456009015677]]]}},{"type":"Feature","id":"CRUS_Moita_V.379848","properties":{"Area_Ha":2.29594513388355,"Autor":"DGT","Categoria":"Espaço Natural e Paisagístico","Classe":"Solo Rústico","DTCC":"1506","Data_PublicacaoPDM":"2025-04-14T00:00:00","Designacao_PlantaOrdenamento":"Solo Rústico - Espaços Naturais e Paisagísticos - Proteção à Rede Hídrica","Escala_PlantaOrdenamento":"1/12000","Fonte":"CM - Vectorial e Raster","ID":379848,"Municipio":"MOITA"},"geometry":{"type":"Polygon","coordinates":[[[-8.95305415590304,38.6515177822369],[-8.95305383038276,38.6515169386594],[-8.95303210974877,38.651460585885],[-8.95333506329892,38.6507473834036],[-8.95365767843137,38.6499878793082],[-8.95400819747432,38.6491793942281],[-8.95410429472264,38.6486903309077],[-8.95415310209949,38.64851483684],[-8.95453662638954,38.6482169996456],[-8.95536051043831,38.6479756065651],[-8.95570358821798,38.6477171071245],[-8.95573574560321,38.6476925996795],[-8.95623939949187,38.6472980200256],[-8.95670399092688,38.6468759547912],[-8.95670431038724,38.6468756651839],[-8.95674766487728,38.6468616451176],[-8.95787322529146,38.6465435364294],[-8.95787627440095,38.6465431843346],[-8.95813417042299,38.6465219956468],[-8.95859085675735,38.6465762499934],[-8.95862018534896,38.6465797336432],[-8.95908620223734,38.6461955036138],[-8.95927625382202,38.6460388043816],[-8.95939735474338,38.6453379572292],[-8.95964888977463,38.6452711093905],[-8.95981732235498,38.6452263470449],[-8.95994683924593,38.6444498997065],[-8.95994758302291,38.6444457552303],[-8.96000857798451,38.6441059891937],[-8.96024197866508,38.6441224030691],[-8.96008467593746,38.6449686518256],[-8.96007164377977,38.6450361316945],[-8.9599978974397,38.6454179844752],[-8.95962378599312,38.6454167728613],[-8.95959039513209,38.6455788787914],[-8.95950520863843,38.6459924358717],[-8.95948245235363,38.6461029124215],[-8.95900357633273,38.6465180361792],[-8.95875214895496,38.6467380239275],[-8.95853112815442,38.6467558234769],[-8.95792815173361,38.6467327667802],[-8.95791865102852,38.6467354641318],[-8.95685094592754,38.6470385844697],[-8.9562566542274,38.6475428168971],[-8.95623876150409,38.6475579980246],[-8.95548532591646,38.6481313933647],[-8.95507423430269,38.6482522220155],[-8.95466314066449,38.6483722907574],[-8.9543630642896,38.64860532476],[-8.95433390570623,38.6487101674433],[-8.95423223010568,38.6492223218028],[-8.95387541308294,38.6500453412395],[-8.95333971892233,38.6513064773219],[-8.95323040511931,38.6515638202086],[-8.95305415590304,38.6515177822369]]]}},{"type":"Feature","id":"CRUS_Moita_V.379849","properties":{"Area_Ha":0.889798102665044,"Autor":"DGT","Categoria":"Espaço Natural e Paisagístico","Classe":"Solo Rústico","DTCC":"1506","Data_PublicacaoPDM":"2025-04-14T00:00:00","Designacao_PlantaOrdenamento":"Solo Rústico - Espaços Naturais e Paisagísticos - Proteção à Rede Hídrica","Escala_PlantaOrdenamento":"1/12000","Fonte":"CM - Vectorial e Raster","ID":379849,"Municipio":"MOITA"},"geometry":{"type":"Polygon","coordinates":[[[-8.95106849689573,38.6480490725871],[-8.95160722278927,38.6470984825927],[-8.95163693228794,38.6465269723605],[-8.95344884144464,38.6446651252804],[-8.95363145247449,38.6447744207504],[-8.95186351101705,38.6465910953727],[-8.95183497182789,38.6471401258677],[-8.95122665330792,38.6482290139323],[-8.95106857835233,38.6480491648009],[-8.95106849689573,38.6480490725871]]]}},{"type":"Feature","id":"CRUS_Moita_V.379850","properties":{"Area_Ha":1.0512960996,"Autor":"DGT","Categoria":"Espaço Natural e Paisagístico","Classe":"Solo Rústico","DTCC":"1506","Data_PublicacaoPDM":"2025-04-14T00:00:00","Designacao_PlantaOrdenamento":"Solo Rústico - Espaços Naturais e Paisagísticos - Proteção à Rede Hídrica","Escala_PlantaOrdenamento":"1/12000","Fonte":"CM - Vectorial e Raster","ID":379850,"Municipio":"MOITA"},"geometry":{"type":"Polygon","coordinates":[[[-8.95403103490351,38.6426352370327],[-8.95403140582303,38.6426378476794],[-8.9540316888451,38.6426502714657],[-8.95403255416519,38.6426883633483],[-8.95403365962072,38.6427370326573],[-8.95403578591635,38.6428305785573],[-8.95393415303547,38.6428562693789],[-8.95106388160253,38.6436652914774],[-8.95094671320629,38.6436983146311],[-8.94816580570265,38.6439691456603],[-8.94812414772445,38.6437986116858],[-8.94950846639498,38.6436607358386],[-8.9508929699225,38.6435228243165],[-8.95242229313255,38.6430917783985],[-8.95392654926066,38.6426669769875],[-8.95403103490351,38.6426352370327]]]}},{"type":"Feature","id":"CRUS_Moita_V.379851","properties":{"Area_Ha":79.650046768208,"Autor":"DGT","Categoria":"Área de Edificação Dispersa","Classe":"Solo Rústico","DTCC":"1506","Data_PublicacaoPDM":"2025-04-14T00:00:00","Designacao_PlantaOrdenamento":"Solo Rústico - Áreas de Edificação Dispersa","Escala_PlantaOrdenamento":"1/12000","Fonte":"CM - Vectorial e Raster","ID":379851,"Municipio":"MOITA"},"geometry":{"type":"Polygon","coordinates":[[[-8.98295895879826,38.6290538077877],[-8.98295929018309,38.6290528901571],[-8.98319444300357,38.6284010073361],[-8.98339505704489,38.6277903528881],[-8.98347961694981,38.6275409118684],[-8.98356974446741,38.6273000096297],[-8.98365951778673,38.62702907956],[-8.98381820106127,38.6265731731233],[-8.98394437569213,38.6261432435323],[-8.98410112970023,38.6255243264219],[-8.98405888666993,38.6254205981075],[-8.9840308089576,38.6253468493372],[-8.98381619160591,38.6247831348738],[-8.98364109715256,38.6243124945178],[-8.98341562569354,38.6237435469165],[-8.98317861248191,38.6231232012975],[-8.98295821229783,38.6225198949066],[-8.98251818000733,38.6213776272606],[-8.98232578725966,38.6208298880868],[-8.98206054471631,38.6201325226069],[-8.98185742520995,38.6196020208195],[-8.98168817909044,38.6191613649742],[-8.98134392159448,38.6182543544127],[-8.98103890672347,38.6174285709936],[-8.9807681204058,38.6167226620178],[-8.98058131632907,38.6162137039755],[-8.98403537827985,38.6165331456937],[-8.98701763897752,38.6168108672111],[-8.98551350770333,38.6197239005921],[-8.98556715135707,38.6198276337031],[-8.98708259965688,38.6201912239507],[-8.98741089868754,38.6200723577794],[-8.98755883771307,38.6203227021331],[-8.98793554215232,38.6209686915658],[-8.98944026160745,38.6310687175505],[-8.98952587699361,38.6322787440749],[-8.98778244083801,38.6338208377982],[-8.987045365137,38.6331719783575],[-8.98540066484214,38.6315536589586],[-8.98530896491346,38.6315926879524],[-8.98397833689035,38.6301433973712],[-8.98397682656821,38.6300293198283],[-8.98346108746678,38.629427493441],[-8.98295895879826,38.6290538077877]]]}},{"type":"Feature","id":"CRUS_Moita_V.379852","properties":{"Area_Ha":1.236182424646,"Autor":"DGT","Categoria":"Espaço Agrícola","Classe":"Solo Rústico","DTCC":"1506","Data_PublicacaoPDM":"2025-04-14T00:00:00","Designacao_PlantaOrdenamento":"Solo Rústico - Espaços Agrícolas","Escala_PlantaOrdenamento":"1/12000","Fonte":"CM - Vectorial e Raster","ID":379852,"Municipio":"MOITA"},"geometry":{"type":"Polygon","coordinates":[[[-8.99509603346689,38.6207445212665],[-8.9950983128854,38.6207547971414],[-8.99518183620448,38.6214469766575],[-8.99538625434368,38.6218802305244],[-8.99537472966218,38.6219723242889],[-8.99535619297029,38.6221204605306],[-8.99536477322398,38.622378532768],[-8.99537866519082,38.6224335843355],[-8.99559999615821,38.6233107038019],[-8.99575010929576,38.6239026971659],[-8.99579564672888,38.6240393080423],[-8.9959150303831,38.62439744937],[-8.99566047576267,38.6242174175162],[-8.9954569534214,38.6240734764892],[-8.99477242936235,38.6217494887171],[-8.99499826486458,38.620820612382],[-8.99504089722487,38.620787432231],[-8.99509603346689,38.6207445212665]]]}},{"type":"Feature","id":"CRUS_Moita_V.379853","properties":{"Area_Ha":15.1610541793596,"Autor":"DGT","Categoria":"Espaço Agrícola","Classe":"Solo Rústico","DTCC":"1506","Data_PublicacaoPDM":"2025-04-14T00:00:00","Designacao_PlantaOrdenamento":"Solo Rústico - Espaços Agrícolas","Escala_PlantaOrdenamento":"1/12000","Fonte":"CM - Vectorial e Raster","ID":379853,"Municipio":"MOITA"},"geometry":{"type":"Polygon","coordinates":[[[-8.97970456277144,38.6409369894447],[-8.9803249088595,38.6404802527487],[-8.98095571214059,38.6401219206143],[-8.98107244448597,38.6400563000696],[-8.98183939440424,38.6396638940311],[-8.9823956328584,38.6393877669349],[-8.98274780015311,38.6392129417452],[-8.98275224310435,38.6392107367257],[-8.98280435554871,38.639254178986],[-8.98283203690293,38.6392772548304],[-8.98288836540665,38.639321251054],[-8.98296631206661,38.639367107115],[-8.98302803333446,38.6393997409249],[-8.98308968163684,38.6394307627839],[-8.98326543820445,38.6395252641673],[-8.98326963755456,38.6395275217043],[-8.98341680915701,38.6395761181793],[-8.98371243745807,38.6396737354159],[-8.98411759755658,38.6396614446896],[-8.98468175354554,38.6396881551453],[-8.9851723470473,38.6398433549801],[-8.98538922878234,38.6400379091053],[-8.9856659335201,38.6402507060251],[-8.98602899668483,38.6404365393392],[-8.9863495791379,38.6406006277631],[-8.98693308218016,38.6409232927882],[-8.98744395538667,38.64120578948],[-8.98789021165721,38.6414525507839],[-8.98853834878895,38.6418109397926],[-8.98911459693374,38.6421494902528],[-8.98969085047818,38.6424880377926],[-8.98969456873486,38.6431889969021],[-8.98969456803673,38.6431890347411],[-8.98957919327055,38.6431614824294],[-8.98860002593127,38.642927642294],[-8.9878619046037,38.6427513610559],[-8.98465143388479,38.6420018866828],[-8.98455875781984,38.6419802500289],[-8.9845166624673,38.6419702862907],[-8.98293324875816,38.6416023917553],[-8.98148374019549,38.6412800458659],[-8.9802065771708,38.6410218742516],[-8.98012535840538,38.6410081412806],[-8.98004414081846,38.6409944082445],[-8.97970456277144,38.6409369894447]]]}},{"type":"Feature","id":"CRUS_Moita_V.379854","properties":{"Area_Ha":5.12587422665905,"Autor":"DGT","Categoria":"Espaço Natural e Paisagístico","Classe":"Solo Rústico","DTCC":"1506","Data_PublicacaoPDM":"2025-04-14T00:00:00","Designacao_PlantaOrdenamento":"Solo Rústico - Espaços Naturais e Paisagísticos - Praias e Arribas","Escala_PlantaOrdenamento":"1/12000","Fonte":"CM - Vectorial e Raster","ID":379854,"Municipio":"MOITA"},"geometry":{"type":"Polygon","coordinates":[[[-9.00804809737824,38.6852907317468],[-9.00866722426991,38.6845494141123],[-9.00883150994387,38.6843332358056],[-9.00916132813929,38.6838659559082],[-9.00939867796189,38.6835168216109],[-9.0093988048952,38.6835168638982],[-9.00948134310511,38.6835440143847],[-9.00959433240914,38.6833521734856],[-9.0100050227477,38.6826659849092],[-9.01020575445775,38.6823447916095],[-9.01023564667411,38.682294954895],[-9.01027768677852,38.682211087575],[-9.01038048562036,38.6820060111879],[-9.01033756983896,38.6819871667675],[-9.01092765645299,38.6797522299075],[-9.01090774667794,38.6797480861298],[-9.01090753929254,38.6797480426464],[-9.01101348655049,38.6792978591585],[-9.0109102218998,38.6792800606691],[-9.01091024384707,38.679279975829],[-9.011222699228,38.6780773346247],[-9.01122433545735,38.6780739344242],[-9.01158516431051,38.6773240285196],[-9.01158694885405,38.6773245853224],[-9.01161198561988,38.6773324044817],[-9.01171579650905,38.6770612381813],[-9.0117955946437,38.6770728156989],[-9.01186580684483,38.677083002288],[-9.01186637368778,38.6770812423662],[-9.01192088950448,38.6768326186009],[-9.01182810693133,38.6768199649828],[-9.01170314426468,38.6768035904212],[-9.01170281837588,38.676802876732],[-9.0117010445929,38.6768026351306],[-9.01161387255153,38.6765796289909],[-9.01165142419072,38.6765042461567],[-9.01163797907914,38.6764578873997],[-9.01163533015654,38.6764487560521],[-9.01165597216217,38.6763564525619],[-9.01181980043861,38.6756372474974],[-9.01179955257271,38.6753546063525],[-9.0118002119637,38.6753545896879],[-9.01254101506856,38.6753358157477],[-9.01254191684589,38.6753357927523],[-9.012815502942,38.6746520982916],[-9.01286109996401,38.6747295773985],[-9.01286512372761,38.6748499834631],[-9.01283293724407,38.6749808589849],[-9.0127041909023,38.675266690671],[-9.01225089706883,38.6760791587726],[-9.01207923631714,38.67644351003],[-9.01202022761123,38.676623590506],[-9.01218116023438,38.6769209327878],[-9.01219725335313,38.6771261396697],[-9.01208996471803,38.677398352233],[-9.01192903217443,38.6776454363861],[-9.01163935322354,38.6785123193071],[-9.011371132855,38.6797435252332],[-9.01137917959789,38.6798063416398],[-9.01144623483603,38.6798984719496],[-9.01127457340085,38.6802376768863],[-9.01127457350474,38.6803088681133],[-9.01130944215714,38.6803612139742],[-9.01111632328305,38.6808113909529],[-9.01112436920774,38.6811233725876],[-9.01103049286265,38.6812950665329],[-9.01097684834096,38.6814458219509],[-9.01089906397393,38.6815379497336],[-9.01090979238509,38.6816384526601],[-9.01075422436374,38.6819650868932],[-9.01075690659438,38.6820551207473],[-9.01090174642349,38.6821556233159],[-9.01075154250844,38.6822645008605],[-9.01059329237405,38.682432004164],[-9.010266062717,38.6828779801009],[-9.01025265179382,38.6829784821626],[-9.01027679123538,38.6830706079773],[-9.01019900793143,38.683112483192],[-9.00995492688594,38.6832820787111],[-9.00981276984166,38.6834286418714],[-9.00970816375613,38.6835731118774],[-9.00964379044448,38.6837741117653],[-9.00973498515595,38.6838306434656],[-9.00953113794466,38.6839122993795],[-9.0094372598343,38.6840169868413],[-9.00936484004047,38.6841279550701],[-9.00928705616846,38.6842368294451],[-9.00914758114382,38.684398047539],[-9.0090402935434,38.6845341397583],[-9.00884985642692,38.6848063242013],[-9.00881230550404,38.6849214791113],[-9.00864064424109,38.6850868831137],[-9.00861650396275,38.6851727245871],[-9.00843411396391,38.6853779086928],[-9.00835632952906,38.6855181861546],[-9.00744169649845,38.6866739001523],[-9.00731295119474,38.6869042037744],[-9.00721370900034,38.6870591338422],[-9.00719078946752,38.687087184031],[-9.00710886165483,38.6871612944856],[-9.00709770255492,38.687165649482],[-9.00708654345364,38.6871700044772],[-9.00713024454379,38.6870603116763],[-9.00729759324924,38.6866441142412],[-9.00729862736022,38.6866415428325],[-9.00757757720333,38.6861223112296],[-9.00802543889153,38.6854775498776],[-9.00802550553025,38.6854774538942],[-9.00803684669656,38.6853674227158],[-9.00805558773122,38.6852954913864],[-9.00804809737824,38.6852907317468]]]}},{"type":"Feature","id":"CRUS_Moita_V.379855","properties":{"Area_Ha":0.628570525702789,"Autor":"DGT","Categoria":"Área de Edificação Dispersa","Classe":"Solo Rústico","DTCC":"1506","Data_PublicacaoPDM":"2025-04-14T00:00:00","Designacao_PlantaOrdenamento":"Solo Rústico - Áreas de Edificação Dispersa","Escala_PlantaOrdenamento":"1/12000","Fonte":"CM - Vectorial e Raster","ID":379855,"Municipio":"MOITA"},"geometry":{"type":"Polygon","coordinates":[[[-8.99509603346689,38.6207445212665],[-8.99532575969395,38.6205657300147],[-8.99600629103023,38.6206939808414],[-8.99610542845121,38.6207126639363],[-8.99606204234718,38.620783413855],[-8.99601757613189,38.6208559283047],[-8.99583641475887,38.6210642228992],[-8.99561723919096,38.6213162228454],[-8.99547501544587,38.6216024751721],[-8.99543469055821,38.6217226000611],[-8.99538891622478,38.6218589598755],[-8.99538625434368,38.6218802305244],[-8.99518183620448,38.6214469766575],[-8.9950983128854,38.6207547971414],[-8.99509603346689,38.6207445212665]]]}},{"type":"Feature","id":"CRUS_Moita_V.379856","properties":{"Area_Ha":2.03916078789113,"Autor":"DGT","Categoria":"Área de Edificação Dispersa","Classe":"Solo Rústico","DTCC":"1506","Data_PublicacaoPDM":"2025-04-14T00:00:00","Designacao_PlantaOrdenamento":"Solo Rústico - Áreas de Edificação Dispersa","Escala_PlantaOrdenamento":"1/12000","Fonte":"CM - Vectorial e Raster","ID":379856,"Municipio":"MOITA"},"geometry":{"type":"Polygon","coordinates":[[[-8.99029835207812,38.6343907340412],[-8.99056120966488,38.6340680728083],[-8.99063631101017,38.6338459799892],[-8.99066313307582,38.6335610312201],[-8.99201581003597,38.6324128515999],[-8.99200711036198,38.633491707765],[-8.99163795987296,38.6343873202657],[-8.99140750662241,38.6346637499342],[-8.9913860439586,38.6346612428002],[-8.99127097775867,38.6346492242551],[-8.99094131073642,38.6347737512189],[-8.99029835207812,38.6343907340412]]]}},{"type":"Feature","id":"CRUS_Moita_V.379857","properties":{"Area_Ha":3.5784244372173,"Autor":"DGT","Categoria":"Área de Edificação Dispersa","Classe":"Solo Rústico","DTCC":"1506","Data_PublicacaoPDM":"2025-04-14T00:00:00","Designacao_PlantaOrdenamento":"Solo Rústico - Áreas de Edificação Dispersa","Escala_PlantaOrdenamento":"1/12000","Fonte":"CM - Vectorial e Raster","ID":379857,"Municipio":"MOITA"},"geometry":{"type":"Polygon","coordinates":[[[-8.94610335316027,38.6378084631665],[-8.94605616287883,38.6378858608933],[-8.94684315192511,38.6381810279189],[-8.94764988780912,38.6383660423902],[-8.94837843672281,38.6385331196468],[-8.94874717258322,38.6386181099978],[-8.94911591045439,38.6387031000684],[-8.94911587518958,38.6387031300411],[-8.9485549492863,38.6391858591343],[-8.94746995921347,38.640294762551],[-8.94671800902292,38.6392650549658],[-8.94642679442562,38.6388652318006],[-8.94584116360312,38.6382290017304],[-8.94554700867165,38.63797363725],[-8.94504600436966,38.6375070190828],[-8.94481317470832,38.6372901664354],[-8.94491259685062,38.6373115221203],[-8.94599591165554,38.6377645934997],[-8.94610335316027,38.6378084631665]]]}},{"type":"Feature","id":"CRUS_Moita_V.379858","properties":{"Area_Ha":27.2360972876892,"Autor":"DGT","Categoria":"Área de Edificação Dispersa","Classe":"Solo Rústico","DTCC":"1506","Data_PublicacaoPDM":"2025-04-14T00:00:00","Designacao_PlantaOrdenamento":"Solo Rústico - Áreas de Edificação Dispersa","Escala_PlantaOrdenamento":"1/12000","Fonte":"CM - Vectorial e Raster","ID":379858,"Municipio":"MOITA"},"geometry":{"type":"Polygon","coordinates":[[[-8.95122665330792,38.6482290139323],[-8.95183497182789,38.6471401258677],[-8.95186351101705,38.6465910953727],[-8.95363145247449,38.6447744207504],[-8.95344884144464,38.6446651252804],[-8.95163693228794,38.6465269723605],[-8.95160722278927,38.6470984825927],[-8.95106849689573,38.6480490725871],[-8.95093548961052,38.647897742361],[-8.9504430745027,38.6473528621649],[-8.95020846406427,38.6471048616391],[-8.94993425916259,38.6468043235456],[-8.94975137158011,38.6465964576876],[-8.94937524080952,38.6461269487404],[-8.94915298709631,38.6457937648032],[-8.94885467233884,38.6453879632851],[-8.94865510869277,38.6450789699054],[-8.94848863967156,38.6448709875157],[-8.94841351900237,38.644758895446],[-8.94835491831544,38.6446563412771],[-8.94829573339481,38.6445023089584],[-8.94824043377102,38.6443289451741],[-8.94818429497658,38.6440815820584],[-8.94809028843914,38.6437508253938],[-8.94800148477188,38.6434460234637],[-8.94796022817584,38.6432109669903],[-8.94922120313442,38.6432759441186],[-8.94936039624416,38.6432831153972],[-8.94997671683954,38.6432790565857],[-8.95025745056028,38.6432411734338],[-8.95056702386087,38.6431993983677],[-8.9512522649024,38.6431092823676],[-8.95132567299116,38.6430984195432],[-8.95155119254358,38.6430476847634],[-8.9522813687148,38.6428834972404],[-8.95386453172244,38.642531646547],[-8.95401166107556,38.642498786775],[-8.95403069015802,38.6426328063642],[-8.95403091121229,38.6426343623134],[-8.95403103490351,38.6426352370327],[-8.95392654926066,38.6426669769875],[-8.95242229313255,38.6430917783985],[-8.9508929699225,38.6435228243165],[-8.94950846639498,38.6436607358386],[-8.94812414772445,38.6437986116858],[-8.94816580570265,38.6439691456603],[-8.95094671320629,38.6436983146311],[-8.95106388160253,38.6436652914774],[-8.95393415303547,38.6428562693789],[-8.95403578591635,38.6428305785573],[-8.95402898025429,38.6435499734373],[-8.95401699565971,38.6448166401361],[-8.95400716881471,38.6458554424848],[-8.9539975071742,38.646876611052],[-8.95412501452369,38.6475661297525],[-8.95413920481965,38.6476138955541],[-8.95420763063283,38.6478237398062],[-8.95427474384222,38.6480295530946],[-8.95433740289883,38.6480931904769],[-8.95457293473748,38.648027023476],[-8.95462000166823,38.648013801466],[-8.95464927736263,38.6480055768632],[-8.95477968914385,38.6479665783001],[-8.95496423714049,38.6479113891584],[-8.95527919378338,38.6478172006294],[-8.95593986748549,38.6473250310923],[-8.95640475728733,38.6469725317323],[-8.95668730298354,38.6468811645562],[-8.95670399092688,38.6468759547912],[-8.95623939949187,38.6472980200256],[-8.95573574560321,38.6476925996795],[-8.95570358821798,38.6477171071245],[-8.95536051043831,38.6479756065651],[-8.95453662638954,38.6482169996456],[-8.95415310209949,38.64851483684],[-8.95410429472264,38.6486903309077],[-8.95400819747432,38.6491793942281],[-8.95365767843137,38.6499878793082],[-8.95333506329892,38.6507473834036],[-8.95303210974877,38.651460585885],[-8.95303195703477,38.651460188798],[-8.9530063016934,38.6513936304114],[-8.95293028699216,38.6512043258613],[-8.95280468297406,38.650931150346],[-8.95268546847708,38.6506110329052],[-8.95254124486792,38.6502732508972],[-8.95240984999655,38.6499728542881],[-8.95232343096387,38.6497992755144],[-8.95220191133685,38.6495684113896],[-8.95211726055117,38.6494074908459],[-8.95201728314835,38.6492230754336],[-8.95193276735983,38.6490740426769],[-8.95170358701989,38.6487702795987],[-8.95153054883082,38.6485646645878],[-8.95123061820173,38.6482335253804],[-8.9512266986974,38.6482290658618],[-8.95122665330792,38.6482290139323]]]}},{"type":"Feature","id":"CRUS_Moita_V.379859","properties":{"Area_Ha":6.90508137511392,"Autor":"DGT","Categoria":"Espaço Agrícola","Classe":"Solo Rústico","DTCC":"1506","Data_PublicacaoPDM":"2025-04-14T00:00:00","Designacao_PlantaOrdenamento":"Solo Rústico - Espaços Agrícolas","Escala_PlantaOrdenamento":"1/12000","Fonte":"CM - Vectorial e Raster","ID":379859,"Municipio":"MOITA"},"geometry":{"type":"Polygon","coordinates":[[[-8.98760136410567,38.6794140985176],[-8.98760127614895,38.6794131767383],[-8.98758428596543,38.6785092228115],[-8.98756893481664,38.6776924193623],[-8.98753502740012,38.6772746620825],[-8.98753394181461,38.6772612579577],[-8.98750719306272,38.6769316666843],[-8.98543651532418,38.676843552833],[-8.98540576916376,38.6768427121538],[-8.98483306573657,38.6768269694339],[-8.98483648657876,38.6768121209032],[-8.98492741303292,38.676725867055],[-8.98499124897344,38.6766873701756],[-8.98514037702908,38.6766438794124],[-8.98736761870058,38.6767475892573],[-8.98750486061897,38.6767378975626],[-8.98860100228103,38.6765651150128],[-8.99022289240106,38.6792452149782],[-8.99019936596038,38.6792685010928],[-8.99016834923934,38.6792967109331],[-8.99014775414246,38.6793199809597],[-8.99013284323473,38.6793384611978],[-8.99011785899204,38.6793626449523],[-8.99010122485973,38.6793970721105],[-8.99009287050744,38.6794177121644],[-8.99008380119774,38.6794565509656],[-8.99008378944937,38.6794566258183],[-8.99008072948549,38.6794973167731],[-8.99008072924947,38.6794973933431],[-8.99008217963058,38.6795166743021],[-8.99008218742743,38.6795167499124],[-8.99008354721178,38.6795286269384],[-8.98877987171284,38.679976429363],[-8.98850004615797,38.6800758657774],[-8.9878824620328,38.6804497337742],[-8.98781096479139,38.6804972061519],[-8.98774042208195,38.6805490926491],[-8.98764689040697,38.6798899382513],[-8.98764322650885,38.6798516484835],[-8.98760136410567,38.6794140985176]]]}},{"type":"Feature","id":"CRUS_Moita_V.379860","properties":{"Area_Ha":43.878414083891,"Autor":"DGT","Categoria":"Espaço Agrícola","Classe":"Solo Rústico","DTCC":"1506","Data_PublicacaoPDM":"2025-04-14T00:00:00","Designacao_PlantaOrdenamento":"Solo Rústico - Espaços Agrícolas","Escala_PlantaOrdenamento":"1/12000","Fonte":"CM - Vectorial e Raster","ID":379860,"Municipio":"MOITA"},"geometry":{"type":"Polygon","coordinates":[[[-8.95341337204989,38.652286627018],[-8.95361790675725,38.6522823009057],[-8.95700504273437,38.6522164585903],[-8.95969205507881,38.651997827086],[-8.96042477030353,38.6519411029185],[-8.96097318862851,38.6518940795721],[-8.96225858432318,38.6519148560798],[-8.96277179203174,38.6519232024379],[-8.96355278694601,38.6519844842241],[-8.96617819792531,38.6521904495759],[-8.96590756744772,38.6525316172887],[-8.96560029589735,38.6529034654234],[-8.96459646381676,38.6542072469213],[-8.96446081636735,38.6543856368593],[-8.9633892535194,38.6557901454746],[-8.96297431705472,38.6563356337563],[-8.96297284526196,38.6563359189444],[-8.96279676007941,38.6563700790732],[-8.96204872830776,38.6564962835484],[-8.96105971957323,38.6567060671975],[-8.96070319319219,38.6567833347579],[-8.96027668928082,38.6568161088824],[-8.96003956229361,38.6568249063969],[-8.95975553816302,38.6568221397067],[-8.95934945317036,38.656818645566],[-8.95894283497815,38.6567861234544],[-8.95864109556811,38.656754084877],[-8.9582605698196,38.6566911937768],[-8.95768106903045,38.6566116232507],[-8.95693837506966,38.6565090207604],[-8.95662379005208,38.6564757468559],[-8.95640219399171,38.6564565917887],[-8.95603944766356,38.6564509479557],[-8.95581903349632,38.6564643900062],[-8.95576298989713,38.6564565003463],[-8.95570798172771,38.6563976167567],[-8.95545314692086,38.6560438606666],[-8.9552755697078,38.6558177252335],[-8.95505871696501,38.655513579896],[-8.95487106397822,38.6552510562176],[-8.95475408298076,38.6550684761774],[-8.95464116900349,38.6548826497619],[-8.95454118240734,38.6546446693428],[-8.95440451986713,38.6543066557687],[-8.95424922602357,38.6539367995152],[-8.95417639179388,38.6537761606927],[-8.95407578804056,38.6535576082805],[-8.95399802736942,38.653367364613],[-8.95393020951765,38.6532434406918],[-8.95387290125563,38.6531442179186],[-8.95378306714188,38.6529528868539],[-8.95367234174379,38.6527735055577],[-8.95350881014387,38.6524760346006],[-8.95341337204989,38.652286627018]]]}},{"type":"Feature","id":"CRUS_Moita_V.379861","properties":{"Area_Ha":18.2801066805616,"Autor":"DGT","Categoria":"Espaço Agrícola","Classe":"Solo Rústico","DTCC":"1506","Data_PublicacaoPDM":"2025-04-14T00:00:00","Designacao_PlantaOrdenamento":"Solo Rústico - Espaços Agrícolas","Escala_PlantaOrdenamento":"1/12000","Fonte":"CM - Vectorial e Raster","ID":379861,"Municipio":"MOITA"},"geometry":{"type":"Polygon","coordinates":[[[-8.99402371037368,38.636940808557],[-8.99402390931521,38.6369398693511],[-8.99421285929807,38.6360723150058],[-8.99421286759071,38.6360722401777],[-8.99451985027216,38.6359539902455],[-8.99474343692782,38.6350534390912],[-8.99522437567504,38.6350402257651],[-8.99542817514472,38.6345477107784],[-8.99567510021147,38.6345652191155],[-8.99615069531441,38.6341074227713],[-8.99625693548188,38.6337104208058],[-8.99563871675906,38.6335893363935],[-8.99563872044578,38.6335892606984],[-8.99570610630736,38.6330378893064],[-8.99570611240942,38.6330378235023],[-8.99532251692943,38.6319097778311],[-8.99515316215563,38.631159045363],[-8.99525708412283,38.6305687501406],[-8.99525709126557,38.6305686753208],[-8.99611767406925,38.6303303475351],[-8.99602613224513,38.6298961442794],[-8.99602612445919,38.6298960695696],[-8.99582406054966,38.6295013367974],[-8.99582402760962,38.6295012712812],[-8.99658570230777,38.6292443388995],[-8.99664440645951,38.6289974332491],[-8.99658987313586,38.6285370012438],[-8.99658927903377,38.6285319899191],[-8.99681012581046,38.6283662835383],[-8.99687027452134,38.6283211521055],[-8.99712940721808,38.6281649731761],[-8.99727655953627,38.628075478164],[-8.9972489377656,38.628230450335],[-8.99724745089425,38.6282387956104],[-8.9972470549189,38.6282410136267],[-8.99723774995796,38.6283449331225],[-8.99721653975162,38.62858183162],[-8.99716793065694,38.6291247330632],[-8.99717454120583,38.6291517517728],[-8.99725436793435,38.6294780011774],[-8.99726984865309,38.629541272307],[-8.99728856700929,38.6296177695287],[-8.99730099610564,38.6296685707648],[-8.99730804629727,38.629697382431],[-8.99731354953873,38.6297198746332],[-8.99731829795812,38.6297392781296],[-8.9973245282051,38.6297647412359],[-8.99732797966329,38.6297788476425],[-8.99761708537502,38.6309603826606],[-8.99771403418643,38.6313565871829],[-8.99777730981482,38.6316229464865],[-8.99780960051053,38.6318681054063],[-8.997804470689,38.6321451683041],[-8.99773508545804,38.6347209807937],[-8.99784033736732,38.6347206181404],[-8.99788114075462,38.6348681464762],[-8.99787518419391,38.6348629369891],[-8.99786763300711,38.6362952760262],[-8.99753338135062,38.6369189952603],[-8.99700725895973,38.6369522335638],[-8.99667485616299,38.6369732326815],[-8.99623744078485,38.63700086364],[-8.99596585033514,38.6370013042067],[-8.99565557772164,38.6370018068527],[-8.99536409088226,38.6370022792144],[-8.99508690934081,38.6369895720108],[-8.99488655124599,38.6369803861317],[-8.9944444168239,38.6369601158203],[-8.99413400824777,38.6369458827033],[-8.99404223122769,38.63694167486],[-8.99402403693047,38.6369408403846],[-8.99402371037368,38.636940808557]]]}},{"type":"Feature","id":"CRUS_Moita_V.379862","properties":{"Area_Ha":1.73506104625948,"Autor":"DGT","Categoria":"Espaço Agrícola","Classe":"Solo Rústico","DTCC":"1506","Data_PublicacaoPDM":"2025-04-14T00:00:00","Designacao_PlantaOrdenamento":"Solo Rústico - Espaços Agrícolas","Escala_PlantaOrdenamento":"1/12000","Fonte":"CM - Vectorial e Raster","ID":379862,"Municipio":"MOITA"},"geometry":{"type":"Polygon","coordinates":[[[-8.98295768247536,38.6775091091789],[-8.98295778620991,38.677508358056],[-8.98307651842327,38.6766324846376],[-8.98313285497561,38.6765600928944],[-8.98320929543538,38.6765201325468],[-8.98331720279217,38.6765346717046],[-8.98332524875322,38.6764886037811],[-8.98440456846713,38.6765851734786],[-8.98451418674305,38.6766405072656],[-8.98464759309929,38.6767511752425],[-8.98465691373786,38.6768049934265],[-8.98483648657876,38.6768121209032],[-8.98483306573657,38.6768269694339],[-8.98481288213999,38.6768771947763],[-8.98480349482285,38.6769442009244],[-8.98480084410621,38.6776582634571],[-8.98466097347811,38.6776469454806],[-8.98295768247536,38.6775091091789]]]}},{"type":"Feature","id":"CRUS_Moita_V.379863","properties":{"Area_Ha":0.322475787394587,"Autor":"DGT","Categoria":"Espaço Agrícola","Classe":"Solo Rústico","DTCC":"1506","Data_PublicacaoPDM":"2025-04-14T00:00:00","Designacao_PlantaOrdenamento":"Solo Rústico - Espaços Agrícolas","Escala_PlantaOrdenamento":"1/12000","Fonte":"CM - Vectorial e Raster","ID":379863,"Municipio":"MOITA"},"geometry":{"type":"Polygon","coordinates":[[[-8.97935764582132,38.6624203132517],[-8.97906023561404,38.662691613683],[-8.97893335204338,38.6628099558259],[-8.97882451041858,38.6629114691449],[-8.97858170999211,38.663130457352],[-8.97839333477863,38.6633041609953],[-8.97820107040462,38.6634801876867],[-8.97809997611104,38.6636740688029],[-8.97809691460045,38.663709688053],[-8.97811434961649,38.6637390085269],[-8.9780204195661,38.6638260311011],[-8.97782108332789,38.6637932582873],[-8.97764487063375,38.6637912851638],[-8.97782492937089,38.6634420334443],[-8.97783130039552,38.6634302175065],[-8.97872435913385,38.6628775014246],[-8.97879316178298,38.6628351561558],[-8.97935764582132,38.6624203132517]]]}},{"type":"Feature","id":"CRUS_Moita_V.379864","properties":{"Area_Ha":9.10918917644621,"Autor":"DGT","Categoria":"Espaço Agrícola","Classe":"Solo Rústico","DTCC":"1506","Data_PublicacaoPDM":"2025-04-14T00:00:00","Designacao_PlantaOrdenamento":"Solo Rústico - Espaços Agrícolas","Escala_PlantaOrdenamento":"1/12000","Fonte":"CM - Vectorial e Raster","ID":379864,"Municipio":"MOITA"},"geometry":{"type":"Polygon","coordinates":[[[-8.99097366847799,38.6240554922117],[-8.99096711220909,38.624009082765],[-8.99096709755068,38.6240090090059],[-8.9905685843408,38.6216804357871],[-8.99056857083147,38.6216803620196],[-8.99036908806152,38.6205205752794],[-8.99036908256822,38.6205204996515],[-8.99024965465763,38.6201354967193],[-8.9900328588062,38.619664017241],[-8.98955421289837,38.6189457284818],[-8.98928758437908,38.6185297428295],[-8.98928756447563,38.6185297105459],[-8.9894387167002,38.6182094314586],[-8.98979939001556,38.6174699000922],[-8.9899398446484,38.6171827179066],[-8.99003537690131,38.6170311502987],[-8.99045665005576,38.616488035539],[-8.99087249869015,38.6158321250846],[-8.99086623362404,38.615859353919],[-8.99056979159768,38.6164343963488],[-8.99031137388124,38.617101256638],[-8.99030966286991,38.6176508076721],[-8.99031114523471,38.6176765672376],[-8.99034737130155,38.6178805158766],[-8.99043455606435,38.6183025325689],[-8.99062025860959,38.6189094745523],[-8.99084145663333,38.6194695092352],[-8.99139970936316,38.6206197890933],[-8.9919639774646,38.6217310635539],[-8.99207864934622,38.6219539372865],[-8.9921213553243,38.6220871167499],[-8.99225941386188,38.6224731941765],[-8.99271840162752,38.6226771895609],[-8.99320222221643,38.6228922192769],[-8.99333462990106,38.6233845451931],[-8.99333756078403,38.6233954432731],[-8.9926351927955,38.6242183928322],[-8.99243577758692,38.6242723109632],[-8.99202598426919,38.6243831092839],[-8.99161674529382,38.6240560918451],[-8.99160711438432,38.6240560832423],[-8.99097634519323,38.6240554942049],[-8.99097366847799,38.6240554922117]]]}},{"type":"Feature","id":"CRUS_Moita_V.379865","properties":{"Area_Ha":15.9965028263441,"Autor":"DGT","Categoria":"Espaço Agrícola","Classe":"Solo Rústico","DTCC":"1506","Data_PublicacaoPDM":"2025-04-14T00:00:00","Designacao_PlantaOrdenamento":"Solo Rústico - Espaços Agrícolas","Escala_PlantaOrdenamento":"1/12000","Fonte":"CM - Vectorial e Raster","ID":379865,"Municipio":"MOITA"},"geometry":{"type":"Polygon","coordinates":[[[-8.99735282400944,38.6449238784284],[-8.99728720089965,38.6448879778189],[-8.99728586313341,38.6448872454362],[-8.9972174666857,38.6448851500559],[-8.99715109529937,38.6448699527483],[-8.99688509706773,38.6448046106412],[-8.99689157838545,38.6447877375024],[-8.99689063282497,38.644787526489],[-8.99650788864694,38.6447021170543],[-8.99650668049979,38.6447018476218],[-8.99649874579697,38.6447410949125],[-8.99451243530343,38.6442825909137],[-8.9945094970634,38.6442819144239],[-8.99450958737753,38.6442782330589],[-8.99451839702411,38.6439352280145],[-8.99452225479565,38.6437850475777],[-8.99452611140847,38.6436348671455],[-8.99453547988521,38.6432701430763],[-8.99453933646302,38.6431199626313],[-8.99453934098701,38.6431196689346],[-8.99453977192669,38.6429054563665],[-8.99453439618191,38.6427338929596],[-8.99452969301357,38.6425837755327],[-8.99452258346827,38.642356800875],[-8.99452257689563,38.6423565396891],[-8.99475460663654,38.6421615463301],[-8.99464769310663,38.6414734129304],[-8.99454074563451,38.6407850453849],[-8.99436624979079,38.6396071280545],[-8.9943662675141,38.639606977489],[-8.99436625005594,38.6396068623141],[-8.99447802024589,38.6386394782875],[-8.99489786206835,38.6376526492726],[-8.99429658687034,38.6373977900909],[-8.99524702320964,38.6374265878265],[-8.99626580944675,38.6374250216592],[-8.99710772919929,38.6373872226014],[-8.99729361502983,38.6373821508876],[-8.99729684593696,38.6373820666666],[-8.99729682438754,38.637382089346],[-8.99658253054554,38.6384617678568],[-8.99658142740399,38.6384665079455],[-8.99652284823522,38.6387183144827],[-8.99650755470876,38.6387850682566],[-8.9963563332116,38.6394449867793],[-8.99633371036716,38.6395437084416],[-8.99633332182249,38.6395454039274],[-8.99638339044592,38.6396858506072],[-8.99646285811511,38.6399087618785],[-8.99652398678048,38.6400802290661],[-8.99662743946603,38.6403704156916],[-8.99672793347478,38.6406523032861],[-8.99683657720126,38.6409570435584],[-8.99707056277915,38.6416133577352],[-8.99730361491732,38.642267042486],[-8.99730428173279,38.6422689121409],[-8.99669273839838,38.6425119279226],[-8.99676287042563,38.6427192850758],[-8.99681269855423,38.6428666082243],[-8.99684423512901,38.6429598503924],[-8.9968716227523,38.6430408226561],[-8.99692428206385,38.6431965158658],[-8.99696992253753,38.6433314558252],[-8.99700041393696,38.6434216068822],[-8.99701794258997,38.6434734315135],[-8.99703881886164,38.6435351538145],[-8.99705999885604,38.6435977746754],[-8.99708490875126,38.6436714217941],[-8.99710418933684,38.6437284257255],[-8.99717600175728,38.6439407417245],[-8.99721940670556,38.6440690717381],[-8.9972789617274,38.6442451450322],[-8.99731586702236,38.6443542574475],[-8.99738075192212,38.6445460878633],[-8.99739609578186,38.6445914508612],[-8.9974180294814,38.6446619715609],[-8.99735694094156,38.6449260009422],[-8.99735327031843,38.6449241228531],[-8.99735282400944,38.6449238784284]]]}},{"type":"Feature","id":"CRUS_Moita_V.379866","properties":{"Area_Ha":12.1539135153599,"Autor":"DGT","Categoria":"Espaço Agrícola","Classe":"Solo Rústico","DTCC":"1506","Data_PublicacaoPDM":"2025-04-14T00:00:00","Designacao_PlantaOrdenamento":"Solo Rústico - Espaços Agrícolas","Escala_PlantaOrdenamento":"1/12000","Fonte":"CM - Vectorial e Raster","ID":379866,"Municipio":"MOITA"},"geometry":{"type":"Polygon","coordinates":[[[-8.97808825711394,38.6822361146373],[-8.97792992620774,38.6820571466146],[-8.97775309827619,38.6818572683096],[-8.97755997884819,38.6817504846318],[-8.97728102932928,38.6814741009016],[-8.97737629705598,38.6813934822398],[-8.97773566381881,38.6813495179749],[-8.97797303916808,38.6812594841262],[-8.97813128975922,38.6810291620987],[-8.97810714963505,38.6808459519629],[-8.97845449529457,38.6803664611527],[-8.97873746805832,38.6803172556416],[-8.97879245409936,38.6801811556672],[-8.97883952585396,38.6796909504646],[-8.9788538321677,38.6794975292557],[-8.9810494595314,38.6776438299038],[-8.98345148857701,38.6738944987152],[-8.98291263471413,38.6762487253649],[-8.9828497372709,38.676606028427],[-8.98295063780804,38.6766177993176],[-8.98307651842327,38.6766324846376],[-8.98295778620991,38.677508358056],[-8.98295768247536,38.6775091091789],[-8.98282137358566,38.6774980774973],[-8.9827288373682,38.6781503358504],[-8.98208381826517,38.6800064215156],[-8.98168009439759,38.6799992400911],[-8.981631813841,38.6799364243002],[-8.98156207706214,38.6799694032994],[-8.98152906698706,38.6799285724729],[-8.98148816308309,38.679945846641],[-8.98130845552365,38.6797265146871],[-8.98110762536171,38.6796718114219],[-8.98104325179611,38.6796956296932],[-8.98103784393385,38.6797014925938],[-8.98087402609138,38.6796235149579],[-8.98074432883277,38.6795617780908],[-8.98060695782363,38.6795040620229],[-8.98041762619046,38.6794310158618],[-8.98011990113741,38.6793849507404],[-8.97978439386797,38.6806845527021],[-8.97947057599273,38.6808918433792],[-8.97939547392549,38.6810195667276],[-8.97937938081169,38.681176604841],[-8.97944911830581,38.6816665584735],[-8.97929623219081,38.6816833090428],[-8.9793525585716,38.6821408056207],[-8.97929086725952,38.6826244722834],[-8.97893566338366,38.6825948264665],[-8.97880349270152,38.6824427773944],[-8.9786793238538,38.6822999341655],[-8.97844254382372,38.6820472241154],[-8.97808825711394,38.6822361146373]]]}},{"type":"Feature","id":"CRUS_Moita_V.379867","properties":{"Area_Ha":22.175748259406,"Autor":"DGT","Categoria":"Espaço Agrícola","Classe":"Solo Rústico","DTCC":"1506","Data_PublicacaoPDM":"2025-04-14T00:00:00","Designacao_PlantaOrdenamento":"Solo Rústico - Espaços Agrícolas","Escala_PlantaOrdenamento":"1/12000","Fonte":"CM - Vectorial e Raster","ID":379867,"Municipio":"MOITA"},"geometry":{"type":"Polygon","coordinates":[[[-8.97661689739135,38.6751450766667],[-8.9766197689312,38.6751431093189],[-8.97673142676388,38.6750663823935],[-8.9771122999206,38.6751417674343],[-8.97769165716088,38.6754412090459],[-8.97778821688044,38.6755417206013],[-8.97771043268411,38.6755773191262],[-8.97821737026587,38.676255769035],[-8.97834343348304,38.6762536752659],[-8.97837025589445,38.6763039300186],[-8.97841853616639,38.6763395276355],[-8.97848472311302,38.6763520370152],[-8.97855264649663,38.6763499975369],[-8.9786733458753,38.6763248699038],[-8.9787833163418,38.6762788030781],[-8.97889328689996,38.6762055138635],[-8.97967480968509,38.675472918051],[-8.98016833586801,38.6750583051831],[-8.98024343727728,38.6749829215464],[-8.98030512801109,38.6748845023674],[-8.98070209584779,38.6740803971766],[-8.98077719700843,38.6739589433818],[-8.98134999602642,38.672836265797],[-8.98175968146744,38.672004075713],[-8.98189915605655,38.6720145461297],[-8.98353262190732,38.6724700108786],[-8.98374883365588,38.6725390903811],[-8.98375183766554,38.6725281462849],[-8.98377323280176,38.6724424566365],[-8.98393009769131,38.6724457619579],[-8.98393009639561,38.6724458466429],[-8.98408972565789,38.6724491253343],[-8.98365252509596,38.6731883326667],[-8.98256947522467,38.6748809322488],[-8.98084397595055,38.6775631482848],[-8.97869168477732,38.6793698571745],[-8.97839151158284,38.6794443958656],[-8.97826861555633,38.6797511301492],[-8.9782685787168,38.6797512222973],[-8.97753211245874,38.6800887476073],[-8.97718242664577,38.6802568332802],[-8.97677806997894,38.6800736910322],[-8.9768601235187,38.6797363076851],[-8.97699975366421,38.6769803561119],[-8.9768261501121,38.6768468943807],[-8.97668251771196,38.6763360109741],[-8.97661824644487,38.6752587465848],[-8.97661689739135,38.6751450766667]]]}},{"type":"Feature","id":"CRUS_Moita_V.379868","properties":{"Area_Ha":30.9166514459336,"Autor":"DGT","Categoria":"Espaço Agrícola","Classe":"Solo Rústico","DTCC":"1506","Data_PublicacaoPDM":"2025-04-14T00:00:00","Designacao_PlantaOrdenamento":"Solo Rústico - Espaços Agrícolas","Escala_PlantaOrdenamento":"1/12000","Fonte":"CM - Vectorial e Raster","ID":379868,"Municipio":"MOITA"},"geometry":{"type":"Polygon","coordinates":[[[-9.00150573806762,38.6762903813476],[-9.00267680509219,38.6764343903217],[-9.00269313818182,38.676367659951],[-9.00350417781772,38.676497056035],[-9.00558336088394,38.6767143515051],[-9.00558340461297,38.6767143565837],[-9.00558312780251,38.6767157873209],[-9.00558338092984,38.6767158133574],[-9.00554643707243,38.67696598498],[-9.00537951462889,38.6780963142585],[-9.00537951278997,38.6780963521059],[-9.00688153863083,38.6782261727471],[-9.0061924563539,38.6811330525659],[-9.00619313509443,38.6811337726438],[-9.00450972116886,38.6835325717639],[-9.00450970202664,38.6835326043353],[-9.00442149259522,38.6836873715469],[-9.0023400988127,38.6832769942846],[-9.0022059880267,38.6833063068153],[-9.00110628343724,38.6853916678465],[-9.00099362989681,38.6854251669952],[-8.99910535507893,38.6845164936163],[-8.99872984569931,38.6846044300897],[-8.99852599673402,38.6845960552099],[-8.99802174242192,38.6842610582931],[-8.99686908060096,38.6839053340258],[-8.99680938457568,38.6837124962488],[-8.99712588425137,38.6833063073449],[-8.99716343617972,38.6831848684791],[-8.99665945267437,38.6829790925474],[-8.99670209602727,38.6828875525665],[-8.99853672578777,38.6829043031148],[-9.00026943284462,38.6824604207693],[-9.00120820566994,38.6828289271301],[-9.00304283791394,38.6824897336617],[-9.00326277957366,38.6811245694499],[-9.00293554954074,38.6802325923732],[-9.00234546242016,38.6769723840592],[-9.00189082906949,38.6766771363529],[-9.00175269426539,38.676681324233],[-9.00140937129305,38.6768446534338],[-9.00150573806762,38.6762903813476]]]}},{"type":"Feature","id":"CRUS_Moita_V.379869","properties":{"Area_Ha":1.25191447895272,"Autor":"DGT","Categoria":"Espaço Agrícola","Classe":"Solo Rústico","DTCC":"1506","Data_PublicacaoPDM":"2025-04-14T00:00:00","Designacao_PlantaOrdenamento":"Solo Rústico - Espaços Agrícolas","Escala_PlantaOrdenamento":"1/12000","Fonte":"CM - Vectorial e Raster","ID":379869,"Municipio":"MOITA"},"geometry":{"type":"Polygon","coordinates":[[[-8.99151666917933,38.6287058765865],[-8.99155437281578,38.6286963558303],[-8.99165658167389,38.6286705470967],[-8.9916551609159,38.628665232834],[-8.99157250910469,38.6283561245841],[-8.99150736542083,38.6278880569391],[-8.99129049610491,38.6262958395941],[-8.99129048991279,38.6262958018054],[-8.99108171876779,38.6248195396242],[-8.99108171602055,38.6248195018102],[-8.99160851979561,38.6254430538987],[-8.99161569589487,38.6254515472326],[-8.99158046172183,38.6256981747643],[-8.99154898870977,38.6259843391795],[-8.99161841588539,38.6259949439544],[-8.99189354321897,38.6260369681167],[-8.991734806388,38.6271664712041],[-8.9917347841332,38.6271666272076],[-8.99173010151481,38.6271668498422],[-8.99151003271191,38.6271845801889],[-8.99159293951927,38.6277045420467],[-8.99174636837876,38.6286667776807],[-8.9920481597662,38.6292449849668],[-8.99168706937009,38.6294246211783],[-8.99151666917933,38.6287058765865]]]}},{"type":"Feature","id":"CRUS_Moita_V.379870","properties":{"Area_Ha":7.36086307324898,"Autor":"DGT","Categoria":"Espaço Agrícola","Classe":"Solo Rústico","DTCC":"1506","Data_PublicacaoPDM":"2025-04-14T00:00:00","Designacao_PlantaOrdenamento":"Solo Rústico - Espaços Agrícolas","Escala_PlantaOrdenamento":"1/12000","Fonte":"CM - Vectorial e Raster","ID":379870,"Municipio":"MOITA"},"geometry":{"type":"Polygon","coordinates":[[[-8.99718597641732,38.6112730160697],[-8.99718601101116,38.6112752300113],[-8.99697905806902,38.6124314671477],[-8.99675000877205,38.6136230417296],[-8.9964186916597,38.6143209911191],[-8.99597265694868,38.6155145123581],[-8.99577547241628,38.6160421350314],[-8.99573210305974,38.6161581793681],[-8.99569527753312,38.6162671716336],[-8.99539175851644,38.6171654994037],[-8.99526969834363,38.61752675416],[-8.99510959338477,38.618558141518],[-8.99504852635722,38.6189492246786],[-8.99497094298739,38.6195351929671],[-8.99496884425136,38.6195485476409],[-8.99469376942074,38.6195828766463],[-8.99448422705513,38.6193417778315],[-8.99413269354603,38.617930302],[-8.99435753486984,38.6177020849735],[-8.99428756635331,38.6167496961214],[-8.99429354493961,38.6165197235084],[-8.99430013987312,38.6162877177216],[-8.99430014798271,38.6162874357078],[-8.99431791163865,38.6156688903852],[-8.9943179392885,38.6156679380235],[-8.99443571312552,38.6155388513379],[-8.99455293902438,38.6154141933553],[-8.99577890072761,38.6140799764517],[-8.9962499134839,38.6127113192785],[-8.99641282396262,38.6120029347018],[-8.9966069307608,38.6119855508295],[-8.99658865067099,38.6116183524443],[-8.99674635359538,38.6116128511559],[-8.99673400990211,38.6115115954579],[-8.9970140279191,38.6113055457077],[-8.99718541626826,38.611273121998],[-8.99718597641732,38.6112730160697]]]}},{"type":"Feature","id":"CRUS_Moita_V.379871","properties":{"Area_Ha":1.04758732897622,"Autor":"DGT","Categoria":"Espaço Agrícola","Classe":"Solo Rústico","DTCC":"1506","Data_PublicacaoPDM":"2025-04-14T00:00:00","Designacao_PlantaOrdenamento":"Solo Rústico - Espaços Agrícolas","Escala_PlantaOrdenamento":"1/12000","Fonte":"CM - Vectorial e Raster","ID":379871,"Municipio":"MOITA"},"geometry":{"type":"Polygon","coordinates":[[[-8.9921203461432,38.6120598370179],[-8.99186140363739,38.6100080530372],[-8.99186109121264,38.6100055366571],[-8.99208111114965,38.6100377940894],[-8.99256501835822,38.6101087389052],[-8.99268306598793,38.6111045409712],[-8.9924512273707,38.6115693471556],[-8.99219787787278,38.6120478860379],[-8.99212042853003,38.6120604877005],[-8.9921203461432,38.6120598370179]]]}},{"type":"Feature","id":"CRUS_Moita_V.379872","properties":{"Area_Ha":17.1479415280008,"Autor":"DGT","Categoria":"Espaço Agrícola","Classe":"Solo Rústico","DTCC":"1506","Data_PublicacaoPDM":"2025-04-14T00:00:00","Designacao_PlantaOrdenamento":"Solo Rústico - Espaços Agrícolas","Escala_PlantaOrdenamento":"1/12000","Fonte":"CM - Vectorial e Raster","ID":379872,"Municipio":"MOITA"},"geometry":{"type":"Polygon","coordinates":[[[-8.98477772788196,38.6386497759696],[-8.98586366984318,38.6385025280507],[-8.98611043326552,38.6384857675066],[-8.98633573886525,38.6384899581188],[-8.98633769112623,38.6384913905793],[-8.98643938045936,38.6385660195542],[-8.98645890559727,38.6385760013219],[-8.98657163997911,38.6386185195499],[-8.9865759402909,38.638619601577],[-8.98657847182082,38.6386200992718],[-8.98669759024926,38.6386396983644],[-8.98675369677961,38.6386433317999],[-8.98687083936427,38.6386397556105],[-8.98699934550754,38.6386085901621],[-8.98702990625952,38.6386004093473],[-8.98715716549758,38.6385302883397],[-8.98722001617442,38.6384746035967],[-8.98725854168396,38.6384358253489],[-8.98726857709634,38.6384257233718],[-8.98730789099004,38.6383610591121],[-8.98732916655978,38.6383274035804],[-8.98763685662105,38.6382246901448],[-8.98795074524795,38.6381088986056],[-8.98832307606521,38.6379641584966],[-8.98866029652486,38.6378330654058],[-8.98981837836567,38.6373860612759],[-8.98981772775151,38.6373804188694],[-8.99010647340653,38.6372872448302],[-8.99049364928703,38.6372531741601],[-8.99135262095493,38.6371743317718],[-8.99170206654492,38.6372258017595],[-8.99183038650229,38.6372506491786],[-8.99183149577446,38.637250825702],[-8.9918314996711,38.6372508635073],[-8.99187333102007,38.6374544482119],[-8.99194193690104,38.6377883428058],[-8.99200178429062,38.6380803347668],[-8.99200415777044,38.6380919350707],[-8.99204223463954,38.6382470368991],[-8.99219218959478,38.6388032958223],[-8.99221465379569,38.6391341473665],[-8.99220031873567,38.6394070796068],[-8.99212093165044,38.6395900249345],[-8.99201892094917,38.6398835195731],[-8.99201822268639,38.6398855452131],[-8.99194547492316,38.6400155056593],[-8.99182854301213,38.6402094712454],[-8.99171975276625,38.640409704233],[-8.99154292260768,38.6406828686101],[-8.99140663459648,38.6408501145936],[-8.99140663044309,38.6408501515572],[-8.99137921186425,38.6409712024592],[-8.99135238557665,38.6410896294569],[-8.99132278888844,38.6412202908297],[-8.99107251342796,38.6412605848372],[-8.99083119309126,38.6412922027261],[-8.99082529287631,38.6412929756409],[-8.99066094030431,38.6412977603608],[-8.99052938773071,38.6413015901087],[-8.99047474819596,38.6413031805393],[-8.99038976344066,38.641305654518],[-8.99012420339656,38.6413133843883],[-8.98993723640359,38.6412765975108],[-8.98975026960727,38.6412398112328],[-8.9894031392691,38.6411278824434],[-8.9890560111434,38.6410159526009],[-8.98903518979269,38.6410057150206],[-8.98874247392256,38.6408618010681],[-8.98860194272093,38.6407927090135],[-8.9885381042663,38.6407613223526],[-8.9884289368979,38.6407076495846],[-8.98786048349849,38.6403801771482],[-8.98756634026345,38.6402107264165],[-8.98729631763768,38.6400551685456],[-8.9870515949222,38.639914185116],[-8.98672068828835,38.6397235505233],[-8.98616371882421,38.6394026762325],[-8.98578068034367,38.6392700447188],[-8.98539764326703,38.6391374128323],[-8.98530403120084,38.6390689333939],[-8.98501369696086,38.6388565473855],[-8.98477772788196,38.6386497759696]]]}},{"type":"Feature","id":"CRUS_Moita_V.379873","properties":{"Area_Ha":10.4405168757264,"Autor":"DGT","Categoria":"Espaço de Atividades Económicas","Classe":"Solo Urbano","DTCC":"1506","Data_PublicacaoPDM":"2025-04-14T00:00:00","Designacao_PlantaOrdenamento":"Solo Urbano - Espaços de Atividades Económicas","Escala_PlantaOrdenamento":"1/12000","Fonte":"CM - Vectorial e Raster","ID":379873,"Municipio":"MOITA"},"geometry":{"type":"Polygon","coordinates":[[[-8.97165869717112,38.6497901665033],[-8.97252269220875,38.6491661712892],[-8.9731342350666,38.6486361940631],[-8.97329080503558,38.6484700199545],[-8.97365726638983,38.648081074843],[-8.97413738196477,38.6474735816569],[-8.9746661012871,38.6466990728776],[-8.97478598028614,38.6465118214493],[-8.97525573714886,38.645778043535],[-8.97482302089579,38.6472716938662],[-8.97467181182609,38.6473337529904],[-8.97456787619267,38.6474201639307],[-8.97447802184772,38.6475427103096],[-8.97444851801862,38.64768306304],[-8.9744753401418,38.6478003715382],[-8.97453971247064,38.6479093017583],[-8.97460206118868,38.6479607010745],[-8.9746230699014,38.6479780202163],[-8.97464834238458,38.6479950312318],[-8.97474356069165,38.6480433690683],[-8.97484549784695,38.6517782341704],[-8.97360919617049,38.6518602226807],[-8.97184282653837,38.6519773409488],[-8.97180397308017,38.6519801571063],[-8.97166335231327,38.6500572605245],[-8.97166208662606,38.6499569628319],[-8.97165869717112,38.6497901665033]]]}},{"type":"Feature","id":"CRUS_Moita_V.379874","properties":{"Area_Ha":1.28820093768872,"Autor":"DGT","Categoria":"Espaço Habitacional","Classe":"Solo Urbano","DTCC":"1506","Data_PublicacaoPDM":"2025-04-14T00:00:00","Designacao_PlantaOrdenamento":"Solo Urbano - Espaços Habitacionais - Tipo 0","Escala_PlantaOrdenamento":"1/12000","Fonte":"CM - Vectorial e Raster","ID":379874,"Municipio":"MOITA"},"geometry":{"type":"Polygon","coordinates":[[[-8.97929086725952,38.6826244722834],[-8.9793525585716,38.6821408056207],[-8.97929623219081,38.6816833090428],[-8.97944911830581,38.6816665584735],[-8.97937938081169,38.681176604841],[-8.97939547392549,38.6810195667276],[-8.97947057599273,38.6808918433792],[-8.97978439386797,38.6806845527021],[-8.97995724838174,38.6806658282769],[-8.98023069708076,38.6819679850628],[-8.97999989074366,38.682047347341],[-8.97967337588462,38.6822490139901],[-8.97963407194969,38.6825498215737],[-8.97961841810033,38.6827099822843],[-8.97959427775596,38.6829151733812],[-8.97959025533746,38.6829622829421],[-8.97946198330809,38.6830302535631],[-8.97953053279807,38.6831124358013],[-8.97919857379124,38.6832773283208],[-8.97925841096898,38.6828259320105],[-8.97929086725952,38.6826244722834]]]}},{"type":"Feature","id":"CRUS_Moita_V.379875","properties":{"Area_Ha":1.71754548727896,"Autor":"DGT","Categoria":"Espaço Habitacional","Classe":"Solo Urbano","DTCC":"1506","Data_PublicacaoPDM":"2025-04-14T00:00:00","Designacao_PlantaOrdenamento":"Solo Urbano - Espaços Habitacionais - Tipo 0","Escala_PlantaOrdenamento":"1/12000","Fonte":"CM - Vectorial e Raster","ID":379875,"Municipio":"MOITA"},"geometry":{"type":"Polygon","coordinates":[[[-9.00940853080814,38.6790263697492],[-9.00978939580514,38.6778998517183],[-9.00978940224895,38.6778998147371],[-9.01072013233431,38.6780463901551],[-9.01073353506829,38.6779857025583],[-9.0107335392135,38.6779856655944],[-9.01122433545735,38.6780739344242],[-9.011222699228,38.6780773346247],[-9.01091024384707,38.679279975829],[-9.01090662680541,38.6792793652105],[-9.0097862650392,38.6790902638485],[-9.00941007625904,38.6790266365168],[-9.00940853080814,38.6790263697492]]]}},{"type":"Feature","id":"CRUS_Moita_V.379876","properties":{"Area_Ha":0.416983424931392,"Autor":"DGT","Categoria":"Espaço Habitacional","Classe":"Solo Urbano","DTCC":"1506","Data_PublicacaoPDM":"2025-04-14T00:00:00","Designacao_PlantaOrdenamento":"Solo Urbano - Espaços Habitacionais - Tipo 0","Escala_PlantaOrdenamento":"1/12000","Fonte":"CM - Vectorial e Raster","ID":379876,"Municipio":"MOITA"},"geometry":{"type":"Polygon","coordinates":[[[-8.9586319011103,38.6397062968573],[-8.95872588416319,38.6396062193067],[-8.9587807270663,38.6395478200696],[-8.95893388572797,38.6393847291835],[-8.95914658644361,38.6394322450828],[-8.95929904884794,38.6394663045463],[-8.95945843076993,38.6395019084664],[-8.95955571401795,38.6395233001055],[-8.95962136212849,38.6395377348144],[-8.95966837850258,38.639548072727],[-8.95994938849472,38.6396078266451],[-8.96017363193902,38.6396555077099],[-8.9603897044243,38.639701451712],[-8.96032708722975,38.6398748716531],[-8.9586319011103,38.6397062968573]]]}},{"type":"Feature","id":"CRUS_Moita_V.379877","properties":{"Area_Ha":0.180315892666567,"Autor":"DGT","Categoria":"Espaço Central","Classe":"Solo Urbano","DTCC":"1506","Data_PublicacaoPDM":"2025-04-14T00:00:00","Designacao_PlantaOrdenamento":"Solo Urbano - Espaços Centrais - Núcleos Consolidados","Escala_PlantaOrdenamento":"1/12000","Fonte":"CM - Vectorial e Raster","ID":379877,"Municipio":"MOITA"},"geometry":{"type":"Polygon","coordinates":[[[-8.99194481516944,38.6486985593875],[-8.99222912853417,38.6486524744129],[-8.99238469700746,38.6492725264813],[-8.99231924851987,38.6492827278378],[-8.99208896385632,38.6493177066114],[-8.99206393174999,38.6492101926424],[-8.99202285779249,38.6490337685145],[-8.99194481516944,38.6486985593875]]]}},{"type":"Feature","id":"CRUS_Moita_V.379878","properties":{"Area_Ha":12.4231065394554,"Autor":"DGT","Categoria":"Espaço Central","Classe":"Solo Urbano","DTCC":"1506","Data_PublicacaoPDM":"2025-04-14T00:00:00","Designacao_PlantaOrdenamento":"Solo Urbano - Espaços Centrais - Núcleos Consolidados","Escala_PlantaOrdenamento":"1/12000","Fonte":"CM - Vectorial e Raster","ID":379878,"Municipio":"MOITA"},"geometry":{"type":"Polygon","coordinates":[[[-9.04571692221435,38.662084928063],[-9.04573406337798,38.6620849789823],[-9.04573442217595,38.6624024494852],[-9.045735100112,38.6630011298652],[-9.04573043246309,38.6632421155098],[-9.04573029633529,38.6632491320179],[-9.04618196809766,38.6632569975343],[-9.04661490237046,38.6632587317645],[-9.04660580424,38.6623952345661],[-9.04660463301558,38.6620743473796],[-9.04660237896309,38.6614571560577],[-9.04746790355716,38.6614627466796],[-9.0472680790285,38.6621078209451],[-9.04726026274288,38.6640791879715],[-9.04886721632501,38.6641027160018],[-9.04890991519954,38.6640883561983],[-9.04877717932723,38.6641527425122],[-9.04863180827208,38.664213244234],[-9.04856013460715,38.6642510993322],[-9.04854484972743,38.664272803975],[-9.04850833708117,38.6643246534368],[-9.04851166697112,38.6644503756847],[-9.0486495587232,38.6647765540148],[-9.04880658050257,38.6650707849959],[-9.04900380287049,38.6653550605723],[-9.04919693115362,38.6656649740442],[-9.04706907410671,38.6656473852087],[-9.04478510733698,38.6656313466185],[-9.04461740077222,38.6651414861791],[-9.04468894069995,38.664856251841],[-9.04472630561884,38.6647072796744],[-9.04472621282962,38.6647064858904],[-9.0446842342091,38.664347860647],[-9.04461487413747,38.6642721285073],[-9.04457200779935,38.6642253227013],[-9.04438314752812,38.6640191081146],[-9.04435830198084,38.6639901157055],[-9.04427907892935,38.663897334154],[-9.04427001370778,38.6638867167591],[-9.04421919727594,38.6638260445511],[-9.04408123390077,38.6636448193697],[-9.04400291653039,38.6635401246679],[-9.04383906810562,38.6632537970109],[-9.04365938148758,38.6628933086568],[-9.04350018421661,38.6625666739094],[-9.04336844552749,38.6622858183923],[-9.04325680663377,38.6620477889882],[-9.04571692221435,38.662084928063]]]}},{"type":"Feature","id":"CRUS_Moita_V.379879","properties":{"Area_Ha":3.20939576112144,"Autor":"DGT","Categoria":"Espaço Central","Classe":"Solo Urbano","DTCC":"1506","Data_PublicacaoPDM":"2025-04-14T00:00:00","Designacao_PlantaOrdenamento":"Solo Urbano - Espaços Centrais - Núcleos Consolidados","Escala_PlantaOrdenamento":"1/12000","Fonte":"CM - Vectorial e Raster","ID":379879,"Municipio":"MOITA"},"geometry":{"type":"Polygon","coordinates":[[[-9.0396531995695,38.6463260212759],[-9.04019374832418,38.6456020490842],[-9.04053766865922,38.6456412682525],[-9.04088158934965,38.6456804864048],[-9.04306586778746,38.6466341093045],[-9.0430658671288,38.6466341480442],[-9.04322124395614,38.6467019805502],[-9.04308668471211,38.6468427773026],[-9.04297751873993,38.6469546236071],[-9.04281602414902,38.6470532331832],[-9.0425083854351,38.6472396262686],[-9.0423830332078,38.6473155746763],[-9.04168888882304,38.6475099399614],[-9.04168831713228,38.6474647654484],[-9.04157005657691,38.6472879209581],[-9.04147894686507,38.6471728759989],[-9.0396531995695,38.6463260212759]]]}},{"type":"Feature","id":"CRUS_Moita_V.379880","properties":{"Area_Ha":4.57402581798182,"Autor":"DGT","Categoria":"Espaço Central","Classe":"Solo Urbano","DTCC":"1506","Data_PublicacaoPDM":"2025-04-14T00:00:00","Designacao_PlantaOrdenamento":"Solo Urbano - Espaços Centrais - Núcleos Consolidados","Escala_PlantaOrdenamento":"1/12000","Fonte":"CM - Vectorial e Raster","ID":379880,"Municipio":"MOITA"},"geometry":{"type":"Polygon","coordinates":[[[-8.97694682646012,38.6502703391692],[-8.97694638748501,38.6502703252206],[-8.97662955075229,38.6502600477202],[-8.97662994306513,38.6502550048724],[-8.97664654096019,38.6500414577236],[-8.97669750266514,38.6500414577466],[-8.97672432466597,38.6497565721474],[-8.97681015739075,38.649760761614],[-8.97681820301747,38.6496476450084],[-8.9767913811594,38.6494339803972],[-8.97655001976705,38.6493881727084],[-8.97643296221016,38.6493659550952],[-8.97643313468411,38.6493578366728],[-8.97644373882076,38.6491798362687],[-8.97644833577438,38.6487306639345],[-8.97683824376319,38.6487428218911],[-8.97710899631716,38.6476969701319],[-8.97711812259476,38.6476617241291],[-8.97711964886408,38.6476558218325],[-8.97712048953925,38.6476525773621],[-8.97712055985711,38.6476523048107],[-8.97712057081455,38.6476522596912],[-8.97712058183541,38.6476522199762],[-8.97712060488831,38.6476521288282],[-8.97712069499299,38.6476517804662],[-8.97712115432457,38.6476500061635],[-8.97712277853735,38.6476437383329],[-8.97713013544529,38.6476153125014],[-8.97714998336428,38.6475386438494],[-8.97720753138968,38.6473163514759],[-8.97748339037565,38.6473584632538],[-8.97755096187551,38.6470945963278],[-8.97763359525577,38.6467719122479],[-8.97802519673786,38.6468305681951],[-8.97807347593526,38.6467090670895],[-8.97838997704577,38.6467551538977],[-8.97834516475312,38.647048997],[-8.97833663905637,38.6471048978914],[-8.97832620116616,38.6471733437387],[-8.97832560394526,38.6471772620647],[-8.97832547264842,38.6471852495773],[-8.97832023932858,38.6475030059752],[-8.97873866480177,38.6475574706076],[-8.97873014177224,38.6476597018565],[-8.97872563447914,38.6477137531881],[-8.97872328362361,38.6477419393466],[-8.97872063491373,38.6477737119728],[-8.97871763391653,38.6478097173393],[-8.97871448888067,38.647847443389],[-8.97871085340546,38.6478910372431],[-8.97870747066869,38.6479316043569],[-8.97870558799684,38.6479541805014],[-8.97870404683956,38.6479726825255],[-8.97870111413815,38.6480078541494],[-8.9784811736249,38.6479952858205],[-8.97832708093011,38.6479864796165],[-8.97826123087314,38.647982716193],[-8.97822795725129,38.6481831917688],[-8.97814875277512,38.6486613614753],[-8.97811776526045,38.6490488795232],[-8.97811767999772,38.6490499331834],[-8.97809493417247,38.6493359436024],[-8.9781807641801,38.6493401338865],[-8.97817370379845,38.6497519575931],[-8.97816918686596,38.650015269269],[-8.97816467105622,38.6502785800244],[-8.97753703610896,38.6502576322585],[-8.97752630647789,38.6502911476915],[-8.9771244556701,38.6502764226578],[-8.9770978203042,38.6502754464897],[-8.97705331118534,38.6502738146671],[-8.97705186547662,38.6502737620409],[-8.97704989342335,38.6502736897911],[-8.97704819833642,38.6502736281544],[-8.97704765247583,38.6502736095724],[-8.97701815702739,38.6502726531198],[-8.97694682646012,38.6502703391692]]]}},{"type":"Feature","id":"CRUS_Moita_V.379881","properties":{"Area_Ha":5.03146749459496,"Autor":"DGT","Categoria":"Espaço Central","Classe":"Solo Urbano","DTCC":"1506","Data_PublicacaoPDM":"2025-04-14T00:00:00","Designacao_PlantaOrdenamento":"Solo Urbano - Espaços Centrais - Núcleos Consolidados","Escala_PlantaOrdenamento":"1/12000","Fonte":"CM - Vectorial e Raster","ID":379881,"Municipio":"MOITA"},"geometry":{"type":"Polygon","coordinates":[[[-8.98014611901067,38.6453368822355],[-8.98014541570437,38.645337634098],[-8.98007246474141,38.6453055710618],[-8.97953491941425,38.6450623169264],[-8.97953272486577,38.6450008490365],[-8.97953063831647,38.6449424097827],[-8.97951799576738,38.6448893364528],[-8.97951671225009,38.6448847056761],[-8.97948765102731,38.6448124846494],[-8.979440129493,38.6447345410174],[-8.97943400631643,38.6447244989662],[-8.97943648603021,38.6447216515871],[-8.98069196322055,38.6432801701417],[-8.98093135448473,38.6430728691068],[-8.98093452671583,38.6430701211704],[-8.98093872567977,38.6430664857028],[-8.98133390561613,38.6432619168334],[-8.98200624532963,38.6435944087911],[-8.98207866487378,38.6436446870342],[-8.98215108451897,38.6436949652309],[-8.98228519534954,38.643829040074],[-8.98282069298503,38.6443873487692],[-8.98305767083708,38.6446344187078],[-8.9830960868373,38.6446764244174],[-8.9831345028826,38.6447184301136],[-8.98313813701265,38.6447224041956],[-8.98263362859688,38.6450838556565],[-8.98171764044804,38.6457374032198],[-8.98170992267305,38.6457435378596],[-8.98116260995826,38.6452534749218],[-8.980693384759,38.6447517573462],[-8.98014611901067,38.6453368822355]]]}},{"type":"Feature","id":"CRUS_Moita_V.379882","properties":{"Area_Ha":7.64848842024946,"Autor":"DGT","Categoria":"Espaço Central","Classe":"Solo Urbano","DTCC":"1506","Data_PublicacaoPDM":"2025-04-14T00:00:00","Designacao_PlantaOrdenamento":"Solo Urbano - Espaços Centrais - Núcleos Antigos","Escala_PlantaOrdenamento":"1/12000","Fonte":"CM - Vectorial e Raster","ID":379882,"Municipio":"MOITA"},"geometry":{"type":"Polygon","coordinates":[[[-8.98241785918083,38.6840020145711],[-8.98241735918209,38.6840011336145],[-8.9822902954135,38.683753147556],[-8.98218592663158,38.6835469622504],[-8.98201677267436,38.6835883948721],[-8.98192322561317,38.6833122113871],[-8.98208455557937,38.6832711284611],[-8.98207000297474,38.6832306952962],[-8.98201176429527,38.6832397918882],[-8.9819734725959,38.6831630512345],[-8.98183399756339,38.68304998773],[-8.98166769999568,38.6831002377895],[-8.98159796286965,38.6829913620432],[-8.9814316659652,38.6827736086158],[-8.98002216522703,38.6831798011565],[-8.97999400200854,38.683143160485],[-8.97929930968902,38.6834760695684],[-8.9791531293736,38.6833001933749],[-8.97915175182299,38.68329837291],[-8.97919857379124,38.6832773283208],[-8.97953053279807,38.6831124358013],[-8.97946198330809,38.6830302535631],[-8.97959025533746,38.6829622829421],[-8.97963491617266,38.6829415132523],[-8.97971631921027,38.6829036568775],[-8.97990117492936,38.6828159973],[-8.98035982859677,38.682692380375],[-8.98076362292238,38.6825823956935],[-8.98088762336553,38.682549574203],[-8.98100504741235,38.6825166255065],[-8.98102505274952,38.6824752867595],[-8.98106975137718,38.6823807540312],[-8.98118306685454,38.6821308027793],[-8.98124717444568,38.6819967470387],[-8.98121837473351,38.6819029823691],[-8.98093628666921,38.6819564464709],[-8.9804239615139,38.6820535466516],[-8.98029907963589,38.6819142855958],[-8.98034892114302,38.6819123949593],[-8.98051583767082,38.6818724889074],[-8.98046814824047,38.6817333325519],[-8.98069610515377,38.681676269556],[-8.98092137938932,38.6816485205689],[-8.98082409907298,38.681014992177],[-8.98138446004826,38.6809637287035],[-8.98134706233169,38.6806820892238],[-8.98131419337314,38.6804501501967],[-8.98122230492826,38.6799755530087],[-8.98119948204857,38.6799497627827],[-8.98094340254362,38.6798402136394],[-8.98103851770268,38.6797018137994],[-8.98103784393385,38.6797014925938],[-8.98104325179611,38.6796956296932],[-8.98110762536171,38.6796718114219],[-8.98130845552365,38.6797265146871],[-8.98148816308309,38.679945846641],[-8.98152906698706,38.6799285724729],[-8.98156207706214,38.6799694032994],[-8.981631813841,38.6799364243002],[-8.98168009439759,38.6799992400911],[-8.98208381826517,38.6800064215156],[-8.98215406636178,38.6800077861077],[-8.98225649208644,38.6800710111675],[-8.98214428281084,38.6804594223905],[-8.98267312315174,38.6806196000219],[-8.98311836964425,38.6807555477294],[-8.9833334491409,38.6808829269739],[-8.98369969421003,38.6808964097431],[-8.98372053363908,38.6811321819845],[-8.98372783740119,38.6812002754792],[-8.98383512498761,38.6823183710705],[-8.9837063798376,38.6823330276764],[-8.98376002313515,38.682467030011],[-8.98371979091378,38.6825486876251],[-8.98340865439505,38.6824733119072],[-8.98334428082556,38.6826408148323],[-8.98284807282538,38.6825633446403],[-8.98251816047421,38.682630345989],[-8.98245915180943,38.6826931587413],[-8.98303314531792,38.6839619807895],[-8.98290708087263,38.6840310741392],[-8.98293122130327,38.684081324724],[-8.98279710993967,38.6841483244141],[-8.98265495345305,38.6839410430762],[-8.98241891925893,38.6840017618541],[-8.98241785918083,38.6840020145711]]]}},{"type":"Feature","id":"CRUS_Moita_V.379883","properties":{"Area_Ha":1.48106848346685,"Autor":"DGT","Categoria":"Espaço Habitacional","Classe":"Solo Urbano","DTCC":"1506","Data_PublicacaoPDM":"2025-04-14T00:00:00","Designacao_PlantaOrdenamento":"Solo Urbano - Espaços Habitacionais - Tipo 1","Escala_PlantaOrdenamento":"1/12000","Fonte":"CM - Vectorial e Raster","ID":379883,"Municipio":"MOITA"},"geometry":{"type":"Polygon","coordinates":[[[-8.97979609419709,38.6572603967888],[-8.97978917800376,38.6572559869591],[-8.97985134501236,38.6571718015852],[-8.98016760423227,38.656771492225],[-8.98032539974075,38.6565717585145],[-8.98046330057649,38.6563972048264],[-8.98066529888704,38.6561094713252],[-8.98074044361748,38.6560095318133],[-8.98074151477236,38.656008108884],[-8.98074156678517,38.6560080382442],[-8.98105744673462,38.656255440636],[-8.981425367876,38.6564891859537],[-8.98142468030531,38.656490598],[-8.98090558931624,38.6576731702783],[-8.9808071499255,38.6578965549397],[-8.98010986784762,38.657419771209],[-8.98006196437871,38.6573921237192],[-8.97999998875733,38.6573602713415],[-8.97994407768434,38.6573338654395],[-8.97988111536124,38.6573016264892],[-8.97987400784152,38.6572981404754],[-8.97983505043479,38.6572792686429],[-8.97979609419709,38.6572603967888]]]}},{"type":"Feature","id":"CRUS_Moita_V.379884","properties":{"Area_Ha":1.24588900262644,"Autor":"DGT","Categoria":"Espaço Verde","Classe":"Solo Urbano","DTCC":"1506","Data_PublicacaoPDM":"2025-04-14T00:00:00","Designacao_PlantaOrdenamento":"Solo Urbano - Espaços Verdes - Recreio, lazer, desporto, cultura","Escala_PlantaOrdenamento":"1/12000","Fonte":"CM - Vectorial e Raster","ID":379884,"Municipio":"MOITA"},"geometry":{"type":"Polygon","coordinates":[[[-9.04652386289165,38.6463994413888],[-9.04652956633964,38.6463981141079],[-9.04653949407588,38.6463969312997],[-9.04659647418693,38.6463901428866],[-9.04666513107223,38.646381963394],[-9.04667391303611,38.6463809174366],[-9.04669391644265,38.6463785335242],[-9.04672142415501,38.6463752568539],[-9.04672554274099,38.6463747661777],[-9.04672796617506,38.6463744770089],[-9.04672980927129,38.6463742572305],[-9.04673091834264,38.6463741251582],[-9.04673386822456,38.6463737742261],[-9.04673739843281,38.6463733530027],[-9.04674131975561,38.6463728863866],[-9.04674686969486,38.6463722250879],[-9.04675196660119,38.6463716177723],[-9.04675543374245,38.6463712051482],[-9.04675711855729,38.6463710037209],[-9.04675921972028,38.6463707540015],[-9.0467621512367,38.646370404113],[-9.0467643097466,38.6463701476399],[-9.0467660347031,38.646369941395],[-9.04676739495001,38.6463697794356],[-9.04676768626742,38.6463697447313],[-9.04676811178099,38.646369694566],[-9.04676817485919,38.6463696868668],[-9.04676822647487,38.6463696810589],[-9.04676828955307,38.6463696733598],[-9.04676834804854,38.6463696665973],[-9.04676841341238,38.6463696579795],[-9.04676846847367,38.6463696521446],[-9.04676852810626,38.6463696444724],[-9.04676857857339,38.6463696386734],[-9.04676863477179,38.6463696319288],[-9.04676868523892,38.6463696261298],[-9.04676873226043,38.6463696203577],[-9.0467687976357,38.6463696126407],[-9.04676884580576,38.6463696068596],[-9.04676890315269,38.6463696001061],[-9.04676897999049,38.6463695904979],[-9.04676903505179,38.646369584663],[-9.04676907862769,38.6463695789178],[-9.04676913024336,38.6463695731099],[-9.04676917153361,38.6463695682833],[-9.04676922313785,38.6463695615747],[-9.04676929081021,38.6463695538396],[-9.04676940090991,38.6463695403684],[-9.04676955001424,38.6463695229894],[-9.04676976907656,38.6463694969567],[-9.04677016705948,38.6463694497088],[-9.04677260081858,38.6463691595576],[-9.04678332794643,38.6463678813053],[-9.04678832163222,38.6463672865048],[-9.04679293798587,38.6463667369892],[-9.04680087121585,38.6463657913353],[-9.04680315816747,38.6463655185446],[-9.04682641538584,38.6463627479719],[-9.04684361571964,38.6463606985079],[-9.04684384855294,38.6463606714667],[-9.04684610798501,38.6463604024934],[-9.04684855396103,38.6463601698967],[-9.04685062707337,38.6463599726414],[-9.0468560398676,38.6463594565375],[-9.04686204581624,38.6463588853549],[-9.04692894747777,38.6463525129199],[-9.04703651048571,38.6463422654967],[-9.04708184692089,38.6463379432384],[-9.04727242451806,38.6463197648546],[-9.04732695970048,38.6463142959545],[-9.047503214303,38.6462961831919],[-9.04757799500554,38.6462884984802],[-9.04789488475205,38.6462559330102],[-9.04809136335893,38.6462357415914],[-9.0481013412878,38.6462347158989],[-9.04812960070499,38.6463464540309],[-9.04823861315142,38.6467677551236],[-9.04827650728754,38.6469142023927],[-9.04830400855379,38.6469900475461],[-9.04776228373067,38.6470623259417],[-9.04765452728318,38.6470765886311],[-9.0471958358322,38.647137196571],[-9.04691538868549,38.6471742524479],[-9.04663494007684,38.6472113067641],[-9.04660770173445,38.647073536066],[-9.04658672485969,38.6469464396377],[-9.04658671493934,38.6469463820637],[-9.04660385611349,38.6468409684934],[-9.0466038667755,38.6468409035523],[-9.04659366891282,38.6467944926726],[-9.046593650438,38.6467943946292],[-9.04662232107522,38.6467684374547],[-9.04662235741696,38.646768404742],[-9.04657491824041,38.6466618767377],[-9.04663511671019,38.646648182829],[-9.04663507060165,38.6466480795966],[-9.04652386289165,38.6463994413888]]]}},{"type":"Feature","id":"CRUS_Moita_V.379885","properties":{"Area_Ha":0.35579115152664,"Autor":"DGT","Categoria":"Espaço Verde","Classe":"Solo Urbano","DTCC":"1506","Data_PublicacaoPDM":"2025-04-14T00:00:00","Designacao_PlantaOrdenamento":"Solo Urbano - Espaços Verdes - Recreio, lazer, desporto, cultura","Escala_PlantaOrdenamento":"1/12000","Fonte":"CM - Vectorial e Raster","ID":379885,"Municipio":"MOITA"},"geometry":{"type":"Polygon","coordinates":[[[-9.04342230228782,38.6467897939298],[-9.04388093672213,38.6462534214499],[-9.04473989789276,38.6457738045171],[-9.04474530192432,38.6457707861438],[-9.04475394481753,38.6457864162099],[-9.04483709277448,38.6459707637348],[-9.04491914794635,38.6461526875385],[-9.04477086941697,38.6462888990668],[-9.04392553709544,38.646286485935],[-9.04383509432989,38.6463650547608],[-9.04383724116467,38.6465963439549],[-9.04381503656795,38.6466131393738],[-9.04379620201543,38.6466273853986],[-9.0437845672348,38.6466361858562],[-9.04377606813024,38.6466426144047],[-9.04376638120721,38.6466499421945],[-9.04376254807061,38.6466528410977],[-9.04376161511068,38.646653547385],[-9.04376128287072,38.6466537976927],[-9.043761207785,38.6466538550279],[-9.0437611770707,38.6466538786879],[-9.04363782835336,38.6467471776506],[-9.04352323333702,38.6468338559025],[-9.04342230228782,38.6467897939298]]]}},{"type":"Feature","id":"CRUS_Moita_V.379886","properties":{"Area_Ha":1.33966853728499,"Autor":"DGT","Categoria":"Espaço Verde","Classe":"Solo Urbano","DTCC":"1506","Data_PublicacaoPDM":"2025-04-14T00:00:00","Designacao_PlantaOrdenamento":"Solo Urbano - Espaços Verdes - Proteção à Rede Hídrica","Escala_PlantaOrdenamento":"1/12000","Fonte":"CM - Vectorial e Raster","ID":379886,"Municipio":"MOITA"},"geometry":{"type":"Polygon","coordinates":[[[-9.03883475225662,38.6450162399611],[-9.03914638404227,38.6449720626706],[-9.0397272361013,38.6449491075685],[-9.03986199341398,38.6448563142888],[-9.03996965240219,38.6445576096074],[-9.03996642760365,38.644302036552],[-9.04021131820665,38.6438082396556],[-9.04035156448621,38.6435254441353],[-9.04104722456613,38.64248872119],[-9.04104730314014,38.642488758414],[-9.04106562549699,38.6424614524195],[-9.04190743631843,38.6412271070308],[-9.04210984445056,38.6413120126429],[-9.04210998532515,38.6413120719022],[-9.04126854128285,38.6425458834969],[-9.04124611304053,38.6425793090397],[-9.04124603563753,38.6425792736083],[-9.04117960868601,38.6426782680113],[-9.04056894958206,38.6435883205155],[-9.04019656605809,38.6443349764697],[-9.04019968017339,38.6445817053666],[-9.04006457748275,38.644956553693],[-9.03981835358794,38.645126103164],[-9.03918742517253,38.6451493150912],[-9.03893464767209,38.6451882066533],[-9.0388583212385,38.6452708105596],[-9.0388583192217,38.6452709240767],[-9.03887053516316,38.6455037758771],[-9.03889000311548,38.6458748892202],[-9.03889002037116,38.6458750737516],[-9.03892772186997,38.6461574796372],[-9.03890772407471,38.6462192612564],[-9.03879566699342,38.6461697829085],[-9.03868096119064,38.6460425485552],[-9.03863982652123,38.6457419098387],[-9.03861548816152,38.6453408328274],[-9.03864891450166,38.6451904224795],[-9.03882625032779,38.6450174462073],[-9.03883475225662,38.6450162399611]]]}},{"type":"Feature","id":"CRUS_Moita_V.379887","properties":{"Area_Ha":0.831750124272099,"Autor":"DGT","Categoria":"Espaço Verde","Classe":"Solo Urbano","DTCC":"1506","Data_PublicacaoPDM":"2025-04-14T00:00:00","Designacao_PlantaOrdenamento":"Solo Urbano - Espaços Verdes - Proteção à Rede Hídrica","Escala_PlantaOrdenamento":"1/12000","Fonte":"CM - Vectorial e Raster","ID":379887,"Municipio":"MOITA"},"geometry":{"type":"Polygon","coordinates":[[[-9.00009503759193,38.650793713891],[-9.00012615674875,38.6507652276473],[-9.00024666627577,38.6507774221835],[-9.00038197065219,38.6507926939573],[-9.00001425976476,38.6511529235632],[-9.00000446951209,38.6515898853538],[-9.00000448392742,38.6515900329792],[-9.00007728628646,38.6523116760291],[-9.00025628724025,38.6529129353021],[-9.00025629224515,38.6529137315775],[-9.00026155969552,38.6533500681684],[-9.0002615647006,38.6533508644437],[-9.00033342620376,38.6537172200312],[-9.0004656663876,38.6543913835968],[-9.00023874478271,38.6544187534041],[-9.00003198445784,38.6533646892143],[-9.00002680240365,38.6529353224123],[-9.00002679740129,38.6529345261369],[-8.99984962766918,38.6523394135512],[-8.9997745887917,38.6515955667365],[-8.99978025596544,38.6513426648282],[-8.99978593827485,38.6510891142165],[-9.00009503759193,38.650793713891]]]}},{"type":"Feature","id":"CRUS_Moita_V.379888","properties":{"Area_Ha":1.61935758002889,"Autor":"DGT","Categoria":"Espaço de Uso Especial - Turístico","Classe":"Solo Urbano","DTCC":"1506","Data_PublicacaoPDM":"2025-04-14T00:00:00","Designacao_PlantaOrdenamento":"Solo Urbano - Espaços de Uso Especial - Espaços Turísticos","Escala_PlantaOrdenamento":"1/12000","Fonte":"CM - Vectorial e Raster","ID":379888,"Municipio":"MOITA"},"geometry":{"type":"Polygon","coordinates":[[[-8.98543651532418,38.676843552833],[-8.98750719306272,38.6769316666843],[-8.98753394181461,38.6772612579577],[-8.98753502740012,38.6772746620825],[-8.98756893481664,38.6776924193623],[-8.98539894489046,38.6776645168275],[-8.98543649583421,38.6768457851653],[-8.98543651532418,38.676843552833]]]}},{"type":"Feature","id":"CRUS_Moita_V.379889","properties":{"Area_Ha":2.55562806288385,"Autor":"DGT","Categoria":"Espaço de Uso Especial Equipamentos e Infraestruturas","Classe":"Solo Urbano","DTCC":"1506","Data_PublicacaoPDM":"2025-04-14T00:00:00","Designacao_PlantaOrdenamento":"Solo Urbano - Espaços de Uso Especial - Espaços Canais","Escala_PlantaOrdenamento":"1/12000","Fonte":"CM - Vectorial e Raster","ID":379889,"Municipio":"MOITA"},"geometry":{"type":"Polygon","coordinates":[[[-8.99724448397352,38.6110335083697],[-8.99726121882662,38.6109564869214],[-8.99726268338781,38.6109487011925],[-8.99737053425804,38.6109366624991],[-8.99736921561408,38.6109443606735],[-8.99775742540637,38.6108465749456],[-8.99904279001876,38.6101082205599],[-8.99906622051953,38.6100936503766],[-8.99910680847932,38.6100679551881],[-8.99968508733486,38.6096558454849],[-8.99993713528822,38.6094780255636],[-9.0011352021246,38.6086327711851],[-9.00313053001219,38.6064351562249],[-9.00313403196296,38.6064312990303],[-9.00315468254356,38.6064321543986],[-9.0032799471552,38.6064373457726],[-9.003347085807,38.606411315645],[-9.00347877482787,38.6063602591151],[-9.00361031184471,38.6063602976736],[-9.00361809388805,38.6063511451744],[-9.00365556116153,38.6063603105606],[-9.00365670797913,38.6063605911896],[-9.00318940308522,38.6068828215211],[-9.00286436299244,38.6072460594204],[-9.00153369554658,38.608733058339],[-9.00152196415134,38.6087131077285],[-9.00138553961515,38.6088447613748],[-9.00117753250772,38.6089911418299],[-8.99939625107881,38.6102494928565],[-8.99933739604588,38.6107099861081],[-8.99933556212087,38.6107132921539],[-8.99895877304154,38.6108057342513],[-8.99895967969796,38.6107955816918],[-8.99896611257313,38.610723573589],[-8.99898515804355,38.6105103724913],[-8.99825609408832,38.6108982979676],[-8.99827572989448,38.6109506818609],[-8.99813490553662,38.6109805652294],[-8.99787174492897,38.6110319749113],[-8.99724161048117,38.6111550699134],[-8.99724172627096,38.6111501749441],[-8.99722411604648,38.6111537506031],[-8.9972441611846,38.6110471796823],[-8.99724448397352,38.6110335083697]]]}},{"type":"Feature","id":"CRUS_Moita_V.379890","properties":{"Area_Ha":0.286468153370544,"Autor":"DGT","Categoria":"Espaço de Uso Especial Equipamentos e Infraestruturas","Classe":"Solo Urbano","DTCC":"1506","Data_PublicacaoPDM":"2025-04-14T00:00:00","Designacao_PlantaOrdenamento":"Solo Urbano - Espaços de Uso Especial - Espaços Canais","Escala_PlantaOrdenamento":"1/12000","Fonte":"CM - Vectorial e Raster","ID":379890,"Municipio":"MOITA"},"geometry":{"type":"Polygon","coordinates":[[[-8.95227219850486,38.637256744629],[-8.95226630197794,38.6372553275043],[-8.95226638635721,38.6372546684207],[-8.95227386229963,38.6371962687528],[-8.95228481441495,38.6370636746783],[-8.95350870311223,38.6373829529397],[-8.95395166963482,38.6374979149764],[-8.9539614587189,38.6375004550389],[-8.95389708579921,38.6376471127821],[-8.95274940520404,38.6373713931028],[-8.95227219850486,38.637256744629]]]}},{"type":"Feature","id":"CRUS_Moita_V.379891","properties":{"Area_Ha":4.02092798100898,"Autor":"DGT","Categoria":"Espaço de Uso Especial Equipamentos e Infraestruturas","Classe":"Solo Urbano","DTCC":"1506","Data_PublicacaoPDM":"2025-04-14T00:00:00","Designacao_PlantaOrdenamento":"Solo Urbano - Espaços de Uso Especial - Espaços Canais","Escala_PlantaOrdenamento":"1/12000","Fonte":"CM - Vectorial e Raster","ID":379891,"Municipio":"MOITA"},"geometry":{"type":"Polygon","coordinates":[[[-8.96518099468751,38.6413745687238],[-8.96473686219327,38.6411940265596],[-8.96473685009789,38.6411941725767],[-8.96464025202356,38.6411505997625],[-8.96402228393326,38.6408773034898],[-8.96390511358591,38.6408268732861],[-8.96356715273301,38.6406761397618],[-8.96318912803399,38.6406123447365],[-8.96221167748643,38.6404473864456],[-8.96163103942472,38.6403493915354],[-8.95811851559843,38.6399870716603],[-8.95811734613245,38.6399869510918],[-8.95841850123742,38.6396871911066],[-8.95842043515469,38.6396852668448],[-8.95863160790148,38.6397062682988],[-8.9586319011103,38.6397062968573],[-8.96032708722975,38.6398748716531],[-8.96032615107913,38.6398774626968],[-8.96032627065389,38.6398774735618],[-8.96032720567674,38.6398748843277],[-8.96067207848169,38.6399091766116],[-8.96088538548163,38.6399303858967],[-8.96103155616485,38.6399494152579],[-8.96123286548976,38.6399781044669],[-8.96207441497597,38.6401307516271],[-8.96233149863162,38.6401688499229],[-8.96292922942756,38.6402593064515],[-8.96367246527148,38.6403866879855],[-8.96374382702454,38.6404170628745],[-8.96599236127616,38.6413941680044],[-8.96785667445597,38.6422042548136],[-8.96785947736649,38.642205472525],[-8.96786449328542,38.6422076518232],[-8.96791189809656,38.6422301319482],[-8.96801380643536,38.642276505292],[-8.96820692537379,38.6423393545504],[-8.96841613747506,38.6423644942034],[-8.96921644925293,38.6424060378639],[-8.97011129330012,38.6424524820267],[-8.97028295515459,38.6424860014876],[-8.97038050936639,38.6425121933654],[-8.97046087176959,38.6425344662896],[-8.97101893535351,38.6427112159346],[-8.97162855785594,38.6429047177216],[-8.97150875626415,38.6431272078313],[-8.97150925598812,38.6431273132477],[-8.97150726954145,38.6431309172082],[-8.97100081674416,38.6429724488195],[-8.97046570491213,38.6428054770483],[-8.97002485163267,38.6427098743228],[-8.96920181424593,38.6426623839445],[-8.96882604650676,38.6426480671356],[-8.96866440676615,38.6426426647773],[-8.96829203775897,38.642628530964],[-8.96815476377011,38.64262158201],[-8.96793706923459,38.6425768954127],[-8.96764461038707,38.642449118762],[-8.96690767363053,38.6421271402075],[-8.9661482339909,38.6417987584169],[-8.96560045367309,38.641558025937],[-8.96518083527477,38.6413728015684],[-8.96518099468751,38.6413745687238]]]}},{"type":"Feature","id":"CRUS_Moita_V.379892","properties":{"Area_Ha":3.51190685332186,"Autor":"DGT","Categoria":"Espaço Verde","Classe":"Solo Urbano","DTCC":"1506","Data_PublicacaoPDM":"2025-04-14T00:00:00","Designacao_PlantaOrdenamento":"Solo Urbano - Espaços Verdes - Recreio, lazer, desporto, cultura","Escala_PlantaOrdenamento":"1/12000","Fonte":"CM - Vectorial e Raster","ID":379892,"Municipio":"MOITA"},"geometry":{"type":"Polygon","coordinates":[[[-8.99324365150055,38.647924506643],[-8.99331760838063,38.647914524158],[-8.99340841562167,38.6479022665757],[-8.99348945758305,38.6478913283658],[-8.99355893143059,38.647881950714],[-8.99368773307154,38.6478645652901],[-8.99384292203528,38.6478436174488],[-8.99393741386185,38.6478308630242],[-8.99417379597861,38.6476089515954],[-8.99417405725108,38.647608707355],[-8.99431986870374,38.6476735279971],[-8.99449894645153,38.647776744518],[-8.99490211815634,38.6480293042145],[-8.99600619670549,38.6486445009335],[-8.99600559302374,38.6486454070943],[-8.99599103812185,38.6486672581363],[-8.99590476783358,38.6488183985896],[-8.995871363513,38.6489039099406],[-8.99585590326638,38.6489529557949],[-8.9958511238826,38.6490425393515],[-8.99584575975354,38.6491514666409],[-8.99586989908192,38.6493232373078],[-8.99595036512425,38.6494824388145],[-8.99626418415496,38.6495494712995],[-8.99633579452802,38.6495556845084],[-8.99633509950997,38.6495557761148],[-8.99626100410188,38.6495510630693],[-8.99563940152986,38.6494222350652],[-8.99549456281156,38.6494306148018],[-8.99541141453506,38.6495091682742],[-8.99531089946923,38.6497330732579],[-8.99530412555426,38.6497267508797],[-8.9952777393565,38.6497021902913],[-8.9950750807681,38.6495931322962],[-8.9947155903561,38.6495561479408],[-8.9944837218577,38.6495242554838],[-8.99418216775359,38.6494850187126],[-8.99396249824052,38.6494197560122],[-8.99374034485888,38.6493198643364],[-8.99363482929111,38.6492526350838],[-8.99357743522876,38.6491730052752],[-8.99352419560444,38.6490180356165],[-8.99345653347571,38.6487299705756],[-8.99327152486124,38.6480299429421],[-8.99325670158417,38.6479739748951],[-8.99324373699147,38.6479248357098],[-8.99324365150055,38.647924506643]]]}},{"type":"Feature","id":"CRUS_Moita_V.379893","properties":{"Area_Ha":1.29535505871626,"Autor":"DGT","Categoria":"Espaço Verde","Classe":"Solo Urbano","DTCC":"1506","Data_PublicacaoPDM":"2025-04-14T00:00:00","Designacao_PlantaOrdenamento":"Solo Urbano - Espaços Verdes - Recreio, lazer, desporto, cultura","Escala_PlantaOrdenamento":"1/12000","Fonte":"CM - Vectorial e Raster","ID":379893,"Municipio":"MOITA"},"geometry":{"type":"Polygon","coordinates":[[[-8.99140030968377,38.6467129986845],[-8.99140191532415,38.646712404982],[-8.99115226396095,38.6459831690231],[-8.99138691492039,38.6459668788621],[-8.99173560236155,38.646025534394],[-8.99200918786664,38.6461218977387],[-8.99220767105943,38.6462224512793],[-8.99236323975782,38.6463523320146],[-8.99249543914519,38.6464886223144],[-8.99250135320037,38.6468297587559],[-8.99250251005941,38.6468713117059],[-8.99251257996553,38.6469810848736],[-8.99251480572199,38.6469906702269],[-8.99255356005672,38.6471511958215],[-8.99168923447407,38.6474878256728],[-8.99165136928923,38.647388858943],[-8.99153937487605,38.6470961320689],[-8.99140030968377,38.6467129986845]]]}},{"type":"Feature","id":"CRUS_Moita_V.379894","properties":{"Area_Ha":13.4457724754102,"Autor":"DGT","Categoria":"Espaço Verde","Classe":"Solo Urbano","DTCC":"1506","Data_PublicacaoPDM":"2025-04-14T00:00:00","Designacao_PlantaOrdenamento":"Solo Urbano - Espaços Verdes - Recreio, lazer, desporto, cultura","Escala_PlantaOrdenamento":"1/12000","Fonte":"CM - Vectorial e Raster","ID":379894,"Municipio":"MOITA"},"geometry":{"type":"Polygon","coordinates":[[[-8.99838843087707,38.6606354303886],[-8.9983296573781,38.6606154772447],[-8.99828674273654,38.6605610221405],[-8.9982599197056,38.6604039399939],[-8.99822236909048,38.660232195507],[-8.99815799585268,38.6600604512006],[-8.99807752951168,38.659888706956],[-8.99805978158539,38.659862143743],[-8.99794878425366,38.6596960164887],[-8.997798579831,38.6595075156147],[-8.99779811722324,38.65950630565],[-8.99773654564417,38.6593453734553],[-8.99760546098548,38.6590027482367],[-8.99747070944913,38.6586579357643],[-8.99725677436689,38.6581104954541],[-8.99717010275835,38.6578995329484],[-8.99706767768223,38.6576502268398],[-8.99691316389413,38.6572846987376],[-8.99683298547319,38.6571200542568],[-8.99666466153002,38.6568271227946],[-8.99664254834221,38.6567893756443],[-8.99645734330467,38.6564963802168],[-8.99640919641711,38.6564202121345],[-8.99616243306522,38.656064136701],[-8.99678470504643,38.656336429718],[-8.99715485059981,38.6565081830245],[-8.99737479138453,38.6565458846024],[-8.99805607213224,38.6567343940477],[-8.99966539786593,38.6573082961697],[-9.0004271451,38.6579659745235],[-9.00056662020561,38.657995298271],[-9.00126399409679,38.6579534075188],[-9.00142492657185,38.6579994872004],[-9.00143029146581,38.6581251574385],[-9.00158049452377,38.6582047481341],[-9.00168241916495,38.6583220400239],[-9.00179507155043,38.6585775680687],[-9.00208475055514,38.6594321152283],[-9.00239052240415,38.660144229174],[-9.00231005632378,38.6602657070601],[-9.00167169051889,38.6603452952273],[-9.00107087546631,38.6603620511835],[-9.00071145966221,38.6603327292419],[-9.00022866121987,38.6603159737597],[-8.99972440611671,38.6603955623087],[-8.99965466859639,38.6604877169643],[-8.99954924034163,38.6604916372902],[-8.99953924426566,38.6604594391002],[-8.99952800392604,38.6604232334368],[-8.99949963813758,38.6603905362467],[-8.99947227899068,38.6603620509635],[-8.99933898667785,38.6603504863627],[-8.9993295212238,38.6603499286007],[-8.99915517731575,38.6604022889514],[-8.9986965192552,38.6605677496934],[-8.99868896671756,38.6605695819718],[-8.9986526565592,38.6605783903023],[-8.99840364416546,38.6606336909904],[-8.99839134833233,38.6606364213108],[-8.99838843087707,38.6606354303886]]]}},{"type":"Feature","id":"CRUS_Moita_V.379895","properties":{"Area_Ha":6.17393747768769,"Autor":"DGT","Categoria":"Espaço Verde","Classe":"Solo Urbano","DTCC":"1506","Data_PublicacaoPDM":"2025-04-14T00:00:00","Designacao_PlantaOrdenamento":"Solo Urbano - Espaços Verdes - Recreio, lazer, desporto, cultura","Escala_PlantaOrdenamento":"1/12000","Fonte":"CM - Vectorial e Raster","ID":379895,"Municipio":"MOITA"},"geometry":{"type":"Polygon","coordinates":[[[-8.96032708722975,38.6398748716531],[-8.9603897044243,38.639701451712],[-8.96017363193902,38.6396555077099],[-8.95994938849472,38.6396078266451],[-8.95966837850258,38.639548072727],[-8.95962136212849,38.6395377348144],[-8.95955571401795,38.6395233001055],[-8.95945843076993,38.6395019084664],[-8.95929904884794,38.6394663045463],[-8.95914658644361,38.6394322450828],[-8.95893388572797,38.6393847291835],[-8.9587807270663,38.6395478200696],[-8.95872588416319,38.6396062193067],[-8.9586319011103,38.6397062968573],[-8.95863160790148,38.6397062682988],[-8.95842043515469,38.6396852668448],[-8.95841850123742,38.6396871911066],[-8.95841779627043,38.6396871123047],[-8.95872293733048,38.639404630677],[-8.95906967069083,38.6390593194547],[-8.959132501393,38.6389969505337],[-8.96093520214333,38.639446782129],[-8.96128976538478,38.6395316376608],[-8.96173181801872,38.6396374315345],[-8.96258921297258,38.6398412530913],[-8.96311044198203,38.6399468685588],[-8.96361862057478,38.6400321079447],[-8.96382181593697,38.6400617936146],[-8.96396609780656,38.6400815794877],[-8.96462323905639,38.6401611911304],[-8.96479181612916,38.6401750516229],[-8.96487148295132,38.6401810440158],[-8.96513375369858,38.6402004425941],[-8.96532869401755,38.6402100440482],[-8.96542790154273,38.6402135666548],[-8.96762999562298,38.6402827015206],[-8.96763032649646,38.6402827090692],[-8.96763046010117,38.6402838305249],[-8.96764785105421,38.6404297601298],[-8.96777768238304,38.6415191619879],[-8.9678065970423,38.6417617697559],[-8.96781780669852,38.6418892515863],[-8.96783601147335,38.6420324900013],[-8.96785667445597,38.6422042548136],[-8.96599236127616,38.6413941680044],[-8.96374382702454,38.6404170628745],[-8.96367246527148,38.6403866879855],[-8.96292922942756,38.6402593064515],[-8.96233149863162,38.6401688499229],[-8.96207441497597,38.6401307516271],[-8.96123286548976,38.6399781044669],[-8.96103155616485,38.6399494152579],[-8.96088538548163,38.6399303858967],[-8.96067207848169,38.6399091766116],[-8.96032720567674,38.6398748843277],[-8.96032627065389,38.6398774735618],[-8.96032615107913,38.6398774626968],[-8.96032708722975,38.6398748716531]]]}},{"type":"Feature","id":"CRUS_Moita_V.379896","properties":{"Area_Ha":1.40855953229149,"Autor":"DGT","Categoria":"Espaço Verde","Classe":"Solo Urbano","DTCC":"1506","Data_PublicacaoPDM":"2025-04-14T00:00:00","Designacao_PlantaOrdenamento":"Solo Urbano - Espaços Verdes - Recreio, lazer, desporto, cultura","Escala_PlantaOrdenamento":"1/12000","Fonte":"CM - Vectorial e Raster","ID":379896,"Municipio":"MOITA"},"geometry":{"type":"Polygon","coordinates":[[[-9.04322124395614,38.6467019805502],[-9.0430658671288,38.6466341480442],[-9.04306586778746,38.6466341093045],[-9.04306586730896,38.6466340714744],[-9.04306588617782,38.6459911435999],[-9.04306590009579,38.6455131008112],[-9.04338938770189,38.6450674826185],[-9.04344619613652,38.6450333864764],[-9.04353920211693,38.645032661761],[-9.04368292812129,38.6450820214758],[-9.04376190868864,38.6451038412024],[-9.04410588563774,38.6451460302053],[-9.04425992558807,38.6451183666433],[-9.04426162525784,38.6451202468962],[-9.0442639295931,38.6451223467397],[-9.04432060755432,38.6451733862525],[-9.04448693115675,38.645325545345],[-9.0445183268544,38.6453781338375],[-9.04453066076284,38.6453987931825],[-9.04456240388331,38.6454519626767],[-9.0446503716058,38.6455993064719],[-9.04464751102167,38.6456009015677],[-9.04464719446704,38.6456003040985],[-9.04464469754327,38.6456015909876],[-9.0446258222677,38.6456113199282],[-9.04458533273948,38.6456335411916],[-9.04435243415448,38.6457646887023],[-9.04435064013249,38.6457656989674],[-9.04435042000609,38.6457658222908],[-9.04435010637321,38.64576599949],[-9.04434958173373,38.6457662945368],[-9.04434917570868,38.6457665229008],[-9.04434894759959,38.6457666507904],[-9.04434809451039,38.6457671321599],[-9.04434520673595,38.6457687580874],[-9.04434466157117,38.6457690650045],[-9.04434460910379,38.645769094239],[-9.0443445554993,38.6457691243831],[-9.04434446084429,38.6457691782679],[-9.04434432626448,38.6457692540831],[-9.04434422362679,38.6457693125341],[-9.0443441038524,38.6457693783251],[-9.04434390426264,38.6457694906788],[-9.04434382558439,38.6457695363319],[-9.0443437149412,38.6457695975477],[-9.04434354500791,38.645769693456],[-9.0443433967484,38.6457697774849],[-9.0443432051299,38.6457698843717],[-9.04434301124857,38.6457699939786],[-9.04434283789249,38.6457700917151],[-9.04434272270082,38.6457701565695],[-9.04434227903658,38.6457704059453],[-9.04434047475737,38.6457714225958],[-9.04433302266252,38.6457756189422],[-9.04431042229814,38.6457883450008],[-9.04421081456159,38.6458444347644],[-9.04418090802667,38.6458612749272],[-9.04371244504949,38.6461250659493],[-9.04356700696186,38.6462970203],[-9.04347347696441,38.6464076013502],[-9.04322696516851,38.6466990543637],[-9.04322317432386,38.6467029374996],[-9.04322129477706,38.6467020026749],[-9.04322124395614,38.6467019805502]]]}},{"type":"Feature","id":"CRUS_Moita_V.379897","properties":{"Area_Ha":1.61829511337189,"Autor":"DGT","Categoria":"Espaço Verde","Classe":"Solo Urbano","DTCC":"1506","Data_PublicacaoPDM":"2025-04-14T00:00:00","Designacao_PlantaOrdenamento":"Solo Urbano - Espaços Verdes - Recreio, lazer, desporto, cultura","Escala_PlantaOrdenamento":"1/12000","Fonte":"CM - Vectorial e Raster","ID":379897,"Municipio":"MOITA"},"geometry":{"type":"Polygon","coordinates":[[[-8.97530949252407,38.6509405880548],[-8.97692783835434,38.6509298844082],[-8.97753703576075,38.6509258485995],[-8.977547763884,38.651317559347],[-8.97753703550529,38.6514809459748],[-8.97752302660361,38.6515172487512],[-8.97747908105457,38.6516297471259],[-8.97747815065724,38.6516333750876],[-8.97747802652768,38.6516338588164],[-8.97654514601234,38.6516826332941],[-8.97532930084502,38.6517468132243],[-8.97530949252407,38.6509405880548]]]}},{"type":"Feature","id":"CRUS_Moita_V.379898","properties":{"Area_Ha":11.5953828903432,"Autor":"DGT","Categoria":"Aglomerado Rural","Classe":"Solo Rústico","DTCC":"1506","Data_PublicacaoPDM":"2025-04-14T00:00:00","Designacao_PlantaOrdenamento":"Solo Rústico - Aglomerados Rurais","Escala_PlantaOrdenamento":"1/12000","Fonte":"CM - Vectorial e Raster","ID":379898,"Municipio":"MOITA"},"geometry":{"type":"Polygon","coordinates":[[[-8.95173027375455,38.6216720844773],[-8.95174880149441,38.6216473797582],[-8.9518785439132,38.6214743778414],[-8.95200629451383,38.621316006315],[-8.95202651847084,38.621290934759],[-8.95203275677041,38.6212705219062],[-8.95205731028952,38.6211901785673],[-8.95205896536596,38.6211847648054],[-8.95206167578006,38.6211683537346],[-8.95207056753851,38.6211145093399],[-8.95204405467101,38.6209533006965],[-8.95203871455525,38.6209208259187],[-8.95202470685565,38.6208998115989],[-8.95199254443956,38.6208515621352],[-8.95194691759827,38.6207831115679],[-8.95191839771784,38.6207611331341],[-8.95174830861695,38.6206300559972],[-8.95158283931224,38.6205057276143],[-8.95169994242091,38.6203440285105],[-8.95205974138696,38.6198846118062],[-8.95225794743279,38.6196419035954],[-8.95248075222085,38.6194346508598],[-8.95254472051803,38.6193751473433],[-8.95267566570314,38.6192510430465],[-8.95274897236458,38.6191815659577],[-8.95300968118218,38.6189861617207],[-8.9532409436793,38.6188048772732],[-8.95358685120219,38.6185675668185],[-8.95410400247069,38.618298363173],[-8.95425482743591,38.618464854305],[-8.95431153354081,38.6185334577453],[-8.95441339756907,38.6186566938112],[-8.95451273262705,38.618758606365],[-8.95463682865112,38.6188859217775],[-8.95481657875421,38.6190785794759],[-8.95519576844089,38.6195507111906],[-8.9552615639154,38.6196326327707],[-8.95571410341683,38.6201829693765],[-8.9560769854906,38.6206480242627],[-8.95628589012057,38.6208920190712],[-8.95653128920703,38.6211705793924],[-8.95563342572281,38.6216105776153],[-8.95558509622343,38.621634261152],[-8.95506745879488,38.6218879233895],[-8.95488882946406,38.6219754576856],[-8.95473843865835,38.6220606901819],[-8.95469369674269,38.6220860471425],[-8.95385496427266,38.622561379803],[-8.9523227406936,38.6219348549553],[-8.95226797029743,38.6219114209288],[-8.95173027375455,38.6216720844773]]]}},{"type":"Feature","id":"CRUS_Moita_V.379899","properties":{"Area_Ha":61.3435232007844,"Autor":"DGT","Categoria":"Espaço Agrícola","Classe":"Solo Rústico","DTCC":"1506","Data_PublicacaoPDM":"2025-04-14T00:00:00","Designacao_PlantaOrdenamento":"Solo Rústico - Espaços Agrícolas","Escala_PlantaOrdenamento":"1/12000","Fonte":"CM - Vectorial e Raster","ID":379899,"Municipio":"MOITA"},"geometry":{"type":"Polygon","coordinates":[[[-8.98279710993967,38.6841483244141],[-8.98293122130327,38.684081324724],[-8.98290708087263,38.6840310741392],[-8.98303314531792,38.6839619807895],[-8.98245915180943,38.6826931587413],[-8.98251816047421,38.682630345989],[-8.98284807282538,38.6825633446403],[-8.98334428082556,38.6826408148323],[-8.98340865439505,38.6824733119072],[-8.98371979091378,38.6825486876251],[-8.98376002313515,38.682467030011],[-8.9837063798376,38.6823330276764],[-8.98383512498761,38.6823183710705],[-8.98372783740119,38.6812002754792],[-8.98418381288486,38.6812191195948],[-8.98418381271638,38.680915514888],[-8.98737832370498,38.6809887985828],[-8.9874675253784,38.6809731305793],[-8.98753254378219,38.6810415111078],[-8.98792326344474,38.6807970245986],[-8.9886150840925,38.6803590572419],[-8.99028943196673,38.6797763782411],[-8.9903381263878,38.6797959092403],[-8.99038430570372,38.6798090242236],[-8.99042265752163,38.6798160404857],[-8.99047069401002,38.6798201058709],[-8.99051048193699,38.6798199619067],[-8.99056027281719,38.6798164791802],[-8.99059590990594,38.6798108500067],[-8.99063544466606,38.6798013368083],[-8.99068531980727,38.6797840206882],[-8.99072040090658,38.6797681092906],[-8.9907523895161,38.6797495019396],[-8.99078433232096,38.679727058398],[-8.99080799219517,38.6797070600188],[-8.99083250442015,38.6796821234901],[-8.99085254907085,38.6796591537459],[-8.9908675675222,38.679636503715],[-8.99087970155806,38.6796138586235],[-8.99088992758193,38.679590317715],[-8.99089539403627,38.679570659043],[-8.99427177266584,38.6791436273808],[-8.99432924613941,38.6791281445432],[-8.99454328276205,38.6790338548883],[-8.994539486988,38.6790425755904],[-8.9938209418916,38.6804376815204],[-8.99360339600655,38.6808600498077],[-8.99336199695727,38.6810694327282],[-8.99326275503201,38.6811877561105],[-8.99311523410927,38.6814997357702],[-8.99280409779925,38.681740524253],[-8.99235885081858,38.6817405247732],[-8.99216691498675,38.6835807787868],[-8.99276221800774,38.6835796678916],[-8.99271676779391,38.6838822795251],[-8.9929926354168,38.6844078086332],[-8.99310528872307,38.6845166825726],[-8.99319648436696,38.6847134928274],[-8.99349152718035,38.6849793956455],[-8.99364709471418,38.685243203743],[-8.99366855290616,38.6855719149391],[-8.99377584088999,38.6858105962303],[-8.99390995138372,38.6858587514588],[-8.99405479101096,38.6859529674904],[-8.99425327411134,38.6862021153048],[-8.99415403238067,38.6862795817194],[-8.99386435334769,38.6863905472681],[-8.99366318845449,38.6864952307705],[-8.99290412302154,38.6866899418389],[-8.99271368605295,38.68694746216],[-8.99259298716422,38.6872217316891],[-8.99251788494186,38.6873473499834],[-8.99231135444806,38.6873975973427],[-8.99198333603013,38.6873327359843],[-8.99169981089635,38.6873473499256],[-8.99134576017867,38.6872698856224],[-8.99002611308337,38.6874352836935],[-8.98961573443622,38.687441564527],[-8.98935019582578,38.6874185343686],[-8.98924290737057,38.6873389756016],[-8.98917048817321,38.6872447612712],[-8.98900419081109,38.6869411815368],[-8.98892908908575,38.6868867462567],[-8.98871987674752,38.6868637158966],[-8.98798495204529,38.6868323109504],[-8.98778378556661,38.6867757823422],[-8.98779451535584,38.6865203546015],[-8.98781865501937,38.686252364448],[-8.98747533180208,38.685414887329],[-8.98701935596102,38.6853625445503],[-8.98673772464911,38.6852850778665],[-8.98590892143524,38.6852725150934],[-8.98577481156553,38.6853185772312],[-8.98556023502818,38.6854441990984],[-8.98546367478708,38.6855949458898],[-8.98532170484118,38.6859212655135],[-8.98516881862099,38.6859882633009],[-8.98507494127805,38.6862143810199],[-8.98500520329176,38.6862981285509],[-8.98471275857262,38.6865035343906],[-8.98466724526358,38.6866247417042],[-8.98465383384411,38.6867440802901],[-8.98457873208015,38.686802702725],[-8.98421126996719,38.6868006097316],[-8.98361045440491,38.6867733915802],[-8.98340124303082,38.6867545485227],[-8.98326713272714,38.6867084881994],[-8.98303914482874,38.6865472759471],[-8.9829506320026,38.6864425920605],[-8.98286480098431,38.6862813786126],[-8.98283779308189,38.6861455862026],[-8.98288339074683,38.6860367145484],[-8.9829176643044,38.6859359062713],[-8.98294794945454,38.685852173743],[-8.98281383875923,38.684957115088],[-8.98281249726515,38.6848498113807],[-8.98285943593226,38.6847131960763],[-8.98284468421348,38.6846147906437],[-8.98280310997917,38.6845247602815],[-8.98279710993967,38.6841483244141]]]}},{"type":"Feature","id":"CRUS_Moita_V.379900","properties":{"Area_Ha":2.26047494532475,"Autor":"DGT","Categoria":"Espaço Agrícola","Classe":"Solo Rústico","DTCC":"1506","Data_PublicacaoPDM":"2025-04-14T00:00:00","Designacao_PlantaOrdenamento":"Solo Rústico - Espaços Agrícolas","Escala_PlantaOrdenamento":"1/12000","Fonte":"CM - Vectorial e Raster","ID":379900,"Municipio":"MOITA"},"geometry":{"type":"Polygon","coordinates":[[[-8.98433381601472,38.6605981150601],[-8.98435493978161,38.6606043561489],[-8.98443343164104,38.6606275472345],[-8.98454148940635,38.6606377712464],[-8.98527068907577,38.6606549639294],[-8.98524594540047,38.6607078881691],[-8.98523469870224,38.6607320081026],[-8.98522657581137,38.6607517642952],[-8.98520306809847,38.6608089394307],[-8.98517829288917,38.6608691973433],[-8.98516349987685,38.6609051760858],[-8.98512573282328,38.6609970334015],[-8.98507130317269,38.6611294141039],[-8.98502581155889,38.6612400580992],[-8.98498020701262,38.6613509758419],[-8.98494115860839,38.6614459475018],[-8.98490768815268,38.6615273529316],[-8.98485213714752,38.6616086840339],[-8.98478730754074,38.6617036001587],[-8.98471654431969,38.661807204479],[-8.98460727988734,38.6619671758996],[-8.98453709826018,38.6620421248566],[-8.98447605880673,38.6621073109573],[-8.98446384409314,38.6621203552494],[-8.98445667930984,38.6621280056937],[-8.98445263345658,38.6621323265792],[-8.98445120277586,38.6621338548498],[-8.98445033710032,38.6621347790715],[-8.98444972330408,38.6621354348214],[-8.98444935798338,38.6621358257276],[-8.98444920367537,38.6621359898965],[-8.98444912425042,38.6621360742495],[-8.98444908340512,38.6621361177855],[-8.9844490573024,38.6621361449997],[-8.98444903801791,38.6621361658585],[-8.9844490107877,38.6621361948825],[-8.98444897334618,38.6621362347905],[-8.98444867723912,38.6621365522276],[-8.98444825971298,38.6621369975621],[-8.98444779568279,38.6621374936802],[-8.98444741333252,38.6621379018256],[-8.98444705367055,38.6621382854841],[-8.98444687441929,38.6621384777596],[-8.98444672237689,38.6621386392096],[-8.98444663161312,38.6621387362564],[-8.98444661120114,38.6621387589251],[-8.9844465748871,38.6621387970233],[-8.98444652496862,38.6621388505341],[-8.98444641490967,38.6621389675391],[-8.98444629124629,38.6621390999568],[-8.98444617098669,38.6621392287465],[-8.98444598491722,38.6621394273772],[-8.98444580679343,38.6621396178428],[-8.98444563093528,38.6621398055896],[-8.98444546187402,38.6621399851796],[-8.98444531325672,38.662140144803],[-8.98444514194049,38.6621403280127],[-8.98444495926412,38.6621405221147],[-8.98444420250923,38.6621413302404],[-8.98444077046155,38.6621449962764],[-8.98443905953257,38.6621468229516],[-8.98430218649905,38.6622929920089],[-8.98424392857529,38.6623552058058],[-8.98424250015138,38.662356731355],[-8.98424203623024,38.6623570428063],[-8.98423836698325,38.6623595016814],[-8.98423519016435,38.6623616308816],[-8.98423148102823,38.6623641170709],[-8.98423121543347,38.6623642946607],[-8.98423016789301,38.6623649968043],[-8.9842293392084,38.6623655523258],[-8.98422863248741,38.6623660258872],[-8.98422704920472,38.6623670868466],[-8.98422579421114,38.6623679283231],[-8.98422568592668,38.6623680011755],[-8.98422470108049,38.6623686614258],[-8.98422437963089,38.662368876355],[-8.98422421549164,38.6623689865468],[-8.98422412431145,38.6623690484651],[-8.98413442324046,38.662429167828],[-8.9841176659642,38.662440398484],[-8.98407333058854,38.6624701134304],[-8.98406357669269,38.6624766512757],[-8.98398206878066,38.6625312790568],[-8.98397862749933,38.662533585831],[-8.98382538804991,38.662636289718],[-8.98378528137981,38.6626631695912],[-8.98373415317776,38.662697436939],[-8.9837129616444,38.662711640014],[-8.98365840687815,38.6627482031781],[-8.98360620478175,38.6627831899155],[-8.98359876930693,38.6627881722881],[-8.98341718142172,38.6629639344044],[-8.98337448780012,38.6630052575397],[-8.98336655907855,38.6630129332881],[-8.98336415545281,38.6630152586243],[-8.98334809049519,38.6630308422337],[-8.98333213151786,38.663046255719],[-8.98333170212915,38.6630466705083],[-8.98333004936503,38.6630482706423],[-8.98332475026936,38.6630533987121],[-8.98332321451331,38.6630548862955],[-8.9833226806254,38.6630554027346],[-8.98331304002799,38.6630647330912],[-8.98331241413943,38.6630653393787],[-8.98331017750249,38.6630675040574],[-8.98330730589265,38.6630702840977],[-8.98330694467704,38.6630706344342],[-8.9832993271516,38.6630780061461],[-8.98329904204458,38.6630782829642],[-8.9832896274908,38.6630873945816],[-8.98328054009043,38.66309619034],[-8.98327335763986,38.6631031427157],[-8.98326992374799,38.6631064673253],[-8.98325580418708,38.6631201333799],[-8.98325093219415,38.6631248484755],[-8.98324753805123,38.6631281340609],[-8.98324748465274,38.6631281848941],[-8.98323953999095,38.6631358751625],[-8.98322694142489,38.6631480690522],[-8.98308378597739,38.6632866299974],[-8.98294953003378,38.6633661278586],[-8.98277807091935,38.663467654783],[-8.98270567545,38.6635105221234],[-8.98266444039343,38.6635349388994],[-8.98266410039294,38.6635351404469],[-8.9826527148487,38.6635418818973],[-8.98263729376948,38.6635510136684],[-8.98263626234309,38.6635516237986],[-8.9826149973061,38.6635642156676],[-8.98260726621618,38.6635687929602],[-8.98260632950403,38.663569348354],[-8.98259568683857,38.6635756610248],[-8.98259244415583,38.6635775726638],[-8.98258993060856,38.6635790583311],[-8.98258182757059,38.6635838563183],[-8.98257109578121,38.6635902110713],[-8.98257093376402,38.6635903068325],[-8.98255060542774,38.6636023441973],[-8.98253377752399,38.6636123086069],[-8.98253322302086,38.6636126369238],[-8.98250727661313,38.6636280003181],[-8.98249939946935,38.6636326642408],[-8.98249563780677,38.6636348967294],[-8.98247700028345,38.6636459282145],[-8.9824765188052,38.663646213663],[-8.9824623620578,38.6636546137837],[-8.98240637979705,38.6636877456533],[-8.98239703764145,38.6636932759719],[-8.9822566794726,38.6637763854374],[-8.98225627443286,38.6637766252898],[-8.98221866388914,38.6637988950992],[-8.98221851784837,38.6637989817359],[-8.98211409838662,38.6638608107323],[-8.9821139797263,38.6638608809556],[-8.98210703469837,38.6638649930986],[-8.98210527762119,38.6638660336715],[-8.98207642728073,38.663883116067],[-8.98207626070941,38.6638832154638],[-8.98206622937884,38.6638891552199],[-8.9819858930962,38.6639367234033],[-8.98193447901663,38.6639671672196],[-8.98187786437054,38.6640006898713],[-8.98187590193012,38.6639973765374],[-8.98185106244699,38.6639128495602],[-8.98180740816729,38.6637642893313],[-8.98257080755627,38.6631038926703],[-8.98412019678294,38.662058107964],[-8.9838222394824,38.6617673380084],[-8.98433381601472,38.6605981150601]]]}},{"type":"Feature","id":"CRUS_Moita_V.379901","properties":{"Area_Ha":9.14002279538423,"Autor":"DGT","Categoria":"Espaço Agrícola","Classe":"Solo Rústico","DTCC":"1506","Data_PublicacaoPDM":"2025-04-14T00:00:00","Designacao_PlantaOrdenamento":"Solo Rústico - Espaços Agrícolas","Escala_PlantaOrdenamento":"1/12000","Fonte":"CM - Vectorial e Raster","ID":379901,"Municipio":"MOITA"},"geometry":{"type":"Polygon","coordinates":[[[-9.04425992558807,38.6451183666433],[-9.04419725204862,38.6450490207995],[-9.04416543557673,38.6449489324515],[-9.04416517838008,38.6449481237303],[-9.0440041331035,38.6444415013776],[-9.04397194693992,38.6441733535647],[-9.04395506692722,38.6441110294889],[-9.04392228781415,38.6439900030336],[-9.04388560366026,38.643854559859],[-9.04385392967938,38.6437376108256],[-9.04385613789906,38.6436990923255],[-9.04385877331351,38.6436531262464],[-9.04386224418369,38.6435925840414],[-9.04386297049615,38.643579911266],[-9.04386306161717,38.6435783080244],[-9.04386315485274,38.6435766903534],[-9.04386326025962,38.6435748545929],[-9.04386330445652,38.643574081358],[-9.04386331574156,38.6435738839939],[-9.04386334017539,38.6435734550204],[-9.04386341268181,38.6435721960313],[-9.04386352733895,38.6435701836409],[-9.04386361675582,38.6435686272544],[-9.04386367430672,38.6435676386232],[-9.043863731698,38.643566637382],[-9.0438638096018,38.6435652603453],[-9.04386386525475,38.6435643032571],[-9.04386395083012,38.6435628063536],[-9.04386402618913,38.6435615005004],[-9.04386411452591,38.6435599495271],[-9.04386419066855,38.643558614842],[-9.04386427352812,38.6435571756112],[-9.04386433286293,38.6435561464299],[-9.04386439203812,38.6435551046385],[-9.04386448434178,38.6435535040901],[-9.0438646179783,38.6435511762702],[-9.04386505726544,38.6435435042966],[-9.04386511379322,38.6435425255822],[-9.04386538370218,38.6435378059647],[-9.043866187282,38.6435237966937],[-9.04386779232634,38.6434957925809],[-9.04386826934366,38.6434874717338],[-9.04387115179047,38.6434524926507],[-9.04389230491269,38.6433701312972],[-9.04423480465482,38.6420365128263],[-9.04430175538769,38.6420539948475],[-9.04497352778907,38.6422294042299],[-9.04606279702939,38.6425126539205],[-9.04723311001569,38.6427953141909],[-9.047260931436,38.6428816587364],[-9.04732348220116,38.6429726304436],[-9.04737848186877,38.6430266038179],[-9.04739499679297,38.6430428108411],[-9.04747724011234,38.6430962307322],[-9.0475746719063,38.6431360341726],[-9.04767029367886,38.6431653609081],[-9.04776590079214,38.6431774453729],[-9.04786298240838,38.6431782104255],[-9.04792519544512,38.6431747854958],[-9.04796324666115,38.6433363265242],[-9.04797816865434,38.6433981500676],[-9.04798516945314,38.6434271498759],[-9.04799163199193,38.6434539253021],[-9.04799471051293,38.6434666818446],[-9.04799552284966,38.6434700454024],[-9.04799599813,38.6434720135471],[-9.04799609775816,38.643472441551],[-9.04799611848513,38.6434725359734],[-9.04799717172829,38.6434782244259],[-9.04804467973532,38.6437349641771],[-9.04804766607146,38.6437512183627],[-9.04804983132432,38.6438467912287],[-9.04806031672183,38.644309854376],[-9.04806076850138,38.6443709416161],[-9.04690444386508,38.6448091180281],[-9.04635110837761,38.6449620899547],[-9.04558509790237,38.6451703415056],[-9.04573715238277,38.6448548078053],[-9.04595256111245,38.6444077998107],[-9.04605915624863,38.6438585687691],[-9.04612928559279,38.643481992134],[-9.04589861412774,38.6434673282622],[-9.04580414094814,38.6439596184263],[-9.04571890635174,38.6444037559477],[-9.04529129634187,38.6452491400392],[-9.04525518496181,38.645260421351],[-9.04465073088162,38.6455991054953],[-9.0446503716058,38.6455993064719],[-9.04456240388331,38.6454519626767],[-9.04453066076284,38.6453987931825],[-9.0445183268544,38.6453781338375],[-9.04448693115675,38.645325545345],[-9.04432060755432,38.6451733862525],[-9.0442639295931,38.6451223467397],[-9.04426162525784,38.6451202468962],[-9.04425992558807,38.6451183666433]]]}},{"type":"Feature","id":"CRUS_Moita_V.379902","properties":{"Area_Ha":1.99919297674225,"Autor":"DGT","Categoria":"Espaço Agrícola","Classe":"Solo Rústico","DTCC":"1506","Data_PublicacaoPDM":"2025-04-14T00:00:00","Designacao_PlantaOrdenamento":"Solo Rústico - Espaços Agrícolas","Escala_PlantaOrdenamento":"1/12000","Fonte":"CM - Vectorial e Raster","ID":379902,"Municipio":"MOITA"},"geometry":{"type":"Polygon","coordinates":[[[-8.97468310673874,38.6521857055204],[-8.9771202143183,38.6520304965912],[-8.97696869823607,38.6525964959167],[-8.9763500987865,38.6526486276455],[-8.97480648781571,38.6536645325628],[-8.97468310673874,38.6521857055204]]]}},{"type":"Feature","id":"CRUS_Moita_V.379903","properties":{"Area_Ha":4.06747136554858,"Autor":"DGT","Categoria":"Espaço Agrícola","Classe":"Solo Rústico","DTCC":"1506","Data_PublicacaoPDM":"2025-04-14T00:00:00","Designacao_PlantaOrdenamento":"Solo Rústico - Espaços Agrícolas","Escala_PlantaOrdenamento":"1/12000","Fonte":"CM - Vectorial e Raster","ID":379903,"Municipio":"MOITA"},"geometry":{"type":"Polygon","coordinates":[[[-9.04491914794635,38.6461526875385],[-9.04483709277448,38.6459707637348],[-9.04475394481753,38.6457864162099],[-9.04474530192432,38.6457707861438],[-9.04474572393624,38.6457705504474],[-9.04536808057841,38.6454230829844],[-9.04537054990176,38.6454217044131],[-9.04699060376375,38.6449775899454],[-9.0480791899763,38.644565211001],[-9.04806838816492,38.6450336040022],[-9.04806503469001,38.6451829457992],[-9.04806303078566,38.6456346735162],[-9.04806584129448,38.6457009507454],[-9.04809429509782,38.6460660683591],[-9.0481027247024,38.6461742394817],[-9.0481013412878,38.6462347158989],[-9.04809136335893,38.6462357415914],[-9.04789488475205,38.6462559330102],[-9.04757799500554,38.6462884984802],[-9.047503214303,38.6462961831919],[-9.04732695970048,38.6463142959545],[-9.04727242451806,38.6463197648546],[-9.04708184692089,38.6463379432384],[-9.04703651048571,38.6463422654967],[-9.04692894747777,38.6463525129199],[-9.04686204581624,38.6463588853549],[-9.0468560398676,38.6463594565375],[-9.04685062707337,38.6463599726414],[-9.04684855396103,38.6463601698967],[-9.04684610798501,38.6463604024934],[-9.04684384855294,38.6463606714667],[-9.04684361571964,38.6463606985079],[-9.04682641538584,38.6463627479719],[-9.04680315816747,38.6463655185446],[-9.04680087121585,38.6463657913353],[-9.04679293798587,38.6463667369892],[-9.04678832163222,38.6463672865048],[-9.04678332794643,38.6463678813053],[-9.04677260081858,38.6463691595576],[-9.04677016705948,38.6463694497088],[-9.04676976907656,38.6463694969567],[-9.04676955001424,38.6463695229894],[-9.04676940090991,38.6463695403684],[-9.04676929081021,38.6463695538396],[-9.04676922313785,38.6463695615747],[-9.04676917153361,38.6463695682833],[-9.04676913024336,38.6463695731099],[-9.04676907862769,38.6463695789178],[-9.04676903505179,38.646369584663],[-9.04676897999049,38.6463695904979],[-9.04676890315269,38.6463696001061],[-9.04676884580576,38.6463696068596],[-9.0467687976357,38.6463696126407],[-9.04676873226043,38.6463696203577],[-9.04676868523892,38.6463696261298],[-9.04676863477179,38.6463696319288],[-9.04676857857339,38.6463696386734],[-9.04676852810626,38.6463696444724],[-9.04676846847367,38.6463696521446],[-9.04676841341238,38.6463696579795],[-9.04676834804854,38.6463696665973],[-9.04676828955307,38.6463696733598],[-9.04676822647487,38.6463696810589],[-9.04676817485919,38.6463696868668],[-9.04676811178099,38.646369694566],[-9.04676768626742,38.6463697447313],[-9.04676739495001,38.6463697794356],[-9.0467660347031,38.646369941395],[-9.0467643097466,38.6463701476399],[-9.0467621512367,38.646370404113],[-9.04675921972028,38.6463707540015],[-9.04675711855729,38.6463710037209],[-9.04675543374245,38.6463712051482],[-9.04675196660119,38.6463716177723],[-9.04674686969486,38.6463722250879],[-9.04674131975561,38.6463728863866],[-9.04673739843281,38.6463733530027],[-9.04673386822456,38.6463737742261],[-9.04673091834264,38.6463741251582],[-9.04672980927129,38.6463742572305],[-9.04672796617506,38.6463744770089],[-9.04672554274099,38.6463747661777],[-9.04672142415501,38.6463752568539],[-9.04669391644265,38.6463785335242],[-9.04667391303611,38.6463809174366],[-9.04666513107223,38.646381963394],[-9.04659647418693,38.6463901428866],[-9.04653949407588,38.6463969312997],[-9.04652956633964,38.6463981141079],[-9.04652386289165,38.6463994413888],[-9.04651479805951,38.6464015497904],[-9.04627743914116,38.6464567692974],[-9.04626341645194,38.6464614827742],[-9.04623417239184,38.6464713127315],[-9.04618363121307,38.6464883018642],[-9.04618146719069,38.6464890294903],[-9.04613255470979,38.6465054699096],[-9.04608674872063,38.6465208672533],[-9.04605733418729,38.6465307543467],[-9.04598563644969,38.6465548546114],[-9.04594638538563,38.6465680478236],[-9.04590866239596,38.6465807273508],[-9.04590819116157,38.6465808859663],[-9.04590026820305,38.6465835493138],[-9.04589516237092,38.6465852655523],[-9.04589122776775,38.646586588008],[-9.04588922958112,38.6465872593856],[-9.04588549513868,38.6465885145204],[-9.04588110302601,38.64658999098],[-9.04587880288067,38.6465907638021],[-9.04587647986722,38.6465915449098],[-9.04587342712246,38.6465925713255],[-9.04587132371514,38.6465932786552],[-9.0458694124518,38.6465939205285],[-9.04586645120181,38.6465949156027],[-9.04585627728742,38.6465983360716],[-9.04585338372118,38.6465993243118],[-9.04584634332605,38.6466021095843],[-9.04581186029132,38.6466157555857],[-9.04575605376298,38.6466378391295],[-9.0456949337554,38.64666202514],[-9.04563476919473,38.6466858334347],[-9.04557592808685,38.6467091170157],[-9.04551927908003,38.6467315340105],[-9.04545131849866,38.6467584261187],[-9.0449202411658,38.6461551111896],[-9.04491983225342,38.6461542054651],[-9.04491914794635,38.6461526875385]]]}},{"type":"Feature","id":"CRUS_Moita_V.379904","properties":{"Area_Ha":2.74909699463592,"Autor":"DGT","Categoria":"Espaço Agrícola","Classe":"Solo Rústico","DTCC":"1506","Data_PublicacaoPDM":"2025-04-14T00:00:00","Designacao_PlantaOrdenamento":"Solo Rústico - Espaços Agrícolas","Escala_PlantaOrdenamento":"1/12000","Fonte":"CM - Vectorial e Raster","ID":379904,"Municipio":"MOITA"},"geometry":{"type":"Polygon","coordinates":[[[-8.98010687315972,38.6635708065076],[-8.98034997464674,38.6634315576875],[-8.98035801688389,38.6634269512655],[-8.98039006250494,38.6634001084381],[-8.98065889747313,38.6631749708286],[-8.98154087095403,38.6624363180164],[-8.98192530867811,38.6621620908321],[-8.98209877085183,38.6620383853823],[-8.98298950079724,38.661169043945],[-8.9837140917767,38.6604617257535],[-8.98371496859089,38.6604608699173],[-8.98379392721236,38.6603838001625],[-8.98391549978493,38.6604580935574],[-8.98328165874204,38.6618251087702],[-8.9834599097311,38.6620211092283],[-8.98228454622812,38.6628071273148],[-8.9813986297052,38.6635810609879],[-8.98139845458056,38.6635812144941],[-8.98129199271549,38.6635292588276],[-8.98115251801421,38.6634831832705],[-8.9809729455528,38.6634479997986],[-8.98090916467922,38.6634427176895],[-8.98079591998802,38.663433339559],[-8.98067056240397,38.6634333400012],[-8.98061875873684,38.6634339667028],[-8.98045796106999,38.6634563772165],[-8.98031126533503,38.6634981950104],[-8.98028898196488,38.6635045476493],[-8.98012536772918,38.6635820380392],[-8.98010687315972,38.6635708065076]]]}},{"type":"Feature","id":"CRUS_Moita_V.379905","properties":{"Area_Ha":0.999036033215927,"Autor":"DGT","Categoria":"Espaço Verde","Classe":"Solo Urbano","DTCC":"1506","Data_PublicacaoPDM":"2025-04-14T00:00:00","Designacao_PlantaOrdenamento":"Solo Urbano - Espaços Verdes - Recreio, lazer, desporto, cultura","Escala_PlantaOrdenamento":"1/12000","Fonte":"CM - Vectorial e Raster","ID":379905,"Municipio":"MOITA"},"geometry":{"type":"Polygon","coordinates":[[[-8.99208896385632,38.6493177066114],[-8.99231924851987,38.6492827278378],[-8.99238469700746,38.6492725264813],[-8.99309859614132,38.6491643467859],[-8.99314889294769,38.6493107499812],[-8.99327762047711,38.6494893550079],[-8.99347950618929,38.6496179855404],[-8.9937656002451,38.6497466294482],[-8.99400641813656,38.6498125430914],[-8.9931410734083,38.6503602060197],[-8.99289326497812,38.650133930814],[-8.99260006656801,38.6498414063452],[-8.99208916856466,38.649318592403],[-8.99208896385632,38.6493177066114]]]}},{"type":"Feature","id":"CRUS_Moita_V.379906","properties":{"Area_Ha":0.695405217251927,"Autor":"DGT","Categoria":"Espaço Verde","Classe":"Solo Urbano","DTCC":"1506","Data_PublicacaoPDM":"2025-04-14T00:00:00","Designacao_PlantaOrdenamento":"Solo Urbano - Espaços Verdes - Recreio, lazer, desporto, cultura","Escala_PlantaOrdenamento":"1/12000","Fonte":"CM - Vectorial e Raster","ID":379906,"Municipio":"MOITA"},"geometry":{"type":"Polygon","coordinates":[[[-9.02656167626797,38.644833777251],[-9.0271090788581,38.6450306333136],[-9.02757851828864,38.6454646444403],[-9.0281102128709,38.6452147081759],[-9.02820764476353,38.6451689079927],[-9.02895433974918,38.6448178961412],[-9.02901748237842,38.6448866250731],[-9.02901635798429,38.6448873723451],[-9.02846826689859,38.6452525314555],[-9.02813363825268,38.6457205997536],[-9.02792076798801,38.6460183518904],[-9.02766847500458,38.6458060582196],[-9.02745349113989,38.6456251564867],[-9.0270187117631,38.6452592998166],[-9.02656167626797,38.644833777251]]]}},{"type":"Feature","id":"CRUS_Moita_V.379907","properties":{"Area_Ha":5.80406409186042,"Autor":"DGT","Categoria":"Espaço Verde","Classe":"Solo Urbano","DTCC":"1506","Data_PublicacaoPDM":"2025-04-14T00:00:00","Designacao_PlantaOrdenamento":"Solo Urbano - Espaços Verdes - Recreio, lazer, desporto, cultura","Escala_PlantaOrdenamento":"1/12000","Fonte":"CM - Vectorial e Raster","ID":379907,"Municipio":"MOITA"},"geometry":{"type":"Polygon","coordinates":[[[-8.98480084410621,38.6776582634571],[-8.98480349482285,38.6769442009244],[-8.98481288213999,38.6768771947763],[-8.98483306573657,38.6768269694339],[-8.98540576916376,38.6768427121538],[-8.98543651532418,38.676843552833],[-8.98543649583421,38.6768457851653],[-8.98539894489046,38.6776645168275],[-8.98756893481664,38.6776924193623],[-8.98758428596543,38.6785092228115],[-8.98760127614895,38.6794131767383],[-8.98760136410567,38.6794140985176],[-8.984739121886,38.6795950951546],[-8.98471745522242,38.6795959807793],[-8.9845084519991,38.6795950955837],[-8.98453527417416,38.6782550028267],[-8.98479813022909,38.6779911695876],[-8.98480084410621,38.6776582634571]]]}},{"type":"Feature","id":"CRUS_Moita_V.379908","properties":{"Area_Ha":1.11215399839566,"Autor":"DGT","Categoria":"Espaço Verde","Classe":"Solo Urbano","DTCC":"1506","Data_PublicacaoPDM":"2025-04-14T00:00:00","Designacao_PlantaOrdenamento":"Solo Urbano - Espaços Verdes - Recreio, lazer, desporto, cultura","Escala_PlantaOrdenamento":"1/12000","Fonte":"CM - Vectorial e Raster","ID":379908,"Municipio":"MOITA"},"geometry":{"type":"Polygon","coordinates":[[[-8.95535107180081,38.6418849627459],[-8.95535422616571,38.6418810724967],[-8.9569884821918,38.639866263754],[-8.95698955004388,38.6398649329434],[-8.95784866016023,38.6399518493465],[-8.95697561206692,38.6407970795445],[-8.9553510242227,38.6418850207322],[-8.95535107180081,38.6418849627459]]]}},{"type":"Feature","id":"CRUS_Moita_V.379909","properties":{"Area_Ha":4.01982887091907,"Autor":"DGT","Categoria":"Espaço de Uso Especial Equipamentos e Infraestruturas","Classe":"Solo Urbano","DTCC":"1506","Data_PublicacaoPDM":"2025-04-14T00:00:00","Designacao_PlantaOrdenamento":"Solo Urbano - Espaços de Uso Especial - Infraestruturas","Escala_PlantaOrdenamento":"1/12000","Fonte":"CM - Vectorial e Raster","ID":379909,"Municipio":"MOITA"},"geometry":{"type":"Polygon","coordinates":[[[-9.04427873959192,38.6765615335156],[-9.04405826921663,38.676184643822],[-9.04322894106403,38.6747634384903],[-9.04576094662911,38.6738420662684],[-9.04575935046925,38.6738380791704],[-9.04581727835746,38.6738477458025],[-9.0458773990593,38.6740032916231],[-9.04590857008241,38.6740946336149],[-9.04592024508239,38.6741288467713],[-9.0459666777561,38.6742649087652],[-9.04593426500332,38.6743452420016],[-9.04590906689247,38.6744420927437],[-9.04588255070505,38.6745965788609],[-9.04587793288207,38.6746234848728],[-9.04585731692075,38.6748002945034],[-9.04581982432212,38.674897242973],[-9.04577711716861,38.6749997279051],[-9.04569112151827,38.6751771332649],[-9.0456799133457,38.6752228570621],[-9.04566435372814,38.6752863398568],[-9.04559442872159,38.6754622712439],[-9.04550674749919,38.675642574873],[-9.04548272796623,38.6756663343974],[-9.04547718298748,38.675671819389],[-9.045408626619,38.6756847861383],[-9.0452785565064,38.6757037266246],[-9.04512381145172,38.6757201515852],[-9.04513791163227,38.6761607076388],[-9.0451392503929,38.6762661079223],[-9.04513929511001,38.6762696315035],[-9.04427911195198,38.6765621710833],[-9.04427873959192,38.6765615335156]]]}},{"type":"Feature","id":"CRUS_Moita_V.379910","properties":{"Area_Ha":10.0663394476414,"Autor":"DGT","Categoria":"Espaço Verde","Classe":"Solo Urbano","DTCC":"1506","Data_PublicacaoPDM":"2025-04-14T00:00:00","Designacao_PlantaOrdenamento":"Solo Urbano - Espaços Verdes - Recreio, lazer, desporto, cultura","Escala_PlantaOrdenamento":"1/12000","Fonte":"CM - Vectorial e Raster","ID":379910,"Municipio":"MOITA"},"geometry":{"type":"Polygon","coordinates":[[[-8.98698654905172,38.6613451975572],[-8.98698722943544,38.6613443467339],[-8.98700322375149,38.661324363607],[-8.98706288556203,38.6612250736474],[-8.98706960927243,38.6612138833963],[-8.9873903602385,38.6606637442406],[-8.98755494885942,38.6603814465583],[-8.9875724256067,38.6603514706962],[-8.98767134997094,38.6601814163628],[-8.98779999302296,38.6599678673846],[-8.9878446782532,38.6598941936595],[-8.98791815680401,38.6597921358982],[-8.98792456252865,38.6597949059033],[-8.98802112236374,38.6598367938786],[-8.98813676629462,38.6597281491703],[-8.9883516115414,38.659526305042],[-8.98836444575217,38.6595142476],[-8.98861925511523,38.6592335893285],[-8.98859118644624,38.6592137264733],[-8.98853554842384,38.6591763743168],[-8.98853679748839,38.6591752364724],[-8.988705085781,38.6590220477814],[-8.98882223600004,38.6588997072324],[-8.98892770920229,38.6587895597327],[-8.98746861221205,38.6566071251248],[-8.98729049905006,38.6563405667323],[-8.98720353771052,38.6562104208969],[-8.98714649154272,38.6561250455412],[-8.9871016489373,38.656058404306],[-8.98703143299835,38.6559551260322],[-8.98702372075467,38.6559437826308],[-8.98701448499545,38.6559301974344],[-8.98701207872555,38.6559266586175],[-8.98700971336662,38.6559231789551],[-8.9870090925033,38.655922265566],[-8.98700851726318,38.6559214212058],[-8.98700810216639,38.6559208089854],[-8.98700759941904,38.655920071292],[-8.98700684526059,38.6559189615993],[-8.98699825608097,38.655906326536],[-8.98698846848313,38.6558919319378],[-8.98697256227658,38.6558685343056],[-8.98657065278161,38.6552773739991],[-8.98639363166588,38.6549883283632],[-8.98627025026877,38.655059544393],[-8.98593229153434,38.6545735970324],[-8.98598934948552,38.6545313493641],[-8.98708592526012,38.6536532894136],[-8.98711339528464,38.653663879623],[-8.98715137030785,38.65367510026],[-8.98718928067547,38.6536808750801],[-8.98724231720416,38.6536810589303],[-8.98728162047713,38.6536741140694],[-8.98728610220927,38.653672596813],[-8.98732546407583,38.6536592692949],[-8.98735923345306,38.6536414722671],[-8.98736450774197,38.6536366585731],[-8.98738062495519,38.6536219496022],[-8.98739895756734,38.6536048706416],[-8.98742550917627,38.6535647340582],[-8.9874815438304,38.6534705229004],[-8.98755217724547,38.6533517779042],[-8.98760297025582,38.6532955145204],[-8.98767052436124,38.6532572898272],[-8.98902787950077,38.6526582416822],[-8.98995515508207,38.652248987842],[-8.99005993384164,38.6523966993353],[-8.99006022535335,38.6523965800948],[-8.99027072415256,38.6526938587534],[-8.99018522301054,38.6529916406252],[-8.99027038093531,38.6531218758928],[-8.9897056966048,38.6533688689986],[-8.98985048165689,38.6535708044791],[-8.98955513521614,38.6536945527654],[-8.98945999231492,38.6537353487421],[-8.98835644367048,38.6542085206825],[-8.98838460589596,38.654244247938],[-8.98734090387284,38.6546832041828],[-8.98728807778552,38.6546149070677],[-8.98675916154321,38.6548416196659],[-8.98676316681213,38.654845539571],[-8.98681831960278,38.6549243494668],[-8.98815488192708,38.6568341329446],[-8.98838590277532,38.6571642225243],[-8.98973409816196,38.6565921214267],[-8.99005423664189,38.6564562680028],[-8.98987432493065,38.6577691971973],[-8.98976318114193,38.6584449282659],[-8.98964901859493,38.6591389955464],[-8.98964603320058,38.659144936734],[-8.98957412220436,38.6592880453914],[-8.98940514279269,38.659459791571],[-8.98711587737895,38.6612390167604],[-8.98707564371506,38.6612714800779],[-8.98698646073974,38.6613453071993],[-8.98698654905172,38.6613451975572]]]}},{"type":"Feature","id":"CRUS_Moita_V.379911","properties":{"Area_Ha":0.842133108755574,"Autor":"DGT","Categoria":"Espaço Verde","Classe":"Solo Urbano","DTCC":"1506","Data_PublicacaoPDM":"2025-04-14T00:00:00","Designacao_PlantaOrdenamento":"Solo Urbano - Espaços Verdes - Recreio, lazer, desporto, cultura","Escala_PlantaOrdenamento":"1/12000","Fonte":"CM - Vectorial e Raster","ID":379911,"Municipio":"MOITA"},"geometry":{"type":"Polygon","coordinates":[[[-9.03277475043204,38.6525098023481],[-9.03320680041075,38.6524991000534],[-9.03326195677399,38.6524977342742],[-9.03349685657368,38.6524059153172],[-9.03410098490993,38.6521697685317],[-9.03435646031654,38.6520600011829],[-9.03566862958159,38.6514962027266],[-9.03575558428146,38.6516536445309],[-9.03575819212123,38.651658512171],[-9.03533987032849,38.6518707729328],[-9.03506785566319,38.6520087939669],[-9.03493742332926,38.6521887083722],[-9.0348069914974,38.6523686226255],[-9.03476353472729,38.6523960048483],[-9.03433443644321,38.652666378807],[-9.0343342339219,38.652666506415],[-9.03433274162427,38.6526674467066],[-9.03277475043204,38.6525098023481]]]}},{"type":"Feature","id":"CRUS_Moita_V.379912","properties":{"Area_Ha":0.325401329516433,"Autor":"DGT","Categoria":"Espaço Verde","Classe":"Solo Urbano","DTCC":"1506","Data_PublicacaoPDM":"2025-04-14T00:00:00","Designacao_PlantaOrdenamento":"Solo Urbano - Espaços Verdes - Recreio, lazer, desporto, cultura","Escala_PlantaOrdenamento":"1/12000","Fonte":"CM - Vectorial e Raster","ID":379912,"Municipio":"MOITA"},"geometry":{"type":"Polygon","coordinates":[[[-9.03206648915082,38.6537310550419],[-9.03234007418339,38.6538630161251],[-9.03242988261496,38.6539056984956],[-9.03258914243533,38.6539823457485],[-9.03259167892008,38.6539836306078],[-9.03259162378537,38.6539839985599],[-9.03257792881493,38.6540748139431],[-9.03257372777554,38.6541094479346],[-9.03258689074531,38.6542596548845],[-9.03271500252248,38.6552619094806],[-9.03271929522771,38.6552954953684],[-9.03262673688809,38.6552492257653],[-9.03254864955219,38.6551891372809],[-9.03247883072128,38.6551119095282],[-9.03242347910497,38.6549999787302],[-9.03239420835446,38.6548828776569],[-9.03238557462446,38.6547154341252],[-9.03238728086542,38.6543594358622],[-9.03237987726248,38.6542153956569],[-9.03234666343712,38.6541041044281],[-9.03223529268939,38.6539139693657],[-9.0321603668379,38.6538420701778],[-9.03205039586515,38.6537520008107],[-9.03206648915082,38.6537310550419]]]}},{"type":"Feature","id":"CRUS_Moita_V.379913","properties":{"Area_Ha":1.17139658748627,"Autor":"DGT","Categoria":"Espaço Verde","Classe":"Solo Urbano","DTCC":"1506","Data_PublicacaoPDM":"2025-04-14T00:00:00","Designacao_PlantaOrdenamento":"Solo Urbano - Espaços Verdes - Recreio, lazer, desporto, cultura","Escala_PlantaOrdenamento":"1/12000","Fonte":"CM - Vectorial e Raster","ID":379913,"Municipio":"MOITA"},"geometry":{"type":"Polygon","coordinates":[[[-9.03430398964859,38.6470483047551],[-9.03461723006248,38.6470504446981],[-9.03489540372385,38.6473512935404],[-9.03518268211918,38.6473536212938],[-9.03518269007128,38.6473539806536],[-9.03518567233755,38.6474828952743],[-9.03518755620578,38.6475643360336],[-9.03564865224901,38.6475701900478],[-9.03564866637023,38.6475712240629],[-9.03564870543267,38.6475712246623],[-9.03565098119066,38.6476591391742],[-9.03610919011584,38.6477150515541],[-9.03619332080978,38.6477245154145],[-9.03571856402138,38.6479917839987],[-9.0355124529095,38.6481078151535],[-9.03501353153496,38.6485987029183],[-9.03482319033998,38.6483315926665],[-9.03463285172058,38.6480644820669],[-9.03432112724559,38.6473222471634],[-9.034321121893,38.6473220949686],[-9.03430398964859,38.6470483047551]]]}},{"type":"Feature","id":"CRUS_Moita_V.379914","properties":{"Area_Ha":4.65185169651806,"Autor":"DGT","Categoria":"Espaço Verde","Classe":"Solo Urbano","DTCC":"1506","Data_PublicacaoPDM":"2025-04-14T00:00:00","Designacao_PlantaOrdenamento":"Solo Urbano - Espaços Verdes - Recreio, lazer, desporto, cultura","Escala_PlantaOrdenamento":"1/12000","Fonte":"CM - Vectorial e Raster","ID":379914,"Municipio":"MOITA"},"geometry":{"type":"Polygon","coordinates":[[[-9.01147828228619,38.6767704031369],[-9.01117698108078,38.6767286849454],[-9.01092390888706,38.6764211322675],[-9.010539674685,38.6756768625414],[-9.01016088808549,38.6757284200447],[-9.00974108641535,38.6757845085268],[-9.00952395275317,38.6745821804654],[-9.00936891569179,38.6745983405271],[-9.0090701360826,38.6728783310038],[-9.00927916285805,38.6728409925873],[-9.00922257045722,38.6726464981804],[-9.0091860190085,38.6725189084628],[-9.00911245945944,38.672277045366],[-9.00918164424338,38.6722914066033],[-9.00928872825181,38.672313635243],[-9.00943750965723,38.6723445197493],[-9.00950117480671,38.6723591005135],[-9.00957328244335,38.6724341023642],[-9.0096285295015,38.6725686249485],[-9.0096853722914,38.6727261861785],[-9.00979147659536,38.6729457505907],[-9.00984105460772,38.6730208085433],[-9.00987446896862,38.6730814874305],[-9.00994493605892,38.6732312120896],[-9.00996793962008,38.6732654971184],[-9.01008290007035,38.673538611499],[-9.01011857353387,38.6736233599241],[-9.01020048822784,38.6738212347311],[-9.01002821855401,38.6739903198874],[-9.00999982083257,38.6740181928464],[-9.00989040837413,38.6741255825624],[-9.0098898621403,38.674126208211],[-9.00986983441327,38.6741965677859],[-9.00996371158689,38.6744227229267],[-9.01000931078758,38.6744919797224],[-9.01011281117432,38.6746456966292],[-9.01071848781302,38.6746383508319],[-9.01103784846534,38.6746369772392],[-9.01169373662553,38.6746300313543],[-9.01175274501503,38.674701227943],[-9.01179955257271,38.6753546063525],[-9.01181980043861,38.6756372474974],[-9.01165597216217,38.6763564525619],[-9.01163533015654,38.6764487560521],[-9.01163797907914,38.6764578873997],[-9.01165142419072,38.6765042461567],[-9.01161387255153,38.6765796289909],[-9.0117010445929,38.6768026351306],[-9.01170281837588,38.676802876732],[-9.01170314426468,38.6768035904212],[-9.01147828228619,38.6767704031369]]]}},{"type":"Feature","id":"CRUS_Moita_V.379915","properties":{"Area_Ha":2.58467509722048,"Autor":"DGT","Categoria":"Espaço Verde","Classe":"Solo Urbano","DTCC":"1506","Data_PublicacaoPDM":"2025-04-14T00:00:00","Designacao_PlantaOrdenamento":"Solo Urbano - Espaços Verdes - Recreio, lazer, desporto, cultura","Escala_PlantaOrdenamento":"1/12000","Fonte":"CM - Vectorial e Raster","ID":379915,"Municipio":"MOITA"},"geometry":{"type":"Polygon","coordinates":[[[-9.0362342913459,38.6479232139197],[-9.03623809182113,38.6480529175864],[-9.03623835692474,38.6480730278085],[-9.03623839993,38.6480762703737],[-9.03610635899951,38.6480781067657],[-9.03545231117925,38.6491319004807],[-9.03545226049836,38.6491319810432],[-9.03601120035765,38.6494937649822],[-9.03493995820299,38.6505115198887],[-9.03494001184082,38.6505115834322],[-9.03501082428372,38.6505955590564],[-9.03513613347859,38.6507611524695],[-9.03539094353908,38.6511109694045],[-9.03554840579743,38.6513408803878],[-9.03554980181347,38.6513429189475],[-9.03494830069852,38.6516009505961],[-9.03399453846375,38.6520100848833],[-9.03378423206927,38.6520922921602],[-9.03338330394051,38.6522669853961],[-9.03347100728142,38.6520733319466],[-9.03351458810341,38.6520139343505],[-9.03363521673427,38.6519654919161],[-9.03366392803994,38.6519216935644],[-9.03381834993731,38.6517060005538],[-9.03397745808145,38.6515507764752],[-9.03423909636028,38.6513595526189],[-9.03441180962357,38.6512334857689],[-9.03454821041718,38.6510281826958],[-9.03454821406348,38.6510281070002],[-9.03458576627603,38.6506704702707],[-9.03458577451673,38.6506703945396],[-9.03463718130496,38.6502528330745],[-9.03463718495114,38.6502527573788],[-9.03506997858647,38.6493802968092],[-9.03513347551106,38.6487786227334],[-9.03567226494297,38.648239686911],[-9.03568660625706,38.6482315374736],[-9.0362342913459,38.6479232139197]]]}},{"type":"Feature","id":"CRUS_Moita_V.379916","properties":{"Area_Ha":1.59194109734818,"Autor":"DGT","Categoria":"Espaço Verde","Classe":"Solo Urbano","DTCC":"1506","Data_PublicacaoPDM":"2025-04-14T00:00:00","Designacao_PlantaOrdenamento":"Solo Urbano - Espaços Verdes - Recreio, lazer, desporto, cultura","Escala_PlantaOrdenamento":"1/12000","Fonte":"CM - Vectorial e Raster","ID":379916,"Municipio":"MOITA"},"geometry":{"type":"Polygon","coordinates":[[[-8.95563251121072,38.6419553625373],[-8.95711844322662,38.6409450747565],[-8.95800507964359,38.6400866868526],[-8.9575296367754,38.6412974220231],[-8.9571247484551,38.6423284519166],[-8.9556463672096,38.641958827817],[-8.95563251121072,38.6419553625373]]]}},{"type":"Feature","id":"CRUS_Moita_V.379917","properties":{"Area_Ha":10.2742396427673,"Autor":"DGT","Categoria":"Espaço Habitacional","Classe":"Solo Urbano","DTCC":"1506","Data_PublicacaoPDM":"2025-04-14T00:00:00","Designacao_PlantaOrdenamento":"Solo Urbano - Espaços Habitacionais - Tipo 1","Escala_PlantaOrdenamento":"1/12000","Fonte":"CM - Vectorial e Raster","ID":379917,"Municipio":"MOITA"},"geometry":{"type":"Polygon","coordinates":[[[-9.01247270563895,38.6519110260787],[-9.012474967689,38.6519060600479],[-9.01245722580181,38.6518460556473],[-9.01228954094073,38.6512789266953],[-9.01212021706648,38.6507061400829],[-9.01211849277828,38.6507003077119],[-9.01081294601866,38.6505941718927],[-9.01073587683138,38.6492698961639],[-9.01073584339167,38.6492693207998],[-9.01085681526284,38.6487360727923],[-9.01050230298792,38.6487154546548],[-9.01043015156952,38.6483766864634],[-9.01043021031205,38.6483766995349],[-9.01227864858937,38.6487949221432],[-9.01492753630471,38.6493941921628],[-9.01522971424714,38.6494625504932],[-9.01557455004282,38.6495405581549],[-9.01570823993849,38.6495728532069],[-9.01585860233143,38.6496091759034],[-9.01600733850204,38.6496496327668],[-9.01600631297939,38.6496498422877],[-9.01583057882211,38.6496857793027],[-9.01567650178233,38.6497161532262],[-9.01554656475217,38.6497465268052],[-9.01538233541703,38.649735525454],[-9.01519218180293,38.6497279703713],[-9.01510545445726,38.6497245247624],[-9.01498889913077,38.6497528889173],[-9.01497460807813,38.6497569223683],[-9.01480992893059,38.6498008745541],[-9.01472234915396,38.6498789706145],[-9.01470679541425,38.6498936718824],[-9.01469962263295,38.6499118375401],[-9.01468300523199,38.6499718159104],[-9.0146854943591,38.6500870002889],[-9.01468616893902,38.6500953654913],[-9.01468934083629,38.6501386928591],[-9.01471519435735,38.6504933983167],[-9.01472858079736,38.6507163080646],[-9.01473218203995,38.6508094692584],[-9.01473697918036,38.6509334704238],[-9.01474083075506,38.6510344009765],[-9.01474329595396,38.6511630840836],[-9.01465253598676,38.6515246298827],[-9.01459204605249,38.6517842177329],[-9.01457551650281,38.6518551546081],[-9.01453593001979,38.652024017021],[-9.0144913740412,38.6522140803826],[-9.01323332962403,38.6521160417429],[-9.01323237524783,38.6521159669505],[-9.01318007202371,38.6520510322627],[-9.01312173400561,38.6519965706757],[-9.01308149956452,38.651969278986],[-9.01307396051514,38.6519647857324],[-9.0130594874294,38.6519551109611],[-9.01297739792162,38.6519169722081],[-9.01289928236686,38.6518905085744],[-9.01289570382037,38.6518896463946],[-9.01288925116519,38.6518882248118],[-9.01281972847146,38.651874644674],[-9.01280786422537,38.651872671055],[-9.0127641954526,38.6518700078827],[-9.01271876630745,38.6518673038833],[-9.0126235035252,38.6518732457683],[-9.01255742936029,38.6518862493399],[-9.01252758440175,38.651894000852],[-9.01252190862049,38.6518953298733],[-9.01247270563895,38.6519110260787]]]}},{"type":"Feature","id":"CRUS_Moita_V.379918","properties":{"Area_Ha":0.406346650857342,"Autor":"DGT","Categoria":"Espaço de Atividades Económicas","Classe":"Solo Urbano","DTCC":"1506","Data_PublicacaoPDM":"2025-04-14T00:00:00","Designacao_PlantaOrdenamento":"Solo Urbano - Espaços de Atividades Económicas","Escala_PlantaOrdenamento":"1/12000","Fonte":"CM - Vectorial e Raster","ID":379918,"Municipio":"MOITA"},"geometry":{"type":"Polygon","coordinates":[[[-8.99600559302374,38.6486454070943],[-8.99647339606424,38.6489042838031],[-8.99647331465174,38.6489043916],[-8.99647452176431,38.6489042818003],[-8.99643504174702,38.6489566992701],[-8.99639883127001,38.6490211147647],[-8.9963988168787,38.6490211599112],[-8.99639297176309,38.6490398767733],[-8.99637750725376,38.6490954319554],[-8.99637246985104,38.649179542329],[-8.99637360434908,38.649193961278],[-8.99638220099781,38.6492467787969],[-8.99638536331067,38.6492572066195],[-8.9964003065319,38.6493064794663],[-8.99643182256052,38.6493677512546],[-8.9964787613691,38.6494258806909],[-8.99653508713622,38.6494803438993],[-8.9965348343405,38.649480528629],[-8.99652801325511,38.6494855000839],[-8.99645462112863,38.6495389975054],[-8.99635297627484,38.6495534300085],[-8.99633579452802,38.6495556845084],[-8.99626418415496,38.6495494712995],[-8.99595036512425,38.6494824388145],[-8.99586989908192,38.6493232373078],[-8.99584575975354,38.6491514666409],[-8.9958511238826,38.6490425393515],[-8.99585590326638,38.6489529557949],[-8.995871363513,38.6489039099406],[-8.99590476783358,38.6488183985896],[-8.99599103812185,38.6486672581363],[-8.99600559302374,38.6486454070943]]]}},{"type":"Feature","id":"CRUS_Moita_V.379919","properties":{"Area_Ha":28.9501982059584,"Autor":"DGT","Categoria":"Espaço de Atividades Económicas","Classe":"Solo Urbano","DTCC":"1506","Data_PublicacaoPDM":"2025-04-14T00:00:00","Designacao_PlantaOrdenamento":"Solo Urbano - Espaços de Atividades Económicas","Escala_PlantaOrdenamento":"1/12000","Fonte":"CM - Vectorial e Raster","ID":379919,"Municipio":"MOITA"},"geometry":{"type":"Polygon","coordinates":[[[-8.99735282400944,38.6449238784284],[-8.99735327031843,38.6449241228531],[-8.99735694094156,38.6449260009422],[-8.9974180294814,38.6446619715609],[-8.99739609578186,38.6445914508612],[-8.99738075192212,38.6445460878633],[-8.99731586702236,38.6443542574475],[-8.9972789617274,38.6442451450322],[-8.99721940670556,38.6440690717381],[-8.99717600175728,38.6439407417245],[-8.99710418933684,38.6437284257255],[-8.99708490875126,38.6436714217941],[-8.99705999885604,38.6435977746754],[-8.99703881886164,38.6435351538145],[-8.99701794258997,38.6434734315135],[-8.99700041393696,38.6434216068822],[-8.99696992253753,38.6433314558252],[-8.99692428206385,38.6431965158658],[-8.9968716227523,38.6430408226561],[-8.99684423512901,38.6429598503924],[-8.99681269855423,38.6428666082243],[-8.99676287042563,38.6427192850758],[-8.99669273839838,38.6425119279226],[-8.99730428173279,38.6422689121409],[-8.99730361491732,38.642267042486],[-8.99707056277915,38.6416133577352],[-8.99683657720126,38.6409570435584],[-8.99672793347478,38.6406523032861],[-8.99662743946603,38.6403704156916],[-8.99652398678048,38.6400802290661],[-8.99646285811511,38.6399087618785],[-8.99638339044592,38.6396858506072],[-8.99633332182249,38.6395454039274],[-8.99633371036716,38.6395437084416],[-8.9963563332116,38.6394449867793],[-8.99650755470876,38.6387850682566],[-8.99652284823522,38.6387183144827],[-8.99658142740399,38.6384665079455],[-8.99658253054554,38.6384617678568],[-8.99729682438754,38.637382089346],[-8.99729684593696,38.6373820666666],[-8.9972969347668,38.6373820038546],[-8.99730471869924,38.6373816589962],[-8.99795451902225,38.6373357693672],[-8.99830500700057,38.6373032583496],[-8.99877859413495,38.6372536272036],[-8.99897814492399,38.6372339874157],[-9.00044407965697,38.6370897005089],[-9.00051616804755,38.6371578256431],[-9.00058247728625,38.6371969866545],[-9.00059313785353,38.6372032826254],[-9.00065093269968,38.6372279154394],[-9.00071534585752,38.6372502119891],[-9.00076215336333,38.6372622077191],[-9.00082266594433,38.6372777167218],[-9.00141695266156,38.6391203297633],[-9.00147714036385,38.6393069384997],[-9.00147873177783,38.6393068996625],[-9.00147906476069,38.6393068917859],[-9.00148347776236,38.6393207170589],[-9.00148933268061,38.6393390563868],[-9.00150521325057,38.6393888036315],[-9.001808566896,38.640339060272],[-9.00212266524403,38.6413229479498],[-9.00210129470291,38.6413392960149],[-9.00205762265641,38.6413727043809],[-9.00198134654718,38.6414508737113],[-9.00193475958708,38.6415308231898],[-9.00193400952084,38.6415329123285],[-9.00191150258289,38.6416034541797],[-9.00190531782266,38.641634875242],[-9.0018953592923,38.6416854565832],[-9.00180191754357,38.6417168545289],[-9.00160566948117,38.6417827977806],[-9.00125472874317,38.641926921366],[-9.00119897104808,38.6419507579383],[-9.00111508308477,38.6419939075407],[-9.00091701259375,38.6420970439963],[-9.00081668235343,38.6421524906727],[-9.00063269810367,38.6422541673488],[-9.00022772623901,38.6426298555777],[-8.99910383942725,38.6436724457692],[-8.99891759877633,38.6439964305073],[-8.99886836590592,38.644082375192],[-8.99873234256782,38.6445410000661],[-8.99850838890594,38.6452980893743],[-8.99850685839628,38.6453047306382],[-8.9979993074743,38.6451875851715],[-8.99751826756452,38.6450219673305],[-8.99734470763371,38.6449622127959],[-8.99734216552281,38.644961337075],[-8.99734719445133,38.6449436639151],[-8.99735282400944,38.6449238784284]]]}},{"type":"Feature","id":"CRUS_Moita_V.379920","properties":{"Area_Ha":1.46731779030319,"Autor":"DGT","Categoria":"Espaço Habitacional","Classe":"Solo Urbano","DTCC":"1506","Data_PublicacaoPDM":"2025-04-14T00:00:00","Designacao_PlantaOrdenamento":"Solo Urbano - Espaços Habitacionais - Tipo 2","Escala_PlantaOrdenamento":"1/12000","Fonte":"CM - Vectorial e Raster","ID":379920,"Municipio":"MOITA"},"geometry":{"type":"Polygon","coordinates":[[[-8.99561850576726,38.6570867708419],[-8.99645666818187,38.6567457975673],[-8.99645677845407,38.6567459877242],[-8.99672639282462,38.6572092418642],[-8.9968298670727,38.657434333204],[-8.99689254929938,38.6575779550694],[-8.99705118733432,38.6579714479475],[-8.99735174794603,38.6587112777],[-8.99735199186352,38.6587118812389],[-8.99728568404764,38.6587409005557],[-8.99695639329681,38.6588885517711],[-8.9969543578718,38.6588859031222],[-8.99695424586722,38.6588859516921],[-8.99695002095107,38.6588802618801],[-8.99561850576726,38.6570867708419]]]}},{"type":"Feature","id":"CRUS_Moita_V.379921","properties":{"Area_Ha":3.36113025071472,"Autor":"DGT","Categoria":"Espaço Central","Classe":"Solo Urbano","DTCC":"1506","Data_PublicacaoPDM":"2025-04-14T00:00:00","Designacao_PlantaOrdenamento":"Solo Urbano - Espaços Centrais - Núcleos Consolidados","Escala_PlantaOrdenamento":"1/12000","Fonte":"CM - Vectorial e Raster","ID":379921,"Municipio":"MOITA"},"geometry":{"type":"Polygon","coordinates":[[[-9.04885803716205,38.6662026084867],[-9.04877112317339,38.6663187906093],[-9.04862019324097,38.666525694434],[-9.04851202979778,38.6666959664603],[-9.04839971746737,38.666889297135],[-9.0483904506428,38.6669052480788],[-9.04838286737419,38.6669158981433],[-9.04827833693414,38.6670626954615],[-9.04814093450447,38.6672257255748],[-9.04806972114012,38.6672759871055],[-9.04795168230465,38.6673001060883],[-9.04747466959195,38.667346914392],[-9.0471200474838,38.6673795090648],[-9.04657511948606,38.6674036478944],[-9.04607392499717,38.6674601653254],[-9.04557721407843,38.6675726142218],[-9.04556246051478,38.6676777636601],[-9.0455811561966,38.6677411594289],[-9.04558886689941,38.6677673035827],[-9.0455900771984,38.6677714090006],[-9.04563378067061,38.6678829448486],[-9.04566287210678,38.6679237628806],[-9.04570912035227,38.6679886497641],[-9.04576025759464,38.6681154339699],[-9.04588173852647,38.6684166210003],[-9.04595815091663,38.6686065449827],[-9.04621626032097,38.6691070799043],[-9.04622626465175,38.6691095997084],[-9.04625338088795,38.6691164286625],[-9.04628070146906,38.6691860148255],[-9.04628793296827,38.6692044328926],[-9.04639276989258,38.6693521518873],[-9.04648248266422,38.6694893819636],[-9.04649023874122,38.6694992518226],[-9.04660331352425,38.6696431445382],[-9.04677972423579,38.6698673018795],[-9.04689916450739,38.6700570070438],[-9.04693255162828,38.6701199788021],[-9.04705760899296,38.6703558446823],[-9.04708119986065,38.6704050935778],[-9.04712670434642,38.6705000868336],[-9.04708149244792,38.6705189236908],[-9.04697053139548,38.670565153291],[-9.04689324933132,38.6706733541813],[-9.04689817156667,38.6705661366405],[-9.04689816658165,38.6705661060522],[-9.04685209011154,38.6704350455071],[-9.0468520759008,38.6704350122885],[-9.04672865583444,38.6702179024866],[-9.04663404485545,38.6700732882817],[-9.04663356560693,38.6700725569715],[-9.04655444845859,38.6699516262421],[-9.04655312081079,38.6699495962971],[-9.04626028080973,38.6695017554964],[-9.04625697534834,38.6694954459705],[-9.04603485444174,38.6690715118438],[-9.04603099389741,38.6690641049639],[-9.04589752185667,38.668800789512],[-9.04578989012028,38.6685846561937],[-9.04578987703644,38.6685846211645],[-9.04567003545214,38.6683139980529],[-9.04567002237984,38.6683139639244],[-9.04533791046426,38.6676456415415],[-9.04546107208165,38.6676142094588],[-9.04501768213289,38.6666319599567],[-9.04765966100435,38.666638250695],[-9.04765486308137,38.6662105174411],[-9.04885803716205,38.6662026084867]]]}},{"type":"Feature","id":"CRUS_Moita_V.379922","properties":{"Area_Ha":6.90077715325747,"Autor":"DGT","Categoria":"Espaço Central","Classe":"Solo Urbano","DTCC":"1506","Data_PublicacaoPDM":"2025-04-14T00:00:00","Designacao_PlantaOrdenamento":"Solo Urbano - Espaços Centrais - Núcleos Antigos","Escala_PlantaOrdenamento":"1/12000","Fonte":"CM - Vectorial e Raster","ID":379922,"Municipio":"MOITA"},"geometry":{"type":"Polygon","coordinates":[[[-9.04660237896309,38.6614571560577],[-9.04660056701479,38.6614571449866],[-9.04657138625566,38.6608746466064],[-9.04707714380035,38.6608692841241],[-9.04708032442126,38.6607506461297],[-9.04733676849145,38.6607529496111],[-9.04733846513747,38.6607377488232],[-9.04766772721151,38.660798817334],[-9.04765968066349,38.6608291868415],[-9.04845093317204,38.6609600877162],[-9.04845753177571,38.6609850396427],[-9.04864718243479,38.6609710819002],[-9.04866703246523,38.6610804955937],[-9.0488879923526,38.6610548620991],[-9.04891361437878,38.6610773752133],[-9.04910175237936,38.6610627178439],[-9.04909938038173,38.6612287875805],[-9.04943883547943,38.6612296165945],[-9.04943127966712,38.6616795174185],[-9.04944558568756,38.6616933056169],[-9.04945631407131,38.6617043014311],[-9.04946771341731,38.6617152973926],[-9.04947978393767,38.6617257692324],[-9.04948888190265,38.6617239530992],[-9.0494818237244,38.6617264387617],[-9.04948047597753,38.6617436501353],[-9.04947818967215,38.6617728585368],[-9.04947837828182,38.6622850926928],[-9.04946248467949,38.6626961098917],[-9.04946091172191,38.6638239314519],[-9.04934065477365,38.6638860145722],[-9.0490029271185,38.6640432390802],[-9.04890991519954,38.6640883561983],[-9.04886721632501,38.6641027160018],[-9.04726026274288,38.6640791879715],[-9.0472680790285,38.6621078209451],[-9.04746790355716,38.6614627466796],[-9.04660237896309,38.6614571560577]]]}},{"type":"Feature","id":"CRUS_Moita_V.379923","properties":{"Area_Ha":3.89535101079652,"Autor":"DGT","Categoria":"Espaço Habitacional","Classe":"Solo Urbano","DTCC":"1506","Data_PublicacaoPDM":"2025-04-14T00:00:00","Designacao_PlantaOrdenamento":"Solo Urbano - Espaços Habitacionais - Tipo 0","Escala_PlantaOrdenamento":"1/12000","Fonte":"CM - Vectorial e Raster","ID":379923,"Municipio":"MOITA"},"geometry":{"type":"Polygon","coordinates":[[[-8.95020725731739,38.6386439328088],[-8.95020716288912,38.638643910948],[-8.95020722504888,38.638643215088],[-8.9502047575265,38.638642668415],[-8.95027472522998,38.6378249938714],[-8.95027641704728,38.6378253009409],[-8.95216838300379,38.6381684965899],[-8.9521684903134,38.6381675310703],[-8.95217578029718,38.6381688663785],[-8.95227219850486,38.637256744629],[-8.95274940520404,38.6373713931028],[-8.95389708579921,38.6376471127821],[-8.95333380817295,38.6391325194344],[-8.95246928623398,38.6390316829706],[-8.95133370268112,38.6388992198122],[-8.95119715124958,38.6388686896638],[-8.95082334158274,38.6387851126548],[-8.95081031996755,38.6387821265034],[-8.95020725731739,38.6386439328088]]]}},{"type":"Feature","id":"CRUS_Moita_V.379924","properties":{"Area_Ha":1.24243742070161,"Autor":"DGT","Categoria":"Espaço Verde","Classe":"Solo Urbano","DTCC":"1506","Data_PublicacaoPDM":"2025-04-14T00:00:00","Designacao_PlantaOrdenamento":"Solo Urbano - Espaços Verdes - Proteção à Rede Hídrica","Escala_PlantaOrdenamento":"1/12000","Fonte":"CM - Vectorial e Raster","ID":379924,"Municipio":"MOITA"},"geometry":{"type":"Polygon","coordinates":[[[-8.95403103490351,38.6426352370327],[-8.95403651883913,38.6426335707858],[-8.95435838466801,38.6425497730392],[-8.95440841310699,38.6425312614885],[-8.95532862318881,38.6419120502428],[-8.95535095994807,38.6418850247872],[-8.95535107180081,38.6418849627459],[-8.9553510242227,38.6418850207322],[-8.95697561206692,38.6407970795445],[-8.95784866016023,38.6399518493465],[-8.95784873144764,38.6399518560504],[-8.95815179909209,38.6396584393797],[-8.95815219213223,38.6396580591683],[-8.95840104137836,38.639417131577],[-8.95850893017166,38.6393126763462],[-8.95858256387962,38.6392419161196],[-8.95882914359489,38.6390029385668],[-8.95882923787233,38.6390028469196],[-8.95896990223637,38.6390362802535],[-8.95906619533653,38.6390592313904],[-8.95913092797943,38.6389965580803],[-8.959132501393,38.6389969505337],[-8.95906967069083,38.6390593194547],[-8.95872293733048,38.639404630677],[-8.95841779627043,38.6396871123047],[-8.95841850123742,38.6396871911066],[-8.95811734613245,38.6399869510918],[-8.95811851559843,38.6399870716603],[-8.95803739635658,38.6400553999413],[-8.95800507964359,38.6400866868526],[-8.95711844322662,38.6409450747565],[-8.95563251121072,38.6419553625373],[-8.95563238796111,38.6419553318755],[-8.95488875107035,38.6424610282961],[-8.95457147618201,38.6426767332879],[-8.95403578591635,38.6428305785573],[-8.95403365962072,38.6427370326573],[-8.95403255416519,38.6426883633483],[-8.9540316888451,38.6426502714657],[-8.95403140582303,38.6426378476794],[-8.95403103490351,38.6426352370327]]]}},{"type":"Feature","id":"CRUS_Moita_V.379925","properties":{"Area_Ha":0.419431659996754,"Autor":"DGT","Categoria":"Espaço de Atividades Económicas","Classe":"Solo Urbano","DTCC":"1506","Data_PublicacaoPDM":"2025-04-14T00:00:00","Designacao_PlantaOrdenamento":"Solo Urbano - Espaços de Atividades Económicas","Escala_PlantaOrdenamento":"1/12000","Fonte":"CM - Vectorial e Raster","ID":379925,"Municipio":"MOITA"},"geometry":{"type":"Polygon","coordinates":[[[-8.99603375685009,38.6495998527734],[-8.99609788719379,38.6496082003693],[-8.99630978114631,38.6496500945495],[-8.99643048057492,38.6496521899831],[-8.99653642808843,38.6496197212297],[-8.99665042223257,38.6495484997275],[-8.99665066938597,38.6495486105038],[-8.99665102122866,38.6495481602055],[-8.99666942316077,38.64955702792],[-8.99669870298835,38.6495701698243],[-8.99677088709435,38.6495910607793],[-8.99686090512119,38.6496078519514],[-8.99687534870176,38.6496089758008],[-8.99694748617747,38.6496120102997],[-8.99704303843943,38.6496076374463],[-8.99712450215519,38.6495924895353],[-8.99717816556061,38.6495758759278],[-8.99719881807738,38.6495689808335],[-8.9972120038062,38.6495631227723],[-8.99726246261414,38.6495407045794],[-8.99766628731097,38.6497842182789],[-8.99761991869437,38.6498121526831],[-8.99761333526206,38.6498155802635],[-8.9975570089589,38.6498470013905],[-8.99746581404825,38.6498888961949],[-8.99737575582771,38.6499240625125],[-8.99736082938692,38.6499287434874],[-8.99725391887291,38.6499559278615],[-8.9971090795266,38.6499810646083],[-8.99708128166584,38.6499828733603],[-8.9969664860335,38.6499885233759],[-8.99685427036758,38.6499810646072],[-8.99675461815973,38.6499693908827],[-8.99659323806123,38.6499340320316],[-8.99656964943376,38.649925342217],[-8.9964549949274,38.6498744092201],[-8.99633512749729,38.6498211598701],[-8.99603619581879,38.6496017895318],[-8.99603375685009,38.6495998527734]]]}},{"type":"Feature","id":"CRUS_Moita_V.379926","properties":{"Area_Ha":5.93661339518838,"Autor":"DGT","Categoria":"Espaço Habitacional","Classe":"Solo Urbano","DTCC":"1506","Data_PublicacaoPDM":"2025-04-14T00:00:00","Designacao_PlantaOrdenamento":"Solo Urbano - Espaços Habitacionais - Tipo 0","Escala_PlantaOrdenamento":"1/12000","Fonte":"CM - Vectorial e Raster","ID":379926,"Municipio":"MOITA"},"geometry":{"type":"Polygon","coordinates":[[[-8.98383480470124,38.652860188317],[-8.98338805084027,38.6522796326519],[-8.98250164873503,38.6511277210418],[-8.9823045190034,38.6509930529383],[-8.98220096538046,38.6509225967417],[-8.98220184344798,38.6509221471708],[-8.98347510952488,38.6498734582006],[-8.98374466522487,38.650080523465],[-8.98443841605955,38.6500081177557],[-8.98490874304905,38.649959028328],[-8.98512100927001,38.64990478432],[-8.98544327230077,38.6506305536696],[-8.98553495024799,38.6508055556257],[-8.98568437648956,38.6510731089137],[-8.98558738628349,38.6511690392035],[-8.98558444894357,38.6511719449941],[-8.98558385510298,38.6511725312432],[-8.98558377789243,38.6511726074736],[-8.9855837449556,38.6511726392419],[-8.98558371884655,38.6511726655556],[-8.9855836984273,38.6511726873238],[-8.98558367798671,38.6511727072905],[-8.98558365641882,38.651172729067],[-8.98558362463063,38.651172760827],[-8.9855835848874,38.6511727998513],[-8.98558355081261,38.6511728325287],[-8.98558351448326,38.6511728688257],[-8.98558332941194,38.6511730521375],[-8.98558325788051,38.6511731229217],[-8.98558323743992,38.6511731428884],[-8.98558320564106,38.6511731737476],[-8.98558296607569,38.6511734115049],[-8.98558180567349,38.6511745594825],[-8.98558137079513,38.6511749887335],[-8.98558075652456,38.65117559585],[-8.98557931000724,38.6511770278652],[-8.98557411088635,38.6511821697272],[-8.9855739314941,38.6511823475927],[-8.98557220370348,38.6511843752895],[-8.98549804914407,38.651271598534],[-8.98534131994945,38.6514557043249],[-8.98509007841326,38.6517207998603],[-8.98506147761304,38.6517628479528],[-8.98503392425107,38.6517996430105],[-8.98492483569757,38.651944929595],[-8.98490893299538,38.6519754359235],[-8.98490747403116,38.651978244454],[-8.98490323127503,38.651986065528],[-8.9847551523218,38.6522590216816],[-8.98475068526867,38.6522717690944],[-8.98462293529852,38.6526363755895],[-8.98448004312083,38.6526377967348],[-8.98424060569564,38.652640177867],[-8.98418014161608,38.6528681075748],[-8.98383480470124,38.652860188317]]]}},{"type":"Feature","id":"CRUS_Moita_V.379927","properties":{"Area_Ha":7.23521161010679,"Autor":"DGT","Categoria":"Espaço de Uso Especial Equipamentos e Infraestruturas","Classe":"Solo Urbano","DTCC":"1506","Data_PublicacaoPDM":"2025-04-14T00:00:00","Designacao_PlantaOrdenamento":"Solo Urbano - Espaços de Uso Especial - Equipamentos","Escala_PlantaOrdenamento":"1/12000","Fonte":"CM - Vectorial e Raster","ID":379927,"Municipio":"MOITA"},"geometry":{"type":"Polygon","coordinates":[[[-8.98215206634873,38.6508893263436],[-8.98215283537131,38.6508886892959],[-8.98204314676708,38.650819018851],[-8.98227402944357,38.6498507560171],[-8.98227410609327,38.6498504374757],[-8.9822745670324,38.6498490036474],[-8.98235775688257,38.6495897932158],[-8.98249800519356,38.6491199073354],[-8.98262611110057,38.6483781394099],[-8.98264632953477,38.6480789631741],[-8.98265051928706,38.6476577249758],[-8.98268658365939,38.6473580814018],[-8.98273002543773,38.6471822353852],[-8.98280164050913,38.6470468561831],[-8.98291780030003,38.6469066844341],[-8.98309638211742,38.6468222703258],[-8.98373192972545,38.6469204949246],[-8.98575901358362,38.6474851294559],[-8.98576145440674,38.6474997542922],[-8.98577468008348,38.6475790154346],[-8.98579836754173,38.6476360485565],[-8.98581748969099,38.6476820890673],[-8.98583267590266,38.6477055975408],[-8.98587108028698,38.6477650483282],[-8.98588136027282,38.6477740976668],[-8.98595151981985,38.6478358554017],[-8.98595442723417,38.6478374142211],[-8.98419043095268,38.6492920553975],[-8.98347510952488,38.6498734582006],[-8.98220184344798,38.6509221471708],[-8.98220096538046,38.6509225967417],[-8.98215206634873,38.6508893263436]]]}},{"type":"Feature","id":"CRUS_Moita_V.379928","properties":{"Area_Ha":31.7989816842697,"Autor":"DGT","Categoria":"Espaço Habitacional","Classe":"Solo Urbano","DTCC":"1506","Data_PublicacaoPDM":"2025-04-14T00:00:00","Designacao_PlantaOrdenamento":"Solo Urbano - Espaços Habitacionais - Tipo 2","Escala_PlantaOrdenamento":"1/12000","Fonte":"CM - Vectorial e Raster","ID":379928,"Municipio":"MOITA"},"geometry":{"type":"Polygon","coordinates":[[[-9.00734162706476,38.657367287349],[-9.00734125049795,38.657367024426],[-9.00783674343667,38.6569321082873],[-9.0112435970036,38.6540511832905],[-9.01096476522184,38.6538387476368],[-9.01071975505179,38.6536362051259],[-9.00890243610988,38.6551423990707],[-9.00890233642295,38.6551423259511],[-9.00639936014841,38.6532931933813],[-9.00789914961253,38.6520983694812],[-9.01217664602048,38.6524732614258],[-9.01218205903337,38.6524815396845],[-9.01220777202972,38.6525208629768],[-9.01222869580177,38.6525513439188],[-9.0122543865673,38.6525806675263],[-9.01231793256356,38.6526386747013],[-9.01235053345874,38.6526602219414],[-9.01243074164345,38.6527016343839],[-9.0125451161749,38.6527443528001],[-9.0125489151594,38.6527454835747],[-9.01258292278602,38.6527520424817],[-9.01265075286974,38.6527622286361],[-9.01269751070286,38.6527641002326],[-9.01273521406864,38.6527647544504],[-9.01277980219402,38.6527619536381],[-9.01278359163136,38.6527637123381],[-9.01276790312629,38.6531415037695],[-9.01276259094781,38.6534077695164],[-9.01275657572845,38.6536175861733],[-9.01274997484857,38.653919473122],[-9.01273712467861,38.654695244054],[-9.0127833830573,38.654696001467],[-9.01287760036438,38.6546975439841],[-9.01287833574238,38.6546975564692],[-9.0128732922008,38.6552602597455],[-9.01309900851866,38.6556657040741],[-9.01357163377934,38.6560862860237],[-9.01408736632822,38.6563116441312],[-9.01407348725274,38.6571495700021],[-9.01348687504407,38.6576585120366],[-9.01094084004581,38.6598571755855],[-9.00908196317836,38.65857778599],[-9.00777049576631,38.6576595640956],[-9.0073436897685,38.6573655369818],[-9.00734162706476,38.657367287349]]]}},{"type":"Feature","id":"CRUS_Moita_V.379929","properties":{"Area_Ha":3.25576101047426,"Autor":"DGT","Categoria":"Espaço Habitacional","Classe":"Solo Urbano","DTCC":"1506","Data_PublicacaoPDM":"2025-04-14T00:00:00","Designacao_PlantaOrdenamento":"Solo Urbano - Espaços Habitacionais - Tipo 0","Escala_PlantaOrdenamento":"1/12000","Fonte":"CM - Vectorial e Raster","ID":379929,"Municipio":"MOITA"},"geometry":{"type":"Polygon","coordinates":[[[-8.95667664732881,38.6381784725624],[-8.95575786794443,38.6379462249009],[-8.95494980628514,38.6377433477834],[-8.9542200301701,38.6375601198987],[-8.95432384415028,38.6373280594091],[-8.95450772227193,38.6369996724087],[-8.95478160203786,38.6366089744961],[-8.95519713807335,38.6361584513316],[-8.95520618102717,38.6361631494721],[-8.95521522512028,38.6361678467031],[-8.95521735713154,38.6361656697749],[-8.95522252836554,38.6361668369186],[-8.95522177008979,38.6361676178454],[-8.95531106699514,38.6362139702864],[-8.95531295206017,38.6362149082944],[-8.95567996465147,38.6363975638655],[-8.95586989778447,38.6364936869728],[-8.95612972010436,38.6366248523965],[-8.95635418370083,38.6367358852178],[-8.95647110248286,38.636792878237],[-8.95652523076879,38.6368162921851],[-8.95671345148434,38.6368991741338],[-8.95694694657469,38.6370019925887],[-8.95703242932268,38.6370396344984],[-8.95713850421586,38.6370882437016],[-8.95713861159641,38.6370882933907],[-8.95713853888808,38.6370884632552],[-8.95694975909089,38.6375285046934],[-8.9568635811314,38.6377335991379],[-8.9567381470333,38.6380367213496],[-8.95667924628821,38.6381790605116],[-8.95667923176055,38.6381790957455],[-8.95667786709007,38.6381787756559],[-8.95667766672603,38.6381787302243],[-8.95667664732881,38.6381784725624]]]}},{"type":"Feature","id":"CRUS_Moita_V.379930","properties":{"Area_Ha":3.76805177467214,"Autor":"DGT","Categoria":"Espaço de Uso Especial Equipamentos e Infraestruturas","Classe":"Solo Urbano","DTCC":"1506","Data_PublicacaoPDM":"2025-04-14T00:00:00","Designacao_PlantaOrdenamento":"Solo Urbano - Espaços de Uso Especial - Equipamentos","Escala_PlantaOrdenamento":"1/12000","Fonte":"CM - Vectorial e Raster","ID":379930,"Municipio":"MOITA"},"geometry":{"type":"Polygon","coordinates":[[[-8.9788314643647,38.6832668536421],[-8.9789656113039,38.683382023018],[-8.97915175182299,38.68329837291],[-8.9791531293736,38.6833001933749],[-8.97929930968902,38.6834760695684],[-8.97999400200854,38.683143160485],[-8.98002216522703,38.6831798011565],[-8.9814316659652,38.6827736086158],[-8.98159796286965,38.6829913620432],[-8.98166769999568,38.6831002377895],[-8.98183399756339,38.68304998773],[-8.9819734725959,38.6831630512345],[-8.98201176429527,38.6832397918882],[-8.98207000297474,38.6832306952962],[-8.98208455557937,38.6832711284611],[-8.98192322561317,38.6833122113871],[-8.98201677267436,38.6835883948721],[-8.98218592663158,38.6835469622504],[-8.9822902954135,38.683753147556],[-8.98241735918209,38.6840011336145],[-8.98241785918083,38.6840020145711],[-8.98230551926896,38.6840290671477],[-8.98218448177254,38.684043097712],[-8.98131653055141,38.6841169176593],[-8.98069157676887,38.6839975749762],[-8.97877111492694,38.6845880087776],[-8.97845729635513,38.6840059496706],[-8.97845729649264,38.6838719498981],[-8.97846132013109,38.6838531057515],[-8.97858738380986,38.6836091840294],[-8.97847473082134,38.6834929796684],[-8.9788314643647,38.6832668536421]]]}},{"type":"Feature","id":"CRUS_Moita_V.379931","properties":{"Area_Ha":12.5241139957033,"Autor":"DGT","Categoria":"Espaço de Uso Especial Equipamentos e Infraestruturas","Classe":"Solo Urbano","DTCC":"1506","Data_PublicacaoPDM":"2025-04-14T00:00:00","Designacao_PlantaOrdenamento":"Solo Urbano - Espaços de Uso Especial - Equipamentos","Escala_PlantaOrdenamento":"1/12000","Fonte":"CM - Vectorial e Raster","ID":379931,"Municipio":"MOITA"},"geometry":{"type":"Polygon","coordinates":[[[-8.98536070152448,38.6604612456385],[-8.98540121403632,38.6603544779183],[-8.98539174782801,38.660293750619],[-8.98538068546497,38.6602228135065],[-8.98518352019435,38.6589582800319],[-8.98514967381779,38.6587411963524],[-8.98514324205436,38.6586999475576],[-8.98514303816237,38.6586986410726],[-8.98513529954817,38.6586490017811],[-8.9851342154241,38.6586420536547],[-8.98508963944519,38.658356150857],[-8.98504060402706,38.6580416402802],[-8.98500280738155,38.6577992176928],[-8.9849972858805,38.6577638048815],[-8.98499330234104,38.657738255505],[-8.98498132308965,38.6576614193139],[-8.9849775446499,38.6576371809171],[-8.98497512276905,38.6576216524436],[-8.98497380982231,38.6576132295597],[-8.98497299795077,38.6576080225075],[-8.98497132447083,38.6575972889791],[-8.98496993196679,38.6575883568182],[-8.98496951918509,38.657585708752],[-8.98496868365303,38.6575803469334],[-8.98496782708814,38.6575748582543],[-8.98496705246442,38.6575698860411],[-8.98496618968665,38.6575643577718],[-8.9849657494671,38.6575615270417],[-8.98496506194511,38.6575571189996],[-8.98496504957217,38.6575570443228],[-8.98496502470891,38.6575568850612],[-8.98496500350526,38.6575567437891],[-8.9849649811742,38.6575566043268],[-8.98496496874791,38.6575565251463],[-8.98496495633228,38.6575564468666],[-8.98496494261854,38.6575563559851],[-8.98496492767072,38.6575562579061],[-8.9849649127869,38.6575561652314],[-8.98496489414746,38.6575560464608],[-8.98496487172037,38.6575558988919],[-8.98496486677334,38.6575558692013],[-8.98496485931543,38.6575558215129],[-8.98496485187886,38.657555775626],[-8.98496484808054,38.657555745927],[-8.98496478342754,38.6575553311263],[-8.98496440057391,38.6575528819203],[-8.98496188902283,38.6575367658729],[-8.98492378091145,38.6572923448151],[-8.98514908652436,38.6572085638262],[-8.98514147445954,38.6571745363727],[-8.98513501730193,38.6571456756373],[-8.98512248991541,38.6570896790929],[-8.98510982913535,38.6570330880854],[-8.98510381712801,38.6570062112835],[-8.98508793202732,38.6569352056365],[-8.98506787886204,38.6568455674417],[-8.98503928220322,38.6567177414331],[-8.98501014467182,38.6565875006888],[-8.98499544005658,38.6565217705555],[-8.98496998176619,38.6564079679378],[-8.98494256940322,38.656285434515],[-8.98483795013368,38.655817782461],[-8.98521762757965,38.6557480197224],[-8.98556751165967,38.6556837299914],[-8.98593765593968,38.6557675128794],[-8.98609858827215,38.6554868399246],[-8.98657065278161,38.6552773739991],[-8.98697256227658,38.6558685343056],[-8.98698846848313,38.6558919319378],[-8.98699825608097,38.655906326536],[-8.98700684526059,38.6559189615993],[-8.98700759941904,38.655920071292],[-8.98700810216639,38.6559208089854],[-8.98700851726318,38.6559214212058],[-8.9870090925033,38.655922265566],[-8.98700971336662,38.6559231789551],[-8.98701207872555,38.6559266586175],[-8.98701448499545,38.6559301974344],[-8.98702372075467,38.6559437826308],[-8.98703143299835,38.6559551260322],[-8.9871016489373,38.656058404306],[-8.98714649154272,38.6561250455412],[-8.98720353771052,38.6562104208969],[-8.98729049905006,38.6563405667323],[-8.98746861221205,38.6566071251248],[-8.98892770920229,38.6587895597327],[-8.98882223600004,38.6588997072324],[-8.988705085781,38.6590220477814],[-8.98853679748839,38.6591752364724],[-8.98853554842384,38.6591763743168],[-8.98846273167315,38.6591388414845],[-8.98802859163028,38.6595632610013],[-8.98796030007159,38.6596024560372],[-8.98787179244467,38.6596243105277],[-8.9877832851304,38.6596252203168],[-8.98762015455083,38.65956438812],[-8.98737439695825,38.6594727435879],[-8.98718461613358,38.6594014074464],[-8.9870383244725,38.6593449401902],[-8.98694925674349,38.6594927181019],[-8.98691809402176,38.6595475109858],[-8.98686999048981,38.6596321468979],[-8.98684148954844,38.6596822919922],[-8.98612471066863,38.6609454299214],[-8.98555526659366,38.6605488976765],[-8.98546671191774,38.6604981286443],[-8.98536228210584,38.6604618034311],[-8.98536070152448,38.6604612456385]]]}},{"type":"Feature","id":"CRUS_Moita_V.379932","properties":{"Area_Ha":5.66142961005347,"Autor":"DGT","Categoria":"Espaço de Uso Especial Equipamentos e Infraestruturas","Classe":"Solo Urbano","DTCC":"1506","Data_PublicacaoPDM":"2025-04-14T00:00:00","Designacao_PlantaOrdenamento":"Solo Urbano - Espaços de Uso Especial - Equipamentos","Escala_PlantaOrdenamento":"1/12000","Fonte":"CM - Vectorial e Raster","ID":379932,"Municipio":"MOITA"},"geometry":{"type":"Polygon","coordinates":[[[-9.00494910818877,38.6520786248134],[-9.00495603640644,38.6520799613169],[-9.00497580267993,38.6520933044588],[-9.00502795474386,38.6521204101266],[-9.0050526129143,38.6521332258518],[-9.00513527324481,38.6521563287751],[-9.00519990734383,38.6521686221445],[-9.00522354338114,38.6521731175037],[-9.00526492549659,38.6521769652833],[-9.00528033612612,38.6521783988655],[-9.00530254581896,38.6521804636599],[-9.00540642048622,38.6521715692246],[-9.00549322749716,38.6521576953201],[-9.00557820460314,38.6521298121554],[-9.00565287948737,38.6520917816309],[-9.00572374416579,38.6520455353075],[-9.00578063454038,38.6519888979072],[-9.00583752568809,38.6519113131336],[-9.00789914961253,38.6520983694812],[-9.00639936014841,38.6532931933813],[-9.00524511248232,38.6524404915205],[-9.00523462590346,38.6524489562088],[-9.00422116126686,38.6532743162522],[-9.00420851488598,38.6532941732085],[-9.00472314907819,38.6536633127602],[-9.00611038299899,38.6546583269048],[-9.00618050214052,38.6547118356685],[-9.00534577174136,38.6553804082266],[-9.00531954560744,38.6553639127664],[-9.00514814194786,38.6552872386465],[-9.0049243747836,38.6552043633714],[-9.00470221292085,38.655100626561],[-9.00395182993138,38.654023531923],[-9.00369960601205,38.6537105129871],[-9.00369845955524,38.6537090910404],[-9.00306077551458,38.6532335924203],[-9.00304755236111,38.6531842284164],[-9.00314108302167,38.6530341188192],[-9.00339513544432,38.6529923376383],[-9.00356573828566,38.6528913454057],[-9.00359142453024,38.652867895451],[-9.00427684806183,38.6522421374555],[-9.00434551917299,38.6521794433704],[-9.00442882864582,38.652129359586],[-9.00453386622667,38.6520953662153],[-9.00464308432184,38.6520698371033],[-9.00473940264443,38.6520611481934],[-9.00483968282653,38.6520633474466],[-9.00494910818877,38.6520786248134]]]}},{"type":"Feature","id":"CRUS_Moita_V.379933","properties":{"Area_Ha":1.07528796230634,"Autor":"DGT","Categoria":"Espaço de Uso Especial Equipamentos e Infraestruturas","Classe":"Solo Urbano","DTCC":"1506","Data_PublicacaoPDM":"2025-04-14T00:00:00","Designacao_PlantaOrdenamento":"Solo Urbano - Espaços de Uso Especial - Equipamentos","Escala_PlantaOrdenamento":"1/12000","Fonte":"CM - Vectorial e Raster","ID":379933,"Municipio":"MOITA"},"geometry":{"type":"Polygon","coordinates":[[[-9.0219078582536,38.65491122019],[-9.02217095516776,38.655817522624],[-9.02088573389752,38.6558871814482],[-9.02065733710582,38.6550855925407],[-9.02166855141392,38.6549446322331],[-9.0219078582536,38.65491122019]]]}},{"type":"Feature","id":"CRUS_Moita_V.379934","properties":{"Area_Ha":0.385198858340096,"Autor":"DGT","Categoria":"Espaço de Uso Especial Equipamentos e Infraestruturas","Classe":"Solo Urbano","DTCC":"1506","Data_PublicacaoPDM":"2025-04-14T00:00:00","Designacao_PlantaOrdenamento":"Solo Urbano - Espaços de Uso Especial - Equipamentos","Escala_PlantaOrdenamento":"1/12000","Fonte":"CM - Vectorial e Raster","ID":379934,"Municipio":"MOITA"},"geometry":{"type":"Polygon","coordinates":[[[-9.02472652768411,38.6575787772484],[-9.02553430695449,38.6575714873564],[-9.02553723954788,38.6575830286021],[-9.02555843831407,38.6580601875429],[-9.02475326512978,38.6580763928327],[-9.02472652768411,38.6575787772484]]]}},{"type":"Feature","id":"CRUS_Moita_V.379935","properties":{"Area_Ha":4.54491639368739,"Autor":"DGT","Categoria":"Espaço de Uso Especial Equipamentos e Infraestruturas","Classe":"Solo Urbano","DTCC":"1506","Data_PublicacaoPDM":"2025-04-14T00:00:00","Designacao_PlantaOrdenamento":"Solo Urbano - Espaços de Uso Especial - Equipamentos","Escala_PlantaOrdenamento":"1/12000","Fonte":"CM - Vectorial e Raster","ID":379935,"Municipio":"MOITA"},"geometry":{"type":"Polygon","coordinates":[[[-9.03888071547055,38.6415002550656],[-9.04104716681252,38.6424886955149],[-9.04104722456613,38.64248872119],[-9.04035156448621,38.6435254441353],[-9.04021131820665,38.6438082396556],[-9.03996642760365,38.644302036552],[-9.03996965240219,38.6445576096074],[-9.03986199341398,38.6448563142888],[-9.0397272361013,38.6449491075685],[-9.03914638404227,38.6449720626706],[-9.03883475225662,38.6450162399611],[-9.03883327881492,38.6449279382365],[-9.03882973590676,38.6447156666128],[-9.03881358779165,38.6437480475642],[-9.03888333019866,38.643166560185],[-9.03891257736031,38.6429227036927],[-9.03888071547055,38.6415002550656]]]}},{"type":"Feature","id":"CRUS_Moita_V.379936","properties":{"Area_Ha":0.920291641075234,"Autor":"DGT","Categoria":"Espaço de Uso Especial Equipamentos e Infraestruturas","Classe":"Solo Urbano","DTCC":"1506","Data_PublicacaoPDM":"2025-04-14T00:00:00","Designacao_PlantaOrdenamento":"Solo Urbano - Espaços de Uso Especial - Equipamentos","Escala_PlantaOrdenamento":"1/12000","Fonte":"CM - Vectorial e Raster","ID":379936,"Municipio":"MOITA"},"geometry":{"type":"Polygon","coordinates":[[[-8.98985048165689,38.6535708044791],[-8.9897056966048,38.6533688689986],[-8.99027038093531,38.6531218758928],[-8.99018522301054,38.6529916406252],[-8.99027072415256,38.6526938587534],[-8.99006022535335,38.6523965800948],[-8.99035970390521,38.6522738352763],[-8.99054569486964,38.6525425924496],[-8.99077960646506,38.6524508347757],[-8.99124672472056,38.6531179980362],[-8.99100510284362,38.653220789516],[-8.98992077832492,38.6536785034627],[-8.98991723608325,38.6536799986246],[-8.98985048165689,38.6535708044791]]]}},{"type":"Feature","id":"CRUS_Moita_V.379937","properties":{"Area_Ha":1.07267814777442,"Autor":"DGT","Categoria":"Espaço de Uso Especial Equipamentos e Infraestruturas","Classe":"Solo Urbano","DTCC":"1506","Data_PublicacaoPDM":"2025-04-14T00:00:00","Designacao_PlantaOrdenamento":"Solo Urbano - Espaços de Uso Especial - Equipamentos","Escala_PlantaOrdenamento":"1/12000","Fonte":"CM - Vectorial e Raster","ID":379937,"Municipio":"MOITA"},"geometry":{"type":"Polygon","coordinates":[[[-8.99194481516944,38.6486985593875],[-8.99178924692788,38.6480533651229],[-8.99198099539979,38.6480258205028],[-8.99276670213233,38.64791295028],[-8.99287807864021,38.6483178957968],[-8.9930140696546,38.648835283632],[-8.9930757126229,38.6490977390999],[-8.99309859614132,38.6491643467859],[-8.99238469700746,38.6492725264813],[-8.99222912853417,38.6486524744129],[-8.99194481516944,38.6486985593875]]]}},{"type":"Feature","id":"CRUS_Moita_V.379938","properties":{"Area_Ha":1.61177282793662,"Autor":"DGT","Categoria":"Espaço de Uso Especial Equipamentos e Infraestruturas","Classe":"Solo Urbano","DTCC":"1506","Data_PublicacaoPDM":"2025-04-14T00:00:00","Designacao_PlantaOrdenamento":"Solo Urbano - Espaços de Uso Especial - Equipamentos","Escala_PlantaOrdenamento":"1/12000","Fonte":"CM - Vectorial e Raster","ID":379938,"Municipio":"MOITA"},"geometry":{"type":"Polygon","coordinates":[[[-9.03557216254766,38.6437703478995],[-9.03500353383541,38.6435063878268],[-9.03499961686088,38.6429403526872],[-9.03499816981455,38.6427312589251],[-9.03499883928608,38.6427304214192],[-9.03503840204441,38.6426809801486],[-9.03609548408582,38.6426705813337],[-9.03610666084334,38.6426704716381],[-9.03618856283408,38.6426696655394],[-9.03621762560225,38.6426693790197],[-9.03647352867467,38.6426668599544],[-9.0365020999105,38.6426665789614],[-9.0367263240103,38.6426643715414],[-9.03673878127937,38.6426642482909],[-9.03674160533421,38.6426642210714],[-9.03675233437703,38.6436739817087],[-9.03675195074398,38.6436739819698],[-9.03665195948869,38.6436739814421],[-9.03660863156116,38.6436739818951],[-9.03660213041559,38.6436739816615],[-9.03659590608251,38.6436716029648],[-9.03655093113858,38.6436544134354],[-9.03623073914004,38.6435320306032],[-9.03622393891547,38.643529432032],[-9.03608982841128,38.6435294313907],[-9.03557216254766,38.6437703478995]]]}},{"type":"Feature","id":"CRUS_Moita_V.379939","properties":{"Area_Ha":1.20176630180328,"Autor":"DGT","Categoria":"Espaço de Uso Especial Equipamentos e Infraestruturas","Classe":"Solo Urbano","DTCC":"1506","Data_PublicacaoPDM":"2025-04-14T00:00:00","Designacao_PlantaOrdenamento":"Solo Urbano - Espaços de Uso Especial - Equipamentos","Escala_PlantaOrdenamento":"1/12000","Fonte":"CM - Vectorial e Raster","ID":379939,"Municipio":"MOITA"},"geometry":{"type":"Polygon","coordinates":[[[-8.99382747099782,38.651058690159],[-8.99314248281013,38.6503616405514],[-8.9931410734083,38.6503602060197],[-8.99400641813656,38.6498125430914],[-8.99400768933468,38.6498128913562],[-8.99406156239019,38.6498276365194],[-8.99490383101712,38.6499497073889],[-8.99496640364998,38.6499716494442],[-8.99497547100755,38.6499929794993],[-8.99497204346028,38.6500363335569],[-8.99495212523859,38.650076453609],[-8.99484302343866,38.6502011002978],[-8.99468257280509,38.6503461221094],[-8.99471513788758,38.6503670277851],[-8.99472539676924,38.6503718895421],[-8.99472162725663,38.6503758709481],[-8.99444045476049,38.6506727946061],[-8.99387114543055,38.651033027295],[-8.9938280908169,38.651059320667],[-8.99382747099782,38.651058690159]]]}},{"type":"Feature","id":"CRUS_Moita_V.379940","properties":{"Area_Ha":2.03535768753784,"Autor":"DGT","Categoria":"Espaço de Uso Especial Equipamentos e Infraestruturas","Classe":"Solo Urbano","DTCC":"1506","Data_PublicacaoPDM":"2025-04-14T00:00:00","Designacao_PlantaOrdenamento":"Solo Urbano - Espaços de Uso Especial - Equipamentos","Escala_PlantaOrdenamento":"1/12000","Fonte":"CM - Vectorial e Raster","ID":379940,"Municipio":"MOITA"},"geometry":{"type":"Polygon","coordinates":[[[-9.03700356616068,38.6521824353504],[-9.0389776717561,38.6514639584855],[-9.03898147165782,38.6514712462901],[-9.0392153066235,38.6519196687716],[-9.03945526713121,38.6523798302962],[-9.03918613790907,38.6524764988178],[-9.03887919326029,38.6525819226033],[-9.03855673246764,38.6526908022702],[-9.03814785084834,38.6528332804304],[-9.03782041935337,38.6529452592652],[-9.03748471584037,38.6530564228577],[-9.03700356616068,38.6521824353504]]]}},{"type":"Feature","id":"CRUS_Moita_V.379941","properties":{"Area_Ha":0.559040427275491,"Autor":"DGT","Categoria":"Espaço de Uso Especial Equipamentos e Infraestruturas","Classe":"Solo Urbano","DTCC":"1506","Data_PublicacaoPDM":"2025-04-14T00:00:00","Designacao_PlantaOrdenamento":"Solo Urbano - Espaços de Uso Especial - Equipamentos","Escala_PlantaOrdenamento":"1/12000","Fonte":"CM - Vectorial e Raster","ID":379941,"Municipio":"MOITA"},"geometry":{"type":"Polygon","coordinates":[[[-9.01016088808549,38.6757284200447],[-9.010539674685,38.6756768625414],[-9.01092390888706,38.6764211322675],[-9.01117698108078,38.6767286849454],[-9.0107523150605,38.6768570705112],[-9.01036875867748,38.6765325067452],[-9.01033957009105,38.6764195939736],[-9.01033494723537,38.676401717103],[-9.01032464608231,38.6763618708273],[-9.01016088808549,38.6757284200447]]]}},{"type":"Feature","id":"CRUS_Moita_V.379942","properties":{"Area_Ha":1.32208697281275,"Autor":"DGT","Categoria":"Espaço de Atividades Económicas","Classe":"Solo Urbano","DTCC":"1506","Data_PublicacaoPDM":"2025-04-14T00:00:00","Designacao_PlantaOrdenamento":"Solo Urbano - Espaços de Atividades Económicas","Escala_PlantaOrdenamento":"1/12000","Fonte":"CM - Vectorial e Raster","ID":379942,"Municipio":"MOITA"},"geometry":{"type":"Polygon","coordinates":[[[-9.0097169935176,38.6478030415413],[-9.00972102767344,38.647801155649],[-9.00971913498962,38.6478007122229],[-9.00933562863978,38.6469203250712],[-9.01112113945751,38.6473315239821],[-9.01112504525745,38.6473399262126],[-9.01129119481083,38.6477066187153],[-9.01128326313581,38.6478648886552],[-9.01126903221092,38.6480482960338],[-9.0112588159047,38.6481600006271],[-9.01125485173356,38.6481590548131],[-9.01083677398062,38.6480622724536],[-9.0097169935176,38.6478030415413]]]}},{"type":"Feature","id":"CRUS_Moita_V.379943","properties":{"Area_Ha":55.6413557663612,"Autor":"DGT","Categoria":"Espaço Habitacional","Classe":"Solo Urbano","DTCC":"1506","Data_PublicacaoPDM":"2025-04-14T00:00:00","Designacao_PlantaOrdenamento":"Solo Urbano - Espaços Habitacionais - Tipo 1","Escala_PlantaOrdenamento":"1/12000","Fonte":"CM - Vectorial e Raster","ID":379943,"Municipio":"MOITA"},"geometry":{"type":"Polygon","coordinates":[[[-9.0112588159047,38.6481600006271],[-9.01126903221092,38.6480482960338],[-9.01128326313581,38.6478648886552],[-9.01129119481083,38.6477066187153],[-9.01112504525745,38.6473399262126],[-9.01112113945751,38.6473315239821],[-9.00933562863978,38.6469203250712],[-9.00971913498962,38.6478007122229],[-9.00972102767344,38.647801155649],[-9.0097169935176,38.6478030415413],[-9.00753164338826,38.6472970930901],[-9.00735305362269,38.6464471306135],[-9.00735301775411,38.6464470146775],[-9.00717244069714,38.6456546344949],[-9.00722453903785,38.6443267324729],[-9.00688391615532,38.6432022973476],[-9.00645901454639,38.6420690164081],[-9.00604062438092,38.6409867887756],[-9.00602889806739,38.6409684700771],[-9.00615640968262,38.640920819766],[-9.01120194262929,38.6390351786365],[-9.01179268336743,38.6387650147255],[-9.01182040565623,38.6387524185934],[-9.01182157853833,38.6387518729022],[-9.01182299034175,38.6387512444917],[-9.0118229927382,38.638751243425],[-9.01203891089984,38.6390283150235],[-9.01133885557253,38.6391969673377],[-9.01147942855208,38.6393912313254],[-9.01157669624859,38.6395320520385],[-9.01245158516768,38.640760325457],[-9.01246249331547,38.6408212461252],[-9.01246933063463,38.6408561064128],[-9.01262140354226,38.6417941176498],[-9.01265398266887,38.6420165891321],[-9.01265822849505,38.6420455830123],[-9.01269592476256,38.6422892831499],[-9.01274159411989,38.6425754846367],[-9.0123897344187,38.6432879341657],[-9.0121108551888,38.6438498183725],[-9.01211030174883,38.6439093478408],[-9.0121332706584,38.6439666043804],[-9.01256020811724,38.644258437593],[-9.01347171156773,38.6448836296428],[-9.01392746921628,38.6451962224587],[-9.01438323197703,38.6455088143275],[-9.01440206203057,38.6455228151281],[-9.01442124110156,38.64553595753],[-9.01446565405621,38.6455663917609],[-9.01603465071051,38.6466658791414],[-9.01604099009366,38.6466744835356],[-9.01611865488133,38.6467798906585],[-9.01661688564344,38.6474560814004],[-9.01693239599222,38.64789866548],[-9.0175172642301,38.6487060557079],[-9.01751723652825,38.6487060809484],[-9.01737242457667,38.6488380260513],[-9.01721297577233,38.6489720010258],[-9.01694079651692,38.6492059288287],[-9.0166571876044,38.6494480396704],[-9.01472685757096,38.6489875019501],[-9.0112588159047,38.6481600006271]]]}},{"type":"Feature","id":"CRUS_Moita_V.379944","properties":{"Area_Ha":6.41696340490254,"Autor":"DGT","Categoria":"Espaço Habitacional","Classe":"Solo Urbano","DTCC":"1506","Data_PublicacaoPDM":"2025-04-14T00:00:00","Designacao_PlantaOrdenamento":"Solo Urbano - Espaços Habitacionais - Tipo 1","Escala_PlantaOrdenamento":"1/12000","Fonte":"CM - Vectorial e Raster","ID":379944,"Municipio":"MOITA"},"geometry":{"type":"Polygon","coordinates":[[[-9.00198722876109,38.6392956419201],[-9.00198716787409,38.6392954505003],[-9.00201878998188,38.6392946265021],[-9.0021820087473,38.6392903711477],[-9.00314119814476,38.6392676665055],[-9.00510994020521,38.638964297456],[-9.0051123740106,38.6389639225946],[-9.00511458482942,38.6389645763163],[-9.00511608969606,38.638967537765],[-9.00524537116545,38.6389478912765],[-9.00600385067152,38.6404870600381],[-9.00589653370781,38.6405268459026],[-9.00505432009135,38.6408431933994],[-9.00436767481487,38.6410924984618],[-9.00390633438587,38.6412328634422],[-9.00300779454396,38.6414675023885],[-9.00299863344441,38.6414553384446],[-9.00296356215138,38.6414108236877],[-9.00293461568556,38.641383268825],[-9.00291832152206,38.6413680294073],[-9.00291447285861,38.6413648169175],[-9.00286006985684,38.6413238085788],[-9.00284827006715,38.6413163583494],[-9.00282713232749,38.6413030141962],[-9.00275498733019,38.6412679893565],[-9.0026294934468,38.6412328745825],[-9.00257500638238,38.6410654978308],[-9.0023706707651,38.6404443510207],[-9.00217799959911,38.6398807048676],[-9.00206100447532,38.6395283041176],[-9.00203008396915,38.6394295340937],[-9.00198722876109,38.6392956419201]]]}},{"type":"Feature","id":"CRUS_Moita_V.379945","properties":{"Area_Ha":39.8836559128235,"Autor":"DGT","Categoria":"Espaço Habitacional","Classe":"Solo Urbano","DTCC":"1506","Data_PublicacaoPDM":"2025-04-14T00:00:00","Designacao_PlantaOrdenamento":"Solo Urbano - Espaços Habitacionais - Tipo 0","Escala_PlantaOrdenamento":"1/12000","Fonte":"CM - Vectorial e Raster","ID":379945,"Municipio":"MOITA"},"geometry":{"type":"Polygon","coordinates":[[[-8.95403578591635,38.6428305785573],[-8.95457147618201,38.6426767332879],[-8.95488875107035,38.6424610282961],[-8.95563238796111,38.6419553318755],[-8.95563251121072,38.6419553625373],[-8.9556463672096,38.641958827817],[-8.9571247484551,38.6423284519166],[-8.9575296367754,38.6412974220231],[-8.95800507964359,38.6400866868526],[-8.95803739635658,38.6400553999413],[-8.95811851559843,38.6399870716603],[-8.96163103942472,38.6403493915354],[-8.96221167748643,38.6404473864456],[-8.96318912803399,38.6406123447365],[-8.96356715273301,38.6406761397618],[-8.96390511358591,38.6408268732861],[-8.96402228393326,38.6408773034898],[-8.96464025202356,38.6411505997625],[-8.96473685009789,38.6411941725767],[-8.96473686219327,38.6411940265596],[-8.96518099468751,38.6413745687238],[-8.96518852331305,38.6414580751711],[-8.96518854586832,38.6414583371462],[-8.96518854860276,38.6414583749608],[-8.9652121220172,38.6418468228239],[-8.96521212475166,38.6418468606384],[-8.96523470138536,38.6421230692982],[-8.96523566465272,38.6421859038147],[-8.96523987440129,38.6424606324562],[-8.9652220099388,38.6427307546235],[-8.96522123503789,38.6427304916943],[-8.96522123254028,38.6427305736857],[-8.96041260834634,38.6421854495505],[-8.96039903482814,38.6422627206098],[-8.960188811936,38.6434553917679],[-8.96001916277656,38.6434410908578],[-8.95978729767961,38.6434159728633],[-8.95968991927492,38.6434010616478],[-8.95958138548879,38.6433844419575],[-8.95934378038841,38.6433480584746],[-8.95879780696566,38.6432644528529],[-8.95878934203594,38.643509607577],[-8.95878174037599,38.6436630384719],[-8.95877434602974,38.6438378405062],[-8.95876909074572,38.6440055668927],[-8.95876148053735,38.64415966083],[-8.95875431396534,38.6443441089105],[-8.9587542607335,38.6443454758142],[-8.95994758302291,38.6444457552303],[-8.95994683924593,38.6444498997065],[-8.95981732235498,38.6452263470449],[-8.95964888977463,38.6452711093905],[-8.95939735474338,38.6453379572292],[-8.95927625382202,38.6460388043816],[-8.95908620223734,38.6461955036138],[-8.95862018534896,38.6465797336432],[-8.95859085675735,38.6465762499934],[-8.95813417042299,38.6465219956468],[-8.95787627440095,38.6465431843346],[-8.95787322529146,38.6465435364294],[-8.95674766487728,38.6468616451176],[-8.95670431038724,38.6468756651839],[-8.95670399092688,38.6468759547912],[-8.95668730298354,38.6468811645562],[-8.95640475728733,38.6469725317323],[-8.95593986748549,38.6473250310923],[-8.95527919378338,38.6478172006294],[-8.95496423714049,38.6479113891584],[-8.95477968914385,38.6479665783001],[-8.95464927736263,38.6480055768632],[-8.95462000166823,38.648013801466],[-8.95457293473748,38.648027023476],[-8.95433740289883,38.6480931904769],[-8.95427474384222,38.6480295530946],[-8.95420763063283,38.6478237398062],[-8.95413920481965,38.6476138955541],[-8.95412501452369,38.6475661297525],[-8.9539975071742,38.646876611052],[-8.95400716881471,38.6458554424848],[-8.95401699565971,38.6448166401361],[-8.95402898025429,38.6435499734373],[-8.95403578591635,38.6428305785573]]]}},{"type":"Feature","id":"CRUS_Moita_V.379946","properties":{"Area_Ha":5.10450973423645,"Autor":"DGT","Categoria":"Espaço Verde","Classe":"Solo Urbano","DTCC":"1506","Data_PublicacaoPDM":"2025-04-14T00:00:00","Designacao_PlantaOrdenamento":"Solo Urbano - Espaços Verdes - Recreio, lazer, desporto, cultura","Escala_PlantaOrdenamento":"1/12000","Fonte":"CM - Vectorial e Raster","ID":379946,"Municipio":"MOITA"},"geometry":{"type":"Polygon","coordinates":[[[-9.0282861198516,38.651935043299],[-9.02830697308642,38.651854563463],[-9.02870133774987,38.650332525757],[-9.02843043452918,38.649702008392],[-9.02842980585118,38.6497005971385],[-9.02801952865139,38.6487803916357],[-9.02800338511706,38.6487431038],[-9.02797586299912,38.6486818352963],[-9.02743053755335,38.6474783528722],[-9.02743043108402,38.6474783816111],[-9.02670123908824,38.6458660029699],[-9.02669852080292,38.6458650310468],[-9.02627542060913,38.6449141225488],[-9.0263196631813,38.6448880883509],[-9.02632025272958,38.6448877424439],[-9.02679500420886,38.6453297612857],[-9.02785318856843,38.6462257180883],[-9.02786775641611,38.6462380521901],[-9.02800104112317,38.6465276991452],[-9.0282863136935,38.6480983847386],[-9.02828632036666,38.6480984594543],[-9.02903757440033,38.6499908942924],[-9.02906959604643,38.6502409277584],[-9.02906960042343,38.6502410024917],[-9.02935577535509,38.6509037644886],[-9.02960638565462,38.651438097603],[-9.02982728884829,38.6520122554225],[-9.02989914656182,38.6521221936198],[-9.02989918757269,38.6521222581633],[-9.02959500358762,38.6522145838175],[-9.02951858812756,38.6522573892529],[-9.02957241131148,38.6522915586578],[-9.0297233916906,38.652299590574],[-9.0301915364077,38.6523244891765],[-9.03023194707147,38.6523274302571],[-9.03002816039918,38.6523550154632],[-9.0300165946665,38.6523582347354],[-9.02988186004598,38.6523957374354],[-9.02977980111193,38.6524282335508],[-9.02977917864863,38.6524298129286],[-9.02947278537201,38.6523228513017],[-9.02911581882726,38.6521982349523],[-9.02886467657942,38.6521105589917],[-9.02864119006925,38.6520348955815],[-9.02851758652859,38.6519988439632],[-9.0282861198516,38.651935043299]]]}},{"type":"Feature","id":"CRUS_Moita_V.379947","properties":{"Area_Ha":7.48556590267709,"Autor":"DGT","Categoria":"Espaço Verde","Classe":"Solo Urbano","DTCC":"1506","Data_PublicacaoPDM":"2025-04-14T00:00:00","Designacao_PlantaOrdenamento":"Solo Urbano - Espaços Verdes - Recreio, lazer, desporto, cultura","Escala_PlantaOrdenamento":"1/12000","Fonte":"CM - Vectorial e Raster","ID":379947,"Municipio":"MOITA"},"geometry":{"type":"Polygon","coordinates":[[[-9.00619313509443,38.6811337726438],[-9.0061924563539,38.6811330525659],[-9.00688153863083,38.6782261727471],[-9.00537951278997,38.6780963521059],[-9.00537951462889,38.6780963142585],[-9.00554643707243,38.67696598498],[-9.00558338092984,38.6767158133574],[-9.00558359330669,38.6767143758944],[-9.00713821149735,38.6768705980885],[-9.0071498419524,38.6768717290524],[-9.0077103529371,38.6769507412703],[-9.00771034004749,38.6769508152325],[-9.00747968872276,38.6779349031394],[-9.00764061526028,38.6782029135041],[-9.00811536612837,38.6782992343226],[-9.00832315499236,38.6783389506146],[-9.0085300993824,38.6783768694524],[-9.00869220392058,38.6784086991224],[-9.00903526918633,38.6784760503707],[-9.00903525813484,38.6784760864856],[-9.00889802678003,38.6789336044898],[-9.00876638489621,38.6793724816041],[-9.00750429577964,38.6799382850165],[-9.00695848876216,38.6819475558083],[-9.00619313509443,38.6811337726438]]]}},{"type":"Feature","id":"CRUS_Moita_V.379948","properties":{"Area_Ha":1.9906515805954,"Autor":"DGT","Categoria":"Espaço de Uso Especial Equipamentos e Infraestruturas","Classe":"Solo Urbano","DTCC":"1506","Data_PublicacaoPDM":"2025-04-14T00:00:00","Designacao_PlantaOrdenamento":"Solo Urbano - Espaços de Uso Especial - Equipamentos","Escala_PlantaOrdenamento":"1/12000","Fonte":"CM - Vectorial e Raster","ID":379948,"Municipio":"MOITA"},"geometry":{"type":"Polygon","coordinates":[[[-9.0077103529371,38.6769507412703],[-9.00822962054622,38.6770499959673],[-9.00819760014583,38.6771747065763],[-9.00847812175394,38.6772436174396],[-9.00886273138466,38.6773879389602],[-9.00952133350104,38.6776114333589],[-9.00952132241697,38.6776114667716],[-9.00957200650305,38.6776312991304],[-9.00956441671364,38.6776456526357],[-9.00952419706416,38.6777084750941],[-9.00960401737292,38.677733710994],[-9.00960400513982,38.6777337444154],[-9.00954791983854,38.6778301757948],[-9.00954790530728,38.6778302092334],[-9.00934697405889,38.6783705465369],[-9.00934696760384,38.6783705826173],[-9.00908629245519,38.6782989246067],[-9.00903526918633,38.6784760503707],[-9.00869220392058,38.6784086991224],[-9.0085300993824,38.6783768694524],[-9.00832315499236,38.6783389506146],[-9.00811536612837,38.6782992343226],[-9.00764061526028,38.6782029135041],[-9.00747968872276,38.6779349031394],[-9.00771034004749,38.6769508152325],[-9.0077103529371,38.6769507412703]]]}},{"type":"Feature","id":"CRUS_Moita_V.379949","properties":{"Area_Ha":3.25496856322282,"Autor":"DGT","Categoria":"Espaço de Atividades Económicas","Classe":"Solo Urbano","DTCC":"1506","Data_PublicacaoPDM":"2025-04-14T00:00:00","Designacao_PlantaOrdenamento":"Solo Urbano - Espaços de Atividades Económicas","Escala_PlantaOrdenamento":"1/12000","Fonte":"CM - Vectorial e Raster","ID":379949,"Municipio":"MOITA"},"geometry":{"type":"Polygon","coordinates":[[[-9.01287760036438,38.6546975439841],[-9.0127833830573,38.654696001467],[-9.01273712467861,38.654695244054],[-9.01274997484857,38.653919473122],[-9.01275657572845,38.6536175861733],[-9.01276259094781,38.6534077695164],[-9.01276790312629,38.6531415037695],[-9.01278359163136,38.6527637123381],[-9.01277980219402,38.6527619536381],[-9.01280307540073,38.652760492264],[-9.01282428218282,38.6527575438828],[-9.01290081861693,38.6527414230528],[-9.01295815162671,38.6527243016956],[-9.01298204288647,38.6527158003471],[-9.01302324460663,38.6526969563486],[-9.01305373092955,38.6526830140546],[-9.01311773333556,38.6526414639521],[-9.01315609564031,38.6526083806184],[-9.01319289210714,38.652570880694],[-9.01387135566679,38.6526268369724],[-9.01442461757651,38.6526726978273],[-9.01437719119268,38.6546593052754],[-9.01363273125444,38.6547018123036],[-9.01287866014009,38.6546966532242],[-9.01287760036438,38.6546975439841]]]}},{"type":"Feature","id":"CRUS_Moita_V.379950","properties":{"Area_Ha":1.04404103496745,"Autor":"DGT","Categoria":"Espaço Central","Classe":"Solo Urbano","DTCC":"1506","Data_PublicacaoPDM":"2025-04-14T00:00:00","Designacao_PlantaOrdenamento":"Solo Urbano - Espaços Centrais - Núcleos Consolidados","Escala_PlantaOrdenamento":"1/12000","Fonte":"CM - Vectorial e Raster","ID":379950,"Municipio":"MOITA"},"geometry":{"type":"Polygon","coordinates":[[[-9.01958225806241,38.6527987313026],[-9.01961176277209,38.6525599402995],[-9.01962743540508,38.6525311543006],[-9.01962522172529,38.6525302198276],[-9.01969088521109,38.6524146181895],[-9.01975783473442,38.6522967511492],[-9.01991373160456,38.6520864510608],[-9.02011677323761,38.6519273904879],[-9.02015400146572,38.6518996084024],[-9.02033640156408,38.6518213008119],[-9.02047275189031,38.6517639635121],[-9.02047302740462,38.6517645073099],[-9.02069309456177,38.6521996488507],[-9.02072930621457,38.6522662705567],[-9.02076417964717,38.6523083185361],[-9.02123593611159,38.6528583489323],[-9.02129721822722,38.6529277788777],[-9.02129606166831,38.6529284497512],[-9.02129618988874,38.6529286001128],[-9.02129584838289,38.6529285738802],[-9.01958225806241,38.6527987313026]]]}},{"type":"Feature","id":"CRUS_Moita_V.379951","properties":{"Area_Ha":4.61308964547489,"Autor":"DGT","Categoria":"Espaço Central","Classe":"Solo Urbano","DTCC":"1506","Data_PublicacaoPDM":"2025-04-14T00:00:00","Designacao_PlantaOrdenamento":"Solo Urbano - Espaços Centrais - Núcleos Consolidados","Escala_PlantaOrdenamento":"1/12000","Fonte":"CM - Vectorial e Raster","ID":379951,"Municipio":"MOITA"},"geometry":{"type":"Polygon","coordinates":[[[-9.01777002605147,38.6490155943732],[-9.0177745054679,38.6490124707329],[-9.01762947035888,38.6488358673775],[-9.01796151792577,38.6486724325803],[-9.01801812682335,38.6486449918949],[-9.01801821018257,38.6486449516288],[-9.01853803387644,38.6484786577632],[-9.01853874670516,38.6484784298686],[-9.0185130556305,38.6484168749985],[-9.01851277629502,38.6484162051117],[-9.01928133218805,38.6480893102534],[-9.01923328333844,38.6480106510607],[-9.01922894840925,38.6480032999939],[-9.01923260139681,38.6480021021752],[-9.01923480895931,38.6480056292222],[-9.01984006366445,38.6477817172411],[-9.02010325681066,38.6483012748207],[-9.0203096002984,38.6487942865101],[-9.0206628483453,38.6486910615679],[-9.02074974184038,38.6486654174906],[-9.02100578581262,38.6492263579256],[-9.0209283674076,38.649248188334],[-9.02036085903018,38.6493980193444],[-9.02044062276535,38.6495873410366],[-9.01985342181202,38.6497377315401],[-9.01990078328445,38.6498352116822],[-9.02009022881512,38.6502098120434],[-9.02008738004042,38.6502098156286],[-9.02009852200933,38.6502319395978],[-9.01710025521865,38.6495496865234],[-9.01777124581065,38.6490170759818],[-9.01777002605147,38.6490155943732]]]}},{"type":"Feature","id":"CRUS_Moita_V.379952","properties":{"Area_Ha":11.0569665656647,"Autor":"DGT","Categoria":"Espaço Habitacional","Classe":"Solo Urbano","DTCC":"1506","Data_PublicacaoPDM":"2025-04-14T00:00:00","Designacao_PlantaOrdenamento":"Solo Urbano - Espaços Habitacionais - Tipo 1","Escala_PlantaOrdenamento":"1/12000","Fonte":"CM - Vectorial e Raster","ID":379952,"Municipio":"MOITA"},"geometry":{"type":"Polygon","coordinates":[[[-8.98014611901067,38.6453368822355],[-8.980693384759,38.6447517573462],[-8.98116260995826,38.6452534749218],[-8.98170992267305,38.6457435378596],[-8.98171764044804,38.6457374032198],[-8.98263362859688,38.6450838556565],[-8.98313813701265,38.6447224041956],[-8.9831345028826,38.6447184301136],[-8.98313907456943,38.6447120245771],[-8.98314081968453,38.6447138036037],[-8.98314905081918,38.6447084596518],[-8.98390374862046,38.6442184726389],[-8.98514091277926,38.6434152221119],[-8.98542606192294,38.6432300790377],[-8.9854261882696,38.6432300790179],[-8.98542981738083,38.6432277104751],[-8.98563366616714,38.6432298057841],[-8.98637579813996,38.6442570634424],[-8.98637574314962,38.644257075554],[-8.98637671235252,38.6442584115894],[-8.98637675363533,38.6442584058834],[-8.98637901042209,38.6442615800844],[-8.98689388279156,38.6449814604799],[-8.98759662082325,38.6467097222271],[-8.98729303063418,38.6468781925053],[-8.98652192412287,38.6460200703449],[-8.986435501365,38.6459333593808],[-8.98616454332172,38.6456614963431],[-8.9859872962508,38.6454842324203],[-8.9857973686993,38.6457283324684],[-8.98577540115515,38.6457565653683],[-8.98533963965193,38.6455470276578],[-8.9850584132757,38.645411797508],[-8.98467522245848,38.6457110786338],[-8.98454111284095,38.6458786673533],[-8.98515802050192,38.6461468095801],[-8.98515765193279,38.6461474040954],[-8.9851404127941,38.6461752295005],[-8.9850800627631,38.6462726410131],[-8.98614472555019,38.6470770278185],[-8.98614477076097,38.6470770626203],[-8.98614456230859,38.6470771136848],[-8.98610168375282,38.6470893314318],[-8.98609514121349,38.647091196068],[-8.98608984685236,38.6470935092128],[-8.98599576666248,38.6471380212804],[-8.98598261349785,38.6471442444727],[-8.98428751231697,38.6466572804165],[-8.98390095906028,38.6465460159727],[-8.98258131223046,38.6463365316855],[-8.98214225843313,38.6462152590248],[-8.98021348963491,38.645367554251],[-8.98014611901067,38.6453368822355]]]}},{"type":"Feature","id":"CRUS_Moita_V.379953","properties":{"Area_Ha":2.21272392313079,"Autor":"DGT","Categoria":"Espaço Central","Classe":"Solo Urbano","DTCC":"1506","Data_PublicacaoPDM":"2025-04-14T00:00:00","Designacao_PlantaOrdenamento":"Solo Urbano - Espaços Centrais - Núcleos Consolidados","Escala_PlantaOrdenamento":"1/12000","Fonte":"CM - Vectorial e Raster","ID":379953,"Municipio":"MOITA"},"geometry":{"type":"Polygon","coordinates":[[[-8.98614477076097,38.6470770626203],[-8.98614472555019,38.6470770278185],[-8.9850800627631,38.6462726410131],[-8.9851404127941,38.6461752295005],[-8.98515765193279,38.6461474040954],[-8.98515802050192,38.6461468095801],[-8.98454111284095,38.6458786673533],[-8.98467522245848,38.6457110786338],[-8.9850584132757,38.645411797508],[-8.98533963965193,38.6455470276578],[-8.98577540115515,38.6457565653683],[-8.9857973686993,38.6457283324684],[-8.9859872962508,38.6454842324203],[-8.98616454332172,38.6456614963431],[-8.986435501365,38.6459333593808],[-8.98652192412287,38.6460200703449],[-8.98729303063418,38.6468781925053],[-8.98729842366209,38.6468841939408],[-8.98675555111547,38.6471849530826],[-8.98675140359974,38.6471873047301],[-8.98673755897027,38.6471756168908],[-8.98667346815161,38.6471355725447],[-8.9865930025511,38.6470957710466],[-8.98648889337912,38.6470659896082],[-8.98642324997738,38.6470568532505],[-8.98636799426754,38.6470508380531],[-8.98636702583643,38.647050732516],[-8.98623526266606,38.6470572785495],[-8.98614477076097,38.6470770626203]]]}},{"type":"Feature","id":"CRUS_Moita_V.379954","properties":{"Area_Ha":7.56921569369994,"Autor":"DGT","Categoria":"Espaço Verde","Classe":"Solo Urbano","DTCC":"1506","Data_PublicacaoPDM":"2025-04-14T00:00:00","Designacao_PlantaOrdenamento":"Solo Urbano - Espaços Verdes - Proteção à Rede Hídrica","Escala_PlantaOrdenamento":"1/12000","Fonte":"CM - Vectorial e Raster","ID":379954,"Municipio":"MOITA"},"geometry":{"type":"Polygon","coordinates":[[[-9.03023194707147,38.6523274302571],[-9.0301915364077,38.6523244891765],[-9.0297233916906,38.652299590574],[-9.02957241131148,38.6522915586578],[-9.02951858812756,38.6522573892529],[-9.02959500358762,38.6522145838175],[-9.02989918757269,38.6521222581633],[-9.02989914656182,38.6521221936198],[-9.02982728884829,38.6520122554225],[-9.02960638565462,38.651438097603],[-9.02935577535509,38.6509037644886],[-9.02906960042343,38.6502410024917],[-9.02906959604643,38.6502409277584],[-9.02903757440033,38.6499908942924],[-9.02828632036666,38.6480984594543],[-9.0282863136935,38.6480983847386],[-9.02800104112317,38.6465276991452],[-9.02786775641611,38.6462380521901],[-9.02785318856843,38.6462257180883],[-9.02679500420886,38.6453297612857],[-9.02632025272958,38.6448877424439],[-9.0263196631813,38.6448880883509],[-9.02626009580446,38.644832626548],[-9.02626058898371,38.6448324750504],[-9.02626049717704,38.644832389274],[-9.0264837465622,38.644763499727],[-9.02648383581131,38.6447634720213],[-9.02649471124932,38.6447732942259],[-9.02656167626797,38.644833777251],[-9.0270187117631,38.6452592998166],[-9.02745349113989,38.6456251564867],[-9.02766847500458,38.6458060582196],[-9.02792076798801,38.6460183518904],[-9.02813363825268,38.6457205997536],[-9.02846826689859,38.6452525314555],[-9.02901635798429,38.6448873723451],[-9.02914861890756,38.6450355372487],[-9.02865265539184,38.6453629892495],[-9.02808253885225,38.6461692901167],[-9.02823246114804,38.6464967649555],[-9.02851705793307,38.6480525378093],[-9.02926404859137,38.649930563014],[-9.02929623437897,38.650198689627],[-9.02984029236867,38.6514147763531],[-9.0300351156583,38.6519280861788],[-9.03006488636074,38.6519768976993],[-9.03010826595201,38.652034064309],[-9.03090490119401,38.6520146144405],[-9.031071489939,38.6520328327253],[-9.03172037141827,38.6520961756952],[-9.03172247134169,38.6520983836492],[-9.03197775558311,38.6521223293517],[-9.03250535633808,38.6521718176679],[-9.03255357184343,38.6521763401015],[-9.03305633610204,38.6522246206553],[-9.03314869195965,38.6522472895411],[-9.03314893618103,38.6522473444126],[-9.03316651715115,38.6522072683716],[-9.03325406307917,38.6520076962056],[-9.03334806842086,38.6518795729034],[-9.03334936167864,38.6518778108858],[-9.03346469582561,38.651831493835],[-9.03352215234668,38.6517438474004],[-9.03357915865238,38.651668790442],[-9.03361119280826,38.6516266140931],[-9.03364890448526,38.651583376117],[-9.03365937400243,38.6515731848863],[-9.03380882591722,38.6514276838902],[-9.0339546771729,38.6513210792428],[-9.03407187670986,38.6512354163051],[-9.03422634040932,38.6511226708587],[-9.03429660544722,38.65101691108],[-9.0343223526006,38.6509743316678],[-9.03432791949391,38.6509235500653],[-9.03435576620564,38.6506696194284],[-9.03441695899288,38.6501997927413],[-9.03463037123571,38.649769579571],[-9.03478758215857,38.6494526601385],[-9.03484283426646,38.6493412767091],[-9.03484378097992,38.6493393669116],[-9.0348998142815,38.6488084222226],[-9.03463419993879,38.6484356789477],[-9.03442155494723,38.6481372648942],[-9.03409336196763,38.6473558109118],[-9.03407835008155,38.6471352347045],[-9.03407380501581,38.6469953791871],[-9.0343006031496,38.6469941852537],[-9.03430398964859,38.6470483047551],[-9.034321121893,38.6473220949686],[-9.03432112724559,38.6473222471634],[-9.03463285172058,38.6480644820669],[-9.03482319033998,38.6483315926665],[-9.03501353153496,38.6485987029183],[-9.0355124529095,38.6481078151535],[-9.03571856402138,38.6479917839987],[-9.03619332080978,38.6477245154145],[-9.03631794548901,38.6476543560936],[-9.03645191297899,38.6478007013978],[-9.03645179777682,38.6478007662446],[-9.0364375184162,38.6478088044982],[-9.03623636385459,38.6479220475909],[-9.0362342913459,38.6479232139197],[-9.03568660625706,38.6482315374736],[-9.03567226494297,38.648239686911],[-9.03513347551106,38.6487786227334],[-9.03506997858647,38.6493802968092],[-9.03463718495114,38.6502527573788],[-9.03463718130496,38.6502528330745],[-9.03458577451673,38.6506703945396],[-9.03458576627603,38.6506704702707],[-9.03454821406348,38.6510281070002],[-9.03454821041718,38.6510281826958],[-9.03441180962357,38.6512334857689],[-9.03423909636028,38.6513595526189],[-9.03397745808145,38.6515507764752],[-9.03381834993731,38.6517060005538],[-9.03366392803994,38.6519216935644],[-9.03363521673427,38.6519654919161],[-9.03351458810341,38.6520139343505],[-9.03347100728142,38.6520733319466],[-9.03338330394051,38.6522669853961],[-9.03378423206927,38.6520922921602],[-9.03399453846375,38.6520100848833],[-9.03494830069852,38.6516009505961],[-9.03554980181347,38.6513429189475],[-9.03554840579743,38.6513408803878],[-9.0355782399144,38.6513275399101],[-9.0355802663076,38.6513264433109],[-9.03689107264784,38.6506173248251],[-9.03710383493481,38.6504846425455],[-9.03731659643403,38.6503519598854],[-9.03738303053833,38.6499932333473],[-9.03746877790554,38.649530216331],[-9.03746879831334,38.6495301035727],[-9.03726317329678,38.6487835334812],[-9.0370425139688,38.6485015232027],[-9.03693831472129,38.6484214829365],[-9.03707423115497,38.6483026686819],[-9.03820857144374,38.6473110274133],[-9.03850141097405,38.6470366650264],[-9.03857896837296,38.6465626944605],[-9.03858156544159,38.64654662832],[-9.0385986910212,38.6464419699589],[-9.03861787651261,38.6463827016214],[-9.03882347029855,38.6464836639055],[-9.03879461207807,38.6466599937946],[-9.0387944215709,38.6466611580085],[-9.03875643828971,38.646893278017],[-9.0387182916444,38.6471264557137],[-9.03838057687401,38.6474302565201],[-9.03778529417719,38.6479688327769],[-9.03726420268232,38.6484402748082],[-9.03749358003245,38.6487334259783],[-9.03768537467867,38.6494616424262],[-9.03770194323833,38.6495245525987],[-9.03770193143066,38.6495246184487],[-9.03759630246364,38.650095067063],[-9.0375865654433,38.6501476475398],[-9.03757905807876,38.6501881697226],[-9.037579048099,38.6501882896068],[-9.03776712602068,38.6500709980583],[-9.03783879729271,38.650026302527],[-9.0379445173036,38.6499741974977],[-9.03856432408478,38.6496687174486],[-9.03930381135557,38.6488702065539],[-9.03942049480262,38.6487457689356],[-9.03994546452208,38.6481859102721],[-9.04074086694889,38.6478448555526],[-9.04091123700586,38.647771802801],[-9.04107185004223,38.6477029333879],[-9.04108313674283,38.647800754231],[-9.04108872530042,38.6478491903529],[-9.04109166584019,38.6478502764186],[-9.04109437316893,38.6478981385714],[-9.04109440749914,38.6478985833024],[-9.04089896852623,38.6479823850534],[-9.04037800934924,38.6482057645781],[-9.04010036404852,38.648324813275],[-9.03948929094547,38.6489764985321],[-9.03874498362369,38.6497802167144],[-9.03820577774133,38.6500545061941],[-9.03797182182863,38.6501735162628],[-9.03702795345382,38.6507621353085],[-9.03691861323426,38.6508212874506],[-9.03592162254795,38.6513606394745],[-9.03568029643059,38.6514911898097],[-9.03567075477956,38.6514952900284],[-9.03566862958159,38.6514962027266],[-9.03435646031654,38.6520600011829],[-9.03410098490993,38.6521697685317],[-9.03349685657368,38.6524059153172],[-9.03326195677399,38.6524977342742],[-9.03320680041075,38.6524991000534],[-9.03277475043204,38.6525098023481],[-9.03265051105158,38.6525128792337],[-9.03235477913011,38.6525202030059],[-9.03173526521466,38.6524626112049],[-9.03132372864074,38.652424204437],[-9.03085061500182,38.6523724658001],[-9.03073362877508,38.6523639501169],[-9.03023194707147,38.6523274302571]]]}},{"type":"Feature","id":"CRUS_Moita_V.379955","properties":{"Area_Ha":0.737133991125418,"Autor":"DGT","Categoria":"Espaço Verde","Classe":"Solo Urbano","DTCC":"1506","Data_PublicacaoPDM":"2025-04-14T00:00:00","Designacao_PlantaOrdenamento":"Solo Urbano - Espaços Verdes - Proteção à Rede Hídrica","Escala_PlantaOrdenamento":"1/12000","Fonte":"CM - Vectorial e Raster","ID":379955,"Municipio":"MOITA"},"geometry":{"type":"Polygon","coordinates":[[[-9.0425083854351,38.6472396262686],[-9.04281602414902,38.6470532331832],[-9.04297751873993,38.6469546236071],[-9.04308668471211,38.6468427773026],[-9.04322124395614,38.6467019805502],[-9.04322129477706,38.6467020026749],[-9.04322317432386,38.6467029374996],[-9.04322696516851,38.6466990543637],[-9.04347347696441,38.6464076013502],[-9.04356700696186,38.6462970203],[-9.04371244504949,38.6461250659493],[-9.04418090802667,38.6458612749272],[-9.04421081456159,38.6458444347644],[-9.04431042229814,38.6457883450008],[-9.04433302266252,38.6457756189422],[-9.04434047475737,38.6457714225958],[-9.04434227903658,38.6457704059453],[-9.04434272270082,38.6457701565695],[-9.04434283789249,38.6457700917151],[-9.04434301124857,38.6457699939786],[-9.0443432051299,38.6457698843717],[-9.0443433967484,38.6457697774849],[-9.04434354500791,38.645769693456],[-9.0443437149412,38.6457695975477],[-9.04434382558439,38.6457695363319],[-9.04434390426264,38.6457694906788],[-9.0443441038524,38.6457693783251],[-9.04434422362679,38.6457693125341],[-9.04434432626448,38.6457692540831],[-9.04434446084429,38.6457691782679],[-9.0443445554993,38.6457691243831],[-9.04434460910379,38.645769094239],[-9.04434466157117,38.6457690650045],[-9.04434520673595,38.6457687580874],[-9.04434809451039,38.6457671321599],[-9.04434894759959,38.6457666507904],[-9.04434917570868,38.6457665229008],[-9.04434958173373,38.6457662945368],[-9.04435010637321,38.64576599949],[-9.04435042000609,38.6457658222908],[-9.04435064013249,38.6457656989674],[-9.04435243415448,38.6457646887023],[-9.04458533273948,38.6456335411916],[-9.0446258222677,38.6456113199282],[-9.04464469754327,38.6456015909876],[-9.04464719446704,38.6456003040985],[-9.04464751102167,38.6456009015677],[-9.04466160986315,38.6456275870403],[-9.04473989789276,38.6457738045171],[-9.04388093672213,38.6462534214499],[-9.04342230228782,38.6467897939298],[-9.04336375753739,38.6468582611556],[-9.04335795737848,38.6468642083608],[-9.04325368324968,38.64697109576],[-9.04314733875516,38.6470793323631],[-9.04249472175528,38.6474741389544],[-9.04169274131771,38.6476982835878],[-9.04166652103661,38.6477067419852],[-9.04144786470918,38.6477772779989],[-9.04144597825758,38.6476280554535],[-9.04144597713293,38.6475846628046],[-9.04146661385542,38.6475750828429],[-9.04169542353748,38.6475097513818],[-9.04238743369517,38.6473149333285],[-9.0425087319431,38.647240867586],[-9.0425083854351,38.6472396262686]]]}},{"type":"Feature","id":"CRUS_Moita_V.379956","properties":{"Area_Ha":2.22093932290248,"Autor":"DGT","Categoria":"Espaço de Uso Especial Equipamentos e Infraestruturas","Classe":"Solo Urbano","DTCC":"1506","Data_PublicacaoPDM":"2025-04-14T00:00:00","Designacao_PlantaOrdenamento":"Solo Urbano - Espaços de Uso Especial - Equipamentos","Escala_PlantaOrdenamento":"1/12000","Fonte":"CM - Vectorial e Raster","ID":379956,"Municipio":"MOITA"},"geometry":{"type":"Polygon","coordinates":[[[-9.04811509170722,38.6556893584914],[-9.04814513450116,38.6557108832713],[-9.04835927395223,38.655878894846],[-9.04855592610623,38.6560562932286],[-9.0488165104899,38.6562762689803],[-9.04898730553682,38.6564141048999],[-9.04909851992886,38.6565192711286],[-9.04916329688152,38.6566281149922],[-9.04921514252637,38.656717177578],[-9.04924607234597,38.6568229724263],[-9.04924738611624,38.6569261013495],[-9.0492475496481,38.6569389383094],[-9.04924792041786,38.6569680430444],[-9.04924953348424,38.6570946652583],[-9.04924610843832,38.6571794936523],[-9.0492429700794,38.6571793317669],[-9.0492429670285,38.657179002097],[-9.04923478276801,38.6571789103599],[-9.04910442402844,38.6571774486816],[-9.04906313877965,38.657214259901],[-9.04855246708547,38.6572102280078],[-9.0485530449013,38.6571801718052],[-9.04813711792985,38.6571783646885],[-9.04804136963476,38.6571050037327],[-9.04790405201778,38.6570773952989],[-9.0477450920178,38.6571119500888],[-9.04765159993948,38.6571967260181],[-9.04690578077251,38.6569812232469],[-9.04699534857596,38.6567873814307],[-9.04722558250835,38.6562891093359],[-9.04794182287649,38.6557997595854],[-9.0481026504239,38.6556909133135],[-9.04811509170722,38.6556893584914]]]}},{"type":"Feature","id":"CRUS_Moita_V.379957","properties":{"Area_Ha":1.98252020902391,"Autor":"DGT","Categoria":"Espaço Central","Classe":"Solo Urbano","DTCC":"1506","Data_PublicacaoPDM":"2025-04-14T00:00:00","Designacao_PlantaOrdenamento":"Solo Urbano - Espaços Centrais - Núcleos Consolidados","Escala_PlantaOrdenamento":"1/12000","Fonte":"CM - Vectorial e Raster","ID":379957,"Municipio":"MOITA"},"geometry":{"type":"Polygon","coordinates":[[[-8.9868526819691,38.6614531012505],[-8.98679109662574,38.6614101562527],[-8.98665967774518,38.6613185152531],[-8.9863329508064,38.6610906793127],[-8.98613852708561,38.6609551019987],[-8.98612471066863,38.6609454299214],[-8.98684148954844,38.6596822919922],[-8.98686999048981,38.6596321468979],[-8.98691809402176,38.6595475109858],[-8.98694925674349,38.6594927181019],[-8.9870383244725,38.6593449401902],[-8.98718461613358,38.6594014074464],[-8.98737439695825,38.6594727435879],[-8.98762015455083,38.65956438812],[-8.9877832851304,38.6596252203168],[-8.98787179244467,38.6596243105277],[-8.98796030007159,38.6596024560372],[-8.98802859163028,38.6595632610013],[-8.98846273167315,38.6591388414845],[-8.98853554842384,38.6591763743168],[-8.98859118644624,38.6592137264733],[-8.98861925511523,38.6592335893285],[-8.98836444575217,38.6595142476],[-8.9883516115414,38.659526305042],[-8.98813676629462,38.6597281491703],[-8.98802112236374,38.6598367938786],[-8.98792456252865,38.6597949059033],[-8.98791815680401,38.6597921358982],[-8.9878446782532,38.6598941936595],[-8.98779999302296,38.6599678673846],[-8.98767134997094,38.6601814163628],[-8.9875724256067,38.6603514706962],[-8.98755494885942,38.6603814465583],[-8.9873903602385,38.6606637442406],[-8.98706960927243,38.6612138833963],[-8.98706288556203,38.6612250736474],[-8.98700322375149,38.661324363607],[-8.98698722943544,38.6613443467339],[-8.98698654905172,38.6613451975572],[-8.98698649638886,38.6613452132553],[-8.98698470401984,38.6613473342248],[-8.98690776412923,38.661409214606],[-8.98685349592784,38.6614536303878],[-8.98685270459216,38.6614530713588],[-8.9868526819691,38.6614531012505]]]}},{"type":"Feature","id":"CRUS_Moita_V.379958","properties":{"Area_Ha":4.60271836496694,"Autor":"DGT","Categoria":"Espaço de Uso Especial Equipamentos e Infraestruturas","Classe":"Solo Urbano","DTCC":"1506","Data_PublicacaoPDM":"2025-04-14T00:00:00","Designacao_PlantaOrdenamento":"Solo Urbano - Espaços de Uso Especial - Equipamentos","Escala_PlantaOrdenamento":"1/12000","Fonte":"CM - Vectorial e Raster","ID":379958,"Municipio":"MOITA"},"geometry":{"type":"Polygon","coordinates":[[[-9.02265201136888,38.6459571186725],[-9.01995364090947,38.6467152218641],[-9.01989770329922,38.6467339449011],[-9.01989411246458,38.6467351467734],[-9.01989411355649,38.6467349557943],[-9.01935736036934,38.6450762482068],[-9.0218470449091,38.6443164830128],[-9.02188780291014,38.6443040445153],[-9.02188867720972,38.6443069654509],[-9.02208508211291,38.6449631255086],[-9.02220060083931,38.6452635897092],[-9.02265201136888,38.6459571186725]]]}},{"type":"Feature","id":"CRUS_Moita_V.379959","properties":{"Area_Ha":0.493951910179295,"Autor":"DGT","Categoria":"Espaço Habitacional","Classe":"Solo Urbano","DTCC":"1506","Data_PublicacaoPDM":"2025-04-14T00:00:00","Designacao_PlantaOrdenamento":"Solo Urbano - Espaços Habitacionais - Tipo 2","Escala_PlantaOrdenamento":"1/12000","Fonte":"CM - Vectorial e Raster","ID":379959,"Municipio":"MOITA"},"geometry":{"type":"Polygon","coordinates":[[[-9.01984006366445,38.6477817172411],[-9.0198463527169,38.647779390529],[-9.02030363496234,38.6476429562024],[-9.02030658333,38.6476445165567],[-9.02074974184038,38.6486654174906],[-9.0206628483453,38.6486910615679],[-9.0203096002984,38.6487942865101],[-9.02010325681066,38.6483012748207],[-9.01984006366445,38.6477817172411]]]}},{"type":"Feature","id":"CRUS_Moita_V.379960","properties":{"Area_Ha":0.67969369074377,"Autor":"DGT","Categoria":"Espaço Verde","Classe":"Solo Urbano","DTCC":"1506","Data_PublicacaoPDM":"2025-04-14T00:00:00","Designacao_PlantaOrdenamento":"Solo Urbano - Espaços Verdes - Proteção à Rede Hídrica","Escala_PlantaOrdenamento":"1/12000","Fonte":"CM - Vectorial e Raster","ID":379960,"Municipio":"MOITA"},"geometry":{"type":"Polygon","coordinates":[[[-8.97921590242012,38.6622531123277],[-8.97922262719475,38.6622432674194],[-8.97946283395523,38.6619004907978],[-8.97953569722687,38.6617965141071],[-8.98005249895526,38.6610540438887],[-8.98052748716294,38.6603551697182],[-8.98081716615802,38.6605038745588],[-8.97958469158877,38.6622411854957],[-8.97939049205342,38.6623907273531],[-8.97939027168489,38.662388794017],[-8.97921626901027,38.6622528268228],[-8.97921590242012,38.6622531123277]]]}},{"type":"Feature","id":"CRUS_Moita_V.379961","properties":{"Area_Ha":18.5426141251185,"Autor":"DGT","Categoria":"Espaço de Atividades Económicas","Classe":"Solo Urbano","DTCC":"1506","Data_PublicacaoPDM":"2025-04-14T00:00:00","Designacao_PlantaOrdenamento":"Solo Urbano - Espaços de Atividades Económicas","Escala_PlantaOrdenamento":"1/12000","Fonte":"CM - Vectorial e Raster","ID":379961,"Municipio":"MOITA"},"geometry":{"type":"Polygon","coordinates":[[[-8.97299894162759,38.645917074936],[-8.97107616028964,38.6457142180324],[-8.96999370504751,38.6456000020291],[-8.96885644887743,38.6455413456612],[-8.96899073881238,38.6444697748715],[-8.96901737449364,38.6442572251456],[-8.96897981241479,38.6442562603379],[-8.96831404737129,38.6442391610327],[-8.96511942396213,38.6441449423042],[-8.96506579833842,38.6441431707609],[-8.96512937113946,38.6438069365937],[-8.96517316638994,38.6434773432894],[-8.96517397816642,38.6434772186086],[-8.96519618758215,38.643143085595],[-8.96522196493043,38.6427314314515],[-8.9652220099388,38.6427307546235],[-8.96523987440129,38.6424606324562],[-8.96523566465272,38.6421859038147],[-8.96523470138536,38.6421230692982],[-8.96521212475166,38.6418468606384],[-8.9652121220172,38.6418468228239],[-8.96518854860276,38.6414583749608],[-8.96518854586832,38.6414583371462],[-8.96518852331305,38.6414580751711],[-8.96518099468751,38.6413745687238],[-8.96518083527477,38.6413728015684],[-8.96560045367309,38.641558025937],[-8.9661482339909,38.6417987584169],[-8.96690767363053,38.6421271402075],[-8.96764461038707,38.642449118762],[-8.96793706923459,38.6425768954127],[-8.96815476377011,38.64262158201],[-8.96829203775897,38.642628530964],[-8.96866440676615,38.6426426647773],[-8.96882604650676,38.6426480671356],[-8.96920181424593,38.6426623839445],[-8.97002485163267,38.6427098743228],[-8.97046570491213,38.6428054770483],[-8.97100081674416,38.6429724488195],[-8.97150726954145,38.6431309172082],[-8.97150925598812,38.6431273132477],[-8.97167773521553,38.6431628217256],[-8.97183263672339,38.6431899389855],[-8.9718378103043,38.6431902559105],[-8.97218481948635,38.6432115001518],[-8.97226782147151,38.6432193849909],[-8.97254140672846,38.6432822326359],[-8.97273548331042,38.6433916366245],[-8.97284867608956,38.6434568354143],[-8.9730964749212,38.6436612352892],[-8.97314303158271,38.6437152305613],[-8.97318504291947,38.6437669361703],[-8.97310891000778,38.6439630944065],[-8.97313121989314,38.6442430091603],[-8.97314695617183,38.6444317101717],[-8.97315750684493,38.6445590555988],[-8.97315894849194,38.6445597541827],[-8.97338578086907,38.6451746159656],[-8.97324990664691,38.6451558884929],[-8.97305142269293,38.645922611028],[-8.97299894162759,38.645917074936]]]}},{"type":"Feature","id":"CRUS_Moita_V.379962","properties":{"Area_Ha":0.823995595524553,"Autor":"DGT","Categoria":"Espaço de Atividades Económicas","Classe":"Solo Urbano","DTCC":"1506","Data_PublicacaoPDM":"2025-04-14T00:00:00","Designacao_PlantaOrdenamento":"Solo Urbano - Espaços de Atividades Económicas","Escala_PlantaOrdenamento":"1/12000","Fonte":"CM - Vectorial e Raster","ID":379962,"Municipio":"MOITA"},"geometry":{"type":"Polygon","coordinates":[[[-8.9788314643647,38.6832668536421],[-8.97871344772875,38.6831590243192],[-8.97855385560874,38.683031304856],[-8.97835671382762,38.6828920686692],[-8.97828027088926,38.6828292550875],[-8.97823735520624,38.6827580667238],[-8.97820717961475,38.6826739417339],[-8.97817164052104,38.6825748598296],[-8.97817700535061,38.6824387638237],[-8.97808849286949,38.6823351210631],[-8.97792755946089,38.6824199196813],[-8.97786720998178,38.6823539655666],[-8.97808825711394,38.6822361146373],[-8.97844254382372,38.6820472241154],[-8.9786793238538,38.6822999341655],[-8.97880349270152,38.6824427773944],[-8.97893566338366,38.6825948264665],[-8.97929086725952,38.6826244722834],[-8.97925841096898,38.6828259320105],[-8.97919857379124,38.6832773283208],[-8.97915175182299,38.68329837291],[-8.9789656113039,38.683382023018],[-8.9788314643647,38.6832668536421]]]}},{"type":"Feature","id":"CRUS_Moita_V.379963","properties":{"Area_Ha":6.50999517887686,"Autor":"DGT","Categoria":"Espaço de Atividades Económicas","Classe":"Solo Urbano","DTCC":"1506","Data_PublicacaoPDM":"2025-04-14T00:00:00","Designacao_PlantaOrdenamento":"Solo Urbano - Espaços de Atividades Económicas","Escala_PlantaOrdenamento":"1/12000","Fonte":"CM - Vectorial e Raster","ID":379963,"Municipio":"MOITA"},"geometry":{"type":"Polygon","coordinates":[[[-8.97754840305846,38.6555763771159],[-8.9775416231057,38.6555626067847],[-8.9774736838825,38.655424538729],[-8.97740176869877,38.6553229531795],[-8.97723415977417,38.6550861931003],[-8.97697712442125,38.6547637914552],[-8.97694552097899,38.6547248091226],[-8.97648050913649,38.654197033475],[-8.97618779583322,38.6539058903315],[-8.97692885634095,38.6534641039396],[-8.97729901756737,38.6532446033948],[-8.97730235129412,38.6532425480152],[-8.97730239464762,38.6532425224797],[-8.97731995937745,38.6532602425053],[-8.97762924812923,38.653571068313],[-8.97829850641771,38.654243639552],[-8.97936736697511,38.6553810072625],[-8.97960138949422,38.6555789444054],[-8.97992275208929,38.6556912666992],[-8.98039431794453,38.6557993987142],[-8.98062338168886,38.6559127091952],[-8.98074151477236,38.656008108884],[-8.98074044361748,38.6560095318133],[-8.98066529888704,38.6561094713252],[-8.98046330057649,38.6563972048264],[-8.98032539974075,38.6565717585145],[-8.98016760423227,38.656771492225],[-8.97985134501236,38.6571718015852],[-8.97978917800376,38.6572559869591],[-8.97977737590822,38.6572484614743],[-8.97970218451654,38.6572005189068],[-8.97965756445793,38.6571720691879],[-8.97960606298001,38.6571392309787],[-8.97954323177906,38.6570991691926],[-8.97946817496913,38.6570513119757],[-8.97939698434853,38.6570059192692],[-8.97934665335611,38.6569738273511],[-8.97931487268987,38.6569535630212],[-8.97927993320656,38.6569312857111],[-8.97927564230868,38.6569285494743],[-8.97921137268954,38.6568875700819],[-8.97917324665079,38.6568511524085],[-8.97914982193081,38.6568287764561],[-8.97908681776044,38.656768594356],[-8.97878536683334,38.6564806451172],[-8.97878524830789,38.6564805306709],[-8.97877907297441,38.6564746326964],[-8.97861055796062,38.6563136642768],[-8.97793998569392,38.656619423946],[-8.97784835056375,38.6563632333543],[-8.97783778368919,38.6563336920437],[-8.97783339944381,38.6563214358018],[-8.97782855669685,38.6563078974196],[-8.97782300245593,38.6562923706903],[-8.97782165426707,38.6562886006415],[-8.97781826066553,38.656279113531],[-8.97781306631895,38.656264591304],[-8.97781187614764,38.6562612660133],[-8.9778083067408,38.65625128653],[-8.97780297701166,38.656236387842],[-8.97779720301173,38.6562202447448],[-8.97779135063889,38.6562038842179],[-8.97778573700023,38.6561881894645],[-8.97778017206952,38.6561726312817],[-8.97777367588891,38.6561544692854],[-8.97776784611434,38.6561381734521],[-8.97775670677471,38.6561070310291],[-8.97774053824791,38.6560618290968],[-8.97771685327938,38.6559956142691],[-8.97766933609618,38.6558632541212],[-8.97754840305846,38.6555763771159]]]}},{"type":"Feature","id":"CRUS_Moita_V.379964","properties":{"Area_Ha":0.627770143955294,"Autor":"DGT","Categoria":"Espaço de Atividades Económicas","Classe":"Solo Urbano","DTCC":"1506","Data_PublicacaoPDM":"2025-04-14T00:00:00","Designacao_PlantaOrdenamento":"Solo Urbano - Espaços de Atividades Económicas","Escala_PlantaOrdenamento":"1/12000","Fonte":"CM - Vectorial e Raster","ID":379964,"Municipio":"MOITA"},"geometry":{"type":"Polygon","coordinates":[[[-8.95667923176055,38.6381790957455],[-8.95667924628821,38.6381790605116],[-8.9567381470333,38.6380367213496],[-8.9568635811314,38.6377335991379],[-8.95694975909089,38.6375285046934],[-8.95713853888808,38.6370884632552],[-8.95717882056603,38.6371070118629],[-8.95734545141685,38.6371837355852],[-8.95764490732432,38.637321619462],[-8.95742026330809,38.6379157187858],[-8.95732679454452,38.6381521275538],[-8.95726624354482,38.6383139451447],[-8.95726602957426,38.6383145168651],[-8.95667923176055,38.6381790957455]]]}},{"type":"Feature","id":"CRUS_Moita_V.379965","properties":{"Area_Ha":0.624288709414098,"Autor":"DGT","Categoria":"Espaço de Atividades Económicas","Classe":"Solo Urbano","DTCC":"1506","Data_PublicacaoPDM":"2025-04-14T00:00:00","Designacao_PlantaOrdenamento":"Solo Urbano - Espaços de Atividades Económicas","Escala_PlantaOrdenamento":"1/12000","Fonte":"CM - Vectorial e Raster","ID":379965,"Municipio":"MOITA"},"geometry":{"type":"Polygon","coordinates":[[[-9.01838287835477,38.6371996205952],[-9.01838677339848,38.6372046986981],[-9.01853642230937,38.6373998304696],[-9.0185658573844,38.6374380892729],[-9.01861413787332,38.6375009424942],[-9.01861309115634,38.6375014683813],[-9.01788623933228,38.6378663044391],[-9.01727501043695,38.6381834751491],[-9.01710286215936,38.6376703178024],[-9.01774287237105,38.637434970479],[-9.01838287835477,38.6371996205952]]]}},{"type":"Feature","id":"CRUS_Moita_V.379966","properties":{"Area_Ha":5.96268339053406,"Autor":"DGT","Categoria":"Espaço de Atividades Económicas","Classe":"Solo Urbano","DTCC":"1506","Data_PublicacaoPDM":"2025-04-14T00:00:00","Designacao_PlantaOrdenamento":"Solo Urbano - Espaços de Atividades Económicas","Escala_PlantaOrdenamento":"1/12000","Fonte":"CM - Vectorial e Raster","ID":379966,"Municipio":"MOITA"},"geometry":{"type":"Polygon","coordinates":[[[-8.97816757509606,38.6696527579814],[-8.97816765531494,38.6696526420988],[-8.97818039628887,38.6696327476522],[-8.97819447694295,38.6696112824299],[-8.97854463190325,38.6691062442717],[-8.97884772091217,38.6686664645862],[-8.97937166722605,38.6679509362515],[-8.97944140485972,38.667894916843],[-8.97952388231412,38.6678472727633],[-8.98054417132669,38.667318259228],[-8.98054641627451,38.6673322793037],[-8.98057860199161,38.6674746876447],[-8.98064297557453,38.667663168604],[-8.9805893315445,38.6676820157074],[-8.9805745793276,38.6677113347989],[-8.98062151732325,38.6679804425134],[-8.98060341272736,38.6679835832902],[-8.98068253838417,38.668438549568],[-8.98071770064137,38.6689832049952],[-8.9807729849563,38.6698394433272],[-8.98077998203344,38.6699473594353],[-8.98079519110835,38.6701829978334],[-8.98073081729441,38.6710944703517],[-8.98075227554283,38.6711038939879],[-8.98073820754051,38.6712090207157],[-8.9807402058346,38.6712358240772],[-8.98075093415918,38.6712620002645],[-8.98080981154079,38.6712949095995],[-8.98075093410354,38.671371419156],[-8.98072478355786,38.6713582407441],[-8.98069393702931,38.6713541422345],[-8.98065973930663,38.6713604245484],[-8.98063761105412,38.6713818898248],[-8.9789840293962,38.6702971287829],[-8.9788968570102,38.6701777621398],[-8.97828531383945,38.6698343210593],[-8.97820887107538,38.6696730709087],[-8.97816757509606,38.6696527579814]]]}},{"type":"Feature","id":"CRUS_Moita_V.379967","properties":{"Area_Ha":1.27360236218393,"Autor":"DGT","Categoria":"Espaço de Atividades Económicas","Classe":"Solo Urbano","DTCC":"1506","Data_PublicacaoPDM":"2025-04-14T00:00:00","Designacao_PlantaOrdenamento":"Solo Urbano - Espaços de Atividades Económicas","Escala_PlantaOrdenamento":"1/12000","Fonte":"CM - Vectorial e Raster","ID":379967,"Municipio":"MOITA"},"geometry":{"type":"Polygon","coordinates":[[[-9.00578380451135,38.6468879769189],[-9.00582300034856,38.646150806622],[-9.00582560021508,38.6461018896341],[-9.00735305362269,38.6464471306135],[-9.00753164338826,38.6472970930901],[-9.00578357151099,38.6468923475693],[-9.00578380451135,38.6468879769189]]]}},{"type":"Feature","id":"CRUS_Moita_V.379968","properties":{"Area_Ha":0.828733547222428,"Autor":"DGT","Categoria":"Espaço de Atividades Económicas","Classe":"Solo Urbano","DTCC":"1506","Data_PublicacaoPDM":"2025-04-14T00:00:00","Designacao_PlantaOrdenamento":"Solo Urbano - Espaços de Atividades Económicas","Escala_PlantaOrdenamento":"1/12000","Fonte":"CM - Vectorial e Raster","ID":379968,"Municipio":"MOITA"},"geometry":{"type":"Polygon","coordinates":[[[-8.97728051783778,38.6457556241311],[-8.97754304653748,38.6448413041527],[-8.97824318589235,38.6449801233549],[-8.97824660932851,38.6450027539522],[-8.97825469019836,38.6450561612491],[-8.97826711229352,38.6451121540287],[-8.97827772869399,38.6451442839275],[-8.97832138927153,38.6452298074031],[-8.97838349853108,38.6453035212786],[-8.97840756866559,38.6453236903041],[-8.97845904879459,38.6453668264372],[-8.97815223612726,38.6459169282991],[-8.97728051783778,38.6457556241311]]]}},{"type":"Feature","id":"CRUS_Moita_V.379969","properties":{"Area_Ha":2.68179391492084,"Autor":"DGT","Categoria":"Espaço de Atividades Económicas","Classe":"Solo Urbano","DTCC":"1506","Data_PublicacaoPDM":"2025-04-14T00:00:00","Designacao_PlantaOrdenamento":"Solo Urbano - Espaços de Atividades Económicas","Escala_PlantaOrdenamento":"1/12000","Fonte":"CM - Vectorial e Raster","ID":379969,"Municipio":"MOITA"},"geometry":{"type":"Polygon","coordinates":[[[-8.99910864155425,38.6453367076378],[-8.99920327145208,38.6450143152785],[-8.9993407076221,38.6445693239685],[-9.00051632703039,38.6448453596499],[-9.00263057506958,38.6453424928611],[-9.00261129782829,38.645720413888],[-9.00262278314191,38.6459856711148],[-9.00262606699611,38.6461531193237],[-8.99910864155425,38.6453367076378]]]}},{"type":"Feature","id":"CRUS_Moita_V.379970","properties":{"Area_Ha":6.73166620123442,"Autor":"DGT","Categoria":"Espaço de Atividades Económicas","Classe":"Solo Urbano","DTCC":"1506","Data_PublicacaoPDM":"2025-04-14T00:00:00","Designacao_PlantaOrdenamento":"Solo Urbano - Espaços de Atividades Económicas","Escala_PlantaOrdenamento":"1/12000","Fonte":"CM - Vectorial e Raster","ID":379970,"Municipio":"MOITA"},"geometry":{"type":"Polygon","coordinates":[[[-9.03278181123512,38.6554403772684],[-9.03349730357811,38.6556864051278],[-9.03456588530751,38.6560737275239],[-9.0350951532004,38.6562923431471],[-9.03507509533338,38.6563793037591],[-9.03508974272551,38.6564476356697],[-9.03512585154503,38.6565170028486],[-9.03518785215682,38.6565741617246],[-9.03525114311181,38.6566120982763],[-9.03533886880065,38.6566438424643],[-9.03543093444087,38.6566551390967],[-9.03552576239255,38.6566423989225],[-9.03561579844115,38.6566140847195],[-9.0356932458477,38.656559330816],[-9.03584178027192,38.6566241549096],[-9.03646658008268,38.656963539923],[-9.03634129153537,38.6569860339712],[-9.03628370391907,38.6571013446017],[-9.03628376484403,38.6571017134606],[-9.0364781251326,38.6582719243774],[-9.03647808829877,38.6582721931013],[-9.0364781255782,38.6582724171134],[-9.03643520172237,38.658586789343],[-9.03616020637064,38.6596174633305],[-9.0361601416595,38.6596177079477],[-9.03622026137303,38.6598922814594],[-9.03540903339412,38.6600179986628],[-9.03515460293228,38.6590349373961],[-9.03452201203606,38.6583668799331],[-9.03432274009303,38.657975907502],[-9.03433306428403,38.657296125799],[-9.0343330696533,38.6572956375222],[-9.03379625127422,38.6566195864188],[-9.03357709100795,38.6566188434317],[-9.03318484608307,38.6561856572277],[-9.03305522311626,38.6560055173777],[-9.03292560081616,38.6558253782714],[-9.03281821967662,38.6555378632733],[-9.03278181123512,38.6554403772684]]]}},{"type":"Feature","id":"CRUS_Moita_V.379971","properties":{"Area_Ha":0.351274553534889,"Autor":"DGT","Categoria":"Espaço de Atividades Económicas","Classe":"Solo Urbano","DTCC":"1506","Data_PublicacaoPDM":"2025-04-14T00:00:00","Designacao_PlantaOrdenamento":"Solo Urbano - Espaços de Atividades Económicas","Escala_PlantaOrdenamento":"1/12000","Fonte":"CM - Vectorial e Raster","ID":379971,"Municipio":"MOITA"},"geometry":{"type":"Polygon","coordinates":[[[-8.99313599407804,38.6475164803745],[-8.99320543167462,38.6475034243032],[-8.99333260165668,38.6474543419546],[-8.99342620663294,38.6473736105458],[-8.99372064128847,38.6474418554418],[-8.99417379597861,38.6476089515954],[-8.99393741386185,38.6478308630242],[-8.99384292203528,38.6478436174488],[-8.99368773307154,38.6478645652901],[-8.99355893143059,38.647881950714],[-8.99348945758305,38.6478913283658],[-8.99340841562167,38.6479022665757],[-8.99331760838063,38.647914524158],[-8.99324365150055,38.647924506643],[-8.99313599407804,38.6475164803745]]]}},{"type":"Feature","id":"CRUS_Moita_V.379972","properties":{"Area_Ha":4.42792296893165,"Autor":"DGT","Categoria":"Espaço de Atividades Económicas","Classe":"Solo Urbano","DTCC":"1506","Data_PublicacaoPDM":"2025-04-14T00:00:00","Designacao_PlantaOrdenamento":"Solo Urbano - Espaços de Atividades Económicas","Escala_PlantaOrdenamento":"1/12000","Fonte":"CM - Vectorial e Raster","ID":379972,"Municipio":"MOITA"},"geometry":{"type":"Polygon","coordinates":[[[-8.9808071499255,38.6578965549397],[-8.98090558931624,38.6576731702783],[-8.98142468030531,38.656490598],[-8.981425367876,38.6564891859537],[-8.98146208139696,38.6565126163003],[-8.98147352915492,38.6565199000673],[-8.98149259549203,38.6565312398563],[-8.98191217573109,38.6567807973159],[-8.98221087365906,38.6570182159662],[-8.98292617082077,38.6579244651648],[-8.98307594813308,38.6582079307338],[-8.98315620071168,38.6594513597471],[-8.98364157398323,38.6602448102965],[-8.98378437451175,38.6603761497326],[-8.98379392721236,38.6603838001625],[-8.98371496859089,38.6604608699173],[-8.98305176014278,38.6599599651467],[-8.98231099542827,38.6594418620441],[-8.9822054331421,38.6593476014729],[-8.98178626024049,38.6589733067681],[-8.98145849003363,38.6587033176642],[-8.98122206910173,38.6585085717315],[-8.98113995780877,38.6583698979364],[-8.98089621053962,38.6579582434558],[-8.9808071499255,38.6578965549397]]]}},{"type":"Feature","id":"CRUS_Moita_V.379973","properties":{"Area_Ha":1.15232944261567,"Autor":"DGT","Categoria":"Espaço de Atividades Económicas","Classe":"Solo Urbano","DTCC":"1506","Data_PublicacaoPDM":"2025-04-14T00:00:00","Designacao_PlantaOrdenamento":"Solo Urbano - Espaços de Atividades Económicas","Escala_PlantaOrdenamento":"1/12000","Fonte":"CM - Vectorial e Raster","ID":379973,"Municipio":"MOITA"},"geometry":{"type":"Polygon","coordinates":[[[-8.9754773898566,38.6455377955588],[-8.97547877106002,38.6455361731657],[-8.97548352179774,38.6455311646916],[-8.97628281968151,38.6445937036285],[-8.97628329063126,38.64459311651],[-8.9772744688729,38.6447920181227],[-8.97704976139822,38.6455353236555],[-8.97699967911061,38.6456967891236],[-8.97583680488012,38.6454875189768],[-8.9754773898566,38.6455377955588]]]}},{"type":"Feature","id":"CRUS_Moita_V.379974","properties":{"Area_Ha":7.41010934161693,"Autor":"DGT","Categoria":"Espaço de Atividades Económicas","Classe":"Solo Urbano","DTCC":"1506","Data_PublicacaoPDM":"2025-04-14T00:00:00","Designacao_PlantaOrdenamento":"Solo Urbano - Espaços de Atividades Económicas","Escala_PlantaOrdenamento":"1/12000","Fonte":"CM - Vectorial e Raster","ID":379974,"Municipio":"MOITA"},"geometry":{"type":"Polygon","coordinates":[[[-8.97530949252407,38.6509405880548],[-8.97523810598327,38.6480349707141],[-8.97524300868608,38.6480319384308],[-8.97534128137024,38.647971136208],[-8.97538263534853,38.6479338701928],[-8.975425860075,38.6478919578365],[-8.97548486910478,38.6477929782094],[-8.97550632629217,38.6476782877444],[-8.97549023356672,38.6475688338386],[-8.97543390662803,38.6474630458784],[-8.97533332420098,38.6473687789792],[-8.97574772561321,38.6458594477658],[-8.97749651339207,38.6461640428771],[-8.97749643657678,38.6461643488056],[-8.97723519569455,38.6472061875076],[-8.97720753138968,38.6473163514759],[-8.97714998336428,38.6475386438494],[-8.97713013544529,38.6476153125014],[-8.97712277853735,38.6476437383329],[-8.97712115432457,38.6476500061635],[-8.97712069499299,38.6476517804662],[-8.97712060488831,38.6476521288282],[-8.97712058183541,38.6476522199762],[-8.97712057081455,38.6476522596912],[-8.97712055985711,38.6476523048107],[-8.97712048953925,38.6476525773621],[-8.97711964886408,38.6476558218325],[-8.97711812259476,38.6476617241291],[-8.97710899631716,38.6476969701319],[-8.97683824376319,38.6487428218911],[-8.97644833577438,38.6487306639345],[-8.97644373882076,38.6491798362687],[-8.97643313468411,38.6493578366728],[-8.97643296221016,38.6493659550952],[-8.97641416439534,38.6502533835218],[-8.97662955075229,38.6502600477202],[-8.97694638748501,38.6502703252206],[-8.97694682646012,38.6502703391692],[-8.97692796246084,38.6509255794546],[-8.97692783835434,38.6509298844082],[-8.97530949252407,38.6509405880548]]]}},{"type":"Feature","id":"CRUS_Moita_V.379975","properties":{"Area_Ha":2.85320577517822,"Autor":"DGT","Categoria":"Espaço de Uso Especial Equipamentos e Infraestruturas","Classe":"Solo Urbano","DTCC":"1506","Data_PublicacaoPDM":"2025-04-14T00:00:00","Designacao_PlantaOrdenamento":"Solo Urbano - Espaços de Uso Especial - Equipamentos","Escala_PlantaOrdenamento":"1/12000","Fonte":"CM - Vectorial e Raster","ID":379975,"Municipio":"MOITA"},"geometry":{"type":"Polygon","coordinates":[[[-9.04355760262174,38.6539795525003],[-9.04327095044324,38.6539580948894],[-9.04301464284798,38.6539748279097],[-9.04278513079266,38.6540106286024],[-9.04276638245172,38.6540135530617],[-9.04245539669825,38.6533585916645],[-9.04245531764314,38.6533584265312],[-9.04324421004183,38.6531201466509],[-9.0429472339033,38.6525244674516],[-9.04294731160062,38.6525244344184],[-9.04358858966969,38.6522513303189],[-9.04358852101938,38.6522511705102],[-9.04342012368322,38.6518584164126],[-9.04342019106475,38.6518583852609],[-9.04429346955402,38.6514604037698],[-9.04438187846427,38.6516571577454],[-9.04455086530101,38.6520366793554],[-9.04464258411384,38.6522902732544],[-9.04393145464941,38.6538131352883],[-9.0438270268147,38.6540367586111],[-9.04355760262174,38.6539795525003]]]}},{"type":"Feature","id":"CRUS_Moita_V.379976","properties":{"Area_Ha":2.2825745393754,"Autor":"DGT","Categoria":"Espaço de Uso Especial Equipamentos e Infraestruturas","Classe":"Solo Urbano","DTCC":"1506","Data_PublicacaoPDM":"2025-04-14T00:00:00","Designacao_PlantaOrdenamento":"Solo Urbano - Espaços de Uso Especial - Equipamentos","Escala_PlantaOrdenamento":"1/12000","Fonte":"CM - Vectorial e Raster","ID":379976,"Municipio":"MOITA"},"geometry":{"type":"Polygon","coordinates":[[[-8.99297187582909,38.6468887261208],[-8.9929590742612,38.6468175375351],[-8.99294667401646,38.6462532494491],[-8.9929512273425,38.6461587789347],[-8.99297657186147,38.6456358171395],[-8.99300038751301,38.6452529033742],[-8.99305570399749,38.6446597986754],[-8.99307116364934,38.6444999096751],[-8.99308864407523,38.6443373637443],[-8.99308879766995,38.6443365681028],[-8.99309086416259,38.6443370582641],[-8.99401086206026,38.6445549283959],[-8.9940104466964,38.644556597046],[-8.99400033247701,38.6446875849468],[-8.99399275345105,38.6447857584858],[-8.9939861150443,38.6448717326703],[-8.99397928182815,38.6449602422585],[-8.99395127272298,38.6455788914611],[-8.99394866959171,38.6456363695212],[-8.99394667091764,38.6456805264963],[-8.99389551841549,38.6468103090496],[-8.99340199225155,38.6470072231387],[-8.99332689046915,38.646927620703],[-8.99322496642898,38.6468899129073],[-8.99311231351617,38.6468773434577],[-8.99297187582909,38.6468887261208]]]}},{"type":"Feature","id":"CRUS_Moita_V.379977","properties":{"Area_Ha":1.28813971972531,"Autor":"DGT","Categoria":"Espaço de Uso Especial Equipamentos e Infraestruturas","Classe":"Solo Urbano","DTCC":"1506","Data_PublicacaoPDM":"2025-04-14T00:00:00","Designacao_PlantaOrdenamento":"Solo Urbano - Espaços de Uso Especial - Equipamentos","Escala_PlantaOrdenamento":"1/12000","Fonte":"CM - Vectorial e Raster","ID":379977,"Municipio":"MOITA"},"geometry":{"type":"Polygon","coordinates":[[[-9.04573406337798,38.6620849789823],[-9.04599433434607,38.6620854530211],[-9.0459969235676,38.6617452619853],[-9.04630300576711,38.6615583054873],[-9.04642535821615,38.6615608921134],[-9.04642598027714,38.6614570049429],[-9.04660056701479,38.6614571449866],[-9.04660237896309,38.6614571560577],[-9.04660463301558,38.6620743473796],[-9.04660580424,38.6623952345661],[-9.04661490237046,38.6632587317645],[-9.04618196809766,38.6632569975343],[-9.04573029633529,38.6632491320179],[-9.04573043246309,38.6632421155098],[-9.045735100112,38.6630011298652],[-9.04573442217595,38.6624024494852],[-9.04573406337798,38.6620849789823]]]}},{"type":"Feature","id":"CRUS_Moita_V.379978","properties":{"Area_Ha":0.805866173708159,"Autor":"DGT","Categoria":"Espaço de Uso Especial Equipamentos e Infraestruturas","Classe":"Solo Urbano","DTCC":"1506","Data_PublicacaoPDM":"2025-04-14T00:00:00","Designacao_PlantaOrdenamento":"Solo Urbano - Espaços de Uso Especial - Equipamentos","Escala_PlantaOrdenamento":"1/12000","Fonte":"CM - Vectorial e Raster","ID":379978,"Municipio":"MOITA"},"geometry":{"type":"Polygon","coordinates":[[[-8.98973759201059,38.6451617808282],[-8.98993042392219,38.6451187296515],[-8.99007770547193,38.6455002931853],[-8.98990457376827,38.6455408978529],[-8.98989901994336,38.6455422374953],[-8.98969571103062,38.6457917286651],[-8.98957531496683,38.6457394913821],[-8.98945251545459,38.6457734725565],[-8.98932556246483,38.6459338069626],[-8.9891913203902,38.6459667897454],[-8.98921262163378,38.6460366347167],[-8.98855677431866,38.6461807749785],[-8.9883819987694,38.64568696544],[-8.98904986506138,38.6455386935947],[-8.98905703190972,38.6454942232268],[-8.98918731828522,38.6454648034162],[-8.98929318246686,38.6453556875902],[-8.98926115210766,38.6452729251965],[-8.98973759201059,38.6451617808282]]]}},{"type":"Feature","id":"CRUS_Moita_V.379979","properties":{"Area_Ha":11.0262248979642,"Autor":"DGT","Categoria":"Espaço de Uso Especial Equipamentos e Infraestruturas","Classe":"Solo Urbano","DTCC":"1506","Data_PublicacaoPDM":"2025-04-14T00:00:00","Designacao_PlantaOrdenamento":"Solo Urbano - Espaços de Uso Especial - Equipamentos","Escala_PlantaOrdenamento":"1/12000","Fonte":"CM - Vectorial e Raster","ID":379979,"Municipio":"MOITA"},"geometry":{"type":"Polygon","coordinates":[[[-9.0396531995695,38.6463260212759],[-9.03965318618425,38.6463260529078],[-9.03895198638643,38.6460078076649],[-9.03889002037116,38.6458750737516],[-9.03889000311548,38.6458748892202],[-9.03887053516316,38.6455037758771],[-9.0388583192217,38.6452709240767],[-9.0388583212385,38.6452708105596],[-9.03893464767209,38.6451882066533],[-9.03918742517253,38.6451493150912],[-9.03981835358794,38.645126103164],[-9.04006457748275,38.644956553693],[-9.04019968017339,38.6445817053666],[-9.04019656605809,38.6443349764697],[-9.04056894958206,38.6435883205155],[-9.04117960868601,38.6426782680113],[-9.04124603563753,38.6425792736083],[-9.04124611304053,38.6425793090397],[-9.04177725309115,38.6428216286595],[-9.04205424395364,38.6429050649736],[-9.04387115179047,38.6434524926507],[-9.04386826934366,38.6434874717338],[-9.04386779232634,38.6434957925809],[-9.043866187282,38.6435237966937],[-9.04386538370218,38.6435378059647],[-9.04386511379322,38.6435425255822],[-9.04386505726544,38.6435435042966],[-9.0438646179783,38.6435511762702],[-9.04386448434178,38.6435535040901],[-9.04386439203812,38.6435551046385],[-9.04386433286293,38.6435561464299],[-9.04386427352812,38.6435571756112],[-9.04386419066855,38.643558614842],[-9.04386411452591,38.6435599495271],[-9.04386402618913,38.6435615005004],[-9.04386395083012,38.6435628063536],[-9.04386386525475,38.6435643032571],[-9.0438638096018,38.6435652603453],[-9.043863731698,38.643566637382],[-9.04386367430672,38.6435676386232],[-9.04386361675582,38.6435686272544],[-9.04386352733895,38.6435701836409],[-9.04386341268181,38.6435721960313],[-9.04386334017539,38.6435734550204],[-9.04386331574156,38.6435738839939],[-9.04386330445652,38.643574081358],[-9.04386326025962,38.6435748545929],[-9.04386315485274,38.6435766903534],[-9.04386306161717,38.6435783080244],[-9.04386297049615,38.643579911266],[-9.04386224418369,38.6435925840414],[-9.04385877331351,38.6436531262464],[-9.04385613789906,38.6436990923255],[-9.04385392967938,38.6437376108256],[-9.04388560366026,38.643854559859],[-9.04392228781415,38.6439900030336],[-9.04395506692722,38.6441110294889],[-9.04397194693992,38.6441733535647],[-9.0440041331035,38.6444415013776],[-9.04416517838008,38.6449481237303],[-9.04416543557673,38.6449489324515],[-9.04419725204862,38.6450490207995],[-9.04425992558807,38.6451183666433],[-9.04410588563774,38.6451460302053],[-9.04376190868864,38.6451038412024],[-9.04368292812129,38.6450820214758],[-9.04353920211693,38.645032661761],[-9.04344619613652,38.6450333864764],[-9.04338938770189,38.6450674826185],[-9.04306590009579,38.6455131008112],[-9.04306588617782,38.6459911435999],[-9.04306586730896,38.6466340714744],[-9.04306586778746,38.6466341093045],[-9.04088158934965,38.6456804864048],[-9.04053766865922,38.6456412682525],[-9.04019374832418,38.6456020490842],[-9.0396531995695,38.6463260212759]]]}},{"type":"Feature","id":"CRUS_Moita_V.379980","properties":{"Area_Ha":11.1359601462623,"Autor":"DGT","Categoria":"Espaço Habitacional","Classe":"Solo Urbano","DTCC":"1506","Data_PublicacaoPDM":"2025-04-14T00:00:00","Designacao_PlantaOrdenamento":"Solo Urbano - Espaços Habitacionais - Tipo 0","Escala_PlantaOrdenamento":"1/12000","Fonte":"CM - Vectorial e Raster","ID":379980,"Municipio":"MOITA"},"geometry":{"type":"Polygon","coordinates":[[[-8.97309636066381,38.6522828711472],[-8.974021098784,38.6522233865],[-8.97456076473998,38.6521897384771],[-8.97468310673874,38.6521857055204],[-8.97480648781571,38.6536645325628],[-8.9763500987865,38.6526486276455],[-8.97696869823607,38.6525964959167],[-8.97696008439235,38.6526286718369],[-8.97697617568704,38.6527889138577],[-8.97705664330003,38.6529575337459],[-8.97730239464762,38.6532425224797],[-8.97730235129412,38.6532425480152],[-8.97729901756737,38.6532446033948],[-8.97692885634095,38.6534641039396],[-8.97618779583322,38.6539058903315],[-8.97648050913649,38.654197033475],[-8.97694552097899,38.6547248091226],[-8.97697712442125,38.6547637914552],[-8.97723415977417,38.6550861931003],[-8.97740176869877,38.6553229531795],[-8.9774736838825,38.655424538729],[-8.9775416231057,38.6555626067847],[-8.97754840305846,38.6555763771159],[-8.97597915116848,38.6556423302157],[-8.97606807962207,38.6559141600287],[-8.97675983338878,38.6558654278172],[-8.97666863891357,38.6563346095324],[-8.97514116901368,38.6563094749193],[-8.97493694406418,38.6558273233107],[-8.97492333012512,38.6557951832111],[-8.97491049946036,38.6557648886308],[-8.97456181144746,38.6551700273689],[-8.97451353164641,38.6548893525995],[-8.97274863843412,38.6548725953092],[-8.9729125516144,38.6537621934097],[-8.97291255243307,38.6537600990268],[-8.97306953815677,38.6527520763816],[-8.97309636066381,38.6522828711472]]]}},{"type":"Feature","id":"CRUS_Moita_V.379981","properties":{"Area_Ha":5.7855927363649,"Autor":"DGT","Categoria":"Espaço Habitacional","Classe":"Solo Urbano","DTCC":"1506","Data_PublicacaoPDM":"2025-04-14T00:00:00","Designacao_PlantaOrdenamento":"Solo Urbano - Espaços Habitacionais - Tipo 0","Escala_PlantaOrdenamento":"1/12000","Fonte":"CM - Vectorial e Raster","ID":379981,"Municipio":"MOITA"},"geometry":{"type":"Polygon","coordinates":[[[-8.95228481441495,38.6370636746783],[-8.95138890639161,38.636829949634],[-8.95116927924793,38.636773449971],[-8.95116323641904,38.6367720896635],[-8.95136340980952,38.6363460087179],[-8.95204216882387,38.6351076327469],[-8.95210872397848,38.6349899118503],[-8.95231604414843,38.6349089069631],[-8.95232220897069,38.6349094943625],[-8.95257700991901,38.6349337802397],[-8.95388669345132,38.6352871314321],[-8.95414028959941,38.6353561539217],[-8.954239475467,38.6353867952093],[-8.9543075687264,38.6354092050611],[-8.95419207902005,38.6356469604993],[-8.95417258191552,38.6356870978492],[-8.95427855822363,38.635718552618],[-8.95435105143468,38.6357385254916],[-8.95494746375046,38.6360310031364],[-8.95494832420676,38.6360314258778],[-8.95494918238682,38.6360318504367],[-8.95494771398994,38.6360336065236],[-8.9546058618159,38.6364424957186],[-8.95457599553446,38.6364820843829],[-8.95452187342391,38.636553824837],[-8.95426707244874,38.6369026320507],[-8.95412968320449,38.6371502932697],[-8.95403907623154,38.637327230391],[-8.95395166963482,38.6374979149764],[-8.95350870311223,38.6373829529397],[-8.95228481441495,38.6370636746783]]]}},{"type":"Feature","id":"CRUS_Moita_V.379982","properties":{"Area_Ha":11.8070428572813,"Autor":"DGT","Categoria":"Espaço Habitacional","Classe":"Solo Urbano","DTCC":"1506","Data_PublicacaoPDM":"2025-04-14T00:00:00","Designacao_PlantaOrdenamento":"Solo Urbano - Espaços Habitacionais - Tipo 1","Escala_PlantaOrdenamento":"1/12000","Fonte":"CM - Vectorial e Raster","ID":379982,"Municipio":"MOITA"},"geometry":{"type":"Polygon","coordinates":[[[-9.00939867796189,38.6835168216109],[-9.00878434713974,38.683313797676],[-9.00842940839366,38.6831608343085],[-9.00757711911245,38.682612407078],[-9.00730284362684,38.6823707008662],[-9.00710278419467,38.6821646515758],[-9.00695848808628,38.681947783716],[-9.00695853207931,38.6819476212431],[-9.00695848876216,38.6819475558083],[-9.00750429577964,38.6799382850165],[-9.00876638489621,38.6793724816041],[-9.00889802678003,38.6789336044898],[-9.00889996305446,38.6789338800479],[-9.00918922730905,38.6789865930275],[-9.00927735229686,38.6790022607685],[-9.00940455761802,38.6790256707718],[-9.00940787008654,38.6790262801158],[-9.0094078800877,38.679026252116],[-9.00940853080814,38.6790263697492],[-9.00941007625904,38.6790266365168],[-9.0097862650392,38.6790902638485],[-9.01090662680541,38.6792793652105],[-9.01091024384707,38.679279975829],[-9.0109102218998,38.6792800606691],[-9.01101348655049,38.6792978591585],[-9.01090753929254,38.6797480426464],[-9.01090774667794,38.6797480861298],[-9.01092765645299,38.6797522299075],[-9.01033756983896,38.6819871667675],[-9.01038048562036,38.6820060111879],[-9.01027768677852,38.682211087575],[-9.01023564667411,38.682294954895],[-9.01020575445775,38.6823447916095],[-9.0100050227477,38.6826659849092],[-9.00959433240914,38.6833521734856],[-9.00948134310511,38.6835440143847],[-9.0093988048952,38.6835168638982],[-9.00939867796189,38.6835168216109]]]}},{"type":"Feature","id":"CRUS_Moita_V.379983","properties":{"Area_Ha":65.409389857641,"Autor":"DGT","Categoria":"Espaço Central","Classe":"Solo Urbano","DTCC":"1506","Data_PublicacaoPDM":"2025-04-14T00:00:00","Designacao_PlantaOrdenamento":"Solo Urbano - Espaços Centrais - Núcleos Consolidados","Escala_PlantaOrdenamento":"1/12000","Fonte":"CM - Vectorial e Raster","ID":379983,"Municipio":"MOITA"},"geometry":{"type":"Polygon","coordinates":[[[-8.99138727725253,38.6587865561572],[-8.99101917946042,38.6585333196876],[-8.98987432493065,38.6577691971973],[-8.99005423664189,38.6564562680028],[-8.98973409816196,38.6565921214267],[-8.98838590277532,38.6571642225243],[-8.98815488192708,38.6568341329446],[-8.98681831960278,38.6549243494668],[-8.98676316681213,38.654845539571],[-8.98675916154321,38.6548416196659],[-8.98728807778552,38.6546149070677],[-8.98734090387284,38.6546832041828],[-8.98838460589596,38.654244247938],[-8.98835644367048,38.6542085206825],[-8.98945999231492,38.6537353487421],[-8.98955513521614,38.6536945527654],[-8.98985048165689,38.6535708044791],[-8.98991723608325,38.6536799986246],[-8.98992077832492,38.6536785034627],[-8.99100510284362,38.653220789516],[-8.99124672472056,38.6531179980362],[-8.99077960646506,38.6524508347757],[-8.99054569486964,38.6525425924496],[-8.99035970390521,38.6522738352763],[-8.99006022535335,38.6523965800948],[-8.99005993384164,38.6523966993353],[-8.98995515508207,38.652248987842],[-8.98902787950077,38.6526582416822],[-8.98767052436124,38.6532572898272],[-8.98760297025582,38.6532955145204],[-8.98755217724547,38.6533517779042],[-8.9874815438304,38.6534705229004],[-8.98742550917627,38.6535647340582],[-8.98739895756734,38.6536048706416],[-8.98738062495519,38.6536219496022],[-8.98736450774197,38.6536366585731],[-8.98735923345306,38.6536414722671],[-8.98732546407583,38.6536592692949],[-8.98728610220927,38.653672596813],[-8.98728162047713,38.6536741140694],[-8.98724231720416,38.6536810589303],[-8.98718928067547,38.6536808750801],[-8.98715137030785,38.65367510026],[-8.98711339528464,38.653663879623],[-8.98708592526012,38.6536532894136],[-8.98598934948552,38.6545313493641],[-8.98593229153434,38.6545735970324],[-8.98579281675767,38.6545694080792],[-8.98452691151586,38.6541421028705],[-8.9840748253948,38.6539885000492],[-8.98407382540656,38.6539881623151],[-8.98398259236765,38.6539575427786],[-8.98386643372944,38.6539180333373],[-8.98371142252733,38.6538656167033],[-8.98342710789672,38.6537148034254],[-8.9834485663825,38.6535472324922],[-8.98357089575592,38.6533294117521],[-8.98357092274891,38.6533293629123],[-8.98377952968253,38.652958579181],[-8.98382770210408,38.6528728314513],[-8.9838347970015,38.6528602171988],[-8.98383480470124,38.652860188317],[-8.98418014161608,38.6528681075748],[-8.98424060569564,38.652640177867],[-8.98448004312083,38.6526377967348],[-8.98462293529852,38.6526363755895],[-8.98475068526867,38.6522717690944],[-8.9847551523218,38.6522590216816],[-8.98490323127503,38.651986065528],[-8.98490747403116,38.651978244454],[-8.98490893299538,38.6519754359235],[-8.98492483569757,38.651944929595],[-8.98503392425107,38.6517996430105],[-8.98506147761304,38.6517628479528],[-8.98509007841326,38.6517207998603],[-8.98534131994945,38.6514557043249],[-8.98549804914407,38.651271598534],[-8.98557220370348,38.6511843752895],[-8.9855739314941,38.6511823475927],[-8.98557411088635,38.6511821697272],[-8.98557931000724,38.6511770278652],[-8.98558075652456,38.65117559585],[-8.98558137079513,38.6511749887335],[-8.98558180567349,38.6511745594825],[-8.98558296607569,38.6511734115049],[-8.98558320564106,38.6511731737476],[-8.98558323743992,38.6511731428884],[-8.98558325788051,38.6511731229217],[-8.98558332941194,38.6511730521375],[-8.98558351448326,38.6511728688257],[-8.98558355081261,38.6511728325287],[-8.9855835848874,38.6511727998513],[-8.98558362463063,38.651172760827],[-8.98558365641882,38.651172729067],[-8.98558367798671,38.6511727072905],[-8.9855836984273,38.6511726873238],[-8.98558371884655,38.6511726655556],[-8.9855837449556,38.6511726392419],[-8.98558377789243,38.6511726074736],[-8.98558385510298,38.6511725312432],[-8.98558444894357,38.6511719449941],[-8.98558738628349,38.6511690392035],[-8.98568437648956,38.6510731089137],[-8.98553495024799,38.6508055556257],[-8.98544327230077,38.6506305536696],[-8.98512100927001,38.64990478432],[-8.98490874304905,38.649959028328],[-8.98443841605955,38.6500081177557],[-8.98374466522487,38.650080523465],[-8.98347510952488,38.6498734582006],[-8.98419043095268,38.6492920553975],[-8.98595442723417,38.6478374142211],[-8.98602929047813,38.6478775425563],[-8.98616205293995,38.647921429278],[-8.98619293793468,38.647926883638],[-8.98629817209445,38.647945467295],[-8.98636851245242,38.6479433012568],[-8.98645206242903,38.6479407280353],[-8.98658265091053,38.6479048420146],[-8.98662509396635,38.6478866720305],[-8.98668817850546,38.6478596658274],[-8.98678029548788,38.6477893530926],[-8.98681111450196,38.6477496583986],[-8.98686807101781,38.6476639317423],[-8.98689420966894,38.6476178997737],[-8.9869083789391,38.6475570485991],[-8.98691559907798,38.6475260396499],[-8.98690480156252,38.6474216103719],[-8.98688033790808,38.6473427962089],[-8.98687247933774,38.6473174922288],[-8.98682139684438,38.6472522646322],[-8.98738875771824,38.6469338714057],[-8.98773729556414,38.646753542171],[-8.9879569381351,38.6466819715634],[-8.98958273886467,38.6463307811939],[-8.99012706394819,38.646211348901],[-8.99013026451349,38.6462106120133],[-8.99053880769733,38.6473191326235],[-8.99001981163875,38.6476562478663],[-8.98928849108468,38.6474940526312],[-8.9891707059714,38.647679498203],[-8.99007208288767,38.6480372892832],[-8.99044774540773,38.6482610121737],[-8.99086385124132,38.6486058426739],[-8.99102470690133,38.6488096119961],[-8.99114093910404,38.6491875290444],[-8.99130310525603,38.6496926749419],[-8.99145565085084,38.6502442151507],[-8.99144024913323,38.6503488866204],[-8.99136047420905,38.6503404422707],[-8.99133771584613,38.6504827538676],[-8.99125599138295,38.6505286153797],[-8.99129772990558,38.6506045525624],[-8.991252197416,38.6506259871024],[-8.99183363016705,38.6514353711835],[-8.99178415921394,38.6514571717436],[-8.9921999016021,38.6519725036405],[-8.99232776872427,38.6519329838311],[-8.99240887830993,38.6520229893444],[-8.99280779114035,38.6529655311733],[-8.99298408177476,38.6532063586232],[-8.99258842868156,38.6533774361679],[-8.99326249921605,38.6543333101179],[-8.99293146314495,38.6544856281685],[-8.99313150548319,38.6547908901407],[-8.99293855682968,38.6548787355638],[-8.99298128993286,38.6549418877278],[-8.99076567955281,38.6557855922129],[-8.99099079627713,38.656136897008],[-8.99372251592967,38.6552638452756],[-8.99375038088866,38.6552591137055],[-8.99398453581227,38.65522108003],[-8.9942466783183,38.6553100489637],[-8.99544901950069,38.6570625657848],[-8.99544930709856,38.6570629849718],[-8.99441224492672,38.6575024754803],[-8.99441224343787,38.6575024761113],[-8.99166917151601,38.658664876583],[-8.99138790741106,38.6587869902256],[-8.99138727725253,38.6587865561572]]]}},{"type":"Feature","id":"CRUS_Moita_V.379984","properties":{"Area_Ha":8.65607190107998,"Autor":"DGT","Categoria":"Espaço Central","Classe":"Solo Urbano","DTCC":"1506","Data_PublicacaoPDM":"2025-04-14T00:00:00","Designacao_PlantaOrdenamento":"Solo Urbano - Espaços Centrais - Núcleos Antigos","Escala_PlantaOrdenamento":"1/12000","Fonte":"CM - Vectorial e Raster","ID":379984,"Municipio":"MOITA"},"geometry":{"type":"Polygon","coordinates":[[[-9.02741099300041,38.6574649277402],[-9.02739222261768,38.6573151126272],[-9.02725872811601,38.6573327268948],[-9.02721411982059,38.6573386123371],[-9.02717856868018,38.6573182367583],[-9.02701767988819,38.6572260233393],[-9.0268477393666,38.6572637387553],[-9.02677146674765,38.6569102524144],[-9.0266978769267,38.6568468584484],[-9.02669796423226,38.6568456561088],[-9.0267082635349,38.6567039295984],[-9.02665755273001,38.6564746597111],[-9.02670252506649,38.6564768465088],[-9.02670274310173,38.6564748855942],[-9.02670723852267,38.6564751710365],[-9.02674878597492,38.6560898670719],[-9.02691591569635,38.6560670942018],[-9.02706685726861,38.6560465265733],[-9.02703138635975,38.6557794002612],[-9.02703225444021,38.6557484969455],[-9.02703882882372,38.6555143682347],[-9.0270388317347,38.655514140309],[-9.0274459083358,38.6554739478584],[-9.02742457047142,38.6552551777519],[-9.02762547020294,38.6552345156904],[-9.0276736265533,38.6550521921667],[-9.02741082514452,38.6550328058202],[-9.02741088567993,38.655030929883],[-9.02746058196326,38.6534895637316],[-9.02746058757971,38.6534892763321],[-9.02746059133201,38.6534887466304],[-9.02749277978369,38.6534831064997],[-9.02758594975647,38.6534667732204],[-9.02769923149846,38.6534489879964],[-9.02780751552919,38.6534340243754],[-9.02799108925609,38.6534422866373],[-9.02840419493506,38.6534608790047],[-9.02840463634534,38.6534609017495],[-9.02840769992151,38.6534610710731],[-9.02840785377909,38.6534618031503],[-9.02840790991373,38.6534620675572],[-9.02840808418478,38.6534620401],[-9.02841086436697,38.6534649140059],[-9.02842873048007,38.6536412151136],[-9.02846570448802,38.6538819468161],[-9.028521587571,38.6540210770589],[-9.02856903757126,38.6541601060818],[-9.02866989872724,38.6542006547001],[-9.02873801819493,38.6542261348555],[-9.02877890420927,38.6542414282247],[-9.02891464310242,38.6542849677683],[-9.02893561520912,38.6543984075795],[-9.02881403403024,38.6546623419602],[-9.02873349622517,38.6548371786903],[-9.02886286489048,38.6548721292493],[-9.02899002287729,38.6549064840493],[-9.02893561381064,38.6553539815627],[-9.02917870410186,38.6553487145387],[-9.02919147190237,38.6555130233815],[-9.02982054344964,38.6554707767933],[-9.03015016886501,38.655441030668],[-9.03052680431071,38.6562144770092],[-9.03052700945631,38.6562148979123],[-9.03082578550551,38.6561477888006],[-9.03083718329275,38.6561858323524],[-9.03115879914499,38.6561092120653],[-9.03119829681461,38.6561042768756],[-9.03120663221742,38.6561032355039],[-9.03122540748198,38.6561555992019],[-9.03127021040625,38.6561465263968],[-9.03158392106185,38.6560829966719],[-9.03160545509219,38.6561638819875],[-9.03117922839408,38.6562532748133],[-9.03152547818022,38.6571511610808],[-9.03100113871681,38.6573154285499],[-9.0310010716091,38.6573152984485],[-9.03100113912492,38.6573152772117],[-9.03065566927438,38.6566432752817],[-9.03049273069471,38.6566936048543],[-9.03031042941729,38.6563409504789],[-9.03025465141153,38.6562330503324],[-9.03006025528001,38.6558426986682],[-9.03005397332276,38.6558303328601],[-9.02997166053644,38.6556860057429],[-9.02959026920717,38.6557498850379],[-9.02901216105822,38.6558436191704],[-9.0290638938326,38.65606813837],[-9.02867115734001,38.656115772702],[-9.02864444313193,38.65647374955],[-9.02883014384888,38.6573131217714],[-9.02898014011804,38.6580143927756],[-9.02898029094282,38.6580150645208],[-9.02897657957986,38.6580161225653],[-9.02792927649803,38.6583910861899],[-9.02792736643242,38.6583912161051],[-9.02792736251548,38.6583911783013],[-9.02750611118695,38.6584178751283],[-9.02749798260327,38.658418390388],[-9.02741099300041,38.6574649277402]]]}},{"type":"Feature","id":"CRUS_Moita_V.379985","properties":{"Area_Ha":0.927132264876412,"Autor":"DGT","Categoria":"Espaço Habitacional","Classe":"Solo Urbano","DTCC":"1506","Data_PublicacaoPDM":"2025-04-14T00:00:00","Designacao_PlantaOrdenamento":"Solo Urbano - Espaços Habitacionais - Tipo 2","Escala_PlantaOrdenamento":"1/12000","Fonte":"CM - Vectorial e Raster","ID":379985,"Municipio":"MOITA"},"geometry":{"type":"Polygon","coordinates":[[[-9.02637417751672,38.6529688325914],[-9.02637349174616,38.6529684657961],[-9.0273833837219,38.6527982910405],[-9.02741826354996,38.6527946022162],[-9.02789437426851,38.6528149090427],[-9.02816975706235,38.6528426142902],[-9.02826979675858,38.6528526782251],[-9.02827072393171,38.6528568418546],[-9.02827567313031,38.6528563157434],[-9.02830219660242,38.6529868086855],[-9.0283456430141,38.653166711843],[-9.02840769992151,38.6534610710731],[-9.02840463634534,38.6534609017495],[-9.02840419493506,38.6534608790047],[-9.02799108925609,38.6534422866373],[-9.02780751552919,38.6534340243754],[-9.02769923149846,38.6534489879964],[-9.02758594975647,38.6534667732204],[-9.02749277978369,38.6534831064997],[-9.02746059133201,38.6534887466304],[-9.02727767218217,38.6534217028414],[-9.02709474646585,38.6533546579134],[-9.02684313283686,38.6532199331178],[-9.02673411814355,38.6531615624254],[-9.02640286214235,38.6529841920508],[-9.02637417751672,38.6529688325914]]]}},{"type":"Feature","id":"CRUS_Moita_V.379986","properties":{"Area_Ha":0.791092748523504,"Autor":"DGT","Categoria":"Espaço de Uso Especial Equipamentos e Infraestruturas","Classe":"Solo Urbano","DTCC":"1506","Data_PublicacaoPDM":"2025-04-14T00:00:00","Designacao_PlantaOrdenamento":"Solo Urbano - Espaços de Uso Especial - Equipamentos","Escala_PlantaOrdenamento":"1/12000","Fonte":"CM - Vectorial e Raster","ID":379986,"Municipio":"MOITA"},"geometry":{"type":"Polygon","coordinates":[[[-9.02393393793168,38.64690088164],[-9.02526785003236,38.6465366325814],[-9.02553676222424,38.6471107221881],[-9.02553669925462,38.647110738883],[-9.02553676296399,38.6471108744186],[-9.02502429222404,38.6472474689174],[-9.02432402091486,38.6474343229904],[-9.02393393793168,38.64690088164]]]}},{"type":"Feature","id":"CRUS_Moita_V.379987","properties":{"Area_Ha":0.862629810455255,"Autor":"DGT","Categoria":"Espaço de Uso Especial Equipamentos e Infraestruturas","Classe":"Solo Urbano","DTCC":"1506","Data_PublicacaoPDM":"2025-04-14T00:00:00","Designacao_PlantaOrdenamento":"Solo Urbano - Espaços de Uso Especial - Equipamentos","Escala_PlantaOrdenamento":"1/12000","Fonte":"CM - Vectorial e Raster","ID":379987,"Municipio":"MOITA"},"geometry":{"type":"Polygon","coordinates":[[[-9.04218555164693,38.6407655433969],[-9.04243095078856,38.6403158384712],[-9.04243835868808,38.6403022724075],[-9.04244345970966,38.640292932839],[-9.04244806340835,38.6402845024459],[-9.04245306337811,38.640275346526],[-9.0424578680134,38.6402665479426],[-9.04245918030126,38.6402641443012],[-9.04245938910301,38.6402642165441],[-9.04246133494912,38.6402612323631],[-9.04256576979641,38.6403008558711],[-9.04275141946671,38.6403712931227],[-9.04285020930175,38.640398821013],[-9.04285518055356,38.6404002065267],[-9.04295504009707,38.6404280322831],[-9.0429794088082,38.6404348230935],[-9.04322071391673,38.6405072606822],[-9.04334238331958,38.6405464908769],[-9.04356489474235,38.6406308718311],[-9.04380258762688,38.640707840352],[-9.04382511534791,38.6407163541449],[-9.04381464151179,38.6407306864264],[-9.04381438533587,38.6407305920346],[-9.04381422767623,38.6407308400827],[-9.04381222880065,38.6407339868436],[-9.04343876229685,38.6413220730997],[-9.04343866872456,38.6413220305892],[-9.04218555164693,38.6407655433969]]]}},{"type":"Feature","id":"CRUS_Moita_V.379988","properties":{"Area_Ha":1.77310572094561,"Autor":"DGT","Categoria":"Espaço Verde","Classe":"Solo Urbano","DTCC":"1506","Data_PublicacaoPDM":"2025-04-14T00:00:00","Designacao_PlantaOrdenamento":"Solo Urbano - Espaços Verdes - Proteção à Rede Hídrica","Escala_PlantaOrdenamento":"1/12000","Fonte":"CM - Vectorial e Raster","ID":379988,"Municipio":"MOITA"},"geometry":{"type":"Polygon","coordinates":[[[-9.03145597479237,38.6531640166702],[-9.03150230028737,38.6531037204613],[-9.03150411002864,38.6531013644705],[-9.03159548937582,38.6527995390308],[-9.03166754601186,38.6525615343993],[-9.03166772472184,38.6525609429996],[-9.03293238664071,38.6526426493192],[-9.03417283589194,38.6527617956382],[-9.03417559047667,38.6527620599739],[-9.0341732340331,38.6527635914772],[-9.0340120062681,38.6528683528601],[-9.03401194358887,38.6528683929782],[-9.03352331656211,38.6531801924989],[-9.03277864707159,38.6536686381115],[-9.03274616006573,38.653651116912],[-9.0326978199068,38.6536250437825],[-9.03259485486555,38.6537475252407],[-9.03259284525412,38.6537463903673],[-9.03145926620052,38.6531659641535],[-9.03145583009346,38.653164204248],[-9.03145597479237,38.6531640166702]]]}},{"type":"Feature","id":"CRUS_Moita_V.379989","properties":{"Area_Ha":3.39751417967622,"Autor":"DGT","Categoria":"Espaço Central","Classe":"Solo Urbano","DTCC":"1506","Data_PublicacaoPDM":"2025-04-14T00:00:00","Designacao_PlantaOrdenamento":"Solo Urbano - Espaços Centrais - Núcleos Consolidados","Escala_PlantaOrdenamento":"1/12000","Fonte":"CM - Vectorial e Raster","ID":379989,"Municipio":"MOITA"},"geometry":{"type":"Polygon","coordinates":[[[-9.02840808418478,38.6534620401],[-9.02871695850716,38.6534139066033],[-9.02872296525831,38.6534129715178],[-9.02873511627127,38.6533476034906],[-9.02922410200361,38.6532346025542],[-9.02924003066125,38.6532743321115],[-9.02932855228422,38.6534951364814],[-9.02943437969359,38.65378379547],[-9.02962761741322,38.6537346890496],[-9.02984250367196,38.6536775820543],[-9.02984446942959,38.6536813764857],[-9.02996556176224,38.6539151220248],[-9.03000381906485,38.6539787479561],[-9.0300443524819,38.6540517031654],[-9.03047010440194,38.6548448098533],[-9.03077706538358,38.6554166180265],[-9.03081031345297,38.65547336484],[-9.03091170405737,38.6554668116055],[-9.03113957621127,38.6561116134621],[-9.03115879914499,38.6561092120653],[-9.03083718329275,38.6561858323524],[-9.03082578550551,38.6561477888006],[-9.03052700945631,38.6562148979123],[-9.03052680431071,38.6562144770092],[-9.03015016886501,38.655441030668],[-9.02982054344964,38.6554707767933],[-9.02919147190237,38.6555130233815],[-9.02917870410186,38.6553487145387],[-9.02893561381064,38.6553539815627],[-9.02899002287729,38.6549064840493],[-9.02886286489048,38.6548721292493],[-9.02873349622517,38.6548371786903],[-9.02881403403024,38.6546623419602],[-9.02893561520912,38.6543984075795],[-9.02891464310242,38.6542849677683],[-9.02877890420927,38.6542414282247],[-9.02873801819493,38.6542261348555],[-9.02866989872724,38.6542006547001],[-9.02856903757126,38.6541601060818],[-9.028521587571,38.6540210770589],[-9.02846570448802,38.6538819468161],[-9.02842873048007,38.6536412151136],[-9.02841086436697,38.6534649140059],[-9.02840808418478,38.6534620401]]]}},{"type":"Feature","id":"CRUS_Moita_V.379990","properties":{"Area_Ha":0.62033344110165,"Autor":"DGT","Categoria":"Espaço Habitacional","Classe":"Solo Urbano","DTCC":"1506","Data_PublicacaoPDM":"2025-04-14T00:00:00","Designacao_PlantaOrdenamento":"Solo Urbano - Espaços Habitacionais - Tipo 2","Escala_PlantaOrdenamento":"1/12000","Fonte":"CM - Vectorial e Raster","ID":379990,"Municipio":"MOITA"},"geometry":{"type":"Polygon","coordinates":[[[-9.04343876229685,38.6413220730997],[-9.04381222880065,38.6407339868436],[-9.04381422767623,38.6407308400827],[-9.04381438533587,38.6407305920346],[-9.04381464151179,38.6407306864264],[-9.04382511534791,38.6407163541449],[-9.04393674999951,38.6407585453157],[-9.04421358536371,38.6408574410057],[-9.04453611113198,38.64097852272],[-9.04454141968909,38.6409774247155],[-9.04453963651159,38.6409970545471],[-9.04454057465508,38.640997398552],[-9.04453909932973,38.6410029761231],[-9.04453538685033,38.6410170071668],[-9.04452730521457,38.6410476326572],[-9.04452294862981,38.6410641315207],[-9.04451871486327,38.6410801709171],[-9.0445100959908,38.6411128156933],[-9.04450199879208,38.6411434836407],[-9.04449480140413,38.6411707440369],[-9.04449478386161,38.6411708099324],[-9.04448769166652,38.6411976704517],[-9.04448768177532,38.6411977056602],[-9.04448756012608,38.6411981669194],[-9.04448738696348,38.641198823154],[-9.04448737930074,38.6411988529403],[-9.04448737272943,38.641198878214],[-9.04448736063257,38.6411989206461],[-9.04448643890627,38.6412024121423],[-9.04448523771626,38.6412069633611],[-9.04448460421898,38.6412093617364],[-9.04448401458369,38.6412115958234],[-9.04448348082741,38.6412136168849],[-9.04448338109772,38.6412139950993],[-9.04448310157701,38.6412150503185],[-9.04448306217189,38.6412152037624],[-9.04448304680079,38.6412152597321],[-9.04448303692098,38.6412152958413],[-9.04448221700414,38.6412183919914],[-9.04448165688261,38.641220507843],[-9.0444815288445,38.6412210087875],[-9.04448123403247,38.6412221262813],[-9.04436205602963,38.6416720746361],[-9.04406201072723,38.6416027893771],[-9.04343808344685,38.6413230683675],[-9.04343866883202,38.6413222206583],[-9.04343876229685,38.6413220730997]]]}},{"type":"Feature","id":"CRUS_Moita_V.379991","properties":{"Area_Ha":6.60649433714192,"Autor":"DGT","Categoria":"Espaço de Atividades Económicas","Classe":"Solo Urbano","DTCC":"1506","Data_PublicacaoPDM":"2025-04-14T00:00:00","Designacao_PlantaOrdenamento":"Solo Urbano - Espaços de Atividades Económicas","Escala_PlantaOrdenamento":"1/12000","Fonte":"CM - Vectorial e Raster","ID":379991,"Municipio":"MOITA"},"geometry":{"type":"Polygon","coordinates":[[[-8.98093452671583,38.6430701211704],[-8.98093135448473,38.6430728691068],[-8.98069196322055,38.6432801701417],[-8.97943648603021,38.6447216515871],[-8.97936465027568,38.6446427217851],[-8.97928016098439,38.6445798737156],[-8.97917153210191,38.6445327391202],[-8.97907447608621,38.6445065347907],[-8.97906290252431,38.6445034107075],[-8.97897834289198,38.6444945312576],[-8.97891362292823,38.6444893124156],[-8.97880705693197,38.64449158812],[-8.97868150900192,38.6445201811308],[-8.97865829988708,38.6445254663835],[-8.97853244587047,38.6445638955724],[-8.97803127660711,38.6444635262348],[-8.9778840710624,38.6444332313256],[-8.97778742263718,38.6443975689969],[-8.97770985145849,38.6443662764974],[-8.97759536130627,38.6442650225388],[-8.97752921354576,38.6441467347435],[-8.97752733752596,38.6441430864987],[-8.97750756095678,38.6440885105391],[-8.97748241326345,38.6440094488318],[-8.97747737994686,38.6439869325194],[-8.97732310807123,38.6432968257738],[-8.97732552839815,38.6432938086144],[-8.97737068424621,38.6432402125111],[-8.97809331033798,38.6423825057532],[-8.97820709240167,38.6422749262839],[-8.97911254982642,38.6414188153668],[-8.97913099422853,38.6414037168415],[-8.97913396416318,38.6414060365652],[-8.98007666845128,38.6423555533261],[-8.98048006852655,38.6427618594153],[-8.98057454265072,38.6428382635417],[-8.98066901811352,38.6429146666794],[-8.9807151424606,38.6429489775867],[-8.98082483796309,38.6430095512078],[-8.98093898528085,38.643066139045],[-8.98093872567977,38.6430664857028],[-8.98093452671583,38.6430701211704]]]}},{"type":"Feature","id":"CRUS_Moita_V.379992","properties":{"Area_Ha":3.66171295948345,"Autor":"DGT","Categoria":"Espaço Habitacional","Classe":"Solo Urbano","DTCC":"1506","Data_PublicacaoPDM":"2025-04-14T00:00:00","Designacao_PlantaOrdenamento":"Solo Urbano - Espaços Habitacionais - Tipo 2","Escala_PlantaOrdenamento":"1/12000","Fonte":"CM - Vectorial e Raster","ID":379992,"Municipio":"MOITA"},"geometry":{"type":"Polygon","coordinates":[[[-9.0179724912603,38.6526804480944],[-9.01797238434647,38.6526749323727],[-9.01796937046978,38.6526354710823],[-9.01795734715373,38.6526014458421],[-9.01794893718554,38.6525737178201],[-9.01793424038555,38.6525437727293],[-9.01791584942269,38.6525070283778],[-9.01789220939666,38.6524692220425],[-9.01786934958388,38.6524383414964],[-9.0178384444119,38.6524095549144],[-9.01779379605744,38.6523718398934],[-9.017771026365,38.6523507089607],[-9.01776293642081,38.6523432015793],[-9.0177427464002,38.6519186282246],[-9.01773124687555,38.6516633053746],[-9.01770815523625,38.6511504308446],[-9.01770490677826,38.6511406357315],[-9.01757969846793,38.6507781625072],[-9.01758290201574,38.6507717894079],[-9.01758262282796,38.6507709447618],[-9.01758259777662,38.6507708692835],[-9.01758328776011,38.650771023509],[-9.02023212643965,38.6513620901259],[-9.02028226608619,38.6514303962385],[-9.02051335953906,38.6517452168745],[-9.02051109380567,38.6517463006165],[-9.02047302740462,38.6517645073099],[-9.02047275189031,38.6517639635121],[-9.02033640156408,38.6518213008119],[-9.02015400146572,38.6518996084024],[-9.02011677323761,38.6519273904879],[-9.01991373160456,38.6520864510608],[-9.01975783473442,38.6522967511492],[-9.01969088521109,38.6524146181895],[-9.01962522172529,38.6525302198276],[-9.01962743540508,38.6525311543006],[-9.01961176277209,38.6525599402995],[-9.01958225806241,38.6527987313026],[-9.01958060185726,38.6527988492482],[-9.0179761067192,38.6526802874253],[-9.0179724912603,38.6526804480944]]]}},{"type":"Feature","id":"CRUS_Moita_V.379993","properties":{"Area_Ha":17.0612162108288,"Autor":"DGT","Categoria":"Espaço Habitacional","Classe":"Solo Urbano","DTCC":"1506","Data_PublicacaoPDM":"2025-04-14T00:00:00","Designacao_PlantaOrdenamento":"Solo Urbano - Espaços Habitacionais - Tipo 0","Escala_PlantaOrdenamento":"1/12000","Fonte":"CM - Vectorial e Raster","ID":379993,"Municipio":"MOITA"},"geometry":{"type":"Polygon","coordinates":[[[-8.97909629354466,38.6680391957741],[-8.97890405308068,38.667947359126],[-8.97890095350897,38.6679458339578],[-8.97890088648032,38.6679458011128],[-8.97890321718216,38.6679425251463],[-8.97895893010472,38.6678642116322],[-8.97915166696564,38.6675924878623],[-8.9794101378944,38.6671415071929],[-8.97948821887231,38.6670052818627],[-8.97952748212397,38.6669367761654],[-8.9796317825616,38.6667547919667],[-8.97973907095724,38.6665914408141],[-8.98036134332383,38.6658856733807],[-8.98046888759393,38.6657755716882],[-8.98070294083639,38.6655345859216],[-8.98073616981489,38.6654988984325],[-8.9810336029158,38.6651090891558],[-8.98117953796965,38.6648767962092],[-8.98118914100143,38.6648615101777],[-8.98138058334344,38.6645662675225],[-8.98139566026756,38.6645709765834],[-8.98142510720824,38.6645801737242],[-8.98160530280845,38.6643158630438],[-8.98170409531656,38.6641709553216],[-8.98179632526132,38.6640489701821],[-8.98187786437054,38.6640006898713],[-8.98193447901663,38.6639671672196],[-8.9819858930962,38.6639367234033],[-8.98206622937884,38.6638891552199],[-8.98207626070941,38.6638832154638],[-8.98207642728073,38.663883116067],[-8.98210527762119,38.6638660336715],[-8.98210703469837,38.6638649930986],[-8.9821139797263,38.6638608809556],[-8.98211409838662,38.6638608107323],[-8.98221851784837,38.6637989817359],[-8.98221866388914,38.6637988950992],[-8.98225627443286,38.6637766252898],[-8.9822566794726,38.6637763854374],[-8.98239703764145,38.6636932759719],[-8.98240637979705,38.6636877456533],[-8.9824623620578,38.6636546137837],[-8.9824765188052,38.663646213663],[-8.98247700028345,38.6636459282145],[-8.98249563780677,38.6636348967294],[-8.98249939946935,38.6636326642408],[-8.98250727661313,38.6636280003181],[-8.98253322302086,38.6636126369238],[-8.98253377752399,38.6636123086069],[-8.98255060542774,38.6636023441973],[-8.98257093376402,38.6635903068325],[-8.98257109578121,38.6635902110713],[-8.98258182757059,38.6635838563183],[-8.98258993060856,38.6635790583311],[-8.98259244415583,38.6635775726638],[-8.98259568683857,38.6635756610248],[-8.98260632950403,38.663569348354],[-8.98260726621618,38.6635687929602],[-8.9826149973061,38.6635642156676],[-8.98263626234309,38.6635516237986],[-8.98263729376948,38.6635510136684],[-8.9826527148487,38.6635418818973],[-8.98266410039294,38.6635351404469],[-8.98266444039343,38.6635349388994],[-8.98270567545,38.6635105221234],[-8.98277807091935,38.663467654783],[-8.98294953003378,38.6633661278586],[-8.98308378597739,38.6632866299974],[-8.98322694142489,38.6631480690522],[-8.98323953999095,38.6631358751625],[-8.98324748465274,38.6631281848941],[-8.98324753805123,38.6631281340609],[-8.98325093219415,38.6631248484755],[-8.98325580418708,38.6631201333799],[-8.98326992374799,38.6631064673253],[-8.98327335763986,38.6631031427157],[-8.98328054009043,38.66309619034],[-8.9832896274908,38.6630873945816],[-8.98329904204458,38.6630782829642],[-8.9832993271516,38.6630780061461],[-8.98330694467704,38.6630706344342],[-8.98330730589265,38.6630702840977],[-8.98331017750249,38.6630675040574],[-8.98331241413943,38.6630653393787],[-8.98331304002799,38.6630647330912],[-8.9833226806254,38.6630554027346],[-8.98332321451331,38.6630548862955],[-8.98332475026936,38.6630533987121],[-8.98333004936503,38.6630482706423],[-8.98333170212915,38.6630466705083],[-8.98333213151786,38.663046255719],[-8.98334809049519,38.6630308422337],[-8.98336415545281,38.6630152586243],[-8.98336655907855,38.6630129332881],[-8.98337448780012,38.6630052575397],[-8.98341718142172,38.6629639344044],[-8.98359876930693,38.6627881722881],[-8.98360620478175,38.6627831899155],[-8.98365840687815,38.6627482031781],[-8.9837129616444,38.662711640014],[-8.98373415317776,38.662697436939],[-8.98378528137981,38.6626631695912],[-8.98382538804991,38.662636289718],[-8.98397862749933,38.662533585831],[-8.98398206878066,38.6625312790568],[-8.98406357669269,38.6624766512757],[-8.98407333058854,38.6624701134304],[-8.9841176659642,38.662440398484],[-8.98413442324046,38.662429167828],[-8.98422412431145,38.6623690484651],[-8.98422421549164,38.6623689865468],[-8.98422437963089,38.662368876355],[-8.98422470108049,38.6623686614258],[-8.98422568592668,38.6623680011755],[-8.98422579421114,38.6623679283231],[-8.98422704920472,38.6623670868466],[-8.98422863248741,38.6623660258872],[-8.9842293392084,38.6623655523258],[-8.98423016789301,38.6623649968043],[-8.98423121543347,38.6623642946607],[-8.98423148102823,38.6623641170709],[-8.98423519016435,38.6623616308816],[-8.98423836698325,38.6623595016814],[-8.98424203623024,38.6623570428063],[-8.98424250015138,38.662356731355],[-8.98424392857529,38.6623552058058],[-8.98430218649905,38.6622929920089],[-8.98443905953257,38.6621468229516],[-8.98444077046155,38.6621449962764],[-8.98444420250923,38.6621413302404],[-8.98444495926412,38.6621405221147],[-8.98444514194049,38.6621403280127],[-8.98444531325672,38.662140144803],[-8.98444546187402,38.6621399851796],[-8.98444563093528,38.6621398055896],[-8.98444580679343,38.6621396178428],[-8.98444598491722,38.6621394273772],[-8.98444617098669,38.6621392287465],[-8.98444629124629,38.6621390999568],[-8.98444641490967,38.6621389675391],[-8.98444652496862,38.6621388505341],[-8.9844465748871,38.6621387970233],[-8.98444661120114,38.6621387589251],[-8.98444663161312,38.6621387362564],[-8.98444672237689,38.6621386392096],[-8.98444687441929,38.6621384777596],[-8.98444705367055,38.6621382854841],[-8.98444741333252,38.6621379018256],[-8.98444779568279,38.6621374936802],[-8.98444825971298,38.6621369975621],[-8.98444867723912,38.6621365522276],[-8.98444897334618,38.6621362347905],[-8.9844490107877,38.6621361948825],[-8.98444903801791,38.6621361658585],[-8.9844490573024,38.6621361449997],[-8.98444908340512,38.6621361177855],[-8.98444912425042,38.6621360742495],[-8.98444920367537,38.6621359898965],[-8.98444935798338,38.6621358257276],[-8.98444972330408,38.6621354348214],[-8.98445033710032,38.6621347790715],[-8.98445120277586,38.6621338548498],[-8.98445263345658,38.6621323265792],[-8.98445667930984,38.6621280056937],[-8.98446384409314,38.6621203552494],[-8.98447605880673,38.6621073109573],[-8.98453709826018,38.6620421248566],[-8.98460727988734,38.6619671758996],[-8.98471654431969,38.661807204479],[-8.98478730754074,38.6617036001587],[-8.98485213714752,38.6616086840339],[-8.98490768815268,38.6615273529316],[-8.98494115860839,38.6614459475018],[-8.98498020701262,38.6613509758419],[-8.98502581155889,38.6612400580992],[-8.98507130317269,38.6611294141039],[-8.98512573282328,38.6609970334015],[-8.98516349987685,38.6609051760858],[-8.98517829288917,38.6608691973433],[-8.98520306809847,38.6608089394307],[-8.98522657581137,38.6607517642952],[-8.98523469870224,38.6607320081026],[-8.98524594540047,38.6607078881691],[-8.98527068907577,38.6606549639294],[-8.98535200582776,38.6604810375423],[-8.9853582984217,38.6604675768951],[-8.98536070152448,38.6604612456385],[-8.98536228210584,38.6604618034311],[-8.98546671191774,38.6604981286443],[-8.98555526659366,38.6605488976765],[-8.98612471066863,38.6609454299214],[-8.98613852708561,38.6609551019987],[-8.9863329508064,38.6610906793127],[-8.98665967774518,38.6613185152531],[-8.98679109662574,38.6614101562527],[-8.9868526819691,38.6614531012505],[-8.98685349522822,38.6614536682267],[-8.98685986839641,38.6614591058114],[-8.98681981178307,38.6614909218708],[-8.98673515197529,38.6616892431257],[-8.98648185390223,38.6622826025941],[-8.98629151718867,38.6627507632166],[-8.98626695202758,38.6628074949561],[-8.98626691966819,38.6628074789776],[-8.98614151368351,38.6631564819025],[-8.98604733617973,38.6634156538629],[-8.98604520788709,38.6634209011938],[-8.98587934605596,38.6638298330872],[-8.98578568117069,38.6640214533072],[-8.98565850054079,38.664220098111],[-8.98555726674501,38.6643468162577],[-8.98528271414365,38.6646104305355],[-8.98477551914237,38.6650274690883],[-8.98427439922666,38.6653126725587],[-8.98245637667997,38.6662191242401],[-8.98245507073622,38.6662190643616],[-8.98196767836216,38.6664676612627],[-8.98172814587083,38.6665865977792],[-8.98172362314135,38.6665817022905],[-8.98052495875697,38.6671982481756],[-8.97940564108312,38.6677750695158],[-8.97925190672267,38.6678942313804],[-8.97909682276513,38.6680394486755],[-8.97909629354466,38.6680391957741]]]}},{"type":"Feature","id":"CRUS_Moita_V.379994","properties":{"Area_Ha":69.4574643273406,"Autor":"DGT","Categoria":"Espaço Verde","Classe":"Solo Urbano","DTCC":"1506","Data_PublicacaoPDM":"2025-04-14T00:00:00","Designacao_PlantaOrdenamento":"Solo Urbano - Espaços Verdes - Recreio, lazer, desporto, cultura","Escala_PlantaOrdenamento":"1/12000","Fonte":"CM - Vectorial e Raster","ID":379994,"Municipio":"MOITA"},"geometry":{"type":"Polygon","coordinates":[[[-9.03260530867191,38.6558599743328],[-9.03249508597999,38.6556444289919],[-9.03249502300394,38.6556441700446],[-9.03248278530902,38.6555942361957],[-9.03242754914232,38.6553688302548],[-9.03091170405737,38.6554668116055],[-9.03081031345297,38.65547336484],[-9.03077706538358,38.6554166180265],[-9.03047010440194,38.6548448098533],[-9.0300443524819,38.6540517031654],[-9.03000381906485,38.6539787479561],[-9.02996556176224,38.6539151220248],[-9.02984446942959,38.6536813764857],[-9.02984250367196,38.6536775820543],[-9.02962761741322,38.6537346890496],[-9.02943437969359,38.65378379547],[-9.02932855228422,38.6534951364814],[-9.02924003066125,38.6532743321115],[-9.02922410200361,38.6532346025542],[-9.02873511627127,38.6533476034906],[-9.02872296525831,38.6534129715178],[-9.02871695850716,38.6534139066033],[-9.02840808418478,38.6534620401],[-9.02840790991373,38.6534620675572],[-9.02840785377909,38.6534618031503],[-9.02840769992151,38.6534610710731],[-9.0283456430141,38.653166711843],[-9.02830219660242,38.6529868086855],[-9.02827567313031,38.6528563157434],[-9.02827537454262,38.6528548461138],[-9.02828166633323,38.6528556798514],[-9.02828795811277,38.6528565126879],[-9.02874681006277,38.6529172834421],[-9.02894466151112,38.6529399225282],[-9.02915143025473,38.6529235034508],[-9.02948295440097,38.652890323443],[-9.02973419738062,38.6528835119007],[-9.02999348767658,38.6529144043416],[-9.03025212046055,38.65299046578],[-9.03115755541534,38.6534151553436],[-9.03188991495536,38.6537828281388],[-9.03201553850031,38.6538621046426],[-9.03212191025203,38.6539645625374],[-9.03219674452667,38.6540756285145],[-9.03224460793301,38.654239344777],[-9.0322549182292,38.6543666121962],[-9.03225123525492,38.6545735515957],[-9.03223939136004,38.654732714721],[-9.03224492548997,38.6548980588957],[-9.03227313699592,38.6550182065615],[-9.03233042070908,38.6551471387647],[-9.03237195339896,38.6552016451004],[-9.03237297483957,38.6552015660841],[-9.03245871934698,38.6552842996748],[-9.03258913816941,38.6553711369395],[-9.03278141540335,38.6554393155627],[-9.03278181123512,38.6554403772684],[-9.03281821967662,38.6555378632733],[-9.03292560081616,38.6558253782714],[-9.03305522311626,38.6560055173777],[-9.03318484608307,38.6561856572277],[-9.03357709100795,38.6566188434317],[-9.03379625127422,38.6566195864188],[-9.0343330696533,38.6572956375222],[-9.03433306428403,38.657296125799],[-9.03432274009303,38.657975907502],[-9.03452201203606,38.6583668799331],[-9.03515460293228,38.6590349373961],[-9.03540903339412,38.6600179986628],[-9.03622026137303,38.6598922814594],[-9.0361601416595,38.6596177079477],[-9.03616020637064,38.6596174633305],[-9.03643520172237,38.658586789343],[-9.0364781255782,38.6582724171134],[-9.03647808829877,38.6582721931013],[-9.0364781251326,38.6582719243774],[-9.03628376484403,38.6571017134606],[-9.03628370391907,38.6571013446017],[-9.03634129153537,38.6569860339712],[-9.03646658008268,38.656963539923],[-9.03647015634969,38.6569628979552],[-9.03708007052002,38.6572661480827],[-9.03753884988097,38.6574612908623],[-9.03802660020828,38.6576562076951],[-9.03840478572095,38.6577781713235],[-9.03879000074317,38.6578830478057],[-9.03942422781553,38.6580754192499],[-9.03942307321701,38.6580819527745],[-9.03940606730623,38.658178183959],[-9.03935506742079,38.6584667694386],[-9.03943472404628,38.6585613959498],[-9.03961733849288,38.6586415232985],[-9.04004513955909,38.658806135594],[-9.04004552160991,38.6588062767601],[-9.04035466507351,38.6589208981202],[-9.04074775167839,38.6592194553265],[-9.04101350463323,38.6594322784429],[-9.04141629359281,38.6598140849978],[-9.0414167319425,38.6598146806276],[-9.04185966680433,38.6604560175773],[-9.04213228018164,38.6608507342779],[-9.04235389596984,38.6611461333238],[-9.04244589962408,38.6612091300383],[-9.04260081516852,38.6613050608799],[-9.04357581806886,38.6613067437375],[-9.0439935239638,38.6613042508851],[-9.04404587128048,38.6612722628775],[-9.04415957682977,38.661202779362],[-9.04415739698489,38.6609814980161],[-9.04573362921129,38.6609774018638],[-9.04571692221435,38.662084928063],[-9.04325680663377,38.6620477889882],[-9.04336844552749,38.6622858183923],[-9.04350018421661,38.6625666739094],[-9.04365938148758,38.6628933086568],[-9.04383906810562,38.6632537970109],[-9.04400291653039,38.6635401246679],[-9.04408123390077,38.6636448193697],[-9.04421919727594,38.6638260445511],[-9.04427001370778,38.6638867167591],[-9.04427907892935,38.663897334154],[-9.04435830198084,38.6639901157055],[-9.04438314752812,38.6640191081146],[-9.04457200779935,38.6642253227013],[-9.04461487413747,38.6642721285073],[-9.0446842342091,38.664347860647],[-9.04472621282962,38.6647064858904],[-9.04472630561884,38.6647072796744],[-9.04468894069995,38.664856251841],[-9.04461740077222,38.6651414861791],[-9.04478510733698,38.6656313466185],[-9.04706907410671,38.6656473852087],[-9.04919693115362,38.6656649740442],[-9.04919722674615,38.6656654491538],[-9.04919693109312,38.6656661414834],[-9.04912628428085,38.6658313874255],[-9.04899236707773,38.6660188290988],[-9.04890203122823,38.6661437984096],[-9.04885803716205,38.6662026084867],[-9.04765486308137,38.6662105174411],[-9.04765966100435,38.666638250695],[-9.04501768213289,38.6666319599567],[-9.04546107208165,38.6676142094588],[-9.04533791046426,38.6676456415415],[-9.04567002237984,38.6683139639244],[-9.04567003545214,38.6683139980529],[-9.04578987703644,38.6685846211645],[-9.04578989012028,38.6685846561937],[-9.04589752185667,38.668800789512],[-9.04603099389741,38.6690641049639],[-9.04603485444174,38.6690715118438],[-9.04625697534834,38.6694954459705],[-9.04626028080973,38.6695017554964],[-9.04655312081079,38.6699495962971],[-9.04655444845859,38.6699516262421],[-9.04663356560693,38.6700725569715],[-9.04663404485545,38.6700732882817],[-9.04672865583444,38.6702179024866],[-9.0468520759008,38.6704350122885],[-9.04685209011154,38.6704350455071],[-9.04689816658165,38.6705661060522],[-9.04689817156667,38.6705661366405],[-9.04689324933132,38.6706733541813],[-9.04683562878752,38.6707540215735],[-9.04675191246883,38.6708208826421],[-9.04667391552866,38.6708634818469],[-9.04666975157119,38.6708657564656],[-9.04655742893873,38.6709108766148],[-9.04654998326948,38.6709124255922],[-9.04646792848999,38.6709294979314],[-9.04638865978176,38.6709397618242],[-9.04625749306015,38.6709517334347],[-9.04612461297078,38.6709726533169],[-9.04602396840439,38.671035568991],[-9.04592661867195,38.6711084010014],[-9.04578702540315,38.6712427972282],[-9.04559865426838,38.6713838902801],[-9.04523214060908,38.671639423881],[-9.04505243881304,38.6717762209832],[-9.04494126711429,38.6720338114856],[-9.04488270093378,38.6722718083237],[-9.04480637644956,38.6726494793786],[-9.04481632825032,38.6727364173388],[-9.04483643512765,38.6727997643356],[-9.04485180952417,38.6731053734962],[-9.04487583504759,38.6733412869182],[-9.04489241399267,38.6733683654466],[-9.04492706446131,38.673424958334],[-9.04494060550435,38.6734470746091],[-9.04508986471263,38.6735549977462],[-9.04530817943499,38.6736899384832],[-9.04545871381354,38.6737621776961],[-9.0456037830049,38.6738121204045],[-9.04575935046925,38.6738380791704],[-9.04576094662911,38.6738420662684],[-9.04322894106403,38.6747634384903],[-9.0427676014536,38.6739174512527],[-9.04216678653267,38.6722505754286],[-9.04223115883118,38.672057918927],[-9.04248865121023,38.6720076611786],[-9.04333622989214,38.6717228626373],[-9.04363663644951,38.67121189967],[-9.04363663656797,38.6708265802661],[-9.04364401375032,38.6708161735304],[-9.0436181943478,38.6706625717798],[-9.04389681381013,38.6699853168625],[-9.04407771273727,38.669825832712],[-9.04402422893926,38.669652472137],[-9.04380535814638,38.6696242024455],[-9.04357324643034,38.6696955622361],[-9.04309437520262,38.6690842238226],[-9.04336401015296,38.6689108842],[-9.04339306861162,38.6682939514437],[-9.04304924608853,38.6683175435177],[-9.04298881098004,38.6682484817328],[-9.04297047440022,38.6674535418886],[-9.04328133951078,38.6668081913626],[-9.0434594125332,38.6666442747395],[-9.04277349373852,38.6660836982104],[-9.04277956125565,38.6655878019851],[-9.04262821445154,38.665459303174],[-9.04251544939669,38.6654633562407],[-9.04214009796229,38.6656110960313],[-9.04198540780294,38.6654291714884],[-9.04229128457879,38.6650993536011],[-9.04209764894279,38.664950215738],[-9.04179702340196,38.6650172923662],[-9.04161439530917,38.6649470243692],[-9.04150643730469,38.6648228811223],[-9.04122721084018,38.664522283579],[-9.0409291691522,38.6643507848071],[-9.04077950484846,38.6641146444549],[-9.04084503868185,38.6636376700728],[-9.04073515430296,38.6634367503345],[-9.04091103199584,38.6631971511247],[-9.0407466676176,38.6629321684768],[-9.04038730001984,38.6628088380011],[-9.04006229447731,38.6625731288043],[-9.039952307638,38.6623637784621],[-9.03980583774633,38.6620986556899],[-9.03994646764685,38.6619013724658],[-9.04010604966267,38.6617880239158],[-9.0403466553992,38.6616350987123],[-9.04062792256796,38.6614375362448],[-9.04061443294387,38.6612914892973],[-9.04044045087779,38.6612882539783],[-9.04033712940569,38.6610159600063],[-9.04073278624659,38.6607036079761],[-9.04016886761177,38.6604008204984],[-9.04002337353508,38.6604038205763],[-9.03992138882251,38.6604081109107],[-9.03931514569171,38.660844194871],[-9.03877041044674,38.6608549430567],[-9.03837183749978,38.660986698302],[-9.03788843877082,38.6614282017322],[-9.03785063886509,38.6616888765481],[-9.03736721514586,38.661805618828],[-9.03684959239989,38.6617526806293],[-9.03633928440883,38.6617556334081],[-9.03602778091874,38.6618431184324],[-9.0360139447178,38.6621655396603],[-9.03594427776927,38.6623567197121],[-9.03605098616487,38.6626101331197],[-9.03582452084241,38.66317598809],[-9.03530926606668,38.6634602420879],[-9.03529965330166,38.664118958693],[-9.0354080433394,38.6642022034699],[-9.03556948750944,38.663934905904],[-9.03561555838524,38.6636770452247],[-9.0357390680627,38.6636954044363],[-9.0357702769647,38.6642166092889],[-9.03544822360977,38.6645522353605],[-9.03487269464107,38.6647321134283],[-9.03378909576877,38.6643038718501],[-9.03351663498434,38.6640795006932],[-9.03323656893023,38.6633735219452],[-9.03312035026497,38.6632810850252],[-9.03339163911317,38.6629046091683],[-9.03368977653115,38.6627160009515],[-9.03408262381375,38.6626569167337],[-9.03460146638879,38.6620442861361],[-9.03480687781787,38.6617218755346],[-9.034800812118,38.6609712066863],[-9.03488315658839,38.6608710025041],[-9.03473854069572,38.6605956879627],[-9.03480021825714,38.6602695109566],[-9.03511078355188,38.6601319238635],[-9.03517493473466,38.6598877925308],[-9.03500693807179,38.6593498636806],[-9.03491045280859,38.6591651493533],[-9.03447380173015,38.6588421973025],[-9.03418070826905,38.6584679323849],[-9.03399129747176,38.6580585448659],[-9.03405707255575,38.6575526739972],[-9.03368184128955,38.6570158805033],[-9.03345391131739,38.6569515846548],[-9.03313631131779,38.6565424886342],[-9.03267984322701,38.6560057286099],[-9.03260530867191,38.6558599743328]]]}},{"type":"Feature","id":"CRUS_Moita_V.379995","properties":{"Area_Ha":10.5338496492927,"Autor":"DGT","Categoria":"Espaço Habitacional","Classe":"Solo Urbano","DTCC":"1506","Data_PublicacaoPDM":"2025-04-14T00:00:00","Designacao_PlantaOrdenamento":"Solo Urbano - Espaços Habitacionais - Tipo 0","Escala_PlantaOrdenamento":"1/12000","Fonte":"CM - Vectorial e Raster","ID":379995,"Municipio":"MOITA"},"geometry":{"type":"Polygon","coordinates":[[[-8.99737053425804,38.6109366624991],[-8.99737533603336,38.6109361261806],[-8.99739635144932,38.6108135145023],[-8.99761673553472,38.6095276799025],[-8.99892407557975,38.6098171952263],[-8.99894174669803,38.6098211082176],[-8.99896875822595,38.6097843993088],[-8.99900343761304,38.6097372716042],[-8.9990973139862,38.6097121207164],[-8.99909913874551,38.6096990760567],[-8.99938431133833,38.6076601879593],[-8.99810431524833,38.6077504058681],[-8.99801638424342,38.6077566030484],[-8.99800898951714,38.6077562045973],[-8.99800873779675,38.6077554146433],[-8.99800832138881,38.6077541034351],[-8.99805171974258,38.6076516989245],[-8.99828190667142,38.6071085401373],[-8.99851257711512,38.6066851484943],[-8.99860317827398,38.6065949546979],[-8.99907725063633,38.6061230073623],[-8.99907853820939,38.6061217240839],[-8.99908921089698,38.6061225495169],[-8.99940649375434,38.606147097492],[-8.99967527851588,38.6061678924612],[-8.999963068148,38.6061901566787],[-9.00000787330422,38.6061936225797],[-9.00002720324014,38.6061951188535],[-9.00003719683696,38.606195891579],[-9.00003723015899,38.6061958940345],[-9.0000373117476,38.6061959006366],[-9.00003748871062,38.6061959146393],[-9.00003762314662,38.6061959244531],[-9.00003767715278,38.6061959285571],[-9.00003776562888,38.6061959351081],[-9.00003782884002,38.6061959409455],[-9.00003797361809,38.6061959515834],[-9.00003804486463,38.6061959573613],[-9.00003810116662,38.6061959614482],[-9.00003814253487,38.606195964745],[-9.00003834936534,38.6061959803281],[-9.00003883888615,38.6061960190396],[-9.00003977538992,38.6061960913729],[-9.00004222179186,38.6061962804352],[-9.00004688133078,38.60619664047],[-9.00006367752712,38.6061979402154],[-9.00008642598904,38.6061997003129],[-9.00013041530252,38.606203102849],[-9.00021007687114,38.6062092659674],[-9.00042812756379,38.6062261337586],[-9.00264065575406,38.6063972709023],[-9.00281344589918,38.6064106339997],[-9.00313053001219,38.6064351562249],[-9.0011352021246,38.6086327711851],[-8.99993713528822,38.6094780255636],[-8.99968508733486,38.6096558454849],[-8.99910680847932,38.6100679551881],[-8.99906622051953,38.6100936503766],[-8.99904279001876,38.6101082205599],[-8.99775742540637,38.6108465749456],[-8.99736921561408,38.6109443606735],[-8.99737053425804,38.6109366624991]]]}},{"type":"Feature","id":"CRUS_Moita_V.379996","properties":{"Area_Ha":19.8039358229305,"Autor":"DGT","Categoria":"Espaço Habitacional","Classe":"Solo Urbano","DTCC":"1506","Data_PublicacaoPDM":"2025-04-14T00:00:00","Designacao_PlantaOrdenamento":"Solo Urbano - Espaços Habitacionais - Tipo 0","Escala_PlantaOrdenamento":"1/12000","Fonte":"CM - Vectorial e Raster","ID":379996,"Municipio":"MOITA"},"geometry":{"type":"Polygon","coordinates":[[[-9.01553555159293,38.6276999420955],[-9.01553327837729,38.6276909916874],[-9.01553545246838,38.6276667471306],[-9.01554426293838,38.6275684924958],[-9.0155667688759,38.6273174564343],[-9.01520544340794,38.6272226172982],[-9.01535672294558,38.6272350202846],[-9.015418847471,38.6272441003726],[-9.01553745989996,38.6270654707741],[-9.01562181908335,38.6269466230977],[-9.01579436452979,38.6267115894022],[-9.01591669211306,38.6264812465555],[-9.01610318388292,38.6262748267597],[-9.01610918967007,38.6262681785015],[-9.01621207524918,38.6261465133625],[-9.01626739493932,38.6260974502926],[-9.01636958173415,38.6260125631223],[-9.01640793326012,38.6259807038241],[-9.01650864719173,38.625914784281],[-9.01652507760045,38.6259040306713],[-9.01680293114041,38.625785237007],[-9.01696949305181,38.625698281241],[-9.01697556324348,38.6256951122777],[-9.01711250275311,38.6256701792062],[-9.0173493103347,38.6256270632795],[-9.01777250209611,38.6255404861217],[-9.01816919188683,38.6254593299116],[-9.01842249832,38.6253984671774],[-9.01863021681022,38.6253719346761],[-9.01872617361517,38.6253596780087],[-9.01878246550508,38.6253615498555],[-9.01883542818941,38.625363309956],[-9.01885577828845,38.6253674743734],[-9.01887234317769,38.6253708639226],[-9.0189020780232,38.6253769489707],[-9.01910309853184,38.62548930175],[-9.01914231941728,38.62551122319],[-9.01942690952665,38.6256662579004],[-9.01981595234142,38.6258766405422],[-9.02071356059644,38.6262370877357],[-9.02078329396117,38.6262650890975],[-9.02086553666796,38.6262602546973],[-9.02121740343201,38.6263572317246],[-9.02172102893431,38.6262832337586],[-9.02173988716732,38.626281115952],[-9.02175925912691,38.6262789392909],[-9.02177463010058,38.6262772127938],[-9.02180082867783,38.6264597725998],[-9.02180614827371,38.6264939539206],[-9.02182864925838,38.6266385510887],[-9.02189233700081,38.6268865995367],[-9.0218931163358,38.6268896374492],[-9.02195295137593,38.6270987704555],[-9.02198906256425,38.6272597850071],[-9.02201168113559,38.6274029723606],[-9.02206443159358,38.6277369076013],[-9.0220776887329,38.6279464691764],[-9.02207798414739,38.6279511421284],[-9.02205522845858,38.6280294673847],[-9.02205142817206,38.6280425516788],[-9.02203221840748,38.6281086800632],[-9.02200227887508,38.628222381495],[-9.02197297000722,38.6283336891816],[-9.02196747881789,38.6283497112444],[-9.0219097655746,38.628518089241],[-9.02179472019168,38.6289675486976],[-9.02173528674684,38.6291775876388],[-9.02170593226727,38.6293066604336],[-9.0216742096776,38.6294461501367],[-9.02165137701382,38.6294483458631],[-9.02156417105665,38.6294603619308],[-9.02156397844221,38.6294611317831],[-9.0207382438256,38.6295741714581],[-9.0203037254381,38.6296579852014],[-9.02016425141789,38.6293855906659],[-9.015776157446,38.6286480265004],[-9.01553555159293,38.6276999420955]]]}},{"type":"Feature","id":"CRUS_Moita_V.379997","properties":{"Area_Ha":5.74692033910802,"Autor":"DGT","Categoria":"Espaço Habitacional","Classe":"Solo Urbano","DTCC":"1506","Data_PublicacaoPDM":"2025-04-14T00:00:00","Designacao_PlantaOrdenamento":"Solo Urbano - Espaços Habitacionais - Tipo 0","Escala_PlantaOrdenamento":"1/12000","Fonte":"CM - Vectorial e Raster","ID":379997,"Municipio":"MOITA"},"geometry":{"type":"Polygon","coordinates":[[[-9.01168944592616,38.6024763049629],[-9.01167984879393,38.6024776994117],[-9.01169563645438,38.6025285245553],[-9.01169720650959,38.6025335798403],[-9.01174927741726,38.6027012121156],[-9.0118551347441,38.6030691154624],[-9.01200222155392,38.6034275225384],[-9.01207869918733,38.6036565562888],[-9.01210717557843,38.60373228541],[-9.0122332321149,38.6040619331263],[-9.01222415393579,38.6040641020237],[-9.01176806796746,38.6041731334603],[-9.01150005886755,38.6042640242764],[-9.01149272714051,38.6042665097048],[-9.0114716077296,38.6042736720543],[-9.01147243502863,38.6042758052747],[-9.01147314975434,38.6042776501791],[-9.01004609149433,38.6049291069459],[-9.00991532153561,38.6047061412284],[-9.00991498860809,38.6047055744094],[-9.00988075932947,38.6046472113942],[-9.00987069970426,38.6046300596241],[-9.00986906551818,38.6046272748447],[-9.00979932877079,38.6042709421396],[-9.00889810579102,38.6044050907946],[-9.00882942183881,38.6037496887058],[-9.00882917506113,38.6037473304226],[-9.00882714291315,38.6037279484248],[-9.00882294974301,38.6036879314615],[-9.00882129281564,38.6036721246845],[-9.00881690610167,38.6036302561967],[-9.00881508548668,38.603612882329],[-9.00881311724459,38.6035941295205],[-9.00881305757878,38.6035935651572],[-9.00881132685468,38.6035778255923],[-9.00880648257135,38.6035307997699],[-9.00880572512999,38.6035234503],[-9.00879614276682,38.6034305788243],[-9.00879499504282,38.6033749631096],[-9.00879457108038,38.6033544358524],[-9.0087908182202,38.603172589782],[-9.00889274169151,38.6028036737128],[-9.00924679307517,38.6028078659746],[-9.00941942967643,38.6027745755024],[-9.009492108839,38.6027605604511],[-9.00965985374851,38.6027282133788],[-9.0097270461659,38.6027113224486],[-9.01014471041346,38.6026062217208],[-9.01085423581382,38.6024272457431],[-9.01161097688474,38.6022363508826],[-9.01165541752246,38.602225142627],[-9.01168944592616,38.6024763049629]]]}},{"type":"Feature","id":"CRUS_Moita_V.379998","properties":{"Area_Ha":4.75815823816409,"Autor":"DGT","Categoria":"Espaço Habitacional","Classe":"Solo Urbano","DTCC":"1506","Data_PublicacaoPDM":"2025-04-14T00:00:00","Designacao_PlantaOrdenamento":"Solo Urbano - Espaços Habitacionais - Tipo 0","Escala_PlantaOrdenamento":"1/12000","Fonte":"CM - Vectorial e Raster","ID":379998,"Municipio":"MOITA"},"geometry":{"type":"Polygon","coordinates":[[[-8.94785656490313,38.6410800465852],[-8.94848253389897,38.6408819407888],[-8.94893426514708,38.640598967222],[-8.94918803032292,38.6404400022122],[-8.94965489942426,38.6403444518984],[-8.9500995066177,38.6398264066037],[-8.95030794276793,38.6395835380361],[-8.95061760677527,38.6391794814335],[-8.95070514559942,38.6390652576328],[-8.95102178511154,38.6391255623285],[-8.95148572443328,38.6392136914877],[-8.95186512464653,38.6392635405233],[-8.95218015318556,38.6393008169206],[-8.95218012609422,38.6393008585476],[-8.95177135165078,38.639923015363],[-8.95176277619166,38.6399358083295],[-8.95163175365708,38.640068620907],[-8.95155175202497,38.640126398313],[-8.95151364361429,38.640151517377],[-8.95137065829876,38.640242847253],[-8.95083560325347,38.6405735088338],[-8.95027148234315,38.6409972418518],[-8.95005874503235,38.6411570351895],[-8.94929432539647,38.64169827474],[-8.94900554157229,38.6419027418151],[-8.94823001077946,38.642115277762],[-8.94787281630162,38.6421493169656],[-8.94790046108799,38.641850229243],[-8.94788176582788,38.6412779520858],[-8.94785656490313,38.6410800465852]]]}},{"type":"Feature","id":"CRUS_Moita_V.379999","properties":{"Area_Ha":29.9399799367198,"Autor":"DGT","Categoria":"Espaço Agrícola","Classe":"Solo Rústico","DTCC":"1506","Data_PublicacaoPDM":"2025-04-14T00:00:00","Designacao_PlantaOrdenamento":"Solo Rústico - Espaços Agrícolas","Escala_PlantaOrdenamento":"1/12000","Fonte":"CM - Vectorial e Raster","ID":379999,"Municipio":"MOITA"},"geometry":{"type":"Polygon","coordinates":[[[-8.98449643343932,38.6602264400151],[-8.98487799522892,38.6593543349187],[-8.98462504724252,38.6592791514339],[-8.98429275584934,38.6591803843006],[-8.98407036576473,38.6573820487252],[-8.98405397514424,38.6572495035361],[-8.98361670313782,38.6573283776965],[-8.98386413340319,38.65943295922],[-8.98432442488173,38.6595761300831],[-8.9841134614685,38.6600311371115],[-8.98411037510482,38.6600273104235],[-8.98409309046789,38.66000587359],[-8.98407019510439,38.6599774783123],[-8.98372588933882,38.6594172474936],[-8.98361323694714,38.6581699819515],[-8.98360826287558,38.658155059333],[-8.98359767032078,38.6581232784446],[-8.9835092072503,38.6578731471188],[-8.98294440669601,38.6571750474643],[-8.98255134720247,38.6566972314007],[-8.98244488984424,38.6565938838464],[-8.98142843636323,38.6559459260343],[-8.98096451804932,38.6555597853803],[-8.98076735017021,38.6554519231066],[-8.98034738796035,38.6553422324585],[-8.98001102960091,38.6552543768085],[-8.97993821320648,38.6552104023422],[-8.97981293597846,38.6551297492943],[-8.97850807197915,38.653766082873],[-8.9775690283569,38.6527800989436],[-8.9775544179518,38.6527327994388],[-8.97753027191473,38.652648627565],[-8.97751925773284,38.6524978479835],[-8.97768536497633,38.6520124387266],[-8.97916747797665,38.6519103358807],[-8.97931720426658,38.6518974234334],[-8.97970261052971,38.6518641838247],[-8.9800309890952,38.651817956348],[-8.98015171848496,38.6517982228751],[-8.98028331711382,38.6517684332179],[-8.98144332886317,38.6514882112287],[-8.9820914965056,38.6509394869217],[-8.98215206634873,38.6508893263436],[-8.98220096538046,38.6509225967417],[-8.9823045190034,38.6509930529383],[-8.98250164873503,38.6511277210418],[-8.98338805084027,38.6522796326519],[-8.98383480470124,38.652860188317],[-8.9838347970015,38.6528602171988],[-8.98382770210408,38.6528728314513],[-8.98377952968253,38.652958579181],[-8.98357092274891,38.6533293629123],[-8.98357089575592,38.6533294117521],[-8.9834485663825,38.6535472324922],[-8.98342710789672,38.6537148034254],[-8.98371142252733,38.6538656167033],[-8.98386643372944,38.6539180333373],[-8.98398259236765,38.6539575427786],[-8.98407382540656,38.6539881623151],[-8.9840748253948,38.6539885000492],[-8.98452691151586,38.6541421028705],[-8.98579281675767,38.6545694080792],[-8.98593229153434,38.6545735970324],[-8.98627025026877,38.655059544393],[-8.98639363166588,38.6549883283632],[-8.98657065278161,38.6552773739991],[-8.98609858827215,38.6554868399246],[-8.98593765593968,38.6557675128794],[-8.98556751165967,38.6556837299914],[-8.98521762757965,38.6557480197224],[-8.98483795013368,38.655817782461],[-8.98494256940322,38.656285434515],[-8.98496998176619,38.6564079679378],[-8.98499544005658,38.6565217705555],[-8.98501014467182,38.6565875006888],[-8.98503928220322,38.6567177414331],[-8.98506787886204,38.6568455674417],[-8.98508793202732,38.6569352056365],[-8.98510381712801,38.6570062112835],[-8.98510982913535,38.6570330880854],[-8.98512248991541,38.6570896790929],[-8.98513501730193,38.6571456756373],[-8.98514147445954,38.6571745363727],[-8.98514908652436,38.6572085638262],[-8.98492378091145,38.6572923448151],[-8.98496188902283,38.6575367658729],[-8.98496440057391,38.6575528819203],[-8.98496478342754,38.6575553311263],[-8.98496484808054,38.657555745927],[-8.98496485187886,38.657555775626],[-8.98496485931543,38.6575558215129],[-8.98496486677334,38.6575558692013],[-8.98496487172037,38.6575558988919],[-8.98496489414746,38.6575560464608],[-8.9849649127869,38.6575561652314],[-8.98496492767072,38.6575562579061],[-8.98496494261854,38.6575563559851],[-8.98496495633228,38.6575564468666],[-8.98496496874791,38.6575565251463],[-8.9849649811742,38.6575566043268],[-8.98496500350526,38.6575567437891],[-8.98496502470891,38.6575568850612],[-8.98496504957217,38.6575570443228],[-8.98496506194511,38.6575571189996],[-8.9849657494671,38.6575615270417],[-8.98496618968665,38.6575643577718],[-8.98496705246442,38.6575698860411],[-8.98496782708814,38.6575748582543],[-8.98496868365303,38.6575803469334],[-8.98496951918509,38.657585708752],[-8.98496993196679,38.6575883568182],[-8.98497132447083,38.6575972889791],[-8.98497299795077,38.6576080225075],[-8.98497380982231,38.6576132295597],[-8.98497512276905,38.6576216524436],[-8.9849775446499,38.6576371809171],[-8.98498132308965,38.6576614193139],[-8.98499330234104,38.657738255505],[-8.9849972858805,38.6577638048815],[-8.98500280738155,38.6577992176928],[-8.98504060402706,38.6580416402802],[-8.98508963944519,38.658356150857],[-8.9851342154241,38.6586420536547],[-8.98513529954817,38.6586490017811],[-8.98514303816237,38.6586986410726],[-8.98514324205436,38.6586999475576],[-8.98514967381779,38.6587411963524],[-8.98518352019435,38.6589582800319],[-8.98538068546497,38.6602228135065],[-8.98539174782801,38.660293750619],[-8.98527363373916,38.6602814423264],[-8.98506438429606,38.6602801498168],[-8.98494150712504,38.6602793908807],[-8.98485564960363,38.6602788612916],[-8.98468019465862,38.6602777769058],[-8.9845782709264,38.6602610216641],[-8.98450182813825,38.6602296049135],[-8.98449643343932,38.6602264400151]]]}},{"type":"Feature","id":"CRUS_Moita_V.380000","properties":{"Area_Ha":1.59851167943738,"Autor":"DGT","Categoria":"Espaço Agrícola","Classe":"Solo Rústico","DTCC":"1506","Data_PublicacaoPDM":"2025-04-14T00:00:00","Designacao_PlantaOrdenamento":"Solo Rústico - Espaços Agrícolas","Escala_PlantaOrdenamento":"1/12000","Fonte":"CM - Vectorial e Raster","ID":380000,"Municipio":"MOITA"},"geometry":{"type":"Polygon","coordinates":[[[-8.99171132142469,38.6088135394922],[-8.99170242138501,38.6087453150551],[-8.9916935930108,38.6086758775961],[-8.99144934044133,38.6067547664509],[-8.99146392799647,38.6067502995088],[-8.99148295283893,38.606745654083],[-8.99148538646015,38.6067450597104],[-8.99250999022297,38.6072942111524],[-8.99251005518566,38.6072949412348],[-8.99254754366531,38.6077179454442],[-8.99257335091652,38.6080103355228],[-8.99251774656129,38.6082765378591],[-8.9924235831361,38.6087273323973],[-8.99240329700114,38.6088244511983],[-8.99171132142469,38.6088135394922]]]}},{"type":"Feature","id":"CRUS_Moita_V.380001","properties":{"Area_Ha":11.6079774992723,"Autor":"DGT","Categoria":"Área de Edificação Dispersa","Classe":"Solo Rústico","DTCC":"1506","Data_PublicacaoPDM":"2025-04-14T00:00:00","Designacao_PlantaOrdenamento":"Solo Rústico - Áreas de Edificação Dispersa","Escala_PlantaOrdenamento":"1/12000","Fonte":"CM - Vectorial e Raster","ID":380001,"Municipio":"MOITA"},"geometry":{"type":"Polygon","coordinates":[[[-8.9780204195661,38.6638260311011],[-8.97811434961649,38.6637390085269],[-8.97822297902824,38.6637798481023],[-8.97889889613155,38.6639987062044],[-8.9791114911812,38.6640132309455],[-8.9793039086935,38.6639693849591],[-8.9796230924919,38.6638479140765],[-8.98010687315972,38.6635708065076],[-8.98012536772918,38.6635820380392],[-8.98028898196488,38.6635045476493],[-8.98031126533503,38.6634981950104],[-8.98045796106999,38.6634563772165],[-8.98061875873684,38.6634339667028],[-8.98067056240397,38.6634333400012],[-8.98079591998802,38.663433339559],[-8.98090916467922,38.6634427176895],[-8.9809729455528,38.6634479997986],[-8.98115251801421,38.6634831832705],[-8.98129199271549,38.6635292588276],[-8.98139845458056,38.6635812144941],[-8.98130109356484,38.6636665944787],[-8.9813794992011,38.6639752011872],[-8.98131100683645,38.664106528168],[-8.98034386462985,38.6654244625539],[-8.97941954391064,38.6655215303729],[-8.97907918772928,38.6657074848398],[-8.97894621215637,38.6661204009768],[-8.97827792960732,38.6663849673874],[-8.97812310554219,38.6665242344293],[-8.9780221257332,38.6668279443292],[-8.97788048343266,38.6672302121469],[-8.97787224489161,38.6674186101601],[-8.97802622264953,38.6680643974814],[-8.9779118951378,38.6681225451471],[-8.97763163859822,38.6682965327674],[-8.97750799833194,38.6683782132494],[-8.97693299119802,38.6686778613852],[-8.97633352365041,38.6690367821526],[-8.97578314789234,38.6693555026612],[-8.97545460645514,38.6691613209002],[-8.97522408339719,38.6688083925864],[-8.97506825282689,38.668389916826],[-8.97526599724847,38.668092999382],[-8.9757881610424,38.6675770460839],[-8.97661305237402,38.6671377028236],[-8.97706136752483,38.6667601734402],[-8.977374428115,38.6655759405385],[-8.97751907504595,38.6650430086317],[-8.97758896435272,38.6645697154292],[-8.97788775089928,38.6643114606],[-8.97806101782465,38.6640738133539],[-8.9780204195661,38.6638260311011]]]}},{"type":"Feature","id":"CRUS_Moita_V.380002","properties":{"Area_Ha":7.51356218813595,"Autor":"DGT","Categoria":"Área de Edificação Dispersa","Classe":"Solo Rústico","DTCC":"1506","Data_PublicacaoPDM":"2025-04-14T00:00:00","Designacao_PlantaOrdenamento":"Solo Rústico - Áreas de Edificação Dispersa","Escala_PlantaOrdenamento":"1/12000","Fonte":"CM - Vectorial e Raster","ID":380002,"Municipio":"MOITA"},"geometry":{"type":"Polygon","coordinates":[[[-8.98724393431696,38.6612952963584],[-8.98772064081853,38.660920378849],[-8.98946723748217,38.6595466763771],[-8.98968986013854,38.65940215778],[-8.98978500483592,38.6593590661248],[-8.98980927805541,38.6593480726044],[-8.98981030302445,38.6593493834488],[-8.99011720290402,38.6597418785502],[-8.99047453020823,38.660198860747],[-8.99085117185279,38.660680534465],[-8.99116585327641,38.6609746841258],[-8.99158241632932,38.6613640632856],[-8.9915860971092,38.6613675034695],[-8.99280843740728,38.660801957728],[-8.99575589276344,38.6594381555237],[-8.99575961445426,38.6594364333996],[-8.99685491492465,38.6589359151532],[-8.99716101219253,38.6592374851772],[-8.99396096923743,38.6606554487554],[-8.99221415744081,38.661482751412],[-8.99143949646903,38.6617377464413],[-8.98993959510051,38.6617187666343],[-8.9883133695558,38.66160825425],[-8.98821661205288,38.6615801025631],[-8.9872436861796,38.6612954918436],[-8.98724393431696,38.6612952963584]]]}},{"type":"Feature","id":"CRUS_Moita_V.380003","properties":{"Area_Ha":1.24887477416318,"Autor":"DGT","Categoria":"Área de Edificação Dispersa","Classe":"Solo Rústico","DTCC":"1506","Data_PublicacaoPDM":"2025-04-14T00:00:00","Designacao_PlantaOrdenamento":"Solo Rústico - Áreas de Edificação Dispersa","Escala_PlantaOrdenamento":"1/12000","Fonte":"CM - Vectorial e Raster","ID":380003,"Municipio":"MOITA"},"geometry":{"type":"Polygon","coordinates":[[[-9.00124529819561,38.63613789703],[-9.00134296869905,38.6358582197327],[-9.00336347935716,38.6362595831257],[-9.00349947302191,38.6362997770873],[-9.00357144114026,38.6363221780037],[-9.00360422502733,38.6363339562546],[-9.00375448783772,38.636389809689],[-9.00383452299909,38.6364309917123],[-9.00388785130701,38.6364586207319],[-9.00401391532623,38.6365466164268],[-9.00413487527199,38.6366545983846],[-9.00378398023749,38.636640253619],[-9.00217918218386,38.6365746347656],[-9.0013748875653,38.6365417397137],[-9.00131639773707,38.6364935544689],[-9.00123619101129,38.6364453682046],[-9.00115484224825,38.6364104682749],[-9.00124529819561,38.63613789703]]]}},{"type":"Feature","id":"CRUS_Moita_V.380004","properties":{"Area_Ha":3.84274466970612,"Autor":"DGT","Categoria":"Área de Edificação Dispersa","Classe":"Solo Rústico","DTCC":"1506","Data_PublicacaoPDM":"2025-04-14T00:00:00","Designacao_PlantaOrdenamento":"Solo Rústico - Áreas de Edificação Dispersa","Escala_PlantaOrdenamento":"1/12000","Fonte":"CM - Vectorial e Raster","ID":380004,"Municipio":"MOITA"},"geometry":{"type":"Polygon","coordinates":[[[-8.99788114075462,38.6348681464762],[-8.99796108009381,38.6349867406638],[-8.9980320261505,38.6350750548352],[-8.99812620571337,38.6351589408534],[-8.99824631059314,38.6352123868196],[-8.99841102697778,38.6352690608976],[-8.99842285122346,38.6352728397109],[-8.99963310464537,38.6355135940271],[-9.00101386481877,38.6357882502344],[-9.00094383984353,38.6360086066305],[-9.00082538296208,38.6363792302597],[-9.0007129105942,38.63640219189],[-9.00067855024245,38.6364076569842],[-9.00061168024665,38.6364427340032],[-9.00053474862561,38.6364830886578],[-9.00046172097511,38.636541765588],[-9.00043190444739,38.6365843390566],[-9.00038540245634,38.6366507391879],[-8.99964509460611,38.6367256647725],[-8.99806923285243,38.6368851394715],[-8.99753338135062,38.6369189952603],[-8.99786763300711,38.6362952760262],[-8.99787518419391,38.6348629369891],[-8.99788114075462,38.6348681464762]]]}},{"type":"Feature","id":"CRUS_Moita_V.380005","properties":{"Area_Ha":3.08967887012716,"Autor":"DGT","Categoria":"Área de Edificação Dispersa","Classe":"Solo Rústico","DTCC":"1506","Data_PublicacaoPDM":"2025-04-14T00:00:00","Designacao_PlantaOrdenamento":"Solo Rústico - Áreas de Edificação Dispersa","Escala_PlantaOrdenamento":"1/12000","Fonte":"CM - Vectorial e Raster","ID":380005,"Municipio":"MOITA"},"geometry":{"type":"Polygon","coordinates":[[[-8.99800898951714,38.6077562045973],[-8.99801638424342,38.6077566030484],[-8.99810431524833,38.6077504058681],[-8.99938431133833,38.6076601879593],[-8.99909913874551,38.6096990760567],[-8.9990973139862,38.6097121207164],[-8.99900343761304,38.6097372716042],[-8.99896875822595,38.6097843993088],[-8.99894174669803,38.6098211082176],[-8.99892407557975,38.6098171952263],[-8.99761673553472,38.6095276799025],[-8.99739635144932,38.6108135145023],[-8.99737533603336,38.6109361261806],[-8.99737053425804,38.6109366624991],[-8.99726268338781,38.6109487011925],[-8.99726121882662,38.6109564869214],[-8.99724448397352,38.6110335083697],[-8.99724492346216,38.6110149222631],[-8.99724635607984,38.6109543239351],[-8.99725487980477,38.6105937323902],[-8.99730029232382,38.6103636645743],[-8.99752926856333,38.609275846301],[-8.99760054771476,38.6092728136496],[-8.99773749174612,38.6085590733425],[-8.99800898951714,38.6077562045973]]]}},{"type":"Feature","id":"CRUS_Moita_V.380006","properties":{"Area_Ha":32.7670167136203,"Autor":"DGT","Categoria":"Área de Edificação Dispersa","Classe":"Solo Rústico","DTCC":"1506","Data_PublicacaoPDM":"2025-04-14T00:00:00","Designacao_PlantaOrdenamento":"Solo Rústico - Áreas de Edificação Dispersa","Escala_PlantaOrdenamento":"1/12000","Fonte":"CM - Vectorial e Raster","ID":380006,"Municipio":"MOITA"},"geometry":{"type":"Polygon","coordinates":[[[-9.01405228246026,38.6361233855302],[-9.01428016201407,38.6361631749455],[-9.01464577387542,38.6362125331543],[-9.01476861811842,38.6362303586361],[-9.01487695353859,38.6361925072233],[-9.01487125629454,38.6361734197105],[-9.01486852086985,38.6361642565929],[-9.01486714099522,38.636159619726],[-9.01486696025011,38.6361590220512],[-9.01486569205339,38.6361547824996],[-9.01486554829878,38.6361542980477],[-9.01486553634038,38.6361542594031],[-9.01486552674496,38.6361542261455],[-9.01486547047538,38.6361540392016],[-9.01486545609882,38.6361539906664],[-9.01486542139407,38.6361538765254],[-9.014865355507,38.6361536545224],[-9.01486534470803,38.6361536167699],[-9.01486533395319,38.6361535826203],[-9.01486529802282,38.6361534621829],[-9.01486518902813,38.6361530963756],[-9.01486475429708,38.6361516412445],[-9.01486474348707,38.6361516025912],[-9.01486304407102,38.6361459132869],[-9.01485615995166,38.6361228486444],[-9.01485462125724,38.6361140602506],[-9.01483844044898,38.6360259660999],[-9.01483031985196,38.6359815625309],[-9.01479422909138,38.6357841729817],[-9.01479168493798,38.6357702773773],[-9.01478948314156,38.6357582654843],[-9.01478908436287,38.6357560885347],[-9.01476228191486,38.6356095363199],[-9.0147525816399,38.6354594222325],[-9.01474618936274,38.6353623065652],[-9.01475187786127,38.6353030598988],[-9.01476228209235,38.6351946935707],[-9.01476320367315,38.6351908906209],[-9.01476385199738,38.6351882193435],[-9.01487697387586,38.6347233750162],[-9.01495504872119,38.6344679110112],[-9.01496392368873,38.6344391975172],[-9.01496645411944,38.634432665601],[-9.01498561107369,38.6343832199727],[-9.01500583501958,38.6343310638736],[-9.01502513829475,38.6342811919538],[-9.01503945121953,38.634255105653],[-9.0150421899893,38.6342501125462],[-9.01508107103434,38.6341792456261],[-9.01508319982851,38.6341753660116],[-9.01510560544762,38.6341345274135],[-9.01517534025866,38.6340578923819],[-9.01521825777751,38.6340109105344],[-9.01516729587972,38.6339690063443],[-9.01512438085585,38.6339836725657],[-9.0145074722586,38.6339145313749],[-9.01436641685596,38.6335194879334],[-9.01391044303321,38.6331549181958],[-9.0142054856364,38.632369201355],[-9.01446565970161,38.6312587076512],[-9.01453874982314,38.631041907108],[-9.01465073121149,38.6307097396801],[-9.0145370274229,38.630519721345],[-9.01443883849361,38.6303556328979],[-9.01455571213723,38.6301043609278],[-9.01475329008828,38.6296818332822],[-9.01527089825159,38.6289807866133],[-9.01543667879738,38.6287562484858],[-9.01546251907575,38.6284801926006],[-9.01553555159293,38.6276999420955],[-9.015776157446,38.6286480265004],[-9.02016425141789,38.6293855906659],[-9.0203037254381,38.6296579852014],[-9.0207382438256,38.6295741714581],[-9.02156397844221,38.6294611317831],[-9.02152095930523,38.6296314608269],[-9.02139648854312,38.6301083849807],[-9.02135357130333,38.6302655343488],[-9.02127042318234,38.6304394450869],[-9.02117922983695,38.6305630688574],[-9.02107194066512,38.6306804054719],[-9.02090622844259,38.6308427339158],[-9.01933254781718,38.6323245554023],[-9.01920476836785,38.632444871344],[-9.01899555661842,38.6326690625297],[-9.01889095045517,38.6328283013223],[-9.01877829695738,38.633039920772],[-9.01870051290484,38.6332180156259],[-9.01864150556593,38.6335134426663],[-9.0185878601467,38.6341964818456],[-9.01845440900679,38.6342083483816],[-9.01841492113657,38.6342168202386],[-9.01829241228449,38.6342544443592],[-9.01827439594824,38.6342606683354],[-9.01825502355786,38.6342728920403],[-9.01815602542284,38.6343455029695],[-9.0180898828869,38.6344149790904],[-9.01806200022186,38.6344519492752],[-9.01801789214896,38.6345597366821],[-9.01800582156806,38.6346893758592],[-9.0180447137131,38.6348064443205],[-9.01808830447298,38.6348763514639],[-9.01801955282308,38.6349617690557],[-9.01799241101101,38.634994749345],[-9.01787037054646,38.6350974132079],[-9.01747275313747,38.6353179908314],[-9.01735409444678,38.6353837008788],[-9.01726006081946,38.6352271512686],[-9.01592478239122,38.6354533515428],[-9.01613667655313,38.635991807328],[-9.01614111243979,38.6360034483137],[-9.01491731330764,38.6366286984031],[-9.01416221665333,38.6370144735147],[-9.01415910819601,38.6370151752333],[-9.01402530443442,38.6363182757628],[-9.01405228246026,38.6361233855302]]]}},{"type":"Feature","id":"CRUS_Moita_V.380007","properties":{"Area_Ha":37.3658129673133,"Autor":"DGT","Categoria":"Área de Edificação Dispersa","Classe":"Solo Rústico","DTCC":"1506","Data_PublicacaoPDM":"2025-04-14T00:00:00","Designacao_PlantaOrdenamento":"Solo Rústico - Áreas de Edificação Dispersa","Escala_PlantaOrdenamento":"1/12000","Fonte":"CM - Vectorial e Raster","ID":380007,"Municipio":"MOITA"},"geometry":{"type":"Polygon","coordinates":[[[-8.97661689739135,38.6751450766667],[-8.9766138139404,38.6748815732263],[-8.97678335844942,38.6746701918361],[-8.97641199863882,38.673810689884],[-8.97682403564285,38.6737403560236],[-8.97695911041166,38.6735238344023],[-8.97738200832731,38.6729145555745],[-8.97790826074976,38.6723179993023],[-8.97780426361368,38.672251392814],[-8.97744098609063,38.6720788888019],[-8.9769489749863,38.6726617244283],[-8.976416855021,38.672759869494],[-8.97620917838814,38.6726535954416],[-8.97603368889018,38.6723584867383],[-8.97625524283498,38.6721817562626],[-8.97628821978819,38.6720602738599],[-8.97640640913557,38.6718708176138],[-8.97636286502684,38.6715345523086],[-8.9763579006373,38.6714962174353],[-8.97632532092987,38.6714622929226],[-8.97624226501229,38.6714429334741],[-8.97611310153729,38.6714303939052],[-8.97605202801444,38.6713497661979],[-8.9761183002715,38.6711407171604],[-8.97611829856572,38.6711403757677],[-8.97611614485682,38.6709297949016],[-8.97612876934116,38.6709671107153],[-8.97615946042533,38.671057823007],[-8.97622038797615,38.6712441602229],[-8.97616100461063,38.6712677596816],[-8.97645876329552,38.6714887134264],[-8.97670817497207,38.671364088215],[-8.97697639600576,38.6711463006832],[-8.97798758872541,38.6697442720835],[-8.97807476093956,38.6696071046767],[-8.97816757509606,38.6696527579814],[-8.97820887107538,38.6696730709087],[-8.97828531383945,38.6698343210593],[-8.9788968570102,38.6701777621398],[-8.9789840293962,38.6702971287829],[-8.98063761105412,38.6713818898248],[-8.98065973930663,38.6713604245484],[-8.98069393702931,38.6713541422345],[-8.98072478355786,38.6713582407441],[-8.98075093410354,38.671371419156],[-8.98080981154079,38.6712949095995],[-8.98075093415918,38.6712620002645],[-8.9807402058346,38.6712358240772],[-8.98073820754051,38.6712090207157],[-8.98075227554283,38.6711038939879],[-8.98073081729441,38.6710944703517],[-8.98079519110835,38.6701829978334],[-8.98077998203344,38.6699473594353],[-8.9807729849563,38.6698394433272],[-8.98071770064137,38.6689832049952],[-8.98068253838417,38.668438549568],[-8.98060341272736,38.6679835832902],[-8.98062151732325,38.6679804425134],[-8.9805745793276,38.6677113347989],[-8.9805893315445,38.6676820157074],[-8.98064297557453,38.667663168604],[-8.98057860199161,38.6674746876447],[-8.98054641627451,38.6673322793037],[-8.98054417132669,38.667318259228],[-8.9829480918781,38.6660799020611],[-8.98344856588825,38.6668045310431],[-8.98397964351026,38.6668799233431],[-8.98380261790587,38.6674579332526],[-8.98379188863748,38.6676129064543],[-8.98380798257421,38.6677636903898],[-8.98385349876887,38.6677651212956],[-8.98394668695511,38.6702147486067],[-8.98393818842968,38.6715304772396],[-8.98393009769131,38.6724457619579],[-8.98377323280176,38.6724424566365],[-8.98375183766554,38.6725281462849],[-8.98374883365588,38.6725390903811],[-8.98353262190732,38.6724700108786],[-8.98189915605655,38.6720145461297],[-8.98175968146744,38.672004075713],[-8.98134999602642,38.672836265797],[-8.98077719700843,38.6739589433818],[-8.98070209584779,38.6740803971766],[-8.98030512801109,38.6748845023674],[-8.98024343727728,38.6749829215464],[-8.98016833586801,38.6750583051831],[-8.97967480968509,38.675472918051],[-8.97889328689996,38.6762055138635],[-8.9787833163418,38.6762788030781],[-8.9786733458753,38.6763248699038],[-8.97855264649663,38.6763499975369],[-8.97848472311302,38.6763520370152],[-8.97841853616639,38.6763395276355],[-8.97837025589445,38.6763039300186],[-8.97834343348304,38.6762536752659],[-8.97821737026587,38.676255769035],[-8.97771043268411,38.6755773191262],[-8.97778821688044,38.6755417206013],[-8.97769165716088,38.6754412090459],[-8.9771122999206,38.6751417674343],[-8.97673142676388,38.6750663823935],[-8.9766197689312,38.6751431093189],[-8.97661689739135,38.6751450766667]]]}},{"type":"Feature","id":"CRUS_Moita_V.380008","properties":{"Area_Ha":88.2068547430277,"Autor":"DGT","Categoria":"Área de Edificação Dispersa","Classe":"Solo Rústico","DTCC":"1506","Data_PublicacaoPDM":"2025-04-14T00:00:00","Designacao_PlantaOrdenamento":"Solo Rústico - Áreas de Edificação Dispersa","Escala_PlantaOrdenamento":"1/12000","Fonte":"CM - Vectorial e Raster","ID":380008,"Municipio":"MOITA"},"geometry":{"type":"Polygon","coordinates":[[[-8.98047003175068,38.6159150014674],[-8.98046751207778,38.6159083158671],[-8.98038398936525,38.6156866622971],[-8.98020193023596,38.6152125387401],[-8.97984343242685,38.6142429835694],[-8.97961761177812,38.6136813643782],[-8.97939719492084,38.6130716156917],[-8.97902636910032,38.6121011990872],[-8.97872081611782,38.6113066481495],[-8.97839928656692,38.6104610409809],[-8.97808837452973,38.6096389628301],[-8.97798985367722,38.6093634883465],[-8.97760617796175,38.6082690144885],[-8.9787558583656,38.6081624408301],[-8.98002699654175,38.6080491395945],[-8.98114839035205,38.6079692302027],[-8.982633926583,38.6078297508421],[-8.98358439208156,38.607754204582],[-8.9846386785964,38.6076736045577],[-8.98661056810743,38.6075133739813],[-8.98754452117979,38.6074293357702],[-8.9888281601128,38.6073255729076],[-8.98967831577044,38.6072575983229],[-8.98968758995525,38.6072568566252],[-8.99068170044058,38.6121748741243],[-8.99075893781267,38.612556949808],[-8.99028456715258,38.6129498867798],[-8.98936524097789,38.6141279083771],[-8.98842515457965,38.6153324853177],[-8.98830132577462,38.615492759444],[-8.98830039425879,38.6154923428706],[-8.98813792268248,38.6154199636055],[-8.98794704952497,38.6153349289146],[-8.98767916841945,38.6157118569442],[-8.98725526459355,38.6162870436548],[-8.98713724713937,38.6165385308981],[-8.98713658766124,38.6165400445721],[-8.98047003175068,38.6159150014674]]]}},{"type":"Feature","id":"CRUS_Moita_V.380009","properties":{"Area_Ha":14.0228898680563,"Autor":"DGT","Categoria":"Área de Edificação Dispersa","Classe":"Solo Rústico","DTCC":"1506","Data_PublicacaoPDM":"2025-04-14T00:00:00","Designacao_PlantaOrdenamento":"Solo Rústico - Áreas de Edificação Dispersa","Escala_PlantaOrdenamento":"1/12000","Fonte":"CM - Vectorial e Raster","ID":380009,"Municipio":"MOITA"},"geometry":{"type":"Polygon","coordinates":[[[-8.99718597641732,38.6112730160697],[-8.99723905993523,38.6112629736535],[-8.99724161048117,38.6111550699134],[-8.99787174492897,38.6110319749113],[-8.99813490553662,38.6109805652294],[-8.99827572989448,38.6109506818609],[-8.99895877304154,38.6108057342513],[-8.99884326659237,38.6116752801187],[-8.99876341085252,38.6122764406656],[-8.99871640349405,38.6126303067662],[-8.99865580607438,38.6130864659893],[-8.99844620694031,38.6139882806189],[-8.99829688165977,38.6146307503541],[-8.99780531753916,38.6156102957153],[-8.99770434128172,38.6158885594823],[-8.99682764562556,38.6183043973093],[-8.99676736117877,38.6184705114367],[-8.99662226973342,38.6188703111699],[-8.99661826219784,38.6188697155832],[-8.99661201854291,38.6188687878853],[-8.99625580931552,38.618881751221],[-8.99535020710131,38.61891707332],[-8.99526305758876,38.6195118285414],[-8.99497841422559,38.6195473529344],[-8.99496884425136,38.6195485476409],[-8.99497094298739,38.6195351929671],[-8.99504852635722,38.6189492246786],[-8.99510959338477,38.618558141518],[-8.99526969834363,38.61752675416],[-8.99539175851644,38.6171654994037],[-8.99569527753312,38.6162671716336],[-8.99573210305974,38.6161581793681],[-8.99577547241628,38.6160421350314],[-8.99597265694868,38.6155145123581],[-8.9964186916597,38.6143209911191],[-8.99675000877205,38.6136230417296],[-8.99697905806902,38.6124314671477],[-8.99718601101116,38.6112752300113],[-8.99718597641732,38.6112730160697]]]}},{"type":"Feature","id":"CRUS_Moita_V.380010","properties":{"Area_Ha":1.69387541169208,"Autor":"DGT","Categoria":"Área de Edificação Dispersa","Classe":"Solo Rústico","DTCC":"1506","Data_PublicacaoPDM":"2025-04-14T00:00:00","Designacao_PlantaOrdenamento":"Solo Rústico - Áreas de Edificação Dispersa","Escala_PlantaOrdenamento":"1/12000","Fonte":"CM - Vectorial e Raster","ID":380010,"Municipio":"MOITA"},"geometry":{"type":"Polygon","coordinates":[[[-8.98046888759393,38.6657755716882],[-8.98036134332383,38.6658856733807],[-8.97973907095724,38.6665914408141],[-8.9796317825616,38.6667547919667],[-8.97952748212397,38.6669367761654],[-8.97948821887231,38.6670052818627],[-8.9794101378944,38.6671415071929],[-8.97915166696564,38.6675924878623],[-8.97895893010472,38.6678642116322],[-8.97890321718216,38.6679425251463],[-8.97890088648032,38.6679458011128],[-8.97890095350897,38.6679458339578],[-8.9787815225304,38.6680888175421],[-8.97874631882755,38.6681071413206],[-8.97843968322176,38.6682902233453],[-8.97819441293067,38.6684399160547],[-8.97819426034223,38.6684398378864],[-8.9781919453227,38.6684414220139],[-8.97818053706006,38.6684483847903],[-8.97836470234482,38.6680590169876],[-8.97847277309916,38.6677416516458],[-8.97848497546791,38.6673172068514],[-8.97855904290206,38.6670337673629],[-8.97892330971877,38.6665623178175],[-8.97935163841511,38.6663375160919],[-8.97948631590145,38.6659303532547],[-8.97958704068309,38.6658662589932],[-8.98046888759393,38.6657755716882]]]}},{"type":"Feature","id":"CRUS_Moita_V.380011","properties":{"Area_Ha":8.3971187213818,"Autor":"DGT","Categoria":"Área de Edificação Dispersa","Classe":"Solo Rústico","DTCC":"1506","Data_PublicacaoPDM":"2025-04-14T00:00:00","Designacao_PlantaOrdenamento":"Solo Rústico - Áreas de Edificação Dispersa","Escala_PlantaOrdenamento":"1/12000","Fonte":"CM - Vectorial e Raster","ID":380011,"Municipio":"MOITA"},"geometry":{"type":"Polygon","coordinates":[[[-8.97183245557529,38.6404197439963],[-8.97205679066932,38.6404274137442],[-8.97303692543279,38.6404609161868],[-8.97304596594647,38.6404612251131],[-8.97459847391164,38.6405304597922],[-8.97542970685178,38.6405804854517],[-8.97585984617599,38.6406158899234],[-8.97595600222923,38.6406240557369],[-8.97682297208401,38.6407024516251],[-8.97700920214312,38.6407207685073],[-8.97682667258599,38.6409099100899],[-8.97651547443891,38.6412297019096],[-8.97626444365671,38.6414972906649],[-8.97596504016692,38.6418177887108],[-8.97571827659745,38.6420796605341],[-8.97549565307143,38.6423331516352],[-8.97516105008466,38.6427102205423],[-8.97505783416271,38.642705280252],[-8.97497930529197,38.6427064408496],[-8.97490045362921,38.6427110348981],[-8.9748274568818,38.6427179306709],[-8.97481112676653,38.6427193642508],[-8.97476975644689,38.642722995801],[-8.97476835658887,38.6427231184738],[-8.97470526139532,38.6427310509258],[-8.9746455284875,38.6427408787803],[-8.97458289374923,38.6427526326885],[-8.97450329042633,38.6427680956317],[-8.97443394680576,38.6427868366444],[-8.97433920943577,38.6428189030291],[-8.97422301403545,38.6428719196982],[-8.97389891809254,38.6427806752995],[-8.97338323974041,38.6426367991713],[-8.97315379895605,38.6425744256002],[-8.97306407515481,38.6425500345826],[-8.97292435742426,38.6425120524829],[-8.97291830805938,38.6425100114389],[-8.97261114288649,38.6424044487599],[-8.97255056288968,38.6423714022127],[-8.97245236223639,38.6423137704413],[-8.97229061402179,38.642191774044],[-8.97216465696192,38.6420507136209],[-8.97214918193047,38.6420301204169],[-8.97208811283475,38.6419435555592],[-8.97204515610107,38.6418611405223],[-8.97201854622336,38.6418038543206],[-8.97200080038422,38.6416726111714],[-8.9719979355566,38.6416558406319],[-8.97195114214766,38.6413117806011],[-8.97192951285045,38.6411276931767],[-8.97187067201955,38.6407170532683],[-8.97183245557529,38.6404197439963]]]}},{"type":"Feature","id":"CRUS_Moita_V.380012","properties":{"Area_Ha":3.73203229309335,"Autor":"DGT","Categoria":"Área de Edificação Dispersa","Classe":"Solo Rústico","DTCC":"1506","Data_PublicacaoPDM":"2025-04-14T00:00:00","Designacao_PlantaOrdenamento":"Solo Rústico - Áreas de Edificação Dispersa","Escala_PlantaOrdenamento":"1/12000","Fonte":"CM - Vectorial e Raster","ID":380012,"Municipio":"MOITA"},"geometry":{"type":"Polygon","coordinates":[[[-8.97165869717112,38.6497901665033],[-8.97166208662606,38.6499569628319],[-8.97166335231327,38.6500572605245],[-8.97180397308017,38.6519801571063],[-8.96892820226428,38.6522134917545],[-8.96848295596266,38.6522009235199],[-8.96939103222317,38.6514171062845],[-8.97039095924539,38.6506984087662],[-8.97105519377419,38.6502218795319],[-8.97164558766225,38.6497951590724],[-8.97165869717112,38.6497901665033]]]}},{"type":"Feature","id":"CRUS_Moita_V.380013","properties":{"Area_Ha":3.34741484176917,"Autor":"DGT","Categoria":"Área de Edificação Dispersa","Classe":"Solo Rústico","DTCC":"1506","Data_PublicacaoPDM":"2025-04-14T00:00:00","Designacao_PlantaOrdenamento":"Solo Rústico - Áreas de Edificação Dispersa","Escala_PlantaOrdenamento":"1/12000","Fonte":"CM - Vectorial e Raster","ID":380013,"Municipio":"MOITA"},"geometry":{"type":"Polygon","coordinates":[[[-8.97489287570368,38.6661168235957],[-8.97490456292774,38.6661336890341],[-8.9750198997377,38.6660087287986],[-8.97502279845647,38.6660050866955],[-8.97515937789812,38.6658335062666],[-8.97586679522584,38.6649428311769],[-8.97608732158615,38.6646691744183],[-8.97622961774039,38.6644925952879],[-8.97622963354968,38.664492571753],[-8.97639274885206,38.6642529886397],[-8.97646603709942,38.6641219767351],[-8.97650628007244,38.6640046484939],[-8.97651404096026,38.6639802428559],[-8.97651525820675,38.6639748022208],[-8.97654236040799,38.6638536367041],[-8.97655316850387,38.6637019306613],[-8.97718257252665,38.6639288639281],[-8.97705433169158,38.6640218795691],[-8.97705434326819,38.6640219848798],[-8.9771078600288,38.6642973271819],[-8.97691362020933,38.664889674147],[-8.97661714109815,38.6653449042727],[-8.97639564834881,38.665760193581],[-8.97625568824558,38.6666929901514],[-8.97578383735396,38.6672085821898],[-8.97525797951477,38.6674093703826],[-8.97510385949411,38.667134725518],[-8.975200282516,38.6667795158428],[-8.975200263659,38.6667794754423],[-8.97489287570368,38.6661168235957]]]}},{"type":"Feature","id":"CRUS_Moita_V.380014","properties":{"Area_Ha":2.54620462529194,"Autor":"DGT","Categoria":"Área de Edificação Dispersa","Classe":"Solo Rústico","DTCC":"1506","Data_PublicacaoPDM":"2025-04-14T00:00:00","Designacao_PlantaOrdenamento":"Solo Rústico - Áreas de Edificação Dispersa","Escala_PlantaOrdenamento":"1/12000","Fonte":"CM - Vectorial e Raster","ID":380014,"Municipio":"MOITA"},"geometry":{"type":"Polygon","coordinates":[[[-8.99059023904556,38.6098359649946],[-8.99058729534706,38.6098212051255],[-8.99186107790747,38.6100053836165],[-8.99186109121264,38.6100055366571],[-8.99186140363739,38.6100080530372],[-8.9921203461432,38.6120598370179],[-8.99211415450531,38.6120612913435],[-8.99108243218747,38.6123034884293],[-8.99059023904556,38.6098359649946]]]}},{"type":"Feature","id":"CRUS_Moita_V.380015","properties":{"Area_Ha":5.73426074123578,"Autor":"DGT","Categoria":"Espaço Habitacional","Classe":"Solo Urbano","DTCC":"1506","Data_PublicacaoPDM":"2025-04-14T00:00:00","Designacao_PlantaOrdenamento":"Solo Urbano - Espaços Habitacionais - Tipo 0","Escala_PlantaOrdenamento":"1/12000","Fonte":"CM - Vectorial e Raster","ID":380015,"Municipio":"MOITA"},"geometry":{"type":"Polygon","coordinates":[[[-9.00365670797913,38.6063605911896],[-9.00402989633633,38.6064445102436],[-9.00367882328565,38.606831150901],[-9.00287654713868,38.6077146833386],[-9.00534954403056,38.6082931699348],[-9.00494989510225,38.6093558135953],[-9.00189754034025,38.6088024864235],[-9.0017105107247,38.6090196231325],[-9.00134079813898,38.6093162471636],[-9.00085147920179,38.6097079289066],[-9.00084075056068,38.6103367016943],[-9.00029780894615,38.6104714859996],[-9.00022217984898,38.6104902609006],[-9.00017399175688,38.6105022231551],[-9.00008709221615,38.6105237956313],[-9.00000791110129,38.6105434515831],[-8.99994675730499,38.6105586329188],[-8.99991578720259,38.6105663210728],[-8.99940418314917,38.6106933211834],[-8.99937456478977,38.6107006739934],[-8.99934787260747,38.6107073340282],[-8.99933739604588,38.6107099861081],[-8.99939625107881,38.6102494928565],[-9.00117753250772,38.6089911418299],[-9.00138553961515,38.6088447613748],[-9.00152196415134,38.6087131077285],[-9.00153369554658,38.608733058339],[-9.00286436299244,38.6072460594204],[-9.00318940308522,38.6068828215211],[-9.00365670797913,38.6063605911896]]]}},{"type":"Feature","id":"CRUS_Moita_V.380016","properties":{"Area_Ha":0.117843184558984,"Autor":"DGT","Categoria":"Espaço Habitacional","Classe":"Solo Urbano","DTCC":"1506","Data_PublicacaoPDM":"2025-04-14T00:00:00","Designacao_PlantaOrdenamento":"Solo Urbano - Espaços Habitacionais - Tipo 0","Escala_PlantaOrdenamento":"1/12000","Fonte":"CM - Vectorial e Raster","ID":380016,"Municipio":"MOITA"},"geometry":{"type":"Polygon","coordinates":[[[-8.99895877304154,38.6108057342513],[-8.99827572989448,38.6109506818609],[-8.99825609408832,38.6108982979676],[-8.99898515804355,38.6105103724913],[-8.99896611257313,38.610723573589],[-8.99895967969796,38.6107955816918],[-8.99895877304154,38.6108057342513]]]}},{"type":"Feature","id":"CRUS_Moita_V.380017","properties":{"Area_Ha":26.6282007833539,"Autor":"DGT","Categoria":"Espaço Central","Classe":"Solo Urbano","DTCC":"1506","Data_PublicacaoPDM":"2025-04-14T00:00:00","Designacao_PlantaOrdenamento":"Solo Urbano - Espaços Centrais - Núcleos Consolidados","Escala_PlantaOrdenamento":"1/12000","Fonte":"CM - Vectorial e Raster","ID":380017,"Municipio":"MOITA"},"geometry":{"type":"Polygon","coordinates":[[[-9.0362342913459,38.6479232139197],[-9.03623636385459,38.6479220475909],[-9.0364375184162,38.6478088044982],[-9.03645179777682,38.6478007662446],[-9.03645191297899,38.6478007013978],[-9.03631794548901,38.6476543560936],[-9.03619332080978,38.6477245154145],[-9.03610919011584,38.6477150515541],[-9.03565098119066,38.6476591391742],[-9.03564870543267,38.6475712246623],[-9.03564866637023,38.6475712240629],[-9.03564865224901,38.6475701900478],[-9.03518755620578,38.6475643360336],[-9.03518567233755,38.6474828952743],[-9.03518269007128,38.6473539806536],[-9.03518268211918,38.6473536212938],[-9.03489540372385,38.6473512935404],[-9.03461723006248,38.6470504446981],[-9.03465232101968,38.6467575252122],[-9.03471208956429,38.6466291367271],[-9.0349445245328,38.6466260496521],[-9.03492471477795,38.6452723236945],[-9.03492306580021,38.6451596474648],[-9.0343437103352,38.6451428885163],[-9.03429542912475,38.6436806451705],[-9.0346123130646,38.6436784656858],[-9.03490429030568,38.6436764557302],[-9.0349057746001,38.6431521015761],[-9.03490697449682,38.6427284956766],[-9.0348613767158,38.6425682317198],[-9.03478269812309,38.6425681490714],[-9.03478313003739,38.6425668693006],[-9.03483883809101,38.6424023626407],[-9.0353459625603,38.6409047335617],[-9.03530645377315,38.6407504392499],[-9.03547953844351,38.6405956006168],[-9.03560120100053,38.6404373471343],[-9.03569762837981,38.6403102516335],[-9.03575333229946,38.6402282115139],[-9.03581255323401,38.6401148799536],[-9.03581341562931,38.6401139508736],[-9.03603134271519,38.6402051403338],[-9.03618556988808,38.6401988386768],[-9.0361841073817,38.6402981052741],[-9.03817543484794,38.641098435206],[-9.0381562433435,38.6411371507815],[-9.03810945515329,38.6412982435198],[-9.03810386720511,38.6415387757479],[-9.038106211175,38.6416391163748],[-9.03812231809719,38.6423287917743],[-9.03811251384011,38.6426412039281],[-9.03813892765721,38.6430922706966],[-9.0381892603721,38.6433745864544],[-9.03825528628081,38.6437065151133],[-9.03826222634867,38.6437414045539],[-9.03826598378116,38.6439967078481],[-9.03827314919556,38.6443449523677],[-9.03828098550885,38.6447257900134],[-9.03828509021341,38.6449252352526],[-9.03828965548696,38.6451471339931],[-9.03813000955961,38.6455296854276],[-9.03808799578805,38.6456959774936],[-9.03805626723937,38.6460039379508],[-9.0381218969166,38.6461756407137],[-9.03816681884426,38.6462537442674],[-9.03821174201934,38.6463318477927],[-9.03836949372921,38.6464530870289],[-9.03842545447257,38.6464791430198],[-9.03854639304967,38.6465354540406],[-9.03858156544159,38.64654662832],[-9.03857896837296,38.6465626944605],[-9.03850141097405,38.6470366650264],[-9.03820857144374,38.6473110274133],[-9.03707423115497,38.6483026686819],[-9.03693831472129,38.6484214829365],[-9.0370425139688,38.6485015232027],[-9.03726317329678,38.6487835334812],[-9.03746879831334,38.6495301035727],[-9.03746877790554,38.649530216331],[-9.03738303053833,38.6499932333473],[-9.03731659643403,38.6503519598854],[-9.03710383493481,38.6504846425455],[-9.03689107264784,38.6506173248251],[-9.0355802663076,38.6513264433109],[-9.0355782399144,38.6513275399101],[-9.03554840579743,38.6513408803878],[-9.03539094353908,38.6511109694045],[-9.03513613347859,38.6507611524695],[-9.03501082428372,38.6505955590564],[-9.03494001184082,38.6505115834322],[-9.03493995820299,38.6505115198887],[-9.03601120035765,38.6494937649822],[-9.03545226049836,38.6491319810432],[-9.03545231117925,38.6491319004807],[-9.03610635899951,38.6480781067657],[-9.03623839993,38.6480762703737],[-9.03623835692474,38.6480730278085],[-9.03623809182113,38.6480529175864],[-9.0362342913459,38.6479232139197]],[[-9.03557216254766,38.6437703478995],[-9.03608982841128,38.6435294313907],[-9.03622393891547,38.643529432032],[-9.03623073914004,38.6435320306032],[-9.03655093113858,38.6436544134354],[-9.03659590608251,38.6436716029648],[-9.03660213041559,38.6436739816615],[-9.03660863156116,38.6436739818951],[-9.03665195948869,38.6436739814421],[-9.03675195074398,38.6436739819698],[-9.03675233437703,38.6436739817087],[-9.03674160533421,38.6426642210714],[-9.03673878127937,38.6426642482909],[-9.0367263240103,38.6426643715414],[-9.0365020999105,38.6426665789614],[-9.03647352867467,38.6426668599544],[-9.03621762560225,38.6426693790197],[-9.03618856283408,38.6426696655394],[-9.03610666084334,38.6426704716381],[-9.03609548408582,38.6426705813337],[-9.03503840204441,38.6426809801486],[-9.03499883928608,38.6427304214192],[-9.03499816981455,38.6427312589251],[-9.03499961686088,38.6429403526872],[-9.03500353383541,38.6435063878268],[-9.03557216254766,38.6437703478995]]]}},{"type":"Feature","id":"CRUS_Moita_V.380018","properties":{"Area_Ha":5.6131049446363,"Autor":"DGT","Categoria":"Espaço Central","Classe":"Solo Urbano","DTCC":"1506","Data_PublicacaoPDM":"2025-04-14T00:00:00","Designacao_PlantaOrdenamento":"Solo Urbano - Espaços Centrais - Núcleos Consolidados","Escala_PlantaOrdenamento":"1/12000","Fonte":"CM - Vectorial e Raster","ID":380018,"Municipio":"MOITA"},"geometry":{"type":"Polygon","coordinates":[[[-9.00618050214052,38.6547118356685],[-9.00611038299899,38.6546583269048],[-9.00472314907819,38.6536633127602],[-9.00420851488598,38.6532941732085],[-9.00422116126686,38.6532743162522],[-9.00523462590346,38.6524489562088],[-9.00524511248232,38.6524404915205],[-9.00639936014841,38.6532931933813],[-9.00890233642295,38.6551423259511],[-9.0087845689167,38.6552394352684],[-9.00835823159905,38.6555904189606],[-9.00789449189025,38.6559662502842],[-9.00618050214052,38.6547118356685]]]}},{"type":"Feature","id":"CRUS_Moita_V.380019","properties":{"Area_Ha":1.43149826621866,"Autor":"DGT","Categoria":"Espaço de Uso Especial Equipamentos e Infraestruturas","Classe":"Solo Urbano","DTCC":"1506","Data_PublicacaoPDM":"2025-04-14T00:00:00","Designacao_PlantaOrdenamento":"Solo Urbano - Espaços de Uso Especial - Infraestruturas","Escala_PlantaOrdenamento":"1/12000","Fonte":"CM - Vectorial e Raster","ID":380019,"Municipio":"MOITA"},"geometry":{"type":"Polygon","coordinates":[[[-8.99630929728285,38.6458299963161],[-8.99641725612364,38.6457907180422],[-8.99638938936,38.6450880309298],[-8.99707662722411,38.6452420515714],[-8.99711686039429,38.6451394028856],[-8.99847673983966,38.6454305908351],[-8.99831527033123,38.646136035372],[-8.99717023824904,38.6458679545021],[-8.99713218455985,38.6459044840609],[-8.99708423982594,38.645932502868],[-8.99702187772919,38.6459560709474],[-8.99696689345709,38.645967592064],[-8.99691277200671,38.6459726245746],[-8.99691056674424,38.6459728282267],[-8.99684887535918,38.6459665448151],[-8.9967871846379,38.6459487382397],[-8.99672147121715,38.6459141729849],[-8.99667587319534,38.6458764649147],[-8.99659943057005,38.6458576123054],[-8.99636327656493,38.6459381434616],[-8.99630929728285,38.6458299963161]]]}},{"type":"Feature","id":"CRUS_Moita_V.380020","properties":{"Area_Ha":0.905516482193262,"Autor":"DGT","Categoria":"Espaço de Uso Especial Equipamentos e Infraestruturas","Classe":"Solo Urbano","DTCC":"1506","Data_PublicacaoPDM":"2025-04-14T00:00:00","Designacao_PlantaOrdenamento":"Solo Urbano - Espaços de Uso Especial - Infraestruturas","Escala_PlantaOrdenamento":"1/12000","Fonte":"CM - Vectorial e Raster","ID":380020,"Municipio":"MOITA"},"geometry":{"type":"Polygon","coordinates":[[[-9.03172037141827,38.6520961756952],[-9.03171961481208,38.6520953815932],[-9.03186445353898,38.6516764450819],[-9.03188054759988,38.6512952099446],[-9.03184836116587,38.6510438454124],[-9.03271739674921,38.6510145198393],[-9.03274958318209,38.651131822788],[-9.03271581677087,38.6513579997484],[-9.03270605689981,38.6514233795308],[-9.03269213661171,38.6515166162572],[-9.03266944098614,38.6516686321983],[-9.03264823145153,38.6518107044336],[-9.03263201939536,38.6519192904627],[-9.03261010910348,38.6520660567616],[-9.03255357184343,38.6521763401015],[-9.03250535633808,38.6521718176679],[-9.03197775558311,38.6521223293517],[-9.03172247134169,38.6520983836492],[-9.03172037141827,38.6520961756952]]]}},{"type":"Feature","id":"CRUS_Moita_V.380021","properties":{"Area_Ha":1128.75452957151,"Autor":"DGT","Categoria":"Não atribuída","Classe":"Espaços Não Classificados","DTCC":"1506","Data_PublicacaoPDM":"2025-04-14T00:00:00","Designacao_PlantaOrdenamento":"Espaço não qualificado funcionalmente pelo PDM","Escala_PlantaOrdenamento":"1/12000","Fonte":"CM - Vectorial e Raster","ID":380021,"Municipio":"MOITA"},"geometry":{"type":"Polygon","coordinates":[[[-8.994852039265,38.6505651480474],[-8.99489927578921,38.6506630285118],[-8.99499417007587,38.6507358207658],[-8.99527023030807,38.650923123329],[-8.99545869044063,38.6512964822649],[-8.99564715256051,38.6516698408509],[-8.9961802591382,38.6531649034755],[-8.99638885929193,38.6536822465074],[-8.99703777479957,38.6540954394815],[-8.99787084330234,38.6545216786019],[-8.99860898365384,38.6547035868652],[-8.99941915040203,38.6547552346923],[-9.00009653820285,38.6544763538019],[-9.00064792599414,38.6544290197535],[-9.00101279281771,38.6545757000066],[-9.00113695906036,38.654752317547],[-9.00126112476989,38.6549289349518],[-9.00144561996956,38.6549708041638],[-9.00195847345599,38.654779615676],[-9.00195951923877,38.6548660879515],[-9.00146819824582,38.6553165585182],[-9.00156339124963,38.655581035437],[-9.00294929794142,38.656075194815],[-9.00398654398392,38.6566440038913],[-9.00450383363156,38.6570200911606],[-9.00467337559983,38.657143351686],[-9.0053816920479,38.658109267437],[-9.00539234428998,38.6581169520368],[-9.00538362835414,38.6581494676329],[-9.00539703921772,38.6583023657381],[-9.00548689331925,38.6583809096983],[-9.00557540680023,38.658404996419],[-9.00611855387768,38.6584824927682],[-9.00616146965382,38.658520193622],[-9.00614001178811,38.6586039727945],[-9.00619902031731,38.6586353902112],[-9.0062741225093,38.6586730912808],[-9.00629557984031,38.6587673426507],[-9.00651283896667,38.6589474678373],[-9.0065342958646,38.6589872628103],[-9.00651015670389,38.6590249633815],[-9.00654234332744,38.659071042418],[-9.00653429592016,38.6591778604839],[-9.00660135201209,38.6593140010049],[-9.00658525845176,38.6593684568275],[-9.00662549116119,38.6594480469407],[-9.00676228414346,38.659445952422],[-9.00671132235902,38.6595402032102],[-9.00675155566489,38.6596805318276],[-9.00681056264205,38.6596930986988],[-9.00675960236749,38.6598774101382],[-9.00696345006344,38.6602816385794],[-9.00693662814511,38.6604156823031],[-9.00699027047573,38.6606712028028],[-9.00707610263338,38.660805246178],[-9.00717266159698,38.6611277873276],[-9.00763400219234,38.6619990586158],[-9.00855286812922,38.6626642513448],[-9.00855402016263,38.6626663001587],[-9.00855379677757,38.6626662594929],[-9.00855454275687,38.6626672303811],[-9.00880324187773,38.6629908850228],[-9.00908219184904,38.663359491477],[-9.00937187101346,38.6636108123531],[-9.00974738000952,38.6637783594433],[-9.01025163538426,38.6638788893335],[-9.01069151716141,38.6638705118527],[-9.01126790910061,38.6637826956082],[-9.01164341906672,38.6637072997091],[-9.01202965710712,38.6635146202124],[-9.01221741135901,38.6633805820348],[-9.01245881063844,38.6632968077668],[-9.01270020892117,38.6632800537122],[-9.01296306512246,38.6633219413142],[-9.01317764250926,38.6634308465726],[-9.01329029512381,38.6636005408447],[-9.01338148998784,38.6638916014316],[-9.01342440585388,38.6642769584089],[-9.01355315122239,38.6645534080114],[-9.01369262621639,38.6647125758319],[-9.01384872318142,38.6648524726369],[-9.01407939337975,38.6649697531848],[-9.01429396985522,38.6650200158412],[-9.01447636087802,38.6650032612524],[-9.0146641149098,38.6650032614376],[-9.01478213258283,38.6650535248855],[-9.01490014974395,38.6651414850373],[-9.01505035318509,38.6652713311447],[-9.01522201407909,38.6653383490395],[-9.01541513347717,38.6653383498877],[-9.01557070228033,38.6653257828784],[-9.01574236364678,38.6653090288976],[-9.01587110936606,38.6653928003345],[-9.01599985564841,38.6655268346441],[-9.01616078759347,38.6656357375176],[-9.0163539064726,38.6656776232654],[-9.01657921272555,38.6656357376891],[-9.01689034902275,38.6656524913263],[-9.01704055248406,38.6657362632673],[-9.01718002744307,38.6659624448068],[-9.01739460434464,38.6661718727492],[-9.01773792720438,38.6663310373452],[-9.01815635149355,38.6663729219058],[-9.01846748751393,38.6663226587935],[-9.01878935277277,38.6662975288861],[-9.01903611588853,38.666398052489],[-9.01915413252692,38.6665991023087],[-9.01919704843215,38.6670682126034],[-9.01932579461451,38.6673446519951],[-9.01957255751963,38.6675289445863],[-9.02015727902516,38.6678263244224],[-9.02015753062247,38.6678260423646],[-9.02015806316715,38.6678276705801],[-9.01983610038693,38.6681944398403],[-9.02141860348551,38.6689827186796],[-9.02105918750489,38.6694560028127],[-9.02154734960628,38.6697031150369],[-9.02166536752812,38.6695607114402],[-9.02127912946208,38.6693680476286],[-9.02152589202476,38.6690392614553],[-9.02208379126975,38.6692968459158],[-9.02256658907283,38.6689910956806],[-9.02488393545965,38.6667315151917],[-9.02488720066494,38.6667335369192],[-9.02505081689071,38.6665806562823],[-9.02506690980073,38.6664759440646],[-9.02520638534997,38.6663712303608],[-9.02538877557409,38.6664675671392],[-9.02530294505393,38.6669241135918],[-9.02519565632239,38.6670120720015],[-9.02507227494227,38.6671963650571],[-9.0249757149266,38.6674728037302],[-9.02476650271267,38.6677827489767],[-9.0246806720769,38.66801311332],[-9.02475040798825,38.6681429539375],[-9.0253673175283,38.6680968817093],[-9.02547460595214,38.6681178238564],[-9.02550434003356,38.6681785560863],[-9.02569209357378,38.6682099693283],[-9.02603809869323,38.6681827444379],[-9.02638678684509,38.6681178237776],[-9.02663086759466,38.6680675628358],[-9.02683471485799,38.6680403378761],[-9.02736311033947,38.668101070294],[-9.02749453819791,38.6680926931688],[-9.02793173926781,38.6679796061236],[-9.02794246776088,38.6679042142703],[-9.02782176871904,38.6675858924229],[-9.02786736537674,38.6675461019789],[-9.02798001902056,38.6674958410042],[-9.02827506111075,38.667439296369],[-9.02841185421429,38.6675796095227],[-9.02855401175889,38.6675481966337],[-9.02862643139478,38.6674434850953],[-9.02914141492167,38.6674539564387],[-9.02929966555187,38.6674769926571],[-9.02943645673512,38.6676361539037],[-9.02934258015888,38.6676906034503],[-9.02925138544822,38.6677659958425],[-9.02914946173689,38.6680089249855],[-9.02946328038432,38.668628808863],[-9.02954374495824,38.6687104831339],[-9.02984415423535,38.6688214750057],[-9.02999704023109,38.668890583276],[-9.03046374407693,38.6694622942884],[-9.03053348189581,38.6695041779648],[-9.03058980763416,38.6694916128573],[-9.03171365322807,38.6686246211207],[-9.03173242920175,38.668547135806],[-9.0313956147862,38.667675944279],[-9.03134196987206,38.667476992553],[-9.03124540923015,38.6673157365301],[-9.03110593629986,38.6669136426272],[-9.03127759739237,38.6664487185175],[-9.0314197536424,38.6661471443405],[-9.03138220402075,38.6656089159518],[-9.03124809287006,38.6647732913162],[-9.03120785984077,38.6647481597901],[-9.03115421576513,38.664754442219],[-9.03099596549072,38.6647795743875],[-9.03093695629394,38.6647376878504],[-9.03077065861979,38.6645638599625],[-9.03066873574659,38.6645973692198],[-9.03061509015721,38.6645471062305],[-9.03056412916196,38.6643649000688],[-9.03059095103833,38.6642811276975],[-9.03082430358603,38.6635543933807],[-9.03086185545617,38.6634999407853],[-9.03095305005658,38.6632381466955],[-9.03095036740665,38.6631313347768],[-9.03094500327412,38.6630768818862],[-9.03131031471267,38.6619354478195],[-9.03320225249734,38.6614885751119],[-9.03325857941224,38.6614655368882],[-9.03347315539031,38.6611744141003],[-9.03359117145973,38.6603910995962],[-9.03358312486077,38.6598737717536],[-9.03343292221993,38.6596140590058],[-9.03331758698062,38.6593124560891],[-9.0332398034962,38.6592286773663],[-9.03297962969942,38.6584914205928],[-9.03296085282378,38.6582903489838],[-9.0330037687714,38.6581919069067],[-9.03297962916369,38.6581479226268],[-9.03279992174334,38.6581332608297],[-9.03249951426155,38.6576159173819],[-9.03243514046954,38.657458828471],[-9.03243245841971,38.6573184948822],[-9.03238685980258,38.657249375488],[-9.03226079760778,38.6571781614171],[-9.03211059191731,38.6572074850044],[-9.03192187563765,38.656875796476],[-9.03152759102858,38.6566830989454],[-9.03136665884709,38.6567270843742],[-9.03153295577694,38.6571543699604],[-9.0309428691897,38.6573344990501],[-9.03096700975551,38.6575491878541],[-9.0308905669714,38.6576057397418],[-9.03089861349281,38.6576664813267],[-9.03086374505719,38.6576717168872],[-9.03087447253732,38.6578884994226],[-9.03074572774565,38.6578937357006],[-9.03074304549837,38.657969138234],[-9.0307407891307,38.6579697789059],[-9.03074575831566,38.6576772264102],[-9.03079488976314,38.6573969192075],[-9.03080638319338,38.6574094773823],[-9.03074962502265,38.6576599013059],[-9.03074876090894,38.6578926494751],[-9.03087308902833,38.6578879227175],[-9.03085265160455,38.6576681042325],[-9.03089040378045,38.6576657345178],[-9.03088255776668,38.657608906286],[-9.03096134926434,38.6575472405284],[-9.0309382174876,38.6573347680641],[-9.0310010716091,38.6573152984485],[-9.03100113871681,38.6573154285499],[-9.03152547818022,38.6571511610808],[-9.03117922839408,38.6562532748133],[-9.03160545509219,38.6561638819875],[-9.03158392106185,38.6560829966719],[-9.03158482404324,38.6560828140791],[-9.03160695160014,38.6561629309537],[-9.03163578558555,38.6561561236852],[-9.03229829136646,38.6559943179718],[-9.03260530867191,38.6558599743328],[-9.03267984322701,38.6560057286099],[-9.03313631131779,38.6565424886342],[-9.03345391131739,38.6569515846548],[-9.03368184128955,38.6570158805033],[-9.03405707255575,38.6575526739972],[-9.03399129747176,38.6580585448659],[-9.03418070826905,38.6584679323849],[-9.03447380173015,38.6588421973025],[-9.03491045280859,38.6591651493533],[-9.03500693807179,38.6593498636806],[-9.03517493473466,38.6598877925308],[-9.03511078355188,38.6601319238635],[-9.03480021825714,38.6602695109566],[-9.03473854069572,38.6605956879627],[-9.03488315658839,38.6608710025041],[-9.034800812118,38.6609712066863],[-9.03480687781787,38.6617218755346],[-9.03460146638879,38.6620442861361],[-9.03408262381375,38.6626569167337],[-9.03368977653115,38.6627160009515],[-9.03339163911317,38.6629046091683],[-9.03312035026497,38.6632810850252],[-9.03323656893023,38.6633735219452],[-9.03351663498434,38.6640795006932],[-9.03378909576877,38.6643038718501],[-9.03487269464107,38.6647321134283],[-9.03544822360977,38.6645522353605],[-9.0357702769647,38.6642166092889],[-9.0357390680627,38.6636954044363],[-9.03561555838524,38.6636770452247],[-9.03556948750944,38.663934905904],[-9.0354080433394,38.6642022034699],[-9.03529965330166,38.664118958693],[-9.03530926606668,38.6634602420879],[-9.03582452084241,38.66317598809],[-9.03605098616487,38.6626101331197],[-9.03594427776927,38.6623567197121],[-9.0360139447178,38.6621655396603],[-9.03602778091874,38.6618431184324],[-9.03633928440883,38.6617556334081],[-9.03684959239989,38.6617526806293],[-9.03736721514586,38.661805618828],[-9.03785063886509,38.6616888765481],[-9.03788843877082,38.6614282017322],[-9.03837183749978,38.660986698302],[-9.03877041044674,38.6608549430567],[-9.03931514569171,38.660844194871],[-9.03992138882251,38.6604081109107],[-9.04002337353508,38.6604038205763],[-9.04016886761177,38.6604008204984],[-9.04073278624659,38.6607036079761],[-9.04033712940569,38.6610159600063],[-9.04044045087779,38.6612882539783],[-9.04061443294387,38.6612914892973],[-9.04062792256796,38.6614375362448],[-9.0403466553992,38.6616350987123],[-9.04010604966267,38.6617880239158],[-9.03994646764685,38.6619013724658],[-9.03980583774633,38.6620986556899],[-9.039952307638,38.6623637784621],[-9.04006229447731,38.6625731288043],[-9.04038730001984,38.6628088380011],[-9.0407466676176,38.6629321684768],[-9.04091103199584,38.6631971511247],[-9.04073515430296,38.6634367503345],[-9.04084503868185,38.6636376700728],[-9.04077950484846,38.6641146444549],[-9.0409291691522,38.6643507848071],[-9.04122721084018,38.664522283579],[-9.04150643730469,38.6648228811223],[-9.04161439530917,38.6649470243692],[-9.04179702340196,38.6650172923662],[-9.04209764894279,38.664950215738],[-9.04229128457879,38.6650993536011],[-9.04198540780294,38.6654291714884],[-9.04214009796229,38.6656110960313],[-9.04251544939669,38.6654633562407],[-9.04262821445154,38.665459303174],[-9.04277956125565,38.6655878019851],[-9.04277349373852,38.6660836982104],[-9.0434594125332,38.6666442747395],[-9.04328133951078,38.6668081913626],[-9.04297047440022,38.6674535418886],[-9.04298881098004,38.6682484817328],[-9.04304924608853,38.6683175435177],[-9.04339306861162,38.6682939514437],[-9.04336401015296,38.6689108842],[-9.04309437520262,38.6690842238226],[-9.04357324643034,38.6696955622361],[-9.04380535814638,38.6696242024455],[-9.04402422893926,38.669652472137],[-9.04407771273727,38.669825832712],[-9.04389681381013,38.6699853168625],[-9.0436181943478,38.6706625717798],[-9.04364401375032,38.6708161735304],[-9.04363663656797,38.6708265802661],[-9.04363663644951,38.67121189967],[-9.04333622989214,38.6717228626373],[-9.04248865121023,38.6720076611786],[-9.04223115883118,38.672057918927],[-9.04216678653267,38.6722505754286],[-9.0427676014536,38.6739174512527],[-9.04322894106403,38.6747634384903],[-9.04405826921663,38.676184643822],[-9.04427873959192,38.6765615335156],[-9.04426688612957,38.6765656028985],[-9.04412204621028,38.6763059514264],[-9.04404694462993,38.6764985960128],[-9.04386991929855,38.676636798171],[-9.04354268985836,38.6767163680502],[-9.043419307916,38.6772272921164],[-9.04323155309818,38.6775204441564],[-9.04263073842428,38.6780271746211],[-9.04243225498715,38.6780858044666],[-9.04221231375982,38.6784585205445],[-9.04221231399527,38.6787097896607],[-9.04238397508158,38.6789024279538],[-9.04259318797501,38.6789694321707],[-9.04299551888486,38.6789108034551],[-9.04329592643625,38.6787684184845],[-9.04429907294509,38.6781821240833],[-9.04522711728315,38.6777088978394],[-9.04522657711719,38.6777049997874],[-9.0452410224246,38.6777038566089],[-9.04524169216428,38.6777078230119],[-9.04534617326727,38.6778905865776],[-9.04495818169702,38.6781407954491],[-9.04471891547776,38.6783027364846],[-9.04450604435191,38.6784618527085],[-9.04434207692596,38.678580505524],[-9.04420044797878,38.6786671858519],[-9.04375344205587,38.6789675782172],[-9.04349499500498,38.6791394812182],[-9.04324326249725,38.6792794439843],[-9.0430015239258,38.6793917639827],[-9.04279838343544,38.67947621968],[-9.04219390773376,38.6797115293192],[-9.04274639232684,38.6806599072671],[-9.0424176479141,38.680844698299],[-9.04157207237539,38.6813621205636],[-9.04028218278822,38.6821425063329],[-9.03961406793282,38.6825094527099],[-9.0389806315512,38.6828291022255],[-9.0386340428678,38.6829947464561],[-9.03814657027278,38.6831613872684],[-9.03745550373304,38.6833822199453],[-9.03689043800116,38.6835383820183],[-9.03624445831072,38.6837035365048],[-9.03532428065804,38.6839066603932],[-9.03465438319413,38.6840250652894],[-9.03411984300943,38.6841191703153],[-9.03319432689777,38.6844744645425],[-9.03241812515616,38.6847682488444],[-9.03251448737341,38.6901172237645],[-9.03145138656832,38.6904877985539],[-9.03038827392061,38.690830795749],[-9.02946813800129,38.6910642312707],[-9.02561074682673,38.6919308803735],[-9.0226797943956,38.692548762399],[-9.02009277490136,38.6930706310294],[-9.01766866820397,38.693571396316],[-9.01596487545834,38.6939141610497],[-9.01404733658563,38.6942337439981],[-9.01254636609109,38.694481424313],[-9.00971372575021,38.6949508690715],[-9.00448075356391,38.695831917775],[-9.0009326146368,38.6963506260968],[-8.99752742502525,38.6967744889015],[-8.99670449003108,38.6967811171637],[-8.99229399383435,38.6968164482492],[-8.9899697630562,38.6968335280021],[-8.98780921285791,38.6968597226769],[-8.98590074160487,38.6968671889305],[-8.98493688383236,38.6958965019645],[-8.98411523886724,38.6950711528897],[-8.98381120585291,38.6947677757835],[-8.98290843621143,38.6938669336574],[-8.98200928778195,38.6929670921956],[-8.98163996917467,38.6925964861535],[-8.98135851776971,38.6922689322158],[-8.98106832837068,38.6918729782475],[-8.9804212883489,38.6910317367522],[-8.9796642413843,38.6900709444425],[-8.97933668336766,38.6896524706942],[-8.97902240258796,38.6892295715885],[-8.97853632421916,38.6883497731665],[-8.97824156304216,38.6878066529168],[-8.97796604910454,38.6873069033423],[-8.97778705530406,38.6869223882587],[-8.97750984969101,38.6862691512394],[-8.97723819377742,38.6856469546932],[-8.97708795265123,38.6852144874277],[-8.97689389222193,38.6846810859136],[-8.97686832033354,38.6845299410125],[-8.97685304460451,38.6841299156619],[-8.97684520597292,38.683688400607],[-8.97688657694962,38.6833854369454],[-8.97701500937947,38.6828433971586],[-8.97707924398925,38.6824615373392],[-8.97708497386349,38.6822749415356],[-8.97703889798464,38.6821778089839],[-8.97691083915959,38.6820772107527],[-8.9766979938273,38.6819688564527],[-8.97617468100113,38.6817571626133],[-8.9758082505215,38.6816249570184],[-8.97572813383082,38.6815550041265],[-8.97569292245415,38.6814827440847],[-8.9756920456737,38.6814080729336],[-8.97570863648961,38.6813624637487],[-8.9757542519618,38.6813030406051],[-8.97603847744412,38.680963103816],[-8.97618650318715,38.6807967250209],[-8.97640091501873,38.6806599658906],[-8.97678033548961,38.6807099344291],[-8.97660519316623,38.6805319893224],[-8.97660526625446,38.6805319500607],[-8.9767803352956,38.6807098200285],[-8.97692573183288,38.6807314406473],[-8.97702798250633,38.6807364211301],[-8.97707526795839,38.6807227345033],[-8.97717579789857,38.6806848337373],[-8.97732766095393,38.6805636344092],[-8.97740553162314,38.6804610806332],[-8.97746875905471,38.6803548203301],[-8.97755521249659,38.6802579227832],[-8.97760970870118,38.6801775433638],[-8.97765573682227,38.6802323320205],[-8.97784697536755,38.6800272567359],[-8.97807764508332,38.6799414084974],[-8.97836464102353,38.6799435016815],[-8.97852557430762,38.6798618408501],[-8.97867309491047,38.6799937544902],[-8.9786382271621,38.6801319492583],[-8.97836732363945,38.6802596749726],[-8.9780964210545,38.680651224534],[-8.97802131828384,38.6808396701466],[-8.97797840302846,38.6811600273629],[-8.97772627533787,38.6812793754012],[-8.97752242833053,38.6813400959541],[-8.97743659759115,38.6813338146076],[-8.9769967148446,38.6814699129865],[-8.97706913500811,38.6815369154698],[-8.97724615995584,38.6815787916843],[-8.97743123265399,38.6817567658797],[-8.97769945383532,38.6818886757872],[-8.97781747122871,38.6820080229295],[-8.9778818437764,38.6821608700767],[-8.97786720998178,38.6823539655666],[-8.97792755946089,38.6824199196813],[-8.97798522132957,38.6825287101345],[-8.97803074572041,38.682594876313],[-8.9782279618447,38.6828815130403],[-8.97854982733099,38.683132766151],[-8.97855448359208,38.6831732674399],[-8.97856860277792,38.68329607924],[-8.97833793269964,38.6834279864775],[-8.97819041074171,38.6835766436968],[-8.97814749544991,38.6836457377369],[-8.9781045800765,38.6837148317614],[-8.97798119794194,38.683777644366],[-8.97794632996626,38.6838341757031],[-8.97778539759824,38.6838812849847],[-8.97762446501567,38.6839283940469],[-8.97755740901644,38.6837399565593],[-8.97747962510907,38.6837860195395],[-8.97742329882047,38.6840414569198],[-8.97747426108605,38.6840822849241],[-8.97752522340956,38.6841231129054],[-8.97769688383194,38.6841419566752],[-8.97769956657366,38.6842340803844],[-8.97773577616304,38.6842654865791],[-8.97777198578413,38.684296892762],[-8.97791146084864,38.6843178306352],[-8.97809921616423,38.6844790482689],[-8.97819041041651,38.6845125477313],[-8.97818772869319,38.6846130462115],[-8.97827355888482,38.6846632960552],[-8.97835913418288,38.684790346503],[-8.97854714509808,38.685069477449],[-8.97874294527824,38.685121820743],[-8.97882341202355,38.685216037481],[-8.97882263915226,38.6852843319879],[-8.97894065644189,38.6854476406502],[-8.97889505865074,38.6856444489129],[-8.97893921215607,38.6857038468273],[-8.97902112328291,38.6858140382236],[-8.97912841123204,38.6858998787356],[-8.9791847379575,38.6862223069948],[-8.97939931367991,38.686331178277],[-8.97942077205323,38.6866033552579],[-8.97943228836756,38.6866155173884],[-8.9796031625836,38.6867959733245],[-8.97968631051981,38.6868420338676],[-8.9797748231884,38.6868734381969],[-8.97990088768083,38.6868755322969],[-8.9800886423838,38.686873438443],[-8.9805070662634,38.6867813169645],[-8.98069750288421,38.6867059449833],[-8.98082893169918,38.6866012622818],[-8.98095231271063,38.6865300773495],[-8.98110251642096,38.6864735475096],[-8.98119371158668,38.6864588922279],[-8.98154239934657,38.6866159175187],[-8.98150753005378,38.6866871023383],[-8.98149948354263,38.6868901879453],[-8.98159604320051,38.686969747031],[-8.98151289526897,38.6870304625981],[-8.98149948444819,38.6871707381683],[-8.98140024200898,38.6872628588658],[-8.98138683102927,38.6873235742539],[-8.9813734200278,38.6873842896402],[-8.98141097083371,38.6874512864263],[-8.98136269151242,38.6875496880092],[-8.98148875496332,38.6876376205012],[-8.9815558106333,38.6875475943177],[-8.98158263185132,38.6875015344965],[-8.9816496880252,38.6875517820062],[-8.98162554770506,38.687608309524],[-8.98169260251608,38.6876815869147],[-8.98172747135212,38.6877569579916],[-8.98169796710822,38.6878658267959],[-8.98201178534583,38.6879391038878],[-8.98228537076702,38.6882824587792],[-8.98270640564094,38.6883111599067],[-8.98418973917953,38.6884122635877],[-8.98564349670761,38.6884373865774],[-8.98567892790661,38.6884463805404],[-8.98630332042421,38.6886048760882],[-8.98660574809885,38.6887348982751],[-8.98904990269756,38.6897856628886],[-8.98936640257412,38.6889356658951],[-8.9894790555847,38.6888728577509],[-8.98975096930581,38.6888791540783],[-8.99074505824017,38.6889021674182],[-8.99086844039822,38.6891240891277],[-8.9909971864514,38.68923295595],[-8.99115275433943,38.6891659615223],[-8.991458526423,38.6889691634302],[-8.99180960054129,38.6889123822261],[-8.9920539759832,38.6888728573293],[-8.99241339263741,38.6888686701335],[-8.99257432526541,38.6888267982734],[-8.99272989267542,38.6887011821306],[-8.99293910569512,38.6885336930688],[-8.99299602931462,38.688527702329],[-8.99317782224729,38.6885085699355],[-8.99341653862351,38.6884834463165],[-8.9944625998969,38.6883243312635],[-8.99473082087423,38.6882698971722],[-8.99496149138211,38.6881484674025],[-8.99671565563294,38.6874324437635],[-8.99713944486785,38.6875873732805],[-8.99769734456111,38.6870430251227],[-8.99769734386761,38.686921592648],[-8.99697107888334,38.6862390559176],[-8.99695498513166,38.6861762457334],[-8.99693084525693,38.6861343719489],[-8.99686915443164,38.6860736551167],[-8.9967672303541,38.6859940951683],[-8.99656874766149,38.6859166290466],[-8.99634075970598,38.6858391623922],[-8.99606756328318,38.685785682627],[-8.99548513458162,38.6856716664648],[-8.99470729460366,38.6855041704021],[-8.99450076449797,38.6854162350751],[-8.99427814122474,38.6852801439413],[-8.99410916209692,38.6851356781343],[-8.99392677155543,38.6849430566628],[-8.99367464360804,38.6843337814798],[-8.99367124536563,38.6842361623904],[-8.99366123271107,38.683948533436],[-8.99363977489457,38.6838668769217],[-8.99357003773049,38.6837768459737],[-8.99344933871755,38.6836930955647],[-8.99331254613964,38.6836512209736],[-8.99323476135834,38.683517220527],[-8.99321330388099,38.6834271882685],[-8.99335277906706,38.6831926862663],[-8.99347079582537,38.6829812160235],[-8.99354589812641,38.6827236809241],[-8.99362099982344,38.6825017391575],[-8.99378193173222,38.6823719239716],[-8.99418426319446,38.6820704176283],[-8.99491382417269,38.681817067255],[-8.99512035421172,38.6818086918093],[-8.99522764309587,38.681783565773],[-8.99542076238048,38.6817019075331],[-8.99557632991672,38.6815951224046],[-8.99562997381523,38.6814736815157],[-8.99571848673943,38.6811261064128],[-8.99578554261086,38.6811198250342],[-8.99591697028762,38.6810821360768],[-8.99609399658384,38.6809502244091],[-8.9960832677136,38.6808057500788],[-8.99616105131458,38.6808141246435],[-8.99634612387694,38.6810109459442],[-8.99641854319778,38.6810004764202],[-8.99646145872594,38.6809334741389],[-8.99642390812823,38.6807827174781],[-8.99650437445837,38.680587989798],[-8.99667603535523,38.6805335498023],[-8.99716956191123,38.6806047412894],[-8.99723661787936,38.6806780251181],[-8.99732781270682,38.6808078432182],[-8.99754507190761,38.6810088521922],[-8.99773819064261,38.6811575134738],[-8.99795506913554,38.6813558292805],[-8.99800871310363,38.6813642045693],[-8.99827156986845,38.6813348912159],[-8.99843518494593,38.681334891372],[-8.99885897398634,38.6812678889176],[-8.99963949572554,38.6813390789858],[-8.99964754237243,38.6815798685257],[-8.99951879736144,38.6815903375822],[-8.99934713547156,38.6815589299408],[-8.99922375403067,38.6817264353451],[-8.99862293946369,38.6818792833504],[-8.99845932437071,38.6818771899991],[-8.99829034518145,38.6818269387052],[-8.99819110303411,38.6818520638739],[-8.99811063687221,38.6819400035137],[-8.99805162837143,38.6820111934313],[-8.99781023015268,38.6820865704753],[-8.99772708089663,38.6820656317672],[-8.99756883072836,38.6821514779131],[-8.99754737352808,38.6822540738932],[-8.99756614893596,38.6823755145149],[-8.99752859746941,38.6824592657772],[-8.99635647280194,38.6826267693625],[-8.99553839885306,38.6825765176867],[-8.99511460943267,38.6826414254852],[-8.9950851048965,38.68267283232],[-8.99510924558315,38.6830287746513],[-8.99490539750873,38.683296777417],[-8.99491076164898,38.6834600910688],[-8.99498049940815,38.6836317788824],[-8.99525408506681,38.6837657797123],[-8.99558667852523,38.683941654472],[-8.99582271262251,38.6839835293741],[-8.99639670513288,38.6841594034225],[-8.99662050962097,38.6844902143797],[-8.99694150102702,38.6845952924434],[-8.99828347926757,38.6850345824434],[-8.99803671556269,38.685511947977],[-8.9980581733493,38.6855873205508],[-8.99961189039006,38.6863157140042],[-8.99989816910517,38.6864499195744],[-8.99992499075529,38.6865127299926],[-9.00045070468753,38.686730471409],[-9.00050971227342,38.6866927856271],[-9.00089058681298,38.6868686536006],[-9.00115880723359,38.6874381273585],[-9.00158796078875,38.6882420827172],[-9.00137874851233,38.6885603118268],[-9.0013197399313,38.6887340815381],[-9.00126073107216,38.6889078512178],[-9.00150212998757,38.6891213979115],[-9.00178107964981,38.689200954844],[-9.00225851262341,38.6896071111668],[-9.00256428462588,38.6896699182503],[-9.00293979457833,38.689678292921],[-9.00339040496325,38.6896447949973],[-9.00380346495942,38.6895149929263],[-9.00456521340781,38.6891842063786],[-9.00593313972912,38.6883635119873],[-9.00603255305804,38.6882577598256],[-9.00653931870717,38.6877186754735],[-9.00667477040691,38.6873878797656],[-9.00673511980241,38.6873486238003],[-9.00709770255492,38.687165649482],[-9.00710886165483,38.6871612944856],[-9.00719078946752,38.687087184031],[-9.00721370900034,38.6870591338422],[-9.00731295119474,38.6869042037744],[-9.00744169649845,38.6866739001523],[-9.00835632952906,38.6855181861546],[-9.00843411396391,38.6853779086928],[-9.00861650396275,38.6851727245871],[-9.00864064424109,38.6850868831137],[-9.00881230550404,38.6849214791113],[-9.00884985642692,38.6848063242013],[-9.0090402935434,38.6845341397583],[-9.00914758114382,38.684398047539],[-9.00928705616846,38.6842368294451],[-9.00936484004047,38.6841279550701],[-9.0094372598343,38.6840169868413],[-9.00953113794466,38.6839122993795],[-9.00973498515595,38.6838306434656],[-9.00964379044448,38.6837741117653],[-9.00970816375613,38.6835731118774],[-9.00981276984166,38.6834286418714],[-9.00995492688594,38.6832820787111],[-9.01019900793143,38.683112483192],[-9.01027679123538,38.6830706079773],[-9.01025265179382,38.6829784821626],[-9.010266062717,38.6828779801009],[-9.01059329237405,38.682432004164],[-9.01075154250844,38.6822645008605],[-9.01090174642349,38.6821556233159],[-9.01075690659438,38.6820551207473],[-9.01075422436374,38.6819650868932],[-9.01090979238509,38.6816384526601],[-9.01089906397393,38.6815379497336],[-9.01097684834096,38.6814458219509],[-9.01103049286265,38.6812950665329],[-9.01112436920774,38.6811233725876],[-9.01111632328305,38.6808113909529],[-9.01130944215714,38.6803612139742],[-9.01127457350474,38.6803088681133],[-9.01127457340085,38.6802376768863],[-9.01144623483603,38.6798984719496],[-9.01137917959789,38.6798063416398],[-9.011371132855,38.6797435252332],[-9.01163935322354,38.6785123193071],[-9.01192903217443,38.6776454363861],[-9.01208996471803,38.677398352233],[-9.01219725335313,38.6771261396697],[-9.01218116023438,38.6769209327878],[-9.01202022761123,38.676623590506],[-9.01207923631714,38.67644351003],[-9.01225089706883,38.6760791587726],[-9.0127041909023,38.675266690671],[-9.01283293724407,38.6749808589849],[-9.01286512372761,38.6748499834631],[-9.01286109996401,38.6747295773985],[-9.012815502942,38.6746520982916],[-9.01254191684589,38.6753357927523],[-9.01254101506856,38.6753358157477],[-9.01281551125832,38.67465005521],[-9.01269749323504,38.6745600132044],[-9.0126143456793,38.6745223201976],[-9.01260898060662,38.6744113366841],[-9.01267335357203,38.674294071687],[-9.01284501508108,38.6741328314254],[-9.01294693865601,38.673940179429],[-9.01289329449738,38.6738668883542],[-9.01294157415161,38.6737538095839],[-9.01281819293057,38.6736742357143],[-9.01276454866314,38.6735569692131],[-9.01274845575714,38.673316152674],[-9.01256874744942,38.6732093556435],[-9.01254728978611,38.6730711474562],[-9.01242927216317,38.6729371270694],[-9.01239440381375,38.6727696012695],[-9.01259288735907,38.6727193439303],[-9.01278868867375,38.6727172498117],[-9.01284769677858,38.6727486610383],[-9.01288524838805,38.6727402848579],[-9.01295766810651,38.6725245942321],[-9.01304618126839,38.6724973717608],[-9.01310787203483,38.6724931836825],[-9.01312128285432,38.6723256569407],[-9.01298180791005,38.6722607396568],[-9.01296571478105,38.6721769762035],[-9.01278064187862,38.6720366721401],[-9.01276454902771,38.6719529077518],[-9.01286110831539,38.6718838024457],[-9.01283160365607,38.6717937567635],[-9.01272699800289,38.6717686274578],[-9.01263043781752,38.671804227312],[-9.01260361640572,38.6717204625049],[-9.01261166261162,38.671611568838],[-9.01269749411895,38.6713351462577],[-9.01284501497106,38.6708995688032],[-9.01292011670655,38.6708241805005],[-9.01285842640508,38.6705624136919],[-9.01278064165191,38.6704849297982],[-9.01251242162259,38.6703488105711],[-9.01233807786554,38.6703132100468],[-9.01202694188805,38.6702964570006],[-9.01178017862383,38.6700011822362],[-9.01157901207079,38.6699132274437],[-9.0115816951216,38.669737318326],[-9.01156560086088,38.6696849638388],[-9.01150122870384,38.6696765870174],[-9.0113885760219,38.669718470002],[-9.01125446526843,38.6696430808231],[-9.01094064653683,38.6694671704325],[-9.01081190075231,38.6694441347753],[-9.0107475272009,38.6694650759819],[-9.01063755742821,38.6694231931632],[-9.01044175557897,38.6694064397493],[-9.0101064799643,38.6694378520269],[-9.00911942627411,38.6697394118379],[-9.00900945614421,38.6697603539966],[-9.00894240061342,38.6697771066464],[-9.00892362605886,38.6698231782823],[-9.00908992276663,38.6701393956646],[-9.00898263394556,38.670292269133],[-9.00814712613029,38.6706503668705],[-9.00809901425061,38.6707002826919],[-9.00799196502262,38.6706467921208],[-9.00796490476484,38.6706332708068],[-9.00759215661269,38.6705788349265],[-9.00731312787483,38.6703568443414],[-9.00730999681499,38.6703534491973],[-9.0072702124396,38.6703065841186],[-9.00702913474129,38.6701202052782],[-9.00676896064206,38.6699945556952],[-9.00641222687868,38.6698772833901],[-9.0061039568643,38.6698648341395],[-9.0055619665949,38.6698898482137],[-9.00514308461447,38.669855579808],[-9.00490482544893,38.6698479651521],[-9.0046312403336,38.6699024128566],[-9.0045142346043,38.6699100208875],[-9.00447668304483,38.669819971719],[-9.00435330180624,38.6697864648833],[-9.00426210672975,38.6697403933935],[-9.00422187319698,38.6696629096027],[-9.00426747119477,38.6695896139172],[-9.00414140731079,38.6694534929107],[-9.00392414819059,38.6693969503599],[-9.00349452473806,38.6694004041817],[-9.00329604153755,38.6692831308941],[-9.00316461316549,38.6690485819084],[-9.00320216364935,38.6689606264643],[-9.00319948185027,38.6688915187589],[-9.00314583762403,38.6688894243994],[-9.00293662496469,38.6687847145333],[-9.00276228210425,38.6686402150564],[-9.00256648071759,38.668577389448],[-9.00231435265993,38.6685606357527],[-9.00224461567306,38.6685019982294],[-9.00218292397513,38.6684936215712],[-9.00206490722144,38.6685187516831],[-9.00172963068387,38.6682320779108],[-9.00152041860966,38.6678970047574],[-9.0014614101763,38.6677010271309],[-9.0015257827883,38.6675837500739],[-9.00151505406825,38.6675272061113],[-9.00036170446456,38.6663984088725],[-9.00022491168342,38.6658706529404],[-9.00010957748817,38.6657114873],[-9.00008543659274,38.6655983964372],[-8.99998351261936,38.665541850854],[-8.99997278420169,38.6654915880291],[-9.00005056795075,38.6653764021959],[-9.00002374652202,38.6652821588895],[-9.00005593298318,38.6652214241143],[-9.00023564105554,38.6651481239912],[-9.00025978092022,38.6651146152672],[-9.00025441570437,38.6650643523377],[-9.00014712815003,38.6648612047377],[-9.00010421275056,38.6646098877013],[-9.00011762310251,38.6645135490696],[-9.00009080191862,38.6644193048613],[-9.00013639888151,38.6643124945007],[-9.00045826392289,38.6639103834068],[-9.00127633782973,38.6630265693618],[-9.00131925298119,38.6629365117754],[-9.00129779515406,38.6626579612496],[-9.00124415106336,38.6624464298474],[-9.00108321936627,38.6621259892399],[-9.0007376805758,38.6620170810493],[-9.00045873076823,38.6619668158854],[-9.00024415430112,38.6619437779781],[-9.0000376234338,38.6619479663178],[-8.99997593311852,38.6619312109676],[-8.99998129698772,38.6618683797234],[-9.00041581497589,38.6611562819738],[-9.00039972172599,38.6610871663517],[-9.00035412486385,38.6610348064601],[-9.00013150063636,38.6609279909985],[-8.99996252193036,38.6607436812606],[-8.99990887731655,38.6607164538356],[-8.99972648721269,38.6607017926273],[-8.99967284303802,38.660655715748],[-8.99963261046572,38.6605740324601],[-8.99965138577268,38.660492349803],[-8.99954946147267,38.6604923499904],[-8.99954924034163,38.6604916372902],[-8.99965466859639,38.6604877169643],[-8.99972440611671,38.6603955623087],[-9.00022866121987,38.6603159737597],[-9.00071145966221,38.6603327292419],[-9.00107087546631,38.6603620511835],[-9.00167169051889,38.6603452952273],[-9.00231005632378,38.6602657070601],[-9.00239052240415,38.660144229174],[-9.00208475055514,38.6594321152283],[-9.00179507155043,38.6585775680687],[-9.00168241916495,38.6583220400239],[-9.00158049452377,38.6582047481341],[-9.00143029146581,38.6581251574385],[-9.00142492657185,38.6579994872004],[-9.00126399409679,38.6579534075188],[-9.00056662020561,38.657995298271],[-9.0004271451,38.6579659745235],[-8.99966539786593,38.6573082961697],[-8.99805607213224,38.6567343940477],[-8.99737479138453,38.6565458846024],[-8.99715485059981,38.6565081830245],[-8.99678470504643,38.656336429718],[-8.99616243306522,38.656064136701],[-8.99601147466306,38.6558927140576],[-8.99579719878574,38.6555816418467],[-8.99530451046937,38.6547378977911],[-8.9950399292872,38.6542708684748],[-8.99490696230821,38.6540585429789],[-8.99523679257629,38.6539070910136],[-8.99530567138847,38.6539022003465],[-8.9952866385206,38.6538687377582],[-8.99503701288463,38.6538720384275],[-8.99495432279056,38.6538127469312],[-8.99494134174737,38.6536623601168],[-8.99515485173194,38.653599425036],[-8.99515557664296,38.6535044550343],[-8.99497757641136,38.6534210290018],[-8.99487350127664,38.6532873842705],[-8.99480264532493,38.6531271968254],[-8.99474929952024,38.6528733766739],[-8.99470180552677,38.6526414283083],[-8.99452628207279,38.6519867342281],[-8.99440693012328,38.6516661941439],[-8.99417942360466,38.6513376841404],[-8.99417296963813,38.6511098163647],[-8.9945259650467,38.6507156706067],[-8.994852039265,38.6505651480474]]]}},{"type":"Feature","id":"CRUS_Moita_V.380022","properties":{"Area_Ha":2.55222184319235,"Autor":"DGT","Categoria":"Espaço Natural e Paisagístico","Classe":"Solo Rústico","DTCC":"1506","Data_PublicacaoPDM":"2025-04-14T00:00:00","Designacao_PlantaOrdenamento":"Solo Rústico - Espaços Naturais e Paisagísticos - Proteção à Rede Hídrica","Escala_PlantaOrdenamento":"1/12000","Fonte":"CM - Vectorial e Raster","ID":380022,"Municipio":"MOITA"},"geometry":{"type":"Polygon","coordinates":[[[-8.98408972565789,38.6724491253343],[-8.98415494237259,38.672324889342],[-8.98432350965417,38.6720037736219],[-8.98432353223401,38.6720018961821],[-8.98543196203466,38.6698782231706],[-8.98565162514095,38.6699426484284],[-8.98434682791959,38.6724610717783],[-8.98407952041023,38.672905061299],[-8.98408033130412,38.6729016341459],[-8.98345148857701,38.6738944987152],[-8.9810494595314,38.6776438299038],[-8.9788538321677,38.6794975292557],[-8.97883952585396,38.6796909504646],[-8.97848997226487,38.6796057197391],[-8.97837931188976,38.6796825816225],[-8.9782685787168,38.6797512222973],[-8.97826861555633,38.6797511301492],[-8.97839151158284,38.6794443958656],[-8.97869168477732,38.6793698571745],[-8.98084397595055,38.6775631482848],[-8.98256947522467,38.6748809322488],[-8.98365252509596,38.6731883326667],[-8.98408972565789,38.6724491253343]]]}},{"type":"Feature","id":"CRUS_Moita_V.380023","properties":{"Area_Ha":0.949366812125894,"Autor":"DGT","Categoria":"Espaço Natural e Paisagístico","Classe":"Solo Rústico","DTCC":"1506","Data_PublicacaoPDM":"2025-04-14T00:00:00","Designacao_PlantaOrdenamento":"Solo Rústico - Espaços Naturais e Paisagísticos - Salinas e Viveiros","Escala_PlantaOrdenamento":"1/12000","Fonte":"CM - Vectorial e Raster","ID":380023,"Municipio":"MOITA"},"geometry":{"type":"Polygon","coordinates":[[[-9.03158392106185,38.6560829966719],[-9.03127021040625,38.6561465263968],[-9.03122540748198,38.6561555992019],[-9.03120663221742,38.6561032355039],[-9.03119829681461,38.6561042768756],[-9.03115879914499,38.6561092120653],[-9.03113957621127,38.6561116134621],[-9.03091170405737,38.6554668116055],[-9.03242754914232,38.6553688302548],[-9.03248278530902,38.6555942361957],[-9.03249502300394,38.6556441700446],[-9.03249508597999,38.6556444289919],[-9.03260530867191,38.6558599743328],[-9.03229829136646,38.6559943179718],[-9.03163578558555,38.6561561236852],[-9.03160695160014,38.6561629309537],[-9.03158482404324,38.6560828140791],[-9.03158392106185,38.6560829966719]]]}},{"type":"Feature","id":"CRUS_Moita_V.380024","properties":{"Area_Ha":15.1139031402201,"Autor":"DGT","Categoria":"Espaço Natural e Paisagístico","Classe":"Solo Rústico","DTCC":"1506","Data_PublicacaoPDM":"2025-04-14T00:00:00","Designacao_PlantaOrdenamento":"Solo Rústico - Espaços Naturais e Paisagísticos - Salinas e Viveiros","Escala_PlantaOrdenamento":"1/12000","Fonte":"CM - Vectorial e Raster","ID":380024,"Municipio":"MOITA"},"geometry":{"type":"Polygon","coordinates":[[[-8.99838843087707,38.6606354303886],[-8.99839134833233,38.6606364213108],[-8.99840364416546,38.6606336909904],[-8.9986526565592,38.6605783903023],[-8.99868896671756,38.6605695819718],[-8.9986965192552,38.6605677496934],[-8.99915517731575,38.6604022889514],[-8.9993295212238,38.6603499286007],[-8.99933898667785,38.6603504863627],[-8.99947227899068,38.6603620509635],[-8.99949963813758,38.6603905362467],[-8.99952800392604,38.6604232334368],[-8.99953924426566,38.6604594391002],[-8.99954924034163,38.6604916372902],[-8.99954946147267,38.6604923499904],[-8.99965138577268,38.660492349803],[-8.99963261046572,38.6605740324601],[-8.99967284303802,38.660655715748],[-8.99972648721269,38.6607017926273],[-8.99990887731655,38.6607164538356],[-8.99996252193036,38.6607436812606],[-9.00013150063636,38.6609279909985],[-9.00035412486385,38.6610348064601],[-9.00039972172599,38.6610871663517],[-9.00041581497589,38.6611562819738],[-8.99998129698772,38.6618683797234],[-8.99997593311852,38.6619312109676],[-9.0000376234338,38.6619479663178],[-9.00024415430112,38.6619437779781],[-9.00045873076823,38.6619668158854],[-9.0007376805758,38.6620170810493],[-9.00108321936627,38.6621259892399],[-9.00124415106336,38.6624464298474],[-9.00129779515406,38.6626579612496],[-9.00131925298119,38.6629365117754],[-9.00127633782973,38.6630265693618],[-9.00045826392289,38.6639103834068],[-9.00013639888151,38.6643124945007],[-9.00009080191862,38.6644193048613],[-9.00011762310251,38.6645135490696],[-9.00010421275056,38.6646098877013],[-9.00014712815003,38.6648612047377],[-9.00025441570437,38.6650643523377],[-9.00025978092022,38.6651146152672],[-9.00023564105554,38.6651481239912],[-9.00005593298318,38.6652214241143],[-9.00002374652202,38.6652821588895],[-9.00005056795075,38.6653764021959],[-8.99997278420169,38.6654915880291],[-8.99998351261936,38.665541850854],[-9.00008543659274,38.6655983964372],[-9.00010957748817,38.6657114873],[-9.00022491168342,38.6658706529404],[-9.00036170446456,38.6663984088725],[-9.00151505406825,38.6675272061113],[-9.0015257827883,38.6675837500739],[-9.0014614101763,38.6677010271309],[-9.00152041860966,38.6678970047574],[-9.00172963068387,38.6682320779108],[-9.00206490722144,38.6685187516831],[-9.00218292397513,38.6684936215712],[-9.00224461567306,38.6685019982294],[-9.00231435265993,38.6685606357527],[-9.00256648071759,38.668577389448],[-9.00276228210425,38.6686402150564],[-9.00293662496469,38.6687847145333],[-9.00314583762403,38.6688894243994],[-9.00319948185027,38.6688915187589],[-9.00320216364935,38.6689606264643],[-9.00316461316549,38.6690485819084],[-9.00329604153755,38.6692831308941],[-9.00349452473806,38.6694004041817],[-9.00392414819059,38.6693969503599],[-9.00414140731079,38.6694534929107],[-9.00426747119477,38.6695896139172],[-9.00422187319698,38.6696629096027],[-9.00426210672975,38.6697403933935],[-9.00435330180624,38.6697864648833],[-9.00447668304483,38.669819971719],[-9.0045142346043,38.6699100208875],[-9.00434960751873,38.6699212606751],[-9.00415380638551,38.6699191663085],[-9.00360581784642,38.6697664388618],[-9.00346582006866,38.669880424378],[-9.00339742422772,38.6698259762284],[-9.0030746131462,38.6700605950235],[-9.00307230005029,38.6700586890141],[-9.00302804406467,38.6700304176909],[-9.00298469389925,38.6699958132721],[-9.00298253351959,38.6699940880872],[-9.00063819546662,38.6681226174106],[-9.00059562873822,38.6680902817045],[-9.00058293191956,38.6680806381882],[-8.99950387101685,38.6672609320021],[-8.99882099921297,38.6667421763684],[-8.99877267863685,38.6666949355319],[-8.9986428752802,38.6665669136532],[-8.99857246761711,38.6664166499748],[-8.99855448092606,38.6663234471547],[-8.99854296329659,38.666263769432],[-8.99854564542338,38.6660700496794],[-8.99897010448189,38.6643187777672],[-8.99839611156379,38.6606934151338],[-8.99839494768097,38.6606846264829],[-8.99838843087707,38.6606354303886]]]}},{"type":"Feature","id":"CRUS_Moita_V.380025","properties":{"Area_Ha":0.598379439918289,"Autor":"DGT","Categoria":"Espaço Natural e Paisagístico","Classe":"Solo Rústico","DTCC":"1506","Data_PublicacaoPDM":"2025-04-14T00:00:00","Designacao_PlantaOrdenamento":"Solo Rústico - Espaços Naturais e Paisagísticos - Salinas e Viveiros","Escala_PlantaOrdenamento":"1/12000","Fonte":"CM - Vectorial e Raster","ID":380025,"Municipio":"MOITA"},"geometry":{"type":"Polygon","coordinates":[[[-8.97760970870118,38.6801775433638],[-8.97753211245874,38.6800887476073],[-8.9782685787168,38.6797512222973],[-8.97837931188976,38.6796825816225],[-8.97848997226487,38.6796057197391],[-8.97883952585396,38.6796909504646],[-8.97879245409936,38.6801811556672],[-8.97873746805832,38.6803172556416],[-8.97845449529457,38.6803664611527],[-8.97810714963505,38.6808459519629],[-8.97813128975922,38.6810291620987],[-8.97797303916808,38.6812594841262],[-8.97773566381881,38.6813495179749],[-8.97737629705598,38.6813934822398],[-8.97728102932928,38.6814741009016],[-8.97755997884819,38.6817504846318],[-8.97775309827619,38.6818572683096],[-8.97792992620774,38.6820571466146],[-8.97808825711394,38.6822361146373],[-8.97786720998178,38.6823539655666],[-8.9778818437764,38.6821608700767],[-8.97781747122871,38.6820080229295],[-8.97769945383532,38.6818886757872],[-8.97743123265399,38.6817567658797],[-8.97724615995584,38.6815787916843],[-8.97706913500811,38.6815369154698],[-8.9769967148446,38.6814699129865],[-8.97743659759115,38.6813338146076],[-8.97752242833053,38.6813400959541],[-8.97772627533787,38.6812793754012],[-8.97797840302846,38.6811600273629],[-8.97802131828384,38.6808396701466],[-8.9780964210545,38.680651224534],[-8.97836732363945,38.6802596749726],[-8.9786382271621,38.6801319492583],[-8.97867309491047,38.6799937544902],[-8.97852557430762,38.6798618408501],[-8.97836464102353,38.6799435016815],[-8.97807764508332,38.6799414084974],[-8.97784697536755,38.6800272567359],[-8.97765573682227,38.6802323320205],[-8.97760970870118,38.6801775433638]]]}},{"type":"Feature","id":"CRUS_Moita_V.380026","properties":{"Area_Ha":2.46395228500683,"Autor":"DGT","Categoria":"Aglomerado Rural","Classe":"Solo Rústico","DTCC":"1506","Data_PublicacaoPDM":"2025-04-14T00:00:00","Designacao_PlantaOrdenamento":"Solo Rústico - Aglomerados Rurais","Escala_PlantaOrdenamento":"1/12000","Fonte":"CM - Vectorial e Raster","ID":380026,"Municipio":"MOITA"},"geometry":{"type":"Polygon","coordinates":[[[-8.98701763897752,38.6168108672111],[-8.98701862332659,38.6168089602145],[-8.98722679731225,38.6168282044945],[-8.9874196180997,38.6168523095865],[-8.98702275476308,38.6176868182904],[-8.98656723262497,38.6186446503249],[-8.98741089868754,38.6200723577794],[-8.98708259965688,38.6201912239507],[-8.98556715135707,38.6198276337031],[-8.98551350770333,38.6197239005921],[-8.98701763897752,38.6168108672111]]]}},{"type":"Feature","id":"CRUS_Moita_V.380027","properties":{"Area_Ha":0.491570260772121,"Autor":"DGT","Categoria":"Aglomerado Rural","Classe":"Solo Rústico","DTCC":"1506","Data_PublicacaoPDM":"2025-04-14T00:00:00","Designacao_PlantaOrdenamento":"Solo Rústico - Aglomerados Rurais","Escala_PlantaOrdenamento":"1/12000","Fonte":"CM - Vectorial e Raster","ID":380027,"Municipio":"MOITA"},"geometry":{"type":"Polygon","coordinates":[[[-8.98713658766124,38.6165400445721],[-8.98713724713937,38.6165385308981],[-8.98725526459355,38.6162870436548],[-8.98767916841945,38.6157118569442],[-8.98794704952497,38.6153349289146],[-8.98813792268248,38.6154199636055],[-8.98830039425879,38.6154923428706],[-8.98772341615698,38.6162316249272],[-8.98755247275688,38.6165790239696],[-8.98718784092418,38.6165448483319],[-8.98713658766124,38.6165400445721]]]}},{"type":"Feature","id":"CRUS_Moita_V.380028","properties":{"Area_Ha":1.87202870623982,"Autor":"DGT","Categoria":"Aglomerado Rural","Classe":"Solo Rústico","DTCC":"1506","Data_PublicacaoPDM":"2025-04-14T00:00:00","Designacao_PlantaOrdenamento":"Solo Rústico - Aglomerados Rurais","Escala_PlantaOrdenamento":"1/12000","Fonte":"CM - Vectorial e Raster","ID":380028,"Municipio":"MOITA"},"geometry":{"type":"Polygon","coordinates":[[[-8.98865720717311,38.6156310322297],[-8.98900787350305,38.6157730480133],[-8.98838980160475,38.6166248940022],[-8.98779110180874,38.6178780924685],[-8.98746553659719,38.6185595481309],[-8.98745966597923,38.6186174429374],[-8.98820648853485,38.6197619158692],[-8.98774965601675,38.6199405353934],[-8.98756666950931,38.6196218594135],[-8.98699563131739,38.6186273612277],[-8.98809211404803,38.6163556026863],[-8.98865720717311,38.6156310322297]]]}},{"type":"Feature","id":"CRUS_Moita_V.380029","properties":{"Area_Ha":3.90543235339801,"Autor":"DGT","Categoria":"Aglomerado Rural","Classe":"Solo Rústico","DTCC":"1506","Data_PublicacaoPDM":"2025-04-14T00:00:00","Designacao_PlantaOrdenamento":"Solo Rústico - Aglomerados Rurais","Escala_PlantaOrdenamento":"1/12000","Fonte":"CM - Vectorial e Raster","ID":380029,"Municipio":"MOITA"},"geometry":{"type":"Polygon","coordinates":[[[-8.95623876150409,38.6475579980246],[-8.9562566542274,38.6475428168971],[-8.95685094592754,38.6470385844697],[-8.95791865102852,38.6467354641318],[-8.95792815173361,38.6467327667802],[-8.95853112815442,38.6467558234769],[-8.95875214895496,38.6467380239275],[-8.95900357633273,38.6465180361792],[-8.95910753621141,38.6469162371681],[-8.95916300252315,38.6471097599598],[-8.95923291464376,38.6473536773487],[-8.95933013790429,38.6476928803273],[-8.95943064932268,38.6480435551967],[-8.95965053216124,38.6488106844189],[-8.95784340786674,38.6482163094229],[-8.95771904016205,38.6481754030708],[-8.95716497651542,38.6479931598381],[-8.95665718652314,38.6478261334596],[-8.95659973063124,38.6477893147143],[-8.95632852044663,38.647615517223],[-8.95623876150409,38.6475579980246]]]}},{"type":"Feature","id":"CRUS_Moita_V.380030","properties":{"Area_Ha":0.498594498771161,"Autor":"DGT","Categoria":"Aglomerado Rural","Classe":"Solo Rústico","DTCC":"1506","Data_PublicacaoPDM":"2025-04-14T00:00:00","Designacao_PlantaOrdenamento":"Solo Rústico - Aglomerados Rurais","Escala_PlantaOrdenamento":"1/12000","Fonte":"CM - Vectorial e Raster","ID":380030,"Municipio":"MOITA"},"geometry":{"type":"Polygon","coordinates":[[[-9.01735409444678,38.6353837008788],[-9.01614423285998,38.6360018546526],[-9.01614111243979,38.6360034483137],[-9.01613667655313,38.635991807328],[-9.01592478239122,38.6354533515428],[-9.01726006081946,38.6352271512686],[-9.01735409444678,38.6353837008788]]]}},{"type":"Feature","id":"CRUS_Moita_V.380031","properties":{"Area_Ha":0.83216600481678,"Autor":"DGT","Categoria":"Aglomerado Rural","Classe":"Solo Rústico","DTCC":"1506","Data_PublicacaoPDM":"2025-04-14T00:00:00","Designacao_PlantaOrdenamento":"Solo Rústico - Aglomerados Rurais","Escala_PlantaOrdenamento":"1/12000","Fonte":"CM - Vectorial e Raster","ID":380031,"Municipio":"MOITA"},"geometry":{"type":"Polygon","coordinates":[[[-8.98393009769131,38.6724457619579],[-8.98393818842968,38.6715304772396],[-8.98394668695511,38.6702147486067],[-8.98402752875552,38.6702144559377],[-8.98445668208447,38.6703317280522],[-8.98445936463152,38.6707379910287],[-8.98433866502555,38.6707338034374],[-8.98432353223401,38.6720018961821],[-8.98432350965417,38.6720037736219],[-8.98415494237259,38.672324889342],[-8.98408972565789,38.6724491253343],[-8.98393009639561,38.6724458466429],[-8.98393009769131,38.6724457619579]]]}},{"type":"Feature","id":"CRUS_Moita_V.380032","properties":{"Area_Ha":9.15462176808808,"Autor":"DGT","Categoria":"Aglomerado Rural","Classe":"Solo Rústico","DTCC":"1506","Data_PublicacaoPDM":"2025-04-14T00:00:00","Designacao_PlantaOrdenamento":"Solo Rústico - Aglomerados Rurais","Escala_PlantaOrdenamento":"1/12000","Fonte":"CM - Vectorial e Raster","ID":380032,"Municipio":"MOITA"},"geometry":{"type":"Polygon","coordinates":[[[-8.98877543306878,38.6684547800796],[-8.98876188732012,38.6684372062999],[-8.98872093390313,38.6683840791994],[-8.98868383755287,38.66833595396],[-8.98857770008211,38.6681982640912],[-8.98856253928401,38.6681785960196],[-8.98846857195057,38.6680566937085],[-8.98846130608134,38.6680472667809],[-8.98836294878992,38.6679196691713],[-8.98834570033038,38.6678972932043],[-8.98827893438612,38.6678106763125],[-8.98820305780799,38.6677122425773],[-8.98813790852371,38.6676277234654],[-8.98807805875002,38.6675500792505],[-8.98803471106384,38.6674645197206],[-8.98802729840224,38.6674498889894],[-8.98800043397442,38.6673968631215],[-8.98799544513939,38.6673870159595],[-8.98798005860137,38.6673566460995],[-8.98797036921361,38.6673375207762],[-8.9879658063116,38.6673285136526],[-8.9879610081161,38.6673190443343],[-8.98795718885018,38.6673115063921],[-8.98795139169439,38.6673000635055],[-8.98794634050365,38.6672900924859],[-8.98793795239428,38.6672308205029],[-8.9879347198496,38.6672079799088],[-8.9879326087844,38.6671930681065],[-8.98792988302217,38.6671738090101],[-8.98792794494344,38.6671601102278],[-8.98792700419099,38.6671534655629],[-8.98792665415453,38.6671509873056],[-8.98792589781906,38.6671456474594],[-8.98792451168238,38.6671358496305],[-8.987923407823,38.6671280495247],[-8.98792185614249,38.6671170845622],[-8.98792117756143,38.6671122927376],[-8.98792060557907,38.6671082523057],[-8.98792010260133,38.6671047005063],[-8.98792003110622,38.6671041956775],[-8.98792000223984,38.6671039905051],[-8.98791996584823,38.6671037322401],[-8.98791995703488,38.6671036674466],[-8.98791994830719,38.6671036098589],[-8.98791994073912,38.6671035531636],[-8.98791992573149,38.6671034505815],[-8.98791991566214,38.6671033767891],[-8.98791990059024,38.6671032688028],[-8.98791988682789,38.6671031743189],[-8.98791987422515,38.6671030807273],[-8.98791986298548,38.6671030051419],[-8.98791985419355,38.6671029421498],[-8.98791984534805,38.6671028746541],[-8.9879198379085,38.6671028287675],[-8.98791982528434,38.6671027333744],[-8.98791981659949,38.6671026793897],[-8.9879198064766,38.6671026010936],[-8.98791979526907,38.6671025282104],[-8.98791978525327,38.6671024589216],[-8.98791977636494,38.667102387823],[-8.98791976388,38.6671023041395],[-8.9879197538642,38.6671022348507],[-8.98791974630683,38.6671021790561],[-8.98791974001617,38.667102133161],[-8.98791973126707,38.6671020737719],[-8.98791972743484,38.6671020413709],[-8.98791970243283,38.6671018713016],[-8.9879196798357,38.6671017102227],[-8.98791963718555,38.6671014087649],[-8.98791954563744,38.6671007635572],[-8.98791936621281,38.6670994920317],[-8.98791863242205,38.6670943087606],[-8.98791705941267,38.6670831926188],[-8.98791264026917,38.6670519697015],[-8.98790272813355,38.6669819271223],[-8.98788974155478,38.6668901606876],[-8.98785466191525,38.6666422877323],[-8.98785464059583,38.6666421374538],[-8.98785461923357,38.6666419835723],[-8.98785460539644,38.6666418827833],[-8.98785456660046,38.6666416155279],[-8.98785455530741,38.6666415354388],[-8.98785454145957,38.6666414337491],[-8.98785452268422,38.6666413041704],[-8.98785451515909,38.6666412510779],[-8.98785450761254,38.666641196184],[-8.98785450131125,38.6666411493882],[-8.98785449382895,38.6666410998987],[-8.98785448877293,38.666641061201],[-8.987854464888,38.6666408884211],[-8.98785444988057,38.666640785839],[-8.9878544273373,38.6666406292638],[-8.98785440971083,38.6666404996767],[-8.98785437711977,38.6666402711105],[-8.98785427933587,38.6666395845112],[-8.98785407228226,38.6666381150105],[-8.98785401210263,38.6666376920721],[-8.98785380888121,38.6666362549723],[-8.98785369096962,38.6666354216889],[-8.98785347149552,38.666633873909],[-8.98785300861961,38.6666306019661],[-8.9878517253975,38.666621533936],[-8.98784977234308,38.6666077325687],[-8.98784867602611,38.6665999855537],[-8.98784779042353,38.6665937260288],[-8.98784648346786,38.6665844978287],[-8.98784347039446,38.6665631996046],[-8.98784031818871,38.6665409259249],[-8.98783526568727,38.6665052288296],[-8.98782927357471,38.6664628843565],[-8.9878204379019,38.6664004511001],[-8.98780766982716,38.6663102288305],[-8.98777160475794,38.6660553790862],[-8.9877640774662,38.6660021902269],[-8.98775446548908,38.6659342713273],[-8.98775302547141,38.6659240928476],[-8.98775301919167,38.6659240478533],[-8.98775295402163,38.6659235916215],[-8.98775275207117,38.6659221644209],[-8.98775197691331,38.6659166886884],[-8.98774999123437,38.665902652446],[-8.98774073805719,38.6658372711916],[-8.98773176327788,38.665773850755],[-8.98773184769925,38.6657668409765],[-8.98789653802442,38.665701573157],[-8.9881965024146,38.6655340756734],[-8.98833910218835,38.6654544477578],[-8.98849698193549,38.6653875876273],[-8.98870817177392,38.6653312298533],[-8.98900965515404,38.6652952817091],[-8.98998104574653,38.6652914977273],[-8.98999026774243,38.665291438273],[-8.99014661334374,38.665307989063],[-8.99068841915582,38.6658148054663],[-8.99203488819287,38.6679593140628],[-8.98881623840524,38.6684933368337],[-8.98881535755893,38.6684925055303],[-8.98877543306878,38.6684547800796]]]}},{"type":"Feature","id":"CRUS_Moita_V.380033","properties":{"Area_Ha":3.29549931192731,"Autor":"DGT","Categoria":"Aglomerado Rural","Classe":"Solo Rústico","DTCC":"1506","Data_PublicacaoPDM":"2025-04-14T00:00:00","Designacao_PlantaOrdenamento":"Solo Rústico - Aglomerados Rurais","Escala_PlantaOrdenamento":"1/12000","Fonte":"CM - Vectorial e Raster","ID":380033,"Municipio":"MOITA"},"geometry":{"type":"Polygon","coordinates":[[[-8.94748549253784,38.6354608116425],[-8.9477768669372,38.634911071655],[-8.94817370181961,38.634091039186],[-8.94845443195086,38.6335106737262],[-8.94850019740417,38.6333739727876],[-8.94849492886511,38.6333493876232],[-8.94848976828896,38.6333253097637],[-8.94847514188122,38.6333125607238],[-8.94850832365761,38.6333211375968],[-8.94912025040813,38.6334792954728],[-8.95009069791304,38.6337300943492],[-8.95000348046362,38.633876513231],[-8.94990542999573,38.6340411166917],[-8.94990312641981,38.6340449837435],[-8.94911846593017,38.6355930087647],[-8.94818197934026,38.6355178839287],[-8.94804989935591,38.6355071917037],[-8.94764038844628,38.6354733526615],[-8.94748549253784,38.6354608116425]]]}},{"type":"Feature","id":"CRUS_Moita_V.380034","properties":{"Area_Ha":2.15403987695415,"Autor":"DGT","Categoria":"Aglomerado Rural","Classe":"Solo Rústico","DTCC":"1506","Data_PublicacaoPDM":"2025-04-14T00:00:00","Designacao_PlantaOrdenamento":"Solo Rústico - Aglomerados Rurais","Escala_PlantaOrdenamento":"1/12000","Fonte":"CM - Vectorial e Raster","ID":380034,"Municipio":"MOITA"},"geometry":{"type":"Polygon","coordinates":[[[-8.99700136584919,38.6189162736619],[-8.99700164663061,38.618915463561],[-8.99713666955664,38.6185254160384],[-8.99730458242195,38.6180404357263],[-8.99730837951694,38.6180411994942],[-8.99981292821865,38.6181421801405],[-8.99965240458678,38.6189794498365],[-8.99704658552488,38.6189171765895],[-8.99700136584919,38.6189162736619]]]}},{"type":"Feature","id":"CRUS_Moita_V.380035","properties":{"Area_Ha":32.4583721009281,"Autor":"DGT","Categoria":"Aglomerado Rural","Classe":"Solo Rústico","DTCC":"1506","Data_PublicacaoPDM":"2025-04-14T00:00:00","Designacao_PlantaOrdenamento":"Solo Rústico - Aglomerados Rurais","Escala_PlantaOrdenamento":"1/12000","Fonte":"CM - Vectorial e Raster","ID":380035,"Municipio":"MOITA"},"geometry":{"type":"Polygon","coordinates":[[[-9.00278462800962,38.6250181265666],[-9.00278512653805,38.6250174742777],[-9.00401507144852,38.6243277380883],[-9.00587245808327,38.6233008950666],[-9.00708693052247,38.6226286339899],[-9.00701996134626,38.6233286133199],[-9.0070346911522,38.6234970718916],[-9.00704664479312,38.6236337706141],[-9.00716090639343,38.6239901513064],[-9.00716438542723,38.6240010034975],[-9.00778375466319,38.6250917488017],[-9.00723782480893,38.6252736019091],[-9.00708454318337,38.6255272791451],[-9.00708461072016,38.6255275452803],[-9.00708454319371,38.625527658386],[-9.00713244432814,38.625715134703],[-9.00858579810463,38.6285406246939],[-9.00371275058427,38.6307616609524],[-9.00347675151668,38.6304373005494],[-9.00243752447762,38.6290089343777],[-9.00116139603462,38.6273696874422],[-9.00116126655866,38.6273695208522],[-9.00185620010731,38.6262335679888],[-9.00278462800962,38.6250181265666]]]}},{"type":"Feature","id":"CRUS_Moita_V.380036","properties":{"Area_Ha":116.853483693034,"Autor":"DGT","Categoria":"Espaço Agrícola","Classe":"Solo Rústico","DTCC":"1506","Data_PublicacaoPDM":"2025-04-14T00:00:00","Designacao_PlantaOrdenamento":"Solo Rústico - Espaços Agrícolas","Escala_PlantaOrdenamento":"1/12000","Fonte":"CM - Vectorial e Raster","ID":380036,"Municipio":"MOITA"},"geometry":{"type":"Polygon","coordinates":[[[-9.01900226137334,38.6349633217156],[-9.02134383580795,38.6354787178388],[-9.02218845723566,38.635704930106],[-9.02247035745823,38.6357898648439],[-9.02284050208815,38.6359071937393],[-9.02340376730841,38.6361376598492],[-9.02361729358771,38.6362390888384],[-9.02450769833612,38.636662039564],[-9.02519065073919,38.6369808567387],[-9.02631192956323,38.6375272558089],[-9.02748294324151,38.6379705655048],[-9.02883805386399,38.6383329406352],[-9.02914952437338,38.6383989184842],[-9.03022193962128,38.6386141490596],[-9.03160186684483,38.6387996040166],[-9.03194039317814,38.6388406511791],[-9.03194270142043,38.6388454077182],[-9.03201864743274,38.639001922111],[-9.03210188699434,38.6391556770805],[-9.03218907219024,38.639312468006],[-9.03220099986686,38.6393568734664],[-9.03226679430279,38.6394751850351],[-9.03234858920339,38.6396602106957],[-9.03240077535021,38.6397459239143],[-9.03243162874773,38.6397887434686],[-9.03279343297264,38.6396612854258],[-9.03284962679676,38.6397647162054],[-9.03312988870851,38.6402244874446],[-9.03325372810852,38.6404373859886],[-9.03334482682429,38.6406224293974],[-9.03338127699965,38.6406533167824],[-9.03354624252463,38.640683207818],[-9.03368674505282,38.640713294154],[-9.0341327480052,38.640806424419],[-9.03449604096082,38.6407827035899],[-9.03482123002111,38.6407728234685],[-9.03530372098238,38.6407528843946],[-9.03530645377315,38.6407504392499],[-9.0353459625603,38.6409047335617],[-9.03483883809101,38.6424023626407],[-9.03478313003739,38.6425668693006],[-9.03478269812309,38.6425681490714],[-9.0337849173143,38.6425849084606],[-9.03382782172295,38.6452029163216],[-9.03329228303004,38.6452099248318],[-9.03109197916102,38.6452349802061],[-9.03110270669716,38.6470512178568],[-9.03208315675213,38.6470400353228],[-9.03289380561458,38.6470150379885],[-9.03341477199853,38.6469988470924],[-9.03341980623674,38.6469988182556],[-9.03407378762662,38.6469947244358],[-9.03407380501581,38.6469953791871],[-9.03407835008155,38.6471352347045],[-9.03409336196763,38.6473558109118],[-9.03442155494723,38.6481372648942],[-9.03463419993879,38.6484356789477],[-9.0348998142815,38.6488084222226],[-9.03484378097992,38.6493393669116],[-9.03484283426646,38.6493412767091],[-9.03478758215857,38.6494526601385],[-9.03463037123571,38.649769579571],[-9.03441695899288,38.6501997927413],[-9.03435576620564,38.6506696194284],[-9.03432791949391,38.6509235500653],[-9.0343223526006,38.6509743316678],[-9.03429660544722,38.65101691108],[-9.03422634040932,38.6511226708587],[-9.03407187670986,38.6512354163051],[-9.0339546771729,38.6513210792428],[-9.03380882591722,38.6514276838902],[-9.03365937400243,38.6515731848863],[-9.03364890448526,38.651583376117],[-9.03361119280826,38.6516266140931],[-9.03357915865238,38.651668790442],[-9.03352215234668,38.6517438474004],[-9.03346469582561,38.651831493835],[-9.03334936167864,38.6518778108858],[-9.03334806842086,38.6518795729034],[-9.03325406307917,38.6520076962056],[-9.03316651715115,38.6522072683716],[-9.03314893618103,38.6522473444126],[-9.03314869195965,38.6522472895411],[-9.03305633610204,38.6522246206553],[-9.03255357184343,38.6521763401015],[-9.03261010910348,38.6520660567616],[-9.03263201939536,38.6519192904627],[-9.03264823145153,38.6518107044336],[-9.03266944098614,38.6516686321983],[-9.03269213661171,38.6515166162572],[-9.03270605689981,38.6514233795308],[-9.03271581677087,38.6513579997484],[-9.03274958318209,38.651131822788],[-9.03271739674921,38.6510145198393],[-9.03184836116587,38.6510438454124],[-9.03188054759988,38.6512952099446],[-9.03186445353898,38.6516764450819],[-9.03171961481208,38.6520953815932],[-9.03172037141827,38.6520961756952],[-9.031071489939,38.6520328327253],[-9.03090490119401,38.6520146144405],[-9.03010826595201,38.652034064309],[-9.03006488636074,38.6519768976993],[-9.0300351156583,38.6519280861788],[-9.02984029236867,38.6514147763531],[-9.02929623437897,38.650198689627],[-9.02926404859137,38.649930563014],[-9.02851705793307,38.6480525378093],[-9.02823246114804,38.6464967649555],[-9.02808253885225,38.6461692901167],[-9.02865265539184,38.6453629892495],[-9.02914861890756,38.6450355372487],[-9.02901635798429,38.6448873723451],[-9.02901748237842,38.6448866250731],[-9.02895433974918,38.6448178961412],[-9.02857885647031,38.6440512180764],[-9.02841789839369,38.6439087075907],[-9.02790819704497,38.6431484492921],[-9.02774458087993,38.6426917516189],[-9.02791356019601,38.6423020883602],[-9.02791087888061,38.6421533461408],[-9.02733688525553,38.6419731780694],[-9.02678711566995,38.6419981158522],[-9.02669642277598,38.6420060241179],[-9.02637665469818,38.6421114464525],[-9.02603601354195,38.6423062791236],[-9.02569277368535,38.6425426938315],[-9.02644102852244,38.6447154481797],[-9.02644251502628,38.6447171276403],[-9.02643836494241,38.6447201734294],[-9.02641777171957,38.6447005129615],[-9.02628530317696,38.6445765727927],[-9.02621887382874,38.644514419024],[-9.0258586297359,38.6438731457259],[-9.0255052863579,38.6424687024283],[-9.0255052549445,38.6424685774559],[-9.02554164445543,38.6422606586075],[-9.02561946926205,38.6418159826825],[-9.02505365839237,38.6408819352891],[-9.02491433496233,38.6408586874199],[-9.02476963324113,38.6408345417379],[-9.02469372483501,38.6408218748373],[-9.02485860948504,38.6409792302651],[-9.02506382699014,38.6413153249276],[-9.02511221215887,38.6413945674669],[-9.02538358307313,38.6418389997182],[-9.02538354234632,38.6418392351393],[-9.02527246748187,38.6424738769994],[-9.02527249890604,38.6424740028726],[-9.02553703561343,38.6435274470368],[-9.02563696914651,38.6439254020876],[-9.02585287557167,38.6443097400305],[-9.02602194807782,38.6446107069308],[-9.02625821860043,38.6448308410706],[-9.02625810661553,38.6448308878667],[-9.02612720885563,38.644885134743],[-9.02477537658425,38.6452412643539],[-9.02472598709474,38.6451730183216],[-9.02470631404314,38.645145832413],[-9.02449555002684,38.6446526466571],[-9.02438751451591,38.644399505607],[-9.02436017633036,38.6443354503945],[-9.02429794217043,38.6441896273245],[-9.02258294876249,38.6444259151872],[-9.02242322571324,38.6444479201071],[-9.02242329444,38.6444493915018],[-9.0224230800124,38.6444494210569],[-9.02242333818836,38.6444503289084],[-9.02242500379582,38.6444561948346],[-9.02236703507861,38.6444673079642],[-9.02228239207658,38.6441781517972],[-9.02202823083226,38.6436134161689],[-9.02206176859606,38.643598679155],[-9.02206067177564,38.6435964809081],[-9.02208060799285,38.6435904008249],[-9.02250622807741,38.6434605955328],[-9.02220174124999,38.6428639595084],[-9.02216978727091,38.6427777943148],[-9.02211404808005,38.6426274733765],[-9.02206334228192,38.6424907271444],[-9.02206332079681,38.6424906615488],[-9.02205808271297,38.6424720276362],[-9.02201269985748,38.642279044118],[-9.02152977699987,38.6423551167985],[-9.0215296199467,38.6423551414123],[-9.02115863447696,38.6411585559388],[-9.02186786079062,38.6410094839952],[-9.02180356133042,38.6408378850779],[-9.02242307995496,38.6407057075535],[-9.02211177084605,38.64046030234],[-9.0209633933719,38.640699559024],[-9.01999617150261,38.6386947435226],[-9.01984060480455,38.6385229471129],[-9.01899839051519,38.637726814077],[-9.01871407672412,38.6374586407492],[-9.01870003671926,38.6374505677025],[-9.01863022906275,38.6373725484276],[-9.01990480948914,38.6359419546156],[-9.01849459375332,38.6352245680162],[-9.01850180541374,38.6352170358324],[-9.01850314004876,38.6352156438925],[-9.01861200156306,38.6350984608209],[-9.01871280032081,38.6350886041636],[-9.01880713027449,38.6350602235405],[-9.01887103462796,38.6350336991662],[-9.01890871997735,38.635018057762],[-9.01900226137334,38.6349633217156]]]}},{"type":"Feature","id":"CRUS_Moita_V.380037","properties":{"Area_Ha":17.6742681337795,"Autor":"DGT","Categoria":"Espaço Natural e Paisagístico","Classe":"Solo Rústico","DTCC":"1506","Data_PublicacaoPDM":"2025-04-14T00:00:00","Designacao_PlantaOrdenamento":"Solo Rústico - Espaços Naturais e Paisagísticos - Salinas e Viveiros","Escala_PlantaOrdenamento":"1/12000","Fonte":"CM - Vectorial e Raster","ID":380037,"Municipio":"MOITA"},"geometry":{"type":"Polygon","coordinates":[[[-9.01044175557897,38.6694064397493],[-9.01063755742821,38.6694231931632],[-9.0107475272009,38.6694650759819],[-9.01081190075231,38.6694441347753],[-9.01094064653683,38.6694671704325],[-9.01125446526843,38.6696430808231],[-9.0113885760219,38.669718470002],[-9.01150122870384,38.6696765870174],[-9.01156560086088,38.6696849638388],[-9.0115816951216,38.669737318326],[-9.01157901207079,38.6699132274437],[-9.01178017862383,38.6700011822362],[-9.01202694188805,38.6702964570006],[-9.01233807786554,38.6703132100468],[-9.01251242162259,38.6703488105711],[-9.01278064165191,38.6704849297982],[-9.01285842640508,38.6705624136919],[-9.01292011670655,38.6708241805005],[-9.01284501497106,38.6708995688032],[-9.01269749411895,38.6713351462577],[-9.01261166261162,38.671611568838],[-9.01260361640572,38.6717204625049],[-9.01263043781752,38.671804227312],[-9.01272699800289,38.6717686274578],[-9.01283160365607,38.6717937567635],[-9.01286110831539,38.6718838024457],[-9.01276454902771,38.6719529077518],[-9.01278064187862,38.6720366721401],[-9.01296571478105,38.6721769762035],[-9.01298180791005,38.6722607396568],[-9.01312128285432,38.6723256569407],[-9.01310787203483,38.6724931836825],[-9.01304618126839,38.6724973717608],[-9.01295766810651,38.6725245942321],[-9.01288524838805,38.6727402848579],[-9.01284769677858,38.6727486610383],[-9.01278868867375,38.6727172498117],[-9.01259288735907,38.6727193439303],[-9.01239440381375,38.6727696012695],[-9.01242927216317,38.6729371270694],[-9.01254728978611,38.6730711474562],[-9.01256874744942,38.6732093556435],[-9.01274845575714,38.673316152674],[-9.01276454866314,38.6735569692131],[-9.01281819293057,38.6736742357143],[-9.01294157415161,38.6737538095839],[-9.01289329449738,38.6738668883542],[-9.01294693865601,38.673940179429],[-9.01284501508108,38.6741328314254],[-9.01267335357203,38.674294071687],[-9.01260898060662,38.6744113366841],[-9.0126143456793,38.6745223201976],[-9.01269749323504,38.6745600132044],[-9.01281551125832,38.67465005521],[-9.01254101506856,38.6753358157477],[-9.0118002119637,38.6753545896879],[-9.01179955257271,38.6753546063525],[-9.01175274501503,38.674701227943],[-9.01169373662553,38.6746300313543],[-9.01103784846534,38.6746369772392],[-9.01071848781302,38.6746383508319],[-9.01011281117432,38.6746456966292],[-9.01000931078758,38.6744919797224],[-9.00996371158689,38.6744227229267],[-9.00986983441327,38.6741965677859],[-9.0098898621403,38.674126208211],[-9.00989040837413,38.6741255825624],[-9.00999982083257,38.6740181928464],[-9.01002821855401,38.6739903198874],[-9.01020048822784,38.6738212347311],[-9.01011857353387,38.6736233599241],[-9.01008290007035,38.673538611499],[-9.00996793962008,38.6732654971184],[-9.00994493605892,38.6732312120896],[-9.00987446896862,38.6730814874305],[-9.00984105460772,38.6730208085433],[-9.00979147659536,38.6729457505907],[-9.0096853722914,38.6727261861785],[-9.0096285295015,38.6725686249485],[-9.00957328244335,38.6724341023642],[-9.00950117480671,38.6723591005135],[-9.00943750965723,38.6723445197493],[-9.00928872825181,38.672313635243],[-9.00918164424338,38.6722914066033],[-9.00911245945944,38.672277045366],[-9.00911220600634,38.6722769914146],[-9.00911098346323,38.6722784112284],[-9.00894477502734,38.6722410728449],[-9.0087752611859,38.6722047084433],[-9.00869793452715,38.6722122902933],[-9.00866447074397,38.6722020863431],[-9.00862427601667,38.672186705534],[-9.00842437664664,38.6719242263309],[-9.00823819504832,38.6716930075482],[-9.00811464621613,38.6715486534606],[-9.00803248482074,38.6714641972989],[-9.00805357012096,38.671452629144],[-9.00808928038143,38.6714306796314],[-9.00814461259027,38.6713934381412],[-9.00800245570054,38.6712196260824],[-9.00809901425061,38.6707002826919],[-9.00814712613029,38.6706503668705],[-9.00898263394556,38.670292269133],[-9.00908992276663,38.6701393956646],[-9.00892362605886,38.6698231782823],[-9.00894240061342,38.6697771066464],[-9.00900945614421,38.6697603539966],[-9.00911942627411,38.6697394118379],[-9.0101064799643,38.6694378520269],[-9.01044175557897,38.6694064397493]]]}},{"type":"Feature","id":"CRUS_Moita_V.380038","properties":{"Area_Ha":7.49412643950358,"Autor":"DGT","Categoria":"Espaço de Equipamentos e Infraestruturas","Classe":"Solo Rústico","DTCC":"1506","Data_PublicacaoPDM":"2025-04-14T00:00:00","Designacao_PlantaOrdenamento":"Solo Rústico - Espaços Equipamentos, Infraestruturas ou Outras Estruturas ou Ocupações - Espaços Canais","Escala_PlantaOrdenamento":"1/12000","Fonte":"CM - Vectorial e Raster","ID":380038,"Municipio":"MOITA"},"geometry":{"type":"Polygon","coordinates":[[[-9.00269313818182,38.676367659951],[-9.00267680509219,38.6764343903217],[-9.00150573806762,38.6762903813476],[-9.00097378490744,38.6762425185758],[-9.00050703113697,38.6764351759309],[-9.00050703559092,38.6764354497418],[-9.00050179002536,38.6764307098896],[-9.00048277825465,38.6764382906199],[-8.99823124903123,38.6774217654549],[-8.99718123496427,38.6778796437039],[-8.99639290075178,38.6782234015825],[-8.99521687278332,38.6787361990601],[-8.99521622805583,38.6787364830615],[-8.99505239522802,38.6788088540479],[-8.99477235016167,38.6789325764731],[-8.99454328276205,38.6790338548883],[-8.99432924613941,38.6791281445432],[-8.99427177266584,38.6791436273808],[-8.99089539403627,38.679570659043],[-8.99088992758193,38.679590317715],[-8.99087970155806,38.6796138586235],[-8.9908675675222,38.679636503715],[-8.99085254907085,38.6796591537459],[-8.99083250442015,38.6796821234901],[-8.99080799219517,38.6797070600188],[-8.99078433232096,38.679727058398],[-8.9907523895161,38.6797495019396],[-8.99072040090658,38.6797681092906],[-8.99068531980727,38.6797840206882],[-8.99063544466606,38.6798013368083],[-8.99059590990594,38.6798108500067],[-8.99056027281719,38.6798164791802],[-8.99051048193699,38.6798199619067],[-8.99047069401002,38.6798201058709],[-8.99042265752163,38.6798160404857],[-8.99038430570372,38.6798090242236],[-8.9903381263878,38.6797959092403],[-8.99028943196673,38.6797763782411],[-8.9886150840925,38.6803590572419],[-8.98792326344474,38.6807970245986],[-8.98753254378219,38.6810415111078],[-8.9874675253784,38.6809731305793],[-8.9874856118149,38.6809699537356],[-8.9874748827898,38.6807207872812],[-8.98774042208195,38.6805490926491],[-8.98781096479139,38.6804972061519],[-8.9878824620328,38.6804497337742],[-8.98850004615797,38.6800758657774],[-8.98877987171284,38.679976429363],[-8.99008354721178,38.6795286269384],[-8.99008218742743,38.6795167499124],[-8.99008217963058,38.6795166743021],[-8.99008072924947,38.6794973933431],[-8.99008072948549,38.6794973167731],[-8.99008378944937,38.6794566258183],[-8.99008380119774,38.6794565509656],[-8.99009287050744,38.6794177121644],[-8.99010122485973,38.6793970721105],[-8.99011785899204,38.6793626449523],[-8.99013284323473,38.6793384611978],[-8.99014775414246,38.6793199809597],[-8.99016834923934,38.6792967109331],[-8.99019936596038,38.6792685010928],[-8.99022289240106,38.6792452149782],[-8.98860100228103,38.6765651150128],[-8.98750486061897,38.6767378975626],[-8.98736761870058,38.6767475892573],[-8.98514037702908,38.6766438794124],[-8.98499124897344,38.6766873701756],[-8.98492741303292,38.676725867055],[-8.98483648657876,38.6768121209032],[-8.98465691373786,38.6768049934265],[-8.98464759309929,38.6767511752425],[-8.98451418674305,38.6766405072656],[-8.98440456846713,38.6765851734786],[-8.98332524875322,38.6764886037811],[-8.98331720279217,38.6765346717046],[-8.98320929543538,38.6765201325468],[-8.98313285497561,38.6765600928944],[-8.98307651842327,38.6766324846376],[-8.98295063780804,38.6766177993176],[-8.9828497372709,38.676606028427],[-8.98291263471413,38.6762487253649],[-8.98345148857701,38.6738944987152],[-8.98408033130412,38.6729016341459],[-8.98407952041023,38.672905061299],[-8.98332170344689,38.6761074347915],[-8.98326108356747,38.6763648881837],[-8.98503523989965,38.6765214631836],[-8.98675663183753,38.6766070401557],[-8.98728615387308,38.6766326571819],[-8.98761661393922,38.676614891654],[-8.98867250378169,38.6764416314445],[-8.99035333091586,38.6791910187952],[-8.99041938851248,38.6791760163358],[-8.9904554219792,38.6791732947933],[-8.99049145428316,38.6791705723473],[-8.99055296465378,38.6791752280339],[-8.99056051009988,38.67917579877],[-8.9905937351848,38.6791816671101],[-8.99068987792509,38.6792123713247],[-8.99080253051745,38.6792835634583],[-8.99080556556419,38.6792831826802],[-8.99416836789484,38.6788609765109],[-8.99475931057157,38.6786041490093],[-9.00088494095953,38.6759319127354],[-9.00164747928182,38.6760085495776],[-9.0021972852151,38.6760778895787],[-9.00274709217258,38.6761472278824],[-9.0027206807954,38.6762551341113],[-9.00346792137756,38.676385569628],[-9.00486803428794,38.6765279590292],[-9.00537287113063,38.6765604791814],[-9.00544743244372,38.6765600509671],[-9.00553380344329,38.6765594319174],[-9.00557595946911,38.6765532614079],[-9.00559742400974,38.6766405168362],[-9.00558340461297,38.6767143565837],[-9.00558336088394,38.6767143515051],[-9.00350417781772,38.676497056035],[-9.00269313818182,38.676367659951]]]}},{"type":"Feature","id":"CRUS_Moita_V.380039","properties":{"Area_Ha":76.5574763784419,"Autor":"DGT","Categoria":"Espaço de Equipamentos e Infraestruturas","Classe":"Solo Rústico","DTCC":"1506","Data_PublicacaoPDM":"2025-04-14T00:00:00","Designacao_PlantaOrdenamento":"Solo Rústico - Espaços Equipamentos, Infraestruturas ou Outras Estruturas ou Ocupações - Espaços Canais","Escala_PlantaOrdenamento":"1/12000","Fonte":"CM - Vectorial e Raster","ID":380039,"Municipio":"MOITA"},"geometry":{"type":"Polygon","coordinates":[[[-8.96857352041556,38.6321890264934],[-8.96878486364067,38.6322661308156],[-8.9688059278655,38.6322738156039],[-8.96924456493107,38.6324265136646],[-8.96928082145597,38.6324384091747],[-8.96935620279233,38.6324631417244],[-8.96935487291436,38.6324641313123],[-8.96935543562841,38.6324643272701],[-8.96988647210205,38.6330174555497],[-8.97023311016843,38.6334076228243],[-8.97046996545493,38.6337006810772],[-8.97067292803802,38.6340276807966],[-8.97080289527172,38.634256739759],[-8.97093351707125,38.6345270599978],[-8.97107702286595,38.6348234698409],[-8.97114099460346,38.6348170059083],[-8.97121569593806,38.6348147322133],[-8.9712890550066,38.6348297429256],[-8.97136241509943,38.63485627765],[-8.97140456547533,38.6348790706001],[-8.97145280786236,38.6349051573818],[-8.9715073920878,38.6349557863102],[-8.97156197640072,38.6350064161127],[-8.97484989956669,38.63749290335],[-8.9756432451613,38.6380928301246],[-8.97564339348905,38.6380929425583],[-8.97564371830083,38.6380925312516],[-8.9757322257912,38.6381585221667],[-8.97573311925024,38.638158815122],[-8.97573187189117,38.638159994608],[-8.97573266816153,38.6381605980488],[-8.97607376379122,38.6384097512335],[-8.97607497047483,38.6384104870742],[-8.97607350381882,38.6384122722162],[-8.97607350301583,38.6384122731936],[-8.97595521563527,38.6385562464634],[-8.97595273530356,38.6385582506181],[-8.97587601440551,38.6385514869646],[-8.97585074498655,38.6385464407041],[-8.97580019993027,38.6385345411878],[-8.97577834965347,38.6385271362851],[-8.97572207329221,38.6385062978485],[-8.97570846505561,38.6385007694072],[-8.97566811474957,38.6384805585023],[-8.97564784530162,38.638469461482],[-8.97524571800612,38.638169956966],[-8.971511689301,38.6353886659747],[-8.97144310442984,38.6354531744419],[-8.9713580527152,38.6355041968231],[-8.97128597904701,38.6355243752051],[-8.97116761269909,38.6355503215615],[-8.97181012578187,38.6402749341299],[-8.97181015467417,38.6402751465138],[-8.97399621812191,38.6403400146863],[-8.97622513444264,38.6404950464513],[-8.97714629442021,38.6405787082676],[-8.97714781445032,38.6405788468349],[-8.97723124915706,38.6404906753738],[-8.97731382944016,38.6404196632255],[-8.97780255915355,38.6399993922292],[-8.97853271504553,38.6394778118731],[-8.97916117767004,38.6390822406957],[-8.9793465097205,38.638977522445],[-8.97989709130593,38.6386733716793],[-8.97998816173914,38.6386242453033],[-8.98048726131396,38.638365006752],[-8.98078017602036,38.6382137998593],[-8.98107697474193,38.6380675455566],[-8.98154424153505,38.6378372861666],[-8.98125456296292,38.6378184302448],[-8.98103193878409,38.637774433363],[-8.9808468666074,38.6376864386595],[-8.98070202719265,38.6375670184003],[-8.97992418194395,38.6364599661725],[-8.97992408978935,38.6364598452303],[-8.97985444958933,38.6363740634515],[-8.97976057166475,38.6363028285581],[-8.97967071873384,38.63626092545],[-8.97947013104593,38.6361862835988],[-8.97946920592047,38.6361859407775],[-8.97851368044711,38.6358303728696],[-8.97851312884408,38.6358300516634],[-8.97851233523696,38.6358297583295],[-8.97851174998544,38.6358297013037],[-8.97838802685279,38.6357572666906],[-8.97817427987235,38.6356329065013],[-8.97817371787337,38.6356325799636],[-8.97817337558088,38.6356323806548],[-8.9781737842235,38.635632264201],[-8.9781974453421,38.6356255137688],[-8.97824246345482,38.6356485708839],[-8.97834156414658,38.6357036276694],[-8.97851116068452,38.6357066918849],[-8.97870875793816,38.6357653253007],[-8.97904941356397,38.635895856275],[-8.97949888311743,38.6360456105382],[-8.9796524031675,38.6359912988322],[-8.97965484846684,38.6359904334759],[-8.97986611649892,38.6360691504433],[-8.97987393455441,38.6360726862851],[-8.97990764305318,38.6360879299173],[-8.979969784979,38.6361163609554],[-8.98005270343372,38.6361669627105],[-8.98006844807493,38.6361798374988],[-8.98013071704993,38.636233689278],[-8.98020106726229,38.6363171335565],[-8.98020355892755,38.6363202070932],[-8.98020809822979,38.6363258060861],[-8.98084914599011,38.6372644226833],[-8.98096716351298,38.6373765108987],[-8.98114955406728,38.6374823140413],[-8.98129439320906,38.6375168829141],[-8.98144727896385,38.6375263111219],[-8.98161894027938,38.6374990751339],[-8.98279643029093,38.6370842422441],[-8.98292249366132,38.6370591011054],[-8.98304855796615,38.6370528155649],[-8.98374934651631,38.6367016554753],[-8.98393382061893,38.6366067613329],[-8.98394864200777,38.6365982093529],[-8.98502843099489,38.6359738904365],[-8.98522512121646,38.6358419180683],[-8.98586755920393,38.6354060339072],[-8.98669904347718,38.6347628149669],[-8.98694264626867,38.6345489786595],[-8.98704653136107,38.6346991366357],[-8.98741934452745,38.6349694438104],[-8.98815566162917,38.6349947992795],[-8.98852066715042,38.6350059250661],[-8.98852519160984,38.6350075224486],[-8.9889122697731,38.6351442061667],[-8.98890806770099,38.6351474113577],[-8.9871653455835,38.6365380246079],[-8.98623005990855,38.6371660215938],[-8.98499892691118,38.6378825471025],[-8.98625151752366,38.638010347487],[-8.98632024985578,38.6379105689664],[-8.98636832655494,38.6378766244515],[-8.98643189684746,38.6378317409821],[-8.98651176747383,38.6378001768394],[-8.9865730479081,38.6377759592426],[-8.98670883474705,38.6377453184176],[-8.98684864522948,38.6377471519635],[-8.98698309098518,38.637778316105],[-8.98709607848737,38.6378241460659],[-8.98719833754928,38.6378951174506],[-8.98765822183989,38.6377259210234],[-8.98793862732541,38.6376227548127],[-8.9888559426081,38.6372603017755],[-8.98976075365394,38.6369027380398],[-8.98976253007602,38.6369020359129],[-8.98981772775151,38.6373804188694],[-8.98981837836567,38.6373860612759],[-8.98866029652486,38.6378330654058],[-8.98832307606521,38.6379641584966],[-8.98795074524795,38.6381088986056],[-8.98763685662105,38.6382246901448],[-8.98732916655978,38.6383274035804],[-8.98730789099004,38.6383610591121],[-8.98726857709634,38.6384257233718],[-8.98725854168396,38.6384358253489],[-8.98722001617442,38.6384746035967],[-8.98715716549758,38.6385302883397],[-8.98702990625952,38.6386004093473],[-8.98699934550754,38.6386085901621],[-8.98687083936427,38.6386397556105],[-8.98675369677961,38.6386433317999],[-8.98669759024926,38.6386396983644],[-8.98657847182082,38.6386200992718],[-8.9865759402909,38.638619601577],[-8.98657163997911,38.6386185195499],[-8.98645890559727,38.6385760013219],[-8.98643938045936,38.6385660195542],[-8.98633769112623,38.6384913905793],[-8.98633573886525,38.6384899581188],[-8.98611043326552,38.6384857675066],[-8.98586366984318,38.6385025280507],[-8.98477772788196,38.6386497759696],[-8.98476664736457,38.6386512781128],[-8.98463253628796,38.6385255735944],[-8.98462779500624,38.638522747136],[-8.98458412413205,38.6384967154349],[-8.98443289231071,38.6384078864996],[-8.98419071371688,38.6383757043264],[-8.98393189159163,38.6385102860674],[-8.98385783134634,38.6386621867145],[-8.98374204314723,38.6389215419642],[-8.98243878893971,38.6388679651644],[-8.98241703195395,38.6388670709753],[-8.98274780015311,38.6392129417452],[-8.9823956328584,38.6393877669349],[-8.98183939440424,38.6396638940311],[-8.98107244448597,38.6400563000696],[-8.98095571214059,38.6401219206143],[-8.9803249088595,38.6404802527487],[-8.97970456277144,38.6409369894447],[-8.97970284902686,38.6409382521696],[-8.97968259138839,38.6409531657291],[-8.97953152459825,38.6410758338201],[-8.97943865947766,38.6411518556577],[-8.97943105561103,38.6411580803083],[-8.9794303423168,38.6411586637879],[-8.97923632271241,38.6413174935241],[-8.97913099422853,38.6414037168415],[-8.97911254982642,38.6414188153668],[-8.97820709240167,38.6422749262839],[-8.97809331033798,38.6423825057532],[-8.97737068424621,38.6432402125111],[-8.97732552839815,38.6432938086144],[-8.97732310807123,38.6432968257738],[-8.97667946779591,38.6440992268372],[-8.97628329063126,38.64459311651],[-8.97628281968151,38.6445937036285],[-8.97548352179774,38.6455311646916],[-8.97547877106002,38.6455361731657],[-8.9754773898566,38.6455377955588],[-8.97547716668053,38.6455378647265],[-8.97547228094144,38.645543017401],[-8.9754451993764,38.6455715716607],[-8.97526894516901,38.6457574109181],[-8.97525573714886,38.645778043535],[-8.97478598028614,38.6465118214493],[-8.9746661012871,38.6466990728776],[-8.97413738196477,38.6474735816569],[-8.97365726638983,38.648081074843],[-8.97329080503558,38.6484700199545],[-8.9731342350666,38.6486361940631],[-8.97252269220875,38.6491661712892],[-8.97165869717112,38.6497901665033],[-8.97164558766225,38.6497951590724],[-8.97105519377419,38.6502218795319],[-8.97039095924539,38.6506984087662],[-8.96939103222317,38.6514171062845],[-8.96848295596266,38.6522009235199],[-8.96892820226428,38.6522134917545],[-8.97180397308017,38.6519801571063],[-8.97185718000187,38.6523582796465],[-8.96886099544959,38.652588871009],[-8.96839351605717,38.652568883698],[-8.96838783377143,38.6525686405194],[-8.96816680063574,38.6525484100948],[-8.9673503569615,38.6534186606983],[-8.96721914271022,38.6535842559624],[-8.9666322321029,38.6543416499059],[-8.96559676443395,38.6558107731931],[-8.96558136852901,38.6558148814494],[-8.96521923491327,38.6559115069597],[-8.96477813978569,38.6560051283042],[-8.9638222317922,38.6561849723745],[-8.96340598280615,38.6562518896232],[-8.96297431705472,38.6563356337563],[-8.9633892535194,38.6557901454746],[-8.96446081636735,38.6543856368593],[-8.96459646381676,38.6542072469213],[-8.96560029589735,38.6529034654234],[-8.96590756744772,38.6525316172887],[-8.96617819792531,38.6521904495759],[-8.96355278694601,38.6519844842241],[-8.96277179203174,38.6519232024379],[-8.96225858432318,38.6519148560798],[-8.96097318862851,38.6518940795721],[-8.96042477030353,38.6519411029185],[-8.95969205507881,38.651997827086],[-8.95700504273437,38.6522164585903],[-8.95361790675725,38.6522823009057],[-8.95341337204989,38.652286627018],[-8.9534131957442,38.6522862769391],[-8.95339279860314,38.6522457962141],[-8.95333380106474,38.652170862691],[-8.95326260146785,38.6519894265175],[-8.95355338703525,38.6519852091919],[-8.95579278143762,38.6519527078816],[-8.95685612101946,38.6519348283359],[-8.95948784598734,38.6517164215272],[-8.96040473565329,38.6516433248083],[-8.96068071477775,38.6516323618548],[-8.96151651803227,38.651606239708],[-8.96230930660501,38.651610367488],[-8.96230941343981,38.6516103676315],[-8.96288494695333,38.6516145828666],[-8.96395601383302,38.6517059006441],[-8.96395683254628,38.6517059704968],[-8.96493754074329,38.6517910469725],[-8.96640350379407,38.6519183483727],[-8.96712608001459,38.6512136231487],[-8.96737837773288,38.6509694337095],[-8.96755345739734,38.6508009048584],[-8.96769805762202,38.6506729187833],[-8.96774344755506,38.6506327440824],[-8.96807640823522,38.6503753149048],[-8.96837181809065,38.6501513999391],[-8.96886989780666,38.6497797928904],[-8.96921930467355,38.649513569069],[-8.96921931694611,38.6495119565347],[-8.96922465698123,38.6495092609817],[-8.96922466929461,38.6495100238782],[-8.96922852495359,38.6495073074067],[-8.97007017479748,38.6489143984544],[-8.97113265688712,38.6481255567427],[-8.97178149766873,38.6475601967703],[-8.9721626039907,38.6471348405873],[-8.97222624494669,38.6470587116863],[-8.97256490047273,38.6466313742296],[-8.97299894162759,38.645917074936],[-8.97305142269293,38.645922611028],[-8.97324990664691,38.6451558884929],[-8.97338578086907,38.6451746159656],[-8.97315894849194,38.6445597541827],[-8.97315750684493,38.6445590555988],[-8.97314695617183,38.6444317101717],[-8.97313121989314,38.6442430091603],[-8.97310891000778,38.6439630944065],[-8.97318504291947,38.6437669361703],[-8.97314303158271,38.6437152305613],[-8.9730964749212,38.6436612352892],[-8.97284867608956,38.6434568354143],[-8.97273548331042,38.6433916366245],[-8.97254140672846,38.6432822326359],[-8.97226782147151,38.6432193849909],[-8.97218481948635,38.6432115001518],[-8.9718378103043,38.6431902559105],[-8.97183263672339,38.6431899389855],[-8.97167773521553,38.6431628217256],[-8.97150925598812,38.6431273132477],[-8.97150875626415,38.6431272078313],[-8.97162855785594,38.6429047177216],[-8.97162942366048,38.642904992568],[-8.97162963309466,38.642904631644],[-8.97169833170979,38.6427861260096],[-8.97188856825753,38.642457963036],[-8.97165624589632,38.6418826504281],[-8.9716546740275,38.6418710673805],[-8.97146260022487,38.640455985376],[-8.97145547040265,38.6404024932608],[-8.97145469528921,38.6404021132691],[-8.96781506842045,38.6402868913955],[-8.96768303292749,38.6402839022822],[-8.96763032649646,38.6402827090692],[-8.96762999562298,38.6402827015206],[-8.96542790154273,38.6402135666548],[-8.96532869401755,38.6402100440482],[-8.96513375369858,38.6402004425941],[-8.96487148295132,38.6401810440158],[-8.96479181612916,38.6401750516229],[-8.96462323905639,38.6401611911304],[-8.96396609780656,38.6400815794877],[-8.96382181593697,38.6400617936146],[-8.96361862057478,38.6400321079447],[-8.96311044198203,38.6399468685588],[-8.96258921297258,38.6398412530913],[-8.96173181801872,38.6396374315345],[-8.96128976538478,38.6395316376608],[-8.96093520214333,38.639446782129],[-8.959132501393,38.6389969505337],[-8.95913092797943,38.6389965580803],[-8.9591940372757,38.6389354554998],[-8.95930075569114,38.6388338624698],[-8.95930173503172,38.6388329304213],[-8.95940792922327,38.6388591560619],[-8.96094193363692,38.6392380014814],[-8.96239767965906,38.6395890852346],[-8.96343031033933,38.6398110752342],[-8.96422830032859,38.6399406850779],[-8.964520634408,38.639967814789],[-8.96512481204284,38.6400229178486],[-8.96537259404924,38.6400347422382],[-8.96599709037477,38.6400634051993],[-8.9681705797164,38.6401418155192],[-8.97143635771447,38.6402590952542],[-8.97141027277674,38.6400633939597],[-8.97087681395798,38.6360608405062],[-8.97079361240319,38.635436528083],[-8.97073517989594,38.6353747617366],[-8.97069255239791,38.635304069579],[-8.97066601866734,38.6352333783909],[-8.9706612306435,38.6351611361607],[-8.97068029356173,38.6350831111264],[-8.97071545120955,38.6350050861601],[-8.97060065437823,38.6346600707263],[-8.97040646397933,38.6342487103048],[-8.97031264354983,38.6340958728358],[-8.97021359001557,38.6339391866343],[-8.9699594750522,38.6335964635383],[-8.96977015812756,38.6333841606474],[-8.96961310932797,38.6332108083782],[-8.96857603455138,38.632193695458],[-8.96857586727749,38.6321935318042],[-8.96857596413517,38.6321935653433],[-8.96857352041556,38.6321890264934]],[[-8.97183245557529,38.6404197439963],[-8.97187067201955,38.6407170532683],[-8.97192951285045,38.6411276931767],[-8.97195114214766,38.6413117806011],[-8.9719979355566,38.6416558406319],[-8.97200080038422,38.6416726111714],[-8.97201854622336,38.6418038543206],[-8.97204515610107,38.6418611405223],[-8.97208811283475,38.6419435555592],[-8.97214918193047,38.6420301204169],[-8.97216465696192,38.6420507136209],[-8.97229061402179,38.642191774044],[-8.97245236223639,38.6423137704413],[-8.97255056288968,38.6423714022127],[-8.97261114288649,38.6424044487599],[-8.97291830805938,38.6425100114389],[-8.97292435742426,38.6425120524829],[-8.97306407515481,38.6425500345826],[-8.97315379895605,38.6425744256002],[-8.97338323974041,38.6426367991713],[-8.97389891809254,38.6427806752995],[-8.97422301403545,38.6428719196982],[-8.97433920943577,38.6428189030291],[-8.97443394680576,38.6427868366444],[-8.97450329042633,38.6427680956317],[-8.97458289374923,38.6427526326885],[-8.9746455284875,38.6427408787803],[-8.97470526139532,38.6427310509258],[-8.97476835658887,38.6427231184738],[-8.97476975644689,38.642722995801],[-8.97481112676653,38.6427193642508],[-8.9748274568818,38.6427179306709],[-8.97490045362921,38.6427110348981],[-8.97497930529197,38.6427064408496],[-8.97505783416271,38.642705280252],[-8.97516105008466,38.6427102205423],[-8.97549565307143,38.6423331516352],[-8.97571827659745,38.6420796605341],[-8.97596504016692,38.6418177887108],[-8.97626444365671,38.6414972906649],[-8.97651547443891,38.6412297019096],[-8.97682667258599,38.6409099100899],[-8.97700920214312,38.6407207685073],[-8.97682297208401,38.6407024516251],[-8.97595600222923,38.6406240557369],[-8.97585984617599,38.6406158899234],[-8.97542970685178,38.6405804854517],[-8.97459847391164,38.6405304597922],[-8.97304596594647,38.6404612251131],[-8.97303692543279,38.6404609161868],[-8.97205679066932,38.6404274137442],[-8.97183245557529,38.6404197439963]]]}},{"type":"Feature","id":"CRUS_Moita_V.380040","properties":{"Area_Ha":1.03895273691725,"Autor":"DGT","Categoria":"Espaço Verde","Classe":"Solo Urbano","DTCC":"1506","Data_PublicacaoPDM":"2025-04-14T00:00:00","Designacao_PlantaOrdenamento":"Solo Urbano - Espaços Verdes - Proteção à Rede Hídrica","Escala_PlantaOrdenamento":"1/12000","Fonte":"CM - Vectorial e Raster","ID":380040,"Municipio":"MOITA"},"geometry":{"type":"Polygon","coordinates":[[[-8.99298491356534,38.6469612308094],[-8.99292195010212,38.6469054302979],[-8.99288993618542,38.6468583908404],[-8.99253303546846,38.6463820995663],[-8.99249257455594,38.646323404959],[-8.99249218863812,38.6463011467669],[-8.99249018044952,38.6461853221573],[-8.99249630021646,38.6460583687429],[-8.99250726283082,38.6458424808583],[-8.99253457714858,38.645435306161],[-8.99254586017513,38.645300872323],[-8.99263752190515,38.6442325994722],[-8.99308864407523,38.6443373637443],[-8.99307116364934,38.6444999096751],[-8.99305570399749,38.6446597986754],[-8.99300038751301,38.6452529033742],[-8.99297657186147,38.6456358171395],[-8.9929512273425,38.6461587789347],[-8.99294667401646,38.6462532494491],[-8.9929590742612,38.6468175375351],[-8.99297187582909,38.6468887261208],[-8.99298491356534,38.6469612308094]]]}},{"type":"Feature","id":"CRUS_Moita_V.380041","properties":{"Area_Ha":3.41051403923339,"Autor":"DGT","Categoria":"Espaço Verde","Classe":"Solo Urbano","DTCC":"1506","Data_PublicacaoPDM":"2025-04-14T00:00:00","Designacao_PlantaOrdenamento":"Solo Urbano - Espaços Verdes - Recreio, lazer, desporto, cultura","Escala_PlantaOrdenamento":"1/12000","Fonte":"CM - Vectorial e Raster","ID":380041,"Municipio":"MOITA"},"geometry":{"type":"Polygon","coordinates":[[[-8.99249218863812,38.6463011467669],[-8.99246385726047,38.6462817461572],[-8.99219679142501,38.6460988653765],[-8.99202274429731,38.6460097047476],[-8.99182523383216,38.6459309932219],[-8.99151522939053,38.6458695503051],[-8.99112025611798,38.6458884787265],[-8.99039876985387,38.6437167266167],[-8.9897591935993,38.6435627022067],[-8.98975943074197,38.6435625536384],[-8.99040060931346,38.6437169635609],[-8.99264025359164,38.644230217483],[-8.99308879766995,38.6443365681028],[-8.99308864407523,38.6443373637443],[-8.99263752190515,38.6442325994722],[-8.99254586017513,38.645300872323],[-8.99253457714858,38.645435306161],[-8.99250726283082,38.6458424808583],[-8.99249630021646,38.6460583687429],[-8.99249018044952,38.6461853221573],[-8.99249218863812,38.6463011467669]]]}},{"type":"Feature","id":"CRUS_Moita_V.380042","properties":{"Area_Ha":11.7915674562071,"Autor":"DGT","Categoria":"Espaço de Atividades Económicas","Classe":"Solo Urbano","DTCC":"1506","Data_PublicacaoPDM":"2025-04-14T00:00:00","Designacao_PlantaOrdenamento":"Solo Urbano - Espaços de Atividades Económicas","Escala_PlantaOrdenamento":"1/12000","Fonte":"CM - Vectorial e Raster","ID":380042,"Municipio":"MOITA"},"geometry":{"type":"Polygon","coordinates":[[[-8.99655637756054,38.6488280674994],[-8.99619814785949,38.6486510235632],[-8.99537983356105,38.6481678676541],[-8.99496284278587,38.6479284006603],[-8.99439281631126,38.6476037312243],[-8.993487042496,38.6472568637969],[-8.99348551855988,38.6471294387034],[-8.9934636676686,38.6470556041415],[-8.99340199225155,38.6470072231387],[-8.99389551841549,38.6468103090496],[-8.99394667091764,38.6456805264963],[-8.99394866959171,38.6456363695212],[-8.99395127272298,38.6455788914611],[-8.99397928182815,38.6449602422585],[-8.9939861150443,38.6448717326703],[-8.99399275345105,38.6447857584858],[-8.99400033247701,38.6446875849468],[-8.9940104466964,38.644556597046],[-8.99401086206026,38.6445549283959],[-8.99442778900092,38.644648379067],[-8.99492742457614,38.6447603647064],[-8.99534587527295,38.6448541530813],[-8.99573004004235,38.6449402557708],[-8.99596969558986,38.6449939681151],[-8.99638938936,38.6450880309298],[-8.99641725612364,38.6457907180422],[-8.99630929728285,38.6458299963161],[-8.99636327656493,38.6459381434616],[-8.99659943057005,38.6458576123054],[-8.99667587319534,38.6458764649147],[-8.99672147121715,38.6459141729849],[-8.9967871846379,38.6459487382397],[-8.99684887535918,38.6459665448151],[-8.99691056674424,38.6459728282267],[-8.99691277200671,38.6459726245746],[-8.99696689345709,38.645967592064],[-8.99702187772919,38.6459560709474],[-8.99708423982594,38.645932502868],[-8.99713218455985,38.6459044840609],[-8.99717023824904,38.6458679545021],[-8.99831527033123,38.646136035372],[-8.99802559159063,38.6472253516979],[-8.99799454543784,38.6473074366741],[-8.9978767362539,38.647613591126],[-8.99761521326134,38.6479794834936],[-8.99748914918814,38.6481365933823],[-8.99736520149756,38.6482729464188],[-8.99698128303296,38.6487106215619],[-8.99695403092892,38.6487123046427],[-8.99686352460353,38.6487178949839],[-8.99679066447928,38.6487293183093],[-8.99677065653641,38.6487329566601],[-8.9966826435158,38.6487631952464],[-8.99661609107813,38.6487943545157],[-8.99660862296425,38.648798337162],[-8.99656110579439,38.6488236817015],[-8.99655637756054,38.6488280674994]]]}},{"type":"Feature","id":"CRUS_Moita_V.380043","properties":{"Area_Ha":19.9461858351611,"Autor":"DGT","Categoria":"Espaço de Uso Especial Equipamentos e Infraestruturas","Classe":"Solo Urbano","DTCC":"1506","Data_PublicacaoPDM":"2025-04-14T00:00:00","Designacao_PlantaOrdenamento":"Solo Urbano - Espaços de Uso Especial - Espaços Canais","Escala_PlantaOrdenamento":"1/12000","Fonte":"CM - Vectorial e Raster","ID":380043,"Municipio":"MOITA"},"geometry":{"type":"Polygon","coordinates":[[[-8.97732310807123,38.6432968257738],[-8.97747737994686,38.6439869325194],[-8.97748241326345,38.6440094488318],[-8.97750756095678,38.6440885105391],[-8.97752733752596,38.6441430864987],[-8.97752921354576,38.6441467347435],[-8.97759536130627,38.6442650225388],[-8.97770985145849,38.6443662764974],[-8.97778742263718,38.6443975689969],[-8.9778840710624,38.6444332313256],[-8.97803127660711,38.6444635262348],[-8.97853244587047,38.6445638955724],[-8.97865829988708,38.6445254663835],[-8.97868150900192,38.6445201811308],[-8.97880705693197,38.64449158812],[-8.97891362292823,38.6444893124156],[-8.97897834289198,38.6444945312576],[-8.97906290252431,38.6445034107075],[-8.97907447608621,38.6445065347907],[-8.97917153210191,38.6445327391202],[-8.97928016098439,38.6445798737156],[-8.97936465027568,38.6446427217851],[-8.97943648603021,38.6447216515871],[-8.97943400631643,38.6447244989662],[-8.979440129493,38.6447345410174],[-8.97948765102731,38.6448124846494],[-8.97951671225009,38.6448847056761],[-8.97951799576738,38.6448893364528],[-8.97953063831647,38.6449424097827],[-8.97953272486577,38.6450008490365],[-8.97953491941425,38.6450623169264],[-8.98007246474141,38.6453055710618],[-8.98014541570437,38.645337634098],[-8.98014611901067,38.6453368822355],[-8.98021348963491,38.645367554251],[-8.98214225843313,38.6462152590248],[-8.98258131223046,38.6463365316855],[-8.98390095906028,38.6465460159727],[-8.98428751231697,38.6466572804165],[-8.98598261349785,38.6471442444727],[-8.98599576666248,38.6471380212804],[-8.98608984685236,38.6470935092128],[-8.98609514121349,38.647091196068],[-8.98610168375282,38.6470893314318],[-8.98614456230859,38.6470771136848],[-8.98614477076097,38.6470770626203],[-8.98623526266606,38.6470572785495],[-8.98636702583643,38.647050732516],[-8.98636799426754,38.6470508380531],[-8.98642324997738,38.6470568532505],[-8.98648889337912,38.6470659896082],[-8.9865930025511,38.6470957710466],[-8.98667346815161,38.6471355725447],[-8.98673755897027,38.6471756168908],[-8.98675140359974,38.6471873047301],[-8.98675555111547,38.6471849530826],[-8.98729842366209,38.6468841939408],[-8.98729303063418,38.6468781925053],[-8.98759662082325,38.6467097222271],[-8.98788078865834,38.6465991191536],[-8.98846641729099,38.6464756238067],[-8.99009952499778,38.646127202563],[-8.99013026451349,38.6462106120133],[-8.99012706394819,38.646211348901],[-8.98958273886467,38.6463307811939],[-8.9879569381351,38.6466819715634],[-8.98773729556414,38.646753542171],[-8.98738875771824,38.6469338714057],[-8.98682139684438,38.6472522646322],[-8.98687247933774,38.6473174922288],[-8.98688033790808,38.6473427962089],[-8.98690480156252,38.6474216103719],[-8.98691559907798,38.6475260396499],[-8.9869083789391,38.6475570485991],[-8.98689420966894,38.6476178997737],[-8.98686807101781,38.6476639317423],[-8.98681111450196,38.6477496583986],[-8.98678029548788,38.6477893530926],[-8.98668817850546,38.6478596658274],[-8.98662509396635,38.6478866720305],[-8.98658265091053,38.6479048420146],[-8.98645206242903,38.6479407280353],[-8.98636851245242,38.6479433012568],[-8.98629817209445,38.647945467295],[-8.98619293793468,38.647926883638],[-8.98616205293995,38.647921429278],[-8.98602929047813,38.6478775425563],[-8.98595442723417,38.6478374142211],[-8.98595151981985,38.6478358554017],[-8.98588136027282,38.6477740976668],[-8.98587108028698,38.6477650483282],[-8.98583267590266,38.6477055975408],[-8.98581748969099,38.6476820890673],[-8.98579836754173,38.6476360485565],[-8.98577468008348,38.6475790154346],[-8.98576145440674,38.6474997542922],[-8.98575901358362,38.6474851294559],[-8.98373192972545,38.6469204949246],[-8.98309638211742,38.6468222703258],[-8.98309634528878,38.6468222642877],[-8.98247189903159,38.6467221017591],[-8.98212900440157,38.6466352803562],[-8.98192168387779,38.6465633735405],[-8.98173090588653,38.6464857433229],[-8.98099278204977,38.6461550141366],[-8.98008037867505,38.6457461846226],[-8.97968375646685,38.6455684634014],[-8.97929293524697,38.645393339129],[-8.97920006401147,38.6454483296204],[-8.97905975038708,38.645488393531],[-8.97897081931737,38.6454958566292],[-8.97888188707944,38.6455033196682],[-8.97849162533885,38.6462103357483],[-8.97821938126483,38.6462899399297],[-8.97749651339207,38.6461640428771],[-8.97574772561321,38.6458594477658],[-8.97533332420098,38.6473687789792],[-8.97543390662803,38.6474630458784],[-8.97549023356672,38.6475688338386],[-8.97550632629217,38.6476782877444],[-8.97548486910478,38.6477929782094],[-8.975425860075,38.6478919578365],[-8.97538263534853,38.6479338701928],[-8.97534128137024,38.647971136208],[-8.97524300868608,38.6480319384308],[-8.97523810598327,38.6480349707141],[-8.97530949252407,38.6509405880548],[-8.97532930084502,38.6517468132243],[-8.97654514601234,38.6516826332941],[-8.97747802652768,38.6516338588164],[-8.97747815065724,38.6516333750876],[-8.97764303893888,38.6516246693044],[-8.97920805204282,38.6515375027409],[-8.97963184065784,38.6515039875395],[-8.97986251079566,38.6514662830006],[-8.98008245213365,38.6514222941905],[-8.98062296584729,38.6512989349214],[-8.98084688543512,38.6512441277849],[-8.98164246158085,38.6510493979509],[-8.98194907232044,38.6509743485385],[-8.9820914965056,38.6509394869217],[-8.98144332886317,38.6514882112287],[-8.98028331711382,38.6517684332179],[-8.98015171848496,38.6517982228751],[-8.9800309890952,38.651817956348],[-8.97970261052971,38.6518641838247],[-8.97931720426658,38.6518974234334],[-8.97916747797665,38.6519103358807],[-8.97768536497633,38.6520124387266],[-8.97751925773284,38.6524978479835],[-8.97753027191473,38.652648627565],[-8.9775544179518,38.6527327994388],[-8.9775690283569,38.6527800989436],[-8.97850807197915,38.653766082873],[-8.97981293597846,38.6551297492943],[-8.97993821320648,38.6552104023422],[-8.98001102960091,38.6552543768085],[-8.98034738796035,38.6553422324585],[-8.98076735017021,38.6554519231066],[-8.98096451804932,38.6555597853803],[-8.98142843636323,38.6559459260343],[-8.98244488984424,38.6565938838464],[-8.98255134720247,38.6566972314007],[-8.98294440669601,38.6571750474643],[-8.9835092072503,38.6578731471188],[-8.98359767032078,38.6581232784446],[-8.98360826287558,38.658155059333],[-8.98361323694714,38.6581699819515],[-8.98372588933882,38.6594172474936],[-8.98407019510439,38.6599774783123],[-8.98409309046789,38.66000587359],[-8.98411037510482,38.6600273104235],[-8.9841134614685,38.6600311371115],[-8.98391549978493,38.6604580935574],[-8.98379392721236,38.6603838001625],[-8.98378437451175,38.6603761497326],[-8.98364157398323,38.6602448102965],[-8.98315620071168,38.6594513597471],[-8.98307594813308,38.6582079307338],[-8.98292617082077,38.6579244651648],[-8.98221087365906,38.6570182159662],[-8.98191217573109,38.6567807973159],[-8.98149259549203,38.6565312398563],[-8.98147352915492,38.6565199000673],[-8.98146208139696,38.6565126163003],[-8.981425367876,38.6564891859537],[-8.98105744673462,38.656255440636],[-8.98074156678517,38.6560080382442],[-8.98074151477236,38.656008108884],[-8.98062338168886,38.6559127091952],[-8.98039431794453,38.6557993987142],[-8.97992275208929,38.6556912666992],[-8.97960138949422,38.6555789444054],[-8.97936736697511,38.6553810072625],[-8.97829850641771,38.654243639552],[-8.97762924812923,38.653571068313],[-8.97731995937745,38.6532602425053],[-8.97730239464762,38.6532425224797],[-8.97705664330003,38.6529575337459],[-8.97697617568704,38.6527889138577],[-8.97696008439235,38.6526286718369],[-8.97696869823607,38.6525964959167],[-8.9771202143183,38.6520304965912],[-8.97468310673874,38.6521857055204],[-8.97456076473998,38.6521897384771],[-8.974021098784,38.6522233865],[-8.97309636066381,38.6522828711472],[-8.97185718000187,38.6523582796465],[-8.97180397308017,38.6519801571063],[-8.97184282653837,38.6519773409488],[-8.97360919617049,38.6518602226807],[-8.97484549784695,38.6517782341704],[-8.97474356069165,38.6480433690683],[-8.97464834238458,38.6479950312318],[-8.9746230699014,38.6479780202163],[-8.97460206118868,38.6479607010745],[-8.97453971247064,38.6479093017583],[-8.9744753401418,38.6478003715382],[-8.97444851801862,38.64768306304],[-8.97447802184772,38.6475427103096],[-8.97456787619267,38.6474201639307],[-8.97467181182609,38.6473337529904],[-8.97482302089579,38.6472716938662],[-8.97525573714886,38.645778043535],[-8.97526894516901,38.6457574109181],[-8.9754451993764,38.6455715716607],[-8.97547228094144,38.645543017401],[-8.97547716668053,38.6455378647265],[-8.9754773898566,38.6455377955588],[-8.97583680488012,38.6454875189768],[-8.97699967911061,38.6456967891236],[-8.97704976139822,38.6455353236555],[-8.9772744688729,38.6447920181227],[-8.97628329063126,38.64459311651],[-8.97667946779591,38.6440992268372],[-8.97732310807123,38.6432968257738]],[[-8.97754304653748,38.6448413041527],[-8.97728051783778,38.6457556241311],[-8.97815223612726,38.6459169282991],[-8.97845904879459,38.6453668264372],[-8.97840756866559,38.6453236903041],[-8.97838349853108,38.6453035212786],[-8.97832138927153,38.6452298074031],[-8.97827772869399,38.6451442839275],[-8.97826711229352,38.6451121540287],[-8.97825469019836,38.6450561612491],[-8.97824660932851,38.6450027539522],[-8.97824318589235,38.6449801233549],[-8.97754304653748,38.6448413041527]]]}},{"type":"Feature","id":"CRUS_Moita_V.380044","properties":{"Area_Ha":6.01185675283126,"Autor":"DGT","Categoria":"Espaço Central","Classe":"Solo Urbano","DTCC":"1506","Data_PublicacaoPDM":"2025-04-14T00:00:00","Designacao_PlantaOrdenamento":"Solo Urbano - Espaços Centrais - Núcleos Consolidados","Escala_PlantaOrdenamento":"1/12000","Fonte":"CM - Vectorial e Raster","ID":380044,"Municipio":"MOITA"},"geometry":{"type":"Polygon","coordinates":[[[-8.98759662082325,38.6467097222271],[-8.98689388279156,38.6449814604799],[-8.98637901042209,38.6442615800844],[-8.98637675363533,38.6442584058834],[-8.98870362321037,38.6437346842753],[-8.98880815689099,38.6437111553565],[-8.98917584220422,38.6436283942015],[-8.98917590914666,38.6436286144096],[-8.98917596870865,38.6436286004616],[-8.98917965842805,38.6436386715179],[-8.98918334813778,38.6436487416734],[-8.98918475496428,38.643652584134],[-8.98918485587815,38.6436528599435],[-8.98973759201059,38.6451617808282],[-8.98926115210766,38.6452729251965],[-8.98929318246686,38.6453556875902],[-8.98918731828522,38.6454648034162],[-8.98905703190972,38.6454942232268],[-8.98904986506138,38.6455386935947],[-8.9883819987694,38.64568696544],[-8.98855677431866,38.6461807749785],[-8.98921262163378,38.6460366347167],[-8.9891913203902,38.6459667897454],[-8.98932556246483,38.6459338069626],[-8.98945251545459,38.6457734725565],[-8.98957531496683,38.6457394913821],[-8.98969571103062,38.6457917286651],[-8.98989901994336,38.6455422374953],[-8.98990457376827,38.6455408978529],[-8.99010878031549,38.6460640629887],[-8.99007861959326,38.6460704787986],[-8.99009247684414,38.6461080778808],[-8.99009952499778,38.646127202563],[-8.98846641729099,38.6464756238067],[-8.98788078865834,38.6465991191536],[-8.98759662082325,38.6467097222271]]]}},{"type":"Feature","id":"CRUS_Moita_V.380045","properties":{"Area_Ha":2.82887701338008,"Autor":"DGT","Categoria":"Espaço de Uso Especial Equipamentos e Infraestruturas","Classe":"Solo Urbano","DTCC":"1506","Data_PublicacaoPDM":"2025-04-14T00:00:00","Designacao_PlantaOrdenamento":"Solo Urbano - Espaços de Uso Especial - Espaços Canais","Escala_PlantaOrdenamento":"1/12000","Fonte":"CM - Vectorial e Raster","ID":380045,"Municipio":"MOITA"},"geometry":{"type":"Polygon","coordinates":[[[-8.99445836064855,38.657576682944],[-8.99445177467317,38.6575792521003],[-8.99445170153283,38.6575791474057],[-8.99444852090222,38.6575805213799],[-8.99370496464867,38.6579017202737],[-8.99371230874053,38.6579120583831],[-8.99319767055896,38.6581128472431],[-8.99259334903067,38.6583714253169],[-8.99119820548922,38.6589539450645],[-8.99082781008644,38.6590997308706],[-8.99028416131213,38.659212900501],[-8.98989884282306,38.6593154954977],[-8.98981030302445,38.6593493834488],[-8.98980927805541,38.6593480726044],[-8.9897531241047,38.6592781968595],[-8.98998487815954,38.6592139855221],[-8.99028241880431,38.6591431775299],[-8.99058389976325,38.6590692204464],[-8.99086969091629,38.6590140943463],[-8.99129720423247,38.6588331498265],[-8.99138790741106,38.6587869902256],[-8.99166917151601,38.658664876583],[-8.99441224343787,38.6575024761113],[-8.99441224492672,38.6575024754803],[-8.99544930709856,38.6570629849718],[-8.99544901950069,38.6570625657848],[-8.99545989666073,38.6570586335334],[-8.99546003563503,38.657058834235],[-8.99546512082013,38.6570567449234],[-8.99546529040816,38.657056675246],[-8.99558386312831,38.6570079580706],[-8.99572807045091,38.6569457650943],[-8.99573126385608,38.6569459289113],[-8.99573275485324,38.6569481167821],[-8.99641224018116,38.6566640098396],[-8.9963901254955,38.6566294722214],[-8.99630727252212,38.6565000703971],[-8.99556553229668,38.6554256774743],[-8.9955445304128,38.6553952562709],[-8.99495812046603,38.6545458278755],[-8.99487832423354,38.6544035263286],[-8.99476684050047,38.6541209576182],[-8.99475957522286,38.654099158481],[-8.99475664233477,38.6540884145515],[-8.99474211132446,38.6540351875614],[-8.99469281917822,38.6535762890303],[-8.99464443200158,38.6534593091104],[-8.99463816195493,38.6534441514833],[-8.99394864660105,38.6526852936842],[-8.99393920819633,38.6526650238365],[-8.99392071261394,38.6525641894602],[-8.99393619167109,38.6524315966517],[-8.99399613783493,38.6521371908128],[-8.99409114417837,38.6516705980448],[-8.99408479812983,38.6515705633468],[-8.99403141641102,38.6514832465128],[-8.9936990860636,38.6511403758662],[-8.99382747099782,38.651058690159],[-8.9938280908169,38.651059320667],[-8.99387114543055,38.651033027295],[-8.99444045476049,38.6506727946061],[-8.99472162725663,38.6503758709481],[-8.99472539676924,38.6503718895421],[-8.99480586554185,38.6504100278815],[-8.99496008882835,38.6504831217675],[-8.99495710520984,38.6504852948765],[-8.99495707173792,38.6504852816111],[-8.99495587989019,38.6504861884966],[-8.994852039265,38.6505651480474],[-8.9945259650467,38.6507156706067],[-8.99417296963813,38.6511098163647],[-8.99417942360466,38.6513376841404],[-8.99440693012328,38.6516661941439],[-8.99452628207279,38.6519867342281],[-8.99470180552677,38.6526414283083],[-8.99474929952024,38.6528733766739],[-8.99480264532493,38.6531271968254],[-8.99487350127664,38.6532873842705],[-8.99497757641136,38.6534210290018],[-8.99515557664296,38.6535044550343],[-8.99515485173194,38.653599425036],[-8.99494134174737,38.6536623601168],[-8.99495432279056,38.6538127469312],[-8.99503701288463,38.6538720384275],[-8.9952866385206,38.6538687377582],[-8.99530567138847,38.6539022003465],[-8.99523679257629,38.6539070910136],[-8.99490696230821,38.6540585429789],[-8.9950399292872,38.6542708684748],[-8.99530451046937,38.6547378977911],[-8.99579719878574,38.6555816418467],[-8.99601147466306,38.6558927140576],[-8.99616243306522,38.656064136701],[-8.99640919641711,38.6564202121345],[-8.99645734330467,38.6564963802168],[-8.99664254834221,38.6567893756443],[-8.99666466153002,38.6568271227946],[-8.99683298547319,38.6571200542568],[-8.99691316389413,38.6572846987376],[-8.99706767768223,38.6576502268398],[-8.99717010275835,38.6578995329484],[-8.99725677436689,38.6581104954541],[-8.99747070944913,38.6586579357643],[-8.9974692479474,38.658658591541],[-8.99735174794603,38.6587112777],[-8.99705118733432,38.6579714479475],[-8.99689254929938,38.6575779550694],[-8.9968298670727,38.657434333204],[-8.99672639282462,38.6572092418642],[-8.99645677845407,38.6567459877242],[-8.99645666818187,38.6567457975673],[-8.99561850576726,38.6570867708419],[-8.99446305850375,38.657577596189],[-8.99445979083595,38.6575789842442],[-8.99445836064855,38.657576682944]]]}},{"type":"Feature","id":"CRUS_Moita_V.380046","properties":{"Area_Ha":9.61206192443832,"Autor":"DGT","Categoria":"Espaço Habitacional","Classe":"Solo Urbano","DTCC":"1506","Data_PublicacaoPDM":"2025-04-14T00:00:00","Designacao_PlantaOrdenamento":"Solo Urbano - Espaços Habitacionais - Tipo 2","Escala_PlantaOrdenamento":"1/12000","Fonte":"CM - Vectorial e Raster","ID":380046,"Municipio":"MOITA"},"geometry":{"type":"Polygon","coordinates":[[[-8.99534512786208,38.6588524505784],[-8.9956341598494,38.6592681819429],[-8.99575110864966,38.6594341684502],[-8.99575589276344,38.6594381555237],[-8.99280843740728,38.660801957728],[-8.9915860971092,38.6613675034695],[-8.99158241632932,38.6613640632856],[-8.99116585327641,38.6609746841258],[-8.99085117185279,38.660680534465],[-8.99047453020823,38.660198860747],[-8.99011720290402,38.6597418785502],[-8.98981030302445,38.6593493834488],[-8.98989884282306,38.6593154954977],[-8.99028416131213,38.659212900501],[-8.99082781008644,38.6590997308706],[-8.99119820548922,38.6589539450645],[-8.99259334903067,38.6583714253169],[-8.99319767055896,38.6581128472431],[-8.99371230874053,38.6579120583831],[-8.9946044342478,38.6591678569102],[-8.99495915736141,38.6590165342875],[-8.99534184162051,38.6588532849995],[-8.99534512786208,38.6588524505784]]]}},{"type":"Feature","id":"CRUS_Moita_V.380047","properties":{"Area_Ha":1.19374898739285,"Autor":"DGT","Categoria":"Espaço Central","Classe":"Solo Urbano","DTCC":"1506","Data_PublicacaoPDM":"2025-04-14T00:00:00","Designacao_PlantaOrdenamento":"Solo Urbano - Espaços Centrais - Núcleos Consolidados","Escala_PlantaOrdenamento":"1/12000","Fonte":"CM - Vectorial e Raster","ID":380047,"Municipio":"MOITA"},"geometry":{"type":"Polygon","coordinates":[[[-8.99534184162051,38.6588532849995],[-8.99495915736141,38.6590165342875],[-8.9946044342478,38.6591678569102],[-8.99371230874053,38.6579120583831],[-8.99370496464867,38.6579017202737],[-8.99444852090222,38.6575805213799],[-8.99445170153283,38.6575791474057],[-8.99445177467317,38.6575792521003],[-8.99445836064855,38.657576682944],[-8.99445979083595,38.6575789842442],[-8.99534512786208,38.6588524505784],[-8.99534184162051,38.6588532849995]]]}},{"type":"Feature","id":"CRUS_Moita_V.380048","properties":{"Area_Ha":2.75289830757289,"Autor":"DGT","Categoria":"Espaço de Uso Especial Equipamentos e Infraestruturas","Classe":"Solo Urbano","DTCC":"1506","Data_PublicacaoPDM":"2025-04-14T00:00:00","Designacao_PlantaOrdenamento":"Solo Urbano - Espaços de Uso Especial - Equipamentos","Escala_PlantaOrdenamento":"1/12000","Fonte":"CM - Vectorial e Raster","ID":380048,"Municipio":"MOITA"},"geometry":{"type":"Polygon","coordinates":[[[-8.99575589276344,38.6594381555237],[-8.99575110864966,38.6594341684502],[-8.9956341598494,38.6592681819429],[-8.99534512786208,38.6588524505784],[-8.99445979083595,38.6575789842442],[-8.99446305850375,38.657577596189],[-8.99561850576726,38.6570867708419],[-8.99695002095107,38.6588802618801],[-8.99695424586722,38.6588859516921],[-8.9969543578718,38.6588859031222],[-8.99695639329681,38.6588885517711],[-8.99685531890589,38.658933871846],[-8.99685493953109,38.6589340421973],[-8.99685517896619,38.658934272837],[-8.99685467139219,38.6589357259808],[-8.99685491492465,38.6589359151532],[-8.99575961445426,38.6594364333996],[-8.99575589276344,38.6594381555237]]]}},{"type":"Feature","id":"CRUS_Moita_V.380049","properties":{"Area_Ha":11.2968119726113,"Autor":"DGT","Categoria":"Espaço de Equipamentos e Infraestruturas","Classe":"Solo Rústico","DTCC":"1506","Data_PublicacaoPDM":"2025-04-14T00:00:00","Designacao_PlantaOrdenamento":"Solo Rústico - Espaços Equipamentos, Infraestruturas ou Outras Estruturas ou Ocupações - Espaços Canais","Escala_PlantaOrdenamento":"1/12000","Fonte":"CM - Vectorial e Raster","ID":380049,"Municipio":"MOITA"},"geometry":{"type":"Polygon","coordinates":[[[-9.04438442411715,38.6416772793485],[-9.04452648080211,38.6417103336518],[-9.04467131590259,38.6417478037447],[-9.04492764878525,38.6418141186008],[-9.04625319003882,38.6421556111011],[-9.04735734256742,38.6424382758343],[-9.04742388908334,38.6423844496932],[-9.04750657914961,38.6423372389525],[-9.04759515094078,38.642305294058],[-9.0476766983764,38.6422885690666],[-9.04777066389557,38.6422728954502],[-9.04785922592282,38.6422729938693],[-9.04794833766267,38.6422823608093],[-9.04799241622803,38.6422914195935],[-9.04802968567135,38.6421428294811],[-9.04804929482174,38.64199789062],[-9.048050501555,38.6419886434259],[-9.04801999244994,38.6416360465957],[-9.0478943132312,38.641225471402],[-9.04789207026901,38.6412206083791],[-9.04778908172042,38.6409972834423],[-9.04777873979323,38.6409748576861],[-9.04776039377676,38.6409433270159],[-9.04773693875166,38.6409030156024],[-9.04771784833946,38.6408702070974],[-9.04768055405304,38.6408061100114],[-9.0476185978698,38.6406996282465],[-9.04757197231977,38.640619493167],[-9.04757139719831,38.6406173483413],[-9.04757130310569,38.6406173553824],[-9.04758069294208,38.6406068983985],[-9.04804420678768,38.6405905610647],[-9.04832547216371,38.6406162849846],[-9.04840752230238,38.6406377091616],[-9.04860428355561,38.640846507514],[-9.04877256149411,38.6410275098317],[-9.04880652729895,38.6410613817777],[-9.04893030492459,38.6411845455754],[-9.04908846213537,38.641355444853],[-9.04933038277103,38.6418122294695],[-9.04952964578808,38.642162068157],[-9.04966252094019,38.6423978397594],[-9.04973270777407,38.6425551648874],[-9.04975971684848,38.6426820108769],[-9.04973444730707,38.6427448175237],[-9.04962541648016,38.6428144023132],[-9.04948221877614,38.6429160566677],[-9.04931513132457,38.6429942896634],[-9.0492628878322,38.6431269387797],[-9.04922742731983,38.6432462182104],[-9.04923002798634,38.6437210958135],[-9.04928375767823,38.64394425295],[-9.04931665926109,38.6441195611956],[-9.04935075394516,38.644243870935],[-9.04937616215819,38.6443267261107],[-9.04945503184948,38.6444410500897],[-9.04952728225202,38.6445219168377],[-9.0495764896155,38.6445936272315],[-9.04962730707922,38.6448444706932],[-9.04969642543666,38.6452788276456],[-9.04975339734939,38.645566652164],[-9.04980236667146,38.6457573515654],[-9.049860463907,38.6459211372358],[-9.04991127159469,38.6460346781875],[-9.04995750705868,38.6462109815588],[-9.05000945229468,38.6464652110677],[-9.05002941762506,38.6467578871194],[-9.0500229219101,38.6470125746687],[-9.05001896035813,38.6472112231341],[-9.05003694641067,38.6473485863022],[-9.04996588876929,38.6473446365461],[-9.04965751694507,38.6473814197185],[-9.04956653121097,38.6473922729365],[-9.04937435014324,38.6474139690511],[-9.04913756346508,38.6474373554566],[-9.04890621837232,38.6474638479933],[-9.04868168427503,38.6474842576812],[-9.04856149979697,38.6475086219111],[-9.04851330858684,38.6475174828168],[-9.04851096618366,38.6475179137156],[-9.0483068902526,38.6469896628772],[-9.04830400855379,38.6469900475461],[-9.04827650728754,38.6469142023927],[-9.04823861315142,38.6467677551236],[-9.04812960070499,38.6463464540309],[-9.0481013412878,38.6462347158989],[-9.0481027247024,38.6461742394817],[-9.04809429509782,38.6460660683591],[-9.04806584129448,38.6457009507454],[-9.04806303078566,38.6456346735162],[-9.04806503469001,38.6451829457992],[-9.04806838816492,38.6450336040022],[-9.0480791899763,38.644565211001],[-9.04808106466836,38.644564499115],[-9.04836088237314,38.6444582230647],[-9.04826164188202,38.6442948206227],[-9.04806076850138,38.6443709416161],[-9.04806031672183,38.644309854376],[-9.04804983132432,38.6438467912287],[-9.04804766607146,38.6437512183627],[-9.04804467973532,38.6437349641771],[-9.04799717172829,38.6434782244259],[-9.04799611848513,38.6434725359734],[-9.04799609775816,38.643472441551],[-9.04799599813,38.6434720135471],[-9.04799552284966,38.6434700454024],[-9.04799471051293,38.6434666818446],[-9.04799163199193,38.6434539253021],[-9.04798516945314,38.6434271498759],[-9.04797816865434,38.6433981500676],[-9.04796324666115,38.6433363265242],[-9.04792519544512,38.6431747854958],[-9.04786298240838,38.6431782104255],[-9.04776590079214,38.6431774453729],[-9.04767029367886,38.6431653609081],[-9.0475746719063,38.6431360341726],[-9.04747724011234,38.6430962307322],[-9.04739499679297,38.6430428108411],[-9.04737848186877,38.6430266038179],[-9.04732348220116,38.6429726304436],[-9.047260931436,38.6428816587364],[-9.04723311001569,38.6427953141909],[-9.04606279702939,38.6425126539205],[-9.04497352778907,38.6422294042299],[-9.04430175538769,38.6420539948475],[-9.04438442411715,38.6416772793485]]]}},{"type":"Feature","id":"CRUS_Moita_V.380050","properties":{"Area_Ha":9.92479018467057,"Autor":"DGT","Categoria":"Espaço de Equipamentos e Infraestruturas","Classe":"Solo Rústico","DTCC":"1506","Data_PublicacaoPDM":"2025-04-14T00:00:00","Designacao_PlantaOrdenamento":"Solo Rústico - Espaços Equipamentos, Infraestruturas ou Outras Estruturas ou Ocupações - Espaços Canais","Escala_PlantaOrdenamento":"1/12000","Fonte":"CM - Vectorial e Raster","ID":380050,"Municipio":"MOITA"},"geometry":{"type":"Polygon","coordinates":[[[-8.99747070944913,38.6586579357643],[-8.99760546098548,38.6590027482367],[-8.99773654564417,38.6593453734553],[-8.99779811722324,38.65950630565],[-8.997798579831,38.6595075156147],[-8.99794878425366,38.6596960164887],[-8.99805978158539,38.659862143743],[-8.99807752951168,38.659888706956],[-8.99815799585268,38.6600604512006],[-8.99822236909048,38.660232195507],[-8.9982599197056,38.6604039399939],[-8.99828674273654,38.6605610221405],[-8.9983296573781,38.6606154772447],[-8.99838843087707,38.6606354303886],[-8.99839494768097,38.6606846264829],[-8.99839611156379,38.6606934151338],[-8.99897010448189,38.6643187777672],[-8.99854564542338,38.6660700496794],[-8.99854296329659,38.666263769432],[-8.99855448092606,38.6663234471547],[-8.99857246761711,38.6664166499748],[-8.9986428752802,38.6665669136532],[-8.99877267863685,38.6666949355319],[-8.99882099921297,38.6667421763684],[-8.99950387101685,38.6672609320021],[-9.00058293191956,38.6680806381882],[-9.00059562873822,38.6680902817045],[-9.00063819546662,38.6681226174106],[-9.00298253351959,38.6699940880872],[-9.00298469389925,38.6699958132721],[-9.00302804406467,38.6700304176909],[-9.00307230005029,38.6700586890141],[-9.0030746131462,38.6700605950235],[-9.0030675113845,38.6700657572047],[-9.00302459741236,38.67003539234],[-9.00298704584412,38.6700751808706],[-9.00301118438032,38.6700992635714],[-9.00283415952451,38.6702311947831],[-9.00282597723565,38.6702352795168],[-9.00282419599012,38.670233550609],[-8.99855411950669,38.6668273370903],[-8.99842134921679,38.6666723623449],[-8.99839275486742,38.6666272391271],[-8.99829516428907,38.6664682178831],[-8.99824688489721,38.6662252831357],[-8.99826301242227,38.6660521310805],[-8.99826846327323,38.6659990568177],[-8.99826956094697,38.6659942212888],[-8.99847766619139,38.6650776155957],[-8.99847767633939,38.665077570898],[-8.99862922117541,38.6643382800554],[-8.99844146616903,38.6630764405368],[-8.99844099140527,38.6630736506542],[-8.99825093118368,38.6619555608983],[-8.99796269183463,38.6602598347455],[-8.99782858090917,38.6599331017005],[-8.99773202237238,38.6597812533533],[-8.9975524921546,38.6596078394293],[-8.99754648198033,38.6596078027749],[-8.99754701895832,38.659608318571],[-8.99443562785518,38.6609696440218],[-8.99253264646776,38.6618869783581],[-8.99158751471415,38.6622021790994],[-8.98984517110011,38.6621898740891],[-8.98818381633142,38.6620632289126],[-8.98701477600257,38.6617331170113],[-8.98688785857255,38.661749343685],[-8.98687451775972,38.6617440931687],[-8.98618806014009,38.6634524082405],[-8.98604520788709,38.6634209011938],[-8.98604733617973,38.6634156538629],[-8.98614151368351,38.6631564819025],[-8.98626691966819,38.6628074789776],[-8.98626695202758,38.6628074949561],[-8.98629151718867,38.6627507632166],[-8.98648185390223,38.6622826025941],[-8.98673515197529,38.6616892431257],[-8.98681981178307,38.6614909218708],[-8.98685986839641,38.6614591058114],[-8.98685349522822,38.6614536682267],[-8.9868526819691,38.6614531012505],[-8.98685270459216,38.6614530713588],[-8.98685349592784,38.6614536303878],[-8.98690776412923,38.661409214606],[-8.98698470401984,38.6613473342248],[-8.98698649638886,38.6613452132553],[-8.98698654905172,38.6613451975572],[-8.98698646073974,38.6613453071993],[-8.98707564371506,38.6612714800779],[-8.98711587737895,38.6612390167604],[-8.98940514279269,38.659459791571],[-8.98957412220436,38.6592880453914],[-8.98964603320058,38.659144936734],[-8.9897531241047,38.6592781968595],[-8.98980927805541,38.6593480726044],[-8.98978500483592,38.6593590661248],[-8.98968986013854,38.65940215778],[-8.98946723748217,38.6595466763771],[-8.98772064081853,38.660920378849],[-8.98724393431696,38.6612952963584],[-8.9872436861796,38.6612954918436],[-8.98821661205288,38.6615801025631],[-8.9883133695558,38.66160825425],[-8.98993959510051,38.6617187666343],[-8.99143949646903,38.6617377464413],[-8.99221415744081,38.661482751412],[-8.99396096923743,38.6606554487554],[-8.99716101219253,38.6592374851772],[-8.99685491492465,38.6589359151532],[-8.99685467139219,38.6589357259808],[-8.99685517896619,38.658934272837],[-8.99685493953109,38.6589340421973],[-8.99685531890589,38.658933871846],[-8.99695639329681,38.6588885517711],[-8.99728568404764,38.6587409005557],[-8.99735199186352,38.6587118812389],[-8.99735174794603,38.6587112777],[-8.9974692479474,38.658658591541],[-8.99747070944913,38.6586579357643]]]}},{"type":"Feature","id":"CRUS_Moita_V.380051","properties":{"Area_Ha":176.123753932771,"Autor":"DGT","Categoria":"Espaço Natural e Paisagístico","Classe":"Solo Rústico","DTCC":"1506","Data_PublicacaoPDM":"2025-04-14T00:00:00","Designacao_PlantaOrdenamento":"Solo Rústico - Espaços Naturais e Paisagísticos - Proteção à Rede Hídrica","Escala_PlantaOrdenamento":"1/12000","Fonte":"CM - Vectorial e Raster","ID":380051,"Municipio":"MOITA"},"geometry":{"type":"Polygon","coordinates":[[[-9.00042921036359,38.6044647459012],[-9.00042301744153,38.6044743224073],[-9.00042173944689,38.6044745850082],[-9.00031929602617,38.6046346999352],[-8.9998104007012,38.6054215697375],[-8.99967869047807,38.6055495895881],[-8.99906454240669,38.6061220771839],[-8.99907725063633,38.6061230073623],[-8.99860317827398,38.6065949546979],[-8.99851257711512,38.6066851484943],[-8.99828190667142,38.6071085401373],[-8.99805171974258,38.6076516989245],[-8.99800832138881,38.6077541034351],[-8.99800873779675,38.6077554146433],[-8.99800898951714,38.6077562045973],[-8.99773749174612,38.6085590733425],[-8.99760054771476,38.6092728136496],[-8.99752926856333,38.609275846301],[-8.99730029232382,38.6103636645743],[-8.99725487980477,38.6105937323902],[-8.99724635607984,38.6109543239351],[-8.99724492346216,38.6110149222631],[-8.99724448397352,38.6110335083697],[-8.9972441611846,38.6110471796823],[-8.99722411604648,38.6111537506031],[-8.99724172627096,38.6111501749441],[-8.99724161048117,38.6111550699134],[-8.99723905993523,38.6112629736535],[-8.99718597641732,38.6112730160697],[-8.99718541626826,38.611273121998],[-8.9970140279191,38.6113055457077],[-8.99673400990211,38.6115115954579],[-8.99674635359538,38.6116128511559],[-8.99658865067099,38.6116183524443],[-8.9966069307608,38.6119855508295],[-8.99641282396262,38.6120029347018],[-8.9962499134839,38.6127113192785],[-8.99577890072761,38.6140799764517],[-8.99455293902438,38.6154141933553],[-8.99443571312552,38.6155388513379],[-8.9943179392885,38.6156679380235],[-8.99431791163865,38.6156688903852],[-8.99430014798271,38.6162874357078],[-8.99430013987312,38.6162877177216],[-8.99429354493961,38.6165197235084],[-8.99428756635331,38.6167496961214],[-8.99435753486984,38.6177020849735],[-8.99413269354603,38.617930302],[-8.99448422705513,38.6193417778315],[-8.99469376942074,38.6195828766463],[-8.99496884425136,38.6195485476409],[-8.99497841422559,38.6195473529344],[-8.99526305758876,38.6195118285414],[-8.99535020710131,38.61891707332],[-8.99625580931552,38.618881751221],[-8.99661201854291,38.6188687878853],[-8.99661826219784,38.6188697155832],[-8.99633472903635,38.6198964679862],[-8.99610650963291,38.6207109002808],[-8.99610542845121,38.6207126639363],[-8.99600629103023,38.6206939808414],[-8.99532575969395,38.6205657300147],[-8.99509603346689,38.6207445212665],[-8.99504089722487,38.620787432231],[-8.99499826486458,38.620820612382],[-8.99477242936235,38.6217494887171],[-8.9954569534214,38.6240734764892],[-8.99566047576267,38.6242174175162],[-8.9959150303831,38.62439744937],[-8.99617619983825,38.6249010174013],[-8.99647713319353,38.6254812475956],[-8.99684971679733,38.6263869818445],[-8.99684975821754,38.6263870842311],[-8.997030026987,38.6268253008541],[-8.99698804798375,38.6274262890026],[-8.99712940721808,38.6281649731761],[-8.99687027452134,38.6283211521055],[-8.99681012581046,38.6283662835383],[-8.99658927903377,38.6285319899191],[-8.99658987313586,38.6285370012438],[-8.99664440645951,38.6289974332491],[-8.99658570230777,38.6292443388995],[-8.99582402760962,38.6295012712812],[-8.99582406054966,38.6295013367974],[-8.99602612445919,38.6298960695696],[-8.99602613224513,38.6298961442794],[-8.99611767406925,38.6303303475351],[-8.99525709126557,38.6305686753208],[-8.99525708412283,38.6305687501406],[-8.99515316215563,38.631159045363],[-8.99532251692943,38.6319097778311],[-8.99570611240942,38.6330378235023],[-8.99570610630736,38.6330378893064],[-8.99563872044578,38.6335892606984],[-8.99563871675906,38.6335893363935],[-8.99625693548188,38.6337104208058],[-8.99615069531441,38.6341074227713],[-8.99567510021147,38.6345652191155],[-8.99542817514472,38.6345477107784],[-8.99522437567504,38.6350402257651],[-8.99474343692782,38.6350534390912],[-8.99451985027216,38.6359539902455],[-8.99421286759071,38.6360722401777],[-8.99421285929807,38.6360723150058],[-8.99402390931521,38.6369398693511],[-8.99402371037368,38.636940808557],[-8.99395562318059,38.6372534163985],[-8.99412705143046,38.6373260040205],[-8.99429658687034,38.6373977900909],[-8.99489786206835,38.6376526492726],[-8.99447802024589,38.6386394782875],[-8.99436625005594,38.6396068623141],[-8.9943662675141,38.639606977489],[-8.99436624979079,38.6396071280545],[-8.99454074563451,38.6407850453849],[-8.99464769310663,38.6414734129304],[-8.99475460663654,38.6421615463301],[-8.99452257689563,38.6423565396891],[-8.99452258346827,38.642356800875],[-8.99452969301357,38.6425837755327],[-8.99453439618191,38.6427338929596],[-8.99453977192669,38.6429054563665],[-8.99453934098701,38.6431196689346],[-8.99453933646302,38.6431199626313],[-8.99453547988521,38.6432701430763],[-8.99452611140847,38.6436348671455],[-8.99452225479565,38.6437850475777],[-8.99451839702411,38.6439352280145],[-8.99450958737753,38.6442782330589],[-8.99355416381535,38.6440621191454],[-8.99312841555131,38.6439641639902],[-8.99160123900785,38.6436196560764],[-8.99050456096686,38.643372247115],[-8.98969456873486,38.6431889969021],[-8.98969085047818,38.6424880377926],[-8.98911459693374,38.6421494902528],[-8.98853834878895,38.6418109397926],[-8.98789021165721,38.6414525507839],[-8.98744395538667,38.64120578948],[-8.98693308218016,38.6409232927882],[-8.9863495791379,38.6406006277631],[-8.98602899668483,38.6404365393392],[-8.9856659335201,38.6402507060251],[-8.98538922878234,38.6400379091053],[-8.9851723470473,38.6398433549801],[-8.98468175354554,38.6396881551453],[-8.98411759755658,38.6396614446896],[-8.98371243745807,38.6396737354159],[-8.98341680915701,38.6395761181793],[-8.98326963755456,38.6395275217043],[-8.98326543820445,38.6395252641673],[-8.98308968163684,38.6394307627839],[-8.98302803333446,38.6393997409249],[-8.98296631206661,38.639367107115],[-8.98288836540665,38.639321251054],[-8.98283203690293,38.6392772548304],[-8.98280435554871,38.639254178986],[-8.98275224310435,38.6392107367257],[-8.98274780015311,38.6392129417452],[-8.98241703195395,38.6388670709753],[-8.98243878893971,38.6388679651644],[-8.98374204314723,38.6389215419642],[-8.98385783134634,38.6386621867145],[-8.98393189159163,38.6385102860674],[-8.98419071371688,38.6383757043264],[-8.98443289231071,38.6384078864996],[-8.98458412413205,38.6384967154349],[-8.98462779500624,38.638522747136],[-8.98463253628796,38.6385255735944],[-8.98476664736457,38.6386512781128],[-8.98477772788196,38.6386497759696],[-8.98501369696086,38.6388565473855],[-8.98530403120084,38.6390689333939],[-8.98539764326703,38.6391374128323],[-8.98578068034367,38.6392700447188],[-8.98616371882421,38.6394026762325],[-8.98672068828835,38.6397235505233],[-8.9870515949222,38.639914185116],[-8.98729631763768,38.6400551685456],[-8.98756634026345,38.6402107264165],[-8.98786048349849,38.6403801771482],[-8.9884289368979,38.6407076495846],[-8.9885381042663,38.6407613223526],[-8.98860194272093,38.6407927090135],[-8.98874247392256,38.6408618010681],[-8.98903518979269,38.6410057150206],[-8.9890560111434,38.6410159526009],[-8.9894031392691,38.6411278824434],[-8.98975026960727,38.6412398112328],[-8.98993723640359,38.6412765975108],[-8.99012420339656,38.6413133843883],[-8.99038976344066,38.641305654518],[-8.99047474819596,38.6413031805393],[-8.99052938773071,38.6413015901087],[-8.99066094030431,38.6412977603608],[-8.99082529287631,38.6412929756409],[-8.99083119309126,38.6412922027261],[-8.99107251342796,38.6412605848372],[-8.99132278888844,38.6412202908297],[-8.99135238557665,38.6410896294569],[-8.99137921186425,38.6409712024592],[-8.99140663044309,38.6408501515572],[-8.99140663459648,38.6408501145936],[-8.99154292260768,38.6406828686101],[-8.99171975276625,38.640409704233],[-8.99182854301213,38.6402094712454],[-8.99194547492316,38.6400155056593],[-8.99201822268639,38.6398855452131],[-8.99201892094917,38.6398835195731],[-8.99212093165044,38.6395900249345],[-8.99220031873567,38.6394070796068],[-8.99221465379569,38.6391341473665],[-8.99219218959478,38.6388032958223],[-8.99204223463954,38.6382470368991],[-8.99200415777044,38.6380919350707],[-8.99200178429062,38.6380803347668],[-8.99194193690104,38.6377883428058],[-8.99187333102007,38.6374544482119],[-8.9918314996711,38.6372508635073],[-8.99183149577446,38.637250825702],[-8.99183038650229,38.6372506491786],[-8.99170206654492,38.6372258017595],[-8.99135262095493,38.6371743317718],[-8.99049364928703,38.6372531741601],[-8.99010647340653,38.6372872448302],[-8.98981772775151,38.6373804188694],[-8.98976253007602,38.6369020359129],[-8.98976075365394,38.6369027380398],[-8.98971765650118,38.6365160462442],[-8.98963003324982,38.6358116137129],[-8.98930000866727,38.6354898093459],[-8.98895018197201,38.635157224769],[-8.9889122697731,38.6351442061667],[-8.98852519160984,38.6350075224486],[-8.98852066715042,38.6350059250661],[-8.98815566162917,38.6349947992795],[-8.98741934452745,38.6349694438104],[-8.98704653136107,38.6346991366357],[-8.98694264626867,38.6345489786595],[-8.98691370007484,38.6345071410295],[-8.98674625039313,38.6342651029687],[-8.98439669806299,38.6318941808975],[-8.98196266772138,38.6327262275633],[-8.98191282740466,38.632744587667],[-8.98191462148168,38.6325717145516],[-8.98193265271809,38.6322455346232],[-8.98199397987278,38.6318804300073],[-8.98211612523849,38.6315201555431],[-8.98212083304985,38.6315062687196],[-8.9822804424198,38.6311162648964],[-8.98359149219949,38.6309587804935],[-8.98276602300133,38.6299368360554],[-8.98269082550317,38.6298794580991],[-8.98272613237327,38.6297699487141],[-8.98280834478719,38.6295149528771],[-8.9828409546466,38.6294145675313],[-8.98284210604102,38.6294110279917],[-8.98284236535248,38.6294102306926],[-8.98295083569937,38.6290763258015],[-8.98295895879826,38.6290538077877],[-8.98346108746678,38.629427493441],[-8.98397682656821,38.6300293198283],[-8.98397833689035,38.6301433973712],[-8.98530896491346,38.6315926879524],[-8.98540066484214,38.6315536589586],[-8.987045365137,38.6331719783575],[-8.98778244083801,38.6338208377982],[-8.98784738108379,38.6338797924671],[-8.9881794074044,38.63418121374],[-8.98818545559872,38.6341781527232],[-8.98818580958429,38.6341784645184],[-8.98856107786549,38.6339968833876],[-8.98946260420121,38.6340218611725],[-8.98967957169548,38.6340298925398],[-8.9896921735648,38.6340303587734],[-8.99029835207812,38.6343907340412],[-8.99094131073642,38.6347737512189],[-8.99127097775867,38.6346492242551],[-8.9913860439586,38.6346612428002],[-8.99140750662241,38.6346637499342],[-8.99163795987296,38.6343873202657],[-8.99200711036198,38.633491707765],[-8.99201581003597,38.6324128515999],[-8.99202569554399,38.6324044600477],[-8.99205755271445,38.6320897256134],[-8.99211689001289,38.6315034943451],[-8.99195815341741,38.6307093519424],[-8.99186476303137,38.6302421244245],[-8.99186055276374,38.6302457630722],[-8.9918402493718,38.6302633112434],[-8.99183703523954,38.6302540898233],[-8.99168516113233,38.6294289860945],[-8.99151350115929,38.628706676329],[-8.99151666917933,38.6287058765865],[-8.99168706937009,38.6294246211783],[-8.9920481597662,38.6292449849668],[-8.99174636837876,38.6286667776807],[-8.99159293951927,38.6277045420467],[-8.99151003271191,38.6271845801889],[-8.99173010151481,38.6271668498422],[-8.9917347841332,38.6271666272076],[-8.991734806388,38.6271664712041],[-8.99189354321897,38.6260369681167],[-8.99161841588539,38.6259949439544],[-8.99154898870977,38.6259843391795],[-8.99158046172183,38.6256981747643],[-8.99161569589487,38.6254515472326],[-8.99160851979561,38.6254430538987],[-8.99108171602055,38.6248195018102],[-8.99108171876779,38.6248195396242],[-8.99100556555864,38.6247307412226],[-8.99099490878973,38.6246933123057],[-8.99081705463603,38.6240686644584],[-8.99097634570944,38.6240744274437],[-8.99097366847799,38.6240554922117],[-8.99097634519323,38.6240554942049],[-8.99160711438432,38.6240560832423],[-8.99161674529382,38.6240560918451],[-8.99202598426919,38.6243831092839],[-8.99243577758692,38.6242723109632],[-8.9926351927955,38.6242183928322],[-8.99333756078403,38.6233954432731],[-8.99333462990106,38.6233845451931],[-8.99320222221643,38.6228922192769],[-8.99271840162752,38.6226771895609],[-8.99225941386188,38.6224731941765],[-8.9921213553243,38.6220871167499],[-8.99207864934622,38.6219539372865],[-8.9919639774646,38.6217310635539],[-8.99139970936316,38.6206197890933],[-8.99084145663333,38.6194695092352],[-8.99062025860959,38.6189094745523],[-8.99043455606435,38.6183025325689],[-8.99034737130155,38.6178805158766],[-8.99031114523471,38.6176765672376],[-8.99030966286991,38.6176508076721],[-8.99031137388124,38.617101256638],[-8.99056979159768,38.6164343963488],[-8.99086623362404,38.615859353919],[-8.99087249869015,38.6158321250846],[-8.99087303289897,38.6158312834131],[-8.99096011875858,38.6154964481687],[-8.9910728671595,38.614961198442],[-8.991175388425,38.6145155670104],[-8.99149286669673,38.614580015596],[-8.99199579636942,38.6146883887048],[-8.99203538582794,38.6141475927239],[-8.99208566141229,38.6132543168197],[-8.99213359999363,38.6123731125963],[-8.99213310752882,38.6123732153011],[-8.99212770763613,38.6123743449273],[-8.99211415450531,38.6120612913435],[-8.9921203461432,38.6120598370179],[-8.99212042853003,38.6120604877005],[-8.99219787787278,38.6120478860379],[-8.9924512273707,38.6115693471556],[-8.99268306598793,38.6111045409712],[-8.99256501835822,38.6101087389052],[-8.99208111114965,38.6100377940894],[-8.99186109121264,38.6100055366571],[-8.99186107790747,38.6100053836165],[-8.99058729534706,38.6098212051255],[-8.99059023904556,38.6098359649946],[-8.9905890431145,38.6098358026041],[-8.99038949230435,38.6087926845828],[-8.99156863338123,38.6088112885247],[-8.99167063116635,38.6088128976075],[-8.99171132142469,38.6088135394922],[-8.99240329700114,38.6088244511983],[-8.9924235831361,38.6087273323973],[-8.99251774656129,38.6082765378591],[-8.99257335091652,38.6080103355228],[-8.99254754366531,38.6077179454442],[-8.99251005518566,38.6072949412348],[-8.99250999022297,38.6072942111524],[-8.99148538646015,38.6067450597104],[-8.99148295283893,38.606745654083],[-8.99146392799647,38.6067502995088],[-8.99144934044133,38.6067547664509],[-8.99144807955765,38.6067448118023],[-8.99188342179937,38.6065337414168],[-8.9924033395941,38.6063598338917],[-8.99285738740229,38.6062349898172],[-8.99322154277931,38.6061993781482],[-8.99368071652489,38.6061917115538],[-8.99393263482759,38.6062034167316],[-8.99423870539984,38.6062176378985],[-8.99467636922687,38.6062401570039],[-8.99488922173521,38.6062085582928],[-8.99489436122058,38.6062059513224],[-8.99505225625472,38.6061258446855],[-8.99529013231719,38.605901005807],[-8.99534519107496,38.605856983634],[-8.99542846647964,38.6057904007195],[-8.99545801588984,38.605766774422],[-8.99583864523589,38.6055923638036],[-8.99628477372266,38.6054088876614],[-8.99694880331171,38.605159450025],[-8.99698769292128,38.6051475739628],[-8.9972393369865,38.6050707277075],[-8.99735191180273,38.6050363500321],[-8.99775525387643,38.6049446916205],[-8.99808050076855,38.6048841547977],[-8.99855704898263,38.6047759909621],[-8.99899659170583,38.60467100685],[-8.99944039647853,38.6046124949261],[-8.99984726534666,38.6045629756835],[-9.00007934685666,38.6045250311291],[-9.00035005081434,38.6044807707375],[-9.00042921036359,38.6044647459012]]]}},{"type":"Feature","id":"CRUS_Moita_V.380052","properties":{"Area_Ha":19.9268821284745,"Autor":"DGT","Categoria":"Área de Edificação Dispersa","Classe":"Solo Rústico","DTCC":"1506","Data_PublicacaoPDM":"2025-04-14T00:00:00","Designacao_PlantaOrdenamento":"Solo Rústico - Áreas de Edificação Dispersa","Escala_PlantaOrdenamento":"1/12000","Fonte":"CM - Vectorial e Raster","ID":380052,"Municipio":"MOITA"},"geometry":{"type":"Polygon","coordinates":[[[-8.98196266772138,38.6327262275633],[-8.98439669806299,38.6318941808975],[-8.98674625039313,38.6342651029687],[-8.98691370007484,38.6345071410295],[-8.98694264626867,38.6345489786595],[-8.98669904347718,38.6347628149669],[-8.98586755920393,38.6354060339072],[-8.98522512121646,38.6358419180683],[-8.98502843099489,38.6359738904365],[-8.98394864200777,38.6365982093529],[-8.98393382061893,38.6366067613329],[-8.98374934651631,38.6367016554753],[-8.98304855796615,38.6370528155649],[-8.98292249366132,38.6370591011054],[-8.98279643029093,38.6370842422441],[-8.98161894027938,38.6374990751339],[-8.98144727896385,38.6375263111219],[-8.98129439320906,38.6375168829141],[-8.98114955406728,38.6374823140413],[-8.98096716351298,38.6373765108987],[-8.98084914599011,38.6372644226833],[-8.98020809822979,38.6363258060861],[-8.98020355892755,38.6363202070932],[-8.98020106726229,38.6363171335565],[-8.98013071704993,38.636233689278],[-8.98006844807493,38.6361798374988],[-8.98005270343372,38.6361669627105],[-8.979969784979,38.6361163609554],[-8.97990764305318,38.6360879299173],[-8.97987393455441,38.6360726862851],[-8.97986611649892,38.6360691504433],[-8.97965484846684,38.6359904334759],[-8.97971756851384,38.6359682448728],[-8.98025123151901,38.6357670368386],[-8.98101895575121,38.6354697469536],[-8.98121627397116,38.6353714526076],[-8.98150835112009,38.63522595297],[-8.98166002236382,38.6351004394347],[-8.98180561634259,38.6349234885159],[-8.98187530061403,38.6348075424079],[-8.9818807173448,38.6347985301436],[-8.98188095952557,38.634794914338],[-8.98190396470509,38.6344508624129],[-8.98190174490027,38.6337987804936],[-8.98189805201427,38.6334856290191],[-8.98190950097458,38.6330651145343],[-8.98191282740466,38.632744587667],[-8.98196266772138,38.6327262275633]]]}},{"type":"Feature","id":"CRUS_Moita_V.380053","properties":{"Area_Ha":31.9943709859518,"Autor":"DGT","Categoria":"Área de Edificação Dispersa","Classe":"Solo Rústico","DTCC":"1506","Data_PublicacaoPDM":"2025-04-14T00:00:00","Designacao_PlantaOrdenamento":"Solo Rústico - Áreas de Edificação Dispersa","Escala_PlantaOrdenamento":"1/12000","Fonte":"CM - Vectorial e Raster","ID":380053,"Municipio":"MOITA"},"geometry":{"type":"Polygon","coordinates":[[[-8.98687451775972,38.6617440931687],[-8.98688785857255,38.661749343685],[-8.98701477600257,38.6617331170113],[-8.98818381633142,38.6620632289126],[-8.98984517110011,38.6621898740891],[-8.99158751471415,38.6622021790994],[-8.99253264646776,38.6618869783581],[-8.99443562785518,38.6609696440218],[-8.99754701895832,38.659608318571],[-8.99754648198033,38.6596078027749],[-8.9975524921546,38.6596078394293],[-8.99773202237238,38.6597812533533],[-8.99782858090917,38.6599331017005],[-8.99796269183463,38.6602598347455],[-8.99825093118368,38.6619555608983],[-8.99844099140527,38.6630736506542],[-8.99710443846419,38.6632242342173],[-8.99710348614102,38.6632243412414],[-8.99585089424188,38.6633353421651],[-8.99502487987544,38.6634199597181],[-8.99492094555961,38.663431478481],[-8.99477781218778,38.663452503872],[-8.99389556346829,38.6635845695477],[-8.9928950997161,38.6637667770517],[-8.99246650692673,38.663879187229],[-8.99149308282578,38.6641393640373],[-8.99096200559707,38.6645121534495],[-8.99014661334374,38.665307989063],[-8.98999026774243,38.665291438273],[-8.98998104574653,38.6652914977273],[-8.98900965515404,38.6652952817091],[-8.98870817177392,38.6653312298533],[-8.98849698193549,38.6653875876273],[-8.98833910218835,38.6654544477578],[-8.9881965024146,38.6655340756734],[-8.98789653802442,38.665701573157],[-8.98773184769925,38.6657668409765],[-8.98773176327788,38.665773850755],[-8.9874635422375,38.6658241132576],[-8.98635320267055,38.6657986509689],[-8.98649423194364,38.6653086967303],[-8.98661464274477,38.6649858064965],[-8.98669123750523,38.6647819691976],[-8.98669401926464,38.6647745298671],[-8.98684663431007,38.6643664809545],[-8.9873133389096,38.6644795745441],[-8.98760301781327,38.6638219554206],[-8.98643583689642,38.6635171216632],[-8.98618806014009,38.6634524082405],[-8.98687451775972,38.6617440931687]]]}},{"type":"Feature","id":"CRUS_Moita_V.380054","properties":{"Area_Ha":45.4352295110746,"Autor":"DGT","Categoria":"Espaço de Equipamentos e Infraestruturas","Classe":"Solo Rústico","DTCC":"1506","Data_PublicacaoPDM":"2025-04-14T00:00:00","Designacao_PlantaOrdenamento":"Solo Rústico - Espaços Equipamentos, Infraestruturas ou Outras Estruturas ou Ocupações - Espaços Canais","Escala_PlantaOrdenamento":"1/12000","Fonte":"CM - Vectorial e Raster","ID":380054,"Municipio":"MOITA"},"geometry":{"type":"Polygon","coordinates":[[[-9.00128943198784,38.637177688851],[-9.00187413388516,38.6389560034467],[-9.0019854347564,38.6392945022104],[-9.00198504321407,38.6392945114242],[-9.00198513798441,38.6392945602647],[-9.00150521325057,38.6393888036315],[-9.00148933268061,38.6393390563868],[-9.00148347776236,38.6393207170589],[-9.00147906476069,38.6393068917859],[-9.00147873177783,38.6393068996625],[-9.00147714036385,38.6393069384997],[-9.00141695266156,38.6391203297633],[-9.00082266594433,38.6372777167218],[-9.00076215336333,38.6372622077191],[-9.00071534585752,38.6372502119891],[-9.00065093269968,38.6372279154394],[-9.00059313785353,38.6372032826254],[-9.00058247728625,38.6371969866545],[-9.00051616804755,38.6371578256431],[-9.00044407965697,38.6370897005089],[-8.99897814492399,38.6372339874157],[-8.99877859413495,38.6372536272036],[-8.99830500700057,38.6373032583496],[-8.99795451902225,38.6373357693672],[-8.99730471869924,38.6373816589962],[-8.9972969347668,38.6373820038546],[-8.99729684593696,38.6373820666666],[-8.99729361502983,38.6373821508876],[-8.99710772919929,38.6373872226014],[-8.99626580944675,38.6374250216592],[-8.99524702320964,38.6374265878265],[-8.99429658687034,38.6373977900909],[-8.99412705143046,38.6373260040205],[-8.99395562318059,38.6372534163985],[-8.99402371037368,38.636940808557],[-8.99402403693047,38.6369408403846],[-8.99404223122769,38.63694167486],[-8.99413400824777,38.6369458827033],[-8.9944444168239,38.6369601158203],[-8.99488655124599,38.6369803861317],[-8.99508690934081,38.6369895720108],[-8.99536409088226,38.6370022792144],[-8.99565557772164,38.6370018068527],[-8.99596585033514,38.6370013042067],[-8.99623744078485,38.63700086364],[-8.99667485616299,38.6369732326815],[-8.99700725895973,38.6369522335638],[-8.99753338135062,38.6369189952603],[-8.99806923285243,38.6368851394715],[-8.99964509460611,38.6367256647725],[-9.00038540245634,38.6366507391879],[-9.00043190444739,38.6365843390566],[-9.00046172097511,38.636541765588],[-9.00053474862561,38.6364830886578],[-9.00061168024665,38.6364427340032],[-9.00067855024245,38.6364076569842],[-9.0007129105942,38.63640219189],[-9.00082538296208,38.6363792302597],[-9.00094383984353,38.6360086066305],[-9.00101386481877,38.6357882502344],[-8.99963310464537,38.6355135940271],[-8.99842285122346,38.6352728397109],[-8.99841102697778,38.6352690608976],[-8.99824631059314,38.6352123868196],[-8.99812620571337,38.6351589408534],[-8.9980320261505,38.6350750548352],[-8.99796108009381,38.6349867406638],[-8.99788114075462,38.6348681464762],[-8.99784033736732,38.6347206181404],[-8.99773508545804,38.6347209807937],[-8.997804470689,38.6321451683041],[-8.99780960051053,38.6318681054063],[-8.99777730981482,38.6316229464865],[-8.99771403418643,38.6313565871829],[-8.99761708537502,38.6309603826606],[-8.99732797966329,38.6297788476425],[-8.9973245282051,38.6297647412359],[-8.99731829795812,38.6297392781296],[-8.99731354953873,38.6297198746332],[-8.99730804629727,38.629697382431],[-8.99730099610564,38.6296685707648],[-8.99728856700929,38.6296177695287],[-8.99726984865309,38.629541272307],[-8.99725436793435,38.6294780011774],[-8.99717454120583,38.6291517517728],[-8.99716793065694,38.6291247330632],[-8.99721653975162,38.62858183162],[-8.99723774995796,38.6283449331225],[-8.9972470549189,38.6282410136267],[-8.99724745089425,38.6282387956104],[-8.9972489377656,38.628230450335],[-8.99727655953627,38.628075478164],[-8.99712940721808,38.6281649731761],[-8.99698804798375,38.6274262890026],[-8.997030026987,38.6268253008541],[-8.99684975821754,38.6263870842311],[-8.99684971679733,38.6263869818445],[-8.99647713319353,38.6254812475956],[-8.99617619983825,38.6249010174013],[-8.9959150303831,38.62439744937],[-8.99579564672888,38.6240393080423],[-8.99575010929576,38.6239026971659],[-8.99559999615821,38.6233107038019],[-8.99537866519082,38.6224335843355],[-8.99536477322398,38.622378532768],[-8.99535619297029,38.6221204605306],[-8.99537472966218,38.6219723242889],[-8.99538625434368,38.6218802305244],[-8.99538891622478,38.6218589598755],[-8.99543469055821,38.6217226000611],[-8.99547501544587,38.6216024751721],[-8.99561723919096,38.6213162228454],[-8.99583641475887,38.6210642228992],[-8.99601757613189,38.6208559283047],[-8.99606204234718,38.620783413855],[-8.99610542845121,38.6207126639363],[-8.99610650963291,38.6207109002808],[-8.99633472903635,38.6198964679862],[-8.99661826219784,38.6188697155832],[-8.99662226973342,38.6188703111699],[-8.99676736117877,38.6184705114367],[-8.99682764562556,38.6183043973093],[-8.99770434128172,38.6158885594823],[-8.99780531753916,38.6156102957153],[-8.99829688165977,38.6146307503541],[-8.99844620694031,38.6139882806189],[-8.99865580607438,38.6130864659893],[-8.99871640349405,38.6126303067662],[-8.99876341085252,38.6122764406656],[-8.99884326659237,38.6116752801187],[-8.99895877304154,38.6108057342513],[-8.99933556212087,38.6107132921539],[-8.99921170057769,38.6116850676593],[-8.99915828662334,38.6121041227186],[-8.99909158658633,38.6126274081415],[-8.99902570614646,38.6131442601251],[-8.9986632996063,38.6146370007574],[-8.99863922287431,38.6147361744816],[-8.99863147645527,38.6147512843495],[-8.9984542325161,38.6150970216239],[-8.99817690061283,38.6156379848012],[-8.99796061022944,38.6162336861462],[-8.99730458242195,38.6180404357263],[-8.99713666955664,38.6185254160384],[-8.99700164663061,38.618915463561],[-8.99700136584919,38.6189162736619],[-8.99700024569237,38.6189194744078],[-8.99689126702584,38.6192343216316],[-8.99674184016528,38.6198456107953],[-8.99659241087274,38.6204569006349],[-8.99644304906142,38.6208500087965],[-8.99597802986975,38.6214182792018],[-8.99579165011187,38.6217340834506],[-8.99573277524094,38.622033335441],[-8.99573384980169,38.62233179229],[-8.9958978300456,38.6229755655207],[-8.99602168117568,38.6234617853591],[-8.99605999860509,38.6236122137784],[-8.99612768442076,38.6238779365014],[-8.99616990530831,38.6240103486934],[-8.99624994373394,38.624258116229],[-8.99645290956592,38.6246671847135],[-8.9968594766808,38.6254865886663],[-8.99715269612561,38.6262214935508],[-8.99759792178676,38.6259781783529],[-8.99927215913828,38.6250388753083],[-9.00132275671071,38.6239089947886],[-9.00354918832645,38.6227100672618],[-9.00286704365678,38.6215687344933],[-9.00286718123484,38.6215686217701],[-9.00354918880322,38.6227097267519],[-9.00463174309983,38.6221068321954],[-9.00500234725349,38.6219073151134],[-9.00592554952975,38.6213975182907],[-9.00881922974271,38.6197739019055],[-9.01061164648669,38.6187676975964],[-9.01061294218043,38.6187749006695],[-9.01066279082631,38.6190520161007],[-9.01070515477643,38.6192987132161],[-9.0108142081473,38.6197329776553],[-9.01087606890207,38.6201114566061],[-9.01090146891753,38.6204340687428],[-9.01090020916091,38.6204981113962],[-9.00977299183959,38.6211315269572],[-9.00894177167038,38.6216040007436],[-9.00708708643732,38.6226270050611],[-9.00708693052247,38.6226286339899],[-9.00587245808327,38.6233008950666],[-9.00401507144852,38.6243277380883],[-9.00278512653805,38.6250174742777],[-9.00278462800962,38.6250181265666],[-9.00099158822146,38.6260048500298],[-9.00043229200573,38.6263056027569],[-8.99996681549325,38.6265605019147],[-8.99887586657898,38.6271481980375],[-8.9981929434155,38.6275254769409],[-8.99764499945485,38.6278631467031],[-8.99754048702092,38.6290450148806],[-8.99818343764718,38.6318194968491],[-8.99811033130362,38.6347152477284],[-8.9981093036213,38.634715264335],[-8.99810930217976,38.6347153355095],[-8.99802386916246,38.6347181588242],[-8.9980402822738,38.6347857503812],[-8.99805532358209,38.6348336090496],[-8.99814436860217,38.6349526123172],[-8.99823918288848,38.6350293987829],[-8.99835947778023,38.6350988524034],[-8.99848473220252,38.6351403333305],[-8.99858291927244,38.6351601220118],[-8.99948676997708,38.6353414333946],[-8.9994877151599,38.6353416227712],[-8.9994900925151,38.6353420997093],[-9.00280919046633,38.6360148882866],[-9.00349104460716,38.6361530882037],[-9.00373911258206,38.6362250653786],[-9.00374301181106,38.6362262119151],[-9.00393210848126,38.6363073987034],[-9.00409264576605,38.636400153403],[-9.00409260268311,38.6364020976681],[-9.00409323764281,38.6364024640738],[-9.00411149081831,38.6364172761887],[-9.00419543444285,38.6364853972628],[-9.00426333180613,38.6365493787442],[-9.00426544464658,38.6365514330681],[-9.0043591512128,38.6366689176779],[-9.00500187979988,38.6367111343408],[-9.00573936866675,38.6367935103384],[-9.00633002342226,38.6368678931253],[-9.00712179035427,38.6369752373019],[-9.00957663086443,38.6374416888961],[-9.01006268989979,38.6375340400012],[-9.01069162706111,38.6376535342584],[-9.01239009039573,38.6379011502192],[-9.01281891804713,38.6376886903247],[-9.01279793346775,38.6378774502151],[-9.01272257441143,38.638123638267],[-9.01265669176735,38.6383187386803],[-9.01233819492402,38.6384863742744],[-9.0118260408426,38.6387497296932],[-9.01182579425562,38.6387498522536],[-9.01182301386717,38.6387511849303],[-9.01182299034175,38.6387512444917],[-9.01182157853833,38.6387518729022],[-9.01182040565623,38.6387524185934],[-9.01144655882531,38.6383966361895],[-9.01151243010411,38.6383651826487],[-9.01147608124296,38.6383205620243],[-9.0114299674607,38.6383124379582],[-9.01020992238944,38.638101778311],[-9.01020390569962,38.6381037925865],[-9.00932643048401,38.6379389011478],[-9.00663289444063,38.6374508482877],[-9.00582964173253,38.6373473293711],[-9.00540925002542,38.6372950884576],[-9.0047063494053,38.6372240830492],[-9.00461096431753,38.6372200914471],[-9.00491655790591,38.6382724589604],[-9.0052523586379,38.6389468293784],[-9.00524537116545,38.6389478912765],[-9.00511608969606,38.638967537765],[-9.00511458482942,38.6389645763163],[-9.00491010248418,38.6385622249219],[-9.00480600143282,38.6383573876389],[-9.00467667033515,38.638002349227],[-9.00445597256646,38.6372122018517],[-9.00246848554183,38.6371355381919],[-9.00137145923075,38.6371118651642],[-9.00136465943216,38.6371117183542],[-9.00128943198784,38.637177688851]],[[-9.00134296869905,38.6358582197327],[-9.00124529819561,38.63613789703],[-9.00115484224825,38.6364104682749],[-9.00123619101129,38.6364453682046],[-9.00131639773707,38.6364935544689],[-9.0013748875653,38.6365417397137],[-9.00217918218386,38.6365746347656],[-9.00378398023749,38.636640253619],[-9.00413487527199,38.6366545983846],[-9.00401391532623,38.6365466164268],[-9.00388785130701,38.6364586207319],[-9.00383452299909,38.6364309917123],[-9.00375448783772,38.636389809689],[-9.00360422502733,38.6363339562546],[-9.00357144114026,38.6363221780037],[-9.00349947302191,38.6362997770873],[-9.00336347935716,38.6362595831257],[-9.00134296869905,38.6358582197327]]]}},{"type":"Feature","id":"CRUS_Moita_V.380055","properties":{"Area_Ha":203.973733031248,"Autor":"DGT","Categoria":"Espaço Agrícola","Classe":"Solo Rústico","DTCC":"1506","Data_PublicacaoPDM":"2025-04-14T00:00:00","Designacao_PlantaOrdenamento":"Solo Rústico - Espaços Agrícolas","Escala_PlantaOrdenamento":"1/12000","Fonte":"CM - Vectorial e Raster","ID":380055,"Municipio":"MOITA"},"geometry":{"type":"Polygon","coordinates":[[[-8.9984775547516,38.6650776174274],[-8.99847766619139,38.6650776155957],[-8.99826956094697,38.6659942212888],[-8.99826846327323,38.6659990568177],[-8.99826301242227,38.6660521310805],[-8.99824688489721,38.6662252831357],[-8.99829516428907,38.6664682178831],[-8.99839275486742,38.6666272391271],[-8.99842134921679,38.6666723623449],[-8.99855411950669,38.6668273370903],[-9.00282419599012,38.670233550609],[-9.00282597723565,38.6702352795168],[-9.00261412029015,38.6703411380289],[-9.00261251152025,38.6703416985783],[-9.00236477355144,38.6704280444505],[-9.00230815621982,38.6704386371027],[-9.00228028331927,38.6704439094617],[-9.0022591137794,38.6704478393464],[-9.00224463200212,38.6704505619968],[-9.00175054798187,38.6705432229702],[-9.00215357069215,38.6714371866728],[-9.00252034119004,38.6724886516581],[-9.0026544520849,38.6724928396597],[-9.00281555099533,38.6724566420023],[-9.00375415796036,38.6722457374664],[-9.00482167694428,38.6719023059933],[-9.00504161841608,38.6721368452859],[-9.00491823608914,38.6722583023998],[-9.00578695304522,38.6732648897381],[-9.00579364984228,38.6732726434217],[-9.00579960325465,38.6732795513935],[-9.00580713103626,38.6732882672385],[-9.00586235758449,38.6733522598181],[-9.00601292011962,38.6735267125086],[-9.00613442520794,38.6736674955146],[-9.0062700695147,38.6738246638206],[-9.00570680579505,38.6739251779224],[-9.00436570179586,38.6739377417688],[-9.00424537570026,38.6744060222159],[-9.00424530078884,38.6744062885106],[-9.00407065791464,38.6749805662885],[-9.00626470521087,38.6751438993191],[-9.00621106069672,38.6760652548352],[-9.00593312314853,38.6760499754903],[-9.00593177316239,38.67604990089],[-9.00593129595514,38.6760498747249],[-9.00592295917472,38.6760494153783],[-9.00544931362763,38.6760233759102],[-9.00537287113063,38.6765604791814],[-9.00486803428794,38.6765279590292],[-9.00346792137756,38.676385569628],[-9.0027206807954,38.6762551341113],[-9.00274709217258,38.6761472278824],[-9.0021972852151,38.6760778895787],[-9.00164747928182,38.6760085495776],[-9.00088494095953,38.6759319127354],[-8.99475931057157,38.6786041490093],[-8.99416836789484,38.6788609765109],[-8.99080556556419,38.6792831826802],[-8.99080253051745,38.6792835634583],[-8.99068987792509,38.6792123713247],[-8.9905937351848,38.6791816671101],[-8.99056051009988,38.67917579877],[-8.99055296465378,38.6791752280339],[-8.99049145428316,38.6791705723473],[-8.9904554219792,38.6791732947933],[-8.99041938851248,38.6791760163358],[-8.99035333091586,38.6791910187952],[-8.98867250378169,38.6764416314445],[-8.98761661393922,38.676614891654],[-8.98728615387308,38.6766326571819],[-8.98675663183753,38.6766070401557],[-8.98503523989965,38.6765214631836],[-8.98326108356747,38.6763648881837],[-8.98332170344689,38.6761074347915],[-8.98407952041023,38.672905061299],[-8.98434682791959,38.6724610717783],[-8.98565162514095,38.6699426484284],[-8.98543196203466,38.6698782231706],[-8.98432353223401,38.6720018961821],[-8.98433866502555,38.6707338034374],[-8.98445936463152,38.6707379910287],[-8.98445668208447,38.6703317280522],[-8.98402752875552,38.6702144559377],[-8.98394668695511,38.6702147486067],[-8.98385349876887,38.6677651212956],[-8.98448926370857,38.6677846321828],[-8.98451608492115,38.6676170944694],[-8.9853046545632,38.6677511247714],[-8.98652774158338,38.6676087173575],[-8.98701590439676,38.6694893073703],[-8.98797077040082,38.6692966429581],[-8.98789566877127,38.6689783278879],[-8.98845356815402,38.6688652419524],[-8.98836237353284,38.6685301709903],[-8.98877543306878,38.6684547800796],[-8.98881535755893,38.6684925055303],[-8.98881623840524,38.6684933368337],[-8.99203488819287,38.6679593140628],[-8.99068841915582,38.6658148054663],[-8.99014661334374,38.665307989063],[-8.99096200559707,38.6645121534495],[-8.99149308282578,38.6641393640373],[-8.99246650692673,38.663879187229],[-8.9928950997161,38.6637667770517],[-8.99389556346829,38.6635845695477],[-8.99477781218778,38.663452503872],[-8.99492094555961,38.663431478481],[-8.99502487987544,38.6634199597181],[-8.99585089424188,38.6633353421651],[-8.99710348614102,38.6632243412414],[-8.99710443846419,38.6632242342173],[-8.99711525917189,38.6633597226776],[-8.99725446795023,38.6651027480925],[-8.99842800597328,38.6650786347066],[-8.99847719912088,38.6650776232536],[-8.99847755509209,38.6650776159344],[-8.9984775547516,38.6650776174274]],[[-9.00034855027484,38.6707889134693],[-8.9992381193413,38.6709996102667],[-8.99936532942345,38.671410147876],[-8.99968357133399,38.6724292858157],[-8.99983998426968,38.6724011639374],[-9.0002479673144,38.672324012661],[-9.00080237996894,38.6722173380411],[-9.00042455759235,38.671020520184],[-9.00034855027484,38.6707889134693]]]}},{"type":"Feature","id":"CRUS_Moita_V.380056","properties":{"Area_Ha":2.56860642796099,"Autor":"DGT","Categoria":"Espaço de Ocupação Turística","Classe":"Solo Rústico","DTCC":"1506","Data_PublicacaoPDM":"2025-04-14T00:00:00","Designacao_PlantaOrdenamento":"Solo Rústico - Espaços de Ocupação Turística","Escala_PlantaOrdenamento":"1/12000","Fonte":"CM - Vectorial e Raster","ID":380056,"Municipio":"MOITA"},"geometry":{"type":"Polygon","coordinates":[[[-8.99847719447037,38.6650776233492],[-8.99842800597328,38.6650786347066],[-8.99725446795023,38.6651027480925],[-8.99711525917189,38.6633597226776],[-8.99710443846419,38.6632242342173],[-8.99844099140527,38.6630736506542],[-8.99844146616903,38.6630764405368],[-8.99862922117541,38.6643382800554],[-8.99847767633939,38.665077570898],[-8.99847766619139,38.6650776155957],[-8.9984775547516,38.6650776174274],[-8.99847755509209,38.6650776159344],[-8.99847719912088,38.6650776232536],[-8.99847719447037,38.6650776233492]]]}},{"type":"Feature","id":"CRUS_Moita_V.380057","properties":{"Area_Ha":1.44165577639174,"Autor":"DGT","Categoria":"Espaço de Equipamentos e Infraestruturas","Classe":"Solo Rústico","DTCC":"1506","Data_PublicacaoPDM":"2025-04-14T00:00:00","Designacao_PlantaOrdenamento":"Solo Rústico - Espaços Equipamentos, Infraestruturas ou Outras Estruturas ou Ocupações - Equipamentos","Escala_PlantaOrdenamento":"1/12000","Fonte":"CM - Vectorial e Raster","ID":380057,"Municipio":"MOITA"},"geometry":{"type":"Polygon","coordinates":[[[-8.95653128920703,38.6211705793924],[-8.95653416969116,38.6211738497907],[-8.95657754439109,38.621223085641],[-8.95706526458144,38.6217690497649],[-8.95708401986129,38.6217893410439],[-8.95710277515175,38.6218096323197],[-8.95640204055806,38.6220663467943],[-8.95617330403434,38.6218198313672],[-8.95522321537795,38.6222771865658],[-8.95437838886587,38.6227641849291],[-8.9538650726179,38.6225655129883],[-8.95386001844514,38.6225634463958],[-8.95385496427266,38.622561379803],[-8.95469369674269,38.6220860471425],[-8.95473843865835,38.6220606901819],[-8.95488882946406,38.6219754576856],[-8.95506745879488,38.6218879233895],[-8.95558509622343,38.621634261152],[-8.95563342572281,38.6216105776153],[-8.95653128920703,38.6211705793924]]]}},{"type":"Feature","id":"CRUS_Moita_V.380058","properties":{"Area_Ha":113.408146346116,"Autor":"DGT","Categoria":"Espaço Natural e Paisagístico","Classe":"Solo Rústico","DTCC":"1506","Data_PublicacaoPDM":"2025-04-14T00:00:00","Designacao_PlantaOrdenamento":"Solo Rústico - Espaços Naturais e Paisagísticos - Salinas e Viveiros","Escala_PlantaOrdenamento":"1/12000","Fonte":"CM - Vectorial e Raster","ID":380058,"Municipio":"MOITA"},"geometry":{"type":"Polygon","coordinates":[[[-8.99317782224729,38.6885085699355],[-8.99299602931462,38.688527702329],[-8.99293910569512,38.6885336930688],[-8.99272989267542,38.6887011821306],[-8.99257432526541,38.6888267982734],[-8.99241339263741,38.6888686701335],[-8.9920539759832,38.6888728573293],[-8.99180960054129,38.6889123822261],[-8.991458526423,38.6889691634302],[-8.99115275433943,38.6891659615223],[-8.9909971864514,38.68923295595],[-8.99086844039822,38.6891240891277],[-8.99074505824017,38.6889021674182],[-8.98975096930581,38.6888791540783],[-8.9894790555847,38.6888728577509],[-8.98936640257412,38.6889356658951],[-8.98904990269756,38.6897856628886],[-8.98660574809885,38.6887348982751],[-8.98630332042421,38.6886048760882],[-8.98567892790661,38.6884463805404],[-8.98564349670761,38.6884373865774],[-8.98418973917953,38.6884122635877],[-8.98270640564094,38.6883111599067],[-8.98228537076702,38.6882824587792],[-8.98201178534583,38.6879391038878],[-8.98169796710822,38.6878658267959],[-8.98172747135212,38.6877569579916],[-8.98169260251608,38.6876815869147],[-8.98162554770506,38.687608309524],[-8.9816496880252,38.6875517820062],[-8.98158263185132,38.6875015344965],[-8.9815558106333,38.6875475943177],[-8.98148875496332,38.6876376205012],[-8.98136269151242,38.6875496880092],[-8.98141097083371,38.6874512864263],[-8.9813734200278,38.6873842896402],[-8.98138683102927,38.6873235742539],[-8.98140024200898,38.6872628588658],[-8.98149948444819,38.6871707381683],[-8.98151289526897,38.6870304625981],[-8.98159604320051,38.686969747031],[-8.98149948354263,38.6868901879453],[-8.98150753005378,38.6866871023383],[-8.98154239934657,38.6866159175187],[-8.98119371158668,38.6864588922279],[-8.98110251642096,38.6864735475096],[-8.98095231271063,38.6865300773495],[-8.98082893169918,38.6866012622818],[-8.98069750288421,38.6867059449833],[-8.9805070662634,38.6867813169645],[-8.9800886423838,38.686873438443],[-8.97990088768083,38.6868755322969],[-8.9797748231884,38.6868734381969],[-8.97968631051981,38.6868420338676],[-8.9796031625836,38.6867959733245],[-8.97943228836756,38.6866155173884],[-8.97942077205323,38.6866033552579],[-8.97939931367991,38.686331178277],[-8.9791847379575,38.6862223069948],[-8.97912841123204,38.6858998787356],[-8.97902112328291,38.6858140382236],[-8.97893921215607,38.6857038468273],[-8.97889505865074,38.6856444489129],[-8.97894065644189,38.6854476406502],[-8.97882263915226,38.6852843319879],[-8.97882341202355,38.685216037481],[-8.97874294527824,38.685121820743],[-8.97854714509808,38.685069477449],[-8.97835913418288,38.684790346503],[-8.97827355888482,38.6846632960552],[-8.97818772869319,38.6846130462115],[-8.97819041041651,38.6845125477313],[-8.97809921616423,38.6844790482689],[-8.97791146084864,38.6843178306352],[-8.97777198578413,38.684296892762],[-8.97773577616304,38.6842654865791],[-8.97769956657366,38.6842340803844],[-8.97769688383194,38.6841419566752],[-8.97752522340956,38.6841231129054],[-8.97747426108605,38.6840822849241],[-8.97742329882047,38.6840414569198],[-8.97747962510907,38.6837860195395],[-8.97755740901644,38.6837399565593],[-8.97762446501567,38.6839283940469],[-8.97778539759824,38.6838812849847],[-8.97794632996626,38.6838341757031],[-8.97798119794194,38.683777644366],[-8.9781045800765,38.6837148317614],[-8.97814749544991,38.6836457377369],[-8.97819041074171,38.6835766436968],[-8.97833793269964,38.6834279864775],[-8.97856860277792,38.68329607924],[-8.97855448359208,38.6831732674399],[-8.97854982733099,38.683132766151],[-8.9782279618447,38.6828815130403],[-8.97803074572041,38.682594876313],[-8.97798522132957,38.6825287101345],[-8.97792755946089,38.6824199196813],[-8.97808849286949,38.6823351210631],[-8.97817700535061,38.6824387638237],[-8.97817164052104,38.6825748598296],[-8.97820717961475,38.6826739417339],[-8.97823735520624,38.6827580667238],[-8.97828027088926,38.6828292550875],[-8.97835671382762,38.6828920686692],[-8.97855385560874,38.683031304856],[-8.97871344772875,38.6831590243192],[-8.9788314643647,38.6832668536421],[-8.97847473082134,38.6834929796684],[-8.97858738380986,38.6836091840294],[-8.97846132013109,38.6838531057515],[-8.97845729649264,38.6838719498981],[-8.97845729635513,38.6840059496706],[-8.97877111492694,38.6845880087776],[-8.98069157676887,38.6839975749762],[-8.98131653055141,38.6841169176593],[-8.98218448177254,38.684043097712],[-8.98230551926896,38.6840290671477],[-8.98241785918083,38.6840020145711],[-8.98241891925893,38.6840017618541],[-8.98265495345305,38.6839410430762],[-8.98279710993967,38.6841483244141],[-8.98280310997917,38.6845247602815],[-8.98284468421348,38.6846147906437],[-8.98285943593226,38.6847131960763],[-8.98281249726515,38.6848498113807],[-8.98281383875923,38.684957115088],[-8.98294794945454,38.685852173743],[-8.9829176643044,38.6859359062713],[-8.98288339074683,38.6860367145484],[-8.98283779308189,38.6861455862026],[-8.98286480098431,38.6862813786126],[-8.9829506320026,38.6864425920605],[-8.98303914482874,38.6865472759471],[-8.98326713272714,38.6867084881994],[-8.98340124303082,38.6867545485227],[-8.98361045440491,38.6867733915802],[-8.98421126996719,38.6868006097316],[-8.98457873208015,38.686802702725],[-8.98465383384411,38.6867440802901],[-8.98466724526358,38.6866247417042],[-8.98471275857262,38.6865035343906],[-8.98500520329176,38.6862981285509],[-8.98507494127805,38.6862143810199],[-8.98516881862099,38.6859882633009],[-8.98532170484118,38.6859212655135],[-8.98546367478708,38.6855949458898],[-8.98556023502818,38.6854441990984],[-8.98577481156553,38.6853185772312],[-8.98590892143524,38.6852725150934],[-8.98673772464911,38.6852850778665],[-8.98701935596102,38.6853625445503],[-8.98747533180208,38.685414887329],[-8.98781865501937,38.686252364448],[-8.98779451535584,38.6865203546015],[-8.98778378556661,38.6867757823422],[-8.98798495204529,38.6868323109504],[-8.98871987674752,38.6868637158966],[-8.98892908908575,38.6868867462567],[-8.98900419081109,38.6869411815368],[-8.98917048817321,38.6872447612712],[-8.98924290737057,38.6873389756016],[-8.98935019582578,38.6874185343686],[-8.98961573443622,38.687441564527],[-8.99002611308337,38.6874352836935],[-8.99134576017867,38.6872698856224],[-8.99169981089635,38.6873473499256],[-8.99198333603013,38.6873327359843],[-8.99231135444806,38.6873975973427],[-8.99251788494186,38.6873473499834],[-8.99259298716422,38.6872217316891],[-8.99271368605295,38.68694746216],[-8.99290412302154,38.6866899418389],[-8.99366318845449,38.6864952307705],[-8.99386435334769,38.6863905472681],[-8.99415403238067,38.6862795817194],[-8.99425327411134,38.6862021153048],[-8.99405479101096,38.6859529674904],[-8.99390995138372,38.6858587514588],[-8.99377584088999,38.6858105962303],[-8.99366855290616,38.6855719149391],[-8.99364709471418,38.685243203743],[-8.99349152718035,38.6849793956455],[-8.99319648436696,38.6847134928274],[-8.99310528872307,38.6845166825726],[-8.9929926354168,38.6844078086332],[-8.99271676779391,38.6838822795251],[-8.99276221800774,38.6835796678916],[-8.99276682957436,38.6835796357939],[-8.99305650830727,38.6834246976129],[-8.99337569059935,38.6819862683212],[-8.99364927567227,38.6818920466996],[-8.99363854727028,38.6818376073048],[-8.99390408565932,38.6817077914557],[-8.99388799267955,38.6816638210546],[-8.9944163875143,38.6816261325604],[-8.99437071611304,38.6808809633434],[-8.99375456946369,38.6807716505571],[-8.99390328229359,38.6804603260895],[-8.9938209418916,38.6804376815204],[-8.994539486988,38.6790425755904],[-8.99454328276205,38.6790338548883],[-8.99477235016167,38.6789325764731],[-8.99477783215693,38.6789541742564],[-8.99479465589124,38.6790227716117],[-8.99523453814032,38.6794666753727],[-8.99549739480227,38.679784943715],[-8.99558322481426,38.6799566414318],[-8.99571197127387,38.6800236447907],[-8.99652736284776,38.6801702145465],[-8.99666147292747,38.6801325256695],[-8.99674730378973,38.6799943303692],[-8.99682777001313,38.6797062334059],[-8.99690823631616,38.6795554744774],[-8.9971871856053,38.6793460860611],[-8.99908082567351,38.6782530716915],[-8.99933295267962,38.6780897465163],[-8.99992303935646,38.6775913915319],[-9.00034315434214,38.677346150316],[-9.0005204412007,38.6772434430241],[-9.00050703559092,38.6764354497418],[-9.00050703113697,38.6764351759309],[-9.00097378490744,38.6762425185758],[-9.00150573806762,38.6762903813476],[-9.00140937129305,38.6768446534338],[-9.00175269426539,38.676681324233],[-9.00189082906949,38.6766771363529],[-9.00234546242016,38.6769723840592],[-9.00293554954074,38.6802325923732],[-9.00326277957366,38.6811245694499],[-9.00304283791394,38.6824897336617],[-9.00120820566994,38.6828289271301],[-9.00026943284462,38.6824604207693],[-8.99853672578777,38.6829043031148],[-8.99670209602727,38.6828875525665],[-8.99665945267437,38.6829790925474],[-8.99716343617972,38.6831848684791],[-8.99712588425137,38.6833063073449],[-8.99680938457568,38.6837124962488],[-8.99686908060096,38.6839053340258],[-8.99802174242192,38.6842610582931],[-8.99852599673402,38.6845960552099],[-8.99872984569931,38.6846044300897],[-8.99910535507893,38.6845164936163],[-9.00099362989681,38.6854251669952],[-9.00110628343724,38.6853916678465],[-9.0022059880267,38.6833063068153],[-9.0023400988127,38.6832769942846],[-9.00442149259522,38.6836873715469],[-9.00450970202664,38.6835326043353],[-9.00450972116886,38.6835325717639],[-9.00555040465108,38.6838047563729],[-9.00543238699939,38.6840225064163],[-9.00570597247314,38.6841355678963],[-9.00575425299934,38.6845291909606],[-9.00564160014682,38.6846883139667],[-9.00675739877761,38.6847218131286],[-9.00703634814185,38.6846925012528],[-9.00745078743034,38.6849111247075],[-9.00804809737824,38.6852907317468],[-9.00805558773122,38.6852954913864],[-9.00803684669656,38.6853674227158],[-9.00802550553025,38.6854774538942],[-9.00802543889153,38.6854775498776],[-9.00757757720333,38.6861223112296],[-9.00729862736022,38.6866415428325],[-9.00729759324924,38.6866441142412],[-9.00713024454379,38.6870603116763],[-9.00708654345364,38.6871700044772],[-9.00709770255492,38.687165649482],[-9.00673511980241,38.6873486238003],[-9.00667477040691,38.6873878797656],[-9.00653931870717,38.6877186754735],[-9.00603255305804,38.6882577598256],[-9.00593313972912,38.6883635119873],[-9.00456521340781,38.6891842063786],[-9.00380346495942,38.6895149929263],[-9.00339040496325,38.6896447949973],[-9.00293979457833,38.689678292921],[-9.00256428462588,38.6896699182503],[-9.00225851262341,38.6896071111668],[-9.00178107964981,38.689200954844],[-9.00150212998757,38.6891213979115],[-9.00126073107216,38.6889078512178],[-9.0013197399313,38.6887340815381],[-9.00137874851233,38.6885603118268],[-9.00158796078875,38.6882420827172],[-9.00115880723359,38.6874381273585],[-9.00089058681298,38.6868686536006],[-9.00050971227342,38.6866927856271],[-9.00045070468753,38.686730471409],[-8.99992499075529,38.6865127299926],[-8.99989816910517,38.6864499195744],[-8.99961189039006,38.6863157140042],[-8.9980581733493,38.6855873205508],[-8.99803671556269,38.685511947977],[-8.99828347926757,38.6850345824434],[-8.99694150102702,38.6845952924434],[-8.99662050962097,38.6844902143797],[-8.99639670513288,38.6841594034225],[-8.99582271262251,38.6839835293741],[-8.99558667852523,38.683941654472],[-8.99525408506681,38.6837657797123],[-8.99498049940815,38.6836317788824],[-8.99491076164898,38.6834600910688],[-8.99490539750873,38.683296777417],[-8.99510924558315,38.6830287746513],[-8.9950851048965,38.68267283232],[-8.99511460943267,38.6826414254852],[-8.99553839885306,38.6825765176867],[-8.99635647280194,38.6826267693625],[-8.99752859746941,38.6824592657772],[-8.99756614893596,38.6823755145149],[-8.99754737352808,38.6822540738932],[-8.99756883072836,38.6821514779131],[-8.99772708089663,38.6820656317672],[-8.99781023015268,38.6820865704753],[-8.99805162837143,38.6820111934313],[-8.99811063687221,38.6819400035137],[-8.99819110303411,38.6818520638739],[-8.99829034518145,38.6818269387052],[-8.99845932437071,38.6818771899991],[-8.99862293946369,38.6818792833504],[-8.99922375403067,38.6817264353451],[-8.99934713547156,38.6815589299408],[-8.99951879736144,38.6815903375822],[-8.99964754237243,38.6815798685257],[-8.99963949572554,38.6813390789858],[-8.99885897398634,38.6812678889176],[-8.99843518494593,38.681334891372],[-8.99827156986845,38.6813348912159],[-8.99800871310363,38.6813642045693],[-8.99795506913554,38.6813558292805],[-8.99773819064261,38.6811575134738],[-8.99754507190761,38.6810088521922],[-8.99732781270682,38.6808078432182],[-8.99723661787936,38.6806780251181],[-8.99716956191123,38.6806047412894],[-8.99667603535523,38.6805335498023],[-8.99650437445837,38.680587989798],[-8.99642390812823,38.6807827174781],[-8.99646145872594,38.6809334741389],[-8.99641854319778,38.6810004764202],[-8.99634612387694,38.6810109459442],[-8.99616105131458,38.6808141246435],[-8.9960832677136,38.6808057500788],[-8.99609399658384,38.6809502244091],[-8.99591697028762,38.6810821360768],[-8.99578554261086,38.6811198250342],[-8.99571848673943,38.6811261064128],[-8.99562997381523,38.6814736815157],[-8.99557632991672,38.6815951224046],[-8.99542076238048,38.6817019075331],[-8.99522764309587,38.681783565773],[-8.99512035421172,38.6818086918093],[-8.99491382417269,38.681817067255],[-8.99418426319446,38.6820704176283],[-8.99378193173222,38.6823719239716],[-8.99362099982344,38.6825017391575],[-8.99354589812641,38.6827236809241],[-8.99347079582537,38.6829812160235],[-8.99335277906706,38.6831926862663],[-8.99321330388099,38.6834271882685],[-8.99323476135834,38.683517220527],[-8.99331254613964,38.6836512209736],[-8.99344933871755,38.6836930955647],[-8.99357003773049,38.6837768459737],[-8.99363977489457,38.6838668769217],[-8.99366123271107,38.683948533436],[-8.99367124536563,38.6842361623904],[-8.99367464360804,38.6843337814798],[-8.99392677155543,38.6849430566628],[-8.99410916209692,38.6851356781343],[-8.99427814122474,38.6852801439413],[-8.99450076449797,38.6854162350751],[-8.99470729460366,38.6855041704021],[-8.99548513458162,38.6856716664648],[-8.99606756328318,38.685785682627],[-8.99634075970598,38.6858391623922],[-8.99656874766149,38.6859166290466],[-8.9967672303541,38.6859940951683],[-8.99686915443164,38.6860736551167],[-8.99693084525693,38.6861343719489],[-8.99695498513166,38.6861762457334],[-8.99697107888334,38.6862390559176],[-8.99769734386761,38.686921592648],[-8.99769734456111,38.6870430251227],[-8.99713944486785,38.6875873732805],[-8.99671565563294,38.6874324437635],[-8.99496149138211,38.6881484674025],[-8.99473082087423,38.6882698971722],[-8.9944625998969,38.6883243312635],[-8.99341653862351,38.6884834463165],[-8.99317782224729,38.6885085699355]]]}},{"type":"Feature","id":"CRUS_Moita_V.380059","properties":{"Area_Ha":0.754533789600909,"Autor":"DGT","Categoria":"Área de Edificação Dispersa","Classe":"Solo Rústico","DTCC":"1506","Data_PublicacaoPDM":"2025-04-14T00:00:00","Designacao_PlantaOrdenamento":"Solo Rústico - Áreas de Edificação Dispersa","Escala_PlantaOrdenamento":"1/12000","Fonte":"CM - Vectorial e Raster","ID":380059,"Municipio":"MOITA"},"geometry":{"type":"Polygon","coordinates":[[[-8.98269082550317,38.6298794580991],[-8.98276602300133,38.6299368360554],[-8.98359149219949,38.6309587804935],[-8.9822804424198,38.6311162648964],[-8.98233565951159,38.630981341495],[-8.98240258657201,38.6308178054046],[-8.98242379989604,38.6307476527357],[-8.98249435467676,38.6305143264043],[-8.98261840566623,38.6301040785745],[-8.98268585827246,38.6298948647202],[-8.98269082550317,38.6298794580991]]]}},{"type":"Feature","id":"CRUS_Moita_V.380060","properties":{"Area_Ha":29.2263599117074,"Autor":"DGT","Categoria":"Espaço Natural e Paisagístico","Classe":"Solo Rústico","DTCC":"1506","Data_PublicacaoPDM":"2025-04-14T00:00:00","Designacao_PlantaOrdenamento":"Solo Rústico - Espaços Naturais e Paisagísticos - Proteção à Rede Hídrica","Escala_PlantaOrdenamento":"1/12000","Fonte":"CM - Vectorial e Raster","ID":380060,"Municipio":"MOITA"},"geometry":{"type":"Polygon","coordinates":[[[-9.01751723652825,38.6487060809484],[-9.0175172642301,38.6487060557079],[-9.01693239599222,38.64789866548],[-9.01661688564344,38.6474560814004],[-9.01611865488133,38.6467798906585],[-9.01617269916699,38.6467059381802],[-9.01630572960809,38.6465238988587],[-9.01640026342315,38.6463945391569],[-9.01647487054701,38.6462924432203],[-9.01649479664517,38.6462650649795],[-9.01655750142868,38.6460997574202],[-9.01655752260953,38.6460997050135],[-9.0162881547457,38.6452595572501],[-9.01604375268611,38.6438154844596],[-9.0156284009433,38.6429510716215],[-9.01550761107883,38.6423431752702],[-9.01492672834032,38.64118067809],[-9.01403229246504,38.6395296903035],[-9.01247389763703,38.6389463929804],[-9.01255228304151,38.6386799538312],[-9.01265888854338,38.6383175817417],[-9.01265669176735,38.6383187386803],[-9.01272257441143,38.638123638267],[-9.01279793346775,38.6378774502151],[-9.01281891804713,38.6376886903247],[-9.01281948408526,38.6376836019099],[-9.01282919295977,38.6375962613585],[-9.01292620783696,38.6367235805404],[-9.0129291743389,38.6366968934192],[-9.01316643807116,38.6362435734833],[-9.01357201470893,38.6349976590751],[-9.0135720567933,38.6349975317445],[-9.01345098751103,38.6343642676746],[-9.0116340507064,38.6340304391923],[-9.01163392984335,38.6340304166789],[-9.01179082668069,38.6336233638855],[-9.01207348371572,38.6329109595042],[-9.01258707304207,38.632551955109],[-9.01288792113532,38.6320042977228],[-9.01320277586398,38.6312789649781],[-9.01339420236834,38.6310492193485],[-9.01379514780554,38.6307455983923],[-9.01409069413021,38.6297667380674],[-9.01462200339861,38.6282153382677],[-9.01467803153408,38.6275046371969],[-9.01495737074809,38.6272282257504],[-9.01495773566926,38.6272282049837],[-9.01514544843103,38.6272176989944],[-9.01520544340794,38.6272226172982],[-9.0155667688759,38.6273174564343],[-9.01554426293838,38.6275684924958],[-9.01553545246838,38.6276667471306],[-9.01553327837729,38.6276909916874],[-9.01553555159293,38.6276999420955],[-9.01546251907575,38.6284801926006],[-9.01543667879738,38.6287562484858],[-9.01527089825159,38.6289807866133],[-9.01475329008828,38.6296818332822],[-9.01455571213723,38.6301043609278],[-9.01443883849361,38.6303556328979],[-9.0145370274229,38.630519721345],[-9.01465073121149,38.6307097396801],[-9.01453874982314,38.631041907108],[-9.01446565970161,38.6312587076512],[-9.0142054856364,38.632369201355],[-9.01391044303321,38.6331549181958],[-9.01436641685596,38.6335194879334],[-9.0145074722586,38.6339145313749],[-9.01454348116308,38.6340197654272],[-9.01454546789654,38.6340255714805],[-9.01421862390893,38.6349216297494],[-9.01406139922499,38.6360575218758],[-9.01405228246026,38.6361233855302],[-9.01402530443442,38.6363182757628],[-9.01415910819601,38.6370151752333],[-9.01417956401227,38.6371217254458],[-9.01427631414625,38.6374686751575],[-9.01428622396801,38.6375039797324],[-9.01428616924142,38.6375040125737],[-9.01438326279999,38.6378499389686],[-9.01447241675711,38.6382869516703],[-9.0150124603539,38.6390488256698],[-9.01580737088094,38.640093267135],[-9.01621061617488,38.6410859533319],[-9.01818804688243,38.6458839586346],[-9.01856029005761,38.646812353428],[-9.0187209615634,38.6471813908862],[-9.0187387381319,38.6472250399726],[-9.01882329783625,38.6473702438193],[-9.01888542126153,38.647463239238],[-9.01894711234885,38.6475522680443],[-9.01900494096119,38.6476361031955],[-9.0190052162656,38.6476365389022],[-9.01907395593685,38.6477453409923],[-9.01913283640523,38.6478407821984],[-9.01915379305821,38.6478761404335],[-9.01918811558862,38.647934051785],[-9.01922894840925,38.6480032999939],[-9.01923328333844,38.6480106510607],[-9.01928133218805,38.6480893102534],[-9.01851277629502,38.6484162051117],[-9.0185130556305,38.6484168749985],[-9.01853874670516,38.6484784298686],[-9.01853803387644,38.6484786577632],[-9.01801821018257,38.6486449516288],[-9.01801812682335,38.6486449918949],[-9.01796151792577,38.6486724325803],[-9.01762947035888,38.6488358673775],[-9.01752505881716,38.6487087289198],[-9.01751723652825,38.6487060809484]]]}},{"type":"Feature","id":"CRUS_Moita_V.380061","properties":{"Area_Ha":14.7796771539703,"Autor":"DGT","Categoria":"Espaço de Atividades Industriais","Classe":"Solo Rústico","DTCC":"1506","Data_PublicacaoPDM":"2025-04-14T00:00:00","Designacao_PlantaOrdenamento":"Solo Rústico - Espaços de Atividades Industriais","Escala_PlantaOrdenamento":"1/12000","Fonte":"CM - Vectorial e Raster","ID":380061,"Municipio":"MOITA"},"geometry":{"type":"Polygon","coordinates":[[[-8.95710277515175,38.6218096323197],[-8.95724670996649,38.6219653543474],[-8.95730152048305,38.6220246534207],[-8.95769398173144,38.6224739052335],[-8.95780353864162,38.6226072163452],[-8.95805382441041,38.622911769686],[-8.9586417868413,38.6235665769907],[-8.9587075175653,38.6236397798403],[-8.95876283496583,38.6237051118712],[-8.95947010945502,38.6245404189918],[-8.95987953319653,38.6249642359441],[-8.96075823494519,38.6258330578934],[-8.96104347745926,38.6261074899601],[-8.96121400347133,38.6262715514983],[-8.96132315308215,38.6263765639524],[-8.96175187034254,38.6267610098974],[-8.96175190051851,38.6267610376088],[-8.9618012618351,38.626805300705],[-8.96182975476991,38.6268308512978],[-8.96186529452471,38.6268610370902],[-8.96249232461264,38.6273936046947],[-8.96247951718824,38.6273958150954],[-8.96247884811343,38.6273952532277],[-8.96247762844082,38.6273961401653],[-8.96132792081526,38.6282328152638],[-8.96089866660894,38.6285451883358],[-8.96026197972246,38.628024264097],[-8.95979497914801,38.6276384591198],[-8.95979376528584,38.6276374551842],[-8.95947744859903,38.6274667240109],[-8.95920505442416,38.6273196983987],[-8.9585881468365,38.6269824485095],[-8.95788248561966,38.6266162978082],[-8.9585135051512,38.6257040605352],[-8.95885362450993,38.6252123537241],[-8.95858720200709,38.6250675067355],[-8.95837616673494,38.6249324206207],[-8.95810383801255,38.624758098156],[-8.95704679996976,38.6240814553929],[-8.95631723648391,38.6236130453465],[-8.95618756475628,38.6235299460423],[-8.95585765788781,38.6233592770384],[-8.95543453530718,38.6231873822892],[-8.95538976123936,38.6231703950579],[-8.95521720558618,38.623101921671],[-8.95500494713353,38.6230154476398],[-8.95437838886587,38.6227641849291],[-8.95522321537795,38.6222771865658],[-8.95617330403434,38.6218198313672],[-8.95640204055806,38.6220663467943],[-8.95710277515175,38.6218096323197]]]}},{"type":"Feature","id":"CRUS_Moita_V.380062","properties":{"Area_Ha":18.8187906479673,"Autor":"DGT","Categoria":"Área de Edificação Dispersa","Classe":"Solo Rústico","DTCC":"1506","Data_PublicacaoPDM":"2025-04-14T00:00:00","Designacao_PlantaOrdenamento":"Solo Rústico - Áreas de Edificação Dispersa","Escala_PlantaOrdenamento":"1/12000","Fonte":"CM - Vectorial e Raster","ID":380062,"Municipio":"MOITA"},"geometry":{"type":"Polygon","coordinates":[[[-9.01182301386717,38.6387511849303],[-9.01182579425562,38.6387498522536],[-9.0118260408426,38.6387497296932],[-9.01233819492402,38.6384863742744],[-9.01265669176735,38.6383187386803],[-9.01265888854338,38.6383175817417],[-9.01255228304151,38.6386799538312],[-9.01247389763703,38.6389463929804],[-9.01403229246504,38.6395296903035],[-9.01492672834032,38.64118067809],[-9.01550761107883,38.6423431752702],[-9.0156284009433,38.6429510716215],[-9.01604375268611,38.6438154844596],[-9.0162881547457,38.6452595572501],[-9.01655752260953,38.6460997050135],[-9.01655750142868,38.6460997574202],[-9.01649479664517,38.6462650649795],[-9.01647487054701,38.6462924432203],[-9.01640026342315,38.6463945391569],[-9.01630572960809,38.6465238988587],[-9.01617269916699,38.6467059381802],[-9.01611865488133,38.6467798906585],[-9.01604099009366,38.6466744835356],[-9.01603465071051,38.6466658791414],[-9.01446565405621,38.6455663917609],[-9.01442124110156,38.64553595753],[-9.01440206203057,38.6455228151281],[-9.01438323197703,38.6455088143275],[-9.01392746921628,38.6451962224587],[-9.01347171156773,38.6448836296428],[-9.01256020811724,38.644258437593],[-9.0121332706584,38.6439666043804],[-9.01211030174883,38.6439093478408],[-9.0121108551888,38.6438498183725],[-9.0123897344187,38.6432879341657],[-9.01274159411989,38.6425754846367],[-9.01269592476256,38.6422892831499],[-9.01265822849505,38.6420455830123],[-9.01265398266887,38.6420165891321],[-9.01262140354226,38.6417941176498],[-9.01246933063463,38.6408561064128],[-9.01246249331547,38.6408212461252],[-9.01245158516768,38.640760325457],[-9.01157669624859,38.6395320520385],[-9.01147942855208,38.6393912313254],[-9.01133885557253,38.6391969673377],[-9.01203891089984,38.6390283150235],[-9.0118229927382,38.638751243425],[-9.01182299034175,38.6387512444917],[-9.01182301386717,38.6387511849303]]]}},{"type":"Feature","id":"CRUS_Moita_V.380063","properties":{"Area_Ha":0.938006481673801,"Autor":"DGT","Categoria":"Espaço Natural e Paisagístico","Classe":"Solo Rústico","DTCC":"1506","Data_PublicacaoPDM":"2025-04-14T00:00:00","Designacao_PlantaOrdenamento":"Solo Rústico - Espaços Naturais e Paisagísticos - Proteção à Rede Hídrica","Escala_PlantaOrdenamento":"1/12000","Fonte":"CM - Vectorial e Raster","ID":380063,"Municipio":"MOITA"},"geometry":{"type":"Polygon","coordinates":[[[-9.02625810661553,38.6448308878667],[-9.02625821860043,38.6448308410706],[-9.02602194807782,38.6446107069308],[-9.02585287557167,38.6443097400305],[-9.02563696914651,38.6439254020876],[-9.02553703561343,38.6435274470368],[-9.02527249890604,38.6424740028726],[-9.02527246748187,38.6424738769994],[-9.02538354234632,38.6418392351393],[-9.02538358307313,38.6418389997182],[-9.02511221215887,38.6413945674669],[-9.02506382699014,38.6413153249276],[-9.02485860948504,38.6409792302651],[-9.02469372483501,38.6408218748373],[-9.02476963324113,38.6408345417379],[-9.02491433496233,38.6408586874199],[-9.02505365839237,38.6408819352891],[-9.02561946926205,38.6418159826825],[-9.02554164445543,38.6422606586075],[-9.0255052549445,38.6424685774559],[-9.0255052863579,38.6424687024283],[-9.0258586297359,38.6438731457259],[-9.02621887382874,38.644514419024],[-9.02628530317696,38.6445765727927],[-9.02641777171957,38.6447005129615],[-9.02643836494241,38.6447201734294],[-9.02648257020027,38.644762376398],[-9.0264837465622,38.644763499727],[-9.02626049717704,38.644832389274],[-9.02626058898371,38.6448324750504],[-9.02626009580446,38.644832626548],[-9.02626000426932,38.6448326551719],[-9.02625810661553,38.6448308878667]]]}},{"type":"Feature","id":"CRUS_Moita_V.380064","properties":{"Area_Ha":66.4784021797972,"Autor":"DGT","Categoria":"Espaço Agrícola","Classe":"Solo Rústico","DTCC":"1506","Data_PublicacaoPDM":"2025-04-14T00:00:00","Designacao_PlantaOrdenamento":"Solo Rústico - Espaços Agrícolas","Escala_PlantaOrdenamento":"1/12000","Fonte":"CM - Vectorial e Raster","ID":380064,"Municipio":"MOITA"},"geometry":{"type":"Polygon","coordinates":[[[-8.97489287570368,38.6661168235957],[-8.97489062197162,38.6661119646575],[-8.97468595341358,38.6658179472107],[-8.97428262385849,38.665742055152],[-8.9741292596237,38.6655265719675],[-8.97412918369337,38.6655264653177],[-8.97425185629598,38.6652696517214],[-8.97369009724105,38.6645449160705],[-8.97335876668587,38.6641730093228],[-8.97294652242198,38.6640234150553],[-8.97287873019528,38.6639988143672],[-8.97287801827574,38.6639985555425],[-8.97226995739419,38.663550453035],[-8.97210820692657,38.6637139818627],[-8.97212919298787,38.663463964893],[-8.97215634688543,38.6632021778738],[-8.9721622829432,38.6631004361033],[-8.97216215060019,38.6629418078277],[-8.97214114151594,38.6628153025143],[-8.9720864883588,38.6626708485497],[-8.9720800507995,38.6625720745045],[-8.97208335073791,38.6624023425811],[-8.97207615013247,38.6622382682669],[-8.97208100945429,38.6620448321469],[-8.97202557937229,38.6617058086782],[-8.97202401862708,38.6615722330207],[-8.97202785963137,38.6614289736851],[-8.97204133825953,38.6611078332776],[-8.97205087290957,38.6609601236462],[-8.97206506091431,38.6608370645276],[-8.97206546973539,38.6606754587475],[-8.97208536446315,38.6603528273818],[-8.97208724860366,38.6602289511905],[-8.9720740169086,38.6599972460931],[-8.97207519248683,38.6597462666844],[-8.97209771194589,38.6594134751617],[-8.97211624517124,38.6591805729206],[-8.97211718917636,38.659064546771],[-8.97212298795656,38.6588922691602],[-8.97214049097297,38.6587584666148],[-8.9721546889156,38.6586363036736],[-8.97218965904093,38.6583644641229],[-8.9722096218638,38.6582544207028],[-8.97225846016201,38.6578323135458],[-8.97232684495212,38.6573988492565],[-8.97237680745471,38.6571089093166],[-8.97243117207724,38.6568446783117],[-8.97249209056717,38.6564388258227],[-8.97255015611883,38.6562311181371],[-8.97258398307062,38.6561473669637],[-8.97260229111897,38.6559837436066],[-8.97261875240421,38.6558685924099],[-8.97262541212645,38.6557605378514],[-8.97201498235166,38.6556364713232],[-8.97105583638903,38.6554481531131],[-8.97074382596845,38.655379224983],[-8.9700546209676,38.6552277863484],[-8.96971572109694,38.6551582443395],[-8.96945868731247,38.6551046845769],[-8.96940292582799,38.655090265881],[-8.9694106326365,38.6546944482922],[-8.96940323741041,38.6544113548887],[-8.96937864537011,38.6540608139506],[-8.96935622205852,38.6538968777679],[-8.96888782117888,38.6541962434166],[-8.9683581320444,38.6545185668277],[-8.96789781719969,38.6548082168209],[-8.96751135188296,38.6550539355282],[-8.96719158424603,38.6552269209177],[-8.96682666070744,38.655428690104],[-8.96653788936965,38.6555409230261],[-8.96612210329089,38.6556564857199],[-8.96565285760997,38.6557958061048],[-8.96559676443395,38.6558107731931],[-8.9666322321029,38.6543416499059],[-8.96721914271022,38.6535842559624],[-8.9673503569615,38.6534186606983],[-8.96816680063574,38.6525484100948],[-8.96838783377143,38.6525686405194],[-8.96839351605717,38.652568883698],[-8.96886099544959,38.652588871009],[-8.97185718000187,38.6523582796465],[-8.97309636066381,38.6522828711472],[-8.97306953815677,38.6527520763816],[-8.97291255243307,38.6537600990268],[-8.9729125516144,38.6537621934097],[-8.97274863843412,38.6548725953092],[-8.97451353164641,38.6548893525995],[-8.97456181144746,38.6551700273689],[-8.97491049946036,38.6557648886308],[-8.97492333012512,38.6557951832111],[-8.97493694406418,38.6558273233107],[-8.97514116901368,38.6563094749193],[-8.97666863891357,38.6563346095324],[-8.97675983338878,38.6558654278172],[-8.97606807962207,38.6559141600287],[-8.97597915116848,38.6556423302157],[-8.97754840305846,38.6555763771159],[-8.97766933609618,38.6558632541212],[-8.97771685327938,38.6559956142691],[-8.97774053824791,38.6560618290968],[-8.97775670677471,38.6561070310291],[-8.97776784611434,38.6561381734521],[-8.97777367588891,38.6561544692854],[-8.97778017206952,38.6561726312817],[-8.97778573700023,38.6561881894645],[-8.97779135063889,38.6562038842179],[-8.97779720301173,38.6562202447448],[-8.97780297701166,38.656236387842],[-8.9778083067408,38.65625128653],[-8.97781187614764,38.6562612660133],[-8.97781306631895,38.656264591304],[-8.97781826066553,38.656279113531],[-8.97782165426707,38.6562886006415],[-8.97782300245593,38.6562923706903],[-8.97782855669685,38.6563078974196],[-8.97783339944381,38.6563214358018],[-8.97783778368919,38.6563336920437],[-8.97784835056375,38.6563632333543],[-8.97793998569392,38.656619423946],[-8.97861055796062,38.6563136642768],[-8.97877907297441,38.6564746326964],[-8.97878524830789,38.6564805306709],[-8.97878536683334,38.6564806451172],[-8.97908681776044,38.656768594356],[-8.97914982193081,38.6568287764561],[-8.97917324665079,38.6568511524085],[-8.97921137268954,38.6568875700819],[-8.97927564230868,38.6569285494743],[-8.97927993320656,38.6569312857111],[-8.97931487268987,38.6569535630212],[-8.97934665335611,38.6569738273511],[-8.97939698434853,38.6570059192692],[-8.97946817496913,38.6570513119757],[-8.97954323177906,38.6570991691926],[-8.97960606298001,38.6571392309787],[-8.97965756445793,38.6571720691879],[-8.97970218451654,38.6572005189068],[-8.97977737590822,38.6572484614743],[-8.97978917800376,38.6572559869591],[-8.97979609419709,38.6572603967888],[-8.97841319242737,38.6588686401056],[-8.97848129569667,38.6589096931007],[-8.97848323508806,38.6589107780676],[-8.97858837919491,38.6589736528549],[-8.97871421638713,38.6590489027592],[-8.9782601142684,38.6596063039792],[-8.97808941972107,38.6598158261157],[-8.97797507542307,38.6599537682978],[-8.97788340559168,38.6600653610735],[-8.97776598203357,38.661050641449],[-8.97794611728923,38.6611930379465],[-8.9780087056871,38.6612425139262],[-8.97850643554057,38.6616604874606],[-8.9786351532663,38.6617685788739],[-8.97864590805001,38.6617773623552],[-8.97921510776557,38.6622537315248],[-8.97921522496176,38.6622538297656],[-8.9792153444768,38.6622539297913],[-8.97921481588329,38.6622547029031],[-8.97921467809153,38.6622549047795],[-8.97921462126965,38.6622548601503],[-8.9792144266666,38.6622550182982],[-8.97918068451566,38.662282379333],[-8.97865813061299,38.662687573324],[-8.97865794012617,38.662687690905],[-8.97838375896616,38.6628569955215],[-8.97764314110599,38.6633143120855],[-8.97751983603344,38.6635554886349],[-8.97738818970125,38.6638129784928],[-8.97734546911489,38.6638126175573],[-8.97711119912425,38.6634251854743],[-8.97705259960346,38.6631156302724],[-8.97696179043172,38.6626234870795],[-8.97721998003258,38.6608055129132],[-8.97740677307982,38.6594902056961],[-8.97718340724122,38.6594764572427],[-8.97673198242158,38.6626321873278],[-8.97682804086858,38.6631568569651],[-8.9768865890615,38.66347415958],[-8.97691115798203,38.663516758894],[-8.97699206943343,38.6636570476388],[-8.97597054256725,38.6632921086252],[-8.97529015157111,38.6629257785906],[-8.9743813733261,38.6605579127813],[-8.97390103831355,38.6598739757082],[-8.9743588187838,38.6585600720841],[-8.97436269461308,38.6585423604759],[-8.97458209795338,38.6575398177293],[-8.97454001728045,38.6562762300262],[-8.97431554569593,38.6562903108234],[-8.974354766512,38.6574997924186],[-8.97435427979859,38.6575020848688],[-8.97433093963101,38.6576120484504],[-8.97413613660283,38.6585298290184],[-8.97364249044857,38.6599145271732],[-8.97399586601915,38.660391498154],[-8.97416541218892,38.6606203414498],[-8.9742849942407,38.6609302110121],[-8.97467856443161,38.6619500389358],[-8.97509007417387,38.6630300361165],[-8.97584865432764,38.6634479110776],[-8.97624114827286,38.6635894293484],[-8.97654990782202,38.6637007552023],[-8.97655316850387,38.6637019306613],[-8.97654236040799,38.6638536367041],[-8.97651525820675,38.6639748022208],[-8.97651404096026,38.6639802428559],[-8.97650628007244,38.6640046484939],[-8.97646603709942,38.6641219767351],[-8.97639274885206,38.6642529886397],[-8.97622963354968,38.664492571753],[-8.97622961774039,38.6644925952879],[-8.97608732158615,38.6646691744183],[-8.97586679522584,38.6649428311769],[-8.97515937789812,38.6658335062666],[-8.97502279845647,38.6660050866955],[-8.9750198997377,38.6660087287986],[-8.97490456292774,38.6661336890341],[-8.97489287570368,38.6661168235957]]]}},{"type":"Feature","id":"CRUS_Moita_V.380065","properties":{"Area_Ha":83.7125664061383,"Autor":"DGT","Categoria":"Espaço Natural e Paisagístico","Classe":"Solo Rústico","DTCC":"1506","Data_PublicacaoPDM":"2025-04-14T00:00:00","Designacao_PlantaOrdenamento":"Solo Rústico - Espaços Naturais e Paisagísticos - Salinas e Viveiros","Escala_PlantaOrdenamento":"1/12000","Fonte":"CM - Vectorial e Raster","ID":380065,"Municipio":"MOITA"},"geometry":{"type":"Polygon","coordinates":[[[-9.02488393545965,38.6667315151917],[-9.02485121630172,38.6667112596887],[-9.02405623191636,38.6662222947141],[-9.02398175607019,38.666285854246],[-9.02382797193907,38.6664170978119],[-9.02377682329045,38.6663792851848],[-9.02357777789348,38.6662321376937],[-9.02357862879828,38.6662312637424],[-9.02357411640524,38.6662278939635],[-9.02345758514356,38.6661408618531],[-9.02339892168135,38.6660492535695],[-9.02319054584384,38.6657123061033],[-9.02304363553555,38.6654665040322],[-9.02301509027449,38.6653940642634],[-9.02297926295151,38.6653031503743],[-9.02284635351287,38.6651186573546],[-9.0227381905751,38.6649729500941],[-9.02261047940383,38.664839837791],[-9.02252042737455,38.6647459770251],[-9.02240478845377,38.6645444548815],[-9.02233553261432,38.6644193527327],[-9.02233016867996,38.6642172505918],[-9.0223419765108,38.6642042586173],[-9.02238917721887,38.664152326972],[-9.02243209260068,38.6641261476223],[-9.02248037156735,38.6640706477674],[-9.0225805192729,38.6638287583198],[-9.02258095548242,38.6638277055669],[-9.02259570714349,38.6637229885144],[-9.02260905108261,38.6637049907775],[-9.0226252111715,38.663683195455],[-9.02262697337249,38.6636556859364],[-9.02262787163,38.6636416463928],[-9.02262789274756,38.6636413102326],[-9.02265605546094,38.6635659132104],[-9.02269842858049,38.6634769996449],[-9.02267068805718,38.6634464779254],[-9.02263846688148,38.6634452204397],[-9.02259103763321,38.6634439867189],[-9.02257309009634,38.6634604151327],[-9.0225536216354,38.6634795584201],[-9.0225437106159,38.663555222889],[-9.02254182314621,38.6635696365815],[-9.02250451233555,38.6636601582641],[-9.02247232538812,38.6637722053005],[-9.02244775834064,38.6638322576797],[-9.02244096839053,38.6638481616421],[-9.02232846921723,38.6640269841618],[-9.02232697131266,38.6640283098216],[-9.02228405916389,38.6640628314465],[-9.02219256799201,38.6641122558953],[-9.02205338908224,38.6641874444703],[-9.02203402420599,38.6645362402895],[-9.02203327336548,38.6645497607449],[-9.02199317218926,38.6646374344037],[-9.02191040347262,38.6646968489074],[-9.02185541652877,38.6647774796555],[-9.02180445552255,38.6647994699369],[-9.02177029181174,38.6647920600766],[-9.02175493849652,38.6647881645515],[-9.02161804169678,38.6646958021095],[-9.02101454565515,38.6641531056977],[-9.02094569636941,38.6640799588503],[-9.02090319214444,38.6640348008292],[-9.02072557929826,38.6638554008773],[-9.02067926832457,38.6638096356937],[-9.02066838199193,38.663804874685],[-9.02061219928966,38.6637803181305],[-9.0200730901281,38.6639373892326],[-9.02002208300459,38.6639394317016],[-9.02000446375839,38.6639050384155],[-9.02000064498903,38.6638344615081],[-9.01999660323978,38.6637597786274],[-9.01999128300642,38.6636808329296],[-9.01996885048414,38.6636025295412],[-9.01985560149432,38.6636212556218],[-9.01983816758144,38.6636516232593],[-9.01978586379206,38.6636872276773],[-9.01971210306774,38.6637207373091],[-9.01966973600047,38.6637332102906],[-9.01963029611606,38.6637448215214],[-9.01960457078459,38.6637452299948],[-9.01960111317298,38.6637452850268],[-9.01959839992302,38.6637453281113],[-9.0195713524364,38.6637457583088],[-9.01943035645363,38.6637457584831],[-9.01925601334392,38.6637080593942],[-9.01885368205744,38.6635970606805],[-9.01794173141258,38.6635865885199],[-9.01763864174565,38.6635698335353],[-9.01740260693955,38.663481870354],[-9.01733373808769,38.6634372373373],[-9.01713438673714,38.6633080403475],[-9.01709825885041,38.663298891898],[-9.01693590184265,38.6632577765839],[-9.0168991177587,38.663209167025],[-9.01686616562598,38.6631656243462],[-9.01677419045719,38.6631062374634],[-9.01672669042106,38.6630755663382],[-9.01662516644409,38.6629932440487],[-9.01658917054833,38.6629640569675],[-9.0165872162882,38.6629624719017],[-9.01612587561157,38.6626734485432],[-9.01608564215392,38.6625833908575],[-9.01613674417773,38.662445729789],[-9.01613921745385,38.6624390604828],[-9.01613787468895,38.6624226210432],[-9.0161285580796,38.6623153101685],[-9.01616879151607,38.6622168746596],[-9.01614743133848,38.6621605852539],[-9.01614733396196,38.6621603274583],[-9.01604557701014,38.6621582346909],[-9.01604111212868,38.6621550354105],[-9.015989342965,38.6621165384919],[-9.01598908322245,38.6621163440773],[-9.015975671191,38.6620577020975],[-9.01593189487108,38.662032756867],[-9.01577718899783,38.6619446052516],[-9.01565695698501,38.6618570661921],[-9.01557945908967,38.6618006390464],[-9.01533322306192,38.661771539557],[-9.01517228950947,38.6617778221383],[-9.01367695797598,38.6620846511918],[-9.01347311081065,38.6621045476698],[-9.01316093456159,38.6621104929453],[-9.01308674168958,38.6621121014947],[-9.01303322883582,38.6621202555033],[-9.01241993120355,38.6624255723216],[-9.01242634282752,38.6624355870009],[-9.01244811112785,38.6624695818329],[-9.01238803994547,38.6625019759422],[-9.01220448642321,38.6625980508778],[-9.01216961710043,38.662767694711],[-9.01214816025501,38.6628137717477],[-9.01168413774538,38.6628870740917],[-9.01169754842427,38.6629436213101],[-9.01157416762421,38.6630022643455],[-9.01149232514536,38.6629933178701],[-9.01144386207319,38.6629880193594],[-9.01144005635206,38.6629876029412],[-9.01133294946597,38.6630900548186],[-9.01133276890522,38.6630902282279],[-9.01110746117996,38.6630315847976],[-9.01108303962849,38.6630326157745],[-9.01100822126797,38.663035773484],[-9.01069440302471,38.6631425866311],[-9.01067026608543,38.663087868235],[-9.01061206567324,38.6629559353551],[-9.01061125389011,38.6629540938965],[-9.01045305152828,38.6628975625676],[-9.0104182861865,38.6628468918808],[-9.01042312228197,38.6628344866672],[-9.01045568575617,38.662750940564],[-9.01045568466023,38.6626566939542],[-9.01043899893901,38.6626056597508],[-9.01038842752967,38.6624568208825],[-9.01038355313077,38.6624511130152],[-9.01030548504079,38.6623634854917],[-9.01006387839373,38.662452630176],[-9.01000798502683,38.6624630977008],[-9.00954641729597,38.6625456928811],[-9.00927819573952,38.6625519749334],[-9.0086206197627,38.6626787813445],[-9.00857839145883,38.6626708676831],[-9.00855402016263,38.6626663001587],[-9.00855286812922,38.6626642513448],[-9.00763400219234,38.6619990586158],[-9.00717266159698,38.6611277873276],[-9.00707610263338,38.660805246178],[-9.00699027047573,38.6606712028028],[-9.00693662814511,38.6604156823031],[-9.00696345006344,38.6602816385794],[-9.00675960236749,38.6598774101382],[-9.00681056264205,38.6596930986988],[-9.00675155566489,38.6596805318276],[-9.00671132235902,38.6595402032102],[-9.00676228414346,38.659445952422],[-9.00662549116119,38.6594480469407],[-9.00658525845176,38.6593684568275],[-9.00660135201209,38.6593140010049],[-9.00653429592016,38.6591778604839],[-9.00654234332744,38.659071042418],[-9.00651015670389,38.6590249633815],[-9.0065342958646,38.6589872628103],[-9.00651283896667,38.6589474678373],[-9.00629557984031,38.6587673426507],[-9.0062741225093,38.6586730912808],[-9.00619902031731,38.6586353902112],[-9.00614001178811,38.6586039727945],[-9.00616146965382,38.658520193622],[-9.00611855387768,38.6584824927682],[-9.00557540680023,38.658404996419],[-9.00548689331925,38.6583809096983],[-9.00539703921772,38.6583023657381],[-9.00538362835414,38.6581494676329],[-9.00539234428998,38.6581169520368],[-9.00557581329599,38.6582493054718],[-9.0058150310451,38.6583130400389],[-9.00609448217057,38.6583327911093],[-9.00614383139796,38.6583310310388],[-9.00630825575153,38.6583285776821],[-9.00655812671895,38.6585139650604],[-9.00678785314613,38.6587355129358],[-9.00693532577725,38.6588899929025],[-9.00701014355356,38.6589740041902],[-9.00728088550694,38.6593028637551],[-9.00748468814146,38.6595504111073],[-9.00735594222028,38.6596991171363],[-9.00736398817023,38.6597546204279],[-9.0074028808394,38.6598300207288],[-9.00768388866726,38.6602798031237],[-9.00807959640101,38.6602284794857],[-9.00835986736566,38.6601921267748],[-9.00838234132702,38.660195870795],[-9.0084185979514,38.6602044877138],[-9.00842044954486,38.6602049269621],[-9.00868062333137,38.6605546978638],[-9.00876108973691,38.6605840193094],[-9.00944773537563,38.6605190922035],[-9.00990443215497,38.660537826701],[-9.01082639095227,38.6605756422399],[-9.01095488677616,38.6605834607705],[-9.0110329206286,38.66058820875],[-9.0115613161711,38.6606950242181],[-9.01176511881166,38.6606759961893],[-9.01180394565126,38.6606721634506],[-9.01230901199473,38.6604372901843],[-9.01233879741068,38.660423438925],[-9.01238638948221,38.6604128894673],[-9.01255909616733,38.6603808591988],[-9.01333425616446,38.6604080869183],[-9.01346303862364,38.6603841435856],[-9.01350323491397,38.6603766706361],[-9.01379338977498,38.660281036873],[-9.01445005543378,38.6600645990187],[-9.01452247500126,38.6600415602333],[-9.01454989414195,38.6600291963562],[-9.01457148622142,38.6600194598923],[-9.01461769242368,38.6599986237805],[-9.01469748746983,38.6599478331765],[-9.01513669954398,38.6596038197953],[-9.01528690316757,38.6594236954343],[-9.01536100348542,38.6592452853501],[-9.01541565007697,38.6591137142491],[-9.01580071109789,38.6588172044742],[-9.01586677623344,38.6589482449398],[-9.01598033935549,38.6591791665511],[-9.01600208358568,38.6593461718675],[-9.01601395019338,38.6594373094383],[-9.01606365599312,38.6595388404061],[-9.01617236824896,38.6597609038794],[-9.01627999251217,38.6601274320015],[-9.01633035569364,38.6602437824091],[-9.0164522086535,38.6605317924092],[-9.01656209215396,38.660967624518],[-9.01657151017213,38.6610049808844],[-9.01660269297608,38.6610403892602],[-9.01672188557114,38.6611683632913],[-9.01689068813313,38.6612266274823],[-9.01708569994399,38.6612914655945],[-9.01721045445105,38.6613135697464],[-9.01722593513317,38.6613158506714],[-9.01722958489559,38.6613163887883],[-9.01723206414465,38.6613207749787],[-9.0181637689367,38.6618571294779],[-9.01830838071549,38.6619403161242],[-9.01836864434948,38.6621076428178],[-9.01838068761207,38.6621410831813],[-9.01867980735266,38.6624151799819],[-9.01885267086469,38.6625722737544],[-9.01971969551695,38.6625031907641],[-9.01976484464266,38.6624650129652],[-9.01976887582537,38.662460605402],[-9.01960718042215,38.6622203066936],[-9.01960262657907,38.6622135392403],[-9.01972529384282,38.6621692321606],[-9.02078543225924,38.6620354453753],[-9.02148792949163,38.6619491277617],[-9.02207521420118,38.6618785205793],[-9.022292833569,38.6618532338192],[-9.02230088052986,38.6618071568998],[-9.0226264421476,38.6618164909789],[-9.02299490183969,38.6618270534703],[-9.02309216738924,38.6618207896886],[-9.02312268056054,38.6618185189911],[-9.02308418421202,38.661550441842],[-9.02306888106351,38.6612938887342],[-9.02308978850771,38.661034716203],[-9.02314019971349,38.6608142897216],[-9.02329466584825,38.6604729203394],[-9.02333300655899,38.6603629737066],[-9.02335351966372,38.6602006603085],[-9.02338523361574,38.6599760341288],[-9.02340242994297,38.659870528121],[-9.02346924996381,38.6597158018982],[-9.02353745526472,38.6596205496652],[-9.02372176202022,38.6595048533689],[-9.02376614790723,38.6594966477745],[-9.02384207606889,38.6594826142781],[-9.0239678740392,38.6595200412715],[-9.0243506377905,38.6599237859971],[-9.024376757681,38.6599513380278],[-9.02437691017863,38.6599514990104],[-9.02466718942559,38.6600804302504],[-9.02487788735082,38.66042041867],[-9.02511335933708,38.6606902802683],[-9.02529749104389,38.6609013024685],[-9.02551915289198,38.6608926041113],[-9.02556378841776,38.6608908528881],[-9.02559068518256,38.6609166907887],[-9.02574385332194,38.6610645445788],[-9.02588001811508,38.6614805277587],[-9.02588433864917,38.6614847465725],[-9.02588618221772,38.6617611043664],[-9.0258869939695,38.6618825552805],[-9.02582530314721,38.66236426407],[-9.02585338455738,38.662813765818],[-9.02586398568642,38.662960524822],[-9.02590879184586,38.6631446961202],[-9.0259473437277,38.6632952088878],[-9.02599495323419,38.663491553813],[-9.02635906272713,38.6640502189303],[-9.02642611847551,38.6642931604986],[-9.02644872886761,38.6643802017396],[-9.02648455724099,38.6645110156175],[-9.02652769102563,38.664597101064],[-9.0265387710749,38.6646177799334],[-9.02672425330384,38.6648018895971],[-9.02706942926123,38.6651432513144],[-9.02726057136328,38.6652804967186],[-9.02726064366731,38.6652805826429],[-9.02726363801708,38.6652827207771],[-9.02748559039641,38.6655497431092],[-9.02759577940549,38.66560709952],[-9.02764652340849,38.6656335139128],[-9.02767412833005,38.6656730290784],[-9.02772698818264,38.6657486993538],[-9.02777685976687,38.6657801513444],[-9.02786892265494,38.6658356121319],[-9.02802839097716,38.6658826714889],[-9.0281475335286,38.6658811346557],[-9.02815768181367,38.6658809065616],[-9.02922613459057,38.6656372428762],[-9.02935090376011,38.6655316982862],[-9.02947438588645,38.6646813789237],[-9.02948589096665,38.6643287598138],[-9.02945273963049,38.6641600385956],[-9.0293973188468,38.6638779742544],[-9.02932084732213,38.663503882108],[-9.02932686821984,38.6631566169983],[-9.02938268785793,38.6620440813219],[-9.02941436734263,38.6617839523675],[-9.02945296433811,38.6617209769071],[-9.02953202817382,38.6616951692135],[-9.02985389238405,38.6616805087073],[-9.02989220722575,38.661666429057],[-9.02998942499486,38.6616307054484],[-9.03020242708,38.6614428210066],[-9.03085932974925,38.6607363479696],[-9.03091886426944,38.6606397698993],[-9.03093071645636,38.6604725141682],[-9.03095493991285,38.6601306364392],[-9.03084563977613,38.6596368695128],[-9.03080071223703,38.6592436344143],[-9.03033400775496,38.6585807315519],[-9.03025729610075,38.6581138929838],[-9.03025627599447,38.658107360073],[-9.03047778757008,38.6580444602591],[-9.0307407891307,38.6579697789059],[-9.03074304549837,38.657969138234],[-9.03074572774565,38.6578937357006],[-9.03087447253732,38.6578884994226],[-9.03086374505719,38.6576717168872],[-9.03089861349281,38.6576664813267],[-9.0308905669714,38.6576057397418],[-9.03096700975551,38.6575491878541],[-9.0309428691897,38.6573344990501],[-9.03153295577694,38.6571543699604],[-9.03136665884709,38.6567270843742],[-9.03152759102858,38.6566830989454],[-9.03192187563765,38.656875796476],[-9.03211059191731,38.6572074850044],[-9.03226079760778,38.6571781614171],[-9.03238685980258,38.657249375488],[-9.03243245841971,38.6573184948822],[-9.03243514046954,38.657458828471],[-9.03249951426155,38.6576159173819],[-9.03279992174334,38.6581332608297],[-9.03297962916369,38.6581479226268],[-9.0330037687714,38.6581919069067],[-9.03296085282378,38.6582903489838],[-9.03297962969942,38.6584914205928],[-9.0332398034962,38.6592286773663],[-9.03331758698062,38.6593124560891],[-9.03343292221993,38.6596140590058],[-9.03358312486077,38.6598737717536],[-9.03359117145973,38.6603910995962],[-9.03347315539031,38.6611744141003],[-9.03325857941224,38.6614655368882],[-9.03320225249734,38.6614885751119],[-9.03131031471267,38.6619354478195],[-9.03094500327412,38.6630768818862],[-9.03095036740665,38.6631313347768],[-9.03095305005658,38.6632381466955],[-9.03086185545617,38.6634999407853],[-9.03082430358603,38.6635543933807],[-9.03059095103833,38.6642811276975],[-9.03056412916196,38.6643649000688],[-9.03061509015721,38.6645471062305],[-9.03066873574659,38.6645973692198],[-9.03077065861979,38.6645638599625],[-9.03093695629394,38.6647376878504],[-9.03099596549072,38.6647795743875],[-9.03115421576513,38.664754442219],[-9.03120785984077,38.6647481597901],[-9.03124809287006,38.6647732913162],[-9.03138220402075,38.6656089159518],[-9.0314197536424,38.6661471443405],[-9.03127759739237,38.6664487185175],[-9.03110593629986,38.6669136426272],[-9.03124540923015,38.6673157365301],[-9.03134196987206,38.667476992553],[-9.0313956147862,38.667675944279],[-9.03173242920175,38.668547135806],[-9.03171365322807,38.6686246211207],[-9.03058980763416,38.6694916128573],[-9.03053348189581,38.6695041779648],[-9.03046374407693,38.6694622942884],[-9.02999704023109,38.668890583276],[-9.02984415423535,38.6688214750057],[-9.02954374495824,38.6687104831339],[-9.02946328038432,38.668628808863],[-9.02914946173689,38.6680089249855],[-9.02925138544822,38.6677659958425],[-9.02934258015888,38.6676906034503],[-9.02943645673512,38.6676361539037],[-9.02929966555187,38.6674769926571],[-9.02914141492167,38.6674539564387],[-9.02862643139478,38.6674434850953],[-9.02855401175889,38.6675481966337],[-9.02841185421429,38.6675796095227],[-9.02827506111075,38.667439296369],[-9.02798001902056,38.6674958410042],[-9.02786736537674,38.6675461019789],[-9.02782176871904,38.6675858924229],[-9.02794246776088,38.6679042142703],[-9.02793173926781,38.6679796061236],[-9.02749453819791,38.6680926931688],[-9.02736311033947,38.668101070294],[-9.02683471485799,38.6680403378761],[-9.02663086759466,38.6680675628358],[-9.02638678684509,38.6681178237776],[-9.02603809869323,38.6681827444379],[-9.02569209357378,38.6682099693283],[-9.02550434003356,38.6681785560863],[-9.02547460595214,38.6681178238564],[-9.0253673175283,38.6680968817093],[-9.02475040798825,38.6681429539375],[-9.0246806720769,38.66801311332],[-9.02476650271267,38.6677827489767],[-9.0249757149266,38.6674728037302],[-9.02507227494227,38.6671963650571],[-9.02519565632239,38.6670120720015],[-9.02530294505393,38.6669241135918],[-9.02538877557409,38.6664675671392],[-9.02520638534997,38.6663712303608],[-9.02506690980073,38.6664759440646],[-9.02505081689071,38.6665806562823],[-9.02488720066494,38.6667335369192],[-9.02488393545965,38.6667315151917]]]}},{"type":"Feature","id":"CRUS_Moita_V.380066","properties":{"Area_Ha":0.22333844783833,"Autor":"DGT","Categoria":"Espaço de Equipamentos e Infraestruturas","Classe":"Solo Rústico","DTCC":"1506","Data_PublicacaoPDM":"2025-04-14T00:00:00","Designacao_PlantaOrdenamento":"Solo Rústico - Espaços Equipamentos, Infraestruturas ou Outras Estruturas ou Ocupações - Espaços Canais","Escala_PlantaOrdenamento":"1/12000","Fonte":"CM - Vectorial e Raster","ID":380066,"Municipio":"MOITA"},"geometry":{"type":"Polygon","coordinates":[[[-8.94936525820145,38.6387559649963],[-8.94945327629536,38.6386802142044],[-8.94950328854295,38.6384847441823],[-8.94952102830064,38.6384887487998],[-8.9501063077892,38.6386208672568],[-8.9502047575265,38.638642668415],[-8.95020722504888,38.638643215088],[-8.95020716288912,38.638643910948],[-8.95020725731739,38.6386439328088],[-8.95022086327081,38.6389496486028],[-8.95018236821864,38.6389406003866],[-8.95018238177086,38.6389403777917],[-8.95018075706589,38.6389409260224],[-8.95018040369559,38.6389449046688],[-8.94936769401278,38.6387563488616],[-8.94936824118536,38.6387558838287],[-8.94936525820145,38.6387559649963]]]}},{"type":"Feature","id":"CRUS_Moita_V.380067","properties":{"Area_Ha":0.385495741185946,"Autor":"DGT","Categoria":"Espaço de Equipamentos e Infraestruturas","Classe":"Solo Rústico","DTCC":"1506","Data_PublicacaoPDM":"2025-04-14T00:00:00","Designacao_PlantaOrdenamento":"Solo Rústico - Espaços Equipamentos, Infraestruturas ou Outras Estruturas ou Ocupações - Espaços Canais","Escala_PlantaOrdenamento":"1/12000","Fonte":"CM - Vectorial e Raster","ID":380067,"Municipio":"MOITA"},"geometry":{"type":"Polygon","coordinates":[[[-8.95667099656034,38.638344971309],[-8.95667664732881,38.6381784725624],[-8.95667766672603,38.6381787302243],[-8.95667786709007,38.6381787756559],[-8.95667923176055,38.6381790957455],[-8.95726602957426,38.6383145168651],[-8.9572652294119,38.6383166547204],[-8.9572671334756,38.6383171385539],[-8.95726861934592,38.6383175109306],[-8.95906554663153,38.6387736547972],[-8.95904042357506,38.6387979792905],[-8.95891148544968,38.6389228167022],[-8.95859625725105,38.6388286340432],[-8.95848706300599,38.6387962645857],[-8.95799194097095,38.6386711652107],[-8.95720757962704,38.6384729812172],[-8.95720141598761,38.6384714238959],[-8.95684387040629,38.6383858310436],[-8.95667250075178,38.6383453390601],[-8.95667235908139,38.6383453040251],[-8.95667099656034,38.638344971309]]]}},{"type":"Feature","id":"CRUS_Moita_V.380068","properties":{"Area_Ha":8.99414143328643,"Autor":"DGT","Categoria":"Espaço de Equipamentos e Infraestruturas","Classe":"Solo Rústico","DTCC":"1506","Data_PublicacaoPDM":"2025-04-14T00:00:00","Designacao_PlantaOrdenamento":"Solo Rústico - Espaços Equipamentos, Infraestruturas ou Outras Estruturas ou Ocupações - Espaços Canais","Escala_PlantaOrdenamento":"1/12000","Fonte":"CM - Vectorial e Raster","ID":380068,"Municipio":"MOITA"},"geometry":{"type":"Polygon","coordinates":[[[-9.01849459375332,38.6352245680162],[-9.01835182537035,38.6353498815137],[-9.01825080784033,38.6354197720437],[-9.01816407057388,38.6354797815898],[-9.01752453718219,38.6358308246447],[-9.01627908683012,38.6364743381306],[-9.01428622396801,38.6375039797324],[-9.01427631414625,38.6374686751575],[-9.01417956401227,38.6371217254458],[-9.01415910819601,38.6370151752333],[-9.01416221665333,38.6370144735147],[-9.01491731330764,38.6366286984031],[-9.01614111243979,38.6360034483137],[-9.01614423285998,38.6360018546526],[-9.01735409444678,38.6353837008788],[-9.01747275313747,38.6353179908314],[-9.01787037054646,38.6350974132079],[-9.01799241101101,38.634994749345],[-9.01801955282308,38.6349617690557],[-9.01808830447298,38.6348763514639],[-9.0180447137131,38.6348064443205],[-9.01800582156806,38.6346893758592],[-9.01801789214896,38.6345597366821],[-9.01806200022186,38.6344519492752],[-9.0180898828869,38.6344149790904],[-9.01815602542284,38.6343455029695],[-9.01825502355786,38.6342728920403],[-9.01827439594824,38.6342606683354],[-9.01829241228449,38.6342544443592],[-9.01841492113657,38.6342168202386],[-9.01845440900679,38.6342083483816],[-9.0185878601467,38.6341964818456],[-9.01864150556593,38.6335134426663],[-9.01870051290484,38.6332180156259],[-9.01877829695738,38.633039920772],[-9.01889095045517,38.6328283013223],[-9.01899555661842,38.6326690625297],[-9.01920476836785,38.632444871344],[-9.01933254781718,38.6323245554023],[-9.02090622844259,38.6308427339158],[-9.02107194066512,38.6306804054719],[-9.02117922983695,38.6305630688574],[-9.02127042318234,38.6304394450869],[-9.02135357130333,38.6302655343488],[-9.02139648854312,38.6301083849807],[-9.02152095930523,38.6296314608269],[-9.02156397844221,38.6294611317831],[-9.02156417105665,38.6294603619308],[-9.02165137701382,38.6294483458631],[-9.0216742096776,38.6294461501367],[-9.02164956498647,38.6295545126883],[-9.02150772016536,38.6300458746507],[-9.02139737597198,38.6303835499556],[-9.02122848724496,38.6306168758571],[-9.0212895225051,38.630670288948],[-9.02128993811897,38.6306706524217],[-9.02119854467798,38.630756110478],[-9.02025928405356,38.6316421146725],[-9.01951945199821,38.6323431418719],[-9.01951858812815,38.6323439609461],[-9.01943645829916,38.6324368763856],[-9.01936301802295,38.6325199620816],[-9.01910284375768,38.6328049161658],[-9.0190062858042,38.6329452969457],[-9.01896003928337,38.6330388969773],[-9.0189420150889,38.6330794464047],[-9.01886401409228,38.6332976496809],[-9.01879892497916,38.6340242413957],[-9.01878259293101,38.6342238894754],[-9.0188657422242,38.63425427027],[-9.01888344132498,38.6342629605776],[-9.01892679593995,38.6342842480986],[-9.01896426206875,38.6343072809168],[-9.01900151178916,38.6343340969528],[-9.01902097474226,38.6343497668538],[-9.01905612778374,38.6343858500454],[-9.01909253720889,38.6344319100664],[-9.01909520783348,38.6344354912708],[-9.0191217306051,38.634473563926],[-9.01913324180496,38.6344900867405],[-9.01916442147555,38.634552680136],[-9.01962085367917,38.6346517234164],[-9.02196464857713,38.635160282934],[-9.02302730663842,38.6354814700776],[-9.02308280374986,38.635504238289],[-9.02400849255837,38.6358935901202],[-9.02477336892999,38.6362473542789],[-9.02486640333955,38.6362920827607],[-9.0249878833065,38.6363504874592],[-9.02596286690591,38.6368323679044],[-9.02652881289961,38.6371120671314],[-9.02657172783753,38.6371309229702],[-9.02660525610315,38.6371434934901],[-9.02720834703417,38.6373709129154],[-9.02747234705711,38.6374654271945],[-9.0276113811075,38.6376281164668],[-9.02774121566242,38.6377504846418],[-9.02780674973764,38.6377978478319],[-9.02791136446015,38.6378644154388],[-9.02801973232378,38.6379449879088],[-9.0281140142759,38.6380262445584],[-9.02826344744894,38.6380824835079],[-9.02831677138494,38.638112699296],[-9.02845538791136,38.6381549843992],[-9.02867406166928,38.6381841875322],[-9.02875685763508,38.6382228513633],[-9.02892200013664,38.6382384959487],[-9.02909104703721,38.6382357303378],[-9.02928799780132,38.6382633439215],[-9.02946939591644,38.6382579906132],[-9.02961202268601,38.6382078803047],[-9.02974959139913,38.6382381704522],[-9.02995962540492,38.6382440452509],[-9.0301650277247,38.638261183743],[-9.03032816280396,38.6382966198439],[-9.03045929959332,38.6382946213286],[-9.0306903469808,38.6382945810757],[-9.03087222033288,38.6383380970074],[-9.0309014063092,38.6382326552158],[-9.03090202503286,38.6382304191696],[-9.03185539255213,38.6383488441468],[-9.03185552898187,38.6383525030755],[-9.03186375962212,38.6385739724805],[-9.03187217271691,38.6386406531006],[-9.03189615341456,38.6387400088752],[-9.03193895611126,38.6388376886585],[-9.03194039317814,38.6388406511791],[-9.03160186684483,38.6387996040166],[-9.03022193962128,38.6386141490596],[-9.02914952437338,38.6383989184842],[-9.02883805386399,38.6383329406352],[-9.02748294324151,38.6379705655048],[-9.02631192956323,38.6375272558089],[-9.02519065073919,38.6369808567387],[-9.02450769833612,38.636662039564],[-9.02361729358771,38.6362390888384],[-9.02340376730841,38.6361376598492],[-9.02284050208815,38.6359071937393],[-9.02247035745823,38.6357898648439],[-9.02218845723566,38.635704930106],[-9.02134383580795,38.6354787178388],[-9.01900226137334,38.6349633217156],[-9.01890871997735,38.635018057762],[-9.01887103462796,38.6350336991662],[-9.01880713027449,38.6350602235405],[-9.01871280032081,38.6350886041636],[-9.01861200156306,38.6350984608209],[-9.01850314004876,38.6352156438925],[-9.01850180541374,38.6352170358324],[-9.01849459375332,38.6352245680162]]]}},{"type":"Feature","id":"CRUS_Moita_V.380069","properties":{"Area_Ha":19.0269415106234,"Autor":"DGT","Categoria":"Espaço de Equipamentos e Infraestruturas","Classe":"Solo Rústico","DTCC":"1506","Data_PublicacaoPDM":"2025-04-14T00:00:00","Designacao_PlantaOrdenamento":"Solo Rústico - Espaços Equipamentos, Infraestruturas ou Outras Estruturas ou Ocupações - Espaços Canais","Escala_PlantaOrdenamento":"1/12000","Fonte":"CM - Vectorial e Raster","ID":380069,"Municipio":"MOITA"},"geometry":{"type":"Polygon","coordinates":[[[-8.98778244083801,38.6338208377982],[-8.98952587699361,38.6322787440749],[-8.98944026160745,38.6310687175505],[-8.98793554215232,38.6209686915658],[-8.98755883771307,38.6203227021331],[-8.98741089868754,38.6200723577794],[-8.98656723262497,38.6186446503249],[-8.98702275476308,38.6176868182904],[-8.9874196180997,38.6168523095865],[-8.98722679731225,38.6168282044945],[-8.98701862332659,38.6168089602145],[-8.98701763897752,38.6168108672111],[-8.98403537827985,38.6165331456937],[-8.98058131632907,38.6162137039755],[-8.98058043733479,38.6162113078749],[-8.98053368068457,38.616083914898],[-8.98047003175068,38.6159150014674],[-8.98713658766124,38.6165400445721],[-8.98718784092418,38.6165448483319],[-8.98755247275688,38.6165790239696],[-8.98772341615698,38.6162316249272],[-8.98830039425879,38.6154923428706],[-8.98830132577462,38.615492759444],[-8.98842515457965,38.6153324853177],[-8.98936524097789,38.6141279083771],[-8.99028456715258,38.6129498867798],[-8.99075893781267,38.612556949808],[-8.99068170044058,38.6121748741243],[-8.98968758995525,38.6072568566252],[-8.98977314391263,38.6072500156035],[-8.990051350989,38.607196497029],[-8.9900549368687,38.6071954834767],[-8.99006120702437,38.6071937124998],[-8.99038949230435,38.6087926845828],[-8.9905890431145,38.6098358026041],[-8.99059023904556,38.6098359649946],[-8.99108243218747,38.6123034884293],[-8.99211415450531,38.6120612913435],[-8.99212770763613,38.6123743449273],[-8.99132986863348,38.6125412620691],[-8.99074438615741,38.6129625851729],[-8.98865720717311,38.6156310322297],[-8.98809211404803,38.6163556026863],[-8.98699563131739,38.6186273612277],[-8.98756666950931,38.6196218594135],[-8.98774965601675,38.6199405353934],[-8.98828770119846,38.6208775377384],[-8.98968967261527,38.6302346667516],[-8.98973665661185,38.6306362695533],[-8.98973680102332,38.6306374999031],[-8.98979163434719,38.6311088147053],[-8.98979645769849,38.6311841780714],[-8.98980967340619,38.6313906514042],[-8.98983171218235,38.6317349794987],[-8.9898477412568,38.6319854079344],[-8.99047426744252,38.6314439229622],[-8.99137916021547,38.6306618349733],[-8.9918402493718,38.6302633112434],[-8.99186055276374,38.6302457630722],[-8.99186476303137,38.6302421244245],[-8.99195815341741,38.6307093519424],[-8.99211689001289,38.6315034943451],[-8.99205755271445,38.6320897256134],[-8.99202569554399,38.6324044600477],[-8.99201581003597,38.6324128515999],[-8.99066313307582,38.6335610312201],[-8.99063631101017,38.6338459799892],[-8.99056120966488,38.6340680728083],[-8.99029835207812,38.6343907340412],[-8.9896921735648,38.6340303587734],[-8.98967957169548,38.6340298925398],[-8.98946260420121,38.6340218611725],[-8.98856107786549,38.6339968833876],[-8.98818580958429,38.6341784645184],[-8.98818545559872,38.6341781527232],[-8.9881794074044,38.63418121374],[-8.98784738108379,38.6338797924671],[-8.98778244083801,38.6338208377982]]]}},{"type":"Feature","id":"CRUS_Moita_V.380070","properties":{"Area_Ha":2.44612402764745,"Autor":"DGT","Categoria":"Área de Edificação Dispersa","Classe":"Solo Rústico","DTCC":"1506","Data_PublicacaoPDM":"2025-04-14T00:00:00","Designacao_PlantaOrdenamento":"Solo Rústico - Áreas de Edificação Dispersa","Escala_PlantaOrdenamento":"1/12000","Fonte":"CM - Vectorial e Raster","ID":380070,"Municipio":"MOITA"},"geometry":{"type":"Polygon","coordinates":[[[-8.99038949230435,38.6087926845828],[-8.99006120702437,38.6071937124998],[-8.99059796596878,38.6070420478317],[-8.99096074425795,38.6069171475304],[-8.99141305240745,38.6067617941347],[-8.99144807955765,38.6067448118023],[-8.99144934044133,38.6067547664509],[-8.9916935930108,38.6086758775961],[-8.99170242138501,38.6087453150551],[-8.99171132142469,38.6088135394922],[-8.99167063116635,38.6088128976075],[-8.99156863338123,38.6088112885247],[-8.99038949230435,38.6087926845828]]]}},{"type":"Feature","id":"CRUS_Moita_V.380071","properties":{"Area_Ha":0.958107578199706,"Autor":"DGT","Categoria":"Espaço Natural e Paisagístico","Classe":"Solo Rústico","DTCC":"1506","Data_PublicacaoPDM":"2025-04-14T00:00:00","Designacao_PlantaOrdenamento":"Solo Rústico - Espaços Naturais e Paisagísticos - Proteção à Rede Hídrica","Escala_PlantaOrdenamento":"1/12000","Fonte":"CM - Vectorial e Raster","ID":380071,"Municipio":"MOITA"},"geometry":{"type":"Polygon","coordinates":[[[-8.94746995921347,38.640294762551],[-8.9485549492863,38.6391858591343],[-8.94911587518958,38.6387031300411],[-8.94911591045439,38.6387031000684],[-8.94924059626411,38.6385957931917],[-8.9492819445584,38.6384341523964],[-8.94928196211623,38.638434080209],[-8.94969922351482,38.6368027391567],[-8.94969923875459,38.6368026651838],[-8.94969933984801,38.636802060034],[-8.94972755995597,38.6366222061948],[-8.94972745745072,38.6366221807868],[-8.94973307525426,38.6366104805732],[-8.9497342970855,38.6366079344596],[-8.94995960243003,38.6366309806914],[-8.94995719445114,38.6366544951611],[-8.94995423847651,38.6366833588696],[-8.94995432023888,38.6366833781166],[-8.94995206940009,38.6366836010191],[-8.94995182977679,38.6366849530079],[-8.94992581425132,38.6368327334419],[-8.94992580130861,38.6368328073987],[-8.94950350400199,38.6384838932141],[-8.94950328854295,38.6384847441823],[-8.94945327629536,38.6386802142044],[-8.94936525820145,38.6387559649963],[-8.94874597660643,38.6392889160831],[-8.94759370416755,38.6404642119264],[-8.94746995921347,38.640294762551]]]}},{"type":"Feature","id":"CRUS_Moita_V.380072","properties":{"Area_Ha":26.4376097439314,"Autor":"DGT","Categoria":"Espaço Natural e Paisagístico","Classe":"Solo Rústico","DTCC":"1506","Data_PublicacaoPDM":"2025-04-14T00:00:00","Designacao_PlantaOrdenamento":"Solo Rústico - Espaços Naturais e Paisagísticos - Proteção à Rede Hídrica","Escala_PlantaOrdenamento":"1/12000","Fonte":"CM - Vectorial e Raster","ID":380072,"Municipio":"MOITA"},"geometry":{"type":"Polygon","coordinates":[[[-9.01454989414195,38.6600291963562],[-9.0145494635676,38.6600284672472],[-9.0145446966652,38.6600304173787],[-9.0144977579733,38.6600471729336],[-9.01443507825751,38.6600679376508],[-9.01437071369958,38.6598332983036],[-9.01436909307531,38.6597783056064],[-9.01437485124967,38.6597764335898],[-9.01442399717338,38.6597604604665],[-9.01443262614109,38.6596233056552],[-9.01443757107832,38.6595338969034],[-9.01443981761713,38.6588853630288],[-9.01444092445051,38.6585655646292],[-9.01454763596025,38.6584896829819],[-9.01454930440041,38.658487739985],[-9.01455670423728,38.6584791247778],[-9.01457945910537,38.6584501311605],[-9.01463488206029,38.658120346046],[-9.01475579183835,38.6573671918166],[-9.01483858995092,38.6568514245694],[-9.01479008101652,38.6567885600462],[-9.01481476210294,38.6567566827955],[-9.01482740347547,38.6567403568065],[-9.01481889796364,38.656644996881],[-9.01482316006894,38.6560913022492],[-9.01482473602817,38.6558866356322],[-9.01551010986136,38.6550197375844],[-9.01553980593222,38.6549121349145],[-9.01565655581473,38.6544891044747],[-9.01547467638536,38.6540750199459],[-9.01510784406963,38.6534651210752],[-9.01477571937181,38.6529129153734],[-9.01475562200153,38.652883035808],[-9.0146253370249,38.6526893356864],[-9.01461981660471,38.6526811286146],[-9.01449585057548,38.6522161311159],[-9.01449598838501,38.6522154715888],[-9.01449569631793,38.6522144171448],[-9.0144913740412,38.6522140803826],[-9.01453593001979,38.652024017021],[-9.01457551650281,38.6518551546081],[-9.01459204605249,38.6517842177329],[-9.01465253598676,38.6515246298827],[-9.01474329595396,38.6511630840836],[-9.01474083075506,38.6510344009765],[-9.01473697918036,38.6509334704238],[-9.01473218203995,38.6508094692584],[-9.01472858079736,38.6507163080646],[-9.01471519435735,38.6504933983167],[-9.01468934083629,38.6501386928591],[-9.01468616893902,38.6500953654913],[-9.0146854943591,38.6500870002889],[-9.01468300523199,38.6499718159104],[-9.01469962263295,38.6499118375401],[-9.01470679541425,38.6498936718824],[-9.01472234915396,38.6498789706145],[-9.01480992893059,38.6498008745541],[-9.01497460807813,38.6497569223683],[-9.01498889913077,38.6497528889173],[-9.01510545445726,38.6497245247624],[-9.01519218180293,38.6497279703713],[-9.01538233541703,38.649735525454],[-9.01554656475217,38.6497465268052],[-9.01567650178233,38.6497161532262],[-9.01583057882211,38.6496857793027],[-9.01600631297939,38.6496498422877],[-9.01601766379453,38.6496512807775],[-9.01602406927672,38.6496479345805],[-9.01636311916618,38.6495897853678],[-9.01636486428814,38.6495910207074],[-9.01654215664321,38.6497165171131],[-9.01654485887674,38.6497171164592],[-9.01655248459501,38.6497225889128],[-9.01658259606599,38.6497321568557],[-9.01660263771522,38.6497385255176],[-9.01673235949677,38.6497664137979],[-9.01691415514388,38.6498043389298],[-9.01708684239927,38.6498387690235],[-9.01726007586529,38.6498776248945],[-9.01726523978807,38.6498787839345],[-9.01726861597151,38.6498795412157],[-9.01726935202285,38.6498797059044],[-9.01726942588238,38.6498799206387],[-9.01727039678884,38.649882731459],[-9.01757969846793,38.6507781625072],[-9.01770490677826,38.6511406357315],[-9.01770815523625,38.6511504308446],[-9.01773124687555,38.6516633053746],[-9.0177427464002,38.6519186282246],[-9.01776293642081,38.6523432015793],[-9.017771026365,38.6523507089607],[-9.01779379605744,38.6523718398934],[-9.0178384444119,38.6524095549144],[-9.01786934958388,38.6524383414964],[-9.01789220939666,38.6524692220425],[-9.01791584942269,38.6525070283778],[-9.01793424038555,38.6525437727293],[-9.01794893718554,38.6525737178201],[-9.01795734715373,38.6526014458421],[-9.01796937046978,38.6526354710823],[-9.01797238434647,38.6526749323727],[-9.0179724912603,38.6526804480944],[-9.01797317413383,38.6527155995501],[-9.01796675211391,38.6527661724869],[-9.01796318037215,38.6527805322156],[-9.01796542182922,38.6527831654284],[-9.0179530382703,38.652827431884],[-9.01793413220006,38.6528680696899],[-9.01791340965479,38.6528983205374],[-9.01789731035931,38.6529218073968],[-9.01788231094076,38.6529426285595],[-9.01786545048234,38.6529640069823],[-9.01784127861972,38.652988132309],[-9.01780970639975,38.6530161789567],[-9.01797515408184,38.6541752039349],[-9.01798342092545,38.6542320857775],[-9.01802287810938,38.6544988380849],[-9.01802319265963,38.6545009679103],[-9.01840327189471,38.6558652143726],[-9.01840435841827,38.6558691138395],[-9.01777943127047,38.6559475782473],[-9.01716660061813,38.6560228455245],[-9.01716952948311,38.6562806390762],[-9.01717920420711,38.6571322271015],[-9.01718647983233,38.6572020430094],[-9.01718660092541,38.6572032023303],[-9.01720160033298,38.6574349803462],[-9.017227684619,38.6578678241821],[-9.01724802658489,38.6582679022908],[-9.01725983539011,38.6585131695954],[-9.01724298718035,38.6585394941386],[-9.01722994485387,38.6585589771292],[-9.01720992186525,38.6585696570754],[-9.01717694207078,38.6585872477322],[-9.01699918926806,38.6586787345791],[-9.01691477911845,38.6587409504915],[-9.01687695815341,38.6587930559262],[-9.01671355463957,38.6590913441452],[-9.01670129073106,38.6592037427517],[-9.01663613188226,38.6598112391292],[-9.01692382579347,38.6607750788382],[-9.01692991039998,38.6607954639956],[-9.01722593513317,38.6613158506714],[-9.01721045445105,38.6613135697464],[-9.01708569994399,38.6612914655945],[-9.01689068813313,38.6612266274823],[-9.01672188557114,38.6611683632913],[-9.01660269297608,38.6610403892602],[-9.01657151017213,38.6610049808844],[-9.01656209215396,38.660967624518],[-9.0164522086535,38.6605317924092],[-9.01633035569364,38.6602437824091],[-9.01627999251217,38.6601274320015],[-9.01617236824896,38.6597609038794],[-9.01606365599312,38.6595388404061],[-9.01601395019338,38.6594373094383],[-9.01600208358568,38.6593461718675],[-9.01598033935549,38.6591791665511],[-9.01586677623344,38.6589482449398],[-9.01580071109789,38.6588172044742],[-9.01541565007697,38.6591137142491],[-9.01536100348542,38.6592452853501],[-9.01528690316757,38.6594236954343],[-9.01513669954398,38.6596038197953],[-9.01469748746983,38.6599478331765],[-9.01461769242368,38.6599986237805],[-9.01457148622142,38.6600194598923],[-9.01454989414195,38.6600291963562]]]}},{"type":"Feature","id":"CRUS_Moita_V.380073","properties":{"Area_Ha":4.52234818877243,"Autor":"DGT","Categoria":"Espaço Agrícola","Classe":"Solo Rústico","DTCC":"1506","Data_PublicacaoPDM":"2025-04-14T00:00:00","Designacao_PlantaOrdenamento":"Solo Rústico - Espaços Agrícolas","Escala_PlantaOrdenamento":"1/12000","Fonte":"CM - Vectorial e Raster","ID":380073,"Municipio":"MOITA"},"geometry":{"type":"Polygon","coordinates":[[[-9.04436205602963,38.6416720746361],[-9.04448123403247,38.6412221262813],[-9.0444815288445,38.6412210087875],[-9.04448165688261,38.641220507843],[-9.04448221700414,38.6412183919914],[-9.04448303692098,38.6412152958413],[-9.04448304680079,38.6412152597321],[-9.04448306217189,38.6412152037624],[-9.04448310157701,38.6412150503185],[-9.04448338109772,38.6412139950993],[-9.04448348082741,38.6412136168849],[-9.04448401458369,38.6412115958234],[-9.04448460421898,38.6412093617364],[-9.04448523771626,38.6412069633611],[-9.04448643890627,38.6412024121423],[-9.04448736063257,38.6411989206461],[-9.04448737272943,38.641198878214],[-9.04448737930074,38.6411988529403],[-9.04448738696348,38.641198823154],[-9.04448756012608,38.6411981669194],[-9.04448768177532,38.6411977056602],[-9.04448769166652,38.6411976704517],[-9.04449478386161,38.6411708099324],[-9.04449480140413,38.6411707440369],[-9.04450199879208,38.6411434836407],[-9.0445100959908,38.6411128156933],[-9.04451871486327,38.6410801709171],[-9.04452294862981,38.6410641315207],[-9.04452730521457,38.6410476326572],[-9.04453538685033,38.6410170071668],[-9.04453909932973,38.6410029761231],[-9.04454057465508,38.640997398552],[-9.04453963651159,38.6409970545471],[-9.04454141968909,38.6409774247155],[-9.0447621151272,38.6409317628426],[-9.04488960985986,38.6409102137209],[-9.04504068118502,38.6408846801751],[-9.04527991809165,38.6408407104298],[-9.04554402561898,38.6407825107659],[-9.04591584934845,38.6407515409537],[-9.04641661043075,38.6407279832209],[-9.04670963135127,38.64069201137],[-9.04712765569085,38.6406354138024],[-9.04748881351722,38.6406101361488],[-9.04758069294208,38.6406068983985],[-9.04757130310569,38.6406173553824],[-9.04757139719831,38.6406173483413],[-9.04757197231977,38.640619493167],[-9.0476185978698,38.6406996282465],[-9.04768055405304,38.6408061100114],[-9.04771784833946,38.6408702070974],[-9.04773693875166,38.6409030156024],[-9.04776039377676,38.6409433270159],[-9.04777873979323,38.6409748576861],[-9.04778908172042,38.6409972834423],[-9.04789207026901,38.6412206083791],[-9.0478943132312,38.641225471402],[-9.04801999244994,38.6416360465957],[-9.048050501555,38.6419886434259],[-9.04804929482174,38.64199789062],[-9.04802968567135,38.6421428294811],[-9.04799241622803,38.6422914195935],[-9.04794833766267,38.6422823608093],[-9.04785922592282,38.6422729938693],[-9.04777066389557,38.6422728954502],[-9.0476766983764,38.6422885690666],[-9.04759515094078,38.642305294058],[-9.04750657914961,38.6423372389525],[-9.04742388908334,38.6423844496932],[-9.04735734256742,38.6424382758343],[-9.04625319003882,38.6421556111011],[-9.04492764878525,38.6418141186008],[-9.04467131590259,38.6417478037447],[-9.04452648080211,38.6417103336518],[-9.04438442411715,38.6416772793485],[-9.04436205602963,38.6416720746361]]]}},{"type":"Feature","id":"CRUS_Moita_V.380074","properties":{"Area_Ha":38.7506891781052,"Autor":"DGT","Categoria":"Espaço Agrícola","Classe":"Solo Rústico","DTCC":"1506","Data_PublicacaoPDM":"2025-04-14T00:00:00","Designacao_PlantaOrdenamento":"Solo Rústico - Espaços Agrícolas","Escala_PlantaOrdenamento":"1/12000","Fonte":"CM - Vectorial e Raster","ID":380074,"Municipio":"MOITA"},"geometry":{"type":"Polygon","coordinates":[[[-8.96230930660501,38.651610367488],[-8.96286354453432,38.6482834038075],[-8.96179761676223,38.648470129809],[-8.96152057815251,38.6474718943712],[-8.96146831835468,38.6472835855309],[-8.96141605770073,38.6470952775671],[-8.96104656616722,38.6467861025953],[-8.96104667697771,38.6467855505159],[-8.96129867735783,38.6455270038289],[-8.9626065458134,38.6456560329636],[-8.96485784937716,38.6456963642444],[-8.96628480016494,38.6456995713667],[-8.96713295001921,38.6457014698806],[-8.9688194651383,38.6457089891537],[-8.96881949765046,38.6457325540779],[-8.96881961374383,38.6458181958365],[-8.96904813468192,38.6464663370508],[-8.9692034569589,38.6480594202053],[-8.96920525813902,38.6482251695795],[-8.96920869957566,38.6485417313603],[-8.96922104863404,38.6492905282147],[-8.96922465698123,38.6495092609817],[-8.96921931694611,38.6495119565347],[-8.96921930467355,38.649513569069],[-8.96886989780666,38.6497797928904],[-8.96837181809065,38.6501513999391],[-8.96807640823522,38.6503753149048],[-8.96774344755506,38.6506327440824],[-8.96769805762202,38.6506729187833],[-8.96755345739734,38.6508009048584],[-8.96737837773288,38.6509694337095],[-8.96712608001459,38.6512136231487],[-8.96640350379407,38.6519183483727],[-8.96493754074329,38.6517910469725],[-8.96395683254628,38.6517059704968],[-8.96395601383302,38.6517059006441],[-8.96288494695333,38.6516145828666],[-8.96230941343981,38.6516103676315],[-8.96230930660501,38.651610367488]]]}},{"type":"Feature","id":"CRUS_Moita_V.380075","properties":{"Area_Ha":3.24891895756249,"Autor":"DGT","Categoria":"Área de Edificação Dispersa","Classe":"Solo Rústico","DTCC":"1506","Data_PublicacaoPDM":"2025-04-14T00:00:00","Designacao_PlantaOrdenamento":"Solo Rústico - Áreas de Edificação Dispersa","Escala_PlantaOrdenamento":"1/12000","Fonte":"CM - Vectorial e Raster","ID":380075,"Municipio":"MOITA"},"geometry":{"type":"Polygon","coordinates":[[[-8.94759370416755,38.6404642119264],[-8.94874597660643,38.6392889160831],[-8.94936525820145,38.6387559649963],[-8.94936824118536,38.6387558838287],[-8.94936769401278,38.6387563488616],[-8.95018040369559,38.6389449046688],[-8.95018075706589,38.6389409260224],[-8.95018238177086,38.6389403777917],[-8.95018236821864,38.6389406003866],[-8.95022086327081,38.6389496486028],[-8.95064679808078,38.6390497597845],[-8.95071835529654,38.6390675074196],[-8.95083556980074,38.6390898317841],[-8.95102178553679,38.6391252965864],[-8.95148572486706,38.6392134266464],[-8.95164963192576,38.6392349623306],[-8.95218341309017,38.6392999374257],[-8.95218012609422,38.6393008585476],[-8.95218015318556,38.6393008169206],[-8.95186512464653,38.6392635405233],[-8.95148572443328,38.6392136914877],[-8.95102178511154,38.6391255623285],[-8.95070514559942,38.6390652576328],[-8.95061760677527,38.6391794814335],[-8.95030794276793,38.6395835380361],[-8.9500995066177,38.6398264066037],[-8.94965489942426,38.6403444518984],[-8.94918803032292,38.6404400022122],[-8.94893426514708,38.640598967222],[-8.94848253389897,38.6408819407888],[-8.94785656490313,38.6410800465852],[-8.94785602405455,38.6410757976257],[-8.94785024517002,38.641030418107],[-8.9477855062099,38.6407477207959],[-8.9476466654138,38.6405367349741],[-8.94759370416755,38.6404642119264]]]}},{"type":"Feature","id":"CRUS_Moita_V.380076","properties":{"Area_Ha":33.6319519101947,"Autor":"DGT","Categoria":"Espaço Natural e Paisagístico","Classe":"Solo Rústico","DTCC":"1506","Data_PublicacaoPDM":"2025-04-14T00:00:00","Designacao_PlantaOrdenamento":"Solo Rústico - Espaços Naturais e Paisagísticos - Sapais","Escala_PlantaOrdenamento":"1/12000","Fonte":"CM - Vectorial e Raster","ID":380076,"Municipio":"MOITA"},"geometry":{"type":"Polygon","coordinates":[[[-9.02015806316715,38.6678276705801],[-9.02015753062247,38.6678260423646],[-9.02015727902516,38.6678263244224],[-9.01957255751963,38.6675289445863],[-9.01932579461451,38.6673446519951],[-9.01919704843215,38.6670682126034],[-9.01915413252692,38.6665991023087],[-9.01903611588853,38.666398052489],[-9.01878935277277,38.6662975288861],[-9.01846748751393,38.6663226587935],[-9.01815635149355,38.6663729219058],[-9.01773792720438,38.6663310373452],[-9.01739460434464,38.6661718727492],[-9.01718002744307,38.6659624448068],[-9.01704055248406,38.6657362632673],[-9.01689034902275,38.6656524913263],[-9.01657921272555,38.6656357376891],[-9.0163539064726,38.6656776232654],[-9.01616078759347,38.6656357375176],[-9.01599985564841,38.6655268346441],[-9.01587110936606,38.6653928003345],[-9.01574236364678,38.6653090288976],[-9.01557070228033,38.6653257828784],[-9.01541513347717,38.6653383498877],[-9.01522201407909,38.6653383490395],[-9.01505035318509,38.6652713311447],[-9.01490014974395,38.6651414850373],[-9.01478213258283,38.6650535248855],[-9.0146641149098,38.6650032614376],[-9.01447636087802,38.6650032612524],[-9.01429396985522,38.6650200158412],[-9.01407939337975,38.6649697531848],[-9.01384872318142,38.6648524726369],[-9.01369262621639,38.6647125758319],[-9.01355315122239,38.6645534080114],[-9.01342440585388,38.6642769584089],[-9.01338148998784,38.6638916014316],[-9.01329029512381,38.6636005408447],[-9.01317764250926,38.6634308465726],[-9.01296306512246,38.6633219413142],[-9.01270020892117,38.6632800537122],[-9.01245881063844,38.6632968077668],[-9.01221741135901,38.6633805820348],[-9.01202965710712,38.6635146202124],[-9.01164341906672,38.6637072997091],[-9.01126790910061,38.6637826956082],[-9.01069151716141,38.6638705118527],[-9.01025163538426,38.6638788893335],[-9.00974738000952,38.6637783594433],[-9.00937187101346,38.6636108123531],[-9.00908219184904,38.663359491477],[-9.00880324187773,38.6629908850228],[-9.00855454275687,38.6626672303811],[-9.00855379677757,38.6626662594929],[-9.00855402016263,38.6626663001587],[-9.00857839145883,38.6626708676831],[-9.0086206197627,38.6626787813445],[-9.00927819573952,38.6625519749334],[-9.00954641729597,38.6625456928811],[-9.01000798502683,38.6624630977008],[-9.01006387839373,38.662452630176],[-9.01030548504079,38.6623634854917],[-9.01038355313077,38.6624511130152],[-9.01038842752967,38.6624568208825],[-9.01043899893901,38.6626056597508],[-9.01045568466023,38.6626566939542],[-9.01045568575617,38.662750940564],[-9.01042312228197,38.6628344866672],[-9.0104182861865,38.6628468918808],[-9.01045305152828,38.6628975625676],[-9.01061125389011,38.6629540938965],[-9.01061206567324,38.6629559353551],[-9.01067026608543,38.663087868235],[-9.01069440302471,38.6631425866311],[-9.01100822126797,38.663035773484],[-9.01108303962849,38.6630326157745],[-9.01110746117996,38.6630315847976],[-9.01133276890522,38.6630902282279],[-9.01133294946597,38.6630900548186],[-9.01144005635206,38.6629876029412],[-9.01144386207319,38.6629880193594],[-9.01149232514536,38.6629933178701],[-9.01157416762421,38.6630022643455],[-9.01169754842427,38.6629436213101],[-9.01168413774538,38.6628870740917],[-9.01214816025501,38.6628137717477],[-9.01216961710043,38.662767694711],[-9.01220448642321,38.6625980508778],[-9.01238803994547,38.6625019759422],[-9.01244811112785,38.6624695818329],[-9.01242634282752,38.6624355870009],[-9.01241993120355,38.6624255723216],[-9.01303322883582,38.6621202555033],[-9.01308674168958,38.6621121014947],[-9.01316093456159,38.6621104929453],[-9.01347311081065,38.6621045476698],[-9.01367695797598,38.6620846511918],[-9.01517228950947,38.6617778221383],[-9.01533322306192,38.661771539557],[-9.01557945908967,38.6618006390464],[-9.01565695698501,38.6618570661921],[-9.01577718899783,38.6619446052516],[-9.01593189487108,38.662032756867],[-9.015975671191,38.6620577020975],[-9.01598908322245,38.6621163440773],[-9.015989342965,38.6621165384919],[-9.01604111212868,38.6621550354105],[-9.01604557701014,38.6621582346909],[-9.01614733396196,38.6621603274583],[-9.01614743133848,38.6621605852539],[-9.01616879151607,38.6622168746596],[-9.0161285580796,38.6623153101685],[-9.01613787468895,38.6624226210432],[-9.01613921745385,38.6624390604828],[-9.01613674417773,38.662445729789],[-9.01608564215392,38.6625833908575],[-9.01612587561157,38.6626734485432],[-9.0165872162882,38.6629624719017],[-9.01658917054833,38.6629640569675],[-9.01662516644409,38.6629932440487],[-9.01672669042106,38.6630755663382],[-9.01677419045719,38.6631062374634],[-9.01686616562598,38.6631656243462],[-9.0168991177587,38.663209167025],[-9.01693590184265,38.6632577765839],[-9.01709825885041,38.663298891898],[-9.01713438673714,38.6633080403475],[-9.01733373808769,38.6634372373373],[-9.01740260693955,38.663481870354],[-9.01763864174565,38.6635698335353],[-9.01794173141258,38.6635865885199],[-9.01885368205744,38.6635970606805],[-9.01925601334392,38.6637080593942],[-9.01943035645363,38.6637457584831],[-9.0195713524364,38.6637457583088],[-9.01959839992302,38.6637453281113],[-9.01960111317298,38.6637452850268],[-9.01960457078459,38.6637452299948],[-9.01963029611606,38.6637448215214],[-9.01966973600047,38.6637332102906],[-9.01971210306774,38.6637207373091],[-9.01978586379206,38.6636872276773],[-9.01983816758144,38.6636516232593],[-9.01985560149432,38.6636212556218],[-9.01996885048414,38.6636025295412],[-9.01999128300642,38.6636808329296],[-9.01999660323978,38.6637597786274],[-9.02000064498903,38.6638344615081],[-9.02000446375839,38.6639050384155],[-9.02002208300459,38.6639394317016],[-9.0200730901281,38.6639373892326],[-9.02061219928966,38.6637803181305],[-9.02066838199193,38.663804874685],[-9.02067926832457,38.6638096356937],[-9.02072557929826,38.6638554008773],[-9.02090319214444,38.6640348008292],[-9.02094569636941,38.6640799588503],[-9.02101454565515,38.6641531056977],[-9.02161804169678,38.6646958021095],[-9.02175493849652,38.6647881645515],[-9.02177029181174,38.6647920600766],[-9.02180445552255,38.6647994699369],[-9.02185541652877,38.6647774796555],[-9.02191040347262,38.6646968489074],[-9.02199317218926,38.6646374344037],[-9.02203327336548,38.6645497607449],[-9.02203402420599,38.6645362402895],[-9.02205338908224,38.6641874444703],[-9.02219256799201,38.6641122558953],[-9.02228405916389,38.6640628314465],[-9.02232697131266,38.6640283098216],[-9.02232846921723,38.6640269841618],[-9.02244096839053,38.6638481616421],[-9.02244775834064,38.6638322576797],[-9.02247232538812,38.6637722053005],[-9.02250451233555,38.6636601582641],[-9.02254182314621,38.6635696365815],[-9.0225437106159,38.663555222889],[-9.0225536216354,38.6634795584201],[-9.02257309009634,38.6634604151327],[-9.02259103763321,38.6634439867189],[-9.02263846688148,38.6634452204397],[-9.02267068805718,38.6634464779254],[-9.02269842858049,38.6634769996449],[-9.02265605546094,38.6635659132104],[-9.02262789274756,38.6636413102326],[-9.02262787163,38.6636416463928],[-9.02262697337249,38.6636556859364],[-9.0226252111715,38.663683195455],[-9.02260905108261,38.6637049907775],[-9.02259570714349,38.6637229885144],[-9.02258095548242,38.6638277055669],[-9.0225805192729,38.6638287583198],[-9.02248037156735,38.6640706477674],[-9.02243209260068,38.6641261476223],[-9.02238917721887,38.664152326972],[-9.0223419765108,38.6642042586173],[-9.02233016867996,38.6642172505918],[-9.02233553261432,38.6644193527327],[-9.02240478845377,38.6645444548815],[-9.02252042737455,38.6647459770251],[-9.02261047940383,38.664839837791],[-9.0227381905751,38.6649729500941],[-9.02284635351287,38.6651186573546],[-9.02297926295151,38.6653031503743],[-9.02301509027449,38.6653940642634],[-9.02304363553555,38.6654665040322],[-9.02319054584384,38.6657123061033],[-9.02339892168135,38.6660492535695],[-9.02345758514356,38.6661408618531],[-9.02357411640524,38.6662278939635],[-9.02357862879828,38.6662312637424],[-9.02357777789348,38.6662321376937],[-9.02175486538427,38.6681011827752],[-9.02133869163993,38.6678866318217],[-9.02049255510245,38.6674504110027],[-9.02028189294226,38.6676866087913],[-9.02028184194255,38.6676866659288],[-9.02015806316715,38.6678276705801]]]}},{"type":"Feature","id":"CRUS_Moita_V.380077","properties":{"Area_Ha":0.246353375560278,"Autor":"DGT","Categoria":"Espaço Natural e Paisagístico","Classe":"Solo Rústico","DTCC":"1506","Data_PublicacaoPDM":"2025-04-14T00:00:00","Designacao_PlantaOrdenamento":"Solo Rústico - Espaços Naturais e Paisagísticos - Proteção à Rede Hídrica","Escala_PlantaOrdenamento":"1/12000","Fonte":"CM - Vectorial e Raster","ID":380077,"Municipio":"MOITA"},"geometry":{"type":"Polygon","coordinates":[[[-8.95519713807335,38.6361584513316],[-8.95509136678302,38.6361035082181],[-8.9550521553448,38.6360831398341],[-8.95495073251295,38.6360326250543],[-8.95495330019018,38.6360317890801],[-8.95495229965593,38.6360312691345],[-8.95525002465557,38.6357253769689],[-8.95527224336359,38.6357037626078],[-8.95531380015985,38.6356633340207],[-8.95558949423035,38.635395132609],[-8.95565565258888,38.6354344139542],[-8.95570399770621,38.6354631188801],[-8.95583703364124,38.6355475036893],[-8.95583804011739,38.6355481415918],[-8.95548854525397,38.6358927124689],[-8.95522252836554,38.6361668369186],[-8.95521735713154,38.6361656697749],[-8.95521522512028,38.6361678467031],[-8.95520618102717,38.6361631494721],[-8.95519713807335,38.6361584513316]]]}},{"type":"Feature","id":"CRUS_Moita_V.380078","properties":{"Area_Ha":224.8010672858,"Autor":"DGT","Categoria":"Área de Edificação Dispersa","Classe":"Solo Rústico","DTCC":"1506","Data_PublicacaoPDM":"2025-04-14T00:00:00","Designacao_PlantaOrdenamento":"Solo Rústico - Áreas de Edificação Dispersa","Escala_PlantaOrdenamento":"1/12000","Fonte":"CM - Vectorial e Raster","ID":380078,"Municipio":"MOITA"},"geometry":{"type":"Polygon","coordinates":[[[-8.95930173503172,38.6388329304213],[-8.95930168096339,38.638832622726],[-8.95930113038237,38.6388324851872],[-8.95930223449053,38.6388314162351],[-8.96025414042941,38.6379097754491],[-8.96075431978853,38.6369127152109],[-8.96112098004922,38.6364297553554],[-8.96118849046218,38.6363319656569],[-8.96203843946201,38.6351007250733],[-8.96258151004251,38.6340528957038],[-8.96237719090694,38.63398774902],[-8.9623687404936,38.6339850551402],[-8.96179200973045,38.6350793452765],[-8.96092122991941,38.6363407455974],[-8.9605403797998,38.6368471551089],[-8.96005336030854,38.6378179555926],[-8.95915673017276,38.6386860954001],[-8.95906797322904,38.6387720306192],[-8.95906613985923,38.6387738055482],[-8.95906554663153,38.6387736547972],[-8.95726861934592,38.6383175109306],[-8.9572671334756,38.6383171385539],[-8.9572652294119,38.6383166547204],[-8.95726602957426,38.6383145168651],[-8.95726624354482,38.6383139451447],[-8.95732679454452,38.6381521275538],[-8.95742026330809,38.6379157187858],[-8.95764490732432,38.637321619462],[-8.95734545141685,38.6371837355852],[-8.95717882056603,38.6371070118629],[-8.95713853888808,38.6370884632552],[-8.95713861159641,38.6370882933907],[-8.95713850421586,38.6370882437016],[-8.95703242932268,38.6370396344984],[-8.95694694657469,38.6370019925887],[-8.95671345148434,38.6368991741338],[-8.95652523076879,38.6368162921851],[-8.95647110248286,38.636792878237],[-8.95635418370083,38.6367358852178],[-8.95612972010436,38.6366248523965],[-8.95586989778447,38.6364936869728],[-8.95567996465147,38.6363975638655],[-8.95531295206017,38.6362149082944],[-8.95531106699514,38.6362139702864],[-8.95522177008979,38.6361676178454],[-8.95522252836554,38.6361668369186],[-8.95548854525397,38.6358927124689],[-8.95583804011739,38.6355481415918],[-8.95583703364124,38.6355475036893],[-8.95570399770621,38.6354631188801],[-8.95565565258888,38.6354344139542],[-8.95558949423035,38.635395132609],[-8.95531380015985,38.6356633340207],[-8.95527224336359,38.6357037626078],[-8.95525002465557,38.6357253769689],[-8.95495229965593,38.6360312691345],[-8.95495330019018,38.6360317890801],[-8.95495073251295,38.6360326250543],[-8.95494918238682,38.6360318504367],[-8.95494832420676,38.6360314258778],[-8.95494746375046,38.6360310031364],[-8.95435105143468,38.6357385254916],[-8.95427855822363,38.635718552618],[-8.95417258191552,38.6356870978492],[-8.95419207902005,38.6356469604993],[-8.9543075687264,38.6354092050611],[-8.954239475467,38.6353867952093],[-8.95414028959941,38.6353561539217],[-8.95388669345132,38.6352871314321],[-8.95257700991901,38.6349337802397],[-8.95232220897069,38.6349094943625],[-8.95231604414843,38.6349089069631],[-8.95210872397848,38.6349899118503],[-8.95204216882387,38.6351076327469],[-8.95136340980952,38.6363460087179],[-8.95116323641904,38.6367720896635],[-8.95055505345741,38.6366351711695],[-8.95013162133699,38.6365397623273],[-8.94916656052293,38.6363208152004],[-8.94727590476235,38.6358552989071],[-8.94728684185789,38.6358356031215],[-8.94748514394465,38.6354614689589],[-8.94748549253784,38.6354608116425],[-8.94764038844628,38.6354733526615],[-8.94804989935591,38.6355071917037],[-8.94818197934026,38.6355178839287],[-8.94911846593017,38.6355930087647],[-8.94990312641981,38.6340449837435],[-8.94990542999573,38.6340411166917],[-8.95000348046362,38.633876513231],[-8.95009069791304,38.6337300943492],[-8.94912025040813,38.6334792954728],[-8.94850832365761,38.6333211375968],[-8.94847514188122,38.6333125607238],[-8.94839441838041,38.6332422005911],[-8.94805179921732,38.6330362380803],[-8.94789378179821,38.6328950996214],[-8.94776067261837,38.6327553972528],[-8.94772291903675,38.6326816548467],[-8.94775632102002,38.6326018571641],[-8.94836735177706,38.6315141061359],[-8.94881208073069,38.6307521685521],[-8.94906897639966,38.6304137364889],[-8.94989307557092,38.6294672634683],[-8.95042244657069,38.6288887574023],[-8.95071237089365,38.6286023434583],[-8.95112038766757,38.6282389818354],[-8.95153974483734,38.6278034780726],[-8.95160860014459,38.6277386801884],[-8.95214722749504,38.627087945525],[-8.95260045789734,38.6265722960276],[-8.95274700178345,38.6263822790396],[-8.9529261770571,38.6262037428796],[-8.9529431418543,38.6261495230076],[-8.95246217984129,38.6260563638699],[-8.95187359379454,38.6258770815951],[-8.95138681464179,38.6257879132949],[-8.95087901249439,38.6257038524837],[-8.95051695856428,38.6256066364385],[-8.95067761652085,38.6253062774238],[-8.9509757073746,38.6248279901802],[-8.95110105702416,38.6246694518166],[-8.95123289078396,38.6243596404177],[-8.95138347544398,38.6238952533479],[-8.95147839525922,38.6235856998045],[-8.95156331669204,38.6232264957396],[-8.95160981827898,38.622943585392],[-8.95164334815076,38.6223996254489],[-8.95166531645908,38.6219884640443],[-8.95169313873486,38.621823387248],[-8.95171526718831,38.6216920947418],[-8.95173027375455,38.6216720844773],[-8.95226797029743,38.6219114209288],[-8.9523227406936,38.6219348549553],[-8.95385496427266,38.622561379803],[-8.95386001844514,38.6225634463958],[-8.9538650726179,38.6225655129883],[-8.95437838886587,38.6227641849291],[-8.95500494713353,38.6230154476398],[-8.95521720558618,38.623101921671],[-8.95538976123936,38.6231703950579],[-8.95543453530718,38.6231873822892],[-8.95585765788781,38.6233592770384],[-8.95618756475628,38.6235299460423],[-8.95631723648391,38.6236130453465],[-8.95704679996976,38.6240814553929],[-8.95810383801255,38.624758098156],[-8.95837616673494,38.6249324206207],[-8.95858720200709,38.6250675067355],[-8.95885362450993,38.6252123537241],[-8.9585135051512,38.6257040605352],[-8.95788248561966,38.6266162978082],[-8.9585881468365,38.6269824485095],[-8.95920505442416,38.6273196983987],[-8.95947744859903,38.6274667240109],[-8.95979376528584,38.6276374551842],[-8.95979497914801,38.6276384591198],[-8.96026197972246,38.628024264097],[-8.96089866660894,38.6285451883358],[-8.96132792081526,38.6282328152638],[-8.96247762844082,38.6273961401653],[-8.96247884811343,38.6273952532277],[-8.96247951718824,38.6273958150954],[-8.96249232461264,38.6273936046947],[-8.96254181618207,38.6274356397399],[-8.96287545195871,38.6277275674031],[-8.96292269604045,38.6277675580661],[-8.96339151570374,38.6281643950306],[-8.96361230069535,38.6283595607409],[-8.96389786051423,38.6286089165102],[-8.96447992569207,38.6291171795995],[-8.96531034342801,38.629873078338],[-8.96534781450926,38.6299059625506],[-8.96546141554344,38.630021412199],[-8.96570201261599,38.6302659216714],[-8.96626278493712,38.6306783313327],[-8.96635793907273,38.6307483096889],[-8.9667388478921,38.6310533997123],[-8.96719215910567,38.6314028317937],[-8.9675885778862,38.6317268713714],[-8.96777105590504,38.6318760312014],[-8.9678139798983,38.6319006215711],[-8.96784164209679,38.6319164667475],[-8.96786828348652,38.6319317291698],[-8.96828424589281,38.6320834882482],[-8.96828430126378,38.6320835094724],[-8.96828433586019,38.6320835218367],[-8.96857352041556,38.6321890264934],[-8.96857596413517,38.6321935653433],[-8.96857586727749,38.6321935318042],[-8.96857603455138,38.632193695458],[-8.96961310932797,38.6332108083782],[-8.96977015812756,38.6333841606474],[-8.9699594750522,38.6335964635383],[-8.97021359001557,38.6339391866343],[-8.97031264354983,38.6340958728358],[-8.97040646397933,38.6342487103048],[-8.97060065437823,38.6346600707263],[-8.97071545120955,38.6350050861601],[-8.97068029356173,38.6350831111264],[-8.9706612306435,38.6351611361607],[-8.97066601866734,38.6352333783909],[-8.97069255239791,38.635304069579],[-8.97073517989594,38.6353747617366],[-8.97079361240319,38.635436528083],[-8.97087681395798,38.6360608405062],[-8.97141027277674,38.6400633939597],[-8.97143635771447,38.6402590952542],[-8.9681705797164,38.6401418155192],[-8.96599709037477,38.6400634051993],[-8.96537259404924,38.6400347422382],[-8.96512481204284,38.6400229178486],[-8.964520634408,38.639967814789],[-8.96422830032859,38.6399406850779],[-8.96343031033933,38.6398110752342],[-8.96239767965906,38.6395890852346],[-8.96094193363692,38.6392380014814],[-8.95940792922327,38.6388591560619],[-8.95930173503172,38.6388329304213]]]}},{"type":"Feature","id":"CRUS_Moita_V.380079","properties":{"Area_Ha":36.0058969393645,"Autor":"DGT","Categoria":"Área de Edificação Dispersa","Classe":"Solo Rústico","DTCC":"1506","Data_PublicacaoPDM":"2025-04-14T00:00:00","Designacao_PlantaOrdenamento":"Solo Rústico - Áreas de Edificação Dispersa","Escala_PlantaOrdenamento":"1/12000","Fonte":"CM - Vectorial e Raster","ID":380079,"Municipio":"MOITA"},"geometry":{"type":"Polygon","coordinates":[[[-8.98979163434719,38.6311088147053],[-8.99074975353472,38.6311290029907],[-8.99076581818449,38.6311291518639],[-8.99081392297523,38.6310763351411],[-8.99064745053045,38.6301181569122],[-8.98968967261527,38.6302346667516],[-8.98828770119846,38.6208775377384],[-8.98774965601675,38.6199405353934],[-8.98820648853485,38.6197619158692],[-8.98745966597923,38.6186174429374],[-8.98746553659719,38.6185595481309],[-8.98779110180874,38.6178780924685],[-8.98838980160475,38.6166248940022],[-8.98900787350305,38.6157730480133],[-8.98865720717311,38.6156310322297],[-8.99074438615741,38.6129625851729],[-8.99132986863348,38.6125412620691],[-8.99212770763613,38.6123743449273],[-8.99213310752882,38.6123732153011],[-8.99213359999363,38.6123731125963],[-8.99208566141229,38.6132543168197],[-8.99203538582794,38.6141475927239],[-8.99199579636942,38.6146883887048],[-8.99149286669673,38.614580015596],[-8.991175388425,38.6145155670104],[-8.9910728671595,38.614961198442],[-8.99096011875858,38.6154964481687],[-8.99087303289897,38.6158312834131],[-8.99087249869015,38.6158321250846],[-8.99045665005576,38.616488035539],[-8.99003537690131,38.6170311502987],[-8.9899398446484,38.6171827179066],[-8.98979939001556,38.6174699000922],[-8.9894387167002,38.6182094314586],[-8.98928756447563,38.6185297105459],[-8.98928758437908,38.6185297428295],[-8.98955421289837,38.6189457284818],[-8.9900328588062,38.619664017241],[-8.99024965465763,38.6201354967193],[-8.99036908256822,38.6205204996515],[-8.99036908806152,38.6205205752794],[-8.99056857083147,38.6216803620196],[-8.9905685843408,38.6216804357871],[-8.99096709755068,38.6240090090059],[-8.99096711220909,38.624009082765],[-8.99097366847799,38.6240554922117],[-8.99097634570944,38.6240744274437],[-8.99081705463603,38.6240686644584],[-8.99099490878973,38.6246933123057],[-8.99100556555864,38.6247307412226],[-8.99108171876779,38.6248195396242],[-8.99129048991279,38.6262958018054],[-8.99129049610491,38.6262958395941],[-8.99150736542083,38.6278880569391],[-8.99157250910469,38.6283561245841],[-8.9916551609159,38.628665232834],[-8.99165658167389,38.6286705470967],[-8.99155437281578,38.6286963558303],[-8.99151666917933,38.6287058765865],[-8.99151350115929,38.628706676329],[-8.99168516113233,38.6294289860945],[-8.99183703523954,38.6302540898233],[-8.9918402493718,38.6302633112434],[-8.99137916021547,38.6306618349733],[-8.99047426744252,38.6314439229622],[-8.9898477412568,38.6319854079344],[-8.98983171218235,38.6317349794987],[-8.98980967340619,38.6313906514042],[-8.98979645769849,38.6311841780714],[-8.98979163434719,38.6311088147053]]]}},{"type":"Feature","id":"CRUS_Moita_V.380080","properties":{"Area_Ha":25.3597040015933,"Autor":"DGT","Categoria":"Espaço Natural e Paisagístico","Classe":"Solo Rústico","DTCC":"1506","Data_PublicacaoPDM":"2025-04-14T00:00:00","Designacao_PlantaOrdenamento":"Solo Rústico - Espaços Naturais e Paisagísticos - Proteção à Rede Hídrica","Escala_PlantaOrdenamento":"1/12000","Fonte":"CM - Vectorial e Raster","ID":380080,"Municipio":"MOITA"},"geometry":{"type":"Polygon","coordinates":[[[-8.97210820692657,38.6637139818627],[-8.97226995739419,38.663550453035],[-8.97287801827574,38.6639985555425],[-8.97287873019528,38.6639988143672],[-8.97294652242198,38.6640234150553],[-8.97335876668587,38.6641730093228],[-8.97369009724105,38.6645449160705],[-8.97425185629598,38.6652696517214],[-8.97412918369337,38.6655264653177],[-8.9741292596237,38.6655265719675],[-8.97428262385849,38.665742055152],[-8.97468595341358,38.6658179472107],[-8.97489062197162,38.6661119646575],[-8.97489287570368,38.6661168235957],[-8.975200263659,38.6667794754423],[-8.975200282516,38.6667795158428],[-8.97510385949411,38.667134725518],[-8.97525797951477,38.6674093703826],[-8.97578383735396,38.6672085821898],[-8.97625568824558,38.6666929901514],[-8.97639564834881,38.665760193581],[-8.97661714109815,38.6653449042727],[-8.97691362020933,38.664889674147],[-8.9771078600288,38.6642973271819],[-8.97705434326819,38.6640219848798],[-8.97705433169158,38.6640218795691],[-8.97718257252665,38.6639288639281],[-8.97655316850387,38.6637019306613],[-8.97654990782202,38.6637007552023],[-8.97624114827286,38.6635894293484],[-8.97584865432764,38.6634479110776],[-8.97509007417387,38.6630300361165],[-8.97467856443161,38.6619500389358],[-8.9742849942407,38.6609302110121],[-8.97416541218892,38.6606203414498],[-8.97399586601915,38.660391498154],[-8.97364249044857,38.6599145271732],[-8.97413613660283,38.6585298290184],[-8.97433093963101,38.6576120484504],[-8.97435427979859,38.6575020848688],[-8.974354766512,38.6574997924186],[-8.97431554569593,38.6562903108234],[-8.97454001728045,38.6562762300262],[-8.97458209795338,38.6575398177293],[-8.97436269461308,38.6585423604759],[-8.9743588187838,38.6585600720841],[-8.97390103831355,38.6598739757082],[-8.9743813733261,38.6605579127813],[-8.97529015157111,38.6629257785906],[-8.97597054256725,38.6632921086252],[-8.97699206943343,38.6636570476388],[-8.97691115798203,38.663516758894],[-8.9768865890615,38.66347415958],[-8.97682804086858,38.6631568569651],[-8.97673198242158,38.6626321873278],[-8.97718340724122,38.6594764572427],[-8.97740677307982,38.6594902056961],[-8.97721998003258,38.6608055129132],[-8.97696179043172,38.6626234870795],[-8.97705259960346,38.6631156302724],[-8.97711119912425,38.6634251854743],[-8.97734546911489,38.6638126175573],[-8.97738818970125,38.6638129784928],[-8.97751983603344,38.6635554886349],[-8.97764314110599,38.6633143120855],[-8.97838375896616,38.6628569955215],[-8.97865794012617,38.662687690905],[-8.97865813061299,38.662687573324],[-8.97918068451566,38.662282379333],[-8.9792144266666,38.6622550182982],[-8.97921462126965,38.6622548601503],[-8.97921467809153,38.6622549047795],[-8.97921481588329,38.6622547029031],[-8.9792153444768,38.6622539297913],[-8.97921522496176,38.6622538297656],[-8.97921510776557,38.6622537315248],[-8.97921551875673,38.6622534114681],[-8.97921590242012,38.6622531123277],[-8.97921626901027,38.6622528268228],[-8.97939027168489,38.662388794017],[-8.97939049205342,38.6623907273531],[-8.97938783913173,38.6623927706583],[-8.97935764582132,38.6624203132517],[-8.97879316178298,38.6628351561558],[-8.97872435913385,38.6628775014246],[-8.97783130039552,38.6634302175065],[-8.97782492937089,38.6634420334443],[-8.97764487063375,38.6637912851638],[-8.97782108332789,38.6637932582873],[-8.9780204195661,38.6638260311011],[-8.97806101782465,38.6640738133539],[-8.97788775089928,38.6643114606],[-8.97758896435272,38.6645697154292],[-8.97751907504595,38.6650430086317],[-8.977374428115,38.6655759405385],[-8.97706136752483,38.6667601734402],[-8.97661305237402,38.6671377028236],[-8.9757881610424,38.6675770460839],[-8.97526599724847,38.668092999382],[-8.97506825282689,38.668389916826],[-8.97522408339719,38.6688083925864],[-8.97545460645514,38.6691613209002],[-8.97578314789234,38.6693555026612],[-8.97633352365041,38.6690367821526],[-8.97693299119802,38.6686778613852],[-8.97750799833194,38.6683782132494],[-8.97763163859822,38.6682965327674],[-8.9779118951378,38.6681225451471],[-8.97802622264953,38.6680643974814],[-8.97787224489161,38.6674186101601],[-8.97788048343266,38.6672302121469],[-8.9780221257332,38.6668279443292],[-8.97812310554219,38.6665242344293],[-8.97827792960732,38.6663849673874],[-8.97894621215637,38.6661204009768],[-8.97907918772928,38.6657074848398],[-8.97941954391064,38.6655215303729],[-8.98034386462985,38.6654244625539],[-8.98131100683645,38.664106528168],[-8.9813794992011,38.6639752011872],[-8.98130109356484,38.6636665944787],[-8.98139845458056,38.6635812144941],[-8.9813986297052,38.6635810609879],[-8.98228454622812,38.6628071273148],[-8.9834599097311,38.6620211092283],[-8.98328165874204,38.6618251087702],[-8.98391549978493,38.6604580935574],[-8.9841134614685,38.6600311371115],[-8.98432442488173,38.6595761300831],[-8.98386413340319,38.65943295922],[-8.98361670313782,38.6573283776965],[-8.98405397514424,38.6572495035361],[-8.98407036576473,38.6573820487252],[-8.98429275584934,38.6591803843006],[-8.98462504724252,38.6592791514339],[-8.98487799522892,38.6593543349187],[-8.98449643343932,38.6602264400151],[-8.98433381601472,38.6605981150601],[-8.9838222394824,38.6617673380084],[-8.98412019678294,38.662058107964],[-8.98257080755627,38.6631038926703],[-8.98180740816729,38.6637642893313],[-8.98185106244699,38.6639128495602],[-8.98187590193012,38.6639973765374],[-8.98187786437054,38.6640006898713],[-8.98179632526132,38.6640489701821],[-8.98170409531656,38.6641709553216],[-8.98160530280845,38.6643158630438],[-8.98142510720824,38.6645801737242],[-8.98139566026756,38.6645709765834],[-8.98138058334344,38.6645662675225],[-8.98118914100143,38.6648615101777],[-8.98117953796965,38.6648767962092],[-8.9810336029158,38.6651090891558],[-8.98073616981489,38.6654988984325],[-8.98070294083639,38.6655345859216],[-8.98046888759393,38.6657755716882],[-8.97958704068309,38.6658662589932],[-8.97948631590145,38.6659303532547],[-8.97935163841511,38.6663375160919],[-8.97892330971877,38.6665623178175],[-8.97855904290206,38.6670337673629],[-8.97848497546791,38.6673172068514],[-8.97847277309916,38.6677416516458],[-8.97836470234482,38.6680590169876],[-8.97818053706006,38.6684483847903],[-8.97818019848483,38.6684491015749],[-8.9778102125028,38.668684399006],[-8.9773057949211,38.6690076824998],[-8.97709601636051,38.6692028622938],[-8.97708624632241,38.6692119732717],[-8.97698973342919,38.6693019664484],[-8.97695893984848,38.6693305729845],[-8.97694502989976,38.6693442899079],[-8.97665175716849,38.6696342251816],[-8.97665136884596,38.6696344252586],[-8.97642409300691,38.6697512807564],[-8.97580696178265,38.670068581077],[-8.975779841273,38.6701439747561],[-8.97602421202295,38.6706102034584],[-8.97604357637319,38.6706713987816],[-8.97605237436461,38.6706992035639],[-8.97608053793742,38.670788204553],[-8.97608397904507,38.6707965076893],[-8.97609820707753,38.6708308428978],[-8.97611004276239,38.6708606679041],[-8.97611004213504,38.6709117579399],[-8.97611614485682,38.6709297949016],[-8.97611829856572,38.6711403757677],[-8.9761183002715,38.6711407171604],[-8.97605202801444,38.6713497661979],[-8.97611310153729,38.6714303939052],[-8.97624226501229,38.6714429334741],[-8.97632532092987,38.6714622929226],[-8.9763579006373,38.6714962174353],[-8.97636286502684,38.6715345523086],[-8.97640640913557,38.6718708176138],[-8.97628821978819,38.6720602738599],[-8.97625524283498,38.6721817562626],[-8.97603368889018,38.6723584867383],[-8.97620917838814,38.6726535954416],[-8.976416855021,38.672759869494],[-8.9769489749863,38.6726617244283],[-8.97744098609063,38.6720788888019],[-8.97780426361368,38.672251392814],[-8.97790826074976,38.6723179993023],[-8.97738200832731,38.6729145555745],[-8.97695911041166,38.6735238344023],[-8.97682403564285,38.6737403560236],[-8.97641199863882,38.673810689884],[-8.97678335844942,38.6746701918361],[-8.9766138139404,38.6748815732263],[-8.97661689739135,38.6751450766667],[-8.97661824644487,38.6752587465848],[-8.97668251771196,38.6763360109741],[-8.9768261501121,38.6768468943807],[-8.97699975366421,38.6769803561119],[-8.9768601235187,38.6797363076851],[-8.97677806997894,38.6800736910322],[-8.97718242664577,38.6802568332802],[-8.97718016846091,38.680257908923],[-8.976606820346,38.680531100204],[-8.97660526625446,38.6805319500607],[-8.97660519316623,38.6805319893224],[-8.97678033548961,38.6807099344291],[-8.97640091501873,38.6806599658906],[-8.97618650318715,38.6807967250209],[-8.97624456883164,38.6807314594013],[-8.97630579354533,38.6806512104383],[-8.9763112080393,38.6806130665288],[-8.97646866922788,38.6805072560012],[-8.97661545606087,38.6804025140364],[-8.97662170860402,38.6803672484387],[-8.97660822522899,38.68034455447],[-8.9765591854655,38.6803376143598],[-8.97644025316616,38.6803384738586],[-8.97633208589924,38.6803558249915],[-8.9762898616631,38.6801364289499],[-8.97629919473527,38.6800306965483],[-8.97631923838007,38.6799374098865],[-8.97620212448159,38.6798677240408],[-8.97612940448925,38.6797522248086],[-8.97609113420923,38.6796446763268],[-8.97609011120262,38.67955766881],[-8.97609645800994,38.679422862894],[-8.97609604506469,38.6793876624788],[-8.97609546040448,38.6793379225345],[-8.9760599327927,38.6792386398531],[-8.97605920259119,38.6791764905892],[-8.97610306377482,38.6790849248639],[-8.97612141135372,38.6790456220782],[-8.97617782941401,38.678924764467],[-8.97624430054781,38.6787232232598],[-8.97628607636077,38.6785692477216],[-8.97629559032633,38.6783863935069],[-8.97629339216803,38.6781990539523],[-8.97628178518741,38.6778649449531],[-8.9763045500021,38.6777776740271],[-8.97642177286397,38.6776318003468],[-8.97645772268817,38.6775423597625],[-8.97643999370231,38.6773829580014],[-8.9764337541323,38.6773021991132],[-8.97644582343801,38.6772046460355],[-8.97650299537696,38.6771213607249],[-8.97659459110454,38.6770439507799],[-8.97669275058404,38.6769873938635],[-8.9766902598179,38.6769317412657],[-8.97666291411181,38.676863748576],[-8.97663763234029,38.6768248342476],[-8.97659639916696,38.6767875717314],[-8.97642902486283,38.6767331090948],[-8.9763930593607,38.6766943636321],[-8.9763730860328,38.6766569477389],[-8.97638966428466,38.6765525160374],[-8.97637464959308,38.6764774981725],[-8.97630122286431,38.6762721029517],[-8.97625878308575,38.6761221575602],[-8.97625576464223,38.6760121902804],[-8.97627364396605,38.6758715368916],[-8.97630170688076,38.6756973938585],[-8.97620864101119,38.6756298757493],[-8.97615288481134,38.6755592943335],[-8.97604592024394,38.6750618352004],[-8.97593958378195,38.674754889639],[-8.97584644951674,38.6743784896221],[-8.97575963605827,38.6740896885978],[-8.97569861903776,38.6738645677587],[-8.97561303772283,38.6735243199985],[-8.97552645624885,38.673235432405],[-8.97542096461217,38.6728632637436],[-8.97539134220697,38.6726102618884],[-8.97538029768676,38.6722764114499],[-8.97540575172557,38.6720075244887],[-8.9754686515266,38.6717760133384],[-8.97557140179822,38.6714553111036],[-8.97566394196592,38.6711553044372],[-8.97574990815298,38.6709221874514],[-8.9757540990803,38.6708191997977],[-8.97572230192988,38.6706747587641],[-8.97562650597853,38.6705210536722],[-8.97549225894032,38.670263224886],[-8.97535501987172,38.6700540564282],[-8.9752028737607,38.669787975089],[-8.97511031053833,38.6696158689478],[-8.97500071804271,38.669343987853],[-8.97486406668382,38.6690373492554],[-8.97478004405741,38.6688388814558],[-8.97471149306623,38.6685778683672],[-8.97470506715616,38.6684902698842],[-8.97471128952863,38.6684136593877],[-8.97472751470915,38.6682883307387],[-8.97476504443376,38.6681669023993],[-8.97482771607046,38.6680634875712],[-8.97477610992791,38.6678955011876],[-8.97469049852752,38.6677083038754],[-8.97461039346042,38.6675305199253],[-8.97459561144898,38.6674750456993],[-8.97454865894161,38.6672527071609],[-8.97450021556406,38.6670609184178],[-8.97443381124707,38.6668457415232],[-8.97437528220799,38.6666945605977],[-8.97434283934385,38.6666419166753],[-8.97446575808878,38.6665422159866],[-8.9743381309817,38.6663968441178],[-8.97414055737097,38.6661854055719],[-8.97399411866381,38.6660224830678],[-8.97384218715592,38.6658534482559],[-8.97371446203747,38.6656999709365],[-8.97353285971188,38.6654363706972],[-8.97351611320448,38.6654120620823],[-8.97349215757981,38.6653384627398],[-8.97346483514111,38.6652816371595],[-8.97339793387772,38.665170689971],[-8.97326818587846,38.6649856984749],[-8.97320852855274,38.6649006405357],[-8.97305017219097,38.6647013512942],[-8.97287941859175,38.6645328665106],[-8.97278799495536,38.664447227495],[-8.97267528267602,38.664368768404],[-8.97249839497899,38.6642448286842],[-8.97244103583269,38.6641937169232],[-8.97236418926235,38.6641455338592],[-8.97225999770661,38.664081676537],[-8.97196933946433,38.6639035354785],[-8.97199175118491,38.6638546384421],[-8.97210569315283,38.6637439219621],[-8.97210820692657,38.6637139818627]]]}},{"type":"Feature","id":"CRUS_Moita_V.380081","properties":{"Area_Ha":6.16711705730769,"Autor":"DGT","Categoria":"Área de Edificação Dispersa","Classe":"Solo Rústico","DTCC":"1506","Data_PublicacaoPDM":"2025-04-14T00:00:00","Designacao_PlantaOrdenamento":"Solo Rústico - Áreas de Edificação Dispersa","Escala_PlantaOrdenamento":"1/12000","Fonte":"CM - Vectorial e Raster","ID":380081,"Municipio":"MOITA"},"geometry":{"type":"Polygon","coordinates":[[[-9.00198513798441,38.6392945602647],[-9.00198504321407,38.6392945114242],[-9.0019854347564,38.6392945022104],[-9.00187413388516,38.6389560034467],[-9.00128943198784,38.637177688851],[-9.00136465943216,38.6371117183542],[-9.00137145923075,38.6371118651642],[-9.00246848554183,38.6371355381919],[-9.00445597256646,38.6372122018517],[-9.00467667033515,38.638002349227],[-9.00480600143282,38.6383573876389],[-9.00491010248418,38.6385622249219],[-9.00511458482942,38.6389645763163],[-9.0051123740106,38.6389639225946],[-9.00510994020521,38.638964297456],[-9.00314119814476,38.6392676665055],[-9.0021820087473,38.6392903711477],[-9.00201878998188,38.6392946265021],[-9.00198716787409,38.6392954505003],[-9.00198722876109,38.6392956419201],[-9.00198513798441,38.6392945602647]]]}},{"type":"Feature","id":"CRUS_Moita_V.380082","properties":{"Area_Ha":6.99691310673662,"Autor":"DGT","Categoria":"Espaço Agrícola","Classe":"Solo Rústico","DTCC":"1506","Data_PublicacaoPDM":"2025-04-14T00:00:00","Designacao_PlantaOrdenamento":"Solo Rústico - Espaços Agrícolas","Escala_PlantaOrdenamento":"1/12000","Fonte":"CM - Vectorial e Raster","ID":380082,"Municipio":"MOITA"},"geometry":{"type":"Polygon","coordinates":[[[-8.99477235016167,38.6789325764731],[-8.99505239522802,38.6788088540479],[-8.99521622805583,38.6787364830615],[-8.99521687278332,38.6787361990601],[-8.99639290075178,38.6782234015825],[-8.99718123496427,38.6778796437039],[-8.99823124903123,38.6774217654549],[-9.00048277825465,38.6764382906199],[-9.00050179002536,38.6764307098896],[-9.00050703559092,38.6764354497418],[-9.0005204412007,38.6772434430241],[-9.00034315434214,38.677346150316],[-8.99992303935646,38.6775913915319],[-8.99933295267962,38.6780897465163],[-8.99908082567351,38.6782530716915],[-8.9971871856053,38.6793460860611],[-8.99690823631616,38.6795554744774],[-8.99682777001313,38.6797062334059],[-8.99674730378973,38.6799943303692],[-8.99666147292747,38.6801325256695],[-8.99652736284776,38.6801702145465],[-8.99571197127387,38.6800236447907],[-8.99558322481426,38.6799566414318],[-8.99549739480227,38.679784943715],[-8.99523453814032,38.6794666753727],[-8.99479465589124,38.6790227716117],[-8.99477783215693,38.6789541742564],[-8.99477235016167,38.6789325764731]]]}},{"type":"Feature","id":"CRUS_Moita_V.380083","properties":{"Area_Ha":66.5609752017071,"Autor":"DGT","Categoria":"Área de Edificação Dispersa","Classe":"Solo Rústico","DTCC":"1506","Data_PublicacaoPDM":"2025-04-14T00:00:00","Designacao_PlantaOrdenamento":"Solo Rústico - Áreas de Edificação Dispersa","Escala_PlantaOrdenamento":"1/12000","Fonte":"CM - Vectorial e Raster","ID":380083,"Municipio":"MOITA"},"geometry":{"type":"Polygon","coordinates":[[[-8.95305415590304,38.6515177822369],[-8.95323040511931,38.6515638202086],[-8.95333971892233,38.6513064773219],[-8.95387541308294,38.6500453412395],[-8.95423223010568,38.6492223218028],[-8.95433390570623,38.6487101674433],[-8.9543630642896,38.64860532476],[-8.95466314066449,38.6483722907574],[-8.95507423430269,38.6482522220155],[-8.95548532591646,38.6481313933647],[-8.95623876150409,38.6475579980246],[-8.95632852044663,38.647615517223],[-8.95659973063124,38.6477893147143],[-8.95665718652314,38.6478261334596],[-8.95716497651542,38.6479931598381],[-8.95771904016205,38.6481754030708],[-8.95784340786674,38.6482163094229],[-8.95965053216124,38.6488106844189],[-8.95943064932268,38.6480435551967],[-8.95933013790429,38.6476928803273],[-8.95923291464376,38.6473536773487],[-8.95916300252315,38.6471097599598],[-8.95910753621141,38.6469162371681],[-8.95900357633273,38.6465180361792],[-8.95948245235363,38.6461029124215],[-8.95950520863843,38.6459924358717],[-8.95959039513209,38.6455788787914],[-8.95962378599312,38.6454167728613],[-8.9599978974397,38.6454179844752],[-8.96007164377977,38.6450361316945],[-8.96008467593746,38.6449686518256],[-8.96024197866508,38.6441224030691],[-8.96000857798451,38.6441059891937],[-8.95994758302291,38.6444457552303],[-8.9587542607335,38.6443454758142],[-8.95875431396534,38.6443441089105],[-8.95876148053735,38.64415966083],[-8.95876909074572,38.6440055668927],[-8.95877434602974,38.6438378405062],[-8.95878174037599,38.6436630384719],[-8.95878934203594,38.643509607577],[-8.95879780696566,38.6432644528529],[-8.95934378038841,38.6433480584746],[-8.95958138548879,38.6433844419575],[-8.95968991927492,38.6434010616478],[-8.95978729767961,38.6434159728633],[-8.96001916277656,38.6434410908578],[-8.960188811936,38.6434553917679],[-8.96039903482814,38.6422627206098],[-8.96041260834634,38.6421854495505],[-8.96522123254028,38.6427305736857],[-8.96522123503789,38.6427304916943],[-8.9652220099388,38.6427307546235],[-8.96522196493043,38.6427314314515],[-8.96519618758215,38.643143085595],[-8.96517397816642,38.6434772186086],[-8.96517316638994,38.6434773432894],[-8.96512937113946,38.6438069365937],[-8.96506579833842,38.6441431707609],[-8.96511942396213,38.6441449423042],[-8.96831404737129,38.6442391610327],[-8.96897981241479,38.6442562603379],[-8.96901737449364,38.6442572251456],[-8.96899073881238,38.6444697748715],[-8.96885644887743,38.6455413456612],[-8.96999370504751,38.6456000020291],[-8.97107616028964,38.6457142180324],[-8.97299894162759,38.645917074936],[-8.97256490047273,38.6466313742296],[-8.97222624494669,38.6470587116863],[-8.9721626039907,38.6471348405873],[-8.97178149766873,38.6475601967703],[-8.97113265688712,38.6481255567427],[-8.97007017479748,38.6489143984544],[-8.96922852495359,38.6495073074067],[-8.96922466929461,38.6495100238782],[-8.96922465698123,38.6495092609817],[-8.96922104863404,38.6492905282147],[-8.96920869957566,38.6485417313603],[-8.96920525813902,38.6482251695795],[-8.9692034569589,38.6480594202053],[-8.96904813468192,38.6464663370508],[-8.96881961374383,38.6458181958365],[-8.96881949765046,38.6457325540779],[-8.9688194651383,38.6457089891537],[-8.96713295001921,38.6457014698806],[-8.96628480016494,38.6456995713667],[-8.96485784937716,38.6456963642444],[-8.9626065458134,38.6456560329636],[-8.96129867735783,38.6455270038289],[-8.96104667697771,38.6467855505159],[-8.96104656616722,38.6467861025953],[-8.96141605770073,38.6470952775671],[-8.96146831835468,38.6472835855309],[-8.96152057815251,38.6474718943712],[-8.96179761676223,38.648470129809],[-8.96286354453432,38.6482834038075],[-8.96230930660501,38.651610367488],[-8.96151651803227,38.651606239708],[-8.96068071477775,38.6516323618548],[-8.96040473565329,38.6516433248083],[-8.95948784598734,38.6517164215272],[-8.95685612101946,38.6519348283359],[-8.95579278143762,38.6519527078816],[-8.95355338703525,38.6519852091919],[-8.95326260146785,38.6519894265175],[-8.95322425280256,38.6518917018278],[-8.95309838094189,38.6516325226088],[-8.95305415590304,38.6515177822369]]]}},{"type":"Feature","id":"CRUS_Moita_V.380084","properties":{"Area_Ha":1.28408539775005,"Autor":"DGT","Categoria":"Espaço Natural e Paisagístico","Classe":"Solo Rústico","DTCC":"1506","Data_PublicacaoPDM":"2025-04-14T00:00:00","Designacao_PlantaOrdenamento":"Solo Rústico - Espaços Naturais e Paisagísticos - Proteção à Rede Hídrica","Escala_PlantaOrdenamento":"1/12000","Fonte":"CM - Vectorial e Raster","ID":380084,"Municipio":"MOITA"},"geometry":{"type":"Polygon","coordinates":[[[-8.95882923787233,38.6390028469196],[-8.95891173668996,38.6389228914976],[-8.95891148544968,38.6389228167022],[-8.95904042357506,38.6387979792905],[-8.95906554663153,38.6387736547972],[-8.95906613985923,38.6387738055482],[-8.95906797322904,38.6387720306192],[-8.95915673017276,38.6386860954001],[-8.96005336030854,38.6378179555926],[-8.9605403797998,38.6368471551089],[-8.96092122991941,38.6363407455974],[-8.96179200973045,38.6350793452765],[-8.9623687404936,38.6339850551402],[-8.96237719090694,38.63398774902],[-8.96258151004251,38.6340528957038],[-8.96203843946201,38.6351007250733],[-8.96118849046218,38.6363319656569],[-8.96112098004922,38.6364297553554],[-8.96075431978853,38.6369127152109],[-8.96025414042941,38.6379097754491],[-8.95930223449053,38.6388314162351],[-8.95930113038237,38.6388324851872],[-8.95930168096339,38.638832622726],[-8.95930173503172,38.6388329304213],[-8.95930075569114,38.6388338624698],[-8.9591940372757,38.6389354554998],[-8.95913092797943,38.6389965580803],[-8.95906619533653,38.6390592313904],[-8.95896990223637,38.6390362802535],[-8.95882923787233,38.6390028469196]]]}},{"type":"Feature","id":"CRUS_Moita_V.380085","properties":{"Area_Ha":4.03334246868932,"Autor":"DGT","Categoria":"Espaço Natural e Paisagístico","Classe":"Solo Rústico","DTCC":"1506","Data_PublicacaoPDM":"2025-04-14T00:00:00","Designacao_PlantaOrdenamento":"Solo Rústico - Espaços Naturais e Paisagísticos - Salinas e Viveiros","Escala_PlantaOrdenamento":"1/12000","Fonte":"CM - Vectorial e Raster","ID":380085,"Municipio":"MOITA"},"geometry":{"type":"Polygon","coordinates":[[[-9.04427873959192,38.6765615335156],[-9.04427911195198,38.6765621710833],[-9.04513929511001,38.6762696315035],[-9.04513940219333,38.6762780693634],[-9.04514829694936,38.6768510871691],[-9.04514630808165,38.6771286346417],[-9.04516193181417,38.6772458852273],[-9.04516676433171,38.677273076019],[-9.04519795003422,38.6774485527433],[-9.0452410224246,38.6777038566089],[-9.04522657711719,38.6777049997874],[-9.04522711728315,38.6777088978394],[-9.04429907294509,38.6781821240833],[-9.04329592643625,38.6787684184845],[-9.04299551888486,38.6789108034551],[-9.04259318797501,38.6789694321707],[-9.04238397508158,38.6789024279538],[-9.04221231399527,38.6787097896607],[-9.04221231375982,38.6784585205445],[-9.04243225498715,38.6780858044666],[-9.04263073842428,38.6780271746211],[-9.04323155309818,38.6775204441564],[-9.043419307916,38.6772272921164],[-9.04354268985836,38.6767163680502],[-9.04386991929855,38.676636798171],[-9.04404694462993,38.6764985960128],[-9.04412204621028,38.6763059514264],[-9.04426688612957,38.6765656028985],[-9.04427873959192,38.6765615335156]]]}},{"type":"Feature","id":"CRUS_Moita_V.380086","properties":{"Area_Ha":2.85775631205169,"Autor":"DGT","Categoria":"Área de Edificação Dispersa","Classe":"Solo Rústico","DTCC":"1506","Data_PublicacaoPDM":"2025-04-14T00:00:00","Designacao_PlantaOrdenamento":"Solo Rústico - Áreas de Edificação Dispersa","Escala_PlantaOrdenamento":"1/12000","Fonte":"CM - Vectorial e Raster","ID":380086,"Municipio":"MOITA"},"geometry":{"type":"Polygon","coordinates":[[[-8.94950328854295,38.6384847441823],[-8.94950350400199,38.6384838932141],[-8.94992580130861,38.6368328073987],[-8.94992581425132,38.6368327334419],[-8.94995182977679,38.6366849530079],[-8.94995206940009,38.6366836010191],[-8.94995432023888,38.6366833781166],[-8.95105528509829,38.6369473450721],[-8.95226638635721,38.6372546684207],[-8.95226630197794,38.6372553275043],[-8.95227219850486,38.637256744629],[-8.95217578029718,38.6381688663785],[-8.9521684903134,38.6381675310703],[-8.95216838300379,38.6381684965899],[-8.95027641704728,38.6378253009409],[-8.95027472522998,38.6378249938714],[-8.9502047575265,38.638642668415],[-8.9501063077892,38.6386208672568],[-8.94952102830064,38.6384887487998],[-8.94950328854295,38.6384847441823]]]}},{"type":"Feature","id":"CRUS_Moita_V.380087","properties":{"Area_Ha":53.1658488923711,"Autor":"DGT","Categoria":"Área de Edificação Dispersa","Classe":"Solo Rústico","DTCC":"1506","Data_PublicacaoPDM":"2025-04-14T00:00:00","Designacao_PlantaOrdenamento":"Solo Rústico - Áreas de Edificação Dispersa","Escala_PlantaOrdenamento":"1/12000","Fonte":"CM - Vectorial e Raster","ID":380087,"Municipio":"MOITA"},"geometry":{"type":"Polygon","coordinates":[[[-9.01722593513317,38.6613158506714],[-9.01692991039998,38.6607954639956],[-9.01692382579347,38.6607750788382],[-9.01663613188226,38.6598112391292],[-9.01670129073106,38.6592037427517],[-9.01671355463957,38.6590913441452],[-9.01687695815341,38.6587930559262],[-9.01691477911845,38.6587409504915],[-9.01699918926806,38.6586787345791],[-9.01717694207078,38.6585872477322],[-9.01720992186525,38.6585696570754],[-9.01722994485387,38.6585589771292],[-9.01724298718035,38.6585394941386],[-9.01725983539011,38.6585131695954],[-9.01726069882677,38.6585118208704],[-9.01725303382012,38.6582724333212],[-9.01955958688806,38.6581228141312],[-9.02020408019674,38.6580809995352],[-9.02022913020388,38.6580793745697],[-9.02037950036823,38.6580582703962],[-9.02081710611547,38.6579968536122],[-9.02081942385586,38.657996527815],[-9.0208194296369,38.6579965270024],[-9.02116770885433,38.6587260523156],[-9.02116972200958,38.6587302681074],[-9.021169832906,38.6587305032761],[-9.02117334127748,38.6587379271891],[-9.02561695334986,38.6583129777487],[-9.02575406782412,38.6587982889119],[-9.02575621720483,38.6587982788142],[-9.02611947467321,38.6587966248053],[-9.0262467320866,38.6591858615076],[-9.02637188545471,38.6595686571482],[-9.02642264639993,38.6595583462269],[-9.02747261506651,38.6593450870393],[-9.02752480440806,38.6596792635268],[-9.02752766346791,38.6596790407849],[-9.02793185493579,38.6596474785114],[-9.02806113514483,38.6596363445619],[-9.02795302858718,38.6586300858739],[-9.0279276471412,38.658393832594],[-9.02792736643242,38.6583912161051],[-9.02792927649803,38.6583910861899],[-9.02897657957986,38.6580161225653],[-9.02898029094282,38.6580150645208],[-9.02898558095334,38.6580135565945],[-9.02898559548993,38.658013616837],[-9.02898658721003,38.6580132696383],[-9.03078380049735,38.6573848029268],[-9.03078876335514,38.6573902255111],[-9.03079488976314,38.6573969192075],[-9.03074575831566,38.6576772264102],[-9.0307407891307,38.6579697789059],[-9.03047778757008,38.6580444602591],[-9.03025627599447,38.658107360073],[-9.03025729610075,38.6581138929838],[-9.03033400775496,38.6585807315519],[-9.03080071223703,38.6592436344143],[-9.03084563977613,38.6596368695128],[-9.03095493991285,38.6601306364392],[-9.03093071645636,38.6604725141682],[-9.03091886426944,38.6606397698993],[-9.03085932974925,38.6607363479696],[-9.03020242708,38.6614428210066],[-9.02998942499486,38.6616307054484],[-9.02989220722575,38.661666429057],[-9.02985389238405,38.6616805087073],[-9.02953202817382,38.6616951692135],[-9.02945296433811,38.6617209769071],[-9.02941436734263,38.6617839523675],[-9.02938268785793,38.6620440813219],[-9.02932686821984,38.6631566169983],[-9.02932084732213,38.663503882108],[-9.0293973188468,38.6638779742544],[-9.02945273963049,38.6641600385956],[-9.02948589096665,38.6643287598138],[-9.02947438588645,38.6646813789237],[-9.02935090376011,38.6655316982862],[-9.02922613459057,38.6656372428762],[-9.02815768181367,38.6658809065616],[-9.0281475335286,38.6658811346557],[-9.02802839097716,38.6658826714889],[-9.02786892265494,38.6658356121319],[-9.02777685976687,38.6657801513444],[-9.02772698818264,38.6657486993538],[-9.02767412833005,38.6656730290784],[-9.02764652340849,38.6656335139128],[-9.02759577940549,38.66560709952],[-9.02748559039641,38.6655497431092],[-9.02726363801708,38.6652827207771],[-9.02726064366731,38.6652805826429],[-9.02726057136328,38.6652804967186],[-9.02706942926123,38.6651432513144],[-9.02672425330384,38.6648018895971],[-9.0265387710749,38.6646177799334],[-9.02652769102563,38.664597101064],[-9.02648455724099,38.6645110156175],[-9.02644872886761,38.6643802017396],[-9.02642611847551,38.6642931604986],[-9.02635906272713,38.6640502189303],[-9.02599495323419,38.663491553813],[-9.0259473437277,38.6632952088878],[-9.02590879184586,38.6631446961202],[-9.02586398568642,38.662960524822],[-9.02585338455738,38.662813765818],[-9.02582530314721,38.66236426407],[-9.0258869939695,38.6618825552805],[-9.02588618221772,38.6617611043664],[-9.02588433864917,38.6614847465725],[-9.02588001811508,38.6614805277587],[-9.02574385332194,38.6610645445788],[-9.02559068518256,38.6609166907887],[-9.02556378841776,38.6608908528881],[-9.02551915289198,38.6608926041113],[-9.02529749104389,38.6609013024685],[-9.02511335933708,38.6606902802683],[-9.02487788735082,38.66042041867],[-9.02466718942559,38.6600804302504],[-9.02437691017863,38.6599514990104],[-9.024376757681,38.6599513380278],[-9.0243506377905,38.6599237859971],[-9.0239678740392,38.6595200412715],[-9.02384207606889,38.6594826142781],[-9.02376614790723,38.6594966477745],[-9.02372176202022,38.6595048533689],[-9.02353745526472,38.6596205496652],[-9.02346924996381,38.6597158018982],[-9.02340242994297,38.659870528121],[-9.02338523361574,38.6599760341288],[-9.02335351966372,38.6602006603085],[-9.02333300655899,38.6603629737066],[-9.02329466584825,38.6604729203394],[-9.02314019971349,38.6608142897216],[-9.02308978850771,38.661034716203],[-9.02306888106351,38.6612938887342],[-9.02308418421202,38.661550441842],[-9.02312268056054,38.6618185189911],[-9.02309216738924,38.6618207896886],[-9.02299490183969,38.6618270534703],[-9.0226264421476,38.6618164909789],[-9.02230088052986,38.6618071568998],[-9.022292833569,38.6618532338192],[-9.02207521420118,38.6618785205793],[-9.02148792949163,38.6619491277617],[-9.02078543225924,38.6620354453753],[-9.01972529384282,38.6621692321606],[-9.01960262657907,38.6622135392403],[-9.01960718042215,38.6622203066936],[-9.01976887582537,38.662460605402],[-9.01976484464266,38.6624650129652],[-9.01971969551695,38.6625031907641],[-9.01885267086469,38.6625722737544],[-9.01867980735266,38.6624151799819],[-9.01838068761207,38.6621410831813],[-9.01836864434948,38.6621076428178],[-9.01830838071549,38.6619403161242],[-9.0181637689367,38.6618571294779],[-9.01723206414465,38.6613207749787],[-9.01722958489559,38.6613163887883],[-9.01722593513317,38.6613158506714]]]}},{"type":"Feature","id":"CRUS_Moita_V.380088","properties":{"Area_Ha":0.657173924854025,"Autor":"DGT","Categoria":"Espaço Agrícola","Classe":"Solo Rústico","DTCC":"1506","Data_PublicacaoPDM":"2025-04-14T00:00:00","Designacao_PlantaOrdenamento":"Solo Rústico - Espaços Agrícolas","Escala_PlantaOrdenamento":"1/12000","Fonte":"CM - Vectorial e Raster","ID":380088,"Municipio":"MOITA"},"geometry":{"type":"Polygon","coordinates":[[[-9.03090202503286,38.6382304191696],[-9.03092711278246,38.6381397820493],[-9.03094256630859,38.6380164358084],[-9.03101440983111,38.6378557182879],[-9.0311111043539,38.637716883329],[-9.03140370204429,38.6373552132812],[-9.03147499013774,38.6372586083434],[-9.03151166753148,38.6372089066264],[-9.0315855286815,38.6372097779711],[-9.03158728245035,38.6372138253384],[-9.03163302087096,38.6373193521645],[-9.03164004656368,38.6373355622673],[-9.03165015662977,38.6373627682474],[-9.03170279993337,38.6375044301133],[-9.03180051034181,38.6377502249061],[-9.03180247840819,38.6377614977948],[-9.03181473729228,38.6378317304921],[-9.03184335729038,38.6381627191811],[-9.03185233390437,38.6382665267232],[-9.03185539255213,38.6383488441468],[-9.03090202503286,38.6382304191696]]]}},{"type":"Feature","id":"CRUS_Moita_V.380089","properties":{"Area_Ha":19.9942167572939,"Autor":"DGT","Categoria":"Espaço Agrícola","Classe":"Solo Rústico","DTCC":"1506","Data_PublicacaoPDM":"2025-04-14T00:00:00","Designacao_PlantaOrdenamento":"Solo Rústico - Espaços Agrícolas","Escala_PlantaOrdenamento":"1/12000","Fonte":"CM - Vectorial e Raster","ID":380089,"Municipio":"MOITA"},"geometry":{"type":"Polygon","coordinates":[[[-9.01951945199821,38.6323431418719],[-9.01970648437085,38.6323967423812],[-9.02093798319147,38.632741218938],[-9.02113280740313,38.6327918321982],[-9.02176433903753,38.6329448790779],[-9.02183993556199,38.6329625804151],[-9.02186738210704,38.6328853780609],[-9.02188011356781,38.6328495580033],[-9.02188052091418,38.6328484135851],[-9.02199142443342,38.6328649520919],[-9.02199186015079,38.6328626643326],[-9.0220482314841,38.6328742068509],[-9.02230996854327,38.6329278021273],[-9.02256300977224,38.6329780344542],[-9.02276598777431,38.6330098164634],[-9.02289005569643,38.6330218436509],[-9.02300332604193,38.6330245853393],[-9.02311830536983,38.6330355076644],[-9.02329724009306,38.6330731503497],[-9.02351111859745,38.6331415127965],[-9.02371148179362,38.6332124090175],[-9.02374788512692,38.6332215894672],[-9.02390763673076,38.6332679340248],[-9.02408493345201,38.6333033377538],[-9.02422255005551,38.6333154359965],[-9.02434208449544,38.6333322722536],[-9.02473746039381,38.6334041104125],[-9.02497853022503,38.6334698325437],[-9.02509386554697,38.6335092148273],[-9.02536898491108,38.6336351198228],[-9.02548718570885,38.6336650222823],[-9.02554918538847,38.6336728394746],[-9.02562044760571,38.6336771574972],[-9.02576419401169,38.6337021832894],[-9.02609155486046,38.6337802144913],[-9.02620477373629,38.6338051745856],[-9.02633085496704,38.633832969395],[-9.02643187717634,38.6338765096621],[-9.02645243772607,38.633885371546],[-9.02666496662188,38.6339738229016],[-9.0268894490187,38.6340351619256],[-9.02715151798269,38.6341025549668],[-9.02716227321412,38.6341053211269],[-9.02732756320863,38.6341538697807],[-9.0273673795683,38.6341689674385],[-9.0273292215808,38.6342593407481],[-9.02724367026487,38.6344260152369],[-9.02719494091066,38.634524845903],[-9.0271897950033,38.6345445678707],[-9.02716611318409,38.6346353223299],[-9.02713165446384,38.6347825073397],[-9.02710477861291,38.6349214343416],[-9.02709561678403,38.6350341061639],[-9.02709973736343,38.6351856354965],[-9.02710132762552,38.6352441316752],[-9.02708563508927,38.6353212652056],[-9.027073134211,38.6353750110081],[-9.02706132893303,38.6354257689208],[-9.02700866835547,38.6356798359126],[-9.02699231073658,38.6358233684992],[-9.0269742505196,38.6359409708439],[-9.02696174451885,38.6360252044861],[-9.02692282201147,38.6361831395122],[-9.02688998774757,38.636331660515],[-9.02688375586829,38.6364312491098],[-9.02688171793055,38.6365166593874],[-9.02689428620352,38.6366685286135],[-9.02691529872748,38.6367785385756],[-9.02694852289308,38.6368827774425],[-9.02700187327442,38.6370447835031],[-9.02706616186881,38.637236248814],[-9.02711467692472,38.6372402010465],[-9.02721838882722,38.6372681450802],[-9.02731104828564,38.6373217528161],[-9.02745885218432,38.6374496365258],[-9.02747234705711,38.6374654271945],[-9.02720834703417,38.6373709129154],[-9.02660525610315,38.6371434934901],[-9.02657172783753,38.6371309229702],[-9.02652881289961,38.6371120671314],[-9.02596286690591,38.6368323679044],[-9.0249878833065,38.6363504874592],[-9.02486640333955,38.6362920827607],[-9.02477336892999,38.6362473542789],[-9.02400849255837,38.6358935901202],[-9.02308280374986,38.635504238289],[-9.02302730663842,38.6354814700776],[-9.02196464857713,38.635160282934],[-9.01962085367917,38.6346517234164],[-9.01916442147555,38.634552680136],[-9.01913324180496,38.6344900867405],[-9.0191217306051,38.634473563926],[-9.01909520783348,38.6344354912708],[-9.01909253720889,38.6344319100664],[-9.01905612778374,38.6343858500454],[-9.01902097474226,38.6343497668538],[-9.01900151178916,38.6343340969528],[-9.01896426206875,38.6343072809168],[-9.01892679593995,38.6342842480986],[-9.01888344132498,38.6342629605776],[-9.0188657422242,38.63425427027],[-9.01878259293101,38.6342238894754],[-9.01879892497916,38.6340242413957],[-9.01886401409228,38.6332976496809],[-9.0189420150889,38.6330794464047],[-9.01896003928337,38.6330388969773],[-9.0190062858042,38.6329452969457],[-9.01910284375768,38.6328049161658],[-9.01936301802295,38.6325199620816],[-9.01943645829916,38.6324368763856],[-9.01951858812815,38.6323439609461],[-9.01951945199821,38.6323431418719]]]}},{"type":"Feature","id":"CRUS_Moita_V.380090","properties":{"Area_Ha":182.115360114124,"Autor":"DGT","Categoria":"Área de Edificação Dispersa","Classe":"Solo Rústico","DTCC":"1506","Data_PublicacaoPDM":"2025-04-14T00:00:00","Designacao_PlantaOrdenamento":"Solo Rústico - Áreas de Edificação Dispersa","Escala_PlantaOrdenamento":"1/12000","Fonte":"CM - Vectorial e Raster","ID":380090,"Municipio":"MOITA"},"geometry":{"type":"Polygon","coordinates":[[[-8.99700136584919,38.6189162736619],[-8.99704658552488,38.6189171765895],[-8.99965240458678,38.6189794498365],[-8.99981292821865,38.6181421801405],[-8.99730837951694,38.6180411994942],[-8.99730458242195,38.6180404357263],[-8.99796061022944,38.6162336861462],[-8.99817690061283,38.6156379848012],[-8.9984542325161,38.6150970216239],[-8.99863147645527,38.6147512843495],[-8.99863922287431,38.6147361744816],[-8.9986632996063,38.6146370007574],[-8.99902570614646,38.6131442601251],[-8.99909158658633,38.6126274081415],[-8.99915828662334,38.6121041227186],[-8.99921170057769,38.6116850676593],[-8.99933556212087,38.6107132921539],[-8.99933739604588,38.6107099861081],[-8.99934787260747,38.6107073340282],[-8.99937456478977,38.6107006739934],[-8.99940418314917,38.6106933211834],[-8.99991578720259,38.6105663210728],[-8.99994675730499,38.6105586329188],[-9.00000791110129,38.6105434515831],[-9.00008709221615,38.6105237956313],[-9.00017399175688,38.6105022231551],[-9.00022217984898,38.6104902609006],[-9.00029780894615,38.6104714859996],[-9.00084075056068,38.6103367016943],[-9.00085147920179,38.6097079289066],[-9.00134079813898,38.6093162471636],[-9.0017105107247,38.6090196231325],[-9.00189754034025,38.6088024864235],[-9.00494989510225,38.6093558135953],[-9.00534954403056,38.6082931699348],[-9.00287654713868,38.6077146833386],[-9.00367882328565,38.606831150901],[-9.00402989633633,38.6064445102436],[-9.00365670797913,38.6063605911896],[-9.00365556116153,38.6063603105606],[-9.00361809388805,38.6063511451744],[-9.00399701787862,38.6059055112502],[-9.00459649141385,38.6052683153333],[-9.00482032294229,38.60508897897],[-9.0049606771319,38.6049774026643],[-9.00536706772208,38.6047074118343],[-9.00644319263143,38.6040546941483],[-9.00715666806091,38.6036371757587],[-9.00919434335059,38.6024446967935],[-9.00955653779987,38.6022288981349],[-9.00993885744002,38.6020079408394],[-9.01019969281563,38.6018840745433],[-9.0107636186688,38.6017036131157],[-9.01176887082886,38.6014674897822],[-9.011961701916,38.6014301299015],[-9.01243259460056,38.6013578666654],[-9.01243255484064,38.6013595001384],[-9.01242695837207,38.6015913664488],[-9.01242601896562,38.6018075118976],[-9.01242903299639,38.6020545038988],[-9.01228557682417,38.6023141520608],[-9.01224465326994,38.6023469770656],[-9.01210477070173,38.6023985671026],[-9.01190272898181,38.6024453089998],[-9.01168944592616,38.6024763049629],[-9.01165541752246,38.602225142627],[-9.01161097688474,38.6022363508826],[-9.01085423581382,38.6024272457431],[-9.01014471041346,38.6026062217208],[-9.0097270461659,38.6027113224486],[-9.00965985374851,38.6027282133788],[-9.009492108839,38.6027605604511],[-9.00941942967643,38.6027745755024],[-9.00924679307517,38.6028078659746],[-9.00889274169151,38.6028036737128],[-9.0087908182202,38.603172589782],[-9.00879457108038,38.6033544358524],[-9.00879499504282,38.6033749631096],[-9.00879614276682,38.6034305788243],[-9.00880572512999,38.6035234503],[-9.00880648257135,38.6035307997699],[-9.00881132685468,38.6035778255923],[-9.00881305757878,38.6035935651572],[-9.00881311724459,38.6035941295205],[-9.00881508548668,38.603612882329],[-9.00881690610167,38.6036302561967],[-9.00882129281564,38.6036721246845],[-9.00882294974301,38.6036879314615],[-9.00882714291315,38.6037279484248],[-9.00882917506113,38.6037473304226],[-9.00882942183881,38.6037496887058],[-9.00889810579102,38.6044050907946],[-9.00979932877079,38.6042709421396],[-9.00986906551818,38.6046272748447],[-9.00987069970426,38.6046300596241],[-9.00988075932947,38.6046472113942],[-9.00991498860809,38.6047055744094],[-9.00991532153561,38.6047061412284],[-9.01004609149433,38.6049291069459],[-9.01147314975434,38.6042776501791],[-9.0116594811591,38.6047582483231],[-9.01172718551345,38.6049179378039],[-9.01173051992068,38.6049258029853],[-9.01173683879515,38.6049423025669],[-9.01192784102331,38.6054410228221],[-9.01198844242313,38.6054965964127],[-9.01207803557264,38.605669508235],[-9.01222898073618,38.6058875500889],[-9.0122549482515,38.6058991763577],[-9.01229578799446,38.6059174604857],[-9.0123153063578,38.6059261994482],[-9.01284486667103,38.6059362540027],[-9.01331760741723,38.6059804176576],[-9.01326079464128,38.6060992982251],[-9.01323877181847,38.6061758500588],[-9.0132428765257,38.6064005898832],[-9.01325461013913,38.6065801497279],[-9.01330856435427,38.60697317275],[-9.01336175452974,38.6071449124455],[-9.01342615126982,38.6073599932553],[-9.01347753643718,38.6075534569376],[-9.01354186827407,38.6078193430563],[-9.01364933766751,38.6082985717298],[-9.01377975814025,38.6089602671454],[-9.01379658249107,38.6091659868489],[-9.01310386535838,38.6090776320658],[-9.01257433758777,38.6089959648931],[-9.01216875994139,38.6089211580303],[-9.01218112978017,38.6088988195483],[-9.01167896543969,38.6087832172332],[-9.0102491309661,38.6084634136622],[-9.00985427549252,38.6083779266206],[-9.00948936688772,38.6082996303425],[-9.00953969333858,38.6087230098871],[-9.0095614929582,38.608892799234],[-9.00956556015439,38.6089244746551],[-9.00957930277719,38.6090315107114],[-9.00974031991325,38.6117995444863],[-9.00981203791153,38.6118159964665],[-9.00981202137121,38.6118160524407],[-9.00980338535837,38.6118457700657],[-9.00981901493756,38.6119541899594],[-9.00987861958081,38.6121483610072],[-9.00998924619515,38.6125259233384],[-9.01011395735538,38.613063546059],[-9.01018901311854,38.6133511674801],[-9.01027901544644,38.6136910742852],[-9.01037280296954,38.6143415919962],[-9.01044041669437,38.6148014311228],[-9.01046768523221,38.6150819248315],[-9.01048577836701,38.6153924293831],[-9.01045044559613,38.6156247378589],[-9.01044859621321,38.6156402213549],[-9.01044856187121,38.6156405125743],[-9.01018956179805,38.6156498328693],[-9.00990556326967,38.6156600551655],[-9.00947366856887,38.615706169413],[-9.00900219793585,38.6157565067719],[-9.0080985422371,38.6158529824085],[-9.00630532104409,38.6185126814269],[-9.00576042139058,38.61921306451],[-9.0045051562469,38.6202317424429],[-9.00597668043425,38.6207084843243],[-9.00597642289553,38.620708741175],[-9.0045807351574,38.6220969113684],[-9.00329160520505,38.6212208689465],[-9.00286704412601,38.6215683930826],[-9.00286718123484,38.6215686217701],[-9.00286704365678,38.6215687344933],[-9.00354918832645,38.6227100672618],[-9.00132275671071,38.6239089947886],[-8.99927215913828,38.6250388753083],[-8.99759792178676,38.6259781783529],[-8.99715269612561,38.6262214935508],[-8.9968594766808,38.6254865886663],[-8.99645290956592,38.6246671847135],[-8.99624994373394,38.624258116229],[-8.99616990530831,38.6240103486934],[-8.99612768442076,38.6238779365014],[-8.99605999860509,38.6236122137784],[-8.99602168117568,38.6234617853591],[-8.9958978300456,38.6229755655207],[-8.99573384980169,38.62233179229],[-8.99573277524094,38.622033335441],[-8.99579165011187,38.6217340834506],[-8.99597802986975,38.6214182792018],[-8.99644304906142,38.6208500087965],[-8.99659241087274,38.6204569006349],[-8.99674184016528,38.6198456107953],[-8.99689126702584,38.6192343216316],[-8.99700024569237,38.6189194744078],[-8.99700136584919,38.6189162736619]]]}},{"type":"Feature","id":"CRUS_Moita_V.380091","properties":{"Area_Ha":11.6197888148382,"Autor":"DGT","Categoria":"Área de Edificação Dispersa","Classe":"Solo Rústico","DTCC":"1506","Data_PublicacaoPDM":"2025-04-14T00:00:00","Designacao_PlantaOrdenamento":"Solo Rústico - Áreas de Edificação Dispersa","Escala_PlantaOrdenamento":"1/12000","Fonte":"CM - Vectorial e Raster","ID":380091,"Municipio":"MOITA"},"geometry":{"type":"Polygon","coordinates":[[[-8.99907725063633,38.6061230073623],[-8.99906454240669,38.6061220771839],[-8.99967869047807,38.6055495895881],[-8.9998104007012,38.6054215697375],[-9.00031929602617,38.6046346999352],[-9.00042173944689,38.6044745850082],[-9.00042301744153,38.6044743224073],[-9.00042921036359,38.6044647459012],[-9.0007971724502,38.6043902565259],[-9.00121214729112,38.6043118635275],[-9.00122958110428,38.6043085696345],[-9.00170283679026,38.6042352978286],[-9.00223179029209,38.6041732363356],[-9.00294226810026,38.6041127310808],[-9.00371556875809,38.6040401273355],[-9.00455721056056,38.6039026959995],[-9.00526089977357,38.6037902737388],[-9.0054380514473,38.6037366331325],[-9.00554821655963,38.6036573320907],[-9.00573126251241,38.6034786610701],[-9.00608768906419,38.603173225766],[-9.00645544747096,38.6029109690582],[-9.00649410277969,38.6028834030288],[-9.00672443293777,38.6028192510323],[-9.00679435908666,38.6027997749574],[-9.00717804952661,38.6026728919497],[-9.00774331638138,38.6024718262235],[-9.00865824258244,38.6021463791769],[-9.00942072823786,38.601907118744],[-9.00964705117219,38.6018360997952],[-9.00979182859479,38.6018000222523],[-9.00966463316025,38.6018701701711],[-9.00506196101734,38.6045888209572],[-9.0046918157428,38.6048330126311],[-9.00419828934115,38.6052794713932],[-9.00316832092965,38.6064113279901],[-9.00315468254356,38.6064321543986],[-9.00313403196296,38.6064312990303],[-9.00313053001219,38.6064351562249],[-9.00281344589918,38.6064106339997],[-9.00264065575406,38.6063972709023],[-9.00042812756379,38.6062261337586],[-9.00021007687114,38.6062092659674],[-9.00013041530252,38.606203102849],[-9.00008642598904,38.6061997003129],[-9.00006367752712,38.6061979402154],[-9.00004688133078,38.60619664047],[-9.00004222179186,38.6061962804352],[-9.00003977538992,38.6061960913729],[-9.00003883888615,38.6061960190396],[-9.00003834936534,38.6061959803281],[-9.00003814253487,38.606195964745],[-9.00003810116662,38.6061959614482],[-9.00003804486463,38.6061959573613],[-9.00003797361809,38.6061959515834],[-9.00003782884002,38.6061959409455],[-9.00003776562888,38.6061959351081],[-9.00003767715278,38.6061959285571],[-9.00003762314662,38.6061959244531],[-9.00003748871062,38.6061959146393],[-9.0000373117476,38.6061959006366],[-9.00003723015899,38.6061958940345],[-9.00003719683696,38.606195891579],[-9.00002720324014,38.6061951188535],[-9.00000787330422,38.6061936225797],[-8.999963068148,38.6061901566787],[-8.99967527851588,38.6061678924612],[-8.99940649375434,38.606147097492],[-8.99908921089698,38.6061225495169],[-8.99907853820939,38.6061217240839],[-8.99907725063633,38.6061230073623]]]}},{"type":"Feature","id":"CRUS_Moita_V.380092","properties":{"Area_Ha":135.369176776814,"Autor":"DGT","Categoria":"Área de Edificação Dispersa","Classe":"Solo Rústico","DTCC":"1506","Data_PublicacaoPDM":"2025-04-14T00:00:00","Designacao_PlantaOrdenamento":"Solo Rústico - Áreas de Edificação Dispersa","Escala_PlantaOrdenamento":"1/12000","Fonte":"CM - Vectorial e Raster","ID":380092,"Municipio":"MOITA"},"geometry":{"type":"Polygon","coordinates":[[[-9.00409264576605,38.636400153403],[-9.00413634289705,38.6344249866041],[-8.99949841626394,38.6335318077478],[-8.9994877151599,38.6353416227712],[-8.99948676997708,38.6353414333946],[-8.99858291927244,38.6351601220118],[-8.99848473220252,38.6351403333305],[-8.99835947778023,38.6350988524034],[-8.99823918288848,38.6350293987829],[-8.99814436860217,38.6349526123172],[-8.99805532358209,38.6348336090496],[-8.9980402822738,38.6347857503812],[-8.99802386916246,38.6347181588242],[-8.99810930217976,38.6347153355095],[-8.9981093036213,38.634715264335],[-8.99811033130362,38.6347152477284],[-8.99818343764718,38.6318194968491],[-8.99754048702092,38.6290450148806],[-8.99764499945485,38.6278631467031],[-8.9981929434155,38.6275254769409],[-8.99887586657898,38.6271481980375],[-8.99996681549325,38.6265605019147],[-9.00043229200573,38.6263056027569],[-9.00099158822146,38.6260048500298],[-9.00278462800962,38.6250181265666],[-9.00185620010731,38.6262335679888],[-9.00116126655866,38.6273695208522],[-9.00116139603462,38.6273696874422],[-9.00243752447762,38.6290089343777],[-9.00347675151668,38.6304373005494],[-9.00371275058427,38.6307616609524],[-9.00858579810463,38.6285406246939],[-9.00713244432814,38.625715134703],[-9.00708454319371,38.625527658386],[-9.00708461072016,38.6255275452803],[-9.00708454318337,38.6255272791451],[-9.00723782480893,38.6252736019091],[-9.00778375466319,38.6250917488017],[-9.00716438542723,38.6240010034975],[-9.00716090639343,38.6239901513064],[-9.00704664479312,38.6236337706141],[-9.0070346911522,38.6234970718916],[-9.00701996134626,38.6233286133199],[-9.00708693052247,38.6226286339899],[-9.00708708643732,38.6226270050611],[-9.00894177167038,38.6216040007436],[-9.00977299183959,38.6211315269572],[-9.01090020916091,38.6204981113962],[-9.01089803332003,38.6206087048903],[-9.01089705080364,38.6206586603919],[-9.01089259846251,38.6208804453644],[-9.0108662611358,38.620971919355],[-9.01083579594013,38.6210777255687],[-9.01082051210019,38.6211308078673],[-9.01067912767518,38.6215669507354],[-9.0105793067256,38.6218905029249],[-9.01052871861992,38.6221435109063],[-9.01046395618856,38.6224078528438],[-9.01041261500189,38.6225991122719],[-9.01039832099447,38.6226196372125],[-9.01035145742239,38.6226869268885],[-9.01034580007218,38.6226950504728],[-9.01031674553934,38.6227142141494],[-9.01014347279087,38.6228284954304],[-9.0100194809731,38.6229304767782],[-9.0098261921753,38.6230638642533],[-9.00970406377594,38.6231798542125],[-9.00963724738119,38.6232757929174],[-9.0095284191426,38.6234478341386],[-9.00946579491673,38.623594265969],[-9.00941778893523,38.6237658514899],[-9.0094009920618,38.6238558006553],[-9.00940569824147,38.6239483956895],[-9.0094391963101,38.62405480969],[-9.00948663097774,38.6241302431287],[-9.00960279650529,38.624266914888],[-9.00974976493991,38.6244047429795],[-9.00990707318483,38.6245545363196],[-9.01000782311582,38.6246432280521],[-9.01017871954876,38.6248408377456],[-9.01031690277963,38.6250222553808],[-9.01059007492533,38.6254291321551],[-9.01080200394841,38.6257087392141],[-9.010884807363,38.6258179852441],[-9.01091292817472,38.625880567894],[-9.01098411566689,38.6260389924155],[-9.01107299781421,38.6262853391316],[-9.01111802159953,38.6264562271148],[-9.011127580528,38.6264987060126],[-9.01115963885426,38.6266411752511],[-9.01116145312444,38.6267899321066],[-9.01115638541447,38.6269611959828],[-9.01115518610033,38.626975377417],[-9.01114808351422,38.6270593600281],[-9.01120851174043,38.6270326082794],[-9.01122515444481,38.6270252399606],[-9.01124275488241,38.6270301118548],[-9.01130414382896,38.6270471033535],[-9.01139090659395,38.6271194338325],[-9.01145255436308,38.6271863380539],[-9.01150752582714,38.6272925910728],[-9.01155520457248,38.6273876702325],[-9.01236359543789,38.6273619483983],[-9.012609205095,38.6273576160844],[-9.01312631340493,38.6273301201415],[-9.01377618753756,38.6272944170434],[-9.01450601388951,38.6272522482749],[-9.01455571975512,38.6272507054519],[-9.01495737074809,38.6272282257504],[-9.01467803153408,38.6275046371969],[-9.01462200339861,38.6282153382677],[-9.01409069413021,38.6297667380674],[-9.01379514780554,38.6307455983923],[-9.01339420236834,38.6310492193485],[-9.01320277586398,38.6312789649781],[-9.01288792113532,38.6320042977228],[-9.01258707304207,38.632551955109],[-9.01207348371572,38.6329109595042],[-9.01179082668069,38.6336233638855],[-9.01163392984335,38.6340304166789],[-9.0116340507064,38.6340304391923],[-9.01345098751103,38.6343642676746],[-9.0135720567933,38.6349975317445],[-9.01357201470893,38.6349976590751],[-9.01316643807116,38.6362435734833],[-9.0129291743389,38.6366968934192],[-9.01292620783696,38.6367235805404],[-9.01282919295977,38.6375962613585],[-9.01281948408526,38.6376836019099],[-9.01281891804713,38.6376886903247],[-9.01239009039573,38.6379011502192],[-9.01069162706111,38.6376535342584],[-9.01006268989979,38.6375340400012],[-9.00957663086443,38.6374416888961],[-9.00712179035427,38.6369752373019],[-9.00633002342226,38.6368678931253],[-9.00573936866675,38.6367935103384],[-9.00500187979988,38.6367111343408],[-9.0043591512128,38.6366689176779],[-9.00426544464658,38.6365514330681],[-9.00426333180613,38.6365493787442],[-9.00419543444285,38.6364853972628],[-9.00411149081831,38.6364172761887],[-9.00409323764281,38.6364024640738],[-9.00409260268311,38.6364020976681],[-9.00409264576605,38.636400153403]]]}},{"type":"Feature","id":"CRUS_Moita_V.380093","properties":{"Area_Ha":2.56767110468783,"Autor":"DGT","Categoria":"Área de Edificação Dispersa","Classe":"Solo Rústico","DTCC":"1506","Data_PublicacaoPDM":"2025-04-14T00:00:00","Designacao_PlantaOrdenamento":"Solo Rústico - Áreas de Edificação Dispersa","Escala_PlantaOrdenamento":"1/12000","Fonte":"CM - Vectorial e Raster","ID":380093,"Municipio":"MOITA"},"geometry":{"type":"Polygon","coordinates":[[[-9.01039995415768,38.617880828981],[-9.01040225823819,38.6178922042587],[-9.0104074796144,38.6179179769403],[-9.01043425033402,38.6180056620091],[-9.01048758627084,38.6181803580565],[-9.01054756295614,38.6184044668866],[-9.01054896749186,38.6184124996921],[-9.01059171112244,38.6186568762452],[-9.01061164648669,38.6187676975964],[-9.00881922974271,38.6197739019055],[-9.00849533517004,38.6185277110869],[-9.00804333938543,38.6182027247442],[-9.00934069344823,38.6180270445086],[-9.0103998353328,38.6178836106747],[-9.01039995415768,38.617880828981]]]}},{"type":"Feature","id":"CRUS_Moita_V.380094","properties":{"Area_Ha":3.18195602116226,"Autor":"DGT","Categoria":"Área de Edificação Dispersa","Classe":"Solo Rústico","DTCC":"1506","Data_PublicacaoPDM":"2025-04-14T00:00:00","Designacao_PlantaOrdenamento":"Solo Rústico - Áreas de Edificação Dispersa","Escala_PlantaOrdenamento":"1/12000","Fonte":"CM - Vectorial e Raster","ID":380094,"Municipio":"MOITA"},"geometry":{"type":"Polygon","coordinates":[[[-9.01951945199821,38.6323431418719],[-9.02025928405356,38.6316421146725],[-9.02119854467798,38.630756110478],[-9.02128993811897,38.6306706524217],[-9.0218999137315,38.6312044447877],[-9.02191456024242,38.63129342344],[-9.02192314138509,38.6313739814739],[-9.0219385620701,38.6315255576981],[-9.0219872352891,38.6316721988747],[-9.02200665328274,38.6317753713194],[-9.02201998343117,38.631868956774],[-9.0220365260418,38.6319897186149],[-9.02204439627346,38.6321342330924],[-9.02206150227338,38.6324033573157],[-9.02205823484173,38.6325195827628],[-9.02205321992497,38.6325542920643],[-9.02204331485717,38.6326228413392],[-9.02202309697219,38.6327057251572],[-9.02200593646345,38.6327760771226],[-9.02199186015079,38.6328626643326],[-9.02199142443342,38.6328649520919],[-9.02188052091418,38.6328484135851],[-9.02188011356781,38.6328495580033],[-9.02186738210704,38.6328853780609],[-9.02183993556199,38.6329625804151],[-9.02176433903753,38.6329448790779],[-9.02113280740313,38.6327918321982],[-9.02093798319147,38.632741218938],[-9.01970648437085,38.6323967423812],[-9.01951945199821,38.6323431418719]]]}},{"type":"Feature","id":"CRUS_Moita_V.380095","properties":{"Area_Ha":6.43969807711104,"Autor":"DGT","Categoria":"Espaço Habitacional","Classe":"Solo Urbano","DTCC":"1506","Data_PublicacaoPDM":"2025-04-14T00:00:00","Designacao_PlantaOrdenamento":"Solo Urbano - Espaços Habitacionais - Tipo 1","Escala_PlantaOrdenamento":"1/12000","Fonte":"CM - Vectorial e Raster","ID":380095,"Municipio":"MOITA"},"geometry":{"type":"Polygon","coordinates":[[[-9.02820764476353,38.6451689079927],[-9.0281102128709,38.6452147081759],[-9.02757851828864,38.6454646444403],[-9.0271090788581,38.6450306333136],[-9.02656167626797,38.644833777251],[-9.02649471124932,38.6447732942259],[-9.02648383581131,38.6447634720213],[-9.0264837465622,38.644763499727],[-9.02648257020027,38.644762376398],[-9.02643836494241,38.6447201734294],[-9.02644251502628,38.6447171276403],[-9.02644102852244,38.6447154481797],[-9.02569277368535,38.6425426938315],[-9.02603601354195,38.6423062791236],[-9.02637665469818,38.6421114464525],[-9.02669642277598,38.6420060241179],[-9.02678711566995,38.6419981158522],[-9.02733688525553,38.6419731780694],[-9.02791087888061,38.6421533461408],[-9.02791356019601,38.6423020883602],[-9.02774458087993,38.6426917516189],[-9.02790819704497,38.6431484492921],[-9.02841789839369,38.6439087075907],[-9.02857885647031,38.6440512180764],[-9.02895433974918,38.6448178961412],[-9.02820764476353,38.6451689079927]]]}},{"type":"Feature","id":"CRUS_Moita_V.380096","properties":{"Area_Ha":3.8092099839249,"Autor":"DGT","Categoria":"Espaço de Atividades Económicas","Classe":"Solo Urbano","DTCC":"1506","Data_PublicacaoPDM":"2025-04-14T00:00:00","Designacao_PlantaOrdenamento":"Solo Urbano - Espaços de Atividades Económicas","Escala_PlantaOrdenamento":"1/12000","Fonte":"CM - Vectorial e Raster","ID":380096,"Municipio":"MOITA"},"geometry":{"type":"Polygon","coordinates":[[[-9.02307036793169,38.6458395748004],[-9.0230744628481,38.6458454287267],[-9.02307633081576,38.645848099097],[-9.02367108260432,38.646698320143],[-9.02367119516125,38.6466983617705],[-9.02367180158338,38.6466997970206],[-9.02030647456248,38.6476442660568],[-9.02030658333,38.6476445165567],[-9.02030363496234,38.6476429562024],[-9.0198463527169,38.647779390529],[-9.01984006366445,38.6477817172411],[-9.01923480895931,38.6480056292222],[-9.01923260139681,38.6480021021752],[-9.01922894840925,38.6480032999939],[-9.01918811558862,38.647934051785],[-9.01915379305821,38.6478761404335],[-9.01913283640523,38.6478407821984],[-9.01907395593685,38.6477453409923],[-9.0190052162656,38.6476365389022],[-9.01973906474399,38.647360428277],[-9.01982980964369,38.6471938786691],[-9.01992096298923,38.6470265782227],[-9.0199501624409,38.6469640823468],[-9.01992824217387,38.6469021857067],[-9.01991168690208,38.6468560007826],[-9.01989289803479,38.6467919671049],[-9.01989238912,38.6467820846183],[-9.01989007638378,38.6467371294164],[-9.01988989246733,38.6467365596997],[-9.01989411246458,38.6467351467734],[-9.01989770329922,38.6467339449011],[-9.01995364090947,38.6467152218641],[-9.02265201136888,38.6459571186725],[-9.02306209469027,38.6458418993162],[-9.02307036793169,38.6458395748004]]]}},{"type":"Feature","id":"CRUS_Moita_V.380097","properties":{"Area_Ha":32.6145585747284,"Autor":"DGT","Categoria":"Espaço de Atividades Económicas","Classe":"Solo Urbano","DTCC":"1506","Data_PublicacaoPDM":"2025-04-14T00:00:00","Designacao_PlantaOrdenamento":"Solo Urbano - Espaços de Atividades Económicas","Escala_PlantaOrdenamento":"1/12000","Fonte":"CM - Vectorial e Raster","ID":380097,"Municipio":"MOITA"},"geometry":{"type":"Polygon","coordinates":[[[-9.00325413378299,38.6466976935944],[-9.00779385629383,38.6477600109951],[-9.00904157957248,38.6480519474948],[-9.01041263857896,38.6483727236449],[-9.01043015156952,38.6483766864634],[-9.01050230298792,38.6487154546548],[-9.01085681526284,38.6487360727923],[-9.01073584339167,38.6492693207998],[-9.01073587683138,38.6492698961639],[-9.01081294601866,38.6505941718927],[-9.01211849277828,38.6507003077119],[-9.01212021706648,38.6507061400829],[-9.01228954094073,38.6512789266953],[-9.01245722580181,38.6518460556473],[-9.012474967689,38.6519060600479],[-9.01247270563895,38.6519110260787],[-9.01245386159596,38.6519170373885],[-9.01241450131419,38.6519358574365],[-9.01238063920475,38.6519530101884],[-9.01236433730027,38.6519620272799],[-9.01234509381684,38.6519726717151],[-9.01232205724818,38.6519885855438],[-9.01230222698108,38.6520038546139],[-9.0122848131677,38.6520186127778],[-9.01103831479865,38.6519099909483],[-9.00582930429062,38.6514559216022],[-9.00575974123995,38.6514498565873],[-9.00574979085977,38.6514402921952],[-9.00572487250409,38.6514163409912],[-9.0057243881246,38.6514159941911],[-9.00566049996743,38.6513702576261],[-9.00557466824394,38.6513283635878],[-9.00548213230732,38.6513000847222],[-9.00539026640149,38.6512848985056],[-9.00530276034165,38.6512804470425],[-9.00523433351608,38.6512846072988],[-9.00521232898438,38.6512873134307],[-9.00518105585783,38.6512926235265],[-9.0051409641953,38.65130013877],[-9.005119239324,38.6513061100229],[-9.00504782470594,38.6513297057135],[-9.00498267592693,38.6513625500751],[-9.00493093847277,38.6513932991597],[-9.00490935817206,38.6513875074723],[-9.00482892505087,38.6513659209565],[-9.00497710289263,38.6509968751771],[-9.00504470714948,38.6508285006552],[-9.00490403837031,38.6507922845781],[-9.00285037228097,38.6502635321016],[-9.00262593999668,38.6502057455831],[-9.00211370223679,38.6500743284588],[-9.00195113419125,38.6500500306257],[-9.00166930385921,38.6500079057168],[-9.00167547172309,38.6499924327093],[-9.00175711434383,38.6497876244684],[-9.0017606329842,38.6497801207453],[-9.00176260781759,38.649774049058],[-9.00186296382098,38.6495588947344],[-9.00206103536067,38.6491325689763],[-9.00207632853111,38.6489866427235],[-9.0020796602117,38.6485356507967],[-9.00208155611036,38.6485264728075],[-9.00215158629966,38.6481874105229],[-9.00215618323218,38.6481843586692],[-9.00220127282713,38.648154425877],[-9.00220236109431,38.648153703452],[-9.00240084426661,38.6477263641805],[-9.00241840319987,38.6477305656732],[-9.00286169831412,38.6478366302469],[-9.00289254142929,38.6477541554689],[-9.00320204660536,38.6468232562442],[-9.00324237482627,38.6467019590048],[-9.00324302431778,38.6467000057286],[-9.00325413378299,38.6466976935944]]]}},{"type":"Feature","id":"CRUS_Moita_V.380098","properties":{"Area_Ha":0.366937438881686,"Autor":"DGT","Categoria":"Espaço Verde","Classe":"Solo Urbano","DTCC":"1506","Data_PublicacaoPDM":"2025-04-14T00:00:00","Designacao_PlantaOrdenamento":"Solo Urbano - Espaços Verdes - Proteção à Rede Hídrica","Escala_PlantaOrdenamento":"1/12000","Fonte":"CM - Vectorial e Raster","ID":380098,"Municipio":"MOITA"},"geometry":{"type":"Polygon","coordinates":[[[-9.01709864498749,38.6495486840993],[-9.01709858817563,38.6495487298545],[-9.01678577720879,38.6494787172337],[-9.0166604191929,38.6494488106727],[-9.0166571876044,38.6494480396704],[-9.01694079651692,38.6492059288287],[-9.01721297577233,38.6489720010258],[-9.01737242457667,38.6488380260513],[-9.01751723652825,38.6487060809484],[-9.01752505881716,38.6487087289198],[-9.01762947035888,38.6488358673775],[-9.0177745054679,38.6490124707329],[-9.01777002605147,38.6490155943732],[-9.01777124581065,38.6490170759818],[-9.01710025521865,38.6495496865234],[-9.01709864498749,38.6495486840993]]]}},{"type":"Feature","id":"CRUS_Moita_V.380099","properties":{"Area_Ha":5.39986467291926,"Autor":"DGT","Categoria":"Espaço de Uso Especial Equipamentos e Infraestruturas","Classe":"Solo Urbano","DTCC":"1506","Data_PublicacaoPDM":"2025-04-14T00:00:00","Designacao_PlantaOrdenamento":"Solo Urbano - Espaços de Uso Especial - Equipamentos","Escala_PlantaOrdenamento":"1/12000","Fonte":"CM - Vectorial e Raster","ID":380099,"Municipio":"MOITA"},"geometry":{"type":"Polygon","coordinates":[[[-9.02081710611547,38.6579968536122],[-9.02037950036823,38.6580582703962],[-9.02022913020388,38.6580793745697],[-9.02020408019674,38.6580809995352],[-9.01955958688806,38.6581228141312],[-9.01725303382012,38.6582724333212],[-9.01726069882677,38.6585118208704],[-9.01725983539011,38.6585131695954],[-9.01724802658489,38.6582679022908],[-9.017227684619,38.6578678241821],[-9.01720160033298,38.6574349803462],[-9.01718660092541,38.6572032023303],[-9.01718647983233,38.6572020430094],[-9.01717920420711,38.6571322271015],[-9.01716952948311,38.6562806390762],[-9.01716660061813,38.6560228455245],[-9.01777943127047,38.6559475782473],[-9.01840435841827,38.6558691138395],[-9.01840327189471,38.6558652143726],[-9.01840597665038,38.6558648786198],[-9.01845108754568,38.656034588372],[-9.019147760399,38.6564821485083],[-9.01933171270183,38.6566011204196],[-9.02038610420585,38.657714522067],[-9.0205215572342,38.6577585076771],[-9.02082732801491,38.657988903006],[-9.02082731070528,38.6579951321981],[-9.0208194894529,38.6579964515667],[-9.02081942385586,38.657996527815],[-9.02081710611547,38.6579968536122]]]}},{"type":"Feature","id":"CRUS_Moita_V.380100","properties":{"Area_Ha":22.3518392024556,"Autor":"DGT","Categoria":"Espaço Habitacional","Classe":"Solo Urbano","DTCC":"1506","Data_PublicacaoPDM":"2025-04-14T00:00:00","Designacao_PlantaOrdenamento":"Solo Urbano - Espaços Habitacionais - Tipo 2","Escala_PlantaOrdenamento":"1/12000","Fonte":"CM - Vectorial e Raster","ID":380100,"Municipio":"MOITA"},"geometry":{"type":"Polygon","coordinates":[[[-9.0208194894529,38.6579964515667],[-9.02082731070528,38.6579951321981],[-9.02082732801491,38.657988903006],[-9.0205215572342,38.6577585076771],[-9.02038610420585,38.657714522067],[-9.01933171270183,38.6566011204196],[-9.019147760399,38.6564821485083],[-9.01845108754568,38.656034588372],[-9.01840597665038,38.6558648786198],[-9.01840327189471,38.6558652143726],[-9.01802319265963,38.6545009679103],[-9.01802287810938,38.6544988380849],[-9.01798342092545,38.6542320857775],[-9.01797515408184,38.6541752039349],[-9.01780970639975,38.6530161789567],[-9.01784127861972,38.652988132309],[-9.01786545048234,38.6529640069823],[-9.01788231094076,38.6529426285595],[-9.01789731035931,38.6529218073968],[-9.01791340965479,38.6528983205374],[-9.01793413220006,38.6528680696899],[-9.0179530382703,38.652827431884],[-9.01796542182922,38.6527831654284],[-9.01796564294592,38.6527823701464],[-9.02046555351741,38.652977882604],[-9.02049492766556,38.6530821927724],[-9.02075338922696,38.6540000065933],[-9.02073013813994,38.6540042096306],[-9.01994178609497,38.6541466810168],[-9.02008744889273,38.6546659795642],[-9.02174780112203,38.6543597358965],[-9.02190496054786,38.654901236972],[-9.0219078582536,38.65491122019],[-9.02166855141392,38.6549446322331],[-9.02065733710582,38.6550855925407],[-9.02088573389752,38.6558871814482],[-9.02217095516776,38.655817522624],[-9.02229603427897,38.6562044654245],[-9.0228972510497,38.6561982828633],[-9.02361081131283,38.656174571697],[-9.02365363405064,38.6561731484949],[-9.02395956858584,38.6575783676845],[-9.02472652768411,38.6575787772484],[-9.02475326512978,38.6580763928327],[-9.02555843831407,38.6580601875429],[-9.02553723954788,38.6575830286021],[-9.02553430695449,38.6575714873564],[-9.02617710123247,38.6575651598259],[-9.02659661421926,38.6575558233575],[-9.02662937213305,38.6576886038424],[-9.02691809419327,38.6576207554535],[-9.02723244298511,38.6575449797622],[-9.02722447797632,38.6574884188188],[-9.02741099300041,38.6574649277402],[-9.02749798260327,38.658418390388],[-9.02750611118695,38.6584178751283],[-9.02792736251548,38.6583911783013],[-9.02792736643242,38.6583912161051],[-9.0279276471412,38.658393832594],[-9.02795302858718,38.6586300858739],[-9.02806113514483,38.6596363445619],[-9.02793185493579,38.6596474785114],[-9.02752766346791,38.6596790407849],[-9.02752480440806,38.6596792635268],[-9.02747261506651,38.6593450870393],[-9.02642264639993,38.6595583462269],[-9.02637188545471,38.6595686571482],[-9.0262467320866,38.6591858615076],[-9.02611947467321,38.6587966248053],[-9.02575621720483,38.6587982788142],[-9.02575406782412,38.6587982889119],[-9.02561695334986,38.6583129777487],[-9.02117334127748,38.6587379271891],[-9.021169832906,38.6587305032761],[-9.02116972200958,38.6587302681074],[-9.02116770885433,38.6587260523156],[-9.0208194296369,38.6579965270024],[-9.02081942385586,38.657996527815],[-9.0208194894529,38.6579964515667]]]}},{"type":"Feature","id":"CRUS_Moita_V.380101","properties":{"Area_Ha":57.3353393778328,"Autor":"DGT","Categoria":"Espaço Verde","Classe":"Solo Urbano","DTCC":"1506","Data_PublicacaoPDM":"2025-04-14T00:00:00","Designacao_PlantaOrdenamento":"Solo Urbano - Espaços Verdes - Recreio, lazer, desporto, cultura","Escala_PlantaOrdenamento":"1/12000","Fonte":"CM - Vectorial e Raster","ID":380101,"Municipio":"MOITA"},"geometry":{"type":"Polygon","coordinates":[[[-8.99543475720925,38.6499549261667],[-8.99539733578401,38.6498150979225],[-8.99539998909963,38.6498142428691],[-8.99539670669828,38.6498020397925],[-8.99549222316223,38.6495675618876],[-8.99554135906737,38.6495119810776],[-8.99562922674129,38.6495051428758],[-8.9960296142075,38.6495965638605],[-8.99603375685009,38.6495998527734],[-8.99603619581879,38.6496017895318],[-8.99633512749729,38.6498211598701],[-8.9964549949274,38.6498744092201],[-8.99656964943376,38.649925342217],[-8.99659323806123,38.6499340320316],[-8.99675461815973,38.6499693908827],[-8.99685427036758,38.6499810646072],[-8.9969664860335,38.6499885233759],[-8.99708128166584,38.6499828733603],[-8.9971090795266,38.6499810646083],[-8.99725391887291,38.6499559278615],[-8.99736082938692,38.6499287434874],[-8.99737575582771,38.6499240625125],[-8.99746581404825,38.6498888961949],[-8.9975570089589,38.6498470013905],[-8.99761333526206,38.6498155802635],[-8.99761991869437,38.6498121526831],[-8.99766628731097,38.6497842182789],[-8.99766657356605,38.6497840459108],[-8.99791048234043,38.6499358169601],[-8.9981279896156,38.6500665372088],[-8.99849652016212,38.6502746370489],[-8.99884939045212,38.6504760928644],[-8.99885707601626,38.6504806291948],[-8.9988557353926,38.6505225239146],[-8.99885719194843,38.650536170261],[-8.99886311164358,38.6505916494551],[-8.99888289291164,38.6506639170758],[-8.99891692274318,38.6507262352176],[-8.99897148915716,38.6507940520944],[-8.99902047445213,38.6508388135833],[-8.9990853071791,38.6508861097059],[-8.99916163704783,38.6509226713374],[-8.99917379666627,38.65092775374],[-8.9992608583143,38.6509545098425],[-8.9993438932935,38.6509715958159],[-8.99941480743258,38.6509758494298],[-8.99943324375581,38.6509766407207],[-8.99950781922871,38.6509730049241],[-8.99961952974633,38.6509539235216],[-8.99962849318308,38.6509510538137],[-8.99970588033021,38.6509253606371],[-8.99978225264782,38.6508880941621],[-8.99984726145869,38.6508411822278],[-8.99987157041516,38.6508200772744],[-8.99989892363925,38.6507957437879],[-8.99990014307126,38.6507942709416],[-8.999943370389,38.6507403742573],[-9.00051118432421,38.6508072819865],[-9.00120105990106,38.6508885696576],[-9.00123624393593,38.6508928197823],[-9.00149731274048,38.6509243568296],[-9.00169500330228,38.6509545983404],[-9.00184640835974,38.6509851373339],[-9.00208115921145,38.6510445385921],[-9.0023159104429,38.6511039393741],[-9.00256920911095,38.6511708145354],[-9.00463513297059,38.6517162255227],[-9.00465393369747,38.6517209047562],[-9.00473619170585,38.6517426138132],[-9.00473647866657,38.6517426900451],[-9.00474385473356,38.65179662849],[-9.00476085181642,38.6518558027901],[-9.00477294571418,38.6518839493322],[-9.00479029736832,38.6519183470203],[-9.0048082565903,38.6519458138811],[-9.00483178388272,38.6519764154859],[-9.0048458676062,38.6519931051542],[-9.00485066358054,38.6519987886292],[-9.00490268127511,38.6520454311327],[-9.00494910818877,38.6520786248134],[-9.00483968282653,38.6520633474466],[-9.00473940264443,38.6520611481934],[-9.00464308432184,38.6520698371033],[-9.00453386622667,38.6520953662153],[-9.00442882864582,38.652129359586],[-9.00434551917299,38.6521794433704],[-9.00427684806183,38.6522421374555],[-9.00359142453024,38.652867895451],[-9.00356573828566,38.6528913454057],[-9.00339513544432,38.6529923376383],[-9.00314108302167,38.6530341188192],[-9.00304755236111,38.6531842284164],[-9.00306077551458,38.6532335924203],[-9.00369845955524,38.6537090910404],[-9.00369960601205,38.6537105129871],[-9.00395182993138,38.654023531923],[-9.00470221292085,38.655100626561],[-9.0049243747836,38.6552043633714],[-9.00514814194786,38.6552872386465],[-9.00531954560744,38.6553639127664],[-9.00534577174136,38.6553804082266],[-9.00545574232456,38.6554574474452],[-9.00593422578631,38.6558175718474],[-9.0070582034458,38.6566634975778],[-9.00789449189025,38.6559662502842],[-9.00835823159905,38.6555904189606],[-9.0087845689167,38.6552394352684],[-9.00890233642295,38.6551423259511],[-9.00890243610988,38.6551423990707],[-9.01071975505179,38.6536362051259],[-9.01096476522184,38.6538387476368],[-9.0112435970036,38.6540511832905],[-9.00783674343667,38.6569321082873],[-9.00734125049795,38.657367024426],[-9.00734162706476,38.657367287349],[-9.00684697041664,38.6577869922518],[-9.00651226729535,38.6580667714295],[-9.00670762769578,38.6582870807571],[-9.00672939462308,38.658310983186],[-9.00695495764296,38.6584341254898],[-9.00718390663737,38.6585625225677],[-9.00812955772157,38.6590700304672],[-9.00868863248679,38.6593581425248],[-9.00902442743815,38.6592059398785],[-9.00904260660936,38.6591977001029],[-9.0094377814407,38.6590000816101],[-9.00973055953576,38.6592354623173],[-9.0103908995487,38.659766337891],[-9.01046543609075,38.6599250095158],[-9.01125633137742,38.6598906323881],[-9.01128133726904,38.6598889006701],[-9.01209873891639,38.6598322824613],[-9.01210042075053,38.659831521254],[-9.01214020176644,38.6597989248576],[-9.01262067190503,38.6594052287022],[-9.0126866152435,38.6593511935252],[-9.01284544410232,38.6592192184587],[-9.0141249786751,38.6581334390755],[-9.01457937924201,38.6577400167892],[-9.01461708076891,38.6575160286674],[-9.01419906523869,38.6572327980148],[-9.01407501844266,38.657150585387],[-9.01407348725274,38.6571495700021],[-9.01408736632822,38.6563116441312],[-9.01357163377934,38.6560862860237],[-9.01309900851866,38.6556657040741],[-9.0128732922008,38.6552602597455],[-9.01287833574238,38.6546975564692],[-9.01287760036438,38.6546975439841],[-9.01287866014009,38.6546966532242],[-9.01363273125444,38.6547018123036],[-9.01437719119268,38.6546593052754],[-9.01442461757651,38.6526726978273],[-9.01442731759995,38.6526729216025],[-9.01462285548692,38.6526891300869],[-9.0146253370249,38.6526893356864],[-9.01475562200153,38.652883035808],[-9.01477571937181,38.6529129153734],[-9.01510784406963,38.6534651210752],[-9.01547467638536,38.6540750199459],[-9.01565655581473,38.6544891044747],[-9.01553980593222,38.6549121349145],[-9.01551010986136,38.6550197375844],[-9.01482473602817,38.6558866356322],[-9.01482316006894,38.6560913022492],[-9.01481889796364,38.656644996881],[-9.01482740347547,38.6567403568065],[-9.01481476210294,38.6567566827955],[-9.01479008101652,38.6567885600462],[-9.01483858995092,38.6568514245694],[-9.01475579183835,38.6573671918166],[-9.01463488206029,38.658120346046],[-9.01457945910537,38.6584501311605],[-9.01455670423728,38.6584791247778],[-9.01454930440041,38.658487739985],[-9.01454763596025,38.6584896829819],[-9.01444092445051,38.6585655646292],[-9.01443981761713,38.6588853630288],[-9.01443757107832,38.6595338969034],[-9.01443262614109,38.6596233056552],[-9.01442399717338,38.6597604604665],[-9.01437485124967,38.6597764335898],[-9.01436909307531,38.6597783056064],[-9.01437071369958,38.6598332983036],[-9.01443507825751,38.6600679376508],[-9.0144977579733,38.6600471729336],[-9.0145446966652,38.6600304173787],[-9.0145494635676,38.6600284672472],[-9.01454989414195,38.6600291963562],[-9.01452247500126,38.6600415602333],[-9.01445005543378,38.6600645990187],[-9.01379338977498,38.660281036873],[-9.01350323491397,38.6603766706361],[-9.01346303862364,38.6603841435856],[-9.01333425616446,38.6604080869183],[-9.01255909616733,38.6603808591988],[-9.01238638948221,38.6604128894673],[-9.01233879741068,38.660423438925],[-9.01230901199473,38.6604372901843],[-9.01180394565126,38.6606721634506],[-9.01176511881166,38.6606759961893],[-9.0115613161711,38.6606950242181],[-9.0110329206286,38.66058820875],[-9.01095488677616,38.6605834607705],[-9.01082639095227,38.6605756422399],[-9.00990443215497,38.660537826701],[-9.00944773537563,38.6605190922035],[-9.00876108973691,38.6605840193094],[-9.00868062333137,38.6605546978638],[-9.00842044954486,38.6602049269621],[-9.0084185979514,38.6602044877138],[-9.00838234132702,38.660195870795],[-9.00835986736566,38.6601921267748],[-9.00807959640101,38.6602284794857],[-9.00768388866726,38.6602798031237],[-9.0074028808394,38.6598300207288],[-9.00736398817023,38.6597546204279],[-9.00735594222028,38.6596991171363],[-9.00748468814146,38.6595504111073],[-9.00728088550694,38.6593028637551],[-9.00701014355356,38.6589740041902],[-9.00693532577725,38.6588899929025],[-9.00678785314613,38.6587355129358],[-9.00655812671895,38.6585139650604],[-9.00630825575153,38.6583285776821],[-9.00614383139796,38.6583310310388],[-9.00609448217057,38.6583327911093],[-9.0058150310451,38.6583130400389],[-9.00557581329599,38.6582493054718],[-9.00539234428998,38.6581169520368],[-9.0053816920479,38.658109267437],[-9.00467337559983,38.657143351686],[-9.00450383363156,38.6570200911606],[-9.00398654398392,38.6566440038913],[-9.00294929794142,38.656075194815],[-9.00156339124963,38.655581035437],[-9.00146819824582,38.6553165585182],[-9.00195951923877,38.6548660879515],[-9.00195847345599,38.654779615676],[-9.00144561996956,38.6549708041638],[-9.00126112476989,38.6549289349518],[-9.00113695906036,38.654752317547],[-9.00101279281771,38.6545757000066],[-9.00064792599414,38.6544290197535],[-9.00009653820285,38.6544763538019],[-8.99941915040203,38.6547552346923],[-8.99860898365384,38.6547035868652],[-8.99787084330234,38.6545216786019],[-8.99703777479957,38.6540954394815],[-8.99638885929193,38.6536822465074],[-8.9961802591382,38.6531649034755],[-8.99564715256051,38.6516698408509],[-8.99545869044063,38.6512964822649],[-8.99527023030807,38.650923123329],[-8.99499417007587,38.6507358207658],[-8.99489927578921,38.6506630285118],[-8.994852039265,38.6505651480474],[-8.99495587989019,38.6504861884966],[-8.99495707173792,38.6504852816111],[-8.99495710520984,38.6504852948765],[-8.99496008882835,38.6504831217675],[-8.99500216658497,38.6505030645748],[-8.99511335895184,38.6505469144369],[-8.99522936700305,38.6503963967821],[-8.99535524317144,38.6502525830397],[-8.99541871052281,38.6501147394718],[-8.99543475720925,38.6499549261667]],[[-9.00012615674875,38.6507652276473],[-9.00009503759193,38.650793713891],[-8.99978593827485,38.6510891142165],[-8.99978025596544,38.6513426648282],[-8.9997745887917,38.6515955667365],[-8.99984962766918,38.6523394135512],[-9.00002679740129,38.6529345261369],[-9.00002680240365,38.6529353224123],[-9.00003198445784,38.6533646892143],[-9.00023874478271,38.6544187534041],[-9.0004656663876,38.6543913835968],[-9.00033342620376,38.6537172200312],[-9.0002615647006,38.6533508644437],[-9.00026155969552,38.6533500681684],[-9.00025629224515,38.6529137315775],[-9.00025628724025,38.6529129353021],[-9.00007728628646,38.6523116760291],[-9.00000448392742,38.6515900329792],[-9.00000446951209,38.6515898853538],[-9.00001425976476,38.6511529235632],[-9.00038197065219,38.6507926939573],[-9.00024666627577,38.6507774221835],[-9.00012615674875,38.6507652276473]]]}},{"type":"Feature","id":"CRUS_Moita_V.380102","properties":{"Area_Ha":13.4058519208539,"Autor":"DGT","Categoria":"Espaço de Uso Especial Equipamentos e Infraestruturas","Classe":"Solo Urbano","DTCC":"1506","Data_PublicacaoPDM":"2025-04-14T00:00:00","Designacao_PlantaOrdenamento":"Solo Urbano - Espaços de Uso Especial - Equipamentos","Escala_PlantaOrdenamento":"1/12000","Fonte":"CM - Vectorial e Raster","ID":380102,"Municipio":"MOITA"},"geometry":{"type":"Polygon","coordinates":[[[-8.98057454265072,38.6428382635417],[-8.98048006852655,38.6427618594153],[-8.98007666845128,38.6423555533261],[-8.97913396416318,38.6414060365652],[-8.97913099422853,38.6414037168415],[-8.97923632271241,38.6413174935241],[-8.9794303423168,38.6411586637879],[-8.98068660542194,38.6414048352837],[-8.98117816674612,38.6415123586907],[-8.98425860433936,38.642182137218],[-8.98706662796496,38.6428452781444],[-8.9870782313709,38.6429050089077],[-8.98754832814542,38.6430382973212],[-8.98883766376189,38.6433450403008],[-8.98963954039246,38.643538012529],[-8.9894514825073,38.6435853890848],[-8.98918535160427,38.6436524338368],[-8.98918475496428,38.643652584134],[-8.98918334813778,38.6436487416734],[-8.98917965842805,38.6436386715179],[-8.98917596870865,38.6436286004616],[-8.98917590914666,38.6436286144096],[-8.98917584220422,38.6436283942015],[-8.98880815689099,38.6437111553565],[-8.98870362321037,38.6437346842753],[-8.98637675363533,38.6442584058834],[-8.98637671235252,38.6442584115894],[-8.98637574314962,38.644257075554],[-8.98637579813996,38.6442570634424],[-8.98563366616714,38.6432298057841],[-8.98542981738083,38.6432277104751],[-8.9854261882696,38.6432300790179],[-8.98542606192294,38.6432300790377],[-8.98514091277926,38.6434152221119],[-8.98390374862046,38.6442184726389],[-8.98314905081918,38.6447084596518],[-8.98314081968453,38.6447138036037],[-8.98313907456943,38.6447120245771],[-8.9831345028826,38.6447184301136],[-8.9830960868373,38.6446764244174],[-8.98305767083708,38.6446344187078],[-8.98282069298503,38.6443873487692],[-8.98228519534954,38.643829040074],[-8.98215108451897,38.6436949652309],[-8.98207866487378,38.6436446870342],[-8.98200624532963,38.6435944087911],[-8.98133390561613,38.6432619168334],[-8.98093872567977,38.6430664857028],[-8.98093898528085,38.643066139045],[-8.98082483796309,38.6430095512078],[-8.9807151424606,38.6429489775867],[-8.98066901811352,38.6429146666794],[-8.98057454265072,38.6428382635417]]]}},{"type":"Feature","id":"CRUS_Moita_V.380103","properties":{"Area_Ha":20.0094811038965,"Autor":"DGT","Categoria":"Espaço Habitacional","Classe":"Solo Urbano","DTCC":"1506","Data_PublicacaoPDM":"2025-04-14T00:00:00","Designacao_PlantaOrdenamento":"Solo Urbano - Espaços Habitacionais - Tipo 0","Escala_PlantaOrdenamento":"1/12000","Fonte":"CM - Vectorial e Raster","ID":380103,"Municipio":"MOITA"},"geometry":{"type":"Polygon","coordinates":[[[-8.97811434961649,38.6637390085269],[-8.97809691460045,38.663709688053],[-8.97809997611104,38.6636740688029],[-8.97820107040462,38.6634801876867],[-8.97839333477863,38.6633041609953],[-8.97858170999211,38.663130457352],[-8.97882451041858,38.6629114691449],[-8.97893335204338,38.6628099558259],[-8.97906023561404,38.662691613683],[-8.97935764582132,38.6624203132517],[-8.97938783913173,38.6623927706583],[-8.97939049205342,38.6623907273531],[-8.97958469158877,38.6622411854957],[-8.98081716615802,38.6605038745588],[-8.98052748716294,38.6603551697182],[-8.98005249895526,38.6610540438887],[-8.97953569722687,38.6617965141071],[-8.97946283395523,38.6619004907978],[-8.97922262719475,38.6622432674194],[-8.97921590242012,38.6622531123277],[-8.97921551875673,38.6622534114681],[-8.97921510776557,38.6622537315248],[-8.97864590805001,38.6617773623552],[-8.9786351532663,38.6617685788739],[-8.97850643554057,38.6616604874606],[-8.9780087056871,38.6612425139262],[-8.97794611728923,38.6611930379465],[-8.97776598203357,38.661050641449],[-8.97788340559168,38.6600653610735],[-8.97797507542307,38.6599537682978],[-8.97808941972107,38.6598158261157],[-8.9782601142684,38.6596063039792],[-8.97871421638713,38.6590489027592],[-8.97858837919491,38.6589736528549],[-8.97848323508806,38.6589107780676],[-8.97848129569667,38.6589096931007],[-8.97841319242737,38.6588686401056],[-8.97979609419709,38.6572603967888],[-8.97983505043479,38.6572792686429],[-8.97987400784152,38.6572981404754],[-8.97988111536124,38.6573016264892],[-8.97994407768434,38.6573338654395],[-8.97999998875733,38.6573602713415],[-8.98006196437871,38.6573921237192],[-8.98010986784762,38.657419771209],[-8.9808071499255,38.6578965549397],[-8.98089621053962,38.6579582434558],[-8.98113995780877,38.6583698979364],[-8.98122206910173,38.6585085717315],[-8.98145849003363,38.6587033176642],[-8.98178626024049,38.6589733067681],[-8.9822054331421,38.6593476014729],[-8.98231099542827,38.6594418620441],[-8.98305176014278,38.6599599651467],[-8.98371496859089,38.6604608699173],[-8.9837140917767,38.6604617257535],[-8.98298950079724,38.661169043945],[-8.98209877085183,38.6620383853823],[-8.98192530867811,38.6621620908321],[-8.98154087095403,38.6624363180164],[-8.98065889747313,38.6631749708286],[-8.98039006250494,38.6634001084381],[-8.98035801688389,38.6634269512655],[-8.98034997464674,38.6634315576875],[-8.98010687315972,38.6635708065076],[-8.9796230924919,38.6638479140765],[-8.9793039086935,38.6639693849591],[-8.9791114911812,38.6640132309455],[-8.97889889613155,38.6639987062044],[-8.97822297902824,38.6637798481023],[-8.97811434961649,38.6637390085269]]]}},{"type":"Feature","id":"CRUS_Moita_V.380104","properties":{"Area_Ha":9.17487771917544,"Autor":"DGT","Categoria":"Espaço Habitacional","Classe":"Solo Urbano","DTCC":"1506","Data_PublicacaoPDM":"2025-04-14T00:00:00","Designacao_PlantaOrdenamento":"Solo Urbano - Espaços Habitacionais - Tipo 0","Escala_PlantaOrdenamento":"1/12000","Fonte":"CM - Vectorial e Raster","ID":380104,"Municipio":"MOITA"},"geometry":{"type":"Polygon","coordinates":[[[-8.97692783835434,38.6509298844082],[-8.97692796246084,38.6509255794546],[-8.97694682646012,38.6502703391692],[-8.97701815702739,38.6502726531198],[-8.97704765247583,38.6502736095724],[-8.97704819833642,38.6502736281544],[-8.97704989342335,38.6502736897911],[-8.97705186547662,38.6502737620409],[-8.97705331118534,38.6502738146671],[-8.9770978203042,38.6502754464897],[-8.9771244556701,38.6502764226578],[-8.97752630647789,38.6502911476915],[-8.97753703610896,38.6502576322585],[-8.97816467105622,38.6502785800244],[-8.97816918686596,38.650015269269],[-8.97817370379845,38.6497519575931],[-8.9781807641801,38.6493401338865],[-8.97809493417247,38.6493359436024],[-8.97811767999772,38.6490499331834],[-8.97811776526045,38.6490488795232],[-8.97814875277512,38.6486613614753],[-8.97822795725129,38.6481831917688],[-8.97826123087314,38.647982716193],[-8.97832708093011,38.6479864796165],[-8.9784811736249,38.6479952858205],[-8.97870111413815,38.6480078541494],[-8.97870404683956,38.6479726825255],[-8.97870558799684,38.6479541805014],[-8.97870747066869,38.6479316043569],[-8.97871085340546,38.6478910372431],[-8.97871448888067,38.647847443389],[-8.97871763391653,38.6478097173393],[-8.97872063491373,38.6477737119728],[-8.97872328362361,38.6477419393466],[-8.97872563447914,38.6477137531881],[-8.97873014177224,38.6476597018565],[-8.97873866480177,38.6475574706076],[-8.97832023932858,38.6475030059752],[-8.97832547264842,38.6471852495773],[-8.97832560394526,38.6471772620647],[-8.97832620116616,38.6471733437387],[-8.97833663905637,38.6471048978914],[-8.97834516475312,38.647048997],[-8.97838997704577,38.6467551538977],[-8.97807347593526,38.6467090670895],[-8.97802519673786,38.6468305681951],[-8.97763359525577,38.6467719122479],[-8.97755096187551,38.6470945963278],[-8.97748339037565,38.6473584632538],[-8.97720753138968,38.6473163514759],[-8.97723519569455,38.6472061875076],[-8.97749643657678,38.6461643488056],[-8.97749651339207,38.6461640428771],[-8.97821938126483,38.6462899399297],[-8.97849162533885,38.6462103357483],[-8.97888188707944,38.6455033196682],[-8.97897081931737,38.6454958566292],[-8.97905975038708,38.645488393531],[-8.97920006401147,38.6454483296204],[-8.97929293524697,38.645393339129],[-8.97968375646685,38.6455684634014],[-8.97896959780692,38.6472073765625],[-8.97878109069265,38.6481356122939],[-8.97871935050947,38.6484413378912],[-8.9786799029937,38.6488850871127],[-8.97855685057538,38.6503137953925],[-8.97855629037565,38.6503204735244],[-8.97914575573326,38.6502953633579],[-8.98032451409345,38.6501776585803],[-8.98091983379978,38.6501018689967],[-8.98119020386055,38.6500649163441],[-8.98224253355241,38.6498570434821],[-8.98227402944357,38.6498507560171],[-8.98204314676708,38.650819018851],[-8.98215283537131,38.6508886892959],[-8.98215206634873,38.6508893263436],[-8.9820914965056,38.6509394869217],[-8.98194907232044,38.6509743485385],[-8.98164246158085,38.6510493979509],[-8.98084688543512,38.6512441277849],[-8.98062296584729,38.6512989349214],[-8.98008245213365,38.6514222941905],[-8.97986251079566,38.6514662830006],[-8.97963184065784,38.6515039875395],[-8.97920805204282,38.6515375027409],[-8.97764303893888,38.6516246693044],[-8.97747815065724,38.6516333750876],[-8.97747908105457,38.6516297471259],[-8.97752302660361,38.6515172487512],[-8.97753703550529,38.6514809459748],[-8.977547763884,38.651317559347],[-8.97753703576075,38.6509258485995],[-8.97692783835434,38.6509298844082]]]}},{"type":"Feature","id":"CRUS_Moita_V.380105","properties":{"Area_Ha":4.30726230524443,"Autor":"DGT","Categoria":"Espaço Habitacional","Classe":"Solo Urbano","DTCC":"1506","Data_PublicacaoPDM":"2025-04-14T00:00:00","Designacao_PlantaOrdenamento":"Solo Urbano - Espaços Habitacionais - Tipo 0","Escala_PlantaOrdenamento":"1/12000","Fonte":"CM - Vectorial e Raster","ID":380105,"Municipio":"MOITA"},"geometry":{"type":"Polygon","coordinates":[[[-8.97595521563527,38.6385562464634],[-8.97607350381882,38.6384122722162],[-8.97607497047483,38.6384104870742],[-8.97809793359292,38.6359481342302],[-8.97814135242103,38.6359091119203],[-8.9781961694619,38.6358753274403],[-8.97823515508633,38.6358601752476],[-8.97826177495655,38.6358502118594],[-8.97833955933156,38.6358303077152],[-8.97839132745187,38.6358245306281],[-8.97842650428414,38.6358213776529],[-8.97849337142966,38.6358279063794],[-8.97851174998544,38.6358297013037],[-8.97851233523696,38.6358297583295],[-8.97851312884408,38.6358300516634],[-8.97851368044711,38.6358303728696],[-8.97946920592047,38.6361859407775],[-8.97683766134049,38.6392518077752],[-8.97595521563527,38.6385562464634]]]}},{"type":"Feature","id":"CRUS_Moita_V.380106","properties":{"Area_Ha":3.30861602121808,"Autor":"DGT","Categoria":"Espaço Habitacional","Classe":"Solo Urbano","DTCC":"1506","Data_PublicacaoPDM":"2025-04-14T00:00:00","Designacao_PlantaOrdenamento":"Solo Urbano - Espaços Habitacionais - Tipo 0","Escala_PlantaOrdenamento":"1/12000","Fonte":"CM - Vectorial e Raster","ID":380106,"Municipio":"MOITA"},"geometry":{"type":"Polygon","coordinates":[[[-8.9537395191998,38.6391915571502],[-8.95388109457153,38.6388488622014],[-8.95394743295389,38.6386673995964],[-8.95408001823461,38.6386924044713],[-8.9542229432437,38.6387178554895],[-8.95633770157182,38.63909384578],[-8.9563384115857,38.6390922580598],[-8.95660613118381,38.6384934400949],[-8.95662304146046,38.638454733942],[-8.95667099656034,38.638344971309],[-8.95667235908139,38.6383453040251],[-8.95667250075178,38.6383453390601],[-8.95684387040629,38.6383858310436],[-8.95720141598761,38.6384714238959],[-8.95720757962704,38.6384729812172],[-8.95799194097095,38.6386711652107],[-8.95848706300599,38.6387962645857],[-8.95859625725105,38.6388286340432],[-8.95891148544968,38.6389228167022],[-8.95891173668996,38.6389228914976],[-8.95882923787233,38.6390028469196],[-8.95882914359489,38.6390029385668],[-8.95858256387962,38.6392419161196],[-8.95850893017166,38.6393126763462],[-8.95840104137836,38.639417131577],[-8.95815219213223,38.6396580591683],[-8.95812600856145,38.6396556539961],[-8.95777580451836,38.6396234888616],[-8.95747081054516,38.6395954748258],[-8.95658663511872,38.6395234612127],[-8.95618197396109,38.6394871876814],[-8.9560904448783,38.6394770480129],[-8.95550038707225,38.6394116801728],[-8.95443747959036,38.6392823818603],[-8.95400458379933,38.639228286403],[-8.95386103948075,38.639210348625],[-8.9537395191998,38.6391915571502]]]}},{"type":"Feature","id":"CRUS_Moita_V.380107","properties":{"Area_Ha":0.256234360704658,"Autor":"DGT","Categoria":"Espaço Habitacional","Classe":"Solo Urbano","DTCC":"1506","Data_PublicacaoPDM":"2025-04-14T00:00:00","Designacao_PlantaOrdenamento":"Solo Urbano - Espaços Habitacionais - Tipo 0","Escala_PlantaOrdenamento":"1/12000","Fonte":"CM - Vectorial e Raster","ID":380107,"Municipio":"MOITA"},"geometry":{"type":"Polygon","coordinates":[[[-8.97643296221016,38.6493659550952],[-8.97655001976705,38.6493881727084],[-8.9767913811594,38.6494339803972],[-8.97681820301747,38.6496476450084],[-8.97681015739075,38.649760761614],[-8.97672432466597,38.6497565721474],[-8.97669750266514,38.6500414577466],[-8.97664654096019,38.6500414577236],[-8.97662994306513,38.6502550048724],[-8.97662955075229,38.6502600477202],[-8.97641416439534,38.6502533835218],[-8.97643296221016,38.6493659550952]]]}},{"type":"Feature","id":"CRUS_Moita_V.380108","properties":{"Area_Ha":2.55622287664896,"Autor":"DGT","Categoria":"Espaço Habitacional","Classe":"Solo Urbano","DTCC":"1506","Data_PublicacaoPDM":"2025-04-14T00:00:00","Designacao_PlantaOrdenamento":"Solo Urbano - Espaços Habitacionais - Tipo 0","Escala_PlantaOrdenamento":"1/12000","Fonte":"CM - Vectorial e Raster","ID":380108,"Municipio":"MOITA"},"geometry":{"type":"Polygon","coordinates":[[[-9.01838287835477,38.6371996205952],[-9.01836007986556,38.6371696962394],[-9.01787343578666,38.6363929009776],[-9.01752453718219,38.6358308246447],[-9.01816407057388,38.6354797815898],[-9.01825080784033,38.6354197720437],[-9.01835182537035,38.6353498815137],[-9.01849459375332,38.6352245680162],[-9.01990480948914,38.6359419546156],[-9.01863022906275,38.6373725484276],[-9.01870003671926,38.6374505677025],[-9.01861809869759,38.637500909811],[-9.01861413787332,38.6375009424942],[-9.0185658573844,38.6374380892729],[-9.01853642230937,38.6373998304696],[-9.01838677339848,38.6372046986981],[-9.01838287835477,38.6371996205952]]]}},{"type":"Feature","id":"CRUS_Moita_V.380109","properties":{"Area_Ha":5.30218724092031,"Autor":"DGT","Categoria":"Espaço Habitacional","Classe":"Solo Urbano","DTCC":"1506","Data_PublicacaoPDM":"2025-04-14T00:00:00","Designacao_PlantaOrdenamento":"Solo Urbano - Espaços Habitacionais - Tipo 0","Escala_PlantaOrdenamento":"1/12000","Fonte":"CM - Vectorial e Raster","ID":380109,"Municipio":"MOITA"},"geometry":{"type":"Polygon","coordinates":[[[-8.98225649208644,38.6800710111675],[-8.98215406636178,38.6800077861077],[-8.98208381826517,38.6800064215156],[-8.9827288373682,38.6781503358504],[-8.98282137358566,38.6774980774973],[-8.98295768247536,38.6775091091789],[-8.98466097347811,38.6776469454806],[-8.98480084410621,38.6776582634571],[-8.98479813022909,38.6779911695876],[-8.98453527417416,38.6782550028267],[-8.9845084519991,38.6795950955837],[-8.98471745522242,38.6795959807793],[-8.98471634050297,38.6801863128662],[-8.98332684948102,38.680137912006],[-8.98227006005689,38.6800730025142],[-8.98225649208644,38.6800710111675]]]}},{"type":"Feature","id":"CRUS_Moita_V.380110","properties":{"Area_Ha":1.36169383798758,"Autor":"DGT","Categoria":"Espaço Habitacional","Classe":"Solo Urbano","DTCC":"1506","Data_PublicacaoPDM":"2025-04-14T00:00:00","Designacao_PlantaOrdenamento":"Solo Urbano - Espaços Habitacionais - Tipo 0","Escala_PlantaOrdenamento":"1/12000","Fonte":"CM - Vectorial e Raster","ID":380110,"Municipio":"MOITA"},"geometry":{"type":"Polygon","coordinates":[[[-9.01405228246026,38.6361233855302],[-9.01406139922499,38.6360575218758],[-9.01421862390893,38.6349216297494],[-9.01454546789654,38.6340255714805],[-9.01454348116308,38.6340197654272],[-9.0145074722586,38.6339145313749],[-9.01512438085585,38.6339836725657],[-9.01516729587972,38.6339690063443],[-9.01521825777751,38.6340109105344],[-9.01517534025866,38.6340578923819],[-9.01510560544762,38.6341345274135],[-9.01508319982851,38.6341753660116],[-9.01508107103434,38.6341792456261],[-9.0150421899893,38.6342501125462],[-9.01503945121953,38.634255105653],[-9.01502513829475,38.6342811919538],[-9.01500583501958,38.6343310638736],[-9.01498561107369,38.6343832199727],[-9.01496645411944,38.634432665601],[-9.01496392368873,38.6344391975172],[-9.01495504872119,38.6344679110112],[-9.01487697387586,38.6347233750162],[-9.01476385199738,38.6351882193435],[-9.01476320367315,38.6351908906209],[-9.01476228209235,38.6351946935707],[-9.01475187786127,38.6353030598988],[-9.01474618936274,38.6353623065652],[-9.0147525816399,38.6354594222325],[-9.01476228191486,38.6356095363199],[-9.01478908436287,38.6357560885347],[-9.01478948314156,38.6357582654843],[-9.01479168493798,38.6357702773773],[-9.01479422909138,38.6357841729817],[-9.01483031985196,38.6359815625309],[-9.01483844044898,38.6360259660999],[-9.01485462125724,38.6361140602506],[-9.01485615995166,38.6361228486444],[-9.01486304407102,38.6361459132869],[-9.01486474348707,38.6361516025912],[-9.01486475429708,38.6361516412445],[-9.01486518902813,38.6361530963756],[-9.01486529802282,38.6361534621829],[-9.01486533395319,38.6361535826203],[-9.01486534470803,38.6361536167699],[-9.014865355507,38.6361536545224],[-9.01486542139407,38.6361538765254],[-9.01486545609882,38.6361539906664],[-9.01486547047538,38.6361540392016],[-9.01486552674496,38.6361542261455],[-9.01486553634038,38.6361542594031],[-9.01486554829878,38.6361542980477],[-9.01486569205339,38.6361547824996],[-9.01486696025011,38.6361590220512],[-9.01486714099522,38.636159619726],[-9.01486852086985,38.6361642565929],[-9.01487125629454,38.6361734197105],[-9.01487695353859,38.6361925072233],[-9.01476861811842,38.6362303586361],[-9.01464577387542,38.6362125331543],[-9.01428016201407,38.6361631749455],[-9.01405228246026,38.6361233855302]]]}},{"type":"Feature","id":"CRUS_Moita_V.380111","properties":{"Area_Ha":0.662474873926165,"Autor":"DGT","Categoria":"Espaço Central","Classe":"Solo Urbano","DTCC":"1506","Data_PublicacaoPDM":"2025-04-14T00:00:00","Designacao_PlantaOrdenamento":"Solo Urbano - Espaços Centrais - Núcleos Antigos","Escala_PlantaOrdenamento":"1/12000","Fonte":"CM - Vectorial e Raster","ID":380111,"Municipio":"MOITA"},"geometry":{"type":"Polygon","coordinates":[[[-9.00339742422772,38.6698259762284],[-9.00346582006866,38.669880424378],[-9.0034828178534,38.6698937216556],[-9.00358245433913,38.6699202267345],[-9.00358279208814,38.6699203161027],[-9.00357334673227,38.6703004992467],[-9.00362831426573,38.6703267629154],[-9.00421579247877,38.67036008831],[-9.0042038700096,38.670473658812],[-9.00420238231549,38.6704878301961],[-9.0042020958025,38.6704878166491],[-9.00419609613151,38.6705356928507],[-9.00389898907402,38.6705246646389],[-9.0038943242118,38.6705638198123],[-9.00382190457979,38.6705638193991],[-9.00379240058331,38.6705638192491],[-9.00372872186168,38.6707362998482],[-9.00359481629071,38.6708181589543],[-9.00351063298576,38.6708421153853],[-9.00336902079078,38.6707039266427],[-9.00298285161194,38.6704843947353],[-9.00275185120273,38.6705353667061],[-9.00261412029015,38.6703411380289],[-9.00282597723565,38.6702352795168],[-9.00283415952451,38.6702311947831],[-9.00301118438032,38.6700992635714],[-9.00298704584412,38.6700751808706],[-9.00302459741236,38.67003539234],[-9.0030675113845,38.6700657572047],[-9.0030746131462,38.6700605950235],[-9.00339742422772,38.6698259762284]]]}},{"type":"Feature","id":"CRUS_Moita_V.380112","properties":{"Area_Ha":2.76725151687667,"Autor":"DGT","Categoria":"Espaço Habitacional","Classe":"Solo Urbano","DTCC":"1506","Data_PublicacaoPDM":"2025-04-14T00:00:00","Designacao_PlantaOrdenamento":"Solo Urbano - Espaços Habitacionais - Tipo 1","Escala_PlantaOrdenamento":"1/12000","Fonte":"CM - Vectorial e Raster","ID":380112,"Municipio":"MOITA"},"geometry":{"type":"Polygon","coordinates":[[[-9.00261412029015,38.6703411380289],[-9.00275185120273,38.6705353667061],[-9.00298285161194,38.6704843947353],[-9.00336902079078,38.6707039266427],[-9.00351063298576,38.6708421153853],[-9.00359481629071,38.6708181589543],[-9.00372872186168,38.6707362998482],[-9.00379240058331,38.6705638192491],[-9.00382190457979,38.6705638193991],[-9.0038943242118,38.6705638198123],[-9.00389898907402,38.6705246646389],[-9.00419609613151,38.6705356928507],[-9.00439162929717,38.6705429503631],[-9.00455209528654,38.6705489060581],[-9.00518755692516,38.6705737696181],[-9.00518472491565,38.6706182570606],[-9.00518445164706,38.6706182471235],[-9.00518444246038,38.6706186264301],[-9.00518407390192,38.6706284836918],[-9.00517801830489,38.6707904430636],[-9.00515396996969,38.6708139378594],[-9.00523046785591,38.6708701009315],[-9.00582026103138,38.6713031088774],[-9.00596665909943,38.6714156463657],[-9.00561546094023,38.6716750848883],[-9.00528174062192,38.6719160273509],[-9.00528153900451,38.6719161729828],[-9.00416970239902,38.671010950165],[-9.00238846263882,38.6713875291503],[-9.00215357069215,38.6714371866728],[-9.00175054798187,38.6705432229702],[-9.00224463200212,38.6704505619968],[-9.0022591137794,38.6704478393464],[-9.00228028331927,38.6704439094617],[-9.00230815621982,38.6704386371027],[-9.00236477355144,38.6704280444505],[-9.00261251152025,38.6703416985783],[-9.00261412029015,38.6703411380289]]]}},{"type":"Feature","id":"CRUS_Moita_V.380113","properties":{"Area_Ha":0.57277607569471,"Autor":"DGT","Categoria":"Espaço de Uso Especial Equipamentos e Infraestruturas","Classe":"Solo Urbano","DTCC":"1506","Data_PublicacaoPDM":"2025-04-14T00:00:00","Designacao_PlantaOrdenamento":"Solo Urbano - Espaços de Uso Especial - Infraestruturas","Escala_PlantaOrdenamento":"1/12000","Fonte":"CM - Vectorial e Raster","ID":380113,"Municipio":"MOITA"},"geometry":{"type":"Polygon","coordinates":[[[-9.00962567473925,38.6760378050338],[-9.00972377539735,38.6765877690256],[-9.01007114629885,38.6769715844605],[-9.01020566578917,38.6771842242589],[-9.01008754151053,38.6772273694141],[-9.00996662950617,38.6770423388242],[-9.00958418402942,38.6766395268042],[-9.00950270005337,38.6761499381238],[-9.00878971927207,38.6762402622422],[-9.00878962381147,38.6762401611663],[-9.00593306824791,38.6765999075247],[-9.00569000393007,38.6766292047697],[-9.00559742400974,38.6766405168362],[-9.00557595946911,38.6765532614079],[-9.00557671878669,38.676553150264],[-9.00562558090824,38.6765450694665],[-9.00576075811549,38.6765286454699],[-9.00644804729734,38.6764406665541],[-9.00693071455571,38.6763744815977],[-9.00914993219514,38.67607422124],[-9.00941379909099,38.6760545671921],[-9.00949983598405,38.6760449176395],[-9.00962567473925,38.6760378050338]]]}},{"type":"Feature","id":"CRUS_Moita_V.380114","properties":{"Area_Ha":0.950060250884667,"Autor":"DGT","Categoria":"Espaço de Uso Especial Equipamentos e Infraestruturas","Classe":"Solo Urbano","DTCC":"1506","Data_PublicacaoPDM":"2025-04-14T00:00:00","Designacao_PlantaOrdenamento":"Solo Urbano - Espaços de Uso Especial - Espaços Canais","Escala_PlantaOrdenamento":"1/12000","Fonte":"CM - Vectorial e Raster","ID":380114,"Municipio":"MOITA"},"geometry":{"type":"Polygon","coordinates":[[[-8.97607497047483,38.6384104870742],[-8.97607376379122,38.6384097512335],[-8.97573266816153,38.6381605980488],[-8.97573187189117,38.638159994608],[-8.97573311925024,38.638158815122],[-8.97577295275562,38.6381718760786],[-8.97578737127047,38.6381762807717],[-8.97582602649201,38.6381739574864],[-8.97584812227853,38.6381723245923],[-8.97591467447287,38.6381470854998],[-8.97592964329761,38.6381388532581],[-8.97595518355242,38.638123691493],[-8.9760004468419,38.6380920036956],[-8.9760406799947,38.638043292594],[-8.97660005997352,38.63734536803],[-8.97785251205832,38.6357826550641],[-8.97789723599933,38.6357522765984],[-8.97794728595023,38.6357197886922],[-8.97801367020605,38.6356878367857],[-8.97807534401739,38.6356630866068],[-8.97811500827375,38.6356500833887],[-8.97817371787337,38.6356325799636],[-8.97817427987235,38.6356329065013],[-8.97838802685279,38.6357572666906],[-8.97851174998544,38.6358297013037],[-8.97849337142966,38.6358279063794],[-8.97842650428414,38.6358213776529],[-8.97839132745187,38.6358245306281],[-8.97833955933156,38.6358303077152],[-8.97826177495655,38.6358502118594],[-8.97823515508633,38.6358601752476],[-8.9781961694619,38.6358753274403],[-8.97814135242103,38.6359091119203],[-8.97809793359292,38.6359481342302],[-8.97607497047483,38.6384104870742]]]}},{"type":"Feature","id":"CRUS_Moita_V.380115","properties":{"Area_Ha":9.87709488868695,"Autor":"DGT","Categoria":"Espaço de Atividades Económicas","Classe":"Solo Urbano","DTCC":"1506","Data_PublicacaoPDM":"2025-04-14T00:00:00","Designacao_PlantaOrdenamento":"Solo Urbano - Espaços de Atividades Económicas","Escala_PlantaOrdenamento":"1/12000","Fonte":"CM - Vectorial e Raster","ID":380115,"Municipio":"MOITA"},"geometry":{"type":"Polygon","coordinates":[[[-9.01727039678884,38.649882731459],[-9.01728036693829,38.6498851193629],[-9.01810894963798,38.6500690918957],[-9.01871727594055,38.650198401469],[-9.01897786436837,38.6502537926297],[-9.01898427606774,38.6502551556348],[-9.0189857289347,38.6502561056235],[-9.01899673641043,38.6502584716728],[-9.01943074354423,38.6503517602494],[-9.02073951771103,38.6506310948179],[-9.02094521244802,38.6506737831307],[-9.02413398763284,38.6513579578387],[-9.02413399714542,38.6513579838896],[-9.0241372073566,38.6513561812474],[-9.02414471621161,38.6513865631503],[-9.02414571388718,38.6513895768504],[-9.02421396887527,38.651595750202],[-9.02448761227321,38.6523169223873],[-9.02462940428186,38.6526989963971],[-9.02477119783315,38.6530810701923],[-9.02478062669388,38.6531098736108],[-9.02478604507846,38.6531196690936],[-9.02458553661194,38.6531476720451],[-9.02431358115524,38.6531557878752],[-9.023457400542,38.6530987282408],[-9.02248778877881,38.6530196326891],[-9.02129721822722,38.6529277788777],[-9.02123593611159,38.6528583489323],[-9.02076417964717,38.6523083185361],[-9.02072930621457,38.6522662705567],[-9.02069309456177,38.6521996488507],[-9.02047302740462,38.6517645073099],[-9.02051109380567,38.6517463006165],[-9.02051335953906,38.6517452168745],[-9.02028226608619,38.6514303962385],[-9.02023212643965,38.6513620901259],[-9.01758328776011,38.650771023509],[-9.01758259777662,38.6507708692835],[-9.01758262282796,38.6507709447618],[-9.01758290201574,38.6507717894079],[-9.01757969846793,38.6507781625072],[-9.01727039678884,38.649882731459]]]}},{"type":"Feature","id":"CRUS_Moita_V.380116","properties":{"Area_Ha":1.94735036413502,"Autor":"DGT","Categoria":"Espaço de Uso Especial Equipamentos e Infraestruturas","Classe":"Solo Urbano","DTCC":"1506","Data_PublicacaoPDM":"2025-04-14T00:00:00","Designacao_PlantaOrdenamento":"Solo Urbano - Espaços de Uso Especial - Espaços Canais","Escala_PlantaOrdenamento":"1/12000","Fonte":"CM - Vectorial e Raster","ID":380116,"Municipio":"MOITA"},"geometry":{"type":"Polygon","coordinates":[[[-8.95429945690225,38.6377645537779],[-8.95401819227029,38.6384300115192],[-8.95394743295389,38.6386673995964],[-8.95388109457153,38.6388488622014],[-8.9537395191998,38.6391915571502],[-8.95386103948075,38.639210348625],[-8.95400458379933,38.639228286403],[-8.95443747959036,38.6392823818603],[-8.95550038707225,38.6394116801728],[-8.9560904448783,38.6394770480129],[-8.95618197396109,38.6394871876814],[-8.95658663511872,38.6395234612127],[-8.95747081054516,38.6395954748258],[-8.95777580451836,38.6396234888616],[-8.95812600856145,38.6396556539961],[-8.95815219213223,38.6396580591683],[-8.95815179909209,38.6396584393797],[-8.95784873144764,38.6399518560504],[-8.95784866016023,38.6399518493465],[-8.95698955004388,38.6398649329434],[-8.95652257725918,38.6398176870543],[-8.95583707284178,38.6397483274032],[-8.95412478898681,38.6395405186233],[-8.95396695017209,38.6395213616106],[-8.95350983500167,38.6394685800978],[-8.95350909321912,38.6394684952187],[-8.95348621011376,38.6394565596086],[-8.95359595509129,38.6391689502843],[-8.95414610905705,38.6377271256438],[-8.9541472299482,38.6377272204696],[-8.95418280840611,38.6376433241904],[-8.9542200301701,38.6375601198987],[-8.95494980628514,38.6377433477834],[-8.95575786794443,38.6379462249009],[-8.95667664732881,38.6381784725624],[-8.95667099656034,38.638344971309],[-8.95598077848955,38.6381760510986],[-8.95429945690225,38.6377645537779]]]}},{"type":"Feature","id":"CRUS_Moita_V.380117","properties":{"Area_Ha":2.07896325538862,"Autor":"DGT","Categoria":"Espaço de Atividades Económicas","Classe":"Solo Urbano","DTCC":"1506","Data_PublicacaoPDM":"2025-04-14T00:00:00","Designacao_PlantaOrdenamento":"Solo Urbano - Espaços de Atividades Económicas","Escala_PlantaOrdenamento":"1/12000","Fonte":"CM - Vectorial e Raster","ID":380117,"Municipio":"MOITA"},"geometry":{"type":"Polygon","coordinates":[[[-8.95429945690225,38.6377645537779],[-8.95598077848955,38.6381760510986],[-8.95667099656034,38.638344971309],[-8.95662304146046,38.638454733942],[-8.95660613118381,38.6384934400949],[-8.9563384115857,38.6390922580598],[-8.95633770157182,38.63909384578],[-8.9542229432437,38.6387178554895],[-8.95408001823461,38.6386924044713],[-8.95394743295389,38.6386673995964],[-8.95401819227029,38.6384300115192],[-8.95429945690225,38.6377645537779]]]}},{"type":"Feature","id":"CRUS_Moita_V.380118","properties":{"Area_Ha":5.36554162483205,"Autor":"DGT","Categoria":"Espaço Central","Classe":"Solo Urbano","DTCC":"1506","Data_PublicacaoPDM":"2025-04-14T00:00:00","Designacao_PlantaOrdenamento":"Solo Urbano - Espaços Centrais - Núcleos Consolidados","Escala_PlantaOrdenamento":"1/12000","Fonte":"CM - Vectorial e Raster","ID":380118,"Municipio":"MOITA"},"geometry":{"type":"Polygon","coordinates":[[[-9.04091123700586,38.647771802801],[-9.04074086694889,38.6478448555526],[-9.03994546452208,38.6481859102721],[-9.03942049480262,38.6487457689356],[-9.03930381135557,38.6488702065539],[-9.03856432408478,38.6496687174486],[-9.0379445173036,38.6499741974977],[-9.03783879729271,38.650026302527],[-9.03776712602068,38.6500709980583],[-9.037579048099,38.6501882896068],[-9.03757905807876,38.6501881697226],[-9.0375865654433,38.6501476475398],[-9.03759630246364,38.650095067063],[-9.03770193143066,38.6495246184487],[-9.03770194323833,38.6495245525987],[-9.03768537467867,38.6494616424262],[-9.03749358003245,38.6487334259783],[-9.03726420268232,38.6484402748082],[-9.03778529417719,38.6479688327769],[-9.03838057687401,38.6474302565201],[-9.0387182916444,38.6471264557137],[-9.03875643828971,38.646893278017],[-9.0387944215709,38.6466611580085],[-9.03883377513909,38.646655309087],[-9.03883318773829,38.6466586438815],[-9.03905745732737,38.6467597710187],[-9.03960851904495,38.6470082497584],[-9.03996665828194,38.6471662963325],[-9.04029364036364,38.6473094111806],[-9.04055492419794,38.6474263817684],[-9.04079652230342,38.6475519522663],[-9.04085926014756,38.6476151883507],[-9.04091503893581,38.6477255921282],[-9.04090788498882,38.6477357605768],[-9.04091123700586,38.647771802801]]]}},{"type":"Feature","id":"CRUS_Moita_V.380119","properties":{"Area_Ha":1.91160566373467,"Autor":"DGT","Categoria":"Espaço Central","Classe":"Solo Urbano","DTCC":"1506","Data_PublicacaoPDM":"2025-04-14T00:00:00","Designacao_PlantaOrdenamento":"Solo Urbano - Espaços Centrais - Núcleos Consolidados","Escala_PlantaOrdenamento":"1/12000","Fonte":"CM - Vectorial e Raster","ID":380119,"Municipio":"MOITA"},"geometry":{"type":"Polygon","coordinates":[[[-9.0341732340331,38.6527635914772],[-9.03417359928772,38.6527652380361],[-9.03417376795587,38.6527651304419],[-9.03444745924687,38.6527956489405],[-9.03472115075779,38.6528261667958],[-9.03494442303619,38.6528335608548],[-9.03494561209873,38.6528356881097],[-9.03494637221061,38.6528360105569],[-9.03516868571071,38.6532300385204],[-9.03516682321276,38.6532316967945],[-9.0351668174325,38.6532319579851],[-9.03516403439135,38.65323417982],[-9.03510942879319,38.6532777740399],[-9.03504131176451,38.6533235908172],[-9.03368885193375,38.6542223924879],[-9.03364367980742,38.6542524118509],[-9.03361648135129,38.6542687501389],[-9.03357986136774,38.6542907486376],[-9.03351493403172,38.6542623542567],[-9.03255749393935,38.6537932292761],[-9.03255674148502,38.6537928612283],[-9.03259216199479,38.6537507284894],[-9.03259485486555,38.6537475252407],[-9.0326978199068,38.6536250437825],[-9.03274616006573,38.653651116912],[-9.03277864707159,38.6536686381115],[-9.03352331656211,38.6531801924989],[-9.03401194358887,38.6528683929782],[-9.0340120062681,38.6528683528601],[-9.0341732340331,38.6527635914772]]]}},{"type":"Feature","id":"CRUS_Moita_V.380120","properties":{"Area_Ha":3.60981706525141,"Autor":"DGT","Categoria":"Espaço Habitacional","Classe":"Solo Urbano","DTCC":"1506","Data_PublicacaoPDM":"2025-04-14T00:00:00","Designacao_PlantaOrdenamento":"Solo Urbano - Espaços Habitacionais - Tipo 1","Escala_PlantaOrdenamento":"1/12000","Fonte":"CM - Vectorial e Raster","ID":380120,"Municipio":"MOITA"},"geometry":{"type":"Polygon","coordinates":[[[-9.03516868571071,38.6532300385204],[-9.03525385616468,38.6533809931609],[-9.035335369143,38.6533547041586],[-9.03549822444659,38.6533021813487],[-9.03703479663693,38.6558066062971],[-9.03689516400861,38.6558456478443],[-9.03675752173126,38.6558953564786],[-9.03357394256369,38.6542943046351],[-9.03357986136774,38.6542907486376],[-9.03361648135129,38.6542687501389],[-9.03364367980742,38.6542524118509],[-9.03368885193375,38.6542223924879],[-9.03504131176451,38.6533235908172],[-9.03510942879319,38.6532777740399],[-9.0351668174325,38.6532319579851],[-9.03516682321276,38.6532316967945],[-9.03516868571071,38.6532300385204]]]}},{"type":"Feature","id":"CRUS_Moita_V.380121","properties":{"Area_Ha":2.09449476555389,"Autor":"DGT","Categoria":"Espaço Verde","Classe":"Solo Urbano","DTCC":"1506","Data_PublicacaoPDM":"2025-04-14T00:00:00","Designacao_PlantaOrdenamento":"Solo Urbano - Espaços Verdes - Proteção à Rede Hídrica","Escala_PlantaOrdenamento":"1/12000","Fonte":"CM - Vectorial e Raster","ID":380121,"Municipio":"MOITA"},"geometry":{"type":"Polygon","coordinates":[[[-8.99308765665817,38.6473754674255],[-8.99313592673204,38.6475162277428],[-8.99313599407804,38.6475164803745],[-8.99324365150055,38.647924506643],[-8.99324373699147,38.6479248357098],[-8.99325670158417,38.6479739748951],[-8.99327152486124,38.6480299429421],[-8.99345653347571,38.6487299705756],[-8.99352419560444,38.6490180356165],[-8.99357743522876,38.6491730052752],[-8.99363482929111,38.6492526350838],[-8.99374034485888,38.6493198643364],[-8.99396249824052,38.6494197560122],[-8.99418216775359,38.6494850187126],[-8.9944837218577,38.6495242554838],[-8.9947155903561,38.6495561479408],[-8.9950750807681,38.6495931322962],[-8.9952777393565,38.6497021902913],[-8.99530412555426,38.6497267508797],[-8.99531089946923,38.6497330732579],[-8.99538049659414,38.649798058812],[-8.99539686632337,38.6498133437404],[-8.99539733578401,38.6498150979225],[-8.99543475720925,38.6499549261667],[-8.99541871052281,38.6501147394718],[-8.99535524317144,38.6502525830397],[-8.99522936700305,38.6503963967821],[-8.99511335895184,38.6505469144369],[-8.99500216658497,38.6505030645748],[-8.99496008882835,38.6504831217675],[-8.99480586554185,38.6504100278815],[-8.99472539676924,38.6503718895421],[-8.99471513788758,38.6503670277851],[-8.99468257280509,38.6503461221094],[-8.99484302343866,38.6502011002978],[-8.99495212523859,38.650076453609],[-8.99497204346028,38.6500363335569],[-8.99497547100755,38.6499929794993],[-8.99496640364998,38.6499716494442],[-8.99490383101712,38.6499497073889],[-8.99406156239019,38.6498276365194],[-8.99400768933468,38.6498128913562],[-8.99400641813656,38.6498125430914],[-8.9937656002451,38.6497466294482],[-8.99347950618929,38.6496179855404],[-8.99327762047711,38.6494893550079],[-8.99314889294769,38.6493107499812],[-8.99309859614132,38.6491643467859],[-8.9930757126229,38.6490977390999],[-8.9930140696546,38.648835283632],[-8.99287807864021,38.6483178957968],[-8.99276670213233,38.64791295028],[-8.99265885486327,38.6475186100187],[-8.99260458560366,38.6473270845848],[-8.99260505535797,38.6473184270779],[-8.99255356005672,38.6471511958215],[-8.99251480572199,38.6469906702269],[-8.99251257996553,38.6469810848736],[-8.99250251005941,38.6468713117059],[-8.99250135320037,38.6468297587559],[-8.99249543914519,38.6464886223144],[-8.99270476490805,38.6467158719737],[-8.99285677524559,38.6469346852686],[-8.99296334931097,38.6470798370692],[-8.99289077873516,38.6471481994831],[-8.99287108990089,38.6472552262565],[-8.9929216212734,38.6473165175795],[-8.99302691858027,38.6473547966356],[-8.99308765665817,38.6473754674255]]]}},{"type":"Feature","id":"CRUS_Moita_V.380122","properties":{"Area_Ha":1.3011465559029,"Autor":"DGT","Categoria":"Espaço Habitacional","Classe":"Solo Urbano","DTCC":"1506","Data_PublicacaoPDM":"2025-04-14T00:00:00","Designacao_PlantaOrdenamento":"Solo Urbano - Espaços Habitacionais - Tipo 2","Escala_PlantaOrdenamento":"1/12000","Fonte":"CM - Vectorial e Raster","ID":380122,"Municipio":"MOITA"},"geometry":{"type":"Polygon","coordinates":[[[-8.9897531241047,38.6592781968595],[-8.98964603320058,38.659144936734],[-8.98964901859493,38.6591389955464],[-8.98976318114193,38.6584449282659],[-8.98987432493065,38.6577691971973],[-8.99101917946042,38.6585333196876],[-8.99138727725253,38.6587865561572],[-8.99138790741106,38.6587869902256],[-8.99129720423247,38.6588331498265],[-8.99086969091629,38.6590140943463],[-8.99058389976325,38.6590692204464],[-8.99028241880431,38.6591431775299],[-8.98998487815954,38.6592139855221],[-8.9897531241047,38.6592781968595]]]}},{"type":"Feature","id":"CRUS_Moita_V.380123","properties":{"Area_Ha":16.2509542457199,"Autor":"DGT","Categoria":"Área de Edificação Dispersa","Classe":"Solo Rústico","DTCC":"1506","Data_PublicacaoPDM":"2025-04-14T00:00:00","Designacao_PlantaOrdenamento":"Solo Rústico - Áreas de Edificação Dispersa","Escala_PlantaOrdenamento":"1/12000","Fonte":"CM - Vectorial e Raster","ID":380123,"Municipio":"MOITA"},"geometry":{"type":"Polygon","coordinates":[[[-8.97782310293452,38.6354573147547],[-8.97677885139927,38.6367200023759],[-8.97564432971087,38.6380917800771],[-8.97564371830083,38.6380925312516],[-8.97564339348905,38.6380929425583],[-8.9756432451613,38.6380928301246],[-8.97484989956669,38.63749290335],[-8.97156197640072,38.6350064161127],[-8.9715073920878,38.6349557863102],[-8.97145280786236,38.6349051573818],[-8.97140456547533,38.6348790706001],[-8.97136241509943,38.63485627765],[-8.9712890550066,38.6348297429256],[-8.97121569593806,38.6348147322133],[-8.97114099460346,38.6348170059083],[-8.97107702286595,38.6348234698409],[-8.97093351707125,38.6345270599978],[-8.97080289527172,38.634256739759],[-8.97067292803802,38.6340276807966],[-8.97046996545493,38.6337006810772],[-8.97023311016843,38.6334076228243],[-8.96988647210205,38.6330174555497],[-8.96935543562841,38.6324643272701],[-8.96935487291436,38.6324641313123],[-8.96935620279233,38.6324631417244],[-8.96997730525054,38.6326669174764],[-8.9706752133041,38.6328937800397],[-8.97195818962919,38.6333358453247],[-8.97296315526629,38.6336825699086],[-8.97432729018456,38.6341449449969],[-8.97439163974073,38.6341667557072],[-8.97540141413389,38.6345335829459],[-8.97571794485548,38.634632642923],[-8.97588254661786,38.6346937915315],[-8.9764554332773,38.6348642248204],[-8.97681641065305,38.6349716127738],[-8.97703613434579,38.6350713672756],[-8.97730310328998,38.6351941970018],[-8.97752037181026,38.6352997334842],[-8.97783866565036,38.6354364591658],[-8.97782310293452,38.6354573147547]]]}},{"type":"Feature","id":"CRUS_Moita_V.380124","properties":{"Area_Ha":10.8045120659561,"Autor":"DGT","Categoria":"Espaço Central","Classe":"Solo Urbano","DTCC":"1506","Data_PublicacaoPDM":"2025-04-14T00:00:00","Designacao_PlantaOrdenamento":"Solo Urbano - Espaços Centrais - Núcleos Consolidados","Escala_PlantaOrdenamento":"1/12000","Fonte":"CM - Vectorial e Raster","ID":380124,"Municipio":"MOITA"},"geometry":{"type":"Polygon","coordinates":[[[-9.02580148053906,38.648504603019],[-9.02679236067719,38.6489224287752],[-9.02693677060358,38.6489505673471],[-9.02790750138272,38.6486995149779],[-9.02797586299912,38.6486818352963],[-9.02800338511706,38.6487431038],[-9.02801952865139,38.6487803916357],[-9.02842980585118,38.6497005971385],[-9.02843043452918,38.649702008392],[-9.02781352567352,38.6498633037769],[-9.02775486897324,38.6498867589682],[-9.02748093243231,38.6499971782678],[-9.02762731100731,38.6504794903762],[-9.02776256394313,38.6509251417161],[-9.02791264841754,38.6518544511772],[-9.02791136989332,38.6518541763032],[-9.02741005823195,38.6517499405384],[-9.02628198486844,38.6515137541901],[-9.02628195889398,38.6515136976377],[-9.02628089939777,38.651515148817],[-9.02617866314412,38.6514938894233],[-9.02617527266878,38.6514931973674],[-9.02546860201395,38.6513489686114],[-9.02507685447251,38.6512690121721],[-9.02425377302279,38.6511010140389],[-9.02399897848353,38.6510477598415],[-9.02392072663907,38.6509146267802],[-9.02321327700908,38.6492788577051],[-9.02408978230741,38.6490414011998],[-9.02495378111588,38.6488089014452],[-9.02495376690851,38.6488088673229],[-9.02495248524139,38.6488058758439],[-9.02501934181694,38.6487229675311],[-9.02501866432566,38.648721470026],[-9.02502109155398,38.648720797693],[-9.02502129613274,38.6487207410254],[-9.02580148053906,38.648504603019]]]}},{"type":"Feature","id":"CRUS_Moita_V.380125","properties":{"Area_Ha":14.2627152092872,"Autor":"DGT","Categoria":"Espaço Habitacional","Classe":"Solo Urbano","DTCC":"1506","Data_PublicacaoPDM":"2025-04-14T00:00:00","Designacao_PlantaOrdenamento":"Solo Urbano - Espaços Habitacionais - Tipo 1","Escala_PlantaOrdenamento":"1/12000","Fonte":"CM - Vectorial e Raster","ID":380125,"Municipio":"MOITA"},"geometry":{"type":"Polygon","coordinates":[[[-8.97968375646685,38.6455684634014],[-8.98008037867505,38.6457461846226],[-8.98099278204977,38.6461550141366],[-8.98173090588653,38.6464857433229],[-8.98192168387779,38.6465633735405],[-8.98212900440157,38.6466352803562],[-8.98247189903159,38.6467221017591],[-8.98309634528878,38.6468222642877],[-8.98309638211742,38.6468222703258],[-8.98291780030003,38.6469066844341],[-8.98280164050913,38.6470468561831],[-8.98273002543773,38.6471822353852],[-8.98268658365939,38.6473580814018],[-8.98265051928706,38.6476577249758],[-8.98264632953477,38.6480789631741],[-8.98262611110057,38.6483781394099],[-8.98249800519356,38.6491199073354],[-8.98235775688257,38.6495897932158],[-8.9822745670324,38.6498490036474],[-8.98227410609327,38.6498504374757],[-8.98227402944357,38.6498507560171],[-8.98224253355241,38.6498570434821],[-8.98119020386055,38.6500649163441],[-8.98091983379978,38.6501018689967],[-8.98032451409345,38.6501776585803],[-8.97914575573326,38.6502953633579],[-8.97855629037565,38.6503204735244],[-8.97855685057538,38.6503137953925],[-8.9786799029937,38.6488850871127],[-8.97871935050947,38.6484413378912],[-8.97878109069265,38.6481356122939],[-8.97896959780692,38.6472073765625],[-8.97968375646685,38.6455684634014]]]}},{"type":"Feature","id":"CRUS_Moita_V.380126","properties":{"Area_Ha":1.61349506825339,"Autor":"DGT","Categoria":"Espaço Habitacional","Classe":"Solo Urbano","DTCC":"1506","Data_PublicacaoPDM":"2025-04-14T00:00:00","Designacao_PlantaOrdenamento":"Solo Urbano - Espaços Habitacionais - Tipo 1","Escala_PlantaOrdenamento":"1/12000","Fonte":"CM - Vectorial e Raster","ID":380126,"Municipio":"MOITA"},"geometry":{"type":"Polygon","coordinates":[[[-9.02791264841754,38.6518544511772],[-9.02776256394313,38.6509251417161],[-9.02762731100731,38.6504794903762],[-9.02748093243231,38.6499971782678],[-9.02775486897324,38.6498867589682],[-9.02781352567352,38.6498633037769],[-9.02843043452918,38.649702008392],[-9.02870133774987,38.650332525757],[-9.02830697308642,38.651854563463],[-9.0282861198516,38.651935043299],[-9.02828151482349,38.6519337741754],[-9.02812757783843,38.6519006711016],[-9.02791264841754,38.6518544511772]]]}},{"type":"Feature","id":"CRUS_Moita_V.380127","properties":{"Area_Ha":0.559982016169414,"Autor":"DGT","Categoria":"Espaço Habitacional","Classe":"Solo Urbano","DTCC":"1506","Data_PublicacaoPDM":"2025-04-14T00:00:00","Designacao_PlantaOrdenamento":"Solo Urbano - Espaços Habitacionais - Tipo 1","Escala_PlantaOrdenamento":"1/12000","Fonte":"CM - Vectorial e Raster","ID":380127,"Municipio":"MOITA"},"geometry":{"type":"Polygon","coordinates":[[[-9.01020390569962,38.6381037925865],[-9.01020992238944,38.638101778311],[-9.0114299674607,38.6383124379582],[-9.01147608124296,38.6383205620243],[-9.01151243010411,38.6383651826487],[-9.01144655882531,38.6383966361895],[-9.01076742595632,38.638720919064],[-9.01068322630707,38.6387521394471],[-9.01041146468813,38.6388497534564],[-9.01015593103364,38.6384101007886],[-9.01002007979512,38.6381698702784],[-9.01001948585263,38.6381688207855],[-9.01015359653507,38.638120633828],[-9.01020390569962,38.6381037925865]]]}},{"type":"Feature","id":"CRUS_Moita_V.380128","properties":{"Area_Ha":3.37938436691221,"Autor":"DGT","Categoria":"Espaço Habitacional","Classe":"Solo Urbano","DTCC":"1506","Data_PublicacaoPDM":"2025-04-14T00:00:00","Designacao_PlantaOrdenamento":"Solo Urbano - Espaços Habitacionais - Tipo 1","Escala_PlantaOrdenamento":"1/12000","Fonte":"CM - Vectorial e Raster","ID":380128,"Municipio":"MOITA"},"geometry":{"type":"Polygon","coordinates":[[[-8.97978439386797,38.6806845527021],[-8.98011990113741,38.6793849507404],[-8.98041762619046,38.6794310158618],[-8.98060695782363,38.6795040620229],[-8.98074432883277,38.6795617780908],[-8.98087402609138,38.6796235149579],[-8.98103784393385,38.6797014925938],[-8.98103851770268,38.6797018137994],[-8.98094340254362,38.6798402136394],[-8.98119948204857,38.6799497627827],[-8.98122230492826,38.6799755530087],[-8.98131419337314,38.6804501501967],[-8.98134706233169,38.6806820892238],[-8.98138446004826,38.6809637287035],[-8.98082409907298,38.681014992177],[-8.98092137938932,38.6816485205689],[-8.98069610515377,38.681676269556],[-8.98046814824047,38.6817333325519],[-8.98051583767082,38.6818724889074],[-8.98034892114302,38.6819123949593],[-8.98029907963589,38.6819142855958],[-8.9804239615139,38.6820535466516],[-8.98093628666921,38.6819564464709],[-8.98121837473351,38.6819029823691],[-8.98124717444568,38.6819967470387],[-8.98118306685454,38.6821308027793],[-8.98106975137718,38.6823807540312],[-8.98102505274952,38.6824752867595],[-8.98100504741235,38.6825166255065],[-8.98088762336553,38.682549574203],[-8.98076362292238,38.6825823956935],[-8.98035982859677,38.682692380375],[-8.97990117492936,38.6828159973],[-8.97971631921027,38.6829036568775],[-8.97963491617266,38.6829415132523],[-8.97959025533746,38.6829622829421],[-8.97959427775596,38.6829151733812],[-8.97961841810033,38.6827099822843],[-8.97963407194969,38.6825498215737],[-8.97967337588462,38.6822490139901],[-8.97999989074366,38.682047347341],[-8.98023069708076,38.6819679850628],[-8.97995724838174,38.6806658282769],[-8.97978439386797,38.6806845527021]]]}},{"type":"Feature","id":"CRUS_Moita_V.380129","properties":{"Area_Ha":1.35688251227916,"Autor":"DGT","Categoria":"Espaço Habitacional","Classe":"Solo Urbano","DTCC":"1506","Data_PublicacaoPDM":"2025-04-14T00:00:00","Designacao_PlantaOrdenamento":"Solo Urbano - Espaços Habitacionais - Tipo 1","Escala_PlantaOrdenamento":"1/12000","Fonte":"CM - Vectorial e Raster","ID":380129,"Municipio":"MOITA"},"geometry":{"type":"Polygon","coordinates":[[[-8.9897591935993,38.6435627022067],[-8.99039876985387,38.6437167266167],[-8.99112025611798,38.6458884787265],[-8.99113369585834,38.6459289324753],[-8.99115226396095,38.6459831690231],[-8.99140191532415,38.646712404982],[-8.99140030968377,38.6467129986845],[-8.99082390073448,38.6469260777736],[-8.99063212205593,38.6463395231474],[-8.99092582446037,38.6462745825872],[-8.99027538826092,38.6443619597039],[-8.99005406245896,38.6444061813436],[-8.99004471878756,38.6444080478029],[-8.9897560548855,38.6435646691349],[-8.98975503979278,38.6435617021004],[-8.9897591935993,38.6435627022067]]]}},{"type":"Feature","id":"CRUS_Moita_V.380130","properties":{"Area_Ha":2.165636540992,"Autor":"DGT","Categoria":"Espaço Habitacional","Classe":"Solo Urbano","DTCC":"1506","Data_PublicacaoPDM":"2025-04-14T00:00:00","Designacao_PlantaOrdenamento":"Solo Urbano - Espaços Habitacionais - Tipo 1","Escala_PlantaOrdenamento":"1/12000","Fonte":"CM - Vectorial e Raster","ID":380130,"Municipio":"MOITA"},"geometry":{"type":"Polygon","coordinates":[[[-9.0077103529371,38.6769507412703],[-9.0071498419524,38.6768717290524],[-9.00713821149735,38.6768705980885],[-9.00558359330669,38.6767143758944],[-9.00558338092984,38.6767158133574],[-9.00558312780251,38.6767157873209],[-9.00558340461297,38.6767143565837],[-9.00559742400974,38.6766405168362],[-9.00569000393007,38.6766292047697],[-9.00593306824791,38.6765999075247],[-9.00878962381147,38.6762401611663],[-9.00878971927207,38.6762402622422],[-9.00896680888023,38.6764290278863],[-9.00918027814881,38.6766565687046],[-9.00939374762655,38.6768841091171],[-9.00960721845152,38.6771116482146],[-9.00965260315806,38.677275599911],[-9.00965259260145,38.6772756765582],[-9.009652595339,38.6772757125698],[-9.00963275509511,38.677425878105],[-9.00961599264929,38.6774538808493],[-9.00952170423385,38.6776108315475],[-9.00952133350104,38.6776114333589],[-9.00886273138466,38.6773879389602],[-9.00847812175394,38.6772436174396],[-9.00819760014583,38.6771747065763],[-9.00822962054622,38.6770499959673],[-9.0077103529371,38.6769507412703]]]}},{"type":"Feature","id":"CRUS_Moita_V.380131","properties":{"Area_Ha":0.662758162853366,"Autor":"DGT","Categoria":"Espaço Habitacional","Classe":"Solo Urbano","DTCC":"1506","Data_PublicacaoPDM":"2025-04-14T00:00:00","Designacao_PlantaOrdenamento":"Solo Urbano - Espaços Habitacionais - Tipo 1","Escala_PlantaOrdenamento":"1/12000","Fonte":"CM - Vectorial e Raster","ID":380131,"Municipio":"MOITA"},"geometry":{"type":"Polygon","coordinates":[[[-9.00974108641535,38.6757845085268],[-9.01016088808549,38.6757284200447],[-9.01032464608231,38.6763618708273],[-9.01033494723537,38.676401717103],[-9.01033957009105,38.6764195939736],[-9.01036875867748,38.6765325067452],[-9.0107523150605,38.6768570705112],[-9.01117698108078,38.6767286849454],[-9.01147828228619,38.6767704031369],[-9.01145705027142,38.6768716253567],[-9.01064502650931,38.6771167210015],[-9.00986521927834,38.6764273388587],[-9.00981203390458,38.6761519156013],[-9.00974108641535,38.6757845085268]]]}},{"type":"Feature","id":"CRUS_Moita_V.380132","properties":{"Area_Ha":5.83100065208497,"Autor":"DGT","Categoria":"Espaço Habitacional","Classe":"Solo Urbano","DTCC":"1506","Data_PublicacaoPDM":"2025-04-14T00:00:00","Designacao_PlantaOrdenamento":"Solo Urbano - Espaços Habitacionais - Tipo 1","Escala_PlantaOrdenamento":"1/12000","Fonte":"CM - Vectorial e Raster","ID":380132,"Municipio":"MOITA"},"geometry":{"type":"Polygon","coordinates":[[[-8.98372783740119,38.6812002754792],[-8.98372053363908,38.6811321819845],[-8.98369969421003,38.6808964097431],[-8.9833334491409,38.6808829269739],[-8.98311836964425,38.6807555477294],[-8.98267312315174,38.6806196000219],[-8.98214428281084,38.6804594223905],[-8.98225649208644,38.6800710111675],[-8.98227006005689,38.6800730025142],[-8.98332684948102,38.680137912006],[-8.98471634050297,38.6801863128662],[-8.98471745522242,38.6795959807793],[-8.984739121886,38.6795950951546],[-8.98760136410567,38.6794140985176],[-8.98764322650885,38.6798516484835],[-8.98764689040697,38.6798899382513],[-8.98774042208195,38.6805490926491],[-8.9874748827898,38.6807207872812],[-8.9874856118149,38.6809699537356],[-8.9874675253784,38.6809731305793],[-8.98737832370498,38.6809887985828],[-8.98418381271638,38.680915514888],[-8.98418381288486,38.6812191195948],[-8.98372783740119,38.6812002754792]]]}},{"type":"Feature","id":"CRUS_Moita_V.380133","properties":{"Area_Ha":4.61011994125908,"Autor":"DGT","Categoria":"Espaço Habitacional","Classe":"Solo Urbano","DTCC":"1506","Data_PublicacaoPDM":"2025-04-14T00:00:00","Designacao_PlantaOrdenamento":"Solo Urbano - Espaços Habitacionais - Tipo 1","Escala_PlantaOrdenamento":"1/12000","Fonte":"CM - Vectorial e Raster","ID":380133,"Municipio":"MOITA"},"geometry":{"type":"Polygon","coordinates":[[[-9.03430398964859,38.6470483047551],[-9.0343006031496,38.6469941852537],[-9.03407380501581,38.6469953791871],[-9.03407378762662,38.6469947244358],[-9.03341980623674,38.6469988182556],[-9.03341477199853,38.6469988470924],[-9.03329228303004,38.6452099248318],[-9.03382782172295,38.6452029163216],[-9.0337849173143,38.6425849084606],[-9.03478269812309,38.6425681490714],[-9.0348613767158,38.6425682317198],[-9.03490697449682,38.6427284956766],[-9.0349057746001,38.6431521015761],[-9.03490429030568,38.6436764557302],[-9.0346123130646,38.6436784656858],[-9.03429542912475,38.6436806451705],[-9.0343437103352,38.6451428885163],[-9.03492306580021,38.6451596474648],[-9.03492471477795,38.6452723236945],[-9.0349445245328,38.6466260496521],[-9.03471208956429,38.6466291367271],[-9.03465232101968,38.6467575252122],[-9.03461723006248,38.6470504446981],[-9.03430398964859,38.6470483047551]]]}},{"type":"Feature","id":"CRUS_Moita_V.380134","properties":{"Area_Ha":10.7777779225598,"Autor":"DGT","Categoria":"Espaço Habitacional","Classe":"Solo Urbano","DTCC":"1506","Data_PublicacaoPDM":"2025-04-14T00:00:00","Designacao_PlantaOrdenamento":"Solo Urbano - Espaços Habitacionais - Tipo 0","Escala_PlantaOrdenamento":"1/12000","Fonte":"CM - Vectorial e Raster","ID":380134,"Municipio":"MOITA"},"geometry":{"type":"Polygon","coordinates":[[[-9.00537287113063,38.6765604791814],[-9.00544931362763,38.6760233759102],[-9.00592295917472,38.6760494153783],[-9.00593129595514,38.6760498747249],[-9.00593177316239,38.67604990089],[-9.00593312314853,38.6760499754903],[-9.00621106069672,38.6760652548352],[-9.00626470521087,38.6751438993191],[-9.00407065791464,38.6749805662885],[-9.00424530078884,38.6744062885106],[-9.00424537570026,38.6744060222159],[-9.00436570179586,38.6739377417688],[-9.00570680579505,38.6739251779224],[-9.0062700695147,38.6738246638206],[-9.00613442520794,38.6736674955146],[-9.00601292011962,38.6735267125086],[-9.00586235758449,38.6733522598181],[-9.00580713103626,38.6732882672385],[-9.00579960325465,38.6732795513935],[-9.00579364984228,38.6732726434217],[-9.00578695304522,38.6732648897381],[-9.00491823608914,38.6722583023998],[-9.00504161841608,38.6721368452859],[-9.00482167694428,38.6719023059933],[-9.00375415796036,38.6722457374664],[-9.00281555099533,38.6724566420023],[-9.0026544520849,38.6724928396597],[-9.00252034119004,38.6724886516581],[-9.00215357069215,38.6714371866728],[-9.00238846263882,38.6713875291503],[-9.00416970239902,38.671010950165],[-9.00528153900451,38.6719161729828],[-9.00528174062192,38.6719160273509],[-9.00537497428095,38.6720236571901],[-9.00547377577978,38.6721317868042],[-9.00588917518528,38.6726086866867],[-9.00632565118399,38.6731515321712],[-9.00657769067215,38.6734720014069],[-9.00704060721552,38.6739495114],[-9.00914993219514,38.67607422124],[-9.00693071455571,38.6763744815977],[-9.00644804729734,38.6764406665541],[-9.00576075811549,38.6765286454699],[-9.00562558090824,38.6765450694665],[-9.00557671878669,38.676553150264],[-9.00557595946911,38.6765532614079],[-9.00553380344329,38.6765594319174],[-9.00544743244372,38.6765600509671],[-9.00537287113063,38.6765604791814]]]}},{"type":"Feature","id":"CRUS_Moita_V.380135","properties":{"Area_Ha":3.48651239301204,"Autor":"DGT","Categoria":"Espaço Habitacional","Classe":"Solo Urbano","DTCC":"1506","Data_PublicacaoPDM":"2025-04-14T00:00:00","Designacao_PlantaOrdenamento":"Solo Urbano - Espaços Habitacionais - Tipo 0","Escala_PlantaOrdenamento":"1/12000","Fonte":"CM - Vectorial e Raster","ID":380135,"Municipio":"MOITA"},"geometry":{"type":"Polygon","coordinates":[[[-8.97611614485682,38.6709297949016],[-8.97611004213504,38.6709117579399],[-8.97611004276239,38.6708606679041],[-8.97609820707753,38.6708308428978],[-8.97608397904507,38.6707965076893],[-8.97608053793742,38.670788204553],[-8.97605237436461,38.6706992035639],[-8.97604357637319,38.6706713987816],[-8.97602421202295,38.6706102034584],[-8.975779841273,38.6701439747561],[-8.97580696178265,38.670068581077],[-8.97642409300691,38.6697512807564],[-8.97665136884596,38.6696344252586],[-8.97665175716849,38.6696342251816],[-8.97694502989976,38.6693442899079],[-8.97695893984848,38.6693305729845],[-8.97698973342919,38.6693019664484],[-8.97708624632241,38.6692119732717],[-8.97709601636051,38.6692028622938],[-8.9773057949211,38.6690076824998],[-8.9778102125028,38.668684399006],[-8.97818019848483,38.6684491015749],[-8.97818053706006,38.6684483847903],[-8.9781919453227,38.6684414220139],[-8.97819426034223,38.6684398378864],[-8.97819441293067,38.6684399160547],[-8.97868770823789,38.6686959905841],[-8.97851627694028,38.6689343414832],[-8.97824832423754,38.669333164455],[-8.97807476093956,38.6696071046767],[-8.97798758872541,38.6697442720835],[-8.97697639600576,38.6711463006832],[-8.97670817497207,38.671364088215],[-8.97645876329552,38.6714887134264],[-8.97616100461063,38.6712677596816],[-8.97622038797615,38.6712441602229],[-8.97615946042533,38.671057823007],[-8.97612876934116,38.6709671107153],[-8.97611614485682,38.6709297949016]]]}},{"type":"Feature","id":"CRUS_Moita_V.380136","properties":{"Area_Ha":14.2672148711528,"Autor":"DGT","Categoria":"Espaço Habitacional","Classe":"Solo Urbano","DTCC":"1506","Data_PublicacaoPDM":"2025-04-14T00:00:00","Designacao_PlantaOrdenamento":"Solo Urbano - Espaços Habitacionais - Tipo 0","Escala_PlantaOrdenamento":"1/12000","Fonte":"CM - Vectorial e Raster","ID":380136,"Municipio":"MOITA"},"geometry":{"type":"Polygon","coordinates":[[[-8.98385349876887,38.6677651212956],[-8.98380798257421,38.6677636903898],[-8.98379188863748,38.6676129064543],[-8.98380261790587,38.6674579332526],[-8.98397964351026,38.6668799233431],[-8.98344856588825,38.6668045310431],[-8.9829480918781,38.6660799020611],[-8.98479892307026,38.6651401434104],[-8.98493035213089,38.6650427587315],[-8.98536084676573,38.6646741607079],[-8.9853831254353,38.6646884517878],[-8.98575025585582,38.6643061876019],[-8.98604261705506,38.6637951713605],[-8.98618806014009,38.6634524082405],[-8.98643583689642,38.6635171216632],[-8.98760301781327,38.6638219554206],[-8.9873133389096,38.6644795745441],[-8.98684663431007,38.6643664809545],[-8.98669401926464,38.6647745298671],[-8.98669123750523,38.6647819691976],[-8.98661464274477,38.6649858064965],[-8.98649423194364,38.6653086967303],[-8.98635320267055,38.6657986509689],[-8.9874635422375,38.6658241132576],[-8.98773176327788,38.665773850755],[-8.98774073805719,38.6658372711916],[-8.98774999123437,38.665902652446],[-8.98775197691331,38.6659166886884],[-8.98775275207117,38.6659221644209],[-8.98775295402163,38.6659235916215],[-8.98775301919167,38.6659240478533],[-8.98775302547141,38.6659240928476],[-8.98775446548908,38.6659342713273],[-8.9877640774662,38.6660021902269],[-8.98777160475794,38.6660553790862],[-8.98780766982716,38.6663102288305],[-8.9878204379019,38.6664004511001],[-8.98782927357471,38.6664628843565],[-8.98783526568727,38.6665052288296],[-8.98784031818871,38.6665409259249],[-8.98784347039446,38.6665631996046],[-8.98784648346786,38.6665844978287],[-8.98784779042353,38.6665937260288],[-8.98784867602611,38.6665999855537],[-8.98784977234308,38.6666077325687],[-8.9878517253975,38.666621533936],[-8.98785300861961,38.6666306019661],[-8.98785347149552,38.666633873909],[-8.98785369096962,38.6666354216889],[-8.98785380888121,38.6666362549723],[-8.98785401210263,38.6666376920721],[-8.98785407228226,38.6666381150105],[-8.98785427933587,38.6666395845112],[-8.98785437711977,38.6666402711105],[-8.98785440971083,38.6666404996767],[-8.9878544273373,38.6666406292638],[-8.98785444988057,38.666640785839],[-8.987854464888,38.6666408884211],[-8.98785448877293,38.666641061201],[-8.98785449382895,38.6666410998987],[-8.98785450131125,38.6666411493882],[-8.98785450761254,38.666641196184],[-8.98785451515909,38.6666412510779],[-8.98785452268422,38.6666413041704],[-8.98785454145957,38.6666414337491],[-8.98785455530741,38.6666415354388],[-8.98785456660046,38.6666416155279],[-8.98785460539644,38.6666418827833],[-8.98785461923357,38.6666419835723],[-8.98785464059583,38.6666421374538],[-8.98785466191525,38.6666422877323],[-8.98788974155478,38.6668901606876],[-8.98790272813355,38.6669819271223],[-8.98791264026917,38.6670519697015],[-8.98791705941267,38.6670831926188],[-8.98791863242205,38.6670943087606],[-8.98791936621281,38.6670994920317],[-8.98791954563744,38.6671007635572],[-8.98791963718555,38.6671014087649],[-8.9879196798357,38.6671017102227],[-8.98791970243283,38.6671018713016],[-8.98791972743484,38.6671020413709],[-8.98791973126707,38.6671020737719],[-8.98791974001617,38.667102133161],[-8.98791974630683,38.6671021790561],[-8.9879197538642,38.6671022348507],[-8.98791976388,38.6671023041395],[-8.98791977636494,38.667102387823],[-8.98791978525327,38.6671024589216],[-8.98791979526907,38.6671025282104],[-8.9879198064766,38.6671026010936],[-8.98791981659949,38.6671026793897],[-8.98791982528434,38.6671027333744],[-8.9879198379085,38.6671028287675],[-8.98791984534805,38.6671028746541],[-8.98791985419355,38.6671029421498],[-8.98791986298548,38.6671030051419],[-8.98791987422515,38.6671030807273],[-8.98791988682789,38.6671031743189],[-8.98791990059024,38.6671032688028],[-8.98791991566214,38.6671033767891],[-8.98791992573149,38.6671034505815],[-8.98791994073912,38.6671035531636],[-8.98791994830719,38.6671036098589],[-8.98791995703488,38.6671036674466],[-8.98791996584823,38.6671037322401],[-8.98792000223984,38.6671039905051],[-8.98792003110622,38.6671041956775],[-8.98792010260133,38.6671047005063],[-8.98792060557907,38.6671082523057],[-8.98792117756143,38.6671122927376],[-8.98792185614249,38.6671170845622],[-8.987923407823,38.6671280495247],[-8.98792451168238,38.6671358496305],[-8.98792589781906,38.6671456474594],[-8.98792665415453,38.6671509873056],[-8.98792700419099,38.6671534655629],[-8.98792794494344,38.6671601102278],[-8.98792988302217,38.6671738090101],[-8.9879326087844,38.6671930681065],[-8.9879347198496,38.6672079799088],[-8.98793795239428,38.6672308205029],[-8.98794634050365,38.6672900924859],[-8.98795139169439,38.6673000635055],[-8.98795718885018,38.6673115063921],[-8.9879610081161,38.6673190443343],[-8.9879658063116,38.6673285136526],[-8.98797036921361,38.6673375207762],[-8.98798005860137,38.6673566460995],[-8.98799544513939,38.6673870159595],[-8.98800043397442,38.6673968631215],[-8.98802729840224,38.6674498889894],[-8.98803471106384,38.6674645197206],[-8.98807805875002,38.6675500792505],[-8.98813790852371,38.6676277234654],[-8.98820305780799,38.6677122425773],[-8.98827893438612,38.6678106763125],[-8.98834570033038,38.6678972932043],[-8.98836294878992,38.6679196691713],[-8.98846130608134,38.6680472667809],[-8.98846857195057,38.6680566937085],[-8.98856253928401,38.6681785960196],[-8.98857770008211,38.6681982640912],[-8.98868383755287,38.66833595396],[-8.98872093390313,38.6683840791994],[-8.98876188732012,38.6684372062999],[-8.98877543306878,38.6684547800796],[-8.98836237353284,38.6685301709903],[-8.98845356815402,38.6688652419524],[-8.98789566877127,38.6689783278879],[-8.98797077040082,38.6692966429581],[-8.98701590439676,38.6694893073703],[-8.98652774158338,38.6676087173575],[-8.9853046545632,38.6677511247714],[-8.98451608492115,38.6676170944694],[-8.98448926370857,38.6677846321828],[-8.98385349876887,38.6677651212956]]]}},{"type":"Feature","id":"CRUS_Moita_V.380137","properties":{"Area_Ha":8.07638835585374,"Autor":"DGT","Categoria":"Área de Edificação Dispersa","Classe":"Solo Rústico","DTCC":"1506","Data_PublicacaoPDM":"2025-04-14T00:00:00","Designacao_PlantaOrdenamento":"Solo Rústico - Áreas de Edificação Dispersa","Escala_PlantaOrdenamento":"1/12000","Fonte":"CM - Vectorial e Raster","ID":380137,"Municipio":"MOITA"},"geometry":{"type":"Polygon","coordinates":[[[-8.97162855785594,38.6429047177216],[-8.97101893535351,38.6427112159346],[-8.97046087176959,38.6425344662896],[-8.97038050936639,38.6425121933654],[-8.97028295515459,38.6424860014876],[-8.97011129330012,38.6424524820267],[-8.96921644925293,38.6424060378639],[-8.96841613747506,38.6423644942034],[-8.96820692537379,38.6423393545504],[-8.96801380643536,38.642276505292],[-8.96791189809656,38.6422301319482],[-8.96786449328542,38.6422076518232],[-8.96785947736649,38.642205472525],[-8.96785667445597,38.6422042548136],[-8.96783601147335,38.6420324900013],[-8.96781780669852,38.6418892515863],[-8.9678065970423,38.6417617697559],[-8.96777768238304,38.6415191619879],[-8.96764785105421,38.6404297601298],[-8.96763046010117,38.6402838305249],[-8.96763032649646,38.6402827090692],[-8.96768303292749,38.6402839022822],[-8.96781506842045,38.6402868913955],[-8.97145469528921,38.6404021132691],[-8.97145547040265,38.6404024932608],[-8.97146260022487,38.640455985376],[-8.9716546740275,38.6418710673805],[-8.97165624589632,38.6418826504281],[-8.97188856825753,38.642457963036],[-8.97169833170979,38.6427861260096],[-8.97162963309466,38.642904631644],[-8.97162942366048,38.642904992568],[-8.97162855785594,38.6429047177216]]]}},{"type":"Feature","id":"CRUS_Moita_V.380138","properties":{"Area_Ha":16.7515540349025,"Autor":"DGT","Categoria":"Espaço Habitacional","Classe":"Solo Urbano","DTCC":"1506","Data_PublicacaoPDM":"2025-04-14T00:00:00","Designacao_PlantaOrdenamento":"Solo Urbano - Espaços Habitacionais - Tipo 0","Escala_PlantaOrdenamento":"1/12000","Fonte":"CM - Vectorial e Raster","ID":380138,"Municipio":"MOITA"},"geometry":{"type":"Polygon","coordinates":[[[-8.94796022817584,38.6432109669903],[-8.9479601888832,38.6432107429622],[-8.94794463474715,38.6431221278085],[-8.94786290625482,38.6427018457291],[-8.94784182684905,38.6425850664673],[-8.94785896019782,38.6423321545524],[-8.94828235578591,38.6422918060392],[-8.94912506857025,38.6420608587986],[-8.95021518222591,38.641289015731],[-8.95098708659615,38.6407092109003],[-8.95151906087303,38.6403805150352],[-8.95156069136883,38.6403563460056],[-8.95163001803189,38.6403160973885],[-8.95163069808509,38.6403157025794],[-8.951781367892,38.6403902127572],[-8.95194368250696,38.6404646511406],[-8.95218239838007,38.6405777819847],[-8.95247544069878,38.640710033487],[-8.95247582402273,38.6407095029273],[-8.9524785469043,38.640710781023],[-8.95267166706623,38.6404447134119],[-8.95298548495107,38.6405808897511],[-8.9532590701562,38.640702401064],[-8.95332880737401,38.6406165054102],[-8.95412172028336,38.6395446658713],[-8.95412478898681,38.6395405186233],[-8.95583707284178,38.6397483274032],[-8.95652257725918,38.6398176870543],[-8.95698955004388,38.6398649329434],[-8.9569884821918,38.639866263754],[-8.95535422616571,38.6418810724967],[-8.95535107180081,38.6418849627459],[-8.95535095994807,38.6418850247872],[-8.95532862318881,38.6419120502428],[-8.95440841310699,38.6425312614885],[-8.95435838466801,38.6425497730392],[-8.95403651883913,38.6426335707858],[-8.95403103490351,38.6426352370327],[-8.95403091121229,38.6426343623134],[-8.95403069015802,38.6426328063642],[-8.95401166107556,38.642498786775],[-8.95386453172244,38.642531646547],[-8.9522813687148,38.6428834972404],[-8.95155119254358,38.6430476847634],[-8.95132567299116,38.6430984195432],[-8.9512522649024,38.6431092823676],[-8.95056702386087,38.6431993983677],[-8.95025745056028,38.6432411734338],[-8.94997671683954,38.6432790565857],[-8.94936039624416,38.6432831153972],[-8.94922120313442,38.6432759441186],[-8.94796022817584,38.6432109669903]]]}},{"type":"Feature","id":"CRUS_Moita_V.380139","properties":{"Area_Ha":4.55211992713083,"Autor":"DGT","Categoria":"Espaço Habitacional","Classe":"Solo Urbano","DTCC":"1506","Data_PublicacaoPDM":"2025-04-14T00:00:00","Designacao_PlantaOrdenamento":"Solo Urbano - Espaços Habitacionais - Tipo 0","Escala_PlantaOrdenamento":"1/12000","Fonte":"CM - Vectorial e Raster","ID":380139,"Municipio":"MOITA"},"geometry":{"type":"Polygon","coordinates":[[[-9.01216875994139,38.6089211580303],[-9.01216825135877,38.6089210645633],[-9.01214314650209,38.6089164338171],[-9.01184746271033,38.6093116330448],[-9.01151412269283,38.6097482831102],[-9.01117564277146,38.6101550304973],[-9.01087022885011,38.6105353296418],[-9.0105832963381,38.6108668347394],[-9.01013580085059,38.6113913381369],[-9.00982627627026,38.6117670027327],[-9.00981203791153,38.6118159964665],[-9.00974031991325,38.6117995444863],[-9.00957930277719,38.6090315107114],[-9.00956556015439,38.6089244746551],[-9.0095614929582,38.608892799234],[-9.00953969333858,38.6087230098871],[-9.00948936688772,38.6082996303425],[-9.00985427549252,38.6083779266206],[-9.0102491309661,38.6084634136622],[-9.01167896543969,38.6087832172332],[-9.01218112978017,38.6088988195483],[-9.01216875994139,38.6089211580303]]]}},{"type":"Feature","id":"CRUS_Moita_V.380140","properties":{"Area_Ha":0.712015704389251,"Autor":"DGT","Categoria":"Espaço de Uso Especial Equipamentos e Infraestruturas","Classe":"Solo Urbano","DTCC":"1506","Data_PublicacaoPDM":"2025-04-14T00:00:00","Designacao_PlantaOrdenamento":"Solo Urbano - Espaços de Uso Especial - Espaços Canais","Escala_PlantaOrdenamento":"1/12000","Fonte":"CM - Vectorial e Raster","ID":380140,"Municipio":"MOITA"},"geometry":{"type":"Polygon","coordinates":[[[-8.95218341309017,38.6392999374257],[-8.95164963192576,38.6392349623306],[-8.95148572486706,38.6392134266464],[-8.95102178553679,38.6391252965864],[-8.95083556980074,38.6390898317841],[-8.95071835529654,38.6390675074196],[-8.95064679808078,38.6390497597845],[-8.95022086327081,38.6389496486028],[-8.95020725731739,38.6386439328088],[-8.95081031996755,38.6387821265034],[-8.95082334158274,38.6387851126548],[-8.95119715124958,38.6388686896638],[-8.95133370268112,38.6388992198122],[-8.95246928623398,38.6390316829706],[-8.95333380817295,38.6391325194344],[-8.95328968993328,38.6392464641957],[-8.9532894612243,38.63924705583],[-8.95229770077427,38.6391378263406],[-8.95228597550624,38.6391365347093],[-8.95218375082873,38.6392998422775],[-8.95218367187212,38.6392999689438],[-8.95218341309017,38.6392999374257]]]}},{"type":"Feature","id":"CRUS_Moita_V.380141","properties":{"Area_Ha":0.954412103422731,"Autor":"DGT","Categoria":"Espaço Verde","Classe":"Solo Urbano","DTCC":"1506","Data_PublicacaoPDM":"2025-04-14T00:00:00","Designacao_PlantaOrdenamento":"Solo Urbano - Espaços Verdes - Proteção à Rede Hídrica","Escala_PlantaOrdenamento":"1/12000","Fonte":"CM - Vectorial e Raster","ID":380141,"Municipio":"MOITA"},"geometry":{"type":"Polygon","coordinates":[[[-9.00031136202361,38.6504174857044],[-9.00031192155312,38.6504166365998],[-9.00031824760413,38.6504067303751],[-9.00044230392743,38.6502129605639],[-9.00049464297954,38.6501633262894],[-9.00052373492652,38.6501391851471],[-9.000700848277,38.6500260905842],[-9.00096495838661,38.6498574425905],[-9.00097341291532,38.6498488735498],[-9.00102808694048,38.6497913594739],[-9.0010497536658,38.6497580148043],[-9.0010722467929,38.6497212841729],[-9.00233236657041,38.6464819697762],[-9.00233562418702,38.6464827319744],[-9.00234659043455,38.6464852988598],[-9.0025502407168,38.6465350025856],[-9.0025494620958,38.6465370126679],[-9.00254932842724,38.6465373577696],[-9.00128960153858,38.6497882180576],[-9.00128785472823,38.6497914856358],[-9.00128330625067,38.6497999914785],[-9.0012375700485,38.6498845905478],[-9.00123676551414,38.6498860774444],[-9.00116971072976,38.6499531095316],[-9.00070032431519,38.6502442778902],[-9.00064668008769,38.6502903619486],[-9.00061702007897,38.6503401731094],[-9.00055952604427,38.6504403367634],[-9.00055869907949,38.650441775178],[-9.0005586975426,38.6504418382459],[-9.00031136202361,38.6504174857044]]]}},{"type":"Feature","id":"CRUS_Moita_V.380142","properties":{"Area_Ha":3.99731212722622,"Autor":"DGT","Categoria":"Espaço Verde","Classe":"Solo Urbano","DTCC":"1506","Data_PublicacaoPDM":"2025-04-14T00:00:00","Designacao_PlantaOrdenamento":"Solo Urbano - Espaços Verdes - Recreio, lazer, desporto, cultura","Escala_PlantaOrdenamento":"1/12000","Fonte":"CM - Vectorial e Raster","ID":380142,"Municipio":"MOITA"},"geometry":{"type":"Polygon","coordinates":[[[-9.0005586975426,38.6504418382459],[-9.00055869907949,38.650441775178],[-9.00055952604427,38.6504403367634],[-9.00061702007897,38.6503401731094],[-9.00064668008769,38.6502903619486],[-9.00070032431519,38.6502442778902],[-9.00116971072976,38.6499531095316],[-9.00123676551414,38.6498860774444],[-9.0012375700485,38.6498845905478],[-9.00128330625067,38.6497999914785],[-9.00128785472823,38.6497914856358],[-9.00128960153858,38.6497882180576],[-9.00254932842724,38.6465373577696],[-9.00324305867028,38.6466999018802],[-9.00324302431778,38.6467000057286],[-9.00324237482627,38.6467019590048],[-9.00320204660536,38.6468232562442],[-9.00289254142929,38.6477541554689],[-9.00286169831412,38.6478366302469],[-9.00241840319987,38.6477305656732],[-9.00240084426661,38.6477263641805],[-9.00220236109431,38.648153703452],[-9.00220127282713,38.648154425877],[-9.00215618323218,38.6481843586692],[-9.00215158629966,38.6481874105229],[-9.00208155611036,38.6485264728075],[-9.0020796602117,38.6485356507967],[-9.00207632853111,38.6489866427235],[-9.00206103536067,38.6491325689763],[-9.00186296382098,38.6495588947344],[-9.00176260781759,38.649774049058],[-9.0017606329842,38.6497801207453],[-9.00175711434383,38.6497876244684],[-9.00167547172309,38.6499924327093],[-9.00166930385921,38.6500079057168],[-9.00195113419125,38.6500500306257],[-9.00211370223679,38.6500743284588],[-9.00262593999668,38.6502057455831],[-9.00285037228097,38.6502635321016],[-9.00490403837031,38.6507922845781],[-9.00504470714948,38.6508285006552],[-9.00497710289263,38.6509968751771],[-9.00482892505087,38.6513659209565],[-9.00198855571271,38.6506035936128],[-9.00171228801733,38.6505554146198],[-9.0005586975426,38.6504418382459]]]}},{"type":"Feature","id":"CRUS_Moita_V.380143","properties":{"Area_Ha":20.2592383597999,"Autor":"DGT","Categoria":"Espaço Central","Classe":"Solo Urbano","DTCC":"1506","Data_PublicacaoPDM":"2025-04-14T00:00:00","Designacao_PlantaOrdenamento":"Solo Urbano - Espaços Centrais - Núcleos Consolidados","Escala_PlantaOrdenamento":"1/12000","Fonte":"CM - Vectorial e Raster","ID":380143,"Municipio":"MOITA"},"geometry":{"type":"Polygon","coordinates":[[[-9.02553430695449,38.6575714873564],[-9.02472652768411,38.6575787772484],[-9.02395956858584,38.6575783676845],[-9.02365363405064,38.6561731484949],[-9.02361081131283,38.656174571697],[-9.0228972510497,38.6561982828633],[-9.02229603427897,38.6562044654245],[-9.02217095516776,38.655817522624],[-9.0219078582536,38.65491122019],[-9.02190496054786,38.654901236972],[-9.02174780112203,38.6543597358965],[-9.02008744889273,38.6546659795642],[-9.01994178609497,38.6541466810168],[-9.02073013813994,38.6540042096306],[-9.02075338922696,38.6540000065933],[-9.02049492766556,38.6530821927724],[-9.02046555351741,38.652977882604],[-9.02046546099285,38.6529775527104],[-9.02054282277322,38.652984688416],[-9.02121700106361,38.6530392995521],[-9.02268163283612,38.6531531694877],[-9.02371361890399,38.6532289320796],[-9.02414741443992,38.6532624028818],[-9.02414746342066,38.6532625547447],[-9.02430767423299,38.6532636141597],[-9.02442233717749,38.6532667688956],[-9.0245275067134,38.653263063274],[-9.0263733206182,38.6529690238001],[-9.02637417751672,38.6529688325914],[-9.02640286214235,38.6529841920508],[-9.02673411814355,38.6531615624254],[-9.02684313283686,38.6532199331178],[-9.02709474646585,38.6533546579134],[-9.02727767218217,38.6534217028414],[-9.02746059133201,38.6534887466304],[-9.02746058757971,38.6534892763321],[-9.02746058196326,38.6534895637316],[-9.02741088567993,38.655030929883],[-9.02741082514452,38.6550328058202],[-9.0276736265533,38.6550521921667],[-9.02762547020294,38.6552345156904],[-9.02742457047142,38.6552551777519],[-9.0274459083358,38.6554739478584],[-9.0270388317347,38.655514140309],[-9.02703882882372,38.6555143682347],[-9.02703225444021,38.6557484969455],[-9.02703138635975,38.6557794002612],[-9.02706685726861,38.6560465265733],[-9.02691591569635,38.6560670942018],[-9.02674878597492,38.6560898670719],[-9.02670723852267,38.6564751710365],[-9.02670274310173,38.6564748855942],[-9.02670252506649,38.6564768465088],[-9.02665755273001,38.6564746597111],[-9.0267082635349,38.6567039295984],[-9.02669796423226,38.6568456561088],[-9.0266978769267,38.6568468584484],[-9.02677146674765,38.6569102524144],[-9.0268477393666,38.6572637387553],[-9.02701767988819,38.6572260233393],[-9.02717856868018,38.6573182367583],[-9.02721411982059,38.6573386123371],[-9.02725872811601,38.6573327268948],[-9.02739222261768,38.6573151126272],[-9.02741099300041,38.6574649277402],[-9.02722447797632,38.6574884188188],[-9.02723244298511,38.6575449797622],[-9.02691809419327,38.6576207554535],[-9.02662937213305,38.6576886038424],[-9.02659661421926,38.6575558233575],[-9.02617710123247,38.6575651598259],[-9.02553430695449,38.6575714873564]],[[-9.02549728344826,38.6539134164633],[-9.02506786771638,38.6539399270902],[-9.02438874144697,38.6540055135156],[-9.02456289941956,38.6545403776355],[-9.02559687237376,38.654596567204],[-9.02568509563172,38.655650875507],[-9.02657620326974,38.6555896636515],[-9.02654451778184,38.6553096186397],[-9.0265159526352,38.654982589944],[-9.02650781252735,38.6548082834273],[-9.02649833642067,38.654646738895],[-9.02572025399965,38.65461541821],[-9.02567725487589,38.6539036622166],[-9.02549728344826,38.6539134164633]]]}},{"type":"Feature","id":"CRUS_Moita_V.380144","properties":{"Area_Ha":3.21922971057095,"Autor":"DGT","Categoria":"Espaço Central","Classe":"Solo Urbano","DTCC":"1506","Data_PublicacaoPDM":"2025-04-14T00:00:00","Designacao_PlantaOrdenamento":"Solo Urbano - Espaços Centrais - Núcleos Antigos","Escala_PlantaOrdenamento":"1/12000","Fonte":"CM - Vectorial e Raster","ID":380144,"Municipio":"MOITA"},"geometry":{"type":"Polygon","coordinates":[[[-9.00889802678003,38.6789336044898],[-9.00903525813484,38.6784760864856],[-9.00903526918633,38.6784760503707],[-9.00908629245519,38.6782989246067],[-9.00934696760384,38.6783705826173],[-9.00934697405889,38.6783705465369],[-9.00954790530728,38.6778302092334],[-9.00954791983854,38.6778301757948],[-9.00960400513982,38.6777337444154],[-9.00960401737292,38.677733710994],[-9.00952419706416,38.6777084750941],[-9.00956441671364,38.6776456526357],[-9.00957200650305,38.6776312991304],[-9.00952132241697,38.6776114667716],[-9.00952133350104,38.6776114333589],[-9.00952170423385,38.6776108315475],[-9.00961599264929,38.6774538808493],[-9.00963275509511,38.677425878105],[-9.009652595339,38.6772757125698],[-9.00965259260145,38.6772756765582],[-9.00965260315806,38.677275599911],[-9.00960721845152,38.6771116482146],[-9.00939374762655,38.6768841091171],[-9.00918027814881,38.6766565687046],[-9.00896680888023,38.6764290278863],[-9.00878971927207,38.6762402622422],[-9.00950270005337,38.6761499381238],[-9.00958418402942,38.6766395268042],[-9.00996662950617,38.6770423388242],[-9.01008754151053,38.6772273694141],[-9.01020566578917,38.6771842242589],[-9.01007114629885,38.6769715844605],[-9.00972377539735,38.6765877690256],[-9.00962567473925,38.6760378050338],[-9.00936891569179,38.6745983405271],[-9.00952395275317,38.6745821804654],[-9.00974108641535,38.6757845085268],[-9.00981203390458,38.6761519156013],[-9.00986521927834,38.6764273388587],[-9.01064502650931,38.6771167210015],[-9.01145705027142,38.6768716253567],[-9.01147828228619,38.6767704031369],[-9.01170314426468,38.6768035904212],[-9.01182810693133,38.6768199649828],[-9.01192088950448,38.6768326186009],[-9.01186637368778,38.6770812423662],[-9.01186580684483,38.677083002288],[-9.0117955946437,38.6770728156989],[-9.01171579650905,38.6770612381813],[-9.01161198561988,38.6773324044817],[-9.01158694885405,38.6773245853224],[-9.01158516431051,38.6773240285196],[-9.01122433545735,38.6780739344242],[-9.0107335392135,38.6779856655944],[-9.01073353506829,38.6779857025583],[-9.01072013233431,38.6780463901551],[-9.00978940224895,38.6778998147371],[-9.00978939580514,38.6778998517183],[-9.00940853080814,38.6790263697492],[-9.0094078800877,38.679026252116],[-9.00940787008654,38.6790262801158],[-9.00940455761802,38.6790256707718],[-9.00927735229686,38.6790022607685],[-9.00918922730905,38.6789865930275],[-9.00889996305446,38.6789338800479],[-9.00889802678003,38.6789336044898]]]}},{"type":"Feature","id":"CRUS_Moita_V.380145","properties":{"Area_Ha":2.23111322189885,"Autor":"DGT","Categoria":"Espaço Central","Classe":"Solo Urbano","DTCC":"1506","Data_PublicacaoPDM":"2025-04-14T00:00:00","Designacao_PlantaOrdenamento":"Solo Urbano - Espaços Centrais - Núcleos Consolidados","Escala_PlantaOrdenamento":"1/12000","Fonte":"CM - Vectorial e Raster","ID":380145,"Municipio":"MOITA"},"geometry":{"type":"Polygon","coordinates":[[[-9.03965575361761,38.6580244565185],[-9.04014310949496,38.6577758282921],[-9.04014325789757,38.6577757532755],[-9.04029510006467,38.6578520105417],[-9.04175312593661,38.6585815711897],[-9.0423280071747,38.6588682757866],[-9.04243703859881,38.6589226510155],[-9.04282632535935,38.6590980675782],[-9.04315580379708,38.6592353136525],[-9.04329668162701,38.6592937695462],[-9.04353763466812,38.659391148334],[-9.04380377008134,38.659488599894],[-9.04395903093706,38.6595442847272],[-9.04431327013691,38.659648590514],[-9.04442046908659,38.6596797257328],[-9.04490584585742,38.6598156358833],[-9.04525934140447,38.65989742272],[-9.04527510706663,38.6599006606653],[-9.04538661585384,38.6599243414725],[-9.04570276624865,38.6599907514751],[-9.0459656101456,38.6600380247452],[-9.04599534076229,38.6600433713784],[-9.04636496747503,38.6601088586538],[-9.04643829733933,38.6601213062752],[-9.04648834910572,38.6601298027495],[-9.04728314598702,38.6602491914704],[-9.04838467096076,38.6604146462358],[-9.04906595261726,38.6605109902292],[-9.04907694708736,38.660512769692],[-9.04934075249393,38.6605554769708],[-9.04950583450704,38.660582201352],[-9.04957079828311,38.6605923209202],[-9.05042644852798,38.6607223930543],[-9.0505501857875,38.6607431228786],[-9.05050775239322,38.6610275452635],[-9.05050674854985,38.6611402182513],[-9.05050628844554,38.6611918630394],[-9.05049982298392,38.6611938829036],[-9.05049075409276,38.6612641571392],[-9.05045052124384,38.661241118496],[-9.05029449923607,38.6611428331613],[-9.04985962778286,38.6609511214949],[-9.04945629277661,38.6608344726942],[-9.04866289751316,38.6607000768607],[-9.04775211291096,38.6605223561499],[-9.04683111369447,38.6603476339224],[-9.04615691838913,38.6602262450203],[-9.04545075173764,38.6600943171957],[-9.04499519226917,38.6599917542824],[-9.04470148885088,38.6599084647405],[-9.04399814583802,38.6596463680509],[-9.04329597878722,38.6593848281539],[-9.04289659613335,38.6592338926485],[-9.04257621678694,38.6591131507644],[-9.04200856209267,38.6589078697775],[-9.04135466682337,38.6586630582735],[-9.04101245621488,38.6585424815884],[-9.04061303973117,38.6583881163329],[-9.03965152207769,38.65802661521],[-9.03965575361761,38.6580244565185]]]}},{"type":"Feature","id":"CRUS_Moita_V.380146","properties":{"Area_Ha":1.04251590177899,"Autor":"DGT","Categoria":"Espaço Central","Classe":"Solo Urbano","DTCC":"1506","Data_PublicacaoPDM":"2025-04-14T00:00:00","Designacao_PlantaOrdenamento":"Solo Urbano - Espaços Centrais - Núcleos Consolidados","Escala_PlantaOrdenamento":"1/12000","Fonte":"CM - Vectorial e Raster","ID":380146,"Municipio":"MOITA"},"geometry":{"type":"Polygon","coordinates":[[[-8.99572807045091,38.6569457650943],[-8.99535022324986,38.6563885390225],[-8.99530720866373,38.6563237152287],[-8.99490263828052,38.6557140072754],[-8.99524267559064,38.6555661069433],[-8.99556553229668,38.6554256774743],[-8.99630727252212,38.6565000703971],[-8.9963901254955,38.6566294722214],[-8.99641224018116,38.6566640098396],[-8.99573275485324,38.6569481167821],[-8.99573126385608,38.6569459289113],[-8.99572807045091,38.6569457650943]]]}},{"type":"Feature","id":"CRUS_Moita_V.380147","properties":{"Area_Ha":2.23550476481686,"Autor":"DGT","Categoria":"Espaço Verde","Classe":"Solo Urbano","DTCC":"1506","Data_PublicacaoPDM":"2025-04-14T00:00:00","Designacao_PlantaOrdenamento":"Solo Urbano - Espaços Verdes - Proteção à Rede Hídrica","Escala_PlantaOrdenamento":"1/12000","Fonte":"CM - Vectorial e Raster","ID":380147,"Municipio":"MOITA"},"geometry":{"type":"Polygon","coordinates":[[[-8.94787281630162,38.6421493169656],[-8.94823001077946,38.642115277762],[-8.94900554157229,38.6419027418151],[-8.94929432539647,38.64169827474],[-8.95005874503235,38.6411570351895],[-8.95027148234315,38.6409972418518],[-8.95083560325347,38.6405735088338],[-8.95137065829876,38.640242847253],[-8.95151364361429,38.640151517377],[-8.95155175202497,38.640126398313],[-8.95163175365708,38.640068620907],[-8.95176277619166,38.6399358083295],[-8.95177135165078,38.639923015363],[-8.95218012609422,38.6393008585476],[-8.95218341309017,38.6392999374257],[-8.95218367187212,38.6392999689438],[-8.95218375082873,38.6392998422775],[-8.95228597550624,38.6391365347093],[-8.95229770077427,38.6391378263406],[-8.9532894612243,38.63924705583],[-8.95328968993328,38.6392464641957],[-8.95333380817295,38.6391325194344],[-8.95389708579921,38.6376471127821],[-8.9539614587189,38.6375004550389],[-8.95395166963482,38.6374979149764],[-8.95403907623154,38.637327230391],[-8.95412968320449,38.6371502932697],[-8.95426707244874,38.6369026320507],[-8.95452187342391,38.636553824837],[-8.95457599553446,38.6364820843829],[-8.9546058618159,38.6364424957186],[-8.95494771398994,38.6360336065236],[-8.95494918238682,38.6360318504367],[-8.95495073251295,38.6360326250543],[-8.9550521553448,38.6360831398341],[-8.95509136678302,38.6361035082181],[-8.95519713807335,38.6361584513316],[-8.95478160203786,38.6366089744961],[-8.95450772227193,38.6369996724087],[-8.95432384415028,38.6373280594091],[-8.9542200301701,38.6375601198987],[-8.95418280840611,38.6376433241904],[-8.9541472299482,38.6377272204696],[-8.95414610905705,38.6377271256438],[-8.95359595509129,38.6391689502843],[-8.95348621011376,38.6394565596086],[-8.95346882588509,38.6395021183954],[-8.95240334162289,38.6393890198365],[-8.95240111304097,38.639388783217],[-8.9521173911948,38.6398072496984],[-8.9521175206022,38.6398072163633],[-8.9521145491339,38.6398114412488],[-8.9519380827182,38.6400623712911],[-8.95187866652518,38.6401387822254],[-8.95177607918072,38.6402194317918],[-8.95162966815104,38.6403125001981],[-8.95163001803189,38.6403160973885],[-8.95156069136883,38.6403563460056],[-8.95151906087303,38.6403805150352],[-8.95098708659615,38.6407092109003],[-8.95021518222591,38.641289015731],[-8.94912506857025,38.6420608587986],[-8.94828235578591,38.6422918060392],[-8.94785896019782,38.6423321545524],[-8.94786731028801,38.6422088907687],[-8.94787279894953,38.6421495089591],[-8.94787281630162,38.6421493169656]]]}},{"type":"Feature","id":"CRUS_Moita_V.380148","properties":{"Area_Ha":1.90991604846637,"Autor":"DGT","Categoria":"Espaço de Uso Especial Equipamentos e Infraestruturas","Classe":"Solo Urbano","DTCC":"1506","Data_PublicacaoPDM":"2025-04-14T00:00:00","Designacao_PlantaOrdenamento":"Solo Urbano - Espaços de Uso Especial - Equipamentos","Escala_PlantaOrdenamento":"1/12000","Fonte":"CM - Vectorial e Raster","ID":380148,"Municipio":"MOITA"},"geometry":{"type":"Polygon","coordinates":[[[-8.95163001803189,38.6403160973885],[-8.95162966815104,38.6403125001981],[-8.95177607918072,38.6402194317918],[-8.95187866652518,38.6401387822254],[-8.9519380827182,38.6400623712911],[-8.9521145491339,38.6398114412488],[-8.9521175206022,38.6398072163633],[-8.9521173911948,38.6398072496984],[-8.95240111304097,38.639388783217],[-8.95240334162289,38.6393890198365],[-8.95346882588509,38.6395021183954],[-8.95348621011376,38.6394565596086],[-8.95350909321912,38.6394684952187],[-8.95350983500167,38.6394685800978],[-8.95396695017209,38.6395213616106],[-8.95412478898681,38.6395405186233],[-8.95412172028336,38.6395446658713],[-8.95332880737401,38.6406165054102],[-8.9532590701562,38.640702401064],[-8.95298548495107,38.6405808897511],[-8.95267166706623,38.6404447134119],[-8.9524785469043,38.640710781023],[-8.95247582402273,38.6407095029273],[-8.95247544069878,38.640710033487],[-8.95218239838007,38.6405777819847],[-8.95194368250696,38.6404646511406],[-8.951781367892,38.6403902127572],[-8.95163069808509,38.6403157025794],[-8.95163001803189,38.6403160973885]]]}},{"type":"Feature","id":"CRUS_Moita_V.380149","properties":{"Area_Ha":12.7109680594564,"Autor":"DGT","Categoria":"Espaço de Atividades Económicas","Classe":"Solo Urbano","DTCC":"1506","Data_PublicacaoPDM":"2025-04-14T00:00:00","Designacao_PlantaOrdenamento":"Solo Urbano - Espaços de Atividades Económicas","Escala_PlantaOrdenamento":"1/12000","Fonte":"CM - Vectorial e Raster","ID":380149,"Municipio":"MOITA"},"geometry":{"type":"Polygon","coordinates":[[[-8.99905047484603,38.6456052004378],[-8.99971890714474,38.6457609274202],[-9.0002820439733,38.6458915545908],[-9.00074502373546,38.645998551515],[-9.00218898488813,38.6463323715468],[-9.00214767534276,38.6464387448532],[-9.00214865793278,38.6464389753665],[-9.00123419138706,38.6488109731799],[-9.00122412233596,38.648837089323],[-9.00106764101323,38.6492213230026],[-9.00096153089637,38.6494365220567],[-9.00085346370468,38.6496105668697],[-9.00082935262297,38.6496400192352],[-9.00075604617289,38.6497287465449],[-9.00064845815366,38.6498427794871],[-9.00049385098941,38.6499618929269],[-9.00044460338048,38.6499988650649],[-9.00037657794671,38.6500390049156],[-9.00019621163088,38.6501419647082],[-8.99992541637278,38.6502807591402],[-8.99992020037581,38.6502831705161],[-8.99991997215019,38.6502832965186],[-8.99990380818328,38.6502616293916],[-8.9998808323582,38.6502401559656],[-8.99984788479786,38.6502093628123],[-8.99984520451948,38.6502068577116],[-8.99982541929731,38.6501932498962],[-8.99980852995457,38.6501823077268],[-8.99976409682809,38.650155743358],[-8.99973478776718,38.6501424339916],[-8.99969786472825,38.6501256678795],[-8.99963767832991,38.6501037890564],[-8.99959063861273,38.650090839802],[-8.99957382742154,38.6500876205342],[-8.99950935370751,38.6500773460626],[-8.99948618727719,38.6500759889782],[-8.99943287629132,38.6500746371497],[-8.99939351032197,38.6500762087348],[-8.99935841337865,38.6500793395172],[-8.99929669883247,38.6500891865287],[-8.99929339880469,38.650089778473],[-8.99922231133425,38.6501066418696],[-8.99916079472708,38.6501278762403],[-8.99912684909778,38.6501462058446],[-8.99909445221146,38.6501637006363],[-8.99751999464932,38.6492336319055],[-8.99752313195236,38.6491839391403],[-8.99752468948795,38.6491592671458],[-8.99752313375245,38.6491355270712],[-8.99751961661661,38.6490995991625],[-8.99751282159775,38.6490709784981],[-8.99749451414138,38.6490178706973],[-8.99746635046445,38.6489675966953],[-8.99789915096544,38.6484776469243],[-8.99804067988183,38.6483174144634],[-8.99810044062989,38.6482487454663],[-8.99815727762161,38.6481732744477],[-8.99835416217949,38.647901350159],[-8.99845876770936,38.6477128175965],[-8.99856605670781,38.6474342078119],[-8.99870016694549,38.6469901058795],[-8.99889060367426,38.6462631964927],[-8.99893700453178,38.646075723899],[-8.99905047484603,38.6456052004378]]]}},{"type":"Feature","id":"CRUS_Moita_V.380150","properties":{"Area_Ha":0.866208023767284,"Autor":"DGT","Categoria":"Espaço Verde","Classe":"Solo Urbano","DTCC":"1506","Data_PublicacaoPDM":"2025-04-14T00:00:00","Designacao_PlantaOrdenamento":"Solo Urbano - Espaços Verdes - Recreio, lazer, desporto, cultura","Escala_PlantaOrdenamento":"1/12000","Fonte":"CM - Vectorial e Raster","ID":380150,"Municipio":"MOITA"},"geometry":{"type":"Polygon","coordinates":[[[-8.99991997215019,38.6502832965186],[-8.99992020037581,38.6502831705161],[-8.99992541637278,38.6502807591402],[-9.00019621163088,38.6501419647082],[-9.00037657794671,38.6500390049156],[-9.00044460338048,38.6499988650649],[-9.00049385098941,38.6499618929269],[-9.00064845815366,38.6498427794871],[-9.00075604617289,38.6497287465449],[-9.00082935262297,38.6496400192352],[-9.00085346370468,38.6496105668697],[-9.00096153089637,38.6494365220567],[-9.00106764101323,38.6492213230026],[-9.00122412233596,38.648837089323],[-9.00123419138706,38.6488109731799],[-9.00214865793278,38.6464389753665],[-9.00233236657041,38.6464819697762],[-9.0010722467929,38.6497212841729],[-9.0010497536658,38.6497580148043],[-9.00102808694048,38.6497913594739],[-9.00097341291532,38.6498488735498],[-9.00096495838661,38.6498574425905],[-9.000700848277,38.6500260905842],[-9.00052373492652,38.6501391851471],[-9.00049464297954,38.6501633262894],[-9.00044230392743,38.6502129605639],[-9.00031824760413,38.6504067303751],[-9.00031192155312,38.6504166365998],[-9.00031136202361,38.6504174857044],[-9.00022509974336,38.6504089919077],[-8.99998628082876,38.6503814740687],[-8.99997564460246,38.6503645844005],[-8.99994873548574,38.6503218522796],[-8.99991997215019,38.6502832965186]]]}},{"type":"Feature","id":"CRUS_Moita_V.380151","properties":{"Area_Ha":3.36586346563841,"Autor":"DGT","Categoria":"Espaço Central","Classe":"Solo Urbano","DTCC":"1506","Data_PublicacaoPDM":"2025-04-14T00:00:00","Designacao_PlantaOrdenamento":"Solo Urbano - Espaços Centrais - Núcleos Consolidados","Escala_PlantaOrdenamento":"1/12000","Fonte":"CM - Vectorial e Raster","ID":380151,"Municipio":"MOITA"},"geometry":{"type":"Polygon","coordinates":[[[-9.0310010716091,38.6573152984485],[-9.0309382174876,38.6573347680641],[-9.03096134926434,38.6575472405284],[-9.03088255776668,38.657608906286],[-9.03089040378045,38.6576657345178],[-9.03085265160455,38.6576681042325],[-9.03087308902833,38.6578879227175],[-9.03074876090894,38.6578926494751],[-9.03074962502265,38.6576599013059],[-9.03080638319338,38.6574094773823],[-9.03079488976314,38.6573969192075],[-9.03078876335514,38.6573902255111],[-9.03078380049735,38.6573848029268],[-9.02898658721003,38.6580132696383],[-9.02898559548993,38.658013616837],[-9.02898558095334,38.6580135565945],[-9.02898029094282,38.6580150645208],[-9.02898014011804,38.6580143927756],[-9.02883014384888,38.6573131217714],[-9.02864444313193,38.65647374955],[-9.02867115734001,38.656115772702],[-9.0290638938326,38.65606813837],[-9.02901216105822,38.6558436191704],[-9.02959026920717,38.6557498850379],[-9.02997166053644,38.6556860057429],[-9.03005397332276,38.6558303328601],[-9.03006025528001,38.6558426986682],[-9.03025465141153,38.6562330503324],[-9.03031042941729,38.6563409504789],[-9.03049273069471,38.6566936048543],[-9.03065566927438,38.6566432752817],[-9.03100113912492,38.6573152772117],[-9.0310010716091,38.6573152984485]]]}},{"type":"Feature","id":"CRUS_Moita_V.380152","properties":{"Area_Ha":0.568506528078602,"Autor":"DGT","Categoria":"Espaço Verde","Classe":"Solo Urbano","DTCC":"1506","Data_PublicacaoPDM":"2025-04-14T00:00:00","Designacao_PlantaOrdenamento":"Solo Urbano - Espaços Verdes - Recreio, lazer, desporto, cultura","Escala_PlantaOrdenamento":"1/12000","Fonte":"CM - Vectorial e Raster","ID":380152,"Municipio":"MOITA"},"geometry":{"type":"Polygon","coordinates":[[[-9.02992032328912,38.6524790858501],[-9.03006912783093,38.652433001956],[-9.03023274252558,38.6524110080028],[-9.03039635824251,38.6524057714788],[-9.03166754601186,38.6525615343993],[-9.03159548937582,38.6527995390308],[-9.03150411002864,38.6531013644705],[-9.03150230028737,38.6531037204613],[-9.03145597479237,38.6531640166702],[-9.0314478516102,38.6531592120105],[-9.03074236295334,38.6527953792854],[-9.0302568827778,38.6525921971325],[-9.03008670697316,38.6525371686035],[-9.02992032328912,38.6524790858501]]]}},{"type":"Feature","id":"CRUS_Moita_V.380153","properties":{"Area_Ha":5.68170869900007,"Autor":"DGT","Categoria":"Espaço de Uso Especial Equipamentos e Infraestruturas","Classe":"Solo Urbano","DTCC":"1506","Data_PublicacaoPDM":"2025-04-14T00:00:00","Designacao_PlantaOrdenamento":"Solo Urbano - Espaços de Uso Especial - Equipamentos","Escala_PlantaOrdenamento":"1/12000","Fonte":"CM - Vectorial e Raster","ID":380153,"Municipio":"MOITA"},"geometry":{"type":"Polygon","coordinates":[[[-9.00734162706476,38.657367287349],[-9.0073436897685,38.6573655369818],[-9.00777049576631,38.6576595640956],[-9.00908196317836,38.65857778599],[-9.01094084004581,38.6598571755855],[-9.01348687504407,38.6576585120366],[-9.01407348725274,38.6571495700021],[-9.01407501844266,38.657150585387],[-9.01419906523869,38.6572327980148],[-9.01461708076891,38.6575160286674],[-9.01457937924201,38.6577400167892],[-9.0141249786751,38.6581334390755],[-9.01284544410232,38.6592192184587],[-9.0126866152435,38.6593511935252],[-9.01262067190503,38.6594052287022],[-9.01214020176644,38.6597989248576],[-9.01210042075053,38.659831521254],[-9.01209873891639,38.6598322824613],[-9.01128133726904,38.6598889006701],[-9.01125633137742,38.6598906323881],[-9.01046543609075,38.6599250095158],[-9.0103908995487,38.659766337891],[-9.00973055953576,38.6592354623173],[-9.0094377814407,38.6590000816101],[-9.00904260660936,38.6591977001029],[-9.00902442743815,38.6592059398785],[-9.00868863248679,38.6593581425248],[-9.00812955772157,38.6590700304672],[-9.00718390663737,38.6585625225677],[-9.00695495764296,38.6584341254898],[-9.00672939462308,38.658310983186],[-9.00670762769578,38.6582870807571],[-9.00651226729535,38.6580667714295],[-9.00684697041664,38.6577869922518],[-9.00734162706476,38.657367287349]]]}},{"type":"Feature","id":"CRUS_Moita_V.380154","properties":{"Area_Ha":3.94575186419338,"Autor":"DGT","Categoria":"Espaço de Uso Especial Equipamentos e Infraestruturas","Classe":"Solo Urbano","DTCC":"1506","Data_PublicacaoPDM":"2025-04-14T00:00:00","Designacao_PlantaOrdenamento":"Solo Urbano - Espaços de Uso Especial - Equipamentos","Escala_PlantaOrdenamento":"1/12000","Fonte":"CM - Vectorial e Raster","ID":380154,"Municipio":"MOITA"},"geometry":{"type":"Polygon","coordinates":[[[-9.03329228303004,38.6452099248318],[-9.03341477199853,38.6469988470924],[-9.03289380561458,38.6470150379885],[-9.03208315675213,38.6470400353228],[-9.03110270669716,38.6470512178568],[-9.03109197916102,38.6452349802061],[-9.03329228303004,38.6452099248318]]]}},{"type":"Feature","id":"CRUS_Moita_V.380155","properties":{"Area_Ha":5.63915354024784,"Autor":"DGT","Categoria":"Espaço de Uso Especial Equipamentos e Infraestruturas","Classe":"Solo Urbano","DTCC":"1506","Data_PublicacaoPDM":"2025-04-14T00:00:00","Designacao_PlantaOrdenamento":"Solo Urbano - Espaços de Uso Especial - Equipamentos","Escala_PlantaOrdenamento":"1/12000","Fonte":"CM - Vectorial e Raster","ID":380155,"Municipio":"MOITA"},"geometry":{"type":"Polygon","coordinates":[[[-9.03703479663693,38.6558066062971],[-9.03549822444659,38.6533021813487],[-9.035335369143,38.6533547041586],[-9.03525385616468,38.6533809931609],[-9.03516868571071,38.6532300385204],[-9.03494637221061,38.6528360105569],[-9.03494634632987,38.6528359646856],[-9.03513410124186,38.6528181601715],[-9.03535404283888,38.6527710300373],[-9.03685876137235,38.6522389843073],[-9.03851636687481,38.6553180900597],[-9.0370357876723,38.6558082209858],[-9.03703479663693,38.6558066062971]]]}},{"type":"Feature","id":"CRUS_Moita_V.380156","properties":{"Area_Ha":6.25705024963839,"Autor":"DGT","Categoria":"Espaço Habitacional","Classe":"Solo Urbano","DTCC":"1506","Data_PublicacaoPDM":"2025-04-14T00:00:00","Designacao_PlantaOrdenamento":"Solo Urbano - Espaços Habitacionais - Tipo 2","Escala_PlantaOrdenamento":"1/12000","Fonte":"CM - Vectorial e Raster","ID":380156,"Municipio":"MOITA"},"geometry":{"type":"Polygon","coordinates":[[[-9.02009022881512,38.6502098120434],[-9.01990078328445,38.6498352116822],[-9.01985342181202,38.6497377315401],[-9.02044062276535,38.6495873410366],[-9.02036085903018,38.6493980193444],[-9.0209283674076,38.649248188334],[-9.02100578581262,38.6492263579256],[-9.02074974184038,38.6486654174906],[-9.02191930636091,38.6483395720991],[-9.02207854179081,38.6482954954555],[-9.0221625482111,38.6482708262246],[-9.02248390155726,38.6481798927791],[-9.02268415737217,38.6481204311489],[-9.0232132559443,38.6492788263372],[-9.02321327700908,38.6492788577051],[-9.02392072663907,38.6509146267802],[-9.02399897848353,38.6510477598415],[-9.020102969731,38.6502350046423],[-9.02009022881512,38.6502098120434]]]}},{"type":"Feature","id":"CRUS_Moita_V.380157","properties":{"Area_Ha":3.74561501102651,"Autor":"DGT","Categoria":"Espaço Habitacional","Classe":"Solo Urbano","DTCC":"1506","Data_PublicacaoPDM":"2025-04-14T00:00:00","Designacao_PlantaOrdenamento":"Solo Urbano - Espaços Habitacionais - Tipo 2","Escala_PlantaOrdenamento":"1/12000","Fonte":"CM - Vectorial e Raster","ID":380157,"Municipio":"MOITA"},"geometry":{"type":"Polygon","coordinates":[[[-9.02478604507846,38.6531196690936],[-9.02478062669388,38.6531098736108],[-9.02477119783315,38.6530810701923],[-9.02462940428186,38.6526989963971],[-9.02448761227321,38.6523169223873],[-9.02421396887527,38.651595750202],[-9.02414571388718,38.6513895768504],[-9.02414471621161,38.6513865631503],[-9.0241372073566,38.6513561812474],[-9.02413716746586,38.651356021208],[-9.02413740129543,38.6513560725743],[-9.02536191123072,38.651626440375],[-9.02780670471886,38.6521677317847],[-9.02782586628901,38.6521720162789],[-9.02813321547018,38.6522407393699],[-9.02813384965513,38.6522437127868],[-9.028166157083,38.6523951878903],[-9.02821249593295,38.6526056936382],[-9.02824166032707,38.6527233677605],[-9.0282446828329,38.6527355622427],[-9.02814371959269,38.652729828313],[-9.02782165054089,38.6527115358988],[-9.02739861849689,38.6526812249094],[-9.02736571886882,38.6526866443484],[-9.02611558096807,38.6528977635489],[-9.02479023194762,38.653127237266],[-9.02478604507846,38.6531196690936]]]}},{"type":"Feature","id":"CRUS_Moita_V.380158","properties":{"Area_Ha":6.28446081623644,"Autor":"DGT","Categoria":"Espaço Habitacional","Classe":"Solo Urbano","DTCC":"1506","Data_PublicacaoPDM":"2025-04-14T00:00:00","Designacao_PlantaOrdenamento":"Solo Urbano - Espaços Habitacionais - Tipo 2","Escala_PlantaOrdenamento":"1/12000","Fonte":"CM - Vectorial e Raster","ID":380158,"Municipio":"MOITA"},"geometry":{"type":"Polygon","coordinates":[[[-9.03686218073682,38.655949141989],[-9.03795617184718,38.6556118359993],[-9.03873109793318,38.6553771022599],[-9.03892380860528,38.6553187270207],[-9.04041210452703,38.6548425586259],[-9.04064747916974,38.6549814120458],[-9.0411027953224,38.6548395889349],[-9.0412382689898,38.6551089160964],[-9.04118890619117,38.655127001017],[-9.04109758586235,38.6551604577434],[-9.0411050776916,38.6551756051497],[-9.04115644192748,38.6552674477888],[-9.04115787349261,38.6552700084693],[-9.04209813345394,38.6549814952443],[-9.04210061327267,38.6549807346121],[-9.04215211115991,38.6550745188062],[-9.04225967152324,38.6550407107337],[-9.04229803695459,38.6550286516422],[-9.04229867544707,38.6550284512049],[-9.04340825617897,38.6547929945478],[-9.04411250547732,38.6545743618395],[-9.04432320816901,38.6546347913853],[-9.04408293601888,38.6551385130435],[-9.04393715809956,38.6550971997323],[-9.04379776485519,38.6553806391784],[-9.0436999094663,38.6553209679173],[-9.04358678696098,38.6554229303441],[-9.04306880110765,38.6551185458924],[-9.04262294228885,38.6556046081586],[-9.04244615877161,38.6554865730431],[-9.04219513061643,38.6552610588372],[-9.04194447502543,38.6553297192563],[-9.04202126351225,38.6555216549059],[-9.04181193537045,38.6557447293956],[-9.04160139677738,38.655628450564],[-9.04145575830694,38.655775693743],[-9.04145544182631,38.6557760132835],[-9.0413277826191,38.6557105604173],[-9.0412324265475,38.6557285133296],[-9.04113110448572,38.6558924876632],[-9.04099653036843,38.6558403857753],[-9.04054027918298,38.6563161489376],[-9.04015799731538,38.6560785643835],[-9.03937399835426,38.6568229569124],[-9.03991904121446,38.6572102100632],[-9.03973807860945,38.6573870532942],[-9.03973757249247,38.6573875499565],[-9.03973454343273,38.6573860330615],[-9.03938489969276,38.6572113204432],[-9.03841038254656,38.6567241890452],[-9.03686160282972,38.6559493203092],[-9.03686218073682,38.655949141989]]]}},{"type":"Feature","id":"CRUS_Moita_V.380159","properties":{"Area_Ha":1.59434302930376,"Autor":"DGT","Categoria":"Espaço Habitacional","Classe":"Solo Urbano","DTCC":"1506","Data_PublicacaoPDM":"2025-04-14T00:00:00","Designacao_PlantaOrdenamento":"Solo Urbano - Espaços Habitacionais - Tipo 2","Escala_PlantaOrdenamento":"1/12000","Fonte":"CM - Vectorial e Raster","ID":380159,"Municipio":"MOITA"},"geometry":{"type":"Polygon","coordinates":[[[-9.02549728344826,38.6539134164633],[-9.02567725487589,38.6539036622166],[-9.02572025399965,38.65461541821],[-9.02649833642067,38.654646738895],[-9.02650781252735,38.6548082834273],[-9.0265159526352,38.654982589944],[-9.02654451778184,38.6553096186397],[-9.02657620326974,38.6555896636515],[-9.02568509563172,38.655650875507],[-9.02559687237376,38.654596567204],[-9.02456289941956,38.6545403776355],[-9.02438874144697,38.6540055135156],[-9.02506786771638,38.6539399270902],[-9.02549728344826,38.6539134164633]]]}},{"type":"Feature","id":"CRUS_Moita_V.380160","properties":{"Area_Ha":2.15068259191599,"Autor":"DGT","Categoria":"Espaço Habitacional","Classe":"Solo Urbano","DTCC":"1506","Data_PublicacaoPDM":"2025-04-14T00:00:00","Designacao_PlantaOrdenamento":"Solo Urbano - Espaços Habitacionais - Tipo 2","Escala_PlantaOrdenamento":"1/12000","Fonte":"CM - Vectorial e Raster","ID":380160,"Municipio":"MOITA"},"geometry":{"type":"Polygon","coordinates":[[[-9.00534577174136,38.6553804082266],[-9.00618050214052,38.6547118356685],[-9.00789449189025,38.6559662502842],[-9.0070582034458,38.6566634975778],[-9.00593422578631,38.6558175718474],[-9.00545574232456,38.6554574474452],[-9.00534577174136,38.6553804082266]]]}},{"type":"Feature","id":"CRUS_Moita_V.380161","properties":{"Area_Ha":3.25976153843624,"Autor":"DGT","Categoria":"Espaço Habitacional","Classe":"Solo Urbano","DTCC":"1506","Data_PublicacaoPDM":"2025-04-14T00:00:00","Designacao_PlantaOrdenamento":"Solo Urbano - Espaços Habitacionais - Tipo 2","Escala_PlantaOrdenamento":"1/12000","Fonte":"CM - Vectorial e Raster","ID":380161,"Municipio":"MOITA"},"geometry":{"type":"Polygon","coordinates":[[[-9.03271500252248,38.6552619094806],[-9.03258689074531,38.6542596548845],[-9.03257372777554,38.6541094479346],[-9.03257792881493,38.6540748139431],[-9.03259162378537,38.6539839985599],[-9.03318909608502,38.6542927409875],[-9.03380120238142,38.6545979229667],[-9.03475697144284,38.6550726363849],[-9.03583433874496,38.6556125990745],[-9.03621234199712,38.6557978662732],[-9.03648639189792,38.6559345080413],[-9.03653909213334,38.6559645824071],[-9.03619267187524,38.6560716633646],[-9.03571857641664,38.6562022811122],[-9.03563353017551,38.6561431690336],[-9.03551979250456,38.6561019069754],[-9.03543133688139,38.6560943452174],[-9.03533968709146,38.6561030441152],[-9.03525122129229,38.6561334088353],[-9.03518471708535,38.6561727364683],[-9.03515564967328,38.6562053283114],[-9.03472907677577,38.6560132139609],[-9.03430387439166,38.6558531876202],[-9.03375517867312,38.6556582145339],[-9.03284593884721,38.6553430755207],[-9.03273035338972,38.6553030131051],[-9.03271500252248,38.6552619094806]]]}},{"type":"Feature","id":"CRUS_Moita_V.380162","properties":{"Area_Ha":2.78055808651429,"Autor":"DGT","Categoria":"Espaço Habitacional","Classe":"Solo Urbano","DTCC":"1506","Data_PublicacaoPDM":"2025-04-14T00:00:00","Designacao_PlantaOrdenamento":"Solo Urbano - Espaços Habitacionais - Tipo 2","Escala_PlantaOrdenamento":"1/12000","Fonte":"CM - Vectorial e Raster","ID":380162,"Municipio":"MOITA"},"geometry":{"type":"Polygon","coordinates":[[[-9.03662810956677,38.6560152208203],[-9.03697694127627,38.6561892066846],[-9.04014310949496,38.6577758282921],[-9.03965575361761,38.6580244565185],[-9.03807983876061,38.6575538086602],[-9.03714030871755,38.6571707792862],[-9.03652303766905,38.6568605483096],[-9.03590308580965,38.6565304422819],[-9.03576714739011,38.6564657291465],[-9.03578066288277,38.6564440109648],[-9.0357889343566,38.6563706982895],[-9.03577882199645,38.6562975283862],[-9.03576700111617,38.6562746788443],[-9.03662810956677,38.6560152208203]]]}},{"type":"Feature","id":"CRUS_Moita_V.380163","properties":{"Area_Ha":7.650898028001,"Autor":"DGT","Categoria":"Espaço Habitacional","Classe":"Solo Urbano","DTCC":"1506","Data_PublicacaoPDM":"2025-04-14T00:00:00","Designacao_PlantaOrdenamento":"Solo Urbano - Espaços Habitacionais - Tipo 2","Escala_PlantaOrdenamento":"1/12000","Fonte":"CM - Vectorial e Raster","ID":380163,"Municipio":"MOITA"},"geometry":{"type":"Polygon","coordinates":[[[-9.04124611304053,38.6425793090397],[-9.04126854128285,38.6425458834969],[-9.04210998532515,38.6413120719022],[-9.04210984445056,38.6413120126429],[-9.04190743631843,38.6412271070308],[-9.04106562549699,38.6424614524195],[-9.04104730314014,38.642488758414],[-9.04104722456613,38.64248872119],[-9.04104716681252,38.6424886955149],[-9.03888071547055,38.6415002550656],[-9.03886359099083,38.6414939315818],[-9.03887342928029,38.6413838571275],[-9.03892444658637,38.6412265516634],[-9.03951084970763,38.6403983930036],[-9.03953312616019,38.640366035511],[-9.03955658414395,38.6403318294136],[-9.03957892663721,38.6402992470997],[-9.03960324173754,38.6402637912392],[-9.03965912780211,38.6402522701513],[-9.03969342721263,38.6402433403968],[-9.03973655191024,38.6402297445234],[-9.0397857070579,38.6402105403205],[-9.03981950526292,38.6401960186082],[-9.03985147201263,38.6401733335667],[-9.04140487780929,38.6408473471583],[-9.04158647307281,38.6409380507253],[-9.04252683666339,38.6413452029772],[-9.04380747599932,38.6419178235641],[-9.04423481235196,38.6420364857422],[-9.04423480465482,38.6420365128263],[-9.04389230491269,38.6433701312972],[-9.04387115179047,38.6434524926507],[-9.04205424395364,38.6429050649736],[-9.04177725309115,38.6428216286595],[-9.04124611304053,38.6425793090397]]]}},{"type":"Feature","id":"CRUS_Moita_V.380164","properties":{"Area_Ha":27.2772872995074,"Autor":"DGT","Categoria":"Espaço Habitacional","Classe":"Solo Urbano","DTCC":"1506","Data_PublicacaoPDM":"2025-04-14T00:00:00","Designacao_PlantaOrdenamento":"Solo Urbano - Espaços Habitacionais - Tipo 1","Escala_PlantaOrdenamento":"1/12000","Fonte":"CM - Vectorial e Raster","ID":380164,"Municipio":"MOITA"},"geometry":{"type":"Polygon","coordinates":[[[-9.00262606699611,38.6461531193237],[-9.00262278314191,38.6459856711148],[-9.00261129782829,38.645720413888],[-9.00263057506958,38.6453424928611],[-9.00051632703039,38.6448453596499],[-8.9993407076221,38.6445693239685],[-8.9993407373418,38.6445692165524],[-8.99942001889241,38.6442816763723],[-8.99947373854081,38.6441400895903],[-8.99949410121371,38.6440882864863],[-8.99950443697659,38.6440740177166],[-8.99961006531525,38.6439315302433],[-8.99967512504466,38.6438672261103],[-9.00098004472963,38.6426385923035],[-9.00119998587348,38.6425024202815],[-9.00138069945964,38.6424083220666],[-9.00149981525391,38.6423471981964],[-9.00184371608431,38.6421986500464],[-9.00211461901403,38.6421106621808],[-9.00219961960024,38.642089013081],[-9.00223465387785,38.6420807419165],[-9.00233950019245,38.6421099057532],[-9.00235744225286,38.6421133243187],[-9.00239448451974,38.6421203816406],[-9.00246282389249,38.6421278468451],[-9.00250306223153,38.6421292566394],[-9.00253419939772,38.6421296413816],[-9.00256053090601,38.6421276530734],[-9.00260621760608,38.6421228391954],[-9.00267104067915,38.6421076435764],[-9.00274928370214,38.6420828383344],[-9.00282557299168,38.6420467307206],[-9.00285943087077,38.6420226733563],[-9.00288843674715,38.6420017229103],[-9.00289941046838,38.6419933710051],[-9.00294074004548,38.6419619182837],[-9.00295219899621,38.6419495253462],[-9.00297887925202,38.6419234710795],[-9.00298012199126,38.6419231834891],[-9.00366552568401,38.6417621623188],[-9.00403306189615,38.6416626979208],[-9.00413700520904,38.6416330072071],[-9.0043538053271,38.6415630647118],[-9.00487729441144,38.6413941782977],[-9.00530058254761,38.6412392947416],[-9.00547274482715,38.6411762985052],[-9.00557242358076,38.6411390499179],[-9.00602889806739,38.6409684700771],[-9.00604062438092,38.6409867887756],[-9.00645901454639,38.6420690164081],[-9.00688391615532,38.6432022973476],[-9.00722453903785,38.6443267324729],[-9.00717244069714,38.6456546344949],[-9.00735301775411,38.6464470146775],[-9.00735305362269,38.6464471306135],[-9.00582560021508,38.6461018896341],[-9.00582300034856,38.646150806622],[-9.00578380451135,38.6468879769189],[-9.00262616920884,38.6461583450456],[-9.00262606699611,38.6461531193237]]]}},{"type":"Feature","id":"CRUS_Moita_V.380165","properties":{"Area_Ha":9.19467853216827,"Autor":"DGT","Categoria":"Espaço de Atividades Económicas","Classe":"Solo Urbano","DTCC":"1506","Data_PublicacaoPDM":"2025-04-14T00:00:00","Designacao_PlantaOrdenamento":"Solo Urbano - Espaços de Atividades Económicas","Escala_PlantaOrdenamento":"1/12000","Fonte":"CM - Vectorial e Raster","ID":380165,"Municipio":"MOITA"},"geometry":{"type":"Polygon","coordinates":[[[-9.00450972116886,38.6835325717639],[-9.00619313509443,38.6811337726438],[-9.00695848876216,38.6819475558083],[-9.00695853207931,38.6819476212431],[-9.00695848808628,38.681947783716],[-9.00710278419467,38.6821646515758],[-9.00730284362684,38.6823707008662],[-9.00757711911245,38.682612407078],[-9.00842940839366,38.6831608343085],[-9.00878434713974,38.683313797676],[-9.00939867796189,38.6835168216109],[-9.00916132813929,38.6838659559082],[-9.00883150994387,38.6843332358056],[-9.00866722426991,38.6845494141123],[-9.00804809737824,38.6852907317468],[-9.00745078743034,38.6849111247075],[-9.00703634814185,38.6846925012528],[-9.00675739877761,38.6847218131286],[-9.00564160014682,38.6846883139667],[-9.00575425299934,38.6845291909606],[-9.00570597247314,38.6841355678963],[-9.00543238699939,38.6840225064163],[-9.00555040465108,38.6838047563729],[-9.00450972116886,38.6835325717639]]]}}]}