{"type":"FeatureCollection","features":[{"type":"Feature","id":"CRUS_Montijo_V.36425","properties":{"AREA_HA":2.61784307357734,"Autor":"DGT","Categoria_2021":"Não Atribuída","Classe_2021":"Solo Urbano","DTCC":"1507","Data_Pub_Origem":"1997-02-01T00:00:00","Designacao_no_plano":"Espaço urbano - Área urbanizada mista habitacional e equipamento industrial","Escala_origem":"1/25000","Fonte":"AML - Vectorial","ID1":36425,"Municipio":"MONTIJO"},"geometry":{"type":"Polygon","coordinates":[[[-8.69850644553661,38.7282762092007],[-8.69919769893718,38.7293904167981],[-8.69873256906172,38.7300900362725],[-8.69692749293545,38.7294818790426],[-8.69770474777494,38.7280744571276],[-8.69850644553661,38.7282762092007]]]}},{"type":"Feature","id":"CRUS_Montijo_V.36426","properties":{"AREA_HA":51.7258124073582,"Autor":"DGT","Categoria_2021":"Espaço Agrícola","Classe_2021":"Solo Rústico","DTCC":"1507","Data_Pub_Origem":"1997-02-01T00:00:00","Designacao_no_plano":"Espaço agrícola - Área agrícola não incluído na RAN","Escala_origem":"1/25000","Fonte":"AML - Vectorial","ID1":36426,"Municipio":"MONTIJO"},"geometry":{"type":"Polygon","coordinates":[[[-8.69692749293545,38.7294818790426],[-8.69610800808669,38.7308607811744],[-8.69578262246027,38.7308520460654],[-8.69347112841473,38.7299360769093],[-8.69233009428961,38.7296222186063],[-8.69165295064809,38.7293477727026],[-8.69193308216784,38.7287695765377],[-8.69306169313368,38.7274971351511],[-8.68748178198097,38.7258795883133],[-8.68733158163208,38.7257360837085],[-8.68770218044439,38.7245053235213],[-8.68875106008294,38.7216881480173],[-8.68896661495139,38.7215223014722],[-8.69135564328504,38.7219950486856],[-8.69463703819079,38.7228759321197],[-8.69738274119558,38.7238824908302],[-8.69648060012226,38.726333749142],[-8.69618243076221,38.7263351891756],[-8.69494308826548,38.7255788886092],[-8.69519432785479,38.7265047728818],[-8.69563184008599,38.7269868087602],[-8.69635179911438,38.7271893572049],[-8.69615027695617,38.7274169531549],[-8.69635487929574,38.7275807848237],[-8.69677519911327,38.7275993569466],[-8.69770474777494,38.7280744571276],[-8.69692749293545,38.7294818790426]]]}},{"type":"Feature","id":"CRUS_Montijo_V.36427","properties":{"AREA_HA":4.84021285992917,"Autor":"DGT","Categoria_2021":"Espaço Florestal","Classe_2021":"Solo Rústico","DTCC":"1507","Data_Pub_Origem":"1997-02-01T00:00:00","Designacao_no_plano":"Espaço florestal - Área de mata e de protecção","Escala_origem":"1/25000","Fonte":"AML - Vectorial","ID1":36427,"Municipio":"MONTIJO"},"geometry":{"type":"Polygon","coordinates":[[[-8.69850644553661,38.7282762092007],[-8.69770474777494,38.7280744571276],[-8.69677519911327,38.7275993569466],[-8.69635487929574,38.7275807848237],[-8.69615027695617,38.7274169531549],[-8.69635179911438,38.7271893572049],[-8.69563184008599,38.7269868087602],[-8.69519432785479,38.7265047728818],[-8.69494308826548,38.7255788886092],[-8.69618243076221,38.7263351891756],[-8.69648060012226,38.726333749142],[-8.69699513616731,38.7268337662896],[-8.69945484703785,38.727645931216],[-8.70017049851209,38.7273025199037],[-8.70056346938731,38.7272903133522],[-8.70098478064237,38.7274324725634],[-8.7005843754484,38.7282173060197],[-8.69987867429428,38.7281074248408],[-8.69850644553661,38.7282762092007]]]}},{"type":"Feature","id":"CRUS_Montijo_V.36428","properties":{"AREA_HA":0.658713648659456,"Autor":"DGT","Categoria_2021":"Espaço Agrícola","Classe_2021":"Solo Rústico","DTCC":"1507","Data_Pub_Origem":"1997-02-01T00:00:00","Designacao_no_plano":"Espaço agrícola - Área agrícola da RAN","Escala_origem":"1/25000","Fonte":"AML - Vectorial","ID1":36428,"Municipio":"MONTIJO"},"geometry":{"type":"Polygon","coordinates":[[[-8.51383157670873,38.7297071941417],[-8.51352473359309,38.7290352137774],[-8.51437609537182,38.728993958626],[-8.51471378270604,38.7291475399531],[-8.51484267350557,38.7293563923918],[-8.51477390746826,38.7295294999818],[-8.51446085536995,38.7296397117571],[-8.51383157670873,38.7297071941417]]]}},{"type":"Feature","id":"CRUS_Montijo_V.36429","properties":{"AREA_HA":14.040163340205,"Autor":"DGT","Categoria_2021":"Espaço Agrícola","Classe_2021":"Solo Rústico","DTCC":"1507","Data_Pub_Origem":"1997-02-01T00:00:00","Designacao_no_plano":"Espaço agrícola - Área agrícola não incluído na RAN","Escala_origem":"1/25000","Fonte":"AML - Vectorial","ID1":36429,"Municipio":"MONTIJO"},"geometry":{"type":"Polygon","coordinates":[[[-8.73456062684953,38.7289742083884],[-8.73393082830289,38.7296390538314],[-8.73362490798295,38.729640628336],[-8.73322321603527,38.7294460062527],[-8.73338464681324,38.7290517881722],[-8.73312384854605,38.7288206783916],[-8.7327232110516,38.7287512143818],[-8.7270310135984,38.7304969084974],[-8.72688833886825,38.7303188168702],[-8.72658812166002,38.7263865266714],[-8.73456062684953,38.7289742083884]]]}},{"type":"Feature","id":"CRUS_Montijo_V.36430","properties":{"AREA_HA":9.14805801627804,"Autor":"DGT","Categoria_2021":"Espaço Agrícola","Classe_2021":"Solo Rústico","DTCC":"1507","Data_Pub_Origem":"1997-02-01T00:00:00","Designacao_no_plano":"Espaço agrícola - Área agrícola da RAN","Escala_origem":"1/25000","Fonte":"AML - Vectorial","ID1":36430,"Municipio":"MONTIJO"},"geometry":{"type":"Polygon","coordinates":[[[-8.53361596435523,38.730994305324],[-8.53315719061892,38.7319593719701],[-8.53285681066938,38.7321177190432],[-8.53254935073474,38.7322068720491],[-8.53213225028732,38.7320148074166],[-8.53174035693881,38.7317642565988],[-8.53115650889761,38.7311118077815],[-8.5311526640149,38.730421012364],[-8.53209242705529,38.7283090235168],[-8.53253174380939,38.7280166582896],[-8.53299070502477,38.7270879487378],[-8.53331468299924,38.726923223769],[-8.53370920337077,38.7269218690162],[-8.53391989987134,38.727248370674],[-8.53361596435523,38.730994305324]]]}},{"type":"Feature","id":"CRUS_Montijo_V.36431","properties":{"AREA_HA":3.36725038337074,"Autor":"DGT","Categoria_2021":"Espaço Florestal","Classe_2021":"Solo Rústico","DTCC":"1507","Data_Pub_Origem":"1997-02-01T00:00:00","Designacao_no_plano":"Espaço florestal - Área de mata e de protecção","Escala_origem":"1/25000","Fonte":"AML - Vectorial","ID1":36431,"Municipio":"MONTIJO"},"geometry":{"type":"Polygon","coordinates":[[[-8.64232105635029,38.7280007598821],[-8.64244885005954,38.7297536223672],[-8.64033079977007,38.7303051532136],[-8.64009350165496,38.7293661979066],[-8.64147373344775,38.7288540476392],[-8.64161032008512,38.728600381133],[-8.64120642794723,38.7269390985189],[-8.64232105635029,38.7280007598821]]]}},{"type":"Feature","id":"CRUS_Montijo_V.36432","properties":{"AREA_HA":2.13804063963955,"Autor":"DGT","Categoria_2021":"Espaço de Atividades Industriais ","Classe_2021":"Solo Rústico","DTCC":"1507","Data_Pub_Origem":"1997-02-01T00:00:00","Designacao_no_plano":"Espaço industrial - Área industrial existente","Escala_origem":"1/25000","Fonte":"AML - Vectorial","ID1":36432,"Municipio":"MONTIJO"},"geometry":{"type":"Polygon","coordinates":[[[-8.63582566035917,38.7266678243025],[-8.63526307015533,38.7270318388684],[-8.6349039512271,38.7268073909982],[-8.6345706891391,38.7269805801379],[-8.63388655363656,38.7264592168162],[-8.63412653414335,38.7261417971396],[-8.63539053044191,38.7252832821063],[-8.63615544982789,38.7257950378483],[-8.63565076002764,38.7262038447676],[-8.6359759050949,38.7265096715442],[-8.63582566035917,38.7266678243025]]]}},{"type":"Feature","id":"CRUS_Montijo_V.36433","properties":{"AREA_HA":27.2541924426854,"Autor":"DGT","Categoria_2021":"Espaço Agrícola","Classe_2021":"Solo Rústico","DTCC":"1507","Data_Pub_Origem":"1997-02-01T00:00:00","Designacao_no_plano":"Espaço agrícola - Área agrícola não incluído na RAN","Escala_origem":"1/25000","Fonte":"AML - Vectorial","ID1":36433,"Municipio":"MONTIJO"},"geometry":{"type":"Polygon","coordinates":[[[-8.61023816338613,38.7322700438014],[-8.61016580901164,38.7300942613825],[-8.60957759009755,38.7286278079179],[-8.6095495626741,38.7278935156943],[-8.60986176019715,38.7261332327644],[-8.60991067980088,38.7259763831727],[-8.61215159534437,38.7258080908518],[-8.6133828356157,38.7256625373109],[-8.61543456601757,38.7313783752257],[-8.61522775592478,38.7315968729296],[-8.61023816338613,38.7322700438014]]]}},{"type":"Feature","id":"CRUS_Montijo_V.36434","properties":{"AREA_HA":109.6536452731,"Autor":"DGT","Categoria_2021":"Espaço Florestal","Classe_2021":"Solo Rústico","DTCC":"1507","Data_Pub_Origem":"1997-02-01T00:00:00","Designacao_no_plano":"Espaço florestal - Área de floresta de produção","Escala_origem":"1/25000","Fonte":"AML - Vectorial","ID1":36434,"Municipio":"MONTIJO"},"geometry":{"type":"Polygon","coordinates":[[[-8.69993639601888,38.733394143013],[-8.7008747338945,38.7318389991468],[-8.70216755888445,38.7298616211613],[-8.70323958204828,38.7282532438301],[-8.7033898714879,38.728310712896],[-8.70389432999357,38.7288109646905],[-8.70622343463408,38.7302210898601],[-8.70670319281478,38.7308882969364],[-8.70691187482569,38.7315568435632],[-8.70682260421426,38.7322577445687],[-8.70809035589142,38.7314583315539],[-8.70701941184682,38.7297536342284],[-8.70680997501592,38.728945863411],[-8.70676528968838,38.7267519688721],[-8.70637704333503,38.7256619627979],[-8.70584390618802,38.7247902372281],[-8.70578304819155,38.7246578021922],[-8.70695744865733,38.7232854161695],[-8.70867959092285,38.7218927968006],[-8.70895447288234,38.7219150552322],[-8.70923753108008,38.7225217882637],[-8.70962927236644,38.7244439182643],[-8.71069645713538,38.7342195412616],[-8.70917253224173,38.7334190506725],[-8.70847735863074,38.7333062592945],[-8.70823091407652,38.7333879337931],[-8.70788385202234,38.734032607529],[-8.70792066499798,38.7342201798141],[-8.70820414271327,38.7343528940861],[-8.70990116184283,38.7346663718028],[-8.7105580684494,38.7358700848235],[-8.71100904494708,38.7363416983224],[-8.71152593966283,38.7366508937745],[-8.71391888603378,38.737157559263],[-8.71521817158865,38.737701840323],[-8.71592931318959,38.7383241290079],[-8.71725220907974,38.7404162907917],[-8.71721967323115,38.7407561893222],[-8.71692628378678,38.7408559976365],[-8.7158417402693,38.7406289688955],[-8.71527441676193,38.7403278278763],[-8.71429050033571,38.7394476275089],[-8.71163556399035,38.7385667723843],[-8.7100569862812,38.7383600191007],[-8.70915964172593,38.7379889560954],[-8.70776950707676,38.7371057602604],[-8.705883313615,38.736685895585],[-8.7027683299958,38.736684068474],[-8.69767759978703,38.7376479082189],[-8.69577389102592,38.7377065948618],[-8.6953009056456,38.7376741713931],[-8.69715676657104,38.7369029918439],[-8.6983361680623,38.7361176131653],[-8.6992850659996,38.7344748271796],[-8.69993639601888,38.733394143013]]]}},{"type":"Feature","id":"CRUS_Montijo_V.36435","properties":{"AREA_HA":1.58873420990482,"Autor":"DGT","Categoria_2021":"Espaço Agrícola","Classe_2021":"Solo Rústico","DTCC":"1507","Data_Pub_Origem":"1997-02-01T00:00:00","Designacao_no_plano":"Espaço agrícola - Área agrícola da RAN","Escala_origem":"1/25000","Fonte":"AML - Vectorial","ID1":36435,"Municipio":"MONTIJO"},"geometry":{"type":"Polygon","coordinates":[[[-8.98236720316429,38.7240201766083],[-8.98196542775338,38.7237665171207],[-8.98132742602024,38.723345198136],[-8.98135070442516,38.7227939355135],[-8.98162382839107,38.7223692016571],[-8.98211137489985,38.7224336037937],[-8.98246172619448,38.7226575228481],[-8.98273369180793,38.7232634049809],[-8.98280188902675,38.7237897085126],[-8.98236720316429,38.7240201766083]]]}},{"type":"Feature","id":"CRUS_Montijo_V.36436","properties":{"AREA_HA":14.5260554882847,"Autor":"DGT","Categoria_2021":"Espaço Florestal","Classe_2021":"Solo Rústico","DTCC":"1507","Data_Pub_Origem":"1997-02-01T00:00:00","Designacao_no_plano":"Espaço florestal - Área de mata e de protecção","Escala_origem":"1/25000","Fonte":"AML - Vectorial","ID1":36436,"Municipio":"MONTIJO"},"geometry":{"type":"Polygon","coordinates":[[[-8.5741742238867,38.7279402180474],[-8.5733312993258,38.7283245608186],[-8.57165210030658,38.730182247985],[-8.57099402222471,38.7305023533053],[-8.57012550729446,38.7304965409431],[-8.56951401766764,38.7308618376329],[-8.56904030446414,38.7310360418502],[-8.56895881075462,38.7309637412178],[-8.56975203252467,38.7300169473559],[-8.57018772561916,38.7293074446325],[-8.5702311631391,38.7288353687481],[-8.57049592898303,38.7285802686011],[-8.57175904530821,38.7287388749573],[-8.57194359189025,38.7286202022195],[-8.57127619162123,38.7274156972412],[-8.57116791688332,38.7248604502424],[-8.57155791386727,38.7242600122678],[-8.57186979924963,38.7241408601698],[-8.57219438874379,38.7242031632635],[-8.57342722738622,38.7250969678031],[-8.57424466201918,38.7262192174341],[-8.57427140350281,38.726799927488],[-8.57444747361383,38.7271859318531],[-8.57440235752076,38.7273812251503],[-8.5741742238867,38.7279402180474]]]}},{"type":"Feature","id":"CRUS_Montijo_V.36437","properties":{"AREA_HA":2.59677743717851,"Autor":"DGT","Categoria_2021":"Espaço Agrícola","Classe_2021":"Solo Rústico","DTCC":"1507","Data_Pub_Origem":"1997-02-01T00:00:00","Designacao_no_plano":"Espaço agrícola - Área agrícola da RAN","Escala_origem":"1/25000","Fonte":"AML - Vectorial","ID1":36437,"Municipio":"MONTIJO"},"geometry":{"type":"Polygon","coordinates":[[[-8.98508095029359,38.7249012917039],[-8.98454387549465,38.7254402780948],[-8.98391739418195,38.7245236454477],[-8.98417525936664,38.7237792270015],[-8.9843545393992,38.7232857024025],[-8.98431298883194,38.7222970657228],[-8.9844566047228,38.7218430743446],[-8.98471451597606,38.7218109895406],[-8.98486970963862,38.7221058120242],[-8.98498615805748,38.7229338321906],[-8.98524747303707,38.7231885961664],[-8.98507297904707,38.72355222937],[-8.98506311221688,38.7242474312011],[-8.98508095029359,38.7249012917039]]]}},{"type":"Feature","id":"CRUS_Montijo_V.36438","properties":{"AREA_HA":6.15992193258568,"Autor":"DGT","Categoria_2021":"Espaço Agrícola","Classe_2021":"Solo Rústico","DTCC":"1507","Data_Pub_Origem":"1997-02-01T00:00:00","Designacao_no_plano":"Espaço agrícola - Área agrícola da RAN","Escala_origem":"1/25000","Fonte":"AML - Vectorial","ID1":36438,"Municipio":"MONTIJO"},"geometry":{"type":"Polygon","coordinates":[[[-8.51303920454683,38.7283315119841],[-8.51007375132151,38.7249994489534],[-8.50931108178495,38.7241114575695],[-8.51005432258052,38.7240360905555],[-8.51071696271825,38.7241431858415],[-8.51099663499959,38.724315252865],[-8.51131578309628,38.7253611256481],[-8.51164123599258,38.7258389006484],[-8.51217786443006,38.7262741285001],[-8.51302738388134,38.7265717814278],[-8.51457034706305,38.726211707168],[-8.51515170160495,38.7263190433172],[-8.51519947169271,38.7265646812905],[-8.51501509000853,38.7268383913593],[-8.51363715085082,38.7276531189127],[-8.51312819529047,38.7280553316722],[-8.51303920454683,38.7283315119841]]]}},{"type":"Feature","id":"CRUS_Montijo_V.36439","properties":{"AREA_HA":2.42444595520906,"Autor":"DGT","Categoria_2021":"Espaço Agrícola","Classe_2021":"Solo Rústico","DTCC":"1507","Data_Pub_Origem":"1997-02-01T00:00:00","Designacao_no_plano":"Espaço agrícola - Área agrícola não incluído na RAN","Escala_origem":"1/25000","Fonte":"AML - Vectorial","ID1":36439,"Municipio":"MONTIJO"},"geometry":{"type":"Polygon","coordinates":[[[-8.98699270988762,38.7230070459642],[-8.98618131102273,38.7216520293068],[-8.98658149264202,38.7215253544876],[-8.98729963516666,38.721241146598],[-8.98838263888206,38.7217504957806],[-8.98882970189424,38.7217283572172],[-8.98930064391519,38.7217251119263],[-8.98699270988762,38.7230070459642]]]}},{"type":"Feature","id":"CRUS_Montijo_V.36440","properties":{"AREA_HA":3.85545134808104,"Autor":"DGT","Categoria_2021":"Não Atribuída","Classe_2021":"Solo Urbano","DTCC":"1507","Data_Pub_Origem":"1997-02-01T00:00:00","Designacao_no_plano":"Espaço urbano - Área urbanizada mista habitacional e equipamento industrial","Escala_origem":"1/25000","Fonte":"AML - Vectorial","ID1":36440,"Municipio":"MONTIJO"},"geometry":{"type":"Polygon","coordinates":[[[-8.98600709450728,38.7237701291694],[-8.98517843530778,38.7219800794096],[-8.9846190716666,38.7208419232594],[-8.98447811321769,38.7206271225626],[-8.98535601367973,38.7202501241488],[-8.98576958733514,38.7209644291295],[-8.98618131102273,38.7216520293068],[-8.98699270988762,38.7230070459642],[-8.98728493293305,38.7236797975829],[-8.98600709450728,38.7237701291694]]]}},{"type":"Feature","id":"CRUS_Montijo_V.36441","properties":{"AREA_HA":5.5078468885544,"Autor":"DGT","Categoria_2021":"Espaço Agrícola","Classe_2021":"Solo Rústico","DTCC":"1507","Data_Pub_Origem":"1997-02-01T00:00:00","Designacao_no_plano":"Espaço agrícola - Área agrícola da RAN","Escala_origem":"1/25000","Fonte":"AML - Vectorial","ID1":36441,"Municipio":"MONTIJO"},"geometry":{"type":"Polygon","coordinates":[[[-8.58463149716623,38.674436891009],[-8.58329400881914,38.6743991361909],[-8.58075768453563,38.6746689350335],[-8.57904145068014,38.6744513320799],[-8.57796682004285,38.6744554351936],[-8.57609515380689,38.6749826327215],[-8.57583226070058,38.6749926030045],[-8.57564824014435,38.6748139678668],[-8.57645560196355,38.6741114841756],[-8.57774554826648,38.6738017031982],[-8.57973630812878,38.674045164008],[-8.58057090927641,38.6740509371553],[-8.58270703558398,38.6737737146759],[-8.58374724143959,38.6737517653525],[-8.58482775296661,38.6739175899939],[-8.58495594779259,38.6739525483679],[-8.58510149738349,38.6739877899534],[-8.58490391864822,38.6742619754565],[-8.58485557024396,38.6744965238925],[-8.58475158105588,38.674467630848],[-8.58463149716623,38.674436891009]]]}},{"type":"Feature","id":"CRUS_Montijo_V.36442","properties":{"AREA_HA":1.46179144833989,"Autor":"DGT","Categoria_2021":"Espaço de Atividades Industriais ","Classe_2021":"Solo Rústico","DTCC":"1507","Data_Pub_Origem":"1997-02-01T00:00:00","Designacao_no_plano":"Espaço industrial - Área industrial existente","Escala_origem":"1/25000","Fonte":"AML - Vectorial","ID1":36442,"Municipio":"MONTIJO"},"geometry":{"type":"Polygon","coordinates":[[[-8.58705334959195,38.6741766066656],[-8.58595436339479,38.6749392351735],[-8.58504483111497,38.67455839518],[-8.58485557024396,38.6744965238925],[-8.58490391864822,38.6742619754565],[-8.58510149738349,38.6739877899534],[-8.58551596923793,38.6738690025905],[-8.58641307100241,38.6739045805499],[-8.58716135783157,38.674044890285],[-8.58705334959195,38.6741766066656]]]}},{"type":"Feature","id":"CRUS_Montijo_V.36443","properties":{"AREA_HA":3.11481486399749,"Autor":"DGT","Categoria_2021":"Espaço Florestal","Classe_2021":"Solo Rústico","DTCC":"1507","Data_Pub_Origem":"1997-02-01T00:00:00","Designacao_no_plano":"Espaço florestal - Área de mata e de protecção","Escala_origem":"1/25000","Fonte":"AML - Vectorial","ID1":36443,"Municipio":"MONTIJO"},"geometry":{"type":"Polygon","coordinates":[[[-8.58465476188838,38.6760908540484],[-8.5836295714078,38.6766421686873],[-8.5834826420555,38.6770174014373],[-8.58147468855874,38.6777422187328],[-8.58133922567917,38.6775624156174],[-8.58143557716902,38.676804353872],[-8.58204186890511,38.6767690798801],[-8.58250279714318,38.6765806293832],[-8.5828466170007,38.6761400692717],[-8.58363704536631,38.6755330603149],[-8.58401187170059,38.6754327842895],[-8.58479733863135,38.6755896840493],[-8.58487919363165,38.6756096453421],[-8.58494689645845,38.6756421421017],[-8.58480822641395,38.6760836701671],[-8.58471601818048,38.676072488552],[-8.58465476188838,38.6760908540484]]]}},{"type":"Feature","id":"CRUS_Montijo_V.36444","properties":{"AREA_HA":14.5319801709284,"Autor":"DGT","Categoria_2021":"Espaço Agrícola","Classe_2021":"Solo Rústico","DTCC":"1507","Data_Pub_Origem":"1997-02-01T00:00:00","Designacao_no_plano":"Espaço agrícola - Área agrícola da RAN","Escala_origem":"1/25000","Fonte":"AML - Vectorial","ID1":36444,"Municipio":"MONTIJO"},"geometry":{"type":"Polygon","coordinates":[[[-8.58810348267358,38.6709798566369],[-8.58833369258071,38.6711074592231],[-8.58852807398331,38.6712532001434],[-8.58853947015244,38.6732912701227],[-8.58779212429472,38.6739374007324],[-8.5875710072236,38.6741285681239],[-8.58734545313201,38.6742655148925],[-8.58723338866048,38.6743756158123],[-8.58666195341575,38.6747438027191],[-8.58612950757223,38.6755166063272],[-8.5858055505356,38.6767187903966],[-8.58578840014203,38.6776240285028],[-8.58592122464282,38.6787415367714],[-8.58712900818589,38.6798935649597],[-8.58740498770522,38.680143564903],[-8.58744156444138,38.6805020980939],[-8.58740851152255,38.6806994958099],[-8.58714611148334,38.6807901840521],[-8.5862360328767,38.6797087317903],[-8.58588052836446,38.6795397412903],[-8.58573258601181,38.6796479176119],[-8.58576020033102,38.6804010328565],[-8.58638486163547,38.6814415567417],[-8.58655284516767,38.681559816284],[-8.58684519288967,38.6817149383815],[-8.58725552907631,38.6824389979845],[-8.58713104281445,38.6829868066744],[-8.58692287922818,38.6831791825674],[-8.58663162793356,38.6831073406955],[-8.58635802985269,38.6821505812659],[-8.58598396621577,38.6818601265074],[-8.58561181850389,38.6818706958672],[-8.58431641525769,38.6830433448832],[-8.5836777986327,38.6832282550545],[-8.58360611333237,38.68292749851],[-8.58509127433838,38.6814902843538],[-8.58505648952594,38.6813377724096],[-8.58484246461421,38.6813096001327],[-8.58483998243381,38.6812474721702],[-8.58482401471425,38.6811883852089],[-8.58473188049931,38.6792879409698],[-8.58501776013388,38.6774752567535],[-8.58457894819234,38.6774055029939],[-8.58440038116774,38.6773822240595],[-8.58480822641395,38.6760836701671],[-8.58494689645845,38.6756421421017],[-8.58510868000925,38.6751270149634],[-8.58485557024396,38.6744965238925],[-8.58504483111497,38.67455839518],[-8.58595436339479,38.6749392351735],[-8.58705334959195,38.6741766066656],[-8.58716135783157,38.674044890285],[-8.58641307100241,38.6739045805499],[-8.58637768241285,38.6737603920092],[-8.58729710608193,38.6730023862174],[-8.58755223867719,38.6726342301419],[-8.58775985801556,38.6721561167746],[-8.58766158891813,38.6714221756913],[-8.58787001817862,38.6710725599432],[-8.58810348267358,38.6709798566369]]]}},{"type":"Feature","id":"CRUS_Montijo_V.36445","properties":{"AREA_HA":4078.48855557138,"Autor":"DGT","Categoria_2021":"Espaço Florestal","Classe_2021":"Solo Rústico","DTCC":"1507","Data_Pub_Origem":"1997-02-01T00:00:00","Designacao_no_plano":"Espaço florestal - Área de floresta de produção","Escala_origem":"1/25000","Fonte":"AML - Vectorial","ID1":36445,"Municipio":"MONTIJO"},"geometry":{"type":"Polygon","coordinates":[[[-8.58509127433838,38.6814902843538],[-8.58360611333237,38.68292749851],[-8.5836777986327,38.6832282550545],[-8.58431641525769,38.6830433448832],[-8.58561181850389,38.6818706958672],[-8.58554011619328,38.6833668691668],[-8.58511243150468,38.6838062402711],[-8.58646862953163,38.6848587627074],[-8.58734347968608,38.6852201154671],[-8.58647857261586,38.686613862828],[-8.58620266487014,38.6870584576904],[-8.5786601137247,38.6869952613283],[-8.5781635558026,38.6876177253211],[-8.577649584909,38.6874729252503],[-8.57718589470248,38.6877667256595],[-8.57814698696276,38.6888581861147],[-8.57874993100466,38.6883364499314],[-8.57922980732652,38.688772660801],[-8.57986593729775,38.6900022459355],[-8.5800132500302,38.6912290616385],[-8.57969448243415,38.6923710405517],[-8.57978664787389,38.69408638758],[-8.58054102193167,38.6956029080211],[-8.5814693618123,38.6970138832548],[-8.58274424722207,38.6983650431664],[-8.58370614069541,38.6995477140181],[-8.58580857612683,38.701240586358],[-8.58709318473162,38.7037361263632],[-8.58755477172208,38.7049343303266],[-8.58751729430963,38.7063672557435],[-8.58776737748371,38.7072515129969],[-8.58845845543678,38.7082826910021],[-8.58986399834728,38.7096278453855],[-8.5964008723885,38.7092826541431],[-8.60048523726476,38.7097135276247],[-8.60227548553544,38.710025756796],[-8.60406002337197,38.710538743974],[-8.60709061385312,38.7116270091261],[-8.61170031785382,38.7139854372295],[-8.61360370652894,38.714835457411],[-8.61702914844646,38.7158388626746],[-8.61638941382406,38.7163040964201],[-8.61546637597472,38.716647097113],[-8.61526049843769,38.7169924879674],[-8.61380252819955,38.7169132085726],[-8.61211028021775,38.7163942810712],[-8.61109483410449,38.7167611289258],[-8.61144546708034,38.7173037152413],[-8.61161359398241,38.7182278630605],[-8.61201111368084,38.7188609295387],[-8.61231865201132,38.7198751698511],[-8.6135666464399,38.7196833260468],[-8.61288611314748,38.7216990100754],[-8.61189544036911,38.7223196369074],[-8.61083879565719,38.7234592525297],[-8.61005509286434,38.7238976836118],[-8.60938549024471,38.7240998943061],[-8.60903761252054,38.7239743731397],[-8.60878107202118,38.7236671379643],[-8.6080754555159,38.7219291463974],[-8.60770493651017,38.7218762555161],[-8.60743032158482,38.7223307204117],[-8.60741091269244,38.7228929550009],[-8.60826376497332,38.7258997351801],[-8.6082347539911,38.7262169637186],[-8.60521972772744,38.7266866896104],[-8.60420308538831,38.7269447552423],[-8.60380952935678,38.726928202573],[-8.60290895328813,38.7272402057863],[-8.60247766731125,38.728529847874],[-8.60229382153559,38.7287301252835],[-8.60087622104031,38.7278469794669],[-8.59873648396074,38.7262411317941],[-8.59741249604593,38.7255026885174],[-8.5981940484734,38.7246832930523],[-8.5990314420445,38.7253329705],[-8.59968051107767,38.7254936369543],[-8.60027548371068,38.7244573036308],[-8.60014225539996,38.7242619211546],[-8.59791431850055,38.7233094303148],[-8.59765986647313,38.7233285857733],[-8.59741118101458,38.7242365511769],[-8.5959929091159,38.7232263793073],[-8.59566903860306,38.7232457980427],[-8.59416816932862,38.7237777931571],[-8.59382056503515,38.7237066066575],[-8.58780636009551,38.7205376527876],[-8.58669081796837,38.7234443266255],[-8.58610329322275,38.7256869645819],[-8.58587473272747,38.7261413445637],[-8.58534747365619,38.7265802265666],[-8.58513816169433,38.7267790794154],[-8.58520885463381,38.7269783429894],[-8.58569704187903,38.7273210964497],[-8.58806539210436,38.7285218664409],[-8.59169053025608,38.7307932482555],[-8.59500166683699,38.7324284683207],[-8.59778923272806,38.7339765391379],[-8.59792927738955,38.7341572767002],[-8.59885512072691,38.7341535819563],[-8.59968671738148,38.7338964384715],[-8.60537459761077,38.7329670641946],[-8.60685362782431,38.7326165986515],[-8.60798407157573,38.7325634649322],[-8.60793923854181,38.7327812547639],[-8.60866677430149,38.7343196801777],[-8.60926033373232,38.7365840085839],[-8.61028519091706,38.7375863758811],[-8.61038718826546,38.739000415035],[-8.61076433653762,38.7400325039663],[-8.61062706550724,38.7402688144933],[-8.61012014516673,38.7405972947661],[-8.6100302411242,38.7409966179689],[-8.61026685391822,38.741775411099],[-8.61092312092526,38.7430168106626],[-8.61095074473774,38.7436876493505],[-8.61163811864977,38.7461147847297],[-8.61195727341581,38.7488445475845],[-8.61174969799547,38.7489542071338],[-8.61168779116235,38.750078767903],[-8.61132330876606,38.7509506877799],[-8.61049641190555,38.7518970423353],[-8.6083974418481,38.7529864946099],[-8.60821565591077,38.7534949895279],[-8.60818563408237,38.7559431953736],[-8.60836711023361,38.7568766675039],[-8.60839012839221,38.757028622771],[-8.60840709006452,38.7571405915548],[-8.60840148936832,38.7572310912891],[-8.60763081222784,38.7570435768656],[-8.60620221874536,38.7562479655835],[-8.60408956484077,38.7559935547215],[-8.60386876955679,38.7559284709253],[-8.60394627096648,38.7557793212267],[-8.60397058165869,38.7557866468425],[-8.604026897347,38.7556241550089],[-8.60417167084353,38.7552064225986],[-8.60413393285491,38.7546628163353],[-8.60435454381275,38.7535892618952],[-8.60455621083891,38.7530979170703],[-8.60457444757395,38.7524111008075],[-8.60397036015873,38.7505673614577],[-8.60373444399398,38.7493152030091],[-8.60279308822744,38.7481060528348],[-8.60210636313679,38.7454545726405],[-8.6020111003921,38.7448128020514],[-8.60213988516557,38.7436224888844],[-8.60202407429778,38.74331971799],[-8.60242269742118,38.741623554321],[-8.60178323890316,38.7395703264113],[-8.6016866447134,38.7387234288896],[-8.60114396324569,38.7375394146239],[-8.60030862935964,38.7365028157121],[-8.59785738044351,38.7346679668056],[-8.59695740251717,38.7345110357319],[-8.59618001203321,38.7339523220981],[-8.59550802976479,38.7338569008276],[-8.59570434946119,38.7343019917595],[-8.59666601307979,38.7351988310955],[-8.59729295133879,38.7353657695478],[-8.59888083474775,38.7363136031357],[-8.59997864118623,38.7380097287574],[-8.60055530210474,38.7391845143355],[-8.6009679980918,38.739646564724],[-8.60043528390838,38.741717553399],[-8.60088853206919,38.7448974102461],[-8.6006641925776,38.7453976869569],[-8.60071123441813,38.7456293460683],[-8.60170433812418,38.7478190516767],[-8.60246038703333,38.748565071487],[-8.60264623468211,38.7491350425191],[-8.60274607714366,38.7504722475535],[-8.60309067525889,38.7509523998435],[-8.60323206043501,38.7516830632584],[-8.6036009697779,38.7523949631324],[-8.60362659859867,38.752831765726],[-8.6033330314297,38.7531896485528],[-8.60333877869892,38.7540635268798],[-8.60309258872585,38.7547065732525],[-8.60261504993797,38.7553782141144],[-8.60255873171937,38.7554487536686],[-8.60251481531848,38.7555293567455],[-8.5997312990971,38.7547087763607],[-8.59931388718501,38.754460002369],[-8.59865799399856,38.7544250574077],[-8.59851914995044,38.7542664837077],[-8.5976525209067,38.7528430827048],[-8.59695288709404,38.7522101201057],[-8.5969977245457,38.7519738054854],[-8.59671374562044,38.7510848913332],[-8.59617395271964,38.7500698437509],[-8.59633223585968,38.7494516355745],[-8.5961446566365,38.74912542614],[-8.59526232542718,38.7489109602795],[-8.59425739818825,38.7476616108515],[-8.59267450747712,38.7466506675412],[-8.59193059390499,38.7463266333988],[-8.59121552940593,38.7463877003606],[-8.59083631456052,38.7450822715647],[-8.59025432631419,38.7446852206032],[-8.59002267429486,38.7447042802836],[-8.58937694337732,38.7452150584185],[-8.58937856520701,38.7454691683373],[-8.58987167109508,38.7464655769059],[-8.58922269317173,38.7464681181644],[-8.58858720562748,38.7467701003726],[-8.58638517065576,38.7458186989931],[-8.58442955632477,38.7445907464535],[-8.58426471693867,38.7441916534048],[-8.58435185089731,38.7433010009205],[-8.58418816039335,38.7430836035967],[-8.58391037624763,38.7431573551261],[-8.5834959822177,38.7436313636366],[-8.58319419481585,38.743578021643],[-8.58174790041359,38.7422027032644],[-8.58132506949545,38.7413321825332],[-8.58132097043821,38.7406780899976],[-8.58177700478094,38.7394497588666],[-8.5821900289283,38.7387577213408],[-8.58211887289441,38.7385036186373],[-8.58171818767552,38.7380839725597],[-8.58155266361226,38.7375582077338],[-8.58106337280773,38.7371426024137],[-8.58136293377881,38.7368691834697],[-8.58110335495908,38.7361259653277],[-8.58094032901389,38.7359995243882],[-8.58031779658097,38.736510164338],[-8.58027383145819,38.7368915165632],[-8.58011251841428,38.7370373449487],[-8.58060521025108,38.7379974933933],[-8.58095499051406,38.738341031643],[-8.58094026028933,38.7391259211808],[-8.58020591288818,38.7403461103359],[-8.58020920749631,38.7408730135705],[-8.58039874998378,38.7415191163949],[-8.58131066199608,38.7427329842619],[-8.58355129608555,38.7450500746717],[-8.58527559422034,38.7463697842292],[-8.58581088162207,38.7466765915052],[-8.58648369582774,38.7467284846476],[-8.5872274631492,38.7469981362228],[-8.58800072431235,38.7474893823731],[-8.58860452402551,38.7476685367599],[-8.59059658127686,38.7474610744135],[-8.59081491585788,38.7471697901889],[-8.59179408333611,38.7474604767023],[-8.59361181170318,38.7488516152228],[-8.59429272200408,38.7501564269261],[-8.59429588467467,38.7506467284696],[-8.59411260000417,38.7509924958411],[-8.59369505606834,38.7509759860629],[-8.59318359496531,38.750778243501],[-8.5920005646375,38.7507284256014],[-8.59086554378142,38.7509326489375],[-8.59059005987671,38.751369564215],[-8.58943761805535,38.7524818214776],[-8.58953362816125,38.7529899198935],[-8.58944295035171,38.7533171579502],[-8.58907294654934,38.7534820371044],[-8.58867801484887,38.7533746297761],[-8.58818881555563,38.7530314973882],[-8.58728391645784,38.7529623856983],[-8.58640359072535,38.7531110932082],[-8.58553926468669,38.7536035486787],[-8.58548424124118,38.752165491185],[-8.5852305595106,38.751986693127],[-8.58447461989141,38.752259294738],[-8.5840565542105,38.7513967753581],[-8.58349730173371,38.7509990810286],[-8.58305714216974,38.7510916622522],[-8.58222626982418,38.7517673402188],[-8.58007379947125,38.7530029616729],[-8.5799229850197,38.7530583190692],[-8.57964863217986,38.7526586603647],[-8.57959192453666,38.7525551183672],[-8.5796478887492,38.7525397025593],[-8.57978631650991,38.7524869772664],[-8.58013680192235,38.751499428712],[-8.58008518447543,38.750664026902],[-8.57977544688794,38.7493573143132],[-8.57840821937092,38.7458566449696],[-8.57787386260414,38.741989481543],[-8.57766205793871,38.7414998208739],[-8.57743035272581,38.741537033228],[-8.57720326125447,38.742319010382],[-8.57707368718409,38.7438635505787],[-8.57684275179952,38.7440279161374],[-8.57588986077764,38.7437227347353],[-8.57579988651633,38.7441772066408],[-8.57829857561434,38.7468743204608],[-8.57858065897366,38.7474726995864],[-8.57892686205357,38.7515089086067],[-8.57892258945603,38.7516283620984],[-8.57892871834346,38.7517180213375],[-8.57876240867853,38.7515851468106],[-8.57535287044948,38.7510346345494],[-8.57408759372649,38.7507138510156],[-8.57295241109687,38.7507431831071],[-8.57300933647618,38.7506476399826],[-8.5737558768662,38.7501725308662],[-8.57400895311811,38.7498261977378],[-8.57395941138803,38.7493174054552],[-8.57372449654053,38.7488456704199],[-8.57314159128482,38.7483752399515],[-8.57172363078275,38.7479261382651],[-8.57030290842001,38.7470225842967],[-8.56960559229981,38.7468070593978],[-8.56865465917009,38.7468469729497],[-8.56830588777462,38.746721028197],[-8.56816337745862,38.7461762234359],[-8.56874685948964,38.742941959156],[-8.56874287313594,38.7422875684293],[-8.56850823675538,38.7418521778588],[-8.56785716693802,38.7412201725299],[-8.56757895254746,38.7412323075479],[-8.56727387025299,38.7415950440062],[-8.56739989405821,38.7422896062769],[-8.5673013900753,38.7428824669701],[-8.56680879601431,38.7439115118309],[-8.56641712169879,38.7443674865186],[-8.5665220984812,38.7463760545798],[-8.5662923304469,38.7467496150186],[-8.56570920332974,38.7471270451205],[-8.56560716094022,38.7472143723755],[-8.56336186797394,38.7461082080257],[-8.56334413572023,38.7458893857126],[-8.56303859713848,38.7450256988929],[-8.56203519499699,38.7441025423215],[-8.55882158966534,38.7441664059983],[-8.55869791742558,38.7442845695844],[-8.55847362010672,38.7442102548632],[-8.55855449803745,38.744105316212],[-8.55885277276922,38.743559917963],[-8.55937832432114,38.7431627248047],[-8.56036396315241,38.7420914230366],[-8.56118536605433,38.739756601494],[-8.56180423922573,38.7384814844635],[-8.56307270401728,38.737191195878],[-8.56314078892423,38.7369363773355],[-8.56289240044259,38.7361463080214],[-8.56313313603004,38.7356635620627],[-8.56233530994635,38.732244331578],[-8.56225771423752,38.7309135354171],[-8.5628395105695,38.7292748842444],[-8.56314112512656,38.729273771603],[-8.56364211290468,38.7296355952729],[-8.56415138006376,38.7294427881398],[-8.56351676162684,38.7280813694596],[-8.56229395559517,38.7272858006527],[-8.5625111116704,38.7267449061634],[-8.56282326889388,38.7265710177377],[-8.5631707132338,38.7264788185329],[-8.56392498163924,38.7265214884119],[-8.5640860602157,38.7263026910514],[-8.56384913708881,38.7254853115337],[-8.56356975853949,38.7253226944585],[-8.56314025147713,38.7252697263682],[-8.56289523491043,38.7250342496969],[-8.56358593436306,38.7241543084278],[-8.5638232884893,38.7231169748028],[-8.56356394075464,38.7224269607663],[-8.56293190878485,38.7214837443666],[-8.56115877726051,38.7198046167419],[-8.56096498884244,38.718432473244],[-8.56096085779072,38.7177415158801],[-8.56117759301859,38.7171315682045],[-8.56145327656739,38.7166850621353],[-8.5615774094747,38.7161090450758],[-8.56214071050575,38.7152705298285],[-8.56215741503031,38.7141885460802],[-8.56267441183151,38.7133683862692],[-8.56251736568262,38.7123234161144],[-8.56277736208741,38.7111986834788],[-8.56290329290397,38.7109254639723],[-8.56394245423916,38.7101579255882],[-8.56391729525684,38.7098307100355],[-8.56369520235586,38.7095405965239],[-8.56332325953309,38.7094165046487],[-8.56275528113476,38.7094640535389],[-8.56205863611615,38.7093302450183],[-8.56185979511712,38.7090491318962],[-8.56169156352354,38.7080678343945],[-8.56086857764373,38.7060141683306],[-8.56062676584009,38.7043603521912],[-8.56031242041457,38.70415239024],[-8.55995331871201,38.7042173478478],[-8.55920595225917,38.7052929159529],[-8.55916324624943,38.7059113056164],[-8.56062775434166,38.7082434790004],[-8.56059749375344,38.7091539278479],[-8.56075097491475,38.7096079573525],[-8.5614515251812,38.7103963668834],[-8.56103626241588,38.7107706543311],[-8.5609107478496,38.7111166011809],[-8.56145045659043,38.7140930655814],[-8.56099279258211,38.7151403033529],[-8.560442056962,38.7161424162081],[-8.56009487646665,38.7162709713531],[-8.55895882245687,38.7163705665776],[-8.55813870852074,38.7169372474336],[-8.55715145756253,38.7167044621862],[-8.55679207432337,38.7167330362458],[-8.55626225559914,38.7173622995426],[-8.5565193083089,38.7176795759354],[-8.55843373733792,38.7177907934887],[-8.55909588221589,38.7179611238074],[-8.55929429402165,38.7181695119679],[-8.55933395960556,38.7189876229515],[-8.55964118873025,38.7199356515647],[-8.56104070182865,38.7212124602362],[-8.5618395567819,38.7229005887884],[-8.56241155211717,38.7235030684159],[-8.56215701449699,38.723613110982],[-8.56184301556978,38.7234778843416],[-8.56110425503365,38.724080651975],[-8.56060564261539,38.7241097572997],[-8.56031646648762,38.7242471991067],[-8.56055752757098,38.7257646317396],[-8.55985493936438,38.726603647463],[-8.55952223012749,38.7272239787118],[-8.55955839360622,38.7274511378803],[-8.56025883507262,38.7281940972603],[-8.56044693622679,38.7286116243387],[-8.55908157368215,38.7330924544361],[-8.55908363126878,38.7334379323034],[-8.55918939663322,38.7336648368111],[-8.56020013876082,38.7339066160581],[-8.56043395340348,38.7342057902216],[-8.56057925331205,38.7352235346495],[-8.56043136670745,38.7357150234417],[-8.56018942966447,38.7359977531746],[-8.55972558980644,38.7360358169989],[-8.55813231092727,38.7353870319258],[-8.55777067557372,38.7350519626653],[-8.55733631428997,38.7341898268793],[-8.55675685493824,38.7342919416113],[-8.55549905031303,38.7354329775685],[-8.55574546356805,38.7359048532095],[-8.5561639748474,38.7360487969618],[-8.5575445312646,38.7360437784386],[-8.55828846055619,38.7362828968692],[-8.55882396300853,38.7365900620829],[-8.55917465703122,38.737034273114],[-8.55937530118742,38.7376063156854],[-8.5587707022685,38.7393359583962],[-8.55834533587353,38.739994808674],[-8.55795978357807,38.7414963473243],[-8.55694678223037,38.7423340158208],[-8.55642921142182,38.7432293394679],[-8.55619727864289,38.7432483682761],[-8.55594652332362,38.7420491754413],[-8.55479500346364,38.7415623917643],[-8.55419884406912,38.740809934926],[-8.55308530859431,38.7401874534088],[-8.55257439978605,38.740116561764],[-8.5517105816934,38.7392195847264],[-8.55126886233318,38.7390757081454],[-8.54964439072085,38.7390451499992],[-8.5495385934562,38.7388091479551],[-8.55028779026969,38.7377663297812],[-8.54932982317168,38.734239379186],[-8.54939582509726,38.7336209039383],[-8.55055103745339,38.7327803408875],[-8.55115375329585,38.7326872629242],[-8.55213625228124,38.7320745844452],[-8.55218057851856,38.731719850861],[-8.55172416111154,38.7310396086448],[-8.55148459704744,38.7297494453985],[-8.55130963689064,38.7295864236002],[-8.55104330851577,38.7296691994203],[-8.55085956039448,38.7299880670103],[-8.55092287659729,38.7308970128854],[-8.54958335796988,38.7319564491107],[-8.5490371189036,38.731785661342],[-8.54784957699407,38.7310534577355],[-8.54700987038066,38.7302836425128],[-8.54617847144839,38.7285436874653],[-8.54582968252024,38.7284085408259],[-8.54540225385031,38.7287191734422],[-8.54493183316376,38.7296209201524],[-8.54402831254415,38.7298513994393],[-8.54382097169347,38.7301066974795],[-8.54414714391311,38.7303419377198],[-8.544552689049,38.7302586778248],[-8.54512257270672,38.7305112411654],[-8.54550857985548,38.7310644658387],[-8.54595061736083,38.7312720138344],[-8.54756494117008,38.7315844948144],[-8.54794976012128,38.7319286110087],[-8.54817246172691,38.7323223796038],[-8.54834084430458,38.7333491471614],[-8.54828531624299,38.7337766496137],[-8.54781416218781,38.73455112693],[-8.54894681748903,38.7362081377566],[-8.54903311279132,38.7370806362579],[-8.54892428003302,38.7383175031228],[-8.54718208659599,38.7399929284185],[-8.54622145795802,38.7404375683054],[-8.546124339864,38.7405230533529],[-8.54355986269846,38.7394301593663],[-8.54232726505996,38.7391715277007],[-8.54224264551342,38.7389627538509],[-8.54139854295426,38.7374450769912],[-8.54036170648365,38.7363714506679],[-8.5402528539081,38.7355986807532],[-8.53917853493972,38.7344563529562],[-8.53874523359238,38.7337756645966],[-8.53823244243092,38.7334045247629],[-8.5377440607236,38.7332424909428],[-8.53618959816753,38.7333843121902],[-8.53480231425403,38.7331289219062],[-8.53273573594162,38.7330132273469],[-8.53172414226865,38.7326846912242],[-8.52792590162743,38.7294166988445],[-8.52759784142878,38.7288538688319],[-8.52753947846016,38.7266892426085],[-8.52727894969766,38.7261455780632],[-8.52709542769,38.7260636299417],[-8.52689896235125,38.7262188632374],[-8.52643984095067,38.7271569271517],[-8.52596404904323,38.7271767097991],[-8.52512595831029,38.7267431007617],[-8.52491871997776,38.7270529355241],[-8.52562008695788,38.7279507146954],[-8.52912145016068,38.7314120963289],[-8.52930903061838,38.7317480537073],[-8.52921758885053,38.7320030843766],[-8.52895155773389,38.732176835044],[-8.52856840712865,38.7321599479422],[-8.52603166147299,38.7310313692292],[-8.52553262506231,38.7310512471939],[-8.52465229899505,38.7313908026226],[-8.52364580694336,38.7320127884041],[-8.52244925369624,38.7335496732281],[-8.5208433653657,38.7344672625378],[-8.52075000066624,38.7345995491928],[-8.51855854262275,38.7343814174192],[-8.51761388556898,38.7341215712965],[-8.51730885371516,38.7338846561909],[-8.5160487742863,38.7329371149457],[-8.51462006925006,38.731839845797],[-8.51421566571847,38.7309520917425],[-8.5139162499011,38.7302643475535],[-8.51367372396614,38.7297517290015],[-8.51383157670873,38.7297071941417],[-8.51446085536995,38.7296397117571],[-8.51477390746826,38.7295294999818],[-8.51484267350557,38.7293563923918],[-8.51471378270604,38.7291475399531],[-8.51437609537182,38.728993958626],[-8.51352473359309,38.7290352137774],[-8.51336605939261,38.7290139221989],[-8.51299558893407,38.728489196887],[-8.51303920454683,38.7283315119841],[-8.51312819529047,38.7280553316722],[-8.51363715085082,38.7276531189127],[-8.51501509000853,38.7268383913593],[-8.51519947169271,38.7265646812905],[-8.51515170160495,38.7263190433172],[-8.51457034706305,38.726211707168],[-8.51302738388134,38.7265717814278],[-8.51217786443006,38.7262741285001],[-8.51164123599258,38.7258389006484],[-8.51131578309628,38.7253611256481],[-8.51099663499959,38.724315252865],[-8.51071696271825,38.7241431858415],[-8.51005432258052,38.7240360905555],[-8.50931108178495,38.7241114575695],[-8.50917593806085,38.7241250649439],[-8.50891050942906,38.7238066042736],[-8.5089523781691,38.7236938022116],[-8.50915375471654,38.7229968751667],[-8.50945186793936,38.7216838606265],[-8.50940211179454,38.7210586179786],[-8.50866014296773,38.7191082876982],[-8.50912607141265,38.7189667369685],[-8.50916001257227,38.7187936362963],[-8.50885531388874,38.7182847440597],[-8.50885225259192,38.7177020484453],[-8.50860358908309,38.7171839582005],[-8.50927318102458,38.7164171033083],[-8.51015323652211,38.7159226714808],[-8.51107743142553,38.7149911076769],[-8.5112341480543,38.7138799661927],[-8.51176278232449,38.7128222332998],[-8.51189982473734,38.711732881921],[-8.51246692934167,38.7115281391889],[-8.51976473448899,38.7088703506194],[-8.51998721277449,38.7092752826847],[-8.52145261982318,38.7093250711529],[-8.52163766808871,38.7091422385297],[-8.5216591447661,38.7088141738577],[-8.52225814401473,38.7077735259422],[-8.52419693942642,38.7050884287104],[-8.52317166254644,38.7047092000536],[-8.52257891459515,38.7050132501676],[-8.52294494977775,38.7044538945419],[-8.53114122202978,38.6921743126305],[-8.53165322317911,38.6918045198117],[-8.5398622046028,38.6890070795002],[-8.54007760276534,38.6886810004738],[-8.54066436811661,38.6857521163838],[-8.54102033526436,38.6854704585457],[-8.54409503717573,38.6846375993718],[-8.54539129518687,38.6846505542371],[-8.54628600809353,38.6847875893569],[-8.54735746706594,38.6845734758991],[-8.55112006881095,38.6830714767011],[-8.55139843555101,38.6829247091021],[-8.55119223583181,38.6831372478693],[-8.5506094083294,38.6848800272191],[-8.55090239192125,38.6852754258292],[-8.5512515781395,38.6853379693467],[-8.55302879186248,38.6850308299943],[-8.55334277839606,38.6850388148617],[-8.55383272863818,38.6853104535592],[-8.55420475047711,38.6853000037559],[-8.5545298217403,38.6852168015999],[-8.5563477687305,38.6839343180669],[-8.55676575365439,38.6838325489464],[-8.55734313858251,38.6839417728149],[-8.55802886404352,38.6838936866403],[-8.56158247685221,38.683169467345],[-8.56594544101721,38.6824694973137],[-8.56620046388754,38.68234089639],[-8.56634716564438,38.6816054335746],[-8.56696732701065,38.6803357139765],[-8.56726974553701,38.6803609460852],[-8.56752682886249,38.6805605452821],[-8.56767114025523,38.6813440026374],[-8.56858514447217,38.6824710123903],[-8.56984297418815,38.6827580278377],[-8.57067411071248,38.6817338883427],[-8.57060232751306,38.6814059742211],[-8.57022727822751,38.6809333378175],[-8.57017775622445,38.6804412479155],[-8.56975397420609,38.6796041431786],[-8.57257785155952,38.679912163459],[-8.57307357593663,38.6798770819828],[-8.57221584382053,38.6827992760402],[-8.57460732444663,38.6845342630743],[-8.57562255115004,38.6850776586741],[-8.57612555407083,38.6836620346983],[-8.57706812847845,38.6837405330412],[-8.57715845807881,38.6833023951501],[-8.57806635221311,38.6834174993681],[-8.57842167539703,38.6825770383382],[-8.57905947638287,38.6826475671619],[-8.57989758686715,38.6827283156219],[-8.58010706046949,38.6827485015537],[-8.57899807171695,38.6839645353743],[-8.58150057079752,38.6842102314599],[-8.58212224786623,38.6831775563448],[-8.58073571072595,38.6828090670274],[-8.58211687309741,38.6811128014342],[-8.58222205004348,38.680964630033],[-8.58484246461421,38.6813096001327],[-8.58505648952594,38.6813377724096],[-8.58509127433838,38.6814902843538]],[[-8.59815436033735,38.7498773332118],[-8.59769500113159,38.7516140787447],[-8.59855716740794,38.751799420198],[-8.59906441725444,38.7503681046118],[-8.60012143937936,38.7505077056033],[-8.60011809194197,38.7499953352513],[-8.59815436033735,38.7498773332118]],[[-8.58275685756924,38.7083687698837],[-8.58190379178425,38.708916197565],[-8.58188154834804,38.7090613851864],[-8.58246493437004,38.7098027991678],[-8.58251316637097,38.7101109597397],[-8.58221712428416,38.7108920273053],[-8.58228792939997,38.7111094081723],[-8.58313903811567,38.7111650838632],[-8.58327206243711,38.7111509686114],[-8.58353809935962,38.7111227277901],[-8.58367470790869,38.710759436522],[-8.58366991373108,38.7099976609787],[-8.58322609764005,38.7093645495299],[-8.58289609831045,38.7084226507424],[-8.58275685756924,38.7083687698837]],[[-8.5472682117805,38.6852630850406],[-8.54665279053063,38.6853928421824],[-8.54621322953529,38.6857771094046],[-8.54649139935817,38.68764414488],[-8.54809546894132,38.68758377702],[-8.54830653087282,38.6858881406046],[-8.5475968942638,38.6858086553953],[-8.5472682117805,38.6852630850406]],[[-8.51891584105832,38.7128198651012],[-8.51855615088573,38.7129485734765],[-8.51842935872556,38.7131493678042],[-8.51810920285589,38.714143233239],[-8.51716604321061,38.7160317522513],[-8.51783261732715,38.7167582172263],[-8.51817011009702,38.7168208623003],[-8.5190762934403,38.7158860159315],[-8.51938470732582,38.7156874199453],[-8.51947648285175,38.715459409661],[-8.51920570332312,38.7148318317442],[-8.51939463046381,38.7132190398586],[-8.51923026589087,38.7129190113668],[-8.51891584105832,38.7128198651012]],[[-8.56876980672513,38.6955221530121],[-8.56769200965548,38.6960168003202],[-8.56695170921734,38.6958857508477],[-8.56610075143577,38.6962680368379],[-8.56604939304159,38.6971825755511],[-8.56622126586437,38.6973826554152],[-8.56690522394071,38.6976031263123],[-8.5673342915424,38.6980029484114],[-8.56898532167707,38.6982198021838],[-8.56960766154869,38.6976599458462],[-8.56966278204934,38.697369823175],[-8.56891500041372,38.6960122363449],[-8.56899896575055,38.6957889091472],[-8.56876980672513,38.6955221530121]],[[-8.53331468299924,38.726923223769],[-8.53299070502477,38.7270879487378],[-8.53253174380939,38.7280166582896],[-8.53209242705529,38.7283090235168],[-8.5311526640149,38.730421012364],[-8.53115650889761,38.7311118077815],[-8.53174035693881,38.7317642565988],[-8.53213225028732,38.7320148074166],[-8.53254935073474,38.7322068720491],[-8.53285681066938,38.7321177190432],[-8.53315719061892,38.7319593719701],[-8.53361596435523,38.730994305324],[-8.53391989987134,38.727248370674],[-8.53370920337077,38.7269218690162],[-8.53331468299924,38.726923223769]],[[-8.58605092681425,38.7332401626668],[-8.58549671219463,38.7336055630629],[-8.58396781113509,38.7338476032934],[-8.58320443713447,38.7341411516248],[-8.58283503060162,38.7343968558053],[-8.58237719331072,38.7353430769274],[-8.58242505847881,38.7355790016066],[-8.58268104634632,38.7357233145161],[-8.58323710867146,38.7356485190501],[-8.5849032348225,38.7350971973584],[-8.5850916199835,38.7355505350918],[-8.58490862619458,38.7359508219443],[-8.58382163013616,38.7364090962754],[-8.58350338944956,38.7374274226942],[-8.58341452238136,38.7380453016407],[-8.58355419748172,38.7381517238722],[-8.58485099956016,38.7378399563629],[-8.58568338912027,38.7374553105948],[-8.58591367413777,38.7372001382814],[-8.58611788379181,38.7364910079602],[-8.58651048651475,38.7362352035371],[-8.58695095432306,38.7362153295662],[-8.58739199939264,38.7362862614335],[-8.58753066303046,38.7362130712972],[-8.587552129379,38.7359405496163],[-8.58656543205529,38.7339283401614],[-8.58637577599385,38.7332752297043],[-8.58605092681425,38.7332401626668]],[[-8.57186979924963,38.7241408601698],[-8.57155791386727,38.7242600122678],[-8.57116791688332,38.7248604502424],[-8.57127619162123,38.7274156972412],[-8.57194359189025,38.7286202022195],[-8.57175904530821,38.7287388749573],[-8.57049592898303,38.7285802686011],[-8.5702311631391,38.7288353687481],[-8.57018772561916,38.7293074446325],[-8.56975203252467,38.7300169473559],[-8.56895881075462,38.7309637412178],[-8.56904030446414,38.7310360418502],[-8.56951401766764,38.7308618376329],[-8.57012550729446,38.7304965409431],[-8.57099402222471,38.7305023533053],[-8.57165210030658,38.730182247985],[-8.5733312993258,38.7283245608186],[-8.5741742238867,38.7279402180474],[-8.57440235752076,38.7273812251503],[-8.57444747361383,38.7271859318531],[-8.57427140350281,38.726799927488],[-8.57424466201918,38.7262192174341],[-8.57342722738622,38.7250969678031],[-8.57219438874379,38.7242031632635],[-8.57186979924963,38.7241408601698]],[[-8.59433216842908,38.7153466203539],[-8.59197292642194,38.7156279611133],[-8.5926353695233,38.7178559807194],[-8.59434127482589,38.7203518985723],[-8.59467201800753,38.7213842994622],[-8.59548104676385,38.7211997441417],[-8.59643003878104,38.7211778359685],[-8.59658761119628,38.7204880758671],[-8.59642193865357,38.7199265419909],[-8.59539755189159,38.719023848271],[-8.59571599734747,38.7181520932387],[-8.59571330168655,38.717734994417],[-8.59500400722268,38.7154346359496],[-8.59433216842908,38.7153466203539]],[[-8.57207146702543,38.7177515995496],[-8.57163163550499,38.717771396885],[-8.57020025769809,38.7184661218766],[-8.56835546785314,38.7197247276271],[-8.56833385415555,38.7199787814676],[-8.56989324532184,38.7212790736015],[-8.57033398548238,38.7214044083914],[-8.57186939571121,38.7225596434163],[-8.57334514458351,38.7215382074706],[-8.57383647351697,38.7185975549504],[-8.57311766247857,38.7184370070455],[-8.57207146702543,38.7177515995496]],[[-8.58313905014169,38.7117101707393],[-8.58295459903313,38.7118378871449],[-8.58206618507238,38.7141818126577],[-8.58202259382713,38.7146174305019],[-8.5808508823832,38.7161096965045],[-8.58081745295062,38.7163184699458],[-8.58078402337993,38.7165272514784],[-8.58000447026191,38.7177821457153],[-8.57834656843152,38.7193125325857],[-8.57814230522187,38.7199846192668],[-8.57835808104688,38.7211631207657],[-8.57770186243539,38.7229044487254],[-8.57680392115339,38.7237610748552],[-8.5761646512456,38.7252520764917],[-8.5749461956004,38.7270845219717],[-8.57506515504283,38.7274450950941],[-8.57612718993583,38.7266826867691],[-8.57700190376706,38.7258079939953],[-8.57755685835126,38.7256606612865],[-8.57745982443411,38.7249530532983],[-8.57922665664436,38.7222959232989],[-8.57935684354969,38.7208884314922],[-8.57999510225613,38.7192521872662],[-8.58151368092682,38.7176670204917],[-8.58210634712347,38.7161580084458],[-8.58253956964199,38.7158129072151],[-8.58443415362545,38.7151161405512],[-8.58586542761222,38.7144029912637],[-8.58657996320723,38.7138740544968],[-8.58731500641038,38.7129277345689],[-8.58719760824691,38.7126741827774],[-8.58694197212316,38.7125300308048],[-8.58572223918344,38.7137322397419],[-8.58424569422284,38.7146088506343],[-8.58373772093136,38.7148466820351],[-8.58343644486532,38.7148115526171],[-8.58301755631052,38.7144865906595],[-8.58296942067706,38.7141964833664],[-8.58383476419591,38.7118707733734],[-8.58353293137403,38.7117449352651],[-8.58313905014169,38.7117101707393]],[[-8.53928037015625,38.7026988782386],[-8.5388762616298,38.702901922618],[-8.53713446360535,38.7043303667993],[-8.53599622562817,38.704763559047],[-8.53510481052855,38.7044625862434],[-8.53473984594806,38.7044727800565],[-8.53408074866297,38.7054275270468],[-8.53343111792672,38.704817912333],[-8.53284839190808,38.7046589192075],[-8.53240626292743,38.7051613024638],[-8.53229607976883,38.7058593201134],[-8.53213755065789,38.7060745256347],[-8.53185224605003,38.7060576113837],[-8.53145159846108,38.7058174924908],[-8.53079299298829,38.7063742783472],[-8.53065871905672,38.7068487685662],[-8.53107395532963,38.7076612683424],[-8.53084683288216,38.7078498710975],[-8.53051611795746,38.7078778335571],[-8.53028735463904,38.7077712822381],[-8.52958754955676,38.7070760240115],[-8.52930164690194,38.7069517751687],[-8.52899440942164,38.7070959301795],[-8.52888783910165,38.708455792129],[-8.52839059862199,38.7093179124248],[-8.52872575737159,38.7100945069462],[-8.52862619302151,38.710658029916],[-8.52873163871018,38.7111582868533],[-8.52890347237532,38.7112828528823],[-8.52917704678608,38.7112372253702],[-8.52985863087442,38.7106985395447],[-8.53063428966746,38.7105188615418],[-8.53058165170638,38.7107622407849],[-8.52983696498145,38.7122448045907],[-8.52923576418898,38.7128639029713],[-8.52891635061732,38.7128649873623],[-8.52788717878875,38.7124213345607],[-8.52750879730386,38.7120738492123],[-8.52632931408884,38.7104323646575],[-8.52614684151395,38.7104419160475],[-8.52604510830428,38.7106121778692],[-8.52592261552844,38.7111581024825],[-8.5257298144982,38.7113644331828],[-8.5255018661044,38.7114009715468],[-8.52385398994069,38.7104585683013],[-8.5221416069629,38.7102317884633],[-8.52184550106604,38.7103221990219],[-8.52186908682579,38.710465205239],[-8.52436308832967,38.7117687890251],[-8.52684059215212,38.7127513179396],[-8.52771109065715,38.7133833084172],[-8.52989416743733,38.7145366879144],[-8.53023889188679,38.7149826477238],[-8.53063362631309,38.7162154077799],[-8.53128703540298,38.7167765789397],[-8.53168358724692,38.7168959765599],[-8.5319243621213,38.7171097790333],[-8.53217769157137,38.7175292201484],[-8.53340551384085,38.7187948860988],[-8.53373215521924,38.7200779720174],[-8.53462932970665,38.7213715867636],[-8.53472171605852,38.7236010697982],[-8.53419107993344,38.7246039703496],[-8.53427289483529,38.7249522736496],[-8.53449042833564,38.725067143675],[-8.53518625590022,38.7250518368952],[-8.53584465473736,38.7244504022379],[-8.53598575289902,38.7211410840203],[-8.53641162556774,38.7197777000167],[-8.53540975002915,38.7181267502046],[-8.53359504597042,38.7159671345662],[-8.53303374401797,38.7155576989016],[-8.53254239010704,38.7154162994347],[-8.53281868205857,38.7151941323206],[-8.53260999545203,38.7143120923055],[-8.5326413862609,38.7134949704386],[-8.53171826013363,38.7134605670419],[-8.53155349083855,38.7140058125842],[-8.53140486225972,38.7139625141536],[-8.5315871622384,38.7118719908007],[-8.53262231538276,38.7092983534251],[-8.53406593728626,38.7069558092195],[-8.53456457724469,38.706372819021],[-8.53586734771817,38.7068463758124],[-8.53656246303836,38.706683034348],[-8.53707723835734,38.7069137143491],[-8.53844551578011,38.7067390908523],[-8.5384894840604,38.7064438870641],[-8.5368845053399,38.7051128105782],[-8.53881694065593,38.703925655587],[-8.53958643266862,38.7028408967824],[-8.53954014740226,38.7027247992228],[-8.53928037015625,38.7026988782386]]]}},{"type":"Feature","id":"CRUS_Montijo_V.36446","properties":{"AREA_HA":4.64155182929151,"Autor":"DGT","Categoria_2021":"Espaço Agrícola","Classe_2021":"Solo Rústico","DTCC":"1507","Data_Pub_Origem":"1997-02-01T00:00:00","Designacao_no_plano":"Espaço agrícola - Área agrícola da RAN","Escala_origem":"1/25000","Fonte":"AML - Vectorial","ID1":36446,"Municipio":"MONTIJO"},"geometry":{"type":"Polygon","coordinates":[[[-8.5834826420555,38.6770174014373],[-8.58349649829534,38.6774027788133],[-8.58306389895204,38.6777092017718],[-8.58114767471639,38.6784784744195],[-8.58051827276147,38.678400222727],[-8.58015108529322,38.6781954707848],[-8.57917875461384,38.6781364430363],[-8.57771780797524,38.6785722659152],[-8.57722795133418,38.6788699317048],[-8.57629295467729,38.6801067265073],[-8.57626266432528,38.6802322613805],[-8.57573888792326,38.6801431090165],[-8.57575802775488,38.6800353950378],[-8.57575628108,38.679980006697],[-8.57574632435673,38.6796643416103],[-8.57630385658357,38.6792140529933],[-8.57706337625096,38.6781445135346],[-8.57932400469923,38.677589121536],[-8.58076625122716,38.6778256080009],[-8.58147468855874,38.6777422187328],[-8.5834826420555,38.6770174014373]]]}},{"type":"Feature","id":"CRUS_Montijo_V.36447","properties":{"AREA_HA":12.5951704788307,"Autor":"DGT","Categoria_2021":"Não Atribuída","Classe_2021":"Solo Urbano","DTCC":"1507","Data_Pub_Origem":"1997-02-01T00:00:00","Designacao_no_plano":"Espaço urbano - Área urbanizada mista habitacional e equipamento industrial","Escala_origem":"1/25000","Fonte":"AML - Vectorial","ID1":36447,"Municipio":"MONTIJO"},"geometry":{"type":"Polygon","coordinates":[[[-8.58440038116774,38.6773822240595],[-8.58457894819234,38.6774055029939],[-8.58501776013388,38.6774752567535],[-8.58473188049931,38.6792879409698],[-8.58482401471425,38.6811883852089],[-8.58483998243381,38.6812474721702],[-8.58484246461421,38.6813096001327],[-8.58222205004348,38.680964630033],[-8.58211687309741,38.6811128014342],[-8.58073571072595,38.6828090670274],[-8.58010706046949,38.6827485015537],[-8.57989758686715,38.6827283156219],[-8.57905947638287,38.6826475671619],[-8.57925316827064,38.6819992517403],[-8.58046348707966,38.6821223059296],[-8.58118258414078,38.6809853164244],[-8.58123322061131,38.6808838028527],[-8.57723304516618,38.6803538888667],[-8.57729661471875,38.6802399758382],[-8.57796352782142,38.6794721585575],[-8.57943753540524,38.6796973883125],[-8.58185514985005,38.6800667593222],[-8.58160010441412,38.6795120117794],[-8.5827036628851,38.6796079169425],[-8.58300281506857,38.6796531082857],[-8.58390219240789,38.6787187039853],[-8.58440038116774,38.6773822240595]]]}},{"type":"Feature","id":"CRUS_Montijo_V.36448","properties":{"AREA_HA":144.703961358659,"Autor":"DGT","Categoria_2021":"Espaço Agrícola","Classe_2021":"Solo Rústico","DTCC":"1507","Data_Pub_Origem":"1997-02-01T00:00:00","Designacao_no_plano":"Espaço agrícola - Área agrícola não incluído na RAN","Escala_origem":"1/25000","Fonte":"AML - Vectorial","ID1":36448,"Municipio":"MONTIJO"},"geometry":{"type":"Polygon","coordinates":[[[-8.58414634988181,38.6693591678493],[-8.58415119240685,38.670128955847],[-8.58450351448917,38.6703244123443],[-8.58464683863482,38.6703634681865],[-8.58479516993127,38.670361279388],[-8.58517665345953,38.6702753329666],[-8.58540078881502,38.6697164282404],[-8.58656878014865,38.6699127842411],[-8.58710101703269,38.6685770067153],[-8.58698507525054,38.6681992247617],[-8.58693224341274,38.6680240094144],[-8.58753662810807,38.6677417257278],[-8.58802504761881,38.6675054615986],[-8.58807793676037,38.6676385358631],[-8.58829719981789,38.667956738928],[-8.58880137545689,38.6681608951623],[-8.58950324093666,38.6682131726113],[-8.59200248471571,38.6677631595217],[-8.59421614082184,38.6679892281567],[-8.59325314448499,38.6682637791741],[-8.59257719685339,38.6685574148267],[-8.59093900858698,38.6685822135011],[-8.59080046448369,38.6688764852322],[-8.59106412335944,38.6698484271214],[-8.59099543113275,38.6700873493787],[-8.59006123341938,38.6704030981861],[-8.5889386148395,38.6705360004196],[-8.58833369258071,38.6711074592231],[-8.58810348267358,38.6709798566369],[-8.58787001817862,38.6710725599432],[-8.58766158891813,38.6714221756913],[-8.58775985801556,38.6721561167746],[-8.58755223867719,38.6726342301419],[-8.58729710608193,38.6730023862174],[-8.58637768241285,38.6737603920092],[-8.58641307100241,38.6739045805499],[-8.58551596923793,38.6738690025905],[-8.58510149738349,38.6739877899534],[-8.58495594779259,38.6739525483679],[-8.58482775296661,38.6739175899939],[-8.58374724143959,38.6737517653525],[-8.58270703558398,38.6737737146759],[-8.58057090927641,38.6740509371553],[-8.57973630812878,38.674045164008],[-8.57774554826648,38.6738017031982],[-8.57645560196355,38.6741114841756],[-8.57564824014435,38.6748139678668],[-8.57583226070058,38.6749926030045],[-8.57609515380689,38.6749826327215],[-8.57796682004285,38.6744554351936],[-8.57904145068014,38.6744513320799],[-8.58075768453563,38.6746689350335],[-8.58329400881914,38.6743991361909],[-8.58463149716623,38.674436891009],[-8.58475158105588,38.674467630848],[-8.58485557024396,38.6744965238925],[-8.58510868000925,38.6751270149634],[-8.58494689645845,38.6756421421017],[-8.58487919363165,38.6756096453421],[-8.58479733863135,38.6755896840493],[-8.58401187170059,38.6754327842895],[-8.58363704536631,38.6755330603149],[-8.5828466170007,38.6761400692717],[-8.58250279714318,38.6765806293832],[-8.58204186890511,38.6767690798801],[-8.58143557716902,38.676804353872],[-8.58133922567917,38.6775624156174],[-8.58147468855874,38.6777422187328],[-8.58076625122716,38.6778256080009],[-8.57932400469923,38.677589121536],[-8.57970825036843,38.6766796058145],[-8.57752218821134,38.6763471600514],[-8.57682602677847,38.6765650504011],[-8.57627590644647,38.676360873758],[-8.57562642906076,38.6767310329352],[-8.57568531411578,38.6770088272797],[-8.57595063212965,38.6773844762349],[-8.57693749398419,38.6779457238173],[-8.57706337625096,38.6781445135346],[-8.57630385658357,38.6792140529933],[-8.57574632435673,38.6796643416103],[-8.57575628108,38.679980006697],[-8.57575802775488,38.6800353950378],[-8.57573888792326,38.6801431090165],[-8.57626266432528,38.6802322613805],[-8.57629295467729,38.6801067265073],[-8.57722795133418,38.6788699317048],[-8.57771780797524,38.6785722659152],[-8.57917875461384,38.6781364430363],[-8.58015108529322,38.6781954707848],[-8.58051827276147,38.678400222727],[-8.58114767471639,38.6784784744195],[-8.58306389895204,38.6777092017718],[-8.58349649829534,38.6774027788133],[-8.5834826420555,38.6770174014373],[-8.5836295714078,38.6766421686873],[-8.58465476188838,38.6760908540484],[-8.58471601818048,38.676072488552],[-8.58480822641395,38.6760836701671],[-8.58440038116774,38.6773822240595],[-8.58390219240789,38.6787187039853],[-8.58300281506857,38.6796531082857],[-8.5827036628851,38.6796079169425],[-8.58160010441412,38.6795120117794],[-8.58185514985005,38.6800667593222],[-8.57943753540524,38.6796973883125],[-8.57796352782142,38.6794721585575],[-8.57729661471875,38.6802399758382],[-8.57723304516618,38.6803538888667],[-8.58123322061131,38.6808838028527],[-8.58118258414078,38.6809853164244],[-8.58046348707966,38.6821223059296],[-8.57925316827064,38.6819992517403],[-8.57905947638287,38.6826475671619],[-8.57842167539703,38.6825770383382],[-8.57806635221311,38.6834174993681],[-8.57715845807881,38.6833023951501],[-8.57706812847845,38.6837405330412],[-8.57612555407083,38.6836620346983],[-8.57562255115004,38.6850776586741],[-8.57460732444663,38.6845342630743],[-8.57221584382053,38.6827992760402],[-8.57365547339218,38.682383618439],[-8.57402547753729,38.6820312192591],[-8.57448730914952,38.6814824992914],[-8.57484422926658,38.6801350754656],[-8.57484115136867,38.6800163132285],[-8.57312046932651,38.6797689253073],[-8.57307357593663,38.6798770819828],[-8.57257785155952,38.679912163459],[-8.56975397420609,38.6796041431786],[-8.56816979589138,38.6791907083781],[-8.56739175641528,38.6793858411115],[-8.56727427844567,38.6791856855712],[-8.56717368466216,38.679010176713],[-8.56597552656859,38.6785761120662],[-8.56549541440571,38.6784021733072],[-8.56543800725393,38.6783524305907],[-8.56532202715873,38.6782556860687],[-8.56816828321696,38.6770503394293],[-8.57844535474579,38.6716357686902],[-8.57846088561353,38.6717869031849],[-8.57840737729702,38.6719870412061],[-8.57840004905802,38.6724317660715],[-8.5783943917968,38.6727750675417],[-8.57925801576346,38.6728121061406],[-8.57950366015684,38.6714047277441],[-8.57952743774516,38.6712409318687],[-8.580869701345,38.6705537974064],[-8.58069685232209,38.6704785432662],[-8.58023372658354,38.6702097334528],[-8.57999545741379,38.669549468121],[-8.57929106619205,38.6692399329445],[-8.57928775138762,38.6687073310215],[-8.58071018980527,38.667765216851],[-8.58206008648797,38.6671399544784],[-8.58207255171694,38.6675122941501],[-8.58261894187365,38.6672433599447],[-8.58383938829989,38.6688224335372],[-8.58395704413974,38.6689534593103],[-8.58348528844434,38.6692026627368],[-8.5837588335991,38.6692758655354],[-8.58414634988181,38.6693591678493]]]}},{"type":"Feature","id":"CRUS_Montijo_V.36449","properties":{"AREA_HA":28.1352292097554,"Autor":"DGT","Categoria_2021":"Espaço Florestal","Classe_2021":"Solo Rústico","DTCC":"1507","Data_Pub_Origem":"1997-02-01T00:00:00","Designacao_no_plano":"Espaço florestal - Área de floresta de produção","Escala_origem":"1/25000","Fonte":"AML - Vectorial","ID1":36449,"Municipio":"MONTIJO"},"geometry":{"type":"Polygon","coordinates":[[[-8.64909896696922,38.7656175534279],[-8.64890007028593,38.7658493433263],[-8.64849057731817,38.7665000516402],[-8.64832458750407,38.7674155159658],[-8.64836898109399,38.7687852050044],[-8.64794402981778,38.7704877126309],[-8.64755699463876,38.7710662090546],[-8.64690673565102,38.7715259954342],[-8.64620327712672,38.7729079940135],[-8.64599042061018,38.7737110253523],[-8.64601838837616,38.7744012351978],[-8.64621638799949,38.7747338295501],[-8.64686321148175,38.7750734458933],[-8.64689895182178,38.7752445294621],[-8.64624223655151,38.7767308411308],[-8.64527616757126,38.780011970309],[-8.64500354552768,38.7805088478781],[-8.6448523891127,38.7815792763033],[-8.64398956026934,38.7832233067111],[-8.64359005456161,38.7836810650152],[-8.64306436266913,38.7841970788524],[-8.64255989150385,38.784460640234],[-8.64214598494078,38.7845165234942],[-8.64196471278211,38.784436197645],[-8.64196272247353,38.7841568256132],[-8.64223403003114,38.7834707045985],[-8.64226495795161,38.782965872637],[-8.64194791095943,38.7820777051785],[-8.64240178500205,38.7811744880681],[-8.64228522864481,38.7809677161589],[-8.64231538391794,38.7803547380126],[-8.64304048629634,38.7787599463678],[-8.64292244566762,38.7775370130543],[-8.64409468214716,38.7766658750997],[-8.64450681590522,38.7762065189972],[-8.64703179002604,38.7698923918521],[-8.64772976483806,38.7676767887227],[-8.64854132954459,38.7650194229622],[-8.64886647382289,38.7651094877518],[-8.64909896696922,38.7656175534279]]]}},{"type":"Feature","id":"CRUS_Montijo_V.36450","properties":{"AREA_HA":2.97285725667626,"Autor":"DGT","Categoria_2021":"Espaço Agrícola","Classe_2021":"Solo Rústico","DTCC":"1507","Data_Pub_Origem":"1997-02-01T00:00:00","Designacao_no_plano":"Espaço agrícola - Área agrícola da RAN","Escala_origem":"1/25000","Fonte":"AML - Vectorial","ID1":36450,"Municipio":"MONTIJO"},"geometry":{"type":"Polygon","coordinates":[[[-8.59501073672679,38.764804584361],[-8.59564721711439,38.7646355840496],[-8.59652054909231,38.7645766179308],[-8.59680450189009,38.7646679738161],[-8.59680558172051,38.7648344545509],[-8.5964765576022,38.7650762311845],[-8.59588766512597,38.7653005443943],[-8.59459442565004,38.766156564642],[-8.59423961785429,38.7660654838917],[-8.59425965766055,38.7655104683286],[-8.59402232618566,38.7653264367603],[-8.59324248945546,38.7652370237969],[-8.59272133049298,38.7649801090613],[-8.59267279297572,38.7647768278172],[-8.5928135181492,38.7646282901047],[-8.59501073672679,38.764804584361]]]}},{"type":"Feature","id":"CRUS_Montijo_V.36451","properties":{"AREA_HA":5.6664431598641,"Autor":"DGT","Categoria_2021":"Espaço Agrícola","Classe_2021":"Solo Rústico","DTCC":"1507","Data_Pub_Origem":"1997-02-01T00:00:00","Designacao_no_plano":"Espaço agrícola - Área agrícola da RAN","Escala_origem":"1/25000","Fonte":"AML - Vectorial","ID1":36451,"Municipio":"MONTIJO"},"geometry":{"type":"Polygon","coordinates":[[[-8.57771524702454,38.7657141227598],[-8.57714032882953,38.7664422765443],[-8.57692951843223,38.7667203902142],[-8.57712325619194,38.7674961396083],[-8.57703259517161,38.7681065777964],[-8.57654105086927,38.7688109808425],[-8.57637541178837,38.768756148398],[-8.57618431554075,38.768405609422],[-8.57631854554989,38.7672033982765],[-8.57589234147387,38.7670201387122],[-8.57394504617279,38.7690796540845],[-8.57359241554039,38.769339812872],[-8.57328473653302,38.7692300514182],[-8.57321173011937,38.7688790609698],[-8.5733280961608,38.7686013017261],[-8.57504223924819,38.7670233643036],[-8.57522772040821,38.7664680305676],[-8.57692079099399,38.765315357645],[-8.57771524702454,38.7657141227598]]]}},{"type":"Feature","id":"CRUS_Montijo_V.36452","properties":{"AREA_HA":1.09323327390794,"Autor":"DGT","Categoria_2021":"Espaço Florestal","Classe_2021":"Solo Rústico","DTCC":"1507","Data_Pub_Origem":"1997-02-01T00:00:00","Designacao_no_plano":"Espaço florestal - Área de floresta de produção","Escala_origem":"1/25000","Fonte":"AML - Vectorial","ID1":36452,"Municipio":"MONTIJO"},"geometry":{"type":"Polygon","coordinates":[[[-8.57771524702454,38.7657141227598],[-8.57692079099399,38.765315357645],[-8.57772535298581,38.7642245327223],[-8.57844541162196,38.7648253285103],[-8.57771524702454,38.7657141227598]]]}},{"type":"Feature","id":"CRUS_Montijo_V.36453","properties":{"AREA_HA":11.9305927169508,"Autor":"DGT","Categoria_2021":"Espaço Florestal","Classe_2021":"Solo Rústico","DTCC":"1507","Data_Pub_Origem":"1997-02-01T00:00:00","Designacao_no_plano":"Espaço florestal - Área de floresta de produção","Escala_origem":"1/25000","Fonte":"AML - Vectorial","ID1":36453,"Municipio":"MONTIJO"},"geometry":{"type":"Polygon","coordinates":[[[-8.66126288726905,38.7646248182128],[-8.66118542755312,38.7648890927739],[-8.66080524116845,38.7648805002159],[-8.66083056605241,38.7646328739475],[-8.66024721766822,38.7646870827902],[-8.66053559851159,38.7632935621473],[-8.66022065105591,38.7629254525968],[-8.66023240151384,38.7626778965984],[-8.66001451604441,38.7625860638432],[-8.65992933722934,38.7620811284499],[-8.66014478898754,38.7618429574883],[-8.66076716622382,38.7615617064656],[-8.6608743238882,38.7613652807078],[-8.66081530311937,38.7607261529951],[-8.65960815803051,38.7608656752395],[-8.65933568529998,38.760732839239],[-8.65938785055109,38.7604438534474],[-8.66028201791933,38.7602026169798],[-8.66038788260045,38.7598308847693],[-8.66393842969903,38.7590524785027],[-8.66377484037886,38.7607522511171],[-8.66316383964245,38.7607344014844],[-8.66228623985671,38.7632134416291],[-8.66171509566755,38.7630819667343],[-8.6615634828422,38.7635992424231],[-8.66126288726905,38.7646248182128]]]}},{"type":"Feature","id":"CRUS_Montijo_V.36454","properties":{"AREA_HA":21.7924374183262,"Autor":"DGT","Categoria_2021":"Espaço Florestal","Classe_2021":"Solo Rústico","DTCC":"1507","Data_Pub_Origem":"1997-02-01T00:00:00","Designacao_no_plano":"Espaço florestal - Área de floresta de produção","Escala_origem":"1/25000","Fonte":"AML - Vectorial","ID1":36454,"Municipio":"MONTIJO"},"geometry":{"type":"Polygon","coordinates":[[[-8.66822626584331,38.7663516603887],[-8.66423624367448,38.7662119470703],[-8.66390951346142,38.766089682673],[-8.66384571191873,38.7655951847164],[-8.66380316589935,38.7652653263491],[-8.66331793228495,38.7632048196159],[-8.66339463300829,38.7625650858121],[-8.66407077068521,38.7622113829238],[-8.66710520090618,38.7613518789697],[-8.66737500466262,38.7611237686937],[-8.66736190675397,38.7605057294858],[-8.66819356540865,38.7616604486772],[-8.66894204317054,38.7634302557074],[-8.66898372829798,38.7635977112847],[-8.66875811207755,38.7645412324218],[-8.66787217492461,38.7658859526239],[-8.66822626584331,38.7663516603887]]]}},{"type":"Feature","id":"CRUS_Montijo_V.36455","properties":{"AREA_HA":1.42772378022429,"Autor":"DGT","Categoria_2021":"Espaço Agrícola","Classe_2021":"Solo Rústico","DTCC":"1507","Data_Pub_Origem":"1997-02-01T00:00:00","Designacao_no_plano":"Espaço agrícola - Área agrícola da RAN","Escala_origem":"1/25000","Fonte":"AML - Vectorial","ID1":36455,"Municipio":"MONTIJO"},"geometry":{"type":"Polygon","coordinates":[[[-8.57844541162196,38.7648253285103],[-8.57772535298581,38.7642245327223],[-8.57918746546093,38.7631218016894],[-8.57951134919182,38.7630547315251],[-8.57962221237768,38.7634963109936],[-8.57944392144675,38.7637979232902],[-8.57844541162196,38.7648253285103]]]}},{"type":"Feature","id":"CRUS_Montijo_V.36456","properties":{"AREA_HA":8.34762380711697,"Autor":"DGT","Categoria_2021":"Espaço Natural e Paisagístico","Classe_2021":"Solo Rústico","DTCC":"1507","Data_Pub_Origem":"1997-02-01T00:00:00","Designacao_no_plano":"Espaço aquícola  - Albufeira","Escala_origem":"1/25000","Fonte":"AML - Vectorial","ID1":36456,"Municipio":"MONTIJO"},"geometry":{"type":"Polygon","coordinates":[[[-8.67107809988475,38.7697866935855],[-8.6703974952825,38.7695250336071],[-8.66990596700657,38.7691560346438],[-8.6701191587263,38.7686188004024],[-8.66822626584331,38.7663516603887],[-8.66787217492461,38.7658859526239],[-8.66875811207755,38.7645412324218],[-8.66898372829798,38.7635977112847],[-8.66917236375409,38.7636566118549],[-8.66933069727471,38.7635485548494],[-8.67019800645724,38.7646583615641],[-8.66932213464578,38.7650023066024],[-8.66945018904245,38.7657854824607],[-8.66983603367755,38.7665468425239],[-8.67045181409676,38.7671937062013],[-8.67147182242281,38.7674824981885],[-8.6712038833991,38.7679581208231],[-8.67195257269006,38.7692992622059],[-8.67107809988475,38.7697866935855]]]}},{"type":"Feature","id":"CRUS_Montijo_V.36457","properties":{"AREA_HA":8.04816788952686,"Autor":"DGT","Categoria_2021":"Espaço Agrícola","Classe_2021":"Solo Rústico","DTCC":"1507","Data_Pub_Origem":"1997-02-01T00:00:00","Designacao_no_plano":"Espaço agrícola - Área agrícola da RAN","Escala_origem":"1/25000","Fonte":"AML - Vectorial","ID1":36457,"Municipio":"MONTIJO"},"geometry":{"type":"Polygon","coordinates":[[[-8.66933069727471,38.7635485548494],[-8.66917236375409,38.7636566118549],[-8.66898372829798,38.7635977112847],[-8.66894204317054,38.7634302557074],[-8.66819356540865,38.7616604486772],[-8.66736190675397,38.7605057294858],[-8.66732250254024,38.7604318824387],[-8.6669575333862,38.7597479481778],[-8.66700550765734,38.7589020876307],[-8.66683538208351,38.7579334741844],[-8.66642201800422,38.757110352219],[-8.66510756933136,38.7555900723546],[-8.66510281280289,38.7549507082796],[-8.66529146026274,38.7547642198008],[-8.66564575066444,38.7549482305061],[-8.66704486826325,38.7569012469987],[-8.66765120485891,38.7581153648513],[-8.66766384994643,38.7598065890247],[-8.6686766896255,38.7609157134197],[-8.66870739473092,38.761389958425],[-8.66906188103507,38.761594585064],[-8.67022031236069,38.7603929803837],[-8.67062677335549,38.7602879851435],[-8.67073691622064,38.7604937328787],[-8.66982408005683,38.7618592107979],[-8.66933069727471,38.7635485548494]]]}},{"type":"Feature","id":"CRUS_Montijo_V.36458","properties":{"AREA_HA":2.15588354144227,"Autor":"DGT","Categoria_2021":"Espaço Agrícola","Classe_2021":"Solo Rústico","DTCC":"1507","Data_Pub_Origem":"1997-02-01T00:00:00","Designacao_no_plano":"Espaço agrícola - Área agrícola da RAN","Escala_origem":"1/25000","Fonte":"AML - Vectorial","ID1":36458,"Municipio":"MONTIJO"},"geometry":{"type":"Polygon","coordinates":[[[-8.92818798089121,38.6621470759402],[-8.92808969114092,38.6622798655743],[-8.92796918079484,38.6624426769313],[-8.92786157666068,38.6625259500836],[-8.92731822848567,38.6625690375902],[-8.92669205455669,38.6617723204632],[-8.92607189582783,38.6610986887615],[-8.92602343509071,38.6610081266046],[-8.92594817500405,38.6609096126828],[-8.92594415717959,38.6605457339646],[-8.92604787610512,38.6605840349968],[-8.92689464500868,38.6608967517009],[-8.92816027357274,38.6613641267405],[-8.92784357843653,38.6620353877016],[-8.92818798089121,38.6621470759402]]]}},{"type":"Feature","id":"CRUS_Montijo_V.36459","properties":{"AREA_HA":7.22971736510005,"Autor":"DGT","Categoria_2021":"Não Atribuída","Classe_2021":"Solo Urbano","DTCC":"1507","Data_Pub_Origem":"1997-02-01T00:00:00","Designacao_no_plano":"Espaço urbano - Área urbanizada mista habitacional e equipamento industrial","Escala_origem":"1/25000","Fonte":"AML - Vectorial","ID1":36459,"Municipio":"MONTIJO"},"geometry":{"type":"Polygon","coordinates":[[[-8.93075873701983,38.6618629102564],[-8.93065729675715,38.6624376113483],[-8.92943905358422,38.6625527593466],[-8.92818798089121,38.6621470759402],[-8.92784357843653,38.6620353877016],[-8.92816027357274,38.6613641267405],[-8.92689464500868,38.6608967517009],[-8.92604787610512,38.6605840349968],[-8.92594415717959,38.6605457339646],[-8.92594817500405,38.6609096126828],[-8.92520338045239,38.6605507600025],[-8.92529679010084,38.6596890776819],[-8.92541350299296,38.6586124412395],[-8.92616735314457,38.6583960324692],[-8.92611845231624,38.6595584975037],[-8.92625877743444,38.6596866742884],[-8.92916803636333,38.6603829471913],[-8.92916406032999,38.6614159762947],[-8.92930425304953,38.661532412719],[-8.93075873701983,38.6618629102564]]]}},{"type":"Feature","id":"CRUS_Montijo_V.36460","properties":{"AREA_HA":21.9736601130145,"Autor":"DGT","Categoria_2021":"Espaço Agrícola","Classe_2021":"Solo Rústico","DTCC":"1507","Data_Pub_Origem":"1997-02-01T00:00:00","Designacao_no_plano":"Espaço agrícola - Área agrícola da RAN","Escala_origem":"1/25000","Fonte":"AML - Vectorial","ID1":36460,"Municipio":"MONTIJO"},"geometry":{"type":"Polygon","coordinates":[[[-8.92135646228694,38.6621562068675],[-8.9213607384098,38.6625456390303],[-8.92036844007542,38.6628552360855],[-8.92049528310752,38.6640443835538],[-8.91949965444027,38.6640510916495],[-8.91925288842037,38.6623002085462],[-8.91976326034051,38.6621453115809],[-8.91895374658653,38.6609607577081],[-8.91876851800957,38.6605119542747],[-8.91890763433238,38.6601538417904],[-8.91888698664423,38.6595993478596],[-8.91862180479905,38.6592043198856],[-8.91846438464392,38.6589949776457],[-8.91836290171488,38.6588422899039],[-8.91867886691662,38.6585929934423],[-8.92031544331712,38.6575667615289],[-8.92056531721937,38.6574559456644],[-8.9215966958382,38.6570399510591],[-8.92240501322592,38.6571575860601],[-8.92270757374935,38.6571820692745],[-8.92307506623358,38.6574458077321],[-8.92426453721004,38.6595120587253],[-8.92493484487913,38.6596551492976],[-8.92529679010084,38.6596890776819],[-8.92520338045239,38.6605507600025],[-8.92504349371566,38.660582219704],[-8.92450437896013,38.6606883130373],[-8.92397082306748,38.6603709087416],[-8.9233298341539,38.6603190376925],[-8.92256795033465,38.6604740652921],[-8.92200536814418,38.6608338273291],[-8.92161664491646,38.6613235517858],[-8.92135646228694,38.6621562068675]]]}},{"type":"Feature","id":"CRUS_Montijo_V.36461","properties":{"AREA_HA":14.6475979248482,"Autor":"DGT","Categoria_2021":"Não Atribuída","Classe_2021":"Solo Urbano","DTCC":"1507","Data_Pub_Origem":"1997-02-01T00:00:00","Designacao_no_plano":"Espaço urbano - Área urbanizada mista habitacional e equipamento industrial","Escala_origem":"1/25000","Fonte":"AML - Vectorial","ID1":36461,"Municipio":"MONTIJO"},"geometry":{"type":"Polygon","coordinates":[[[-8.93064886044247,38.669030301394],[-8.92424093271835,38.661434123493],[-8.92386408328011,38.6607737397007],[-8.92450437896013,38.6606883130373],[-8.92552611917823,38.6620379194643],[-8.92773118162873,38.6637295409952],[-8.92807806966791,38.6638803437088],[-8.92954634733434,38.6639797329773],[-8.93186244188964,38.6678803521156],[-8.93078802628642,38.6688946096209],[-8.93064886044247,38.669030301394]]]}},{"type":"Feature","id":"CRUS_Montijo_V.36462","properties":{"AREA_HA":8.39741290097642,"Autor":"DGT","Categoria_2021":"Espaço Agrícola","Classe_2021":"Solo Rústico","DTCC":"1507","Data_Pub_Origem":"1997-02-01T00:00:00","Designacao_no_plano":"Espaço agrícola - Área agrícola não incluído na RAN","Escala_origem":"1/25000","Fonte":"AML - Vectorial","ID1":36462,"Municipio":"MONTIJO"},"geometry":{"type":"Polygon","coordinates":[[[-8.91246862966156,38.66971522169],[-8.91219206756982,38.6675352647979],[-8.91114915956006,38.6634748923351],[-8.91084634953712,38.6620018737947],[-8.91041599585183,38.6599083747322],[-8.91164289610857,38.6598277782004],[-8.9111005793403,38.6619838856445],[-8.91146153607819,38.6621031330765],[-8.91139176637511,38.6633317873337],[-8.91168725557842,38.663761662238],[-8.91211813413574,38.663906241276],[-8.9122327147921,38.6629786061503],[-8.9125227193394,38.6629029401173],[-8.91283754741519,38.6638382486769],[-8.91359025673199,38.6642861261989],[-8.91406624882149,38.6647569094571],[-8.91412461410279,38.6650303718399],[-8.91401531837424,38.6651680244954],[-8.91369670239658,38.6651596235525],[-8.91296800968373,38.6643745437346],[-8.91251914700018,38.6651253581612],[-8.91249419718872,38.6654317605873],[-8.9125422076795,38.6659730832851],[-8.91304898125605,38.6667280478873],[-8.91317362105801,38.6673644421296],[-8.91283454906028,38.6679858357095],[-8.91287849603428,38.669481186683],[-8.91246862966156,38.66971522169]]]}},{"type":"Feature","id":"CRUS_Montijo_V.36463","properties":{"AREA_HA":2.78622836243735,"Autor":"DGT","Categoria_2021":"Espaço Agrícola","Classe_2021":"Solo Rústico","DTCC":"1507","Data_Pub_Origem":"1997-02-01T00:00:00","Designacao_no_plano":"Espaço agrícola - Área agrícola da RAN","Escala_origem":"1/25000","Fonte":"AML - Vectorial","ID1":36463,"Municipio":"MONTIJO"},"geometry":{"type":"Polygon","coordinates":[[[-8.95701414829173,38.6593916826504],[-8.95716021749101,38.6592698554134],[-8.95738659198828,38.6592251189006],[-8.95828825897589,38.6597019317993],[-8.95847441473039,38.6601061473137],[-8.95823957529796,38.6604011700351],[-8.95767675748242,38.6607847868536],[-8.95756679326669,38.6610875566529],[-8.95696497443103,38.6615653711769],[-8.95645858108196,38.661397357486],[-8.95611293171476,38.6609338728587],[-8.95634768286945,38.6606302261823],[-8.95634521009277,38.6604145381134],[-8.95711063094616,38.6598914419476],[-8.95701414829173,38.6593916826504]]]}},{"type":"Feature","id":"CRUS_Montijo_V.36464","properties":{"AREA_HA":1.16539146951293,"Autor":"DGT","Categoria_2021":"Espaço Agrícola","Classe_2021":"Solo Rústico","DTCC":"1507","Data_Pub_Origem":"1997-02-01T00:00:00","Designacao_no_plano":"Espaço agrícola - Área agrícola da RAN","Escala_origem":"1/25000","Fonte":"AML - Vectorial","ID1":36464,"Municipio":"MONTIJO"},"geometry":{"type":"Polygon","coordinates":[[[-8.58501918594434,38.6604426095281],[-8.58596215468346,38.6614674485397],[-8.5860819987468,38.6619077689955],[-8.58596690954248,38.6622204473877],[-8.58563982539409,38.6623319134185],[-8.58535738073414,38.662094247611],[-8.58509533033796,38.6613789804973],[-8.58467032486442,38.6608112757845],[-8.58501918594434,38.6604426095281]]]}},{"type":"Feature","id":"CRUS_Montijo_V.36465","properties":{"AREA_HA":19.9328599598633,"Autor":"DGT","Categoria_2021":"Espaço Agrícola","Classe_2021":"Solo Rústico","DTCC":"1507","Data_Pub_Origem":"1997-02-01T00:00:00","Designacao_no_plano":"Espaço agrícola - Área agrícola não incluído na RAN","Escala_origem":"1/25000","Fonte":"AML - Vectorial","ID1":36465,"Municipio":"MONTIJO"},"geometry":{"type":"Polygon","coordinates":[[[-8.92916803636333,38.6603829471913],[-8.92625877743444,38.6596866742884],[-8.92611845231624,38.6595584975037],[-8.92616735314457,38.6583960324692],[-8.92541350299296,38.6586124412395],[-8.92529679010084,38.6596890776819],[-8.92493484487913,38.6596551492976],[-8.92426453721004,38.6595120587253],[-8.92307506623358,38.6574458077321],[-8.92270757374935,38.6571820692745],[-8.92240501322592,38.6571575860601],[-8.9215966958382,38.6570399510591],[-8.92301548279477,38.6566756731667],[-8.92459377662348,38.6566831762993],[-8.92852674193226,38.657102219838],[-8.92999765555526,38.6571285764983],[-8.93140504943695,38.6568188366046],[-8.93254709128315,38.6574495040363],[-8.93238177062496,38.6576390379649],[-8.93221672870171,38.6578237513271],[-8.93220791785424,38.6581438121014],[-8.93145579152759,38.6583842446145],[-8.9312783852042,38.6580089938521],[-8.93024902246772,38.6577995526687],[-8.93022496490854,38.6589761719278],[-8.92990493458756,38.6591289433112],[-8.92920994522634,38.6589454416657],[-8.9292639331934,38.6600586168837],[-8.92916803636333,38.6603829471913]]]}},{"type":"Feature","id":"CRUS_Montijo_V.36466","properties":{"AREA_HA":4.18127160154581,"Autor":"DGT","Categoria_2021":"Espaço Agrícola","Classe_2021":"Solo Rústico","DTCC":"1507","Data_Pub_Origem":"1997-02-01T00:00:00","Designacao_no_plano":"Espaço agrícola - Área agrícola da RAN","Escala_origem":"1/25000","Fonte":"AML - Vectorial","ID1":36466,"Municipio":"MONTIJO"},"geometry":{"type":"Polygon","coordinates":[[[-8.73289139257192,38.7430614696527],[-8.73087034639849,38.7430545832537],[-8.73040049006969,38.7417516806744],[-8.73087023740551,38.7416330541461],[-8.73081787165421,38.7409985483714],[-8.73036203560981,38.7399637862772],[-8.73056051884241,38.7397750163933],[-8.73066025849019,38.7398367783327],[-8.73176941899973,38.740796980386],[-8.73289139257192,38.7430614696527]]]}},{"type":"Feature","id":"CRUS_Montijo_V.36467","properties":{"AREA_HA":25.629568958056,"Autor":"DGT","Categoria_2021":"Espaço Agrícola","Classe_2021":"Solo Rústico","DTCC":"1507","Data_Pub_Origem":"1997-02-01T00:00:00","Designacao_no_plano":"Espaço agrícola - Área agrícola não incluído na RAN","Escala_origem":"1/25000","Fonte":"AML - Vectorial","ID1":36467,"Municipio":"MONTIJO"},"geometry":{"type":"Polygon","coordinates":[[[-8.75169849985689,38.7431367263325],[-8.74807499400723,38.7430448317688],[-8.74781348185874,38.7427422364399],[-8.74545992685162,38.7413867264048],[-8.74602986080166,38.7406018334936],[-8.7459337988335,38.7403788323111],[-8.74371224061733,38.739308676133],[-8.74307518809421,38.739124264374],[-8.74440646178018,38.7379192728786],[-8.74451060392237,38.7377130934846],[-8.7440973017272,38.7375453860276],[-8.74428917848072,38.7371874130521],[-8.7448252949195,38.7370839124675],[-8.74553438970315,38.7374378093291],[-8.74583834159507,38.7372037630538],[-8.74535893573581,38.7361870629459],[-8.74759779393928,38.7330995562282],[-8.74762316148795,38.7340115709353],[-8.7479826198002,38.7347606720643],[-8.74639872917106,38.7366822744922],[-8.74727823573564,38.7382070574678],[-8.75169849985689,38.7431367263325]]]}},{"type":"Feature","id":"CRUS_Montijo_V.36468","properties":{"AREA_HA":48.5353666057374,"Autor":"DGT","Categoria_2021":"Espaço Florestal","Classe_2021":"Solo Rústico","DTCC":"1507","Data_Pub_Origem":"1997-02-01T00:00:00","Designacao_no_plano":"Espaço florestal - Área de floresta de produção","Escala_origem":"1/25000","Fonte":"AML - Vectorial","ID1":36468,"Municipio":"MONTIJO"},"geometry":{"type":"Polygon","coordinates":[[[-8.75407644509197,38.74321349897],[-8.75169849985689,38.7431367263325],[-8.74727823573564,38.7382070574678],[-8.74639872917106,38.7366822744922],[-8.7479826198002,38.7347606720643],[-8.74762316148795,38.7340115709353],[-8.74759779393928,38.7330995562282],[-8.75042267667914,38.7331919307066],[-8.75085275965954,38.7339406491834],[-8.75184002855893,38.7365281557153],[-8.75233575943035,38.7373099315656],[-8.75255360132073,38.7380061269954],[-8.75268304093642,38.7393643905587],[-8.753180215401,38.7397014935723],[-8.75397916986828,38.739554198952],[-8.75451768221421,38.7392294677199],[-8.75633734844574,38.740078050362],[-8.75681163768616,38.7404867746372],[-8.75670869683404,38.7420219211229],[-8.75407644509197,38.74321349897]]]}},{"type":"Feature","id":"CRUS_Montijo_V.36469","properties":{"AREA_HA":1.97841063352334,"Autor":"DGT","Categoria_2021":"Espaço Natural e Paisagístico","Classe_2021":"Solo Rústico","DTCC":"1507","Data_Pub_Origem":"1997-02-01T00:00:00","Designacao_no_plano":"Espaço aquícola  - Albufeira","Escala_origem":"1/25000","Fonte":"AML - Vectorial","ID1":36469,"Municipio":"MONTIJO"},"geometry":{"type":"Polygon","coordinates":[[[-8.58095499051406,38.738341031643],[-8.58060521025108,38.7379974933933],[-8.58011251841428,38.7370373449487],[-8.58027383145819,38.7368915165632],[-8.58031779658097,38.736510164338],[-8.58094032901389,38.7359995243882],[-8.58110335495908,38.7361259653277],[-8.58136293377881,38.7368691834697],[-8.58106337280773,38.7371426024137],[-8.58155266361226,38.7375582077338],[-8.58171818767552,38.7380839725597],[-8.5813365949311,38.7382124981977],[-8.58095499051406,38.738341031643]]]}},{"type":"Feature","id":"CRUS_Montijo_V.36470","properties":{"AREA_HA":26.7101628777621,"Autor":"DGT","Categoria_2021":"Espaço Agrícola","Classe_2021":"Solo Rústico","DTCC":"1507","Data_Pub_Origem":"1997-02-01T00:00:00","Designacao_no_plano":"Espaço agrícola - Área agrícola não incluído na RAN","Escala_origem":"1/25000","Fonte":"AML - Vectorial","ID1":36470,"Municipio":"MONTIJO"},"geometry":{"type":"Polygon","coordinates":[[[-8.63284462521473,38.7404121833134],[-8.63067059899496,38.7410283752764],[-8.63020770288195,38.740759406795],[-8.6297336602917,38.7388828692224],[-8.6297506903439,38.7380157760869],[-8.63007581522809,38.7371242191029],[-8.63038402727714,38.7362790355062],[-8.63131859085862,38.734775816154],[-8.63186797482543,38.7342315812048],[-8.63191230547933,38.7339785097842],[-8.6324647038869,38.7338677617213],[-8.6329509790192,38.7341908143711],[-8.6357736528209,38.7357140355266],[-8.63596240528323,38.7396148242349],[-8.63385713980784,38.7401666511102],[-8.63356217761282,38.7391898547296],[-8.63361552668558,38.7369317594644],[-8.63333766972644,38.7367523231399],[-8.63266988558393,38.7368455000407],[-8.63213723639235,38.7364865138453],[-8.63167197162803,38.7358743646366],[-8.63123392404783,38.7358581752556],[-8.63107534732243,38.7362562407649],[-8.63128555243983,38.736652722466],[-8.63200359945657,38.7371554165638],[-8.63272695459847,38.7384167298171],[-8.63289360313012,38.7391746609862],[-8.63284462521473,38.7404121833134]]]}},{"type":"Feature","id":"CRUS_Montijo_V.36471","properties":{"AREA_HA":1.41756181694451,"Autor":"DGT","Categoria_2021":"Espaço Natural e Paisagístico","Classe_2021":"Solo Rústico","DTCC":"1507","Data_Pub_Origem":"1997-02-01T00:00:00","Designacao_no_plano":"Espaço aquícola  - Albufeira","Escala_origem":"1/25000","Fonte":"AML - Vectorial","ID1":36471,"Municipio":"MONTIJO"},"geometry":{"type":"Polygon","coordinates":[[[-8.59729295133879,38.7353657695478],[-8.59666601307979,38.7351988310955],[-8.59570434946119,38.7343019917595],[-8.59550802976479,38.7338569008276],[-8.59618001203321,38.7339523220981],[-8.59695740251717,38.7345110357319],[-8.59785738044351,38.7346679668056],[-8.59757517303848,38.7350168730003],[-8.59729295133879,38.7353657695478]]]}},{"type":"Feature","id":"CRUS_Montijo_V.36472","properties":{"AREA_HA":3.17383383668084,"Autor":"DGT","Categoria_2021":"Espaço Florestal","Classe_2021":"Solo Rústico","DTCC":"1507","Data_Pub_Origem":"1997-02-01T00:00:00","Designacao_no_plano":"Espaço florestal - Área de mata e de protecção","Escala_origem":"1/25000","Fonte":"AML - Vectorial","ID1":36472,"Municipio":"MONTIJO"},"geometry":{"type":"Polygon","coordinates":[[[-8.63007581522809,38.7371242191029],[-8.62975044946537,38.7371610972721],[-8.62905215106655,38.736224875139],[-8.6284394579405,38.7359926850914],[-8.62821776812817,38.7356143350663],[-8.63039221466673,38.7349368155025],[-8.63131859085862,38.734775816154],[-8.63038402727714,38.7362790355062],[-8.63007581522809,38.7371242191029]]]}},{"type":"Feature","id":"CRUS_Montijo_V.36473","properties":{"AREA_HA":5.53552159400843,"Autor":"DGT","Categoria_2021":"Espaço Florestal","Classe_2021":"Solo Rústico","DTCC":"1507","Data_Pub_Origem":"1997-02-01T00:00:00","Designacao_no_plano":"Espaço agro-florestal","Escala_origem":"1/25000","Fonte":"AML - Vectorial","ID1":36473,"Municipio":"MONTIJO"},"geometry":{"type":"Polygon","coordinates":[[[-8.62821776812817,38.7356143350663],[-8.62819236094434,38.735275101682],[-8.62843123021063,38.7348042387476],[-8.62893940468704,38.7349285788131],[-8.62984068751546,38.7335513370581],[-8.63003555708638,38.7333878669229],[-8.63074986459292,38.7333125313446],[-8.63200043122538,38.7324307446911],[-8.63244421429148,38.7332420446337],[-8.63295420249599,38.7336283940613],[-8.6329509790192,38.7341908143711],[-8.6324647038869,38.7338677617213],[-8.63191230547933,38.7339785097842],[-8.63186797482543,38.7342315812048],[-8.63131859085862,38.734775816154],[-8.63039221466673,38.7349368155025],[-8.62821776812817,38.7356143350663]]]}},{"type":"Feature","id":"CRUS_Montijo_V.36474","properties":{"AREA_HA":5.245170872581,"Autor":"DGT","Categoria_2021":"Espaço Florestal","Classe_2021":"Solo Rústico","DTCC":"1507","Data_Pub_Origem":"1997-02-01T00:00:00","Designacao_no_plano":"Espaço florestal - Área de mata e de protecção","Escala_origem":"1/25000","Fonte":"AML - Vectorial","ID1":36474,"Municipio":"MONTIJO"},"geometry":{"type":"Polygon","coordinates":[[[-8.75572492703401,38.7354855271518],[-8.75646085950094,38.7362147204952],[-8.75650979873214,38.736429029325],[-8.75564214930401,38.7367912777322],[-8.75531266938598,38.7367930354415],[-8.75431569588044,38.7358148932938],[-8.75405185874516,38.7352441111395],[-8.75215331030983,38.7332200366223],[-8.7538232027537,38.7332471251621],[-8.75572492703401,38.7354855271518]]]}},{"type":"Feature","id":"CRUS_Montijo_V.36475","properties":{"AREA_HA":4.58366615241803,"Autor":"DGT","Categoria_2021":"Espaço Agrícola","Classe_2021":"Solo Rústico","DTCC":"1507","Data_Pub_Origem":"1997-02-01T00:00:00","Designacao_no_plano":"Espaço agrícola - Área agrícola não incluído na RAN","Escala_origem":"1/25000","Fonte":"AML - Vectorial","ID1":36475,"Municipio":"MONTIJO"},"geometry":{"type":"Polygon","coordinates":[[[-8.59901116830257,38.8400345813304],[-8.59835414326062,38.8393930992094],[-8.59891744385616,38.8387245281801],[-8.59831967460088,38.8384603825514],[-8.59811939738919,38.8382168621642],[-8.59811505088329,38.8375505585786],[-8.59898721290292,38.8363698996752],[-8.59929984822508,38.8364352805584],[-8.59941482387055,38.8366569367648],[-8.59950955992589,38.8381224611482],[-8.59968174272421,38.8384105185146],[-8.60022204232381,38.838563829925],[-8.60028811667209,38.8399850505386],[-8.59901116830257,38.8400345813304]]]}},{"type":"Feature","id":"CRUS_Montijo_V.36476","properties":{"AREA_HA":6.27654174582823,"Autor":"DGT","Categoria_2021":"Espaço Agrícola","Classe_2021":"Solo Rústico","DTCC":"1507","Data_Pub_Origem":"1997-02-01T00:00:00","Designacao_no_plano":"Espaço agrícola - Área agrícola não incluído na RAN","Escala_origem":"1/25000","Fonte":"AML - Vectorial","ID1":36476,"Municipio":"MONTIJO"},"geometry":{"type":"Polygon","coordinates":[[[-8.59779271459817,38.8403503986022],[-8.59643478369661,38.8410443403067],[-8.59615007736973,38.8409122094398],[-8.59533877341013,38.8383611886064],[-8.595561223115,38.8376495672855],[-8.59683177349435,38.8366228182433],[-8.59723477086041,38.8374874375878],[-8.59732989874297,38.8390196018946],[-8.59779271459817,38.8403503986022]]]}},{"type":"Feature","id":"CRUS_Montijo_V.36477","properties":{"AREA_HA":34.9399473389777,"Autor":"DGT","Categoria_2021":"Espaço Agrícola","Classe_2021":"Solo Rústico","DTCC":"1507","Data_Pub_Origem":"1997-02-01T00:00:00","Designacao_no_plano":"Espaço agrícola - Área agrícola não incluído na RAN","Escala_origem":"1/25000","Fonte":"AML - Vectorial","ID1":36477,"Municipio":"MONTIJO"},"geometry":{"type":"Polygon","coordinates":[[[-8.7018657842848,38.8389089378491],[-8.70149096546367,38.840376412364],[-8.7012889286408,38.8406042863519],[-8.70064923571185,38.840483644654],[-8.69933693343793,38.8395205942183],[-8.69449262262699,38.8365811860536],[-8.69356275348027,38.8358431171192],[-8.69325747553767,38.8350401575156],[-8.69462069233615,38.8338605434277],[-8.6951351841451,38.8332502870942],[-8.69573991522025,38.8343486775774],[-8.69538160047493,38.8349207290304],[-8.69591664976618,38.8357302581856],[-8.69645701503319,38.8365478292977],[-8.69795618946872,38.8360415406514],[-8.69680056123576,38.8341075668202],[-8.69594566609926,38.833073732878],[-8.69600659728124,38.8321015011726],[-8.6961796585114,38.8316468860164],[-8.69741256725602,38.8311871457881],[-8.69799806180139,38.831339001828],[-8.69854541924075,38.8318210689351],[-8.69855931898319,38.8335742341179],[-8.69888772674567,38.8338614044307],[-8.69970146667669,38.834019828058],[-8.70031549033114,38.8343365481276],[-8.70130486122157,38.835713685257],[-8.70121040057852,38.8375166040317],[-8.7018657842848,38.8389089378491]]]}},{"type":"Feature","id":"CRUS_Montijo_V.36478","properties":{"AREA_HA":5.16524828983657,"Autor":"DGT","Categoria_2021":"Não Atribuída","Classe_2021":"Solo Urbano","DTCC":"1507","Data_Pub_Origem":"1997-02-01T00:00:00","Designacao_no_plano":"Espaço urbano - Área urbanizada mista habitacional e equipamento industrial","Escala_origem":"1/25000","Fonte":"AML - Vectorial","ID1":36478,"Municipio":"MONTIJO"},"geometry":{"type":"Polygon","coordinates":[[[-8.69594566609926,38.833073732878],[-8.69680056123576,38.8341075668202],[-8.69795618946872,38.8360415406514],[-8.69645701503319,38.8365478292977],[-8.69591664976618,38.8357302581856],[-8.69538160047493,38.8349207290304],[-8.69573991522025,38.8343486775774],[-8.6951351841451,38.8332502870942],[-8.69489312765593,38.8321304817776],[-8.69509981971309,38.8320508205454],[-8.69594566609926,38.833073732878]]]}},{"type":"Feature","id":"CRUS_Montijo_V.36479","properties":{"AREA_HA":1.42189617743297,"Autor":"DGT","Categoria_2021":"Espaço Agrícola","Classe_2021":"Solo Rústico","DTCC":"1507","Data_Pub_Origem":"1997-02-01T00:00:00","Designacao_no_plano":"Espaço agrícola - Área agrícola não incluído na RAN","Escala_origem":"1/25000","Fonte":"AML - Vectorial","ID1":36479,"Municipio":"MONTIJO"},"geometry":{"type":"Polygon","coordinates":[[[-8.60994095029072,38.8328028112533],[-8.60867182181972,38.8323039622795],[-8.60846109117521,38.83176479092],[-8.60870222142974,38.8315972246358],[-8.61004841525198,38.8315467100667],[-8.61010191232294,38.8326627372734],[-8.60994095029072,38.8328028112533]]]}},{"type":"Feature","id":"CRUS_Montijo_V.36480","properties":{"AREA_HA":16.0972623014552,"Autor":"DGT","Categoria_2021":"Espaço Agrícola","Classe_2021":"Solo Rústico","DTCC":"1507","Data_Pub_Origem":"1997-02-01T00:00:00","Designacao_no_plano":"Espaço agrícola - Área agrícola da RAN","Escala_origem":"1/25000","Fonte":"AML - Vectorial","ID1":36480,"Municipio":"MONTIJO"},"geometry":{"type":"Polygon","coordinates":[[[-8.60881091688741,38.8338829244951],[-8.60845044438172,38.8336189511888],[-8.60805500033725,38.832990526012],[-8.60773268873024,38.8329738417136],[-8.60736824358895,38.833750813042],[-8.60704921580393,38.8340206985449],[-8.60669147606109,38.8338691368578],[-8.60738388253027,38.8324352311687],[-8.60744795213133,38.8316879204658],[-8.60711712450757,38.8303963489961],[-8.60692163570274,38.8304151597411],[-8.6044348817458,38.831965185661],[-8.60394348060515,38.8324804859997],[-8.60370504478566,38.8329677479285],[-8.6037316251648,38.8332624051387],[-8.60425550534823,38.8341788479018],[-8.60444551507771,38.835069623619],[-8.60414846538487,38.8353950185201],[-8.60397573414881,38.8353777098245],[-8.60289345005116,38.8335449503995],[-8.60265240569521,38.8333929862257],[-8.60242208419092,38.8333668996374],[-8.6007359828333,38.8342021769867],[-8.59993082493802,38.8342594440747],[-8.59981463232501,38.8340888051346],[-8.59996246225112,38.8338180481481],[-8.60036309012087,38.8334922405181],[-8.6023382199652,38.8328629221877],[-8.6032536672232,38.832084762581],[-8.60358260627234,38.8315340985278],[-8.60375253412239,38.8311281662823],[-8.60401564771723,38.830892952444],[-8.60605821172213,38.8302837924013],[-8.60748704936787,38.8295000734187],[-8.60817696474231,38.8286514142998],[-8.60818693850911,38.828800210309],[-8.60835288998196,38.8287459371122],[-8.60879124654024,38.8292503637791],[-8.60837506832262,38.8306961957963],[-8.60846109117521,38.83176479092],[-8.60867182181972,38.8323039622795],[-8.60994095029072,38.8328028112533],[-8.61014679111088,38.83311160542],[-8.61007717277262,38.8343716765769],[-8.60986668859763,38.8347277180276],[-8.60949750905389,38.8346959263009],[-8.60895445312222,38.8341265326101],[-8.60881091688741,38.8338829244951]]]}},{"type":"Feature","id":"CRUS_Montijo_V.36481","properties":{"AREA_HA":43.5117024762955,"Autor":"DGT","Categoria_2021":"Espaço Agrícola","Classe_2021":"Solo Rústico","DTCC":"1507","Data_Pub_Origem":"1997-02-01T00:00:00","Designacao_no_plano":"Espaço agrícola - Área agrícola não incluído na RAN","Escala_origem":"1/25000","Fonte":"AML - Vectorial","ID1":36481,"Municipio":"MONTIJO"},"geometry":{"type":"Polygon","coordinates":[[[-8.61724998561864,38.833901683962],[-8.61504157501191,38.8352829158762],[-8.61202819576963,38.8387824271943],[-8.60882702239432,38.8397061810748],[-8.60836691587027,38.8396564078619],[-8.6080223304241,38.8390584474811],[-8.60804804641025,38.8386587635317],[-8.60903595685628,38.8378333865072],[-8.60906256775112,38.837566888174],[-8.60862912756202,38.8364143275878],[-8.60862409255611,38.8356595881541],[-8.60791263580977,38.8353739036885],[-8.60791204473001,38.8352851157203],[-8.60862748343075,38.8340390673426],[-8.60881091688741,38.8338829244951],[-8.60895445312222,38.8341265326101],[-8.60949750905389,38.8346959263009],[-8.60986668859763,38.8347277180276],[-8.61007717277262,38.8343716765769],[-8.61014679111088,38.83311160542],[-8.61036583762113,38.8329775174639],[-8.61342775633598,38.8324932129924],[-8.61322453096335,38.8318169924164],[-8.61194783886829,38.8318833009766],[-8.6117469507096,38.8315511410419],[-8.61180266971963,38.831395526575],[-8.61401255116875,38.8308314526758],[-8.61648962312269,38.8305755321489],[-8.61724998561864,38.833901683962]]]}},{"type":"Feature","id":"CRUS_Montijo_V.36482","properties":{"AREA_HA":11.1750345537291,"Autor":"DGT","Categoria_2021":"Não Atribuída","Classe_2021":"Solo Urbano","DTCC":"1507","Data_Pub_Origem":"1997-02-01T00:00:00","Designacao_no_plano":"Espaço urbano - Área urbanizada mista habitacional e equipamento industrial","Escala_origem":"1/25000","Fonte":"AML - Vectorial","ID1":36482,"Municipio":"MONTIJO"},"geometry":{"type":"Polygon","coordinates":[[[-8.62327173284617,38.8303070267171],[-8.6225293794806,38.8296883964141],[-8.6223520421902,38.8286676940032],[-8.62876323345745,38.8280188436318],[-8.62815167499246,38.829886702844],[-8.62520578932122,38.8308318082872],[-8.62429277769068,38.8301694925871],[-8.62327173284617,38.8303070267171]]]}},{"type":"Feature","id":"CRUS_Montijo_V.36483","properties":{"AREA_HA":1.74603338851104,"Autor":"DGT","Categoria_2021":"Espaço Natural e Paisagístico","Classe_2021":"Solo Rústico","DTCC":"1507","Data_Pub_Origem":"1997-02-01T00:00:00","Designacao_no_plano":"Espaço aquícola  - Albufeira","Escala_origem":"1/25000","Fonte":"AML - Vectorial","ID1":36483,"Municipio":"MONTIJO"},"geometry":{"type":"Polygon","coordinates":[[[-8.60835288998196,38.8287459371122],[-8.60818693850911,38.828800210309],[-8.60817696474231,38.8286514142998],[-8.60809010243218,38.8270456910722],[-8.60836047359889,38.8266579971403],[-8.60937019385595,38.8270353224114],[-8.60911816135163,38.8279855932219],[-8.60886539184167,38.8283864858526],[-8.60835288998196,38.8287459371122]]]}},{"type":"Feature","id":"CRUS_Montijo_V.36484","properties":{"AREA_HA":10.2886271567992,"Autor":"DGT","Categoria_2021":"Espaço Agrícola","Classe_2021":"Solo Rústico","DTCC":"1507","Data_Pub_Origem":"1997-02-01T00:00:00","Designacao_no_plano":"Espaço agrícola - Área agrícola da RAN","Escala_origem":"1/25000","Fonte":"AML - Vectorial","ID1":36484,"Municipio":"MONTIJO"},"geometry":{"type":"Polygon","coordinates":[[[-8.60937019385595,38.8270353224114],[-8.60836047359889,38.8266579971403],[-8.60839511296802,38.825186175264],[-8.60821110663803,38.8236302378881],[-8.60787587689236,38.8227477766574],[-8.60717897210386,38.8217194816011],[-8.60464389575554,38.8199396469124],[-8.60435726502385,38.819509202065],[-8.60448144947026,38.8193123724654],[-8.60470087266788,38.819286938449],[-8.60507937287827,38.8195983043984],[-8.60604029051057,38.8202878813927],[-8.607454294089,38.8211381720311],[-8.60847546203451,38.8214039234131],[-8.60902648431786,38.8217206618717],[-8.61095718670866,38.8219704049782],[-8.6111151653517,38.8221415188908],[-8.61100686541985,38.8223628010994],[-8.61067818259892,38.8224622976855],[-8.60922049203304,38.8225909501847],[-8.60897079378412,38.8227760010427],[-8.60900396006128,38.8230457777397],[-8.60951073426151,38.8237798318591],[-8.60973266197735,38.8256917112621],[-8.60976921557264,38.8269135262201],[-8.60937019385595,38.8270353224114]]]}},{"type":"Feature","id":"CRUS_Montijo_V.36485","properties":{"AREA_HA":8.86897863473464,"Autor":"DGT","Categoria_2021":"Espaço Agrícola","Classe_2021":"Solo Rústico","DTCC":"1507","Data_Pub_Origem":"1997-02-01T00:00:00","Designacao_no_plano":"Espaço agrícola - Área agrícola da RAN","Escala_origem":"1/25000","Fonte":"AML - Vectorial","ID1":36485,"Municipio":"MONTIJO"},"geometry":{"type":"Polygon","coordinates":[[[-8.70403486762761,38.8388380539357],[-8.70394985243724,38.8385729109548],[-8.70408200650611,38.8372742977422],[-8.7043093371019,38.8365357043852],[-8.70425286548779,38.8359558315056],[-8.70345040252673,38.8344552977449],[-8.70358983873861,38.8307755437931],[-8.70298220184359,38.8293232081458],[-8.70226030673344,38.826540147253],[-8.70215513198796,38.8247252183377],[-8.70250172286603,38.8243203707721],[-8.70273554687101,38.8243978944368],[-8.70285537640189,38.8248004644076],[-8.7027891048647,38.8262364231516],[-8.70329734640774,38.8282468506322],[-8.70370647407727,38.8291789897589],[-8.7037230480847,38.8296312288998],[-8.70404007362175,38.8304125032367],[-8.70477101422849,38.8310775728448],[-8.70487663895705,38.8313228792654],[-8.70424688145728,38.8319428409482],[-8.70417035440379,38.8337131757275],[-8.70425411383027,38.8344449401947],[-8.70461065514394,38.835279003591],[-8.70507267768226,38.8357453788295],[-8.70456367282534,38.8369081742574],[-8.70403486762761,38.8388380539357]]]}},{"type":"Feature","id":"CRUS_Montijo_V.36486","properties":{"AREA_HA":7.66681100623979,"Autor":"DGT","Categoria_2021":"Espaço Florestal","Classe_2021":"Solo Rústico","DTCC":"1507","Data_Pub_Origem":"1997-02-01T00:00:00","Designacao_no_plano":"Espaço florestal - Área de mata e de protecção","Escala_origem":"1/25000","Fonte":"AML - Vectorial","ID1":36486,"Municipio":"MONTIJO"},"geometry":{"type":"Polygon","coordinates":[[[-8.62520819093771,38.8229912364179],[-8.62469261831097,38.8227157088399],[-8.62619744379248,38.8213371897522],[-8.62667052667059,38.8205368006112],[-8.62668426484738,38.8202542376878],[-8.62653401778894,38.8200853272534],[-8.62574648257648,38.8197754457847],[-8.62578219139022,38.8192655653854],[-8.62671951952504,38.8186597375312],[-8.62702984364075,38.8181510985248],[-8.62728757756344,38.8168480238563],[-8.62745864747992,38.8166262086787],[-8.62861364111604,38.8160765250366],[-8.62905218513919,38.8162457921843],[-8.62726399889793,38.8207875335078],[-8.62695381453856,38.8213042885088],[-8.62529123201724,38.8229137875178],[-8.62520819093771,38.8229912364179]]]}},{"type":"Feature","id":"CRUS_Montijo_V.36487","properties":{"AREA_HA":2.27392871510976,"Autor":"DGT","Categoria_2021":"Não Atribuída","Classe_2021":"Solo Urbano","DTCC":"1507","Data_Pub_Origem":"1997-02-01T00:00:00","Designacao_no_plano":"Espaço urbano - Área urbanizada mista habitacional e equipamento industrial","Escala_origem":"1/25000","Fonte":"AML - Vectorial","ID1":36487,"Municipio":"MONTIJO"},"geometry":{"type":"Polygon","coordinates":[[[-8.610160779055,38.8105601779334],[-8.61025175317086,38.8103653160922],[-8.61185188609245,38.8097530542438],[-8.61227482081971,38.81036813192],[-8.6115181350811,38.810791270213],[-8.61144539853661,38.8115884974192],[-8.61030995290275,38.8116376065406],[-8.610160779055,38.8105601779334]]]}},{"type":"Feature","id":"CRUS_Montijo_V.36488","properties":{"AREA_HA":5.82071382709127,"Autor":"DGT","Categoria_2021":"Espaço Natural e Paisagístico","Classe_2021":"Solo Rústico","DTCC":"1507","Data_Pub_Origem":"1997-02-01T00:00:00","Designacao_no_plano":"Espaço aquícola  - Albufeira","Escala_origem":"1/25000","Fonte":"AML - Vectorial","ID1":36488,"Municipio":"MONTIJO"},"geometry":{"type":"Polygon","coordinates":[[[-8.68938226163457,38.8120013418815],[-8.68890594207459,38.8119117969941],[-8.68817129425985,38.8117736925564],[-8.68834152057149,38.8109337352638],[-8.68886085699385,38.8095905456072],[-8.68883322064013,38.8077858671579],[-8.68918253450771,38.8078362405637],[-8.68959476689435,38.8078956806457],[-8.68990783152119,38.8083580467091],[-8.69066667967328,38.8094787928782],[-8.69031809228496,38.8100683131548],[-8.69030820995367,38.8105427605692],[-8.68938226163457,38.8120013418815]]]}},{"type":"Feature","id":"CRUS_Montijo_V.36489","properties":{"AREA_HA":2.46200298021464,"Autor":"DGT","Categoria_2021":"Espaço Agrícola","Classe_2021":"Solo Rústico","DTCC":"1507","Data_Pub_Origem":"1997-02-01T00:00:00","Designacao_no_plano":"Espaço agrícola - Área agrícola da RAN","Escala_origem":"1/25000","Fonte":"AML - Vectorial","ID1":36489,"Municipio":"MONTIJO"},"geometry":{"type":"Polygon","coordinates":[[[-8.68990783152119,38.8083580467091],[-8.68959476689435,38.8078956806457],[-8.68918253450771,38.8078362405637],[-8.68963057400376,38.8073762049137],[-8.69052490251698,38.8061239258889],[-8.6912289109454,38.8054965548965],[-8.69150857504425,38.8048150752666],[-8.69161214474687,38.8040449813812],[-8.69185625631109,38.8037318054652],[-8.69215809177774,38.803792756247],[-8.69236551488034,38.8040413706724],[-8.6919371116702,38.8053122305648],[-8.69154418955156,38.8058653143827],[-8.69011645628829,38.8072241466943],[-8.68988804152889,38.807797238031],[-8.68990783152119,38.8083580467091]]]}},{"type":"Feature","id":"CRUS_Montijo_V.36490","properties":{"AREA_HA":14.526236929182,"Autor":"DGT","Categoria_2021":"Espaço Florestal","Classe_2021":"Solo Rústico","DTCC":"1507","Data_Pub_Origem":"1997-02-01T00:00:00","Designacao_no_plano":"Espaço florestal - Área de floresta de produção","Escala_origem":"1/25000","Fonte":"AML - Vectorial","ID1":36490,"Municipio":"MONTIJO"},"geometry":{"type":"Polygon","coordinates":[[[-8.72053456699539,38.811597521798],[-8.71976400150349,38.8111937859176],[-8.71941940076875,38.8107826528634],[-8.71868829392808,38.8084983184616],[-8.71844543728643,38.807282727352],[-8.71856483850345,38.8068074489323],[-8.7235639159157,38.8067822424232],[-8.72310811781023,38.807837920761],[-8.72053456699539,38.811597521798]]]}},{"type":"Feature","id":"CRUS_Montijo_V.36491","properties":{"AREA_HA":8.24297893764209,"Autor":"DGT","Categoria_2021":"Espaço Agrícola","Classe_2021":"Solo Rústico","DTCC":"1507","Data_Pub_Origem":"1997-02-01T00:00:00","Designacao_no_plano":"Espaço agrícola - Área agrícola da RAN","Escala_origem":"1/25000","Fonte":"AML - Vectorial","ID1":36491,"Municipio":"MONTIJO"},"geometry":{"type":"Polygon","coordinates":[[[-8.71991200764148,38.8121284813701],[-8.71943641741768,38.811787682692],[-8.71858240337892,38.8103879720398],[-8.71773116025997,38.8093210358265],[-8.71704453510116,38.8091164759972],[-8.71504837958542,38.8090334490366],[-8.71367607177293,38.8087386881724],[-8.71225736245398,38.8077889452279],[-8.71111412655309,38.8068196866534],[-8.71218249522765,38.8068195383142],[-8.71313527650601,38.8077668176026],[-8.71372641724758,38.8080238788508],[-8.71485087267102,38.8081638684606],[-8.71632076815382,38.8086661283102],[-8.7171567095934,38.8087035513261],[-8.7176621943003,38.8085346160222],[-8.71793360411242,38.8082212495463],[-8.71795742500619,38.8077843295097],[-8.71757856911217,38.8068123966252],[-8.71804703308904,38.8068100477819],[-8.71856483850345,38.8068074489323],[-8.71844543728643,38.807282727352],[-8.71868829392808,38.8084983184616],[-8.71941940076875,38.8107826528634],[-8.71976400150349,38.8111937859176],[-8.72053456699539,38.811597521798],[-8.71991200764148,38.8121284813701]]]}},{"type":"Feature","id":"CRUS_Montijo_V.36492","properties":{"AREA_HA":2364.00525748335,"Autor":"DGT","Categoria_2021":"Espaço de Equipamentos e Infraestruturas ","Classe_2021":"Solo Rústico","DTCC":"1507","Data_Pub_Origem":"1997-02-01T00:00:00","Designacao_no_plano":"Espaço afecto a instalação de interesse público - Área de instalação de defesa nacional","Escala_origem":"1/25000","Fonte":"AML - Vectorial","ID1":36492,"Municipio":"MONTIJO"},"geometry":{"type":"Polygon","coordinates":[[[-8.7235639159157,38.8067822424232],[-8.71856483850345,38.8068074489323],[-8.71804703308904,38.8068100477819],[-8.71757856911217,38.8068123966252],[-8.71218249522765,38.8068195383142],[-8.71111412655309,38.8068196866534],[-8.70880961891185,38.8068199538589],[-8.70202846241851,38.800164089706],[-8.70204218531331,38.7903336039994],[-8.70454274767806,38.78931591482],[-8.70203861557868,38.7853319435035],[-8.7020802906671,38.7668662719378],[-8.70202261688191,38.7655672831039],[-8.70198376637339,38.74917228029],[-8.70204019503137,38.7482851069589],[-8.70207801700816,38.7429842878502],[-8.71804684812242,38.742993886402],[-8.7195678327108,38.742998609395],[-8.72060703894839,38.7430269533597],[-8.73087034639849,38.7430545832537],[-8.73289139257192,38.7430614696527],[-8.73855862605745,38.743067760412],[-8.74151173021853,38.7430808455377],[-8.74807499400723,38.7430448317688],[-8.75169849985689,38.7431367263325],[-8.75407644509197,38.74321349897],[-8.75177257666044,38.7445779584265],[-8.75129253823365,38.7451012352808],[-8.74967005122471,38.7488267372966],[-8.74805844411268,38.753438359619],[-8.74683975360463,38.7598973103922],[-8.74516356841673,38.7654658222668],[-8.74555185565547,38.7666309325793],[-8.74451641705009,38.7696810062883],[-8.74448987426307,38.7748704454916],[-8.74385093627597,38.7775233533364],[-8.73673895191583,38.7889899479895],[-8.73309644618063,38.7939359537184],[-8.73061034433761,38.7964625582469],[-8.72822853236164,38.799442348639],[-8.72704039907748,38.8016390334313],[-8.72528745170706,38.8041976912719],[-8.72423910211675,38.8054680403529],[-8.7235639159157,38.8067822424232]],[[-8.71799666442704,38.8026840701751],[-8.7176541442014,38.8026753836501],[-8.71749896803853,38.8037993627221],[-8.71708472439468,38.805070251855],[-8.7174030939307,38.80547425497],[-8.71784635013989,38.8055296658859],[-8.71884290890844,38.8056542329698],[-8.7188941939404,38.8052275691623],[-8.71799666442704,38.8026840701751]],[[-8.72847057204592,38.7562260230602],[-8.72830215599036,38.75572767141],[-8.72774873728757,38.7550232888502],[-8.72706328592813,38.7549019749841],[-8.72667334569622,38.7550738678983],[-8.72605571189226,38.7555519085251],[-8.72605916074204,38.7559679050451],[-8.72647308603574,38.7563610063363],[-8.72655850194426,38.7567557772075],[-8.72629214078655,38.7576515493711],[-8.72675980177389,38.7579195706457],[-8.72717029941186,38.7578966818797],[-8.72804143107604,38.757102920491],[-8.7284535440558,38.7567274026724],[-8.72847057204592,38.7562260230602]]]}},{"type":"Feature","id":"CRUS_Montijo_V.36493","properties":{"AREA_HA":7.35112566306591,"Autor":"DGT","Categoria_2021":"Espaço Florestal","Classe_2021":"Solo Rústico","DTCC":"1507","Data_Pub_Origem":"1997-02-01T00:00:00","Designacao_no_plano":"Espaço florestal - Área de floresta de produção","Escala_origem":"1/25000","Fonte":"AML - Vectorial","ID1":36493,"Municipio":"MONTIJO"},"geometry":{"type":"Polygon","coordinates":[[[-8.71757856911217,38.8068123966252],[-8.71795742500619,38.8077843295097],[-8.71793360411242,38.8082212495463],[-8.7176621943003,38.8085346160222],[-8.7171567095934,38.8087035513261],[-8.71632076815382,38.8086661283102],[-8.71485087267102,38.8081638684606],[-8.71372641724758,38.8080238788508],[-8.71313527650601,38.8077668176026],[-8.71218249522765,38.8068195383142],[-8.71757856911217,38.8068123966252]]]}},{"type":"Feature","id":"CRUS_Montijo_V.36494","properties":{"AREA_HA":2.75790171230827,"Autor":"DGT","Categoria_2021":"Espaço Natural e Paisagístico","Classe_2021":"Solo Rústico","DTCC":"1507","Data_Pub_Origem":"1997-02-01T00:00:00","Designacao_no_plano":"Espaço aquícola  - Albufeira","Escala_origem":"1/25000","Fonte":"AML - Vectorial","ID1":36494,"Municipio":"MONTIJO"},"geometry":{"type":"Polygon","coordinates":[[[-8.66486251376471,38.8085181355464],[-8.66359384611826,38.8080137085071],[-8.66459980432484,38.8060751136851],[-8.66572727322767,38.8060802738939],[-8.66486251376471,38.8085181355464]]]}},{"type":"Feature","id":"CRUS_Montijo_V.36495","properties":{"AREA_HA":2.20782708484847,"Autor":"DGT","Categoria_2021":"Espaço Agrícola","Classe_2021":"Solo Rústico","DTCC":"1507","Data_Pub_Origem":"1997-02-01T00:00:00","Designacao_no_plano":"Espaço agrícola - Área agrícola da RAN","Escala_origem":"1/25000","Fonte":"AML - Vectorial","ID1":36495,"Municipio":"MONTIJO"},"geometry":{"type":"Polygon","coordinates":[[[-8.66572727322767,38.8060802738939],[-8.66459980432484,38.8060751136851],[-8.66485589220804,38.8058075017978],[-8.66518625485549,38.80456840909],[-8.6650328372772,38.8040328234592],[-8.66458115754184,38.8035707881161],[-8.66459282121539,38.8033129016621],[-8.66501295232771,38.8031872257274],[-8.66561519372221,38.8038015719544],[-8.66597511777857,38.8047074904522],[-8.66572727322767,38.8060802738939]]]}},{"type":"Feature","id":"CRUS_Montijo_V.36496","properties":{"AREA_HA":3.04857652597167,"Autor":"DGT","Categoria_2021":"Espaço Natural e Paisagístico","Classe_2021":"Solo Rústico","DTCC":"1507","Data_Pub_Origem":"1997-02-01T00:00:00","Designacao_no_plano":"Espaço aquícola  - Albufeira","Escala_origem":"1/25000","Fonte":"AML - Vectorial","ID1":36496,"Municipio":"MONTIJO"},"geometry":{"type":"Polygon","coordinates":[[[-8.71799666442704,38.8026840701751],[-8.7188941939404,38.8052275691623],[-8.71884290890844,38.8056542329698],[-8.71784635013989,38.8055296658859],[-8.7174030939307,38.80547425497],[-8.71708472439468,38.805070251855],[-8.71749896803853,38.8037993627221],[-8.7176541442014,38.8026753836501],[-8.71799666442704,38.8026840701751]]]}},{"type":"Feature","id":"CRUS_Montijo_V.36497","properties":{"AREA_HA":2.61836666326243,"Autor":"DGT","Categoria_2021":"Espaço Natural e Paisagístico","Classe_2021":"Solo Rústico","DTCC":"1507","Data_Pub_Origem":"1997-02-01T00:00:00","Designacao_no_plano":"Espaço aquícola  - Albufeira","Escala_origem":"1/25000","Fonte":"AML - Vectorial","ID1":36497,"Municipio":"MONTIJO"},"geometry":{"type":"Polygon","coordinates":[[[-8.69250590148082,38.8011674136679],[-8.69252184355348,38.8032477008513],[-8.69201142571451,38.8033363902204],[-8.69099766802258,38.8033048355926],[-8.6909924304829,38.8026345022699],[-8.69176851342647,38.8011353772292],[-8.69250590148082,38.8011674136679]]]}},{"type":"Feature","id":"CRUS_Montijo_V.36498","properties":{"AREA_HA":8.08623616975043,"Autor":"DGT","Categoria_2021":"Espaço Agrícola","Classe_2021":"Solo Rústico","DTCC":"1507","Data_Pub_Origem":"1997-02-01T00:00:00","Designacao_no_plano":"Espaço agrícola - Área agrícola não incluído na RAN","Escala_origem":"1/25000","Fonte":"AML - Vectorial","ID1":36498,"Municipio":"MONTIJO"},"geometry":{"type":"Polygon","coordinates":[[[-8.65609311085136,38.8013373090152],[-8.65569791950544,38.8007898777943],[-8.65473689125895,38.7978787638243],[-8.65469815120291,38.7977865878034],[-8.65587483685316,38.7975733521537],[-8.6560791210695,38.7971852307173],[-8.65698130568632,38.7978205166866],[-8.65768642639831,38.7986454616315],[-8.65789590477641,38.798908585498],[-8.65745577783444,38.7990324519723],[-8.658029142694,38.8008055189613],[-8.65755429919427,38.8009359554319],[-8.65609311085136,38.8013373090152]]]}},{"type":"Feature","id":"CRUS_Montijo_V.36499","properties":{"AREA_HA":6.72509644675553,"Autor":"DGT","Categoria_2021":"Espaço Agrícola","Classe_2021":"Solo Rústico","DTCC":"1507","Data_Pub_Origem":"1997-02-01T00:00:00","Designacao_no_plano":"Espaço agrícola - Área agrícola da RAN","Escala_origem":"1/25000","Fonte":"AML - Vectorial","ID1":36499,"Municipio":"MONTIJO"},"geometry":{"type":"Polygon","coordinates":[[[-8.69250590148082,38.8011674136679],[-8.6915900378722,38.8001137368452],[-8.69055998834659,38.7997678176553],[-8.69054239331835,38.7992686933959],[-8.6910340969914,38.799089543585],[-8.69171998356958,38.7992214591037],[-8.69184113573902,38.7989504794909],[-8.68988907649183,38.7962805982135],[-8.68951036156164,38.7951384026518],[-8.68964213227249,38.7944721702491],[-8.68997091493591,38.7944809954817],[-8.69041177712814,38.7948116952349],[-8.69061188480828,38.7958819404367],[-8.69221765337624,38.798047866939],[-8.69299107317844,38.8007034216698],[-8.69291077181302,38.8009430030846],[-8.69250590148082,38.8011674136679]]]}},{"type":"Feature","id":"CRUS_Montijo_V.36500","properties":{"AREA_HA":6.02122002638429,"Autor":"DGT","Categoria_2021":"Espaço Agrícola","Classe_2021":"Solo Rústico","DTCC":"1507","Data_Pub_Origem":"1997-02-01T00:00:00","Designacao_no_plano":"Espaço agrícola - Área agrícola da RAN","Escala_origem":"1/25000","Fonte":"AML - Vectorial","ID1":36500,"Municipio":"MONTIJO"},"geometry":{"type":"Polygon","coordinates":[[[-8.66726796114702,38.7927858731048],[-8.66724644047477,38.7935387987272],[-8.66786737464456,38.7948456577424],[-8.66796831872425,38.7956289552189],[-8.66780880969367,38.7960937567103],[-8.66572216464004,38.7985311906444],[-8.66503089892132,38.8005453157618],[-8.66475966658176,38.8007832356775],[-8.66451606775393,38.800763808316],[-8.66443334154287,38.8005991881078],[-8.6646823462916,38.7993811570162],[-8.66517826302578,38.7984920120718],[-8.66649678270566,38.7968153364492],[-8.66682706504333,38.795576309813],[-8.6665346952217,38.7927995440634],[-8.66726796114702,38.7927858731048]]]}},{"type":"Feature","id":"CRUS_Montijo_V.36501","properties":{"AREA_HA":0.76965719411606,"Autor":"DGT","Categoria_2021":"Espaço Natural e Paisagístico","Classe_2021":"Solo Rústico","DTCC":"1507","Data_Pub_Origem":"1997-02-01T00:00:00","Designacao_no_plano":"Espaço aquícola  - Albufeira","Escala_origem":"1/25000","Fonte":"AML - Vectorial","ID1":36501,"Municipio":"MONTIJO"},"geometry":{"type":"Polygon","coordinates":[[[-8.6665346952217,38.7927995440634],[-8.66650003957716,38.7923004479936],[-8.66676826566695,38.7918454647878],[-8.66728277755239,38.7916368552908],[-8.66742043086199,38.791883725878],[-8.66726796114702,38.7927858731048],[-8.6665346952217,38.7927995440634]]]}},{"type":"Feature","id":"CRUS_Montijo_V.36502","properties":{"AREA_HA":7.67870364528443,"Autor":"DGT","Categoria_2021":"Espaço Agrícola","Classe_2021":"Solo Rústico","DTCC":"1507","Data_Pub_Origem":"1997-02-01T00:00:00","Designacao_no_plano":"Espaço agrícola - Área agrícola não incluído na RAN","Escala_origem":"1/25000","Fonte":"AML - Vectorial","ID1":36502,"Municipio":"MONTIJO"},"geometry":{"type":"Polygon","coordinates":[[[-8.62702869416846,38.7796335846017],[-8.62619187132204,38.7798928443557],[-8.62557839535891,38.7799139219194],[-8.62280195430841,38.7777075622397],[-8.62073562434668,38.7757884403487],[-8.62162985448604,38.7754150199287],[-8.62229087539599,38.775449216687],[-8.6229309678404,38.7758716506442],[-8.62395397510231,38.7770687923343],[-8.62684553842928,38.7795927802271],[-8.62702869416846,38.7796335846017]]]}},{"type":"Feature","id":"CRUS_Montijo_V.36503","properties":{"AREA_HA":2.41811072076187,"Autor":"DGT","Categoria_2021":"Espaço Agrícola","Classe_2021":"Solo Rústico","DTCC":"1507","Data_Pub_Origem":"1997-02-01T00:00:00","Designacao_no_plano":"Espaço agrícola - Área agrícola não incluído na RAN","Escala_origem":"1/25000","Fonte":"AML - Vectorial","ID1":36503,"Municipio":"MONTIJO"},"geometry":{"type":"Polygon","coordinates":[[[-8.61992636829713,38.7747806889318],[-8.61930941123993,38.7742842042109],[-8.6186176422272,38.7731965388454],[-8.61882890247587,38.7730293087837],[-8.62024455763096,38.7726630485407],[-8.62026693306465,38.7728107482747],[-8.62055786552936,38.7739462822122],[-8.62037285624812,38.7745015673777],[-8.61992636829713,38.7747806889318]]]}},{"type":"Feature","id":"CRUS_Montijo_V.36504","properties":{"AREA_HA":2.98217363239229,"Autor":"DGT","Categoria_2021":"Não Atribuída","Classe_2021":"Solo Urbano (urbanizável – transitório)","DTCC":"1507","Data_Pub_Origem":"1997-02-01T00:00:00","Designacao_no_plano":"Espaço urbanizável - Área urbanizável mista habitacional e equipamento industrial","Escala_origem":"1/25000","Fonte":"AML - Vectorial","ID1":36504,"Municipio":"MONTIJO"},"geometry":{"type":"Polygon","coordinates":[[[-8.62409442873648,38.7711934732611],[-8.62343608764271,38.7704844798229],[-8.62502052681072,38.769521385438],[-8.62486660171392,38.7689841515774],[-8.6256974212977,38.7689350280896],[-8.62640331189768,38.7700502112164],[-8.62622995330483,38.7701360534128],[-8.62409442873648,38.7711934732611]]]}},{"type":"Feature","id":"CRUS_Montijo_V.36505","properties":{"AREA_HA":4.47298499224335,"Autor":"DGT","Categoria_2021":"Espaço Agrícola","Classe_2021":"Solo Rústico","DTCC":"1507","Data_Pub_Origem":"1997-02-01T00:00:00","Designacao_no_plano":"Espaço agrícola - Área agrícola da RAN","Escala_origem":"1/25000","Fonte":"AML - Vectorial","ID1":36505,"Municipio":"MONTIJO"},"geometry":{"type":"Polygon","coordinates":[[[-8.69254432743086,38.7723399925452],[-8.69335464095457,38.7735220605042],[-8.69339779951052,38.7738312399752],[-8.69323285594509,38.7740248740683],[-8.69300204415979,38.7740259827624],[-8.6915791590635,38.7726405920436],[-8.68928708850173,38.7690142652626],[-8.68909156835424,38.7683139384525],[-8.68937689934692,38.7683435106908],[-8.69100845152622,38.7703879428483],[-8.69172360582924,38.7715601644767],[-8.69254432743086,38.7723399925452]]]}},{"type":"Feature","id":"CRUS_Montijo_V.36506","properties":{"AREA_HA":1.14422036566795,"Autor":"DGT","Categoria_2021":"Espaço Agrícola","Classe_2021":"Solo Rústico","DTCC":"1507","Data_Pub_Origem":"1997-02-01T00:00:00","Designacao_no_plano":"Espaço agrícola - Área agrícola não incluído na RAN","Escala_origem":"1/25000","Fonte":"AML - Vectorial","ID1":36506,"Municipio":"MONTIJO"},"geometry":{"type":"Polygon","coordinates":[[[-8.67365271017087,38.7695297897864],[-8.67344114714857,38.7698789001874],[-8.67203450560308,38.7705866693982],[-8.67184303545708,38.7704019265689],[-8.67181230619314,38.7699276832887],[-8.67195257269006,38.7692992622059],[-8.67223389448496,38.7695208908749],[-8.67329369311947,38.7696294236461],[-8.67365271017087,38.7695297897864]]]}},{"type":"Feature","id":"CRUS_Montijo_V.36507","properties":{"AREA_HA":4.71976976058828,"Autor":"DGT","Categoria_2021":"Espaço Florestal","Classe_2021":"Solo Rústico","DTCC":"1507","Data_Pub_Origem":"1997-02-01T00:00:00","Designacao_no_plano":"Espaço florestal - Área de floresta de produção","Escala_origem":"1/25000","Fonte":"AML - Vectorial","ID1":36507,"Municipio":"MONTIJO"},"geometry":{"type":"Polygon","coordinates":[[[-8.66248869343951,38.7662699862379],[-8.66426655011359,38.7664968297063],[-8.66419022526688,38.7671881229913],[-8.66436202458777,38.7683836145559],[-8.66200637354563,38.7692812187877],[-8.6614601250831,38.7688505565537],[-8.66343617697947,38.7680268892957],[-8.66348818820249,38.7677172653681],[-8.66325578949149,38.7675017622627],[-8.66094050415401,38.7683475901408],[-8.6602727740476,38.7680102904521],[-8.66152003438442,38.7678694628572],[-8.66166687812908,38.7678309822587],[-8.66221367497165,38.7676325078602],[-8.66248869343951,38.7662699862379]]]}},{"type":"Feature","id":"CRUS_Montijo_V.36508","properties":{"AREA_HA":3.58729936397548,"Autor":"DGT","Categoria_2021":"Espaço Agrícola","Classe_2021":"Solo Rústico","DTCC":"1507","Data_Pub_Origem":"1997-02-01T00:00:00","Designacao_no_plano":"Espaço agrícola - Área agrícola da RAN","Escala_origem":"1/25000","Fonte":"AML - Vectorial","ID1":36508,"Municipio":"MONTIJO"},"geometry":{"type":"Polygon","coordinates":[[[-8.66152003438442,38.7678694628572],[-8.66148103516002,38.7676977047375],[-8.66159666901775,38.7668102937149],[-8.66218254161121,38.7652607281696],[-8.66211215369723,38.7649207260202],[-8.66181135298621,38.764633340907],[-8.66126288726905,38.7646248182128],[-8.6615634828422,38.7635992424231],[-8.6620359549503,38.76379698722],[-8.66270923132824,38.7648870830623],[-8.66306417698785,38.7651536018608],[-8.66380316589935,38.7652653263491],[-8.66384571191873,38.7655951847164],[-8.66282555922965,38.7659281356647],[-8.66248869343951,38.7662699862379],[-8.66221367497165,38.7676325078602],[-8.66166687812908,38.7678309822587],[-8.66152003438442,38.7678694628572]]]}},{"type":"Feature","id":"CRUS_Montijo_V.36509","properties":{"AREA_HA":308.022079635929,"Autor":"DGT","Categoria_2021":"Espaço Florestal","Classe_2021":"Solo Rústico","DTCC":"1507","Data_Pub_Origem":"1997-02-01T00:00:00","Designacao_no_plano":"Espaço florestal - Área de floresta de produção","Escala_origem":"1/25000","Fonte":"AML - Vectorial","ID1":36509,"Municipio":"MONTIJO"},"geometry":{"type":"Polygon","coordinates":[[[-8.66971732434244,38.7757382781682],[-8.66968061059265,38.7762724012166],[-8.66844907340348,38.7781836101357],[-8.66724935989203,38.7793544406129],[-8.66477670715384,38.7823814174561],[-8.66381800521423,38.7830349316126],[-8.66216507000782,38.783537446929],[-8.66109714162256,38.7841919853663],[-8.65993125499258,38.7844550742126],[-8.65959117178101,38.784374116065],[-8.65962681890811,38.7836830019197],[-8.6601092653753,38.7828145562438],[-8.66002535382991,38.7824849299246],[-8.65920896840619,38.7822617431989],[-8.6589351235283,38.7819535911827],[-8.65911413840515,38.7804471437867],[-8.65964982221554,38.7794340804385],[-8.65951220852011,38.7791871998682],[-8.6592681155127,38.7792295494835],[-8.65859558623919,38.7800988479536],[-8.65826971061203,38.7801003164182],[-8.65796279975683,38.7789879302575],[-8.65763556712906,38.7788037758231],[-8.65701658151468,38.7795696931512],[-8.65704646308737,38.7799408117646],[-8.65783989949973,38.7807416347511],[-8.6582520942196,38.7813984749657],[-8.65865262494245,38.7841604658613],[-8.65830730575249,38.7852139053893],[-8.65745469078779,38.7859413857084],[-8.65612390967401,38.7864877303415],[-8.65561855059541,38.7866160796398],[-8.65518104692336,38.7865820165347],[-8.65448816152608,38.7862428878786],[-8.65411982026558,38.7862265191917],[-8.65377633543192,38.7864622140186],[-8.65389323865511,38.7867138603969],[-8.65500339037866,38.7874654086078],[-8.6552820484477,38.787806390297],[-8.65546905493556,38.7882018290136],[-8.65536347160242,38.7894991733863],[-8.65513807299302,38.7901486265566],[-8.65484230825197,38.7906182632431],[-8.65447619211976,38.7909081009027],[-8.65434414929555,38.7917372488931],[-8.65301862428522,38.7930220304731],[-8.6526318278271,38.7936361672292],[-8.65237721544926,38.7934391717771],[-8.65165512077324,38.7922535836391],[-8.65093068734176,38.7907437790008],[-8.64998873681691,38.7877939543817],[-8.64973377413285,38.787542916353],[-8.6477003010549,38.7863991289993],[-8.64463930487827,38.7857322835026],[-8.64417727068182,38.7854855561653],[-8.64392193715764,38.7851803057304],[-8.64389724484011,38.7849461271025],[-8.64444645241885,38.7845111859598],[-8.6450622280194,38.7837335399874],[-8.64543998684554,38.7818575904692],[-8.64566712760799,38.7814420826781],[-8.64633198994535,38.7810967395502],[-8.64711566198649,38.7812735087109],[-8.64787373618277,38.7810899423742],[-8.64887859672005,38.780029303411],[-8.64999308342835,38.7782221675809],[-8.65072601395519,38.7777503410437],[-8.65263008702178,38.776948902952],[-8.65352103349045,38.7760618460651],[-8.65363371737478,38.7757369483754],[-8.65340283562798,38.7756298478273],[-8.65271491323248,38.7759573096829],[-8.65195965491694,38.7765193632013],[-8.65010161391972,38.7773205858911],[-8.64768151740391,38.7799625109472],[-8.64669413455742,38.7802552171125],[-8.64637171622965,38.7802205871339],[-8.64620960668901,38.7800771284348],[-8.64742136050791,38.775789648158],[-8.64783034045801,38.775066955519],[-8.64780512004202,38.7747606974716],[-8.64703782900079,38.7736520417991],[-8.64705733128346,38.7731653641901],[-8.64728378639265,38.772659740364],[-8.64927484614364,38.7711731349458],[-8.64979999234771,38.7706121267079],[-8.6509922158782,38.7700301306938],[-8.65115196012801,38.7698491991136],[-8.65117313159605,38.7695968011985],[-8.65094175106654,38.7694176065726],[-8.65016028705349,38.7695292059765],[-8.64999625002607,38.7695194029783],[-8.64978608121181,38.7693199252469],[-8.64954936645126,38.7684018560118],[-8.64949683202502,38.7675009777821],[-8.64960756870617,38.7669057646205],[-8.65006339910353,38.7663090119212],[-8.6506363404595,38.766000091493],[-8.65139372154412,38.765744423942],[-8.65213004928925,38.7657591742943],[-8.65381408936728,38.7663824397893],[-8.65443512859173,38.7663616399264],[-8.65556046209811,38.7660862749146],[-8.65625157504041,38.7662093239063],[-8.65749052865808,38.7659728760783],[-8.65685686553629,38.7665738615003],[-8.656386349685,38.7673308042131],[-8.65713241434397,38.7686256356828],[-8.65705808271064,38.7689299340366],[-8.65330914841227,38.7683182064152],[-8.65294191830746,38.7684640886351],[-8.65216665894589,38.7694772343509],[-8.65198565778537,38.7699107639335],[-8.65259487061382,38.7713865360746],[-8.65948898241104,38.7723558705407],[-8.66219252251154,38.7708492795685],[-8.66252362620782,38.7701877649885],[-8.6627800528915,38.7699803545131],[-8.66307834498171,38.7699274286275],[-8.66360965694623,38.7701725244276],[-8.66397468585556,38.7699646075212],[-8.66434123537699,38.7699629383907],[-8.66633252896318,38.7711810574932],[-8.66412678098214,38.7739834955416],[-8.66604452848921,38.7748269786232],[-8.66971732434244,38.7757382781682]]]}},{"type":"Feature","id":"CRUS_Montijo_V.36510","properties":{"AREA_HA":4.16495711306692,"Autor":"DGT","Categoria_2021":"Espaço Florestal","Classe_2021":"Solo Rústico","DTCC":"1507","Data_Pub_Origem":"1997-02-01T00:00:00","Designacao_no_plano":"Espaço florestal - Área de floresta de produção","Escala_origem":"1/25000","Fonte":"AML - Vectorial","ID1":36510,"Municipio":"MONTIJO"},"geometry":{"type":"Polygon","coordinates":[[[-8.65737156299344,38.7634964922043],[-8.65700299931781,38.7634621081694],[-8.65686329685684,38.7632464540266],[-8.65717314451953,38.761550889219],[-8.6576261125475,38.760539555126],[-8.65783146838599,38.7606341429446],[-8.65779672135123,38.7614490067693],[-8.65890802721887,38.7611964898524],[-8.65952298007545,38.7617506059749],[-8.65885880611044,38.7618876674708],[-8.65842062074478,38.7632199833671],[-8.6578103448862,38.7633052346538],[-8.65762188318602,38.7635226427536],[-8.65764105897516,38.7642857021489],[-8.6570270585639,38.7647667304688],[-8.65737156299344,38.7634964922043]]]}},{"type":"Feature","id":"CRUS_Montijo_V.36511","properties":{"AREA_HA":1.49377752245797,"Autor":"DGT","Categoria_2021":"Não Atribuída","Classe_2021":"Solo Urbano","DTCC":"1507","Data_Pub_Origem":"1997-02-01T00:00:00","Designacao_no_plano":"Espaço urbano - Área urbanizada mista habitacional e equipamento industrial","Escala_origem":"1/25000","Fonte":"AML - Vectorial","ID1":36511,"Municipio":"MONTIJO"},"geometry":{"type":"Polygon","coordinates":[[[-8.63946447544238,38.7593662716947],[-8.64089291151231,38.7598818559864],[-8.64103654491133,38.7606909210274],[-8.63956607184851,38.7607333034931],[-8.63946447544238,38.7593662716947]]]}},{"type":"Feature","id":"CRUS_Montijo_V.36512","properties":{"AREA_HA":12.0249659664446,"Autor":"DGT","Categoria_2021":"Espaço Florestal","Classe_2021":"Solo Rústico","DTCC":"1507","Data_Pub_Origem":"1997-02-01T00:00:00","Designacao_no_plano":"Espaço florestal - Área de floresta de produção","Escala_origem":"1/25000","Fonte":"AML - Vectorial","ID1":36512,"Municipio":"MONTIJO"},"geometry":{"type":"Polygon","coordinates":[[[-8.65420059755512,38.7657499395732],[-8.65328051741509,38.7657756213354],[-8.65307266794743,38.7656684173633],[-8.65311631799973,38.7653438186226],[-8.65355160330587,38.7650895733106],[-8.6534587850978,38.7649818559308],[-8.65223934728316,38.7649692661362],[-8.65182379867991,38.76477286767],[-8.65175177169287,38.7643586870236],[-8.65197855918489,38.7639071263645],[-8.65241331616363,38.7635807872544],[-8.65455242616828,38.7635171764698],[-8.65459698775421,38.7633187386817],[-8.65415818164967,38.7630864119615],[-8.65266139221525,38.7628948432703],[-8.65256780461504,38.7626789969549],[-8.65322595559556,38.7614396481225],[-8.65331456113972,38.7609706762249],[-8.65377465401282,38.7609686230752],[-8.65402600319871,38.7607332120867],[-8.65395344259263,38.7602469345425],[-8.65420491976349,38.7600295476707],[-8.65539784218374,38.7595736598141],[-8.65617477483094,38.760383858526],[-8.65471158817937,38.7617601726489],[-8.65460056112156,38.7623370889048],[-8.65562167580198,38.7634864562938],[-8.65557986146865,38.7640636034405],[-8.65539994933176,38.7646413785231],[-8.65406947625784,38.7652603573254],[-8.65420059755512,38.7657499395732]]]}},{"type":"Feature","id":"CRUS_Montijo_V.36513","properties":{"AREA_HA":7.0919342943415,"Autor":"DGT","Categoria_2021":"Espaço Florestal","Classe_2021":"Solo Rústico","DTCC":"1507","Data_Pub_Origem":"1997-02-01T00:00:00","Designacao_no_plano":"Espaço florestal - Área de floresta de produção","Escala_origem":"1/25000","Fonte":"AML - Vectorial","ID1":36513,"Municipio":"MONTIJO"},"geometry":{"type":"Polygon","coordinates":[[[-8.65067220919316,38.7606600025568],[-8.65055704155853,38.7615846943376],[-8.65012809174993,38.7626481775378],[-8.65011942680653,38.7634673456891],[-8.64994126799722,38.7639561152728],[-8.64947777338217,38.7644664784534],[-8.64906426593107,38.7647122899846],[-8.64736757331863,38.7633778500893],[-8.645480090354,38.7607632905152],[-8.64549680389895,38.7603824868482],[-8.64606698073548,38.7602580386116],[-8.64628929282371,38.7604907818617],[-8.64794162769263,38.762851251358],[-8.64828420628783,38.7635610797166],[-8.64858426723882,38.7637731526674],[-8.64886884765066,38.7636397925408],[-8.64893894115862,38.7634631337406],[-8.64988501350143,38.7608139713399],[-8.65023366603796,38.7603741609921],[-8.65067220919316,38.7606600025568]]]}},{"type":"Feature","id":"CRUS_Montijo_V.36514","properties":{"AREA_HA":9.98855770093418,"Autor":"DGT","Categoria_2021":"Espaço Agrícola","Classe_2021":"Solo Rústico","DTCC":"1507","Data_Pub_Origem":"1997-02-01T00:00:00","Designacao_no_plano":"Espaço agrícola - Área agrícola da RAN","Escala_origem":"1/25000","Fonte":"AML - Vectorial","ID1":36514,"Municipio":"MONTIJO"},"geometry":{"type":"Polygon","coordinates":[[[-8.645480090354,38.7607632905152],[-8.64542600212008,38.7613696743584],[-8.64570292247917,38.7619785227037],[-8.64603126020118,38.7625159712533],[-8.64804428924077,38.7644898153746],[-8.64824102109138,38.7647736429749],[-8.64797014554547,38.7650087040819],[-8.64721536699609,38.7647374984917],[-8.64580551706413,38.7636150895678],[-8.64535883695813,38.7628646344175],[-8.64476205100492,38.7610878925128],[-8.64440857636986,38.7606623931731],[-8.64336642044534,38.7601239848059],[-8.64324642320468,38.759677119488],[-8.64338765808249,38.7594629861536],[-8.64396920974957,38.7591147313897],[-8.64403287049875,38.7589415986148],[-8.64402473168538,38.7578028466499],[-8.64423852586558,38.7568461362402],[-8.64448197559679,38.7564078575527],[-8.64474072620544,38.7562948713654],[-8.64491017122713,38.7563958097259],[-8.64495106498475,38.7566701573104],[-8.64438934955779,38.7579741023364],[-8.64466857730677,38.7589083105138],[-8.64463546666451,38.7597218757203],[-8.64485733545288,38.7598937563071],[-8.64527170143019,38.7597597545856],[-8.64543844607474,38.7594844946114],[-8.64573199374412,38.7587917976387],[-8.64594387141815,38.7575707272161],[-8.646111338606,38.7573971368782],[-8.64662266901044,38.7581168037503],[-8.64748048744286,38.7564861737896],[-8.64771430503184,38.7565156521706],[-8.64742489398732,38.7577777303589],[-8.64636641276275,38.7592235877929],[-8.64566092767653,38.7597415600782],[-8.64536584482693,38.760220468367],[-8.64549680389895,38.7603824868482],[-8.645480090354,38.7607632905152]]]}},{"type":"Feature","id":"CRUS_Montijo_V.36515","properties":{"AREA_HA":1.34688781853495,"Autor":"DGT","Categoria_2021":"Não Atribuída","Classe_2021":"Solo Urbano","DTCC":"1507","Data_Pub_Origem":"1997-02-01T00:00:00","Designacao_no_plano":"Espaço urbano - Área urbanizada mista habitacional e equipamento industrial","Escala_origem":"1/25000","Fonte":"AML - Vectorial","ID1":36515,"Municipio":"MONTIJO"},"geometry":{"type":"Polygon","coordinates":[[[-8.65067220919316,38.7606600025568],[-8.65023366603796,38.7603741609921],[-8.65079518705992,38.7586089811666],[-8.65160053694017,38.7602781566009],[-8.65067220919316,38.7606600025568]]]}},{"type":"Feature","id":"CRUS_Montijo_V.36516","properties":{"AREA_HA":0.925061912107328,"Autor":"DGT","Categoria_2021":"Não Atribuída","Classe_2021":"Solo Urbano","DTCC":"1507","Data_Pub_Origem":"1997-02-01T00:00:00","Designacao_no_plano":"Espaço urbano - Área urbanizada mista habitacional e equipamento industrial","Escala_origem":"1/25000","Fonte":"AML - Vectorial","ID1":36516,"Municipio":"MONTIJO"},"geometry":{"type":"Polygon","coordinates":[[[-8.64636641276275,38.7592235877929],[-8.64779717482791,38.7584882759851],[-8.64811137221403,38.7590448873415],[-8.6467029941797,38.7596991141557],[-8.64636641276275,38.7592235877929]]]}},{"type":"Feature","id":"CRUS_Montijo_V.36517","properties":{"AREA_HA":5.21622146158423,"Autor":"DGT","Categoria_2021":"Espaço Florestal","Classe_2021":"Solo Rústico","DTCC":"1507","Data_Pub_Origem":"1997-02-01T00:00:00","Designacao_no_plano":"Espaço florestal - Área de floresta de produção","Escala_origem":"1/25000","Fonte":"AML - Vectorial","ID1":36517,"Municipio":"MONTIJO"},"geometry":{"type":"Polygon","coordinates":[[[-8.65160053694017,38.7602781566009],[-8.65079518705992,38.7586089811666],[-8.65109869049318,38.757048047263],[-8.65323166525717,38.7564807708268],[-8.65341759188815,38.7567678270339],[-8.65275839373678,38.7577603827235],[-8.65208718624139,38.7602643980452],[-8.65160053694017,38.7602781566009]]]}},{"type":"Feature","id":"CRUS_Montijo_V.36518","properties":{"AREA_HA":5.28008962684972,"Autor":"DGT","Categoria_2021":"Espaço Agrícola","Classe_2021":"Solo Rústico","DTCC":"1507","Data_Pub_Origem":"1997-02-01T00:00:00","Designacao_no_plano":"Espaço agrícola - Área agrícola da RAN","Escala_origem":"1/25000","Fonte":"AML - Vectorial","ID1":36518,"Municipio":"MONTIJO"},"geometry":{"type":"Polygon","coordinates":[[[-8.62745151464088,38.7588679529461],[-8.62617955623149,38.7581307926528],[-8.62609587455297,38.7575772367635],[-8.62630988444179,38.75717430624],[-8.62849302410682,38.7560840397949],[-8.62870998967792,38.7561099253281],[-8.62861046327762,38.7565659810565],[-8.62734883019262,38.7572681839253],[-8.62733902457434,38.7575005052846],[-8.62754488999268,38.7575711018338],[-8.62911575870853,38.7570373283168],[-8.62928591284051,38.7568936663245],[-8.62964319810441,38.7557664628373],[-8.63015854110866,38.7560412180004],[-8.63017343114447,38.7565414575821],[-8.62993750048594,38.7570695651824],[-8.6292004103596,38.7577189174997],[-8.62868091238891,38.7577256036486],[-8.62810604047071,38.7587285973967],[-8.62745151464088,38.7588679529461]]]}},{"type":"Feature","id":"CRUS_Montijo_V.36519","properties":{"AREA_HA":5.28786568882056,"Autor":"DGT","Categoria_2021":"Espaço Florestal","Classe_2021":"Solo Rústico","DTCC":"1507","Data_Pub_Origem":"1997-02-01T00:00:00","Designacao_no_plano":"Espaço florestal - Área de floresta de produção","Escala_origem":"1/25000","Fonte":"AML - Vectorial","ID1":36519,"Municipio":"MONTIJO"},"geometry":{"type":"Polygon","coordinates":[[[-8.65520578898056,38.758475168983],[-8.65412894373219,38.759074718505],[-8.65373866376349,38.7591845928335],[-8.65350796638767,38.7590955163346],[-8.65339084796609,38.7588076848168],[-8.65345473491606,38.7581045350876],[-8.65417855803502,38.7564125512806],[-8.65621112223537,38.7559139581098],[-8.65698347077919,38.7560728330795],[-8.65722368010411,38.7564041396651],[-8.65610539736111,38.7571940783698],[-8.65456612758583,38.7575974754253],[-8.65470765311505,38.7580654460915],[-8.65520578898056,38.758475168983]]]}},{"type":"Feature","id":"CRUS_Montijo_V.36520","properties":{"AREA_HA":1.97092493400536,"Autor":"DGT","Categoria_2021":"Espaço Florestal","Classe_2021":"Solo Rústico","DTCC":"1507","Data_Pub_Origem":"1997-02-01T00:00:00","Designacao_no_plano":"Espaço florestal - Área de mata e de protecção","Escala_origem":"1/25000","Fonte":"AML - Vectorial","ID1":36520,"Municipio":"MONTIJO"},"geometry":{"type":"Polygon","coordinates":[[[-8.65806315826937,38.7575619500448],[-8.65722368010411,38.7564041396651],[-8.65698347077919,38.7560728330795],[-8.65829436652273,38.7558097327898],[-8.65916237164133,38.7558367270993],[-8.6591913160837,38.756083819981],[-8.65806315826937,38.7575619500448]]]}},{"type":"Feature","id":"CRUS_Montijo_V.36521","properties":{"AREA_HA":4.80961749185086,"Autor":"DGT","Categoria_2021":"Espaço Natural e Paisagístico","Classe_2021":"Solo Rústico","DTCC":"1507","Data_Pub_Origem":"1997-02-01T00:00:00","Designacao_no_plano":"Espaço aquícola  - Albufeira","Escala_origem":"1/25000","Fonte":"AML - Vectorial","ID1":36521,"Municipio":"MONTIJO"},"geometry":{"type":"Polygon","coordinates":[[[-8.72847057204592,38.7562260230602],[-8.7284535440558,38.7567274026724],[-8.72804143107604,38.757102920491],[-8.72717029941186,38.7578966818797],[-8.72675980177389,38.7579195706457],[-8.72629214078655,38.7576515493711],[-8.72655850194426,38.7567557772075],[-8.72647308603574,38.7563610063363],[-8.72605916074204,38.7559679050451],[-8.72605571189226,38.7555519085251],[-8.72667334569622,38.7550738678983],[-8.72706328592813,38.7549019749841],[-8.72774873728757,38.7550232888502],[-8.72830215599036,38.75572767141],[-8.72847057204592,38.7562260230602]]]}},{"type":"Feature","id":"CRUS_Montijo_V.36522","properties":{"AREA_HA":10.8574511210311,"Autor":"DGT","Categoria_2021":"Espaço Florestal","Classe_2021":"Solo Rústico","DTCC":"1507","Data_Pub_Origem":"1997-02-01T00:00:00","Designacao_no_plano":"Espaço florestal - Área de floresta de produção","Escala_origem":"1/25000","Fonte":"AML - Vectorial","ID1":36522,"Municipio":"MONTIJO"},"geometry":{"type":"Polygon","coordinates":[[[-8.65829436652273,38.7558097327898],[-8.65815264463378,38.7549759890932],[-8.65829974715786,38.7546972056139],[-8.65988083098908,38.7539689956159],[-8.66230694321465,38.7556679867882],[-8.66168452591586,38.7558459240365],[-8.6592947128872,38.757237068169],[-8.65979975398083,38.7576880332766],[-8.6635846469646,38.7567449765105],[-8.66380264618327,38.7562277466889],[-8.66415648255714,38.7564012506263],[-8.66432072433121,38.7566065245962],[-8.6641357179292,38.7572563281714],[-8.66220129891181,38.7578831838739],[-8.66217296432836,38.7577184937626],[-8.66183328718725,38.7576273235985],[-8.65907178456323,38.7582681711325],[-8.65869173285834,38.7582183763094],[-8.65806315826937,38.7575619500448],[-8.6591913160837,38.756083819981],[-8.65916237164133,38.7558367270993],[-8.65829436652273,38.7558097327898]]]}},{"type":"Feature","id":"CRUS_Montijo_V.36523","properties":{"AREA_HA":5.14514280139413,"Autor":"DGT","Categoria_2021":"Espaço Florestal","Classe_2021":"Solo Rústico","DTCC":"1507","Data_Pub_Origem":"1997-02-01T00:00:00","Designacao_no_plano":"Espaço florestal - Área de floresta de produção","Escala_origem":"1/25000","Fonte":"AML - Vectorial","ID1":36523,"Municipio":"MONTIJO"},"geometry":{"type":"Polygon","coordinates":[[[-8.63514007486374,38.7551998988637],[-8.63544237114473,38.7553739644253],[-8.63581125778294,38.7553814009802],[-8.63608667000179,38.755208637941],[-8.6366527074585,38.7553867961355],[-8.63729541204113,38.7549957298003],[-8.63901964319457,38.7559635114528],[-8.63850429969543,38.7564353144433],[-8.63794881996132,38.7561216664817],[-8.63745639411744,38.7565753038261],[-8.63654476341632,38.7564257294144],[-8.63644293878372,38.7566970752294],[-8.63614389583339,38.7567886611156],[-8.63511649855618,38.7565673399508],[-8.63473664988278,38.7566412090161],[-8.63461113073162,38.7568223500941],[-8.63427570210233,38.7568195225706],[-8.63411664854365,38.7564953605001],[-8.63463537234743,38.7555270608144],[-8.63514007486374,38.7551998988637]]]}},{"type":"Feature","id":"CRUS_Montijo_V.36524","properties":{"AREA_HA":4.93471131164017,"Autor":"DGT","Categoria_2021":"Espaço Agrícola","Classe_2021":"Solo Rústico","DTCC":"1507","Data_Pub_Origem":"1997-02-01T00:00:00","Designacao_no_plano":"Espaço agrícola - Área agrícola da RAN","Escala_origem":"1/25000","Fonte":"AML - Vectorial","ID1":36524,"Municipio":"MONTIJO"},"geometry":{"type":"Polygon","coordinates":[[[-8.54095081305183,38.7562411034794],[-8.54012110359754,38.756520423801],[-8.53899967229658,38.7575675877427],[-8.53870476211514,38.757773700177],[-8.53847679713586,38.7577388217119],[-8.53818928079451,38.7572404889784],[-8.53847022188114,38.7565796758951],[-8.53850985867604,38.7555362846737],[-8.53862181438087,38.7551970681382],[-8.53934644126356,38.7544633740395],[-8.53974427913265,38.7543371530886],[-8.53998482949943,38.7545859795275],[-8.54038840999267,38.7554673191909],[-8.54114292708521,38.7559818479531],[-8.54113260753807,38.7561691331353],[-8.54095081305183,38.7562411034794]]]}},{"type":"Feature","id":"CRUS_Montijo_V.36525","properties":{"AREA_HA":2.0128422480389,"Autor":"DGT","Categoria_2021":"Espaço Agrícola","Classe_2021":"Solo Rústico","DTCC":"1507","Data_Pub_Origem":"1997-02-01T00:00:00","Designacao_no_plano":"Espaço agrícola - Área agrícola não incluído na RAN","Escala_origem":"1/25000","Fonte":"AML - Vectorial","ID1":36525,"Municipio":"MONTIJO"},"geometry":{"type":"Polygon","coordinates":[[[-8.64060960937536,38.7531112427225],[-8.64097720227051,38.7529381669693],[-8.64209593953668,38.7530415920894],[-8.64139194614147,38.7545338168538],[-8.64102351239585,38.7545895784315],[-8.64034208899925,38.7543939819046],[-8.64019007878098,38.7540877946485],[-8.64060960937536,38.7531112427225]]]}},{"type":"Feature","id":"CRUS_Montijo_V.36526","properties":{"AREA_HA":8.26164948770273,"Autor":"DGT","Categoria_2021":"Espaço Florestal","Classe_2021":"Solo Rústico","DTCC":"1507","Data_Pub_Origem":"1997-02-01T00:00:00","Designacao_no_plano":"Espaço florestal - Área de floresta de produção","Escala_origem":"1/25000","Fonte":"AML - Vectorial","ID1":36526,"Municipio":"MONTIJO"},"geometry":{"type":"Polygon","coordinates":[[[-8.65631800261447,38.7519039204795],[-8.65620764081984,38.7522913085359],[-8.65683434890066,38.7530094311238],[-8.65577732661161,38.7532484708454],[-8.65499740419924,38.753612426408],[-8.65522927526439,38.7538456858303],[-8.65571261817664,38.7538435213064],[-8.65606934630435,38.7540706168348],[-8.65656567337295,38.7540379524831],[-8.65684385196612,38.7543070505982],[-8.65670839196446,38.7546681218075],[-8.65567383599063,38.7548349775314],[-8.65544472439448,38.7549801862422],[-8.65558518529712,38.7553039698678],[-8.65549404210421,38.7554305439748],[-8.65436911656737,38.75583209046],[-8.65410796985392,38.7561966034184],[-8.65364160952523,38.7553336229354],[-8.65347560758762,38.7546495232412],[-8.6536595213753,38.7526834679871],[-8.65368492573885,38.7525706181525],[-8.65630409353626,38.7518241767805],[-8.65631800261447,38.7519039204795]]]}},{"type":"Feature","id":"CRUS_Montijo_V.36527","properties":{"AREA_HA":30.0276808650793,"Autor":"DGT","Categoria_2021":"Não Atribuída","Classe_2021":"Solo Urbano","DTCC":"1507","Data_Pub_Origem":"1997-02-01T00:00:00","Designacao_no_plano":"Espaço urbano - Área urbanizada mista habitacional e equipamento industrial","Escala_origem":"1/25000","Fonte":"AML - Vectorial","ID1":36527,"Municipio":"MONTIJO"},"geometry":{"type":"Polygon","coordinates":[[[-8.62326096737142,38.7545961959441],[-8.62244877383516,38.755189674618],[-8.62171481177366,38.7553006777674],[-8.61993032806784,38.7562435303651],[-8.6191965963975,38.7563905030493],[-8.61818195846683,38.7557471449906],[-8.61734785174695,38.7546353506106],[-8.61715419733186,38.7531611148205],[-8.61747049749006,38.7524043008884],[-8.61925173881022,38.7509938036499],[-8.62126764164397,38.7503378059985],[-8.62260536139789,38.7512316104551],[-8.6230628063356,38.7509778527483],[-8.62551941812779,38.7543133153081],[-8.62546282423078,38.7545563371324],[-8.62474275183881,38.7548922113019],[-8.6236453787818,38.7543152866232],[-8.62326096737142,38.7545961959441]]]}},{"type":"Feature","id":"CRUS_Montijo_V.36528","properties":{"AREA_HA":4.69902078895555,"Autor":"DGT","Categoria_2021":"Espaço Agrícola","Classe_2021":"Solo Rústico","DTCC":"1507","Data_Pub_Origem":"1997-02-01T00:00:00","Designacao_no_plano":"Espaço agrícola - Área agrícola da RAN","Escala_origem":"1/25000","Fonte":"AML - Vectorial","ID1":36528,"Municipio":"MONTIJO"},"geometry":{"type":"Polygon","coordinates":[[[-8.53242116286419,38.7531375737296],[-8.53205693632141,38.7531655840415],[-8.53175992328292,38.7529970967103],[-8.53161065073039,38.7527745690688],[-8.53194608574732,38.7516671651291],[-8.53134178993471,38.7515264904726],[-8.53114722989302,38.7513487245152],[-8.53135024580604,38.751000096455],[-8.53252232135056,38.7508622624075],[-8.53285023760695,38.7504507598993],[-8.53344138931532,38.7502792180612],[-8.53409522403174,38.7511334256447],[-8.53391428684841,38.7513570864838],[-8.53387249753073,38.7520263361725],[-8.53377121319089,38.7522407957261],[-8.53272712245146,38.7528688789504],[-8.53242116286419,38.7531375737296]]]}},{"type":"Feature","id":"CRUS_Montijo_V.36529","properties":{"AREA_HA":1.47815751190726,"Autor":"DGT","Categoria_2021":"Espaço Florestal","Classe_2021":"Solo Rústico","DTCC":"1507","Data_Pub_Origem":"1997-02-01T00:00:00","Designacao_no_plano":"Espaço florestal - Área de mata e de protecção","Escala_origem":"1/25000","Fonte":"AML - Vectorial","ID1":36529,"Municipio":"MONTIJO"},"geometry":{"type":"Polygon","coordinates":[[[-8.63510128119117,38.7516946984422],[-8.63449233595195,38.7514397084803],[-8.63383009751131,38.7507784124648],[-8.6353248056636,38.7499683015887],[-8.63542007438356,38.7511569547182],[-8.63510128119117,38.7516946984422]]]}},{"type":"Feature","id":"CRUS_Montijo_V.36530","properties":{"AREA_HA":9.92728929840475,"Autor":"DGT","Categoria_2021":"Espaço Florestal","Classe_2021":"Solo Rústico","DTCC":"1507","Data_Pub_Origem":"1997-02-01T00:00:00","Designacao_no_plano":"Espaço florestal - Área de floresta de produção","Escala_origem":"1/25000","Fonte":"AML - Vectorial","ID1":36530,"Municipio":"MONTIJO"},"geometry":{"type":"Polygon","coordinates":[[[-8.63383009751131,38.7507784124648],[-8.63355042810685,38.7503282494165],[-8.63270993779032,38.7487655259888],[-8.63258589900131,38.7475022179132],[-8.63277715174552,38.7451930546809],[-8.63349053935435,38.7450636135945],[-8.63383768271449,38.745278774829],[-8.63421909723113,38.7464366006601],[-8.63442997767695,38.7467747736908],[-8.63517983805408,38.7481162157607],[-8.63529526775452,38.7497900436057],[-8.6353248056636,38.7499683015887],[-8.63383009751131,38.7507784124648]]]}},{"type":"Feature","id":"CRUS_Montijo_V.36531","properties":{"AREA_HA":2.18655843454395,"Autor":"DGT","Categoria_2021":"Não Atribuída","Classe_2021":"Solo Urbano","DTCC":"1507","Data_Pub_Origem":"1997-02-01T00:00:00","Designacao_no_plano":"Espaço urbano - Área urbanizada mista habitacional e equipamento industrial","Escala_origem":"1/25000","Fonte":"AML - Vectorial","ID1":36531,"Municipio":"MONTIJO"},"geometry":{"type":"Polygon","coordinates":[[[-8.59769500113159,38.7516140787447],[-8.59815436033735,38.7498773332118],[-8.60011809194197,38.7499953352513],[-8.60012143937936,38.7505077056033],[-8.59906441725444,38.7503681046118],[-8.59855716740794,38.751799420198],[-8.59769500113159,38.7516140787447]]]}},{"type":"Feature","id":"CRUS_Montijo_V.36532","properties":{"AREA_HA":2.36296037964686,"Autor":"DGT","Categoria_2021":"Espaço Agrícola","Classe_2021":"Solo Rústico","DTCC":"1507","Data_Pub_Origem":"1997-02-01T00:00:00","Designacao_no_plano":"Espaço agrícola - Área agrícola da RAN","Escala_origem":"1/25000","Fonte":"AML - Vectorial","ID1":36532,"Municipio":"MONTIJO"},"geometry":{"type":"Polygon","coordinates":[[[-8.7020802906671,38.7668662719378],[-8.70132261177943,38.7663335422937],[-8.70053864601048,38.7654851087402],[-8.70017952357069,38.7647358630109],[-8.70033766652858,38.7638946887102],[-8.70076229488739,38.7639999072792],[-8.70150294330113,38.7653552477314],[-8.70202261688191,38.7655672831039],[-8.7020802906671,38.7668662719378]]]}},{"type":"Feature","id":"CRUS_Montijo_V.36533","properties":{"AREA_HA":8.71899895756741,"Autor":"DGT","Categoria_2021":"Espaço Agrícola","Classe_2021":"Solo Rústico","DTCC":"1507","Data_Pub_Origem":"1997-02-01T00:00:00","Designacao_no_plano":"Espaço agrícola - Área agrícola não incluído na RAN","Escala_origem":"1/25000","Fonte":"AML - Vectorial","ID1":36533,"Municipio":"MONTIJO"},"geometry":{"type":"Polygon","coordinates":[[[-8.6371815719965,38.7526368601619],[-8.63652391081615,38.75249528531],[-8.63625679618975,38.752189545222],[-8.63618475146443,38.7517746593997],[-8.63665052607203,38.7508429714841],[-8.63767705438808,38.7493853470973],[-8.63854152952755,38.7494538119947],[-8.63891124502067,38.749605650731],[-8.63909683317001,38.7497853664051],[-8.63860806795024,38.7507171644706],[-8.63962097521131,38.7505954308057],[-8.63956631968303,38.7510108644782],[-8.63968266286936,38.751172827014],[-8.64160276294286,38.750640963159],[-8.64169787747157,38.7510557443738],[-8.64054019372464,38.7518821531232],[-8.63967715815297,38.7520212957092],[-8.63917245153725,38.7523303801523],[-8.63728227292073,38.7522121940032],[-8.6371815719965,38.7526368601619]]]}},{"type":"Feature","id":"CRUS_Montijo_V.36534","properties":{"AREA_HA":4.18271272639427,"Autor":"DGT","Categoria_2021":"Espaço Agrícola","Classe_2021":"Solo Rústico","DTCC":"1507","Data_Pub_Origem":"1997-02-01T00:00:00","Designacao_no_plano":"Espaço agrícola - Área agrícola não incluído na RAN","Escala_origem":"1/25000","Fonte":"AML - Vectorial","ID1":36534,"Municipio":"MONTIJO"},"geometry":{"type":"Polygon","coordinates":[[[-8.61747049749006,38.7524043008884],[-8.6176818911935,38.7517139329699],[-8.61832067878336,38.7510995885437],[-8.61881752737558,38.749874126775],[-8.61941365921758,38.7497454127371],[-8.61989371485965,38.7494196988132],[-8.62018894103684,38.7489328989297],[-8.62036664069631,38.7480685690409],[-8.62126764164397,38.7503378059985],[-8.61925173881022,38.7509938036499],[-8.61747049749006,38.7524043008884]]]}},{"type":"Feature","id":"CRUS_Montijo_V.36535","properties":{"AREA_HA":3.26873107737191,"Autor":"DGT","Categoria_2021":"Espaço Agrícola","Classe_2021":"Solo Rústico","DTCC":"1507","Data_Pub_Origem":"1997-02-01T00:00:00","Designacao_no_plano":"Espaço agrícola - Área agrícola não incluído na RAN","Escala_origem":"1/25000","Fonte":"AML - Vectorial","ID1":36535,"Municipio":"MONTIJO"},"geometry":{"type":"Polygon","coordinates":[[[-8.64952215683164,38.7467421516549],[-8.64919393775275,38.7491062826944],[-8.6473740759206,38.7489159295883],[-8.6481209418378,38.7471451315518],[-8.64837244457423,38.7469095604117],[-8.64952215683164,38.7467421516549]]]}},{"type":"Feature","id":"CRUS_Montijo_V.36536","properties":{"AREA_HA":16.0914555252668,"Autor":"DGT","Categoria_2021":"Espaço Agrícola","Classe_2021":"Solo Rústico","DTCC":"1507","Data_Pub_Origem":"1997-02-01T00:00:00","Designacao_no_plano":"Espaço agrícola - Área agrícola da RAN","Escala_origem":"1/25000","Fonte":"AML - Vectorial","ID1":36536,"Municipio":"MONTIJO"},"geometry":{"type":"Polygon","coordinates":[[[-8.61881752737558,38.749874126775],[-8.61771099685132,38.7500999485562],[-8.61702499688157,38.7499178908949],[-8.61584041031844,38.7493311109586],[-8.61501001210988,38.7487428457649],[-8.61436690734144,38.747913424108],[-8.614568701156,38.7463224086054],[-8.61745007834408,38.7464399127519],[-8.61796876110941,38.7463268145474],[-8.61834716066187,38.7464176897617],[-8.62036664069631,38.7480685690409],[-8.62018894103684,38.7489328989297],[-8.61989371485965,38.7494196988132],[-8.61941365921758,38.7497454127371],[-8.61881752737558,38.749874126775]]]}},{"type":"Feature","id":"CRUS_Montijo_V.36537","properties":{"AREA_HA":13.8917780694764,"Autor":"DGT","Categoria_2021":"Espaço Agrícola","Classe_2021":"Solo Rústico","DTCC":"1507","Data_Pub_Origem":"1997-02-01T00:00:00","Designacao_no_plano":"Espaço agrícola - Área agrícola não incluído na RAN","Escala_origem":"1/25000","Fonte":"AML - Vectorial","ID1":36537,"Municipio":"MONTIJO"},"geometry":{"type":"Polygon","coordinates":[[[-8.67502260607222,38.749221961232],[-8.67394644910035,38.7468024860343],[-8.67704976385652,38.746305271929],[-8.67761617098917,38.7464993186034],[-8.67766759426794,38.7470712743299],[-8.6815007111385,38.7465884047731],[-8.6816057377327,38.7481898537176],[-8.67612701328392,38.7489664931664],[-8.67502260607222,38.749221961232]]]}},{"type":"Feature","id":"CRUS_Montijo_V.36538","properties":{"AREA_HA":2.00579649282489,"Autor":"DGT","Categoria_2021":"Espaço Agrícola","Classe_2021":"Solo Rústico","DTCC":"1507","Data_Pub_Origem":"1997-02-01T00:00:00","Designacao_no_plano":"Espaço agrícola - Área agrícola não incluído na RAN","Escala_origem":"1/25000","Fonte":"AML - Vectorial","ID1":36538,"Municipio":"MONTIJO"},"geometry":{"type":"Polygon","coordinates":[[[-8.64312757794513,38.747037305855],[-8.64058203173081,38.7469671948697],[-8.64041953428023,38.746787435298],[-8.64051018421605,38.7465795058916],[-8.64130472118504,38.7456612751685],[-8.64229253860351,38.7462108051303],[-8.64312757794513,38.747037305855]]]}},{"type":"Feature","id":"CRUS_Montijo_V.36539","properties":{"AREA_HA":5.82769858380221,"Autor":"DGT","Categoria_2021":"Espaço Agrícola","Classe_2021":"Solo Rústico","DTCC":"1507","Data_Pub_Origem":"1997-02-01T00:00:00","Designacao_no_plano":"Espaço agrícola - Área agrícola da RAN","Escala_origem":"1/25000","Fonte":"AML - Vectorial","ID1":36539,"Municipio":"MONTIJO"},"geometry":{"type":"Polygon","coordinates":[[[-8.64312757794513,38.747037305855],[-8.64487822896868,38.7470657227978],[-8.64502909642267,38.747227483912],[-8.64493839330588,38.7474263999303],[-8.64440983026112,38.7475911330073],[-8.64335062562059,38.7476318664729],[-8.64117279521838,38.7474518830978],[-8.64052816367538,38.7474907847573],[-8.63917147555529,38.7478034736053],[-8.638905265896,38.7476151366205],[-8.63897251105326,38.7473531712122],[-8.64017059550836,38.745786937163],[-8.640316266122,38.7452178275722],[-8.64093355741949,38.7445744927074],[-8.64120928764667,38.7444830580033],[-8.64199489034581,38.7448405652025],[-8.6419275304547,38.7450844897659],[-8.64145274995368,38.7455241863133],[-8.64130472118504,38.7456612751685],[-8.64051018421605,38.7465795058916],[-8.64041953428023,38.746787435298],[-8.64058203173081,38.7469671948697],[-8.64312757794513,38.747037305855]]]}},{"type":"Feature","id":"CRUS_Montijo_V.36540","properties":{"AREA_HA":9.52500862453878,"Autor":"DGT","Categoria_2021":"Não Atribuída","Classe_2021":"Não Atribuída","DTCC":"1507","Data_Pub_Origem":"1997-02-01T00:00:00","Designacao_no_plano":"Indefinida","Escala_origem":"1/25000","Fonte":"AML - Vectorial","ID1":36540,"Municipio":"MONTIJO"},"geometry":{"type":"Polygon","coordinates":[[[-8.63767151665469,38.7478569852132],[-8.63624552456018,38.7489510421325],[-8.63586557205673,38.7489797587806],[-8.6356108115155,38.7487913101272],[-8.63547940650309,38.7481239520725],[-8.63517983805408,38.7481162157607],[-8.63442997767695,38.7467747736908],[-8.63421909723113,38.7464366006601],[-8.63525581341505,38.7460518419312],[-8.63593442081178,38.7457962800338],[-8.63695010943421,38.7459904868189],[-8.6370173536631,38.7457193972788],[-8.63757922368784,38.7448376979046],[-8.6380480581308,38.7449868948718],[-8.63899489646622,38.7453075483389],[-8.63767151665469,38.7478569852132]]]}},{"type":"Feature","id":"CRUS_Montijo_V.36541","properties":{"AREA_HA":5.02571070076083,"Autor":"DGT","Categoria_2021":"Espaço Natural e Paisagístico","Classe_2021":"Solo Rústico","DTCC":"1507","Data_Pub_Origem":"1997-02-01T00:00:00","Designacao_no_plano":"Espaço aquícola  - Albufeira","Escala_origem":"1/25000","Fonte":"AML - Vectorial","ID1":36541,"Municipio":"MONTIJO"},"geometry":{"type":"Polygon","coordinates":[[[-8.59081491585788,38.7471697901889],[-8.59059658127686,38.7474610744135],[-8.58860452402551,38.7476685367599],[-8.58800072431235,38.7474893823731],[-8.58785923307951,38.7471087514275],[-8.58858720562748,38.7467701003726],[-8.58922269317173,38.7464681181644],[-8.58987167109508,38.7464655769059],[-8.58937856520701,38.7454691683373],[-8.58937694337732,38.7452150584185],[-8.59002267429486,38.7447042802836],[-8.59025432631419,38.7446852206032],[-8.59083631456052,38.7450822715647],[-8.59121552940593,38.7463877003606],[-8.5910332486723,38.7468785055529],[-8.59081491585788,38.7471697901889]]]}},{"type":"Feature","id":"CRUS_Montijo_V.36542","properties":{"AREA_HA":11.7977767603072,"Autor":"DGT","Categoria_2021":"Espaço Agrícola","Classe_2021":"Solo Rústico","DTCC":"1507","Data_Pub_Origem":"1997-02-01T00:00:00","Designacao_no_plano":"Espaço agrícola - Área agrícola da RAN","Escala_origem":"1/25000","Fonte":"AML - Vectorial","ID1":36542,"Municipio":"MONTIJO"},"geometry":{"type":"Polygon","coordinates":[[[-8.58800072431235,38.7474893823731],[-8.5872274631492,38.7469981362228],[-8.58648369582774,38.7467284846476],[-8.58581088162207,38.7466765915052],[-8.58527559422034,38.7463697842292],[-8.58355129608555,38.7450500746717],[-8.58131066199608,38.7427329842619],[-8.58039874998378,38.7415191163949],[-8.58020920749631,38.7408730135705],[-8.58020591288818,38.7403461103359],[-8.58094026028933,38.7391259211808],[-8.58095499051406,38.738341031643],[-8.5813365949311,38.7382124981977],[-8.58171818767552,38.7380839725597],[-8.58211887289441,38.7385036186373],[-8.5821900289283,38.7387577213408],[-8.58177700478094,38.7394497588666],[-8.58132097043821,38.7406780899976],[-8.58132506949545,38.7413321825332],[-8.58174790041359,38.7422027032644],[-8.58319419481585,38.743578021643],[-8.5834959822177,38.7436313636366],[-8.58391037624763,38.7431573551261],[-8.58418816039335,38.7430836035967],[-8.58435185089731,38.7433010009205],[-8.58426471693867,38.7441916534048],[-8.58442955632477,38.7445907464535],[-8.58638517065576,38.7458186989931],[-8.58858720562748,38.7467701003726],[-8.58785923307951,38.7471087514275],[-8.58800072431235,38.7474893823731]]]}},{"type":"Feature","id":"CRUS_Montijo_V.36543","properties":{"AREA_HA":2.71268311822917,"Autor":"DGT","Categoria_2021":"Espaço Florestal","Classe_2021":"Solo Rústico","DTCC":"1507","Data_Pub_Origem":"1997-02-01T00:00:00","Designacao_no_plano":"Espaço florestal - Área de mata e de protecção","Escala_origem":"1/25000","Fonte":"AML - Vectorial","ID1":36543,"Municipio":"MONTIJO"},"geometry":{"type":"Polygon","coordinates":[[[-8.67158152544042,38.7456386694471],[-8.67032079933456,38.7444653285597],[-8.67076745067936,38.7441503782462],[-8.67158987537649,38.7437590063888],[-8.67272887256277,38.7437846490289],[-8.67286576543159,38.7439591310306],[-8.6730390572027,38.7444633703723],[-8.67175948356022,38.7450920719549],[-8.67200074025078,38.7455384200375],[-8.67158152544042,38.7456386694471]]]}},{"type":"Feature","id":"CRUS_Montijo_V.36544","properties":{"AREA_HA":11.7200838115193,"Autor":"DGT","Categoria_2021":"Espaço Agrícola","Classe_2021":"Solo Rústico","DTCC":"1507","Data_Pub_Origem":"1997-02-01T00:00:00","Designacao_no_plano":"Espaço agrícola - Área agrícola da RAN","Escala_origem":"1/25000","Fonte":"AML - Vectorial","ID1":36544,"Municipio":"MONTIJO"},"geometry":{"type":"Polygon","coordinates":[[[-8.63525581341505,38.7460518419312],[-8.63511600049309,38.7458357208918],[-8.63550236967637,38.7450574689175],[-8.63473256014484,38.7437460016494],[-8.63462917091799,38.74343007631],[-8.63318913523661,38.7418828398741],[-8.63283707529805,38.7409812063736],[-8.63284462521473,38.7404121833134],[-8.63289360313012,38.7391746609862],[-8.63272695459847,38.7384167298171],[-8.63200359945657,38.7371554165638],[-8.63128555243983,38.736652722466],[-8.63107534732243,38.7362562407649],[-8.63123392404783,38.7358581752556],[-8.63167197162803,38.7358743646366],[-8.63213723639235,38.7364865138453],[-8.63266988558393,38.7368455000407],[-8.63333766972644,38.7367523231399],[-8.63361552668558,38.7369317594644],[-8.63356217761282,38.7391898547296],[-8.63385713980784,38.7401666511102],[-8.63385275417967,38.7411864753525],[-8.63413126307561,38.7414562215598],[-8.63450070512257,38.7415449570537],[-8.63518676089256,38.7407652901146],[-8.63553302494059,38.7408360526047],[-8.635601397827,38.7410497338938],[-8.63526463818048,38.7423329599815],[-8.6355022428544,38.7433429134797],[-8.63655377986474,38.7453603323514],[-8.6370173536631,38.7457193972788],[-8.63695010943421,38.7459904868189],[-8.63593442081178,38.7457962800338],[-8.63525581341505,38.7460518419312]]]}},{"type":"Feature","id":"CRUS_Montijo_V.36545","properties":{"AREA_HA":3.96090204520281,"Autor":"DGT","Categoria_2021":"Espaço Agrícola","Classe_2021":"Solo Rústico","DTCC":"1507","Data_Pub_Origem":"1997-02-01T00:00:00","Designacao_no_plano":"Espaço agrícola - Área agrícola não incluído na RAN","Escala_origem":"1/25000","Fonte":"AML - Vectorial","ID1":36545,"Municipio":"MONTIJO"},"geometry":{"type":"Polygon","coordinates":[[[-8.63899489646622,38.7453075483389],[-8.6380480581308,38.7449868948718],[-8.63881102527302,38.7437386659377],[-8.6384753183235,38.7435055709536],[-8.63848582247451,38.7433611900928],[-8.63903061359816,38.7422131462168],[-8.63926040564656,38.7421309599025],[-8.64064754396168,38.7428195563386],[-8.64068388825317,38.7430719912042],[-8.64010072845464,38.7436789463979],[-8.63899489646622,38.7453075483389]]]}},{"type":"Feature","id":"CRUS_Montijo_V.36546","properties":{"AREA_HA":5.75705459571703,"Autor":"DGT","Categoria_2021":"Espaço Agrícola","Classe_2021":"Solo Rústico","DTCC":"1507","Data_Pub_Origem":"1997-02-01T00:00:00","Designacao_no_plano":"Espaço agrícola - Área agrícola da RAN","Escala_origem":"1/25000","Fonte":"AML - Vectorial","ID1":36546,"Municipio":"MONTIJO"},"geometry":{"type":"Polygon","coordinates":[[[-8.70198376637339,38.74917228029],[-8.69970010886498,38.7491297523671],[-8.69847398004364,38.7488674890502],[-8.69655129457787,38.7498244847064],[-8.69624431200774,38.7497008017592],[-8.69602613380512,38.7488972081053],[-8.69529292888828,38.7484537241147],[-8.69486530075189,38.7479551118046],[-8.69495763436176,38.7477222162604],[-8.69519202469783,38.7475959216917],[-8.69635157790267,38.7483770931262],[-8.69708168791866,38.7484272085341],[-8.69783308529479,38.7481911218915],[-8.69860262123704,38.7481766568179],[-8.69940362759821,38.7482621748655],[-8.69992345443202,38.7485099817374],[-8.70060662920481,38.7485781836657],[-8.70204019503137,38.7482851069589],[-8.70198376637339,38.74917228029]]]}},{"type":"Feature","id":"CRUS_Montijo_V.36547","properties":{"AREA_HA":3.09390088904654,"Autor":"DGT","Categoria_2021":"Espaço Florestal","Classe_2021":"Solo Rústico","DTCC":"1507","Data_Pub_Origem":"1997-02-01T00:00:00","Designacao_no_plano":"Espaço florestal - Área de mata e de protecção","Escala_origem":"1/25000","Fonte":"AML - Vectorial","ID1":36547,"Municipio":"MONTIJO"},"geometry":{"type":"Polygon","coordinates":[[[-8.74151173021853,38.7430808455377],[-8.73855862605745,38.743067760412],[-8.74045117665024,38.7414218160738],[-8.74184617710415,38.7421655486644],[-8.74151173021853,38.7430808455377]]]}},{"type":"Feature","id":"CRUS_Montijo_V.36548","properties":{"AREA_HA":410.541936107441,"Autor":"DGT","Categoria_2021":"Espaço Florestal","Classe_2021":"Solo Rústico","DTCC":"1507","Data_Pub_Origem":"1997-02-01T00:00:00","Designacao_no_plano":"Espaço florestal - Área de floresta de produção","Escala_origem":"1/25000","Fonte":"AML - Vectorial","ID1":36548,"Municipio":"MONTIJO"},"geometry":{"type":"Polygon","coordinates":[[[-8.74151173021853,38.7430808455377],[-8.74184617710415,38.7421655486644],[-8.74045117665024,38.7414218160738],[-8.73855862605745,38.743067760412],[-8.73289139257192,38.7430614696527],[-8.73176941899973,38.740796980386],[-8.73066025849019,38.7398367783327],[-8.73056051884241,38.7397750163933],[-8.73036203560981,38.7399637862772],[-8.73081787165421,38.7409985483714],[-8.73087023740551,38.7416330541461],[-8.73040049006969,38.7417516806744],[-8.73087034639849,38.7430545832537],[-8.72060703894839,38.7430269533597],[-8.72072260529932,38.7425162765285],[-8.72046084361555,38.7421689229592],[-8.71945011153821,38.7423349348079],[-8.7192730114858,38.7422643017858],[-8.71784592883629,38.7386557694112],[-8.71714397992402,38.7377205364297],[-8.71626613038428,38.7368577024089],[-8.71550925032319,38.7363965814327],[-8.71448239197056,38.736017260228],[-8.71209987136231,38.7353406912419],[-8.71143224415674,38.7349277613016],[-8.71069645713538,38.7342195412616],[-8.71820919735738,38.7319827517],[-8.71578114289048,38.7257646398853],[-8.71525053626674,38.7241758804229],[-8.71512343497131,38.7230142486545],[-8.7164435914245,38.7232191096228],[-8.71988658323607,38.7241316606996],[-8.72658812166002,38.7263865266714],[-8.72688833886825,38.7303188168702],[-8.7270310135984,38.7304969084974],[-8.7327232110516,38.7287512143818],[-8.73312384854605,38.7288206783916],[-8.73338464681324,38.7290517881722],[-8.73322321603527,38.7294460062527],[-8.73362490798295,38.729640628336],[-8.73393082830289,38.7296390538314],[-8.73456062684953,38.7289742083884],[-8.73939690060484,38.7303975371706],[-8.74318385807849,38.73156706754],[-8.74759779393928,38.7330995562282],[-8.74535893573581,38.7361870629459],[-8.74583834159507,38.7372037630538],[-8.74553438970315,38.7374378093291],[-8.7448252949195,38.7370839124675],[-8.74428917848072,38.7371874130521],[-8.7440973017272,38.7375453860276],[-8.74451060392237,38.7377130934846],[-8.74440646178018,38.7379192728786],[-8.74307518809421,38.739124264374],[-8.74371224061733,38.739308676133],[-8.7459337988335,38.7403788323111],[-8.74602986080166,38.7406018334936],[-8.74545992685162,38.7413867264048],[-8.74781348185874,38.7427422364399],[-8.74807499400723,38.7430448317688],[-8.74151173021853,38.7430808455377]]]}},{"type":"Feature","id":"CRUS_Montijo_V.36549","properties":{"AREA_HA":12.6949893979436,"Autor":"DGT","Categoria_2021":"Espaço Agrícola","Classe_2021":"Solo Rústico","DTCC":"1507","Data_Pub_Origem":"1997-02-01T00:00:00","Designacao_no_plano":"Espaço agrícola - Área agrícola não incluído na RAN","Escala_origem":"1/25000","Fonte":"AML - Vectorial","ID1":36549,"Municipio":"MONTIJO"},"geometry":{"type":"Polygon","coordinates":[[[-8.64961106609529,38.7408902092519],[-8.64974857883757,38.7408039528314],[-8.65024408710257,38.7408738832086],[-8.65133123443948,38.7415722768235],[-8.65246073216063,38.7433433412222],[-8.65221185650106,38.7439485069999],[-8.65181117833124,38.7442568229398],[-8.65067437641784,38.7446585580959],[-8.65051797102964,38.7453174032602],[-8.64970361300084,38.7457357318388],[-8.64892632750095,38.7449097249559],[-8.64795977948364,38.7449771064027],[-8.64776343422152,38.7448878209741],[-8.64780513056396,38.7442835788616],[-8.64798685755029,38.7439401846021],[-8.64860758098861,38.7438112224766],[-8.64907390347492,38.7430247982838],[-8.6496011555845,38.7427069144948],[-8.64891911848265,38.7423132384443],[-8.64888327937047,38.7421330838137],[-8.64892819698536,38.7419915408696],[-8.6478913228797,38.7415447854728],[-8.6473935542721,38.7411590878808],[-8.64738100377944,38.7410148166395],[-8.64795701408395,38.7410754214837],[-8.64828101983591,38.7413085228368],[-8.64912222994981,38.7415123937364],[-8.64961106609529,38.7408902092519]]]}},{"type":"Feature","id":"CRUS_Montijo_V.36550","properties":{"AREA_HA":4.42682904905163,"Autor":"DGT","Categoria_2021":"Espaço Agrícola","Classe_2021":"Solo Rústico","DTCC":"1507","Data_Pub_Origem":"1997-02-01T00:00:00","Designacao_no_plano":"Espaço agrícola - Área agrícola da RAN","Escala_origem":"1/25000","Fonte":"AML - Vectorial","ID1":36550,"Municipio":"MONTIJO"},"geometry":{"type":"Polygon","coordinates":[[[-8.64891911848265,38.7423132384443],[-8.64805834595234,38.7423585597209],[-8.64690195406358,38.7416329942777],[-8.64532082630424,38.7410716432963],[-8.6453196630045,38.7409092796536],[-8.64552595723132,38.7407820895664],[-8.64683759770896,38.7406861133011],[-8.64706652541553,38.7405046933124],[-8.64711585631149,38.7401829259769],[-8.6472138357798,38.7401792963549],[-8.64827408835671,38.7403460127771],[-8.64835551119196,38.740462919238],[-8.64883930733268,38.7405058847844],[-8.64974700473027,38.740267334422],[-8.64961106609529,38.7408902092519],[-8.64912222994981,38.7415123937364],[-8.64828101983591,38.7413085228368],[-8.64795701408395,38.7410754214837],[-8.64738100377944,38.7410148166395],[-8.6473935542721,38.7411590878808],[-8.6478913228797,38.7415447854728],[-8.64892819698536,38.7419915408696],[-8.64888327937047,38.7421330838137],[-8.64891911848265,38.7423132384443]]]}},{"type":"Feature","id":"CRUS_Montijo_V.36551","properties":{"AREA_HA":5.19188781232426,"Autor":"DGT","Categoria_2021":"Espaço Florestal","Classe_2021":"Solo Rústico","DTCC":"1507","Data_Pub_Origem":"1997-02-01T00:00:00","Designacao_no_plano":"Espaço florestal - Área de mata e de protecção","Escala_origem":"1/25000","Fonte":"AML - Vectorial","ID1":36551,"Municipio":"MONTIJO"},"geometry":{"type":"Polygon","coordinates":[[[-8.64827408835671,38.7403460127771],[-8.6472138357798,38.7401792963549],[-8.64711585631149,38.7401829259769],[-8.64530330705271,38.7402328052449],[-8.64472490710273,38.7398384422256],[-8.64484721365571,38.7392335225842],[-8.64508739585013,38.7390159789071],[-8.64640752880585,38.7385050168323],[-8.64751166441128,38.7383738693627],[-8.64818344425709,38.7389482183419],[-8.64844552422266,38.7401738605174],[-8.64827408835671,38.7403460127771]]]}},{"type":"Feature","id":"CRUS_Montijo_V.36552","properties":{"AREA_HA":76.1980504707798,"Autor":"DGT","Categoria_2021":"Espaço Agrícola","Classe_2021":"Solo Rústico","DTCC":"1507","Data_Pub_Origem":"1997-02-01T00:00:00","Designacao_no_plano":"Espaço agrícola - Área agrícola não incluído na RAN","Escala_origem":"1/25000","Fonte":"AML - Vectorial","ID1":36552,"Municipio":"MONTIJO"},"geometry":{"type":"Polygon","coordinates":[[[-8.75670869683404,38.7420219211229],[-8.75681163768616,38.7404867746372],[-8.75633734844574,38.740078050362],[-8.75451768221421,38.7392294677199],[-8.75397916986828,38.739554198952],[-8.753180215401,38.7397014935723],[-8.75268304093642,38.7393643905587],[-8.75255360132073,38.7380061269954],[-8.75233575943035,38.7373099315656],[-8.75184002855893,38.7365281557153],[-8.75085275965954,38.7339406491834],[-8.75042267667914,38.7331919307066],[-8.75215331030983,38.7332200366223],[-8.75405185874516,38.7352441111395],[-8.75431569588044,38.7358148932938],[-8.75531266938598,38.7367930354415],[-8.75564214930401,38.7367912777322],[-8.75650979873214,38.736429029325],[-8.75646085950094,38.7362147204952],[-8.75572492703401,38.7354855271518],[-8.75570502198152,38.7331968695065],[-8.75802734842893,38.7330051426865],[-8.76229481462718,38.7338941410341],[-8.76446523773676,38.7344903653786],[-8.76590758782812,38.7379156949118],[-8.76583967209277,38.7382200369493],[-8.76057117808377,38.7401611397754],[-8.75670869683404,38.7420219211229]]]}},{"type":"Feature","id":"CRUS_Montijo_V.36553","properties":{"AREA_HA":2.0792076789695,"Autor":"DGT","Categoria_2021":"Espaço Florestal","Classe_2021":"Solo Rústico","DTCC":"1507","Data_Pub_Origem":"1997-02-01T00:00:00","Designacao_no_plano":"Espaço florestal - Área de floresta de produção","Escala_origem":"1/25000","Fonte":"AML - Vectorial","ID1":36553,"Municipio":"MONTIJO"},"geometry":{"type":"Polygon","coordinates":[[[-8.75572492703401,38.7354855271518],[-8.7538232027537,38.7332471251621],[-8.75570502198152,38.7331968695065],[-8.75572492703401,38.7354855271518]]]}},{"type":"Feature","id":"CRUS_Montijo_V.36554","properties":{"AREA_HA":3.64371495102206,"Autor":"DGT","Categoria_2021":"Não Atribuída","Classe_2021":"Solo Urbano","DTCC":"1507","Data_Pub_Origem":"1997-02-01T00:00:00","Designacao_no_plano":"Espaço urbano - Área urbanizada mista habitacional e equipamento industrial","Escala_origem":"1/25000","Fonte":"AML - Vectorial","ID1":36554,"Municipio":"MONTIJO"},"geometry":{"type":"Polygon","coordinates":[[[-8.66244306103075,38.736698584516],[-8.66202825391337,38.7337646672368],[-8.66150136014097,38.734003984019],[-8.66095444378184,38.7333677925939],[-8.66161582337456,38.7329836599788],[-8.66212069486891,38.7334346180796],[-8.66298699223365,38.7332658667249],[-8.66334860177963,38.7363339352164],[-8.66244306103075,38.736698584516]]]}},{"type":"Feature","id":"CRUS_Montijo_V.36555","properties":{"AREA_HA":12.5968506940442,"Autor":"DGT","Categoria_2021":"Espaço Florestal","Classe_2021":"Solo Rústico","DTCC":"1507","Data_Pub_Origem":"1997-02-01T00:00:00","Designacao_no_plano":"Espaço florestal - Área de mata e de protecção","Escala_origem":"1/25000","Fonte":"AML - Vectorial","ID1":36555,"Municipio":"MONTIJO"},"geometry":{"type":"Polygon","coordinates":[[[-8.58242505847881,38.7355790016066],[-8.58237719331072,38.7353430769274],[-8.58283503060162,38.7343968558053],[-8.58320443713447,38.7341411516248],[-8.58396781113509,38.7338476032934],[-8.58549671219463,38.7336055630629],[-8.58605092681425,38.7332401626668],[-8.58637577599385,38.7332752297043],[-8.58656543205529,38.7339283401614],[-8.587552129379,38.7359405496163],[-8.58753066303046,38.7362130712972],[-8.58739199939264,38.7362862614335],[-8.58695095432306,38.7362153295662],[-8.58651048651475,38.7362352035371],[-8.58611788379181,38.7364910079602],[-8.58591367413777,38.7372001382814],[-8.58568338912027,38.7374553105948],[-8.58485099956016,38.7378399563629],[-8.58355419748172,38.7381517238722],[-8.58341452238136,38.7380453016407],[-8.58350338944956,38.7374274226942],[-8.58382163013616,38.7364090962754],[-8.58490862619458,38.7359508219443],[-8.5850916199835,38.7355505350918],[-8.5849032348225,38.7350971973584],[-8.58323710867146,38.7356485190501],[-8.58268104634632,38.7357233145161],[-8.58242505847881,38.7355790016066]]]}},{"type":"Feature","id":"CRUS_Montijo_V.36556","properties":{"AREA_HA":3.4833025600452,"Autor":"DGT","Categoria_2021":"Não Atribuída","Classe_2021":"Solo Urbano","DTCC":"1507","Data_Pub_Origem":"1997-02-01T00:00:00","Designacao_no_plano":"Espaço urbano - Área urbanizada mista habitacional e equipamento industrial","Escala_origem":"1/25000","Fonte":"AML - Vectorial","ID1":36556,"Municipio":"MONTIJO"},"geometry":{"type":"Polygon","coordinates":[[[-8.62384012057361,38.735501600229],[-8.62226041481571,38.7361736401469],[-8.62157957882643,38.7339824475484],[-8.62304580123457,38.733508718149],[-8.62384012057361,38.735501600229]]]}},{"type":"Feature","id":"CRUS_Montijo_V.36557","properties":{"AREA_HA":13.5425674082713,"Autor":"DGT","Categoria_2021":"Espaço Agrícola","Classe_2021":"Solo Rústico","DTCC":"1507","Data_Pub_Origem":"1997-02-01T00:00:00","Designacao_no_plano":"Espaço agrícola - Área agrícola não incluído na RAN","Escala_origem":"1/25000","Fonte":"AML - Vectorial","ID1":36557,"Municipio":"MONTIJO"},"geometry":{"type":"Polygon","coordinates":[[[-8.61326095820789,38.7350872457656],[-8.61289006609588,38.7349980885338],[-8.61259691412234,38.7326959249434],[-8.61268729129786,38.732369093585],[-8.61398115633117,38.732055438763],[-8.61566903779061,38.7318308239282],[-8.61670528176034,38.7344926354877],[-8.61685223153724,38.7356890480047],[-8.61720674190946,38.7367757812364],[-8.61524042712179,38.7369108861516],[-8.61485621145681,38.7348448816197],[-8.61326095820789,38.7350872457656]]]}},{"type":"Feature","id":"CRUS_Montijo_V.36558","properties":{"AREA_HA":2.38649444088973,"Autor":"DGT","Categoria_2021":"Espaço Natural e Paisagístico","Classe_2021":"Solo Rústico","DTCC":"1507","Data_Pub_Origem":"1997-02-01T00:00:00","Designacao_no_plano":"Espaço aquícola  - Albufeira","Escala_origem":"1/25000","Fonte":"AML - Vectorial","ID1":36558,"Municipio":"MONTIJO"},"geometry":{"type":"Polygon","coordinates":[[[-8.6267741014632,38.7337378963935],[-8.62605985404251,38.7331470284256],[-8.626918178359,38.7317026633412],[-8.62771569914725,38.7313860751176],[-8.62832970342268,38.730962885179],[-8.6287865378627,38.7309430455622],[-8.62870805558374,38.7311581483839],[-8.62753477490316,38.7316552996462],[-8.62720946452384,38.7325247002928],[-8.62747395085285,38.7327741458587],[-8.62826304610429,38.7328871278373],[-8.62835542974227,38.7330299183325],[-8.62736335579343,38.7333025840614],[-8.62727387843797,38.7335803737005],[-8.6267741014632,38.7337378963935]]]}},{"type":"Feature","id":"CRUS_Montijo_V.36559","properties":{"AREA_HA":10.221982375187,"Autor":"DGT","Categoria_2021":"Espaço Agrícola","Classe_2021":"Solo Rústico","DTCC":"1507","Data_Pub_Origem":"1997-02-01T00:00:00","Designacao_no_plano":"Espaço agrícola - Área agrícola não incluído na RAN","Escala_origem":"1/25000","Fonte":"AML - Vectorial","ID1":36559,"Municipio":"MONTIJO"},"geometry":{"type":"Polygon","coordinates":[[[-8.63352370928552,38.7330061101246],[-8.63291943012451,38.7323399732208],[-8.63304456035962,38.7320954369112],[-8.63475586575765,38.7311211317286],[-8.63577922374153,38.7307100675318],[-8.63644002133346,38.7312132882717],[-8.63803696001377,38.7303840172041],[-8.63912027969443,38.7319336831171],[-8.63822547979759,38.7325882196083],[-8.63630715071141,38.7336357573955],[-8.63541280019257,38.7327178489712],[-8.63493047018001,38.7330000656576],[-8.63426992021634,38.7325329849586],[-8.63352370928552,38.7330061101246]]]}},{"type":"Feature","id":"CRUS_Montijo_V.36560","properties":{"AREA_HA":6.54851740369834,"Autor":"DGT","Categoria_2021":"Espaço Agrícola","Classe_2021":"Solo Rústico","DTCC":"1507","Data_Pub_Origem":"1997-02-01T00:00:00","Designacao_no_plano":"Espaço agrícola - Área agrícola não incluído na RAN","Escala_origem":"1/25000","Fonte":"AML - Vectorial","ID1":36560,"Municipio":"MONTIJO"},"geometry":{"type":"Polygon","coordinates":[[[-8.64369772969994,38.7301793848467],[-8.64220851750906,38.7315860645643],[-8.64479482511116,38.7336162960151],[-8.64390036836761,38.7343338587115],[-8.64078195893771,38.7320800931066],[-8.64125261418432,38.7317709067045],[-8.64083494241004,38.7314204221835],[-8.64288713766012,38.729713188949],[-8.64369772969994,38.7301793848467]]]}},{"type":"Feature","id":"CRUS_Montijo_V.36561","properties":{"AREA_HA":8.19839090392515,"Autor":"DGT","Categoria_2021":"Espaço Agrícola","Classe_2021":"Solo Rústico","DTCC":"1507","Data_Pub_Origem":"1997-02-01T00:00:00","Designacao_no_plano":"Espaço agrícola - Área agrícola não incluído na RAN","Escala_origem":"1/25000","Fonte":"AML - Vectorial","ID1":36561,"Municipio":"MONTIJO"},"geometry":{"type":"Polygon","coordinates":[[[-8.6870077660254,38.7309147567102],[-8.6850537222627,38.7306355913527],[-8.6850019404689,38.7291936910596],[-8.68529924775261,38.7290789718486],[-8.68530907084755,38.7285947726675],[-8.68556604301326,38.7285214471434],[-8.6896644387962,38.729161234896],[-8.68907998656275,38.7306988777295],[-8.68861985406891,38.7307937797662],[-8.68772406912234,38.7306435281037],[-8.68771251801119,38.7309011039902],[-8.6870077660254,38.7309147567102]]]}},{"type":"Feature","id":"CRUS_Montijo_V.36562","properties":{"AREA_HA":5.2499076536756,"Autor":"DGT","Categoria_2021":"Espaço Agrícola","Classe_2021":"Solo Rústico","DTCC":"1507","Data_Pub_Origem":"1997-02-01T00:00:00","Designacao_no_plano":"Espaço agrícola - Área agrícola não incluído na RAN","Escala_origem":"1/25000","Fonte":"AML - Vectorial","ID1":36562,"Municipio":"MONTIJO"},"geometry":{"type":"Polygon","coordinates":[[[-8.659837379634,38.7301051052115],[-8.65956531264897,38.729972420968],[-8.65828048612754,38.7285154635526],[-8.66006580960506,38.7279923610564],[-8.66166485640063,38.7279439234573],[-8.66186877360251,38.7280254046636],[-8.66195199954433,38.7282825577733],[-8.66244367439161,38.7287850738506],[-8.66239074945596,38.7289604297902],[-8.659837379634,38.7301051052115]]]}},{"type":"Feature","id":"CRUS_Montijo_V.36563","properties":{"AREA_HA":4.04882386734495,"Autor":"DGT","Categoria_2021":"Espaço Agrícola","Classe_2021":"Solo Rústico","DTCC":"1507","Data_Pub_Origem":"1997-02-01T00:00:00","Designacao_no_plano":"Espaço agrícola - Área agrícola da RAN","Escala_origem":"1/25000","Fonte":"AML - Vectorial","ID1":36563,"Municipio":"MONTIJO"},"geometry":{"type":"Polygon","coordinates":[[[-8.98930064391519,38.7217251119263],[-8.98882970189424,38.7217283572172],[-8.98838263888206,38.7217504957806],[-8.98729963516666,38.721241146598],[-8.98658149264202,38.7215253544876],[-8.98618131102273,38.7216520293068],[-8.98576958733514,38.7209644291295],[-8.98590252408755,38.7206245726652],[-8.9859592655449,38.7204311910249],[-8.98580072842763,38.7200419196445],[-8.986417466743,38.7197942282247],[-8.9866055499958,38.7201393692483],[-8.98678961949712,38.7202180313887],[-8.98790099870986,38.7197003411553],[-8.98804663978682,38.7204630084451],[-8.98867902372445,38.7211273110162],[-8.98896891897589,38.7212463426745],[-8.98959528192422,38.7213393587303],[-8.98981959694335,38.7214578778082],[-8.98930064391519,38.7217251119263]]]}},{"type":"Feature","id":"CRUS_Montijo_V.36564","properties":{"AREA_HA":68.4659655871108,"Autor":"DGT","Categoria_2021":"Espaço Florestal","Classe_2021":"Solo Rústico","DTCC":"1507","Data_Pub_Origem":"1997-02-01T00:00:00","Designacao_no_plano":"Espaço florestal - Área de mata e de protecção","Escala_origem":"1/25000","Fonte":"AML - Vectorial","ID1":36564,"Municipio":"MONTIJO"},"geometry":{"type":"Polygon","coordinates":[[[-8.71069645713538,38.7342195412616],[-8.70962927236644,38.7244439182643],[-8.70923753108008,38.7225217882637],[-8.70895447288234,38.7219150552322],[-8.71220037914631,38.7223671991919],[-8.71512343497131,38.7230142486545],[-8.71525053626674,38.7241758804229],[-8.71578114289048,38.7257646398853],[-8.71820919735738,38.7319827517],[-8.71069645713538,38.7342195412616]]]}},{"type":"Feature","id":"CRUS_Montijo_V.36565","properties":{"AREA_HA":1.02794211211166,"Autor":"DGT","Categoria_2021":"Não Atribuída","Classe_2021":"Solo Urbano","DTCC":"1507","Data_Pub_Origem":"1997-02-01T00:00:00","Designacao_no_plano":"Espaço urbano - Área urbanizada mista habitacional e equipamento industrial","Escala_origem":"1/25000","Fonte":"AML - Vectorial","ID1":36565,"Municipio":"MONTIJO"},"geometry":{"type":"Polygon","coordinates":[[[-8.97450648411178,38.7213910115078],[-8.97348105361188,38.7213983968066],[-8.97346820955188,38.7203032279033],[-8.9744201303778,38.7203314758486],[-8.97450648411178,38.7213910115078]]]}},{"type":"Feature","id":"CRUS_Montijo_V.36566","properties":{"AREA_HA":0.274489117749501,"Autor":"DGT","Categoria_2021":"Espaço Agrícola","Classe_2021":"Solo Rústico","DTCC":"1507","Data_Pub_Origem":"1997-02-01T00:00:00","Designacao_no_plano":"Espaço agrícola - Área agrícola não incluído na RAN","Escala_origem":"1/25000","Fonte":"AML - Vectorial","ID1":36566,"Municipio":"MONTIJO"},"geometry":{"type":"Polygon","coordinates":[[[-8.98576958733514,38.7209644291295],[-8.98535601367973,38.7202501241488],[-8.98580072842763,38.7200419196445],[-8.9859592655449,38.7204311910249],[-8.98590252408755,38.7206245726652],[-8.98576958733514,38.7209644291295]]]}},{"type":"Feature","id":"CRUS_Montijo_V.36567","properties":{"AREA_HA":3.30805678568236,"Autor":"DGT","Categoria_2021":"Espaço Agrícola","Classe_2021":"Solo Rústico","DTCC":"1507","Data_Pub_Origem":"1997-02-01T00:00:00","Designacao_no_plano":"Espaço agrícola - Área agrícola da RAN","Escala_origem":"1/25000","Fonte":"AML - Vectorial","ID1":36567,"Municipio":"MONTIJO"},"geometry":{"type":"Polygon","coordinates":[[[-8.9523585061695,38.7239327621002],[-8.95179459612168,38.7237242123634],[-8.95260740896363,38.7230367731576],[-8.95401553100532,38.7221742098452],[-8.9552067297302,38.7209202864906],[-8.95617027583469,38.7201345302838],[-8.95614731482459,38.7208984002312],[-8.95508385920508,38.7222564662773],[-8.95470015046813,38.7225232512176],[-8.9539062129595,38.7228837656807],[-8.95263000015103,38.7237582015785],[-8.9523585061695,38.7239327621002]]]}},{"type":"Feature","id":"CRUS_Montijo_V.36568","properties":{"AREA_HA":0.600803085983358,"Autor":"DGT","Categoria_2021":"Não Atribuída","Classe_2021":"Solo Urbano","DTCC":"1507","Data_Pub_Origem":"1997-02-01T00:00:00","Designacao_no_plano":"Espaço urbano - Área urbanizada mista habitacional e equipamento industrial","Escala_origem":"1/25000","Fonte":"AML - Vectorial","ID1":36568,"Municipio":"MONTIJO"},"geometry":{"type":"Polygon","coordinates":[[[-8.98218835281913,38.7205759318642],[-8.98186719746629,38.7200987498773],[-8.98314649720107,38.7197857509257],[-8.98330002069535,38.7202159487064],[-8.98218835281913,38.7205759318642]]]}},{"type":"Feature","id":"CRUS_Montijo_V.36569","properties":{"AREA_HA":3.15413401601647,"Autor":"DGT","Categoria_2021":"Espaço Agrícola","Classe_2021":"Solo Rústico","DTCC":"1507","Data_Pub_Origem":"1997-02-01T00:00:00","Designacao_no_plano":"Espaço agrícola - Área agrícola da RAN","Escala_origem":"1/25000","Fonte":"AML - Vectorial","ID1":36569,"Municipio":"MONTIJO"},"geometry":{"type":"Polygon","coordinates":[[[-8.99622877796795,38.7201280218967],[-8.99530633410219,38.7202690370271],[-8.99312733127531,38.7204554655984],[-8.99282232398326,38.7202012566864],[-8.99225119156237,38.7203843487401],[-8.99219934301157,38.7201616502503],[-8.9922235204999,38.7200568631145],[-8.99279570965073,38.7196629437594],[-8.99356458247478,38.7194474587433],[-8.99427057990593,38.7194052306812],[-8.99624432651119,38.7194400195459],[-8.99638683292897,38.7198092441347],[-8.99622877796795,38.7201280218967]]]}},{"type":"Feature","id":"CRUS_Montijo_V.36570","properties":{"AREA_HA":21.1975283380091,"Autor":"DGT","Categoria_2021":"Espaço Agrícola","Classe_2021":"Solo Rústico","DTCC":"1507","Data_Pub_Origem":"1997-02-01T00:00:00","Designacao_no_plano":"Espaço agrícola - Área agrícola não incluído na RAN","Escala_origem":"1/25000","Fonte":"AML - Vectorial","ID1":36570,"Municipio":"MONTIJO"},"geometry":{"type":"Polygon","coordinates":[[[-8.98804663978682,38.7204630084451],[-8.98790099870986,38.7197003411553],[-8.98678961949712,38.7202180313887],[-8.9866055499958,38.7201393692483],[-8.986417466743,38.7197942282247],[-8.98858503014084,38.7188597500159],[-8.98948864433582,38.7184703266807],[-8.99301906629189,38.7169497703039],[-8.99356116540511,38.7167162643161],[-8.99388921230679,38.7175073514247],[-8.99493225578645,38.7171290364546],[-8.99581882188795,38.7187559525971],[-8.99653843786165,38.7185172836233],[-8.99730643349947,38.7196944096436],[-8.99756436214524,38.7200316822364],[-8.99757496742046,38.7200455490432],[-8.99752319515909,38.7200487207074],[-8.99622877796795,38.7201280218967],[-8.99638683292897,38.7198092441347],[-8.99624432651119,38.7194400195459],[-8.99427057990593,38.7194052306812],[-8.99356458247478,38.7194474587433],[-8.99279570965073,38.7196629437594],[-8.9922235204999,38.7200568631145],[-8.99219934301157,38.7201616502503],[-8.99225119156237,38.7203843487401],[-8.99172218459416,38.72055392207],[-8.98981959694335,38.7214578778082],[-8.98959528192422,38.7213393587303],[-8.98896891897589,38.7212463426745],[-8.98867902372445,38.7211273110162],[-8.98804663978682,38.7204630084451]]]}},{"type":"Feature","id":"CRUS_Montijo_V.36571","properties":{"AREA_HA":160.170526633421,"Autor":"DGT","Categoria_2021":"Espaço Agrícola","Classe_2021":"Solo Rústico","DTCC":"1507","Data_Pub_Origem":"1997-02-01T00:00:00","Designacao_no_plano":"Espaço agrícola - Área agrícola não incluído na RAN","Escala_origem":"1/25000","Fonte":"AML - Vectorial","ID1":36571,"Municipio":"MONTIJO"},"geometry":{"type":"Polygon","coordinates":[[[-8.60798407157573,38.7325634649322],[-8.60685362782431,38.7326165986515],[-8.60537459761077,38.7329670641946],[-8.59968671738148,38.7338964384715],[-8.59885512072691,38.7341535819563],[-8.59792927738955,38.7341572767002],[-8.59778923272806,38.7339765391379],[-8.59500166683699,38.7324284683207],[-8.59169053025608,38.7307932482555],[-8.58806539210436,38.7285218664409],[-8.58569704187903,38.7273210964497],[-8.58520885463381,38.7269783429894],[-8.58513816169433,38.7267790794154],[-8.58534747365619,38.7265802265666],[-8.58587473272747,38.7261413445637],[-8.58610329322275,38.7256869645819],[-8.58669081796837,38.7234443266255],[-8.58780636009551,38.7205376527876],[-8.59382056503515,38.7237066066575],[-8.59416816932862,38.7237777931571],[-8.59566903860306,38.7232457980427],[-8.5959929091159,38.7232263793073],[-8.59741118101458,38.7242365511769],[-8.59765986647313,38.7233285857733],[-8.59791431850055,38.7233094303148],[-8.60014225539996,38.7242619211546],[-8.60027548371068,38.7244573036308],[-8.59968051107767,38.7254936369543],[-8.5990314420445,38.7253329705],[-8.5981940484734,38.7246832930523],[-8.59741249604593,38.7255026885174],[-8.59873648396074,38.7262411317941],[-8.60087622104031,38.7278469794669],[-8.60229382153559,38.7287301252835],[-8.60247766731125,38.728529847874],[-8.60290895328813,38.7272402057863],[-8.60380952935678,38.726928202573],[-8.60420308538831,38.7269447552423],[-8.60521972772744,38.7266866896104],[-8.6082347539911,38.7262169637186],[-8.60755832566367,38.7276797483305],[-8.60858947647009,38.7296521534492],[-8.60876100974237,38.7310914412603],[-8.60925474912027,38.732268135806],[-8.60935188852433,38.7329568344047],[-8.60909881327051,38.7331754745898],[-8.60837766445528,38.7325981285043],[-8.60798407157573,38.7325634649322]]]}},{"type":"Feature","id":"CRUS_Montijo_V.36572","properties":{"AREA_HA":4.52450609904286,"Autor":"DGT","Categoria_2021":"Espaço Florestal","Classe_2021":"Solo Rústico","DTCC":"1507","Data_Pub_Origem":"1997-02-01T00:00:00","Designacao_no_plano":"Espaço florestal - Área de mata e de protecção","Escala_origem":"1/25000","Fonte":"AML - Vectorial","ID1":36572,"Municipio":"MONTIJO"},"geometry":{"type":"Polygon","coordinates":[[[-8.62448604768025,38.7215806332605],[-8.62396495289294,38.721329665409],[-8.62348122053104,38.7214763700397],[-8.62263231186075,38.7222303859289],[-8.62159896992135,38.7213305548029],[-8.62159724188395,38.7210773998471],[-8.62412604073634,38.7195749248644],[-8.62501390696514,38.7197048443479],[-8.62448604768025,38.7215806332605]]]}},{"type":"Feature","id":"CRUS_Montijo_V.36573","properties":{"AREA_HA":10.1298459034727,"Autor":"DGT","Categoria_2021":"Espaço de Atividades Industriais ","Classe_2021":"Solo Rústico","DTCC":"1507","Data_Pub_Origem":"1997-02-01T00:00:00","Designacao_no_plano":"Espaço industrial - Área industrial existente","Escala_origem":"1/25000","Fonte":"AML - Vectorial","ID1":36573,"Municipio":"MONTIJO"},"geometry":{"type":"Polygon","coordinates":[[[-8.62501390696514,38.7197048443479],[-8.6263759484911,38.7197895240079],[-8.62917551305425,38.720862903674],[-8.62665508404585,38.7234601092262],[-8.62487325706461,38.722744136661],[-8.62495359787462,38.7224376148926],[-8.62540034956692,38.7219474861074],[-8.62448604768025,38.7215806332605],[-8.62501390696514,38.7197048443479]]]}},{"type":"Feature","id":"CRUS_Montijo_V.36574","properties":{"AREA_HA":3.03844985113219,"Autor":"DGT","Categoria_2021":"Não Atribuída","Classe_2021":"Solo Urbano","DTCC":"1507","Data_Pub_Origem":"1997-02-01T00:00:00","Designacao_no_plano":"Espaço urbano - Área urbanizada mista habitacional e equipamento industrial","Escala_origem":"1/25000","Fonte":"AML - Vectorial","ID1":36574,"Municipio":"MONTIJO"},"geometry":{"type":"Polygon","coordinates":[[[-8.62965233019777,38.7187498863096],[-8.63356521516002,38.7198495658824],[-8.63329495826955,38.7206250009493],[-8.6296810474752,38.719578062106],[-8.62965233019777,38.7187498863096]]]}},{"type":"Feature","id":"CRUS_Montijo_V.36575","properties":{"AREA_HA":4.84072337115966,"Autor":"DGT","Categoria_2021":"Não Atribuída","Classe_2021":"Solo Urbano","DTCC":"1507","Data_Pub_Origem":"1997-02-01T00:00:00","Designacao_no_plano":"Espaço urbano - Área urbanizada mista habitacional e equipamento industrial","Escala_origem":"1/25000","Fonte":"AML - Vectorial","ID1":36575,"Municipio":"MONTIJO"},"geometry":{"type":"Polygon","coordinates":[[[-8.98858503014084,38.7188597500159],[-8.98839590746889,38.7185194570109],[-8.9867631661684,38.715035244287],[-8.98758757428323,38.7147144861942],[-8.98780411995802,38.7150955656902],[-8.98888644859496,38.7147452564295],[-8.98937326484475,38.7155674232137],[-8.98815795966494,38.7158784367154],[-8.9892999166699,38.7181287170731],[-8.98948864433582,38.7184703266807],[-8.98858503014084,38.7188597500159]]]}},{"type":"Feature","id":"CRUS_Montijo_V.36576","properties":{"AREA_HA":14.0110372728202,"Autor":"DGT","Categoria_2021":"Não Atribuída","Classe_2021":"Solo Urbano","DTCC":"1507","Data_Pub_Origem":"1997-02-01T00:00:00","Designacao_no_plano":"Espaço urbano - Área urbanizada mista habitacional e equipamento industrial","Escala_origem":"1/25000","Fonte":"AML - Vectorial","ID1":36576,"Municipio":"MONTIJO"},"geometry":{"type":"Polygon","coordinates":[[[-8.99730643349947,38.7196944096436],[-8.99653843786165,38.7185172836233],[-8.99581882188795,38.7187559525971],[-8.99493225578645,38.7171290364546],[-8.99388921230679,38.7175073514247],[-8.99356116540511,38.7167162643161],[-8.99494759196468,38.7161240027411],[-8.99610289807689,38.7156304476664],[-8.99758248359324,38.7149983366263],[-8.99792125421856,38.7158185721628],[-8.99947425076664,38.7188043986945],[-8.99968003890645,38.719155991925],[-8.99968498280859,38.7191644380766],[-8.99886063959442,38.719519699273],[-8.99757496742046,38.7200455490432],[-8.99756436214524,38.7200316822364],[-8.99730643349947,38.7196944096436]]]}},{"type":"Feature","id":"CRUS_Montijo_V.36577","properties":{"AREA_HA":4.47498179701371,"Autor":"DGT","Categoria_2021":"Não Atribuída","Classe_2021":"Solo Urbano","DTCC":"1507","Data_Pub_Origem":"1997-02-01T00:00:00","Designacao_no_plano":"Espaço urbano - Área urbanizada mista habitacional e equipamento industrial","Escala_origem":"1/25000","Fonte":"AML - Vectorial","ID1":36577,"Municipio":"MONTIJO"},"geometry":{"type":"Polygon","coordinates":[[[-8.98407518573664,38.7170358917044],[-8.9848836379083,38.7185465297175],[-8.98547883735716,38.7183370498079],[-8.98581007418579,38.7189952788385],[-8.98410679921368,38.719650554518],[-8.98269193770119,38.7165911659446],[-8.98408315804922,38.7160834198475],[-8.98454550656787,38.7168639527085],[-8.98407518573664,38.7170358917044]]]}},{"type":"Feature","id":"CRUS_Montijo_V.36578","properties":{"AREA_HA":34.1229825496563,"Autor":"DGT","Categoria_2021":"Espaço Florestal","Classe_2021":"Solo Rústico","DTCC":"1507","Data_Pub_Origem":"1997-02-01T00:00:00","Designacao_no_plano":"Espaço florestal - Área de floresta de produção","Escala_origem":"1/25000","Fonte":"AML - Vectorial","ID1":36578,"Municipio":"MONTIJO"},"geometry":{"type":"Polygon","coordinates":[[[-8.50222472007705,38.7185552479638],[-8.50277252521217,38.7185450442133],[-8.5036353760686,38.7190797984468],[-8.50394408839553,38.7203360189124],[-8.50456511693942,38.7212997150462],[-8.5047894489244,38.7219731543152],[-8.50510493874417,38.7222910067032],[-8.50638338562922,38.7229282125425],[-8.50718330545824,38.7247476724916],[-8.50894331817521,38.7259937344917],[-8.50920508954401,38.7261574217625],[-8.51087766143683,38.7272209812028],[-8.51117086479158,38.7277119782904],[-8.51089934547819,38.7291249343772],[-8.51085530871723,38.7295923517071],[-8.5114319918594,38.7309296720489],[-8.51117779513364,38.7312220252294],[-8.51095626521288,38.7311632454498],[-8.5093747478103,38.7280492421116],[-8.50892657395973,38.7278579339571],[-8.50698099891312,38.7277765704814],[-8.50471285133032,38.7254269559107],[-8.50078425546069,38.7223027633386],[-8.50067076577576,38.7219701828647],[-8.5017398663769,38.7199060753787],[-8.50222472007705,38.7185552479638]]]}},{"type":"Feature","id":"CRUS_Montijo_V.36579","properties":{"AREA_HA":15.5256631476296,"Autor":"DGT","Categoria_2021":"Espaço Florestal","Classe_2021":"Solo Rústico","DTCC":"1507","Data_Pub_Origem":"1997-02-01T00:00:00","Designacao_no_plano":"Espaço florestal - Área de mata e de protecção","Escala_origem":"1/25000","Fonte":"AML - Vectorial","ID1":36579,"Municipio":"MONTIJO"},"geometry":{"type":"Polygon","coordinates":[[[-8.57186939571121,38.7225596434163],[-8.57033398548238,38.7214044083914],[-8.56989324532184,38.7212790736015],[-8.56833385415555,38.7199787814676],[-8.56835546785314,38.7197247276271],[-8.57020025769809,38.7184661218766],[-8.57163163550499,38.717771396885],[-8.57207146702543,38.7177515995496],[-8.57311766247857,38.7184370070455],[-8.57383647351697,38.7185975549504],[-8.57334514458351,38.7215382074706],[-8.57186939571121,38.7225596434163]]]}},{"type":"Feature","id":"CRUS_Montijo_V.36580","properties":{"AREA_HA":1.50178092194712,"Autor":"DGT","Categoria_2021":"Não Atribuída","Classe_2021":"Não Atribuída","DTCC":"1507","Data_Pub_Origem":"1997-02-01T00:00:00","Designacao_no_plano":"Indefinida","Escala_origem":"1/25000","Fonte":"AML - Vectorial","ID1":36580,"Municipio":"MONTIJO"},"geometry":{"type":"Polygon","coordinates":[[[-8.61385241384681,38.719174391761],[-8.61360820406081,38.7189812932249],[-8.61255818917751,38.7176436948574],[-8.61267324942646,38.717552546343],[-8.61466001856927,38.7180014110231],[-8.61385241384681,38.719174391761]]]}},{"type":"Feature","id":"CRUS_Montijo_V.36581","properties":{"AREA_HA":6.52065745350681,"Autor":"DGT","Categoria_2021":"Espaço Agrícola","Classe_2021":"Solo Rústico","DTCC":"1507","Data_Pub_Origem":"1997-02-01T00:00:00","Designacao_no_plano":"Espaço agrícola - Área agrícola não incluído na RAN","Escala_origem":"1/25000","Fonte":"AML - Vectorial","ID1":36581,"Municipio":"MONTIJO"},"geometry":{"type":"Polygon","coordinates":[[[-8.6135666464399,38.7196833260468],[-8.61231865201132,38.7198751698511],[-8.61201111368084,38.7188609295387],[-8.61161359398241,38.7182278630605],[-8.61144546708034,38.7173037152413],[-8.61109483410449,38.7167611289258],[-8.61211028021775,38.7163942810712],[-8.61380252819955,38.7169132085726],[-8.61526049843769,38.7169924879674],[-8.61486018041072,38.7176651069907],[-8.61466001856927,38.7180014110231],[-8.61267324942646,38.717552546343],[-8.61255818917751,38.7176436948574],[-8.61360820406081,38.7189812932249],[-8.61385241384681,38.719174391761],[-8.6135666464399,38.7196833260468]]]}},{"type":"Feature","id":"CRUS_Montijo_V.36582","properties":{"AREA_HA":115.930950414524,"Autor":"DGT","Categoria_2021":"Espaço Agrícola","Classe_2021":"Solo Rústico","DTCC":"1507","Data_Pub_Origem":"1997-02-01T00:00:00","Designacao_no_plano":"Espaço agrícola - Área agrícola não incluído na RAN","Escala_origem":"1/25000","Fonte":"AML - Vectorial","ID1":36582,"Municipio":"MONTIJO"},"geometry":{"type":"Polygon","coordinates":[[[-9.0049248552199,38.7163729440233],[-9.0046515380907,38.7161352033329],[-9.00376812161489,38.7176147276524],[-9.00232059223495,38.7171802087393],[-9.00149873494872,38.714445988696],[-8.99822370010338,38.7156863208418],[-8.99792125421856,38.7158185721628],[-8.99758248359324,38.7149983366263],[-8.99610289807689,38.7156304476664],[-8.99576626641208,38.7153605373111],[-8.99409511926545,38.7142374182597],[-8.99357421780578,38.7130851302838],[-8.9925416270994,38.7107611845928],[-8.99080046396307,38.7062847346462],[-8.9907080695433,38.7060088528149],[-8.99066669092348,38.705846059526],[-8.99063804644398,38.7057521550779],[-8.99314180700173,38.705813883627],[-8.99335885873821,38.7058192482912],[-8.99381851617577,38.7077651451703],[-9.00072082735508,38.7074907200307],[-9.00169825886935,38.7075340870065],[-9.00330620115511,38.707786551158],[-9.00482059045516,38.7080243050294],[-9.00572384824539,38.7081661079521],[-9.00583265063025,38.7081775458346],[-9.0063736725698,38.7082344299683],[-9.00643218234278,38.7119452092894],[-9.0065637403435,38.7139490133901],[-9.00798546359886,38.7170790768741],[-9.00807637275295,38.7172030829314],[-9.0079057434254,38.717296040069],[-9.00734180771479,38.7176032607955],[-9.00678055365626,38.7179090147906],[-9.00593994273304,38.7184292749671],[-9.0055315972963,38.7186819972803],[-9.00465253992635,38.7184770935821],[-9.00472339715301,38.7181976681268],[-9.00478628464725,38.7179496740591],[-9.00499641393222,38.7166978284209],[-9.0049248552199,38.7163729440233]]]}},{"type":"Feature","id":"CRUS_Montijo_V.36583","properties":{"AREA_HA":15.9394578459837,"Autor":"DGT","Categoria_2021":"Espaço Agrícola","Classe_2021":"Solo Rústico","DTCC":"1507","Data_Pub_Origem":"1997-02-01T00:00:00","Designacao_no_plano":"Espaço agrícola - Área agrícola da RAN","Escala_origem":"1/25000","Fonte":"AML - Vectorial","ID1":36583,"Municipio":"MONTIJO"},"geometry":{"type":"Polygon","coordinates":[[[-8.99947425076664,38.7188043986945],[-8.99792125421856,38.7158185721628],[-8.99822370010338,38.7156863208418],[-9.00149873494872,38.714445988696],[-9.00232059223495,38.7171802087393],[-9.00376812161489,38.7176147276524],[-9.0046515380907,38.7161352033329],[-9.0049248552199,38.7163729440233],[-9.00499641393222,38.7166978284209],[-9.00478628464725,38.7179496740591],[-9.00472339715301,38.7181976681268],[-9.00465253992635,38.7184770935821],[-9.0039764552963,38.7183194910556],[-9.00349362743445,38.7182069352109],[-9.00210936423745,38.718543440361],[-8.99978695558573,38.7191079580518],[-8.99975995216452,38.7191229150661],[-8.99968498280859,38.7191644380766],[-8.99968003890645,38.719155991925],[-8.99947425076664,38.7188043986945]]]}},{"type":"Feature","id":"CRUS_Montijo_V.36584","properties":{"AREA_HA":0.558849174609222,"Autor":"DGT","Categoria_2021":"Não Atribuída","Classe_2021":"Não Atribuída","DTCC":"1507","Data_Pub_Origem":"1997-02-01T00:00:00","Designacao_no_plano":"Indefinida","Escala_origem":"1/25000","Fonte":"AML - Vectorial","ID1":36584,"Municipio":"MONTIJO"},"geometry":{"type":"Polygon","coordinates":[[[-8.70237997480245,38.7169574002655],[-8.70186455301223,38.7175215190798],[-8.70124544956402,38.7170877275651],[-8.70166510001172,38.7165240780866],[-8.70237997480245,38.7169574002655]]]}},{"type":"Feature","id":"CRUS_Montijo_V.36585","properties":{"AREA_HA":1.49335438286336,"Autor":"DGT","Categoria_2021":"Espaço Agrícola","Classe_2021":"Solo Rústico","DTCC":"1507","Data_Pub_Origem":"1997-02-01T00:00:00","Designacao_no_plano":"Espaço agrícola - Área agrícola da RAN","Escala_origem":"1/25000","Fonte":"AML - Vectorial","ID1":36585,"Municipio":"MONTIJO"},"geometry":{"type":"Polygon","coordinates":[[[-8.93873199546567,38.7166109802713],[-8.93828467311558,38.7165810879582],[-8.93731306544686,38.7161906342109],[-8.93631438384914,38.7156148142861],[-8.93816146094316,38.7153210178145],[-8.93873199546567,38.7166109802713]]]}},{"type":"Feature","id":"CRUS_Montijo_V.36586","properties":{"AREA_HA":1.94132877174886,"Autor":"DGT","Categoria_2021":"Não Atribuída","Classe_2021":"Solo Urbano","DTCC":"1507","Data_Pub_Origem":"1997-02-01T00:00:00","Designacao_no_plano":"Espaço urbano - Área urbanizada mista habitacional e equipamento industrial","Escala_origem":"1/25000","Fonte":"AML - Vectorial","ID1":36586,"Municipio":"MONTIJO"},"geometry":{"type":"Polygon","coordinates":[[[-8.97351628870271,38.7163880307094],[-8.97349361338714,38.715679000944],[-8.97327843311966,38.7156914678109],[-8.97325691224149,38.7150806247031],[-8.97368318595274,38.7147065932497],[-8.97440065417773,38.7146796083072],[-8.97436898980343,38.7144288855215],[-8.9746979904634,38.7143283190991],[-8.97473181258955,38.7159864941844],[-8.97418672571839,38.7160231562172],[-8.9736740571462,38.7163759860812],[-8.97351628870271,38.7163880307094]]]}},{"type":"Feature","id":"CRUS_Montijo_V.36587","properties":{"AREA_HA":7.58792300885764,"Autor":"DGT","Categoria_2021":"Não Atribuída","Classe_2021":"Solo Urbano","DTCC":"1507","Data_Pub_Origem":"1997-02-01T00:00:00","Designacao_no_plano":"Espaço urbano - Área urbanizada mista habitacional e equipamento industrial","Escala_origem":"1/25000","Fonte":"AML - Vectorial","ID1":36587,"Municipio":"MONTIJO"},"geometry":{"type":"Polygon","coordinates":[[[-8.97224943736433,38.715711388696],[-8.97259981936929,38.7157088697896],[-8.97285137183819,38.71645134757],[-8.97116927568908,38.7165797532662],[-8.96975361507686,38.7166682030983],[-8.96966095374066,38.7165153998925],[-8.9695655834871,38.7163581201053],[-8.97032405975788,38.7161875596745],[-8.97009753955453,38.7153965873108],[-8.9679030972047,38.715395787224],[-8.96789232708868,38.7144711658248],[-8.97255991096722,38.7141569866574],[-8.97263746289921,38.7152132272544],[-8.97181210060685,38.7152356706226],[-8.97207841333164,38.7157126178542],[-8.97224943736433,38.715711388696]]]}},{"type":"Feature","id":"CRUS_Montijo_V.36588","properties":{"AREA_HA":1.77859742594599,"Autor":"DGT","Categoria_2021":"Espaço Natural e Paisagístico","Classe_2021":"Solo Rústico","DTCC":"1507","Data_Pub_Origem":"1997-02-01T00:00:00","Designacao_no_plano":"Espaço aquícola  - Albufeira","Escala_origem":"1/25000","Fonte":"AML - Vectorial","ID1":36588,"Municipio":"MONTIJO"},"geometry":{"type":"Polygon","coordinates":[[[-8.50816295455422,38.7191610453806],[-8.50795290634129,38.7189796229355],[-8.50811286369954,38.7184692336695],[-8.50801344726331,38.7172312944502],[-8.50819643344708,38.7166844111386],[-8.50841669260395,38.7166017554119],[-8.50860358908309,38.7171839582005],[-8.50885225259192,38.7177020484453],[-8.50885531388874,38.7182847440597],[-8.50916001257227,38.7187936362963],[-8.50912607141265,38.7189667369685],[-8.50866014296773,38.7191082876982],[-8.50852431936924,38.7191226964213],[-8.50816295455422,38.7191610453806]]]}},{"type":"Feature","id":"CRUS_Montijo_V.36589","properties":{"AREA_HA":6.41332722244498,"Autor":"DGT","Categoria_2021":"Espaço Agrícola","Classe_2021":"Solo Rústico","DTCC":"1507","Data_Pub_Origem":"1997-02-01T00:00:00","Designacao_no_plano":"Espaço agrícola - Área agrícola da RAN","Escala_origem":"1/25000","Fonte":"AML - Vectorial","ID1":36589,"Municipio":"MONTIJO"},"geometry":{"type":"Polygon","coordinates":[[[-8.50801344726331,38.7172312944502],[-8.50784886521456,38.7168585199036],[-8.50788182221165,38.7164969920393],[-8.50887525797642,38.7154467305042],[-8.50965705520151,38.7143536724157],[-8.51043152528901,38.713641339645],[-8.5105804064267,38.7132404395035],[-8.51088014073035,38.7121010182835],[-8.51104245950159,38.7120424172696],[-8.51189982473734,38.711732881921],[-8.51176278232449,38.7128222332998],[-8.5112341480543,38.7138799661927],[-8.51107743142553,38.7149911076769],[-8.51015323652211,38.7159226714808],[-8.50927318102458,38.7164171033083],[-8.50860358908309,38.7171839582005],[-8.50841669260395,38.7166017554119],[-8.50819643344708,38.7166844111386],[-8.50801344726331,38.7172312944502]]]}},{"type":"Feature","id":"CRUS_Montijo_V.36590","properties":{"AREA_HA":14.607582754906,"Autor":"DGT","Categoria_2021":"Espaço Agrícola","Classe_2021":"Solo Rústico","DTCC":"1507","Data_Pub_Origem":"1997-02-01T00:00:00","Designacao_no_plano":"Espaço agrícola - Área agrícola não incluído na RAN","Escala_origem":"1/25000","Fonte":"AML - Vectorial","ID1":36590,"Municipio":"MONTIJO"},"geometry":{"type":"Polygon","coordinates":[[[-8.59643003878104,38.7211778359685],[-8.59548104676385,38.7211997441417],[-8.59467201800753,38.7213842994622],[-8.59434127482589,38.7203518985723],[-8.5926353695233,38.7178559807194],[-8.59197292642194,38.7156279611133],[-8.59433216842908,38.7153466203539],[-8.59500400722268,38.7154346359496],[-8.59571330168655,38.717734994417],[-8.59571599734747,38.7181520932387],[-8.59539755189159,38.719023848271],[-8.59642193865357,38.7199265419909],[-8.59658761119628,38.7204880758671],[-8.59643003878104,38.7211778359685]]]}},{"type":"Feature","id":"CRUS_Montijo_V.36591","properties":{"AREA_HA":3.4969032286504,"Autor":"DGT","Categoria_2021":"Espaço Agrícola","Classe_2021":"Solo Rústico","DTCC":"1507","Data_Pub_Origem":"1997-02-01T00:00:00","Designacao_no_plano":"Espaço agrícola - Área agrícola não incluído na RAN","Escala_origem":"1/25000","Fonte":"AML - Vectorial","ID1":36591,"Municipio":"MONTIJO"},"geometry":{"type":"Polygon","coordinates":[[[-8.63282030926373,38.7174260115287],[-8.6338905815374,38.7169690286339],[-8.63541273677909,38.715116727302],[-8.6360855886574,38.7156024151942],[-8.63504193898386,38.7165569347366],[-8.63476765371356,38.7169471714747],[-8.6346682729155,38.7175899898671],[-8.63358981638778,38.7185265482498],[-8.63317315769418,38.7183654787735],[-8.63260442171259,38.7179155233156],[-8.63260271796992,38.717671241356],[-8.63282030926373,38.7174260115287]]]}},{"type":"Feature","id":"CRUS_Montijo_V.36592","properties":{"AREA_HA":9.97811433428675,"Autor":"DGT","Categoria_2021":"Espaço Florestal","Classe_2021":"Solo Rústico","DTCC":"1507","Data_Pub_Origem":"1997-02-01T00:00:00","Designacao_no_plano":"Espaço agro-florestal","Escala_origem":"1/25000","Fonte":"AML - Vectorial","ID1":36592,"Municipio":"MONTIJO"},"geometry":{"type":"Polygon","coordinates":[[[-8.64425371929728,38.7136333515876],[-8.64467231244708,38.7140478409161],[-8.6448391829939,38.7180112766888],[-8.64473731558996,38.7199123558895],[-8.64433814459403,38.7205479835011],[-8.64408466204809,38.7206305176656],[-8.6437723365051,38.7206044282283],[-8.64234026117541,38.7173162710368],[-8.64293574725794,38.7166258156324],[-8.64304656498275,38.7159736899786],[-8.6439196251596,38.7153544320542],[-8.64400812080222,38.714811003827],[-8.64367955993423,38.7140702874039],[-8.64376933459605,38.7137078699597],[-8.6439759830709,38.7135440545547],[-8.64425371929728,38.7136333515876]]]}},{"type":"Feature","id":"CRUS_Montijo_V.36593","properties":{"AREA_HA":2.68025902808518,"Autor":"DGT","Categoria_2021":"Não Atribuída","Classe_2021":"Não Atribuída","DTCC":"1507","Data_Pub_Origem":"1997-02-01T00:00:00","Designacao_no_plano":"Indefinida","Escala_origem":"1/25000","Fonte":"AML - Vectorial","ID1":36593,"Municipio":"MONTIJO"},"geometry":{"type":"Polygon","coordinates":[[[-8.53254239010704,38.7154162994347],[-8.53141252791112,38.7153396777414],[-8.53074319281108,38.7139647725171],[-8.53091382095525,38.7138747583377],[-8.53140486225972,38.7139625141536],[-8.53155349083855,38.7140058125842],[-8.53171826013363,38.7134605670419],[-8.5326413862609,38.7134949704386],[-8.53260999545203,38.7143120923055],[-8.53281868205857,38.7151941323206],[-8.53254239010704,38.7154162994347]]]}},{"type":"Feature","id":"CRUS_Montijo_V.36594","properties":{"AREA_HA":45.6405459701722,"Autor":"DGT","Categoria_2021":"Espaço Agrícola","Classe_2021":"Solo Rústico","DTCC":"1507","Data_Pub_Origem":"1997-02-01T00:00:00","Designacao_no_plano":"Espaço agrícola - Área agrícola da RAN","Escala_origem":"1/25000","Fonte":"AML - Vectorial","ID1":36594,"Municipio":"MONTIJO"},"geometry":{"type":"Polygon","coordinates":[[[-8.53254239010704,38.7154162994347],[-8.53303374401797,38.7155576989016],[-8.53359504597042,38.7159671345662],[-8.53540975002915,38.7181267502046],[-8.53641162556774,38.7197777000167],[-8.53598575289902,38.7211410840203],[-8.53584465473736,38.7244504022379],[-8.53518625590022,38.7250518368952],[-8.53449042833564,38.725067143675],[-8.53427289483529,38.7249522736496],[-8.53419107993344,38.7246039703496],[-8.53472171605852,38.7236010697982],[-8.53462932970665,38.7213715867636],[-8.53373215521924,38.7200779720174],[-8.53340551384085,38.7187948860988],[-8.53217769157137,38.7175292201484],[-8.5319243621213,38.7171097790333],[-8.53168358724692,38.7168959765599],[-8.53128703540298,38.7167765789397],[-8.53063362631309,38.7162154077799],[-8.53023889188679,38.7149826477238],[-8.52989416743733,38.7145366879144],[-8.52771109065715,38.7133833084172],[-8.52684059215212,38.7127513179396],[-8.52436308832967,38.7117687890251],[-8.52186908682579,38.710465205239],[-8.52184550106604,38.7103221990219],[-8.5221416069629,38.7102317884633],[-8.52385398994069,38.7104585683013],[-8.5255018661044,38.7114009715468],[-8.5257298144982,38.7113644331828],[-8.52592261552844,38.7111581024825],[-8.52604510830428,38.7106121778692],[-8.52614684151395,38.7104419160475],[-8.52632931408884,38.7104323646575],[-8.52750879730386,38.7120738492123],[-8.52788717878875,38.7124213345607],[-8.52891635061732,38.7128649873623],[-8.52923576418898,38.7128639029713],[-8.52983696498145,38.7122448045907],[-8.53058165170638,38.7107622407849],[-8.53063428966746,38.7105188615418],[-8.53270158355589,38.7067423173664],[-8.53408074866297,38.7054275270468],[-8.53473984594806,38.7044727800565],[-8.53510481052855,38.7044625862434],[-8.53599622562817,38.704763559047],[-8.53713446360535,38.7043303667993],[-8.5388762616298,38.702901922618],[-8.53928037015625,38.7026988782386],[-8.53954014740226,38.7027247992228],[-8.53958643266862,38.7028408967824],[-8.53881694065593,38.703925655587],[-8.5368845053399,38.7051128105782],[-8.53514351267222,38.7058700195918],[-8.53456457724469,38.706372819021],[-8.53406593728626,38.7069558092195],[-8.53262231538276,38.7092983534251],[-8.5315871622384,38.7118719908007],[-8.53140486225972,38.7139625141536],[-8.53091382095525,38.7138747583377],[-8.53074319281108,38.7139647725171],[-8.53141252791112,38.7153396777414],[-8.53254239010704,38.7154162994347]]]}},{"type":"Feature","id":"CRUS_Montijo_V.36595","properties":{"AREA_HA":297.110057938746,"Autor":"DGT","Categoria_2021":"Não Atribuída","Classe_2021":"Solo Urbano","DTCC":"1507","Data_Pub_Origem":"1997-02-01T00:00:00","Designacao_no_plano":"Espaço urbano - Área urbanizada mista habitacional e equipamento industrial","Escala_origem":"1/25000","Fonte":"AML - Vectorial","ID1":36595,"Municipio":"MONTIJO"},"geometry":{"type":"Polygon","coordinates":[[[-8.99357421780578,38.7130851302838],[-8.99294021346286,38.7131307150508],[-8.99325400218182,38.7144314497721],[-8.99321575344663,38.7144680873269],[-8.99214142897487,38.7137794974042],[-8.99155229956736,38.7127333830099],[-8.99043407181956,38.7108986991812],[-8.98990382901428,38.710910356284],[-8.98737498724005,38.7117502807424],[-8.98633832249081,38.7121475157706],[-8.98682696616191,38.7135344039048],[-8.98629782186028,38.7137027376518],[-8.9855183966873,38.712676800429],[-8.98283171349472,38.7133841378204],[-8.98273159043547,38.7132353528175],[-8.97947391689884,38.7134239748756],[-8.97905615291502,38.7134403697345],[-8.97304617392449,38.7137699867384],[-8.972544000144,38.7137791646911],[-8.96680582502605,38.7141253693139],[-8.96649965021665,38.7141382022619],[-8.96599417893847,38.714120145356],[-8.96103264960092,38.7143748035384],[-8.96084049641398,38.7134352895947],[-8.96095459935415,38.7086039934693],[-8.96018792039056,38.706891912911],[-8.95925521515455,38.7052183668613],[-8.95926703917929,38.7049734476148],[-8.96181667610871,38.7027975658951],[-8.96302317058361,38.7011016041148],[-8.96307181397945,38.7010218172469],[-8.96360700982202,38.7011339709943],[-8.96382113675592,38.7006998242344],[-8.9641088368852,38.7007284936631],[-8.96413939712925,38.7005147524845],[-8.96380881577072,38.7005045479141],[-8.9637024550533,38.6999630718678],[-8.96370738450772,38.6994954347464],[-8.96383924649878,38.6995046311268],[-8.96729626914387,38.6998785584115],[-8.97176871232428,38.7011536718022],[-8.97492883419124,38.7022968275999],[-8.97601571268476,38.7026993696005],[-8.9749623889709,38.7039151204851],[-8.97537568278331,38.7042312811976],[-8.97667521379254,38.7052253729134],[-8.97766409140771,38.7052351145263],[-8.98297219569203,38.7053889012949],[-8.98517148830924,38.7052666613617],[-8.9860768246851,38.7052163267026],[-8.98687936588715,38.705438478747],[-8.98783555908342,38.7059684445746],[-8.98944378444273,38.7088567129629],[-8.99068837212501,38.7085887728341],[-8.99173993122324,38.710872367197],[-8.99189486781119,38.7109006024974],[-8.99191243166719,38.7107535903155],[-8.9925416270994,38.7107611845928],[-8.99357421780578,38.7130851302838]]]}},{"type":"Feature","id":"CRUS_Montijo_V.36596","properties":{"AREA_HA":4.99995422074683,"Autor":"DGT","Categoria_2021":"Espaço Florestal","Classe_2021":"Solo Rústico","DTCC":"1507","Data_Pub_Origem":"1997-02-01T00:00:00","Designacao_no_plano":"Espaço florestal - Área de mata e de protecção","Escala_origem":"1/25000","Fonte":"AML - Vectorial","ID1":36596,"Municipio":"MONTIJO"},"geometry":{"type":"Polygon","coordinates":[[[-8.51810920285589,38.714143233239],[-8.51842935872556,38.7131493678042],[-8.51855615088573,38.7129485734765],[-8.51891584105832,38.7128198651012],[-8.51923026589087,38.7129190113668],[-8.51939463046381,38.7132190398586],[-8.51920570332312,38.7148318317442],[-8.51947648285175,38.715459409661],[-8.51938470732582,38.7156874199453],[-8.5190762934403,38.7158860159315],[-8.51817011009702,38.7168208623003],[-8.51783261732715,38.7167582172263],[-8.51716604321061,38.7160317522513],[-8.51810920285589,38.714143233239]]]}},{"type":"Feature","id":"CRUS_Montijo_V.36597","properties":{"AREA_HA":21.2741476429692,"Autor":"DGT","Categoria_2021":"Espaço Agrícola","Classe_2021":"Solo Rústico","DTCC":"1507","Data_Pub_Origem":"1997-02-01T00:00:00","Designacao_no_plano":"Espaço agrícola - Área agrícola da RAN","Escala_origem":"1/25000","Fonte":"AML - Vectorial","ID1":36597,"Municipio":"MONTIJO"},"geometry":{"type":"Polygon","coordinates":[[[-8.58373772093136,38.7148466820351],[-8.58424569422284,38.7146088506343],[-8.58572223918344,38.7137322397419],[-8.58694197212316,38.7125300308048],[-8.58719760824691,38.7126741827774],[-8.58731500641038,38.7129277345689],[-8.58657996320723,38.7138740544968],[-8.58586542761222,38.7144029912637],[-8.58443415362545,38.7151161405512],[-8.58253956964199,38.7158129072151],[-8.58210634712347,38.7161580084458],[-8.58151368092682,38.7176670204917],[-8.57999510225613,38.7192521872662],[-8.57935684354969,38.7208884314922],[-8.57922665664436,38.7222959232989],[-8.57745982443411,38.7249530532983],[-8.57755685835126,38.7256606612865],[-8.57700190376706,38.7258079939953],[-8.57612718993583,38.7266826867691],[-8.57506515504283,38.7274450950941],[-8.5749461956004,38.7270845219717],[-8.5761646512456,38.7252520764917],[-8.57680392115339,38.7237610748552],[-8.57770186243539,38.7229044487254],[-8.57835808104688,38.7211631207657],[-8.57814230522187,38.7199846192668],[-8.57834656843152,38.7193125325857],[-8.58000447026191,38.7177821457153],[-8.58078402337993,38.7165272514784],[-8.58081745295062,38.7163184699458],[-8.5808508823832,38.7161096965045],[-8.58202259382713,38.7146174305019],[-8.58206618507238,38.7141818126577],[-8.58295459903313,38.7118378871449],[-8.58313905014169,38.7117101707393],[-8.58353293137403,38.7117449352651],[-8.58383476419591,38.7118707733734],[-8.58296942067706,38.7141964833664],[-8.58301755631052,38.7144865906595],[-8.58343644486532,38.7148115526171],[-8.58373772093136,38.7148466820351]]]}},{"type":"Feature","id":"CRUS_Montijo_V.36598","properties":{"AREA_HA":1.94072462285003,"Autor":"DGT","Categoria_2021":"Não Atribuída","Classe_2021":"Não Atribuída","DTCC":"1507","Data_Pub_Origem":"1997-02-01T00:00:00","Designacao_no_plano":"Indefinida","Escala_origem":"1/25000","Fonte":"AML - Vectorial","ID1":36598,"Municipio":"MONTIJO"},"geometry":{"type":"Polygon","coordinates":[[[-8.70488388824894,38.7108446182097],[-8.70490130738397,38.7113286869142],[-8.70607020134808,38.7117658958587],[-8.70525067975598,38.7126558022312],[-8.70410921340062,38.7122596542919],[-8.70438112895619,38.7106719644733],[-8.70488388824894,38.7108446182097]]]}},{"type":"Feature","id":"CRUS_Montijo_V.36599","properties":{"AREA_HA":2.26794595651855,"Autor":"DGT","Categoria_2021":"Não Atribuída","Classe_2021":"Solo Urbano","DTCC":"1507","Data_Pub_Origem":"1997-02-01T00:00:00","Designacao_no_plano":"Espaço urbano - Área urbanizada mista habitacional e equipamento industrial","Escala_origem":"1/25000","Fonte":"AML - Vectorial","ID1":36599,"Municipio":"MONTIJO"},"geometry":{"type":"Polygon","coordinates":[[[-8.95942652866095,38.7141689651889],[-8.95847883423662,38.7142037370536],[-8.958173406328,38.7131440696623],[-8.95992298365394,38.7122992711192],[-8.95987520731652,38.7141525020171],[-8.95942652866095,38.7141689651889]]]}},{"type":"Feature","id":"CRUS_Montijo_V.36600","properties":{"AREA_HA":38.7752393223635,"Autor":"DGT","Categoria_2021":"Não Atribuída","Classe_2021":"Solo Urbano","DTCC":"1507","Data_Pub_Origem":"1997-02-01T00:00:00","Designacao_no_plano":"Espaço urbano - Área urbanizada mista habitacional e equipamento industrial","Escala_origem":"1/25000","Fonte":"AML - Vectorial","ID1":36600,"Municipio":"MONTIJO"},"geometry":{"type":"Polygon","coordinates":[[[-8.92191254774393,38.7091187873174],[-8.92116292994331,38.7075193639719],[-8.92110511717252,38.7073816724083],[-8.92044781531785,38.7074576978531],[-8.92044759690483,38.7069810814831],[-8.92044717217689,38.7060543032997],[-8.92050196938915,38.7055326978237],[-8.92206738840971,38.7052410918842],[-8.92214582500061,38.7035292132667],[-8.92264480564381,38.7035531618997],[-8.92322451690359,38.7035809840501],[-8.92292337529024,38.7053401474676],[-8.92336173326863,38.7054553114039],[-8.92335722858248,38.7059278448755],[-8.92446550459679,38.7060163090479],[-8.92435922389677,38.7025407547535],[-8.92758146650542,38.7027653301005],[-8.92766382581918,38.7022990143221],[-8.92773532776809,38.7019806101039],[-8.92808714169345,38.700413822307],[-8.92835900127202,38.6993255490865],[-8.92919397142316,38.6994650399637],[-8.92972409143704,38.699626792679],[-8.93051211148199,38.7000898991557],[-8.93020279084041,38.7010061738831],[-8.9297321442262,38.7021486663433],[-8.92957948552186,38.7025192225152],[-8.92950303364399,38.7027048031231],[-8.92941223956054,38.702917865732],[-8.929011012235,38.7044567809377],[-8.92901638784293,38.7064826932318],[-8.92828642822139,38.706899249468],[-8.92786660648168,38.7068667608562],[-8.9273789679699,38.7068290293572],[-8.92738592076629,38.7071016619525],[-8.92529158715485,38.7073195602097],[-8.92369073552485,38.7083008728812],[-8.92347147663319,38.7084489885578],[-8.92326467558067,38.7082297664693],[-8.92297455046772,38.708420535626],[-8.92291628323361,38.7084588439631],[-8.92283909268916,38.7085095958427],[-8.92229708027782,38.7088659642772],[-8.9219233044742,38.7091117146205],[-8.92191254774393,38.7091187873174]]]}},{"type":"Feature","id":"CRUS_Montijo_V.36601","properties":{"AREA_HA":2.14490660025779,"Autor":"DGT","Categoria_2021":"Espaço de Atividades Industriais ","Classe_2021":"Solo Rústico","DTCC":"1507","Data_Pub_Origem":"1997-02-01T00:00:00","Designacao_no_plano":"Espaço industrial - Área industrial existente","Escala_origem":"1/25000","Fonte":"AML - Vectorial","ID1":36601,"Municipio":"MONTIJO"},"geometry":{"type":"Polygon","coordinates":[[[-9.00482059045516,38.7080243050294],[-9.00330620115511,38.707786551158],[-9.00326829981022,38.7063072937498],[-9.00479945913521,38.7065766502755],[-9.00482059045516,38.7080243050294]]]}},{"type":"Feature","id":"CRUS_Montijo_V.36602","properties":{"AREA_HA":2.28467580069136,"Autor":"DGT","Categoria_2021":"Espaço de Atividades Industriais ","Classe_2021":"Solo Rústico","DTCC":"1507","Data_Pub_Origem":"1997-02-01T00:00:00","Designacao_no_plano":"Espaço industrial - Área industrial proposta","Escala_origem":"1/25000","Fonte":"AML - Vectorial","ID1":36602,"Municipio":"MONTIJO"},"geometry":{"type":"Polygon","coordinates":[[[-9.00330620115511,38.707786551158],[-9.00169825886935,38.7075340870065],[-9.00168680317853,38.7060382928526],[-9.00326829981022,38.7063072937498],[-9.00330620115511,38.707786551158]]]}},{"type":"Feature","id":"CRUS_Montijo_V.36603","properties":{"AREA_HA":17.7765641062479,"Autor":"DGT","Categoria_2021":"Espaço Agrícola","Classe_2021":"Solo Rústico","DTCC":"1507","Data_Pub_Origem":"1997-02-01T00:00:00","Designacao_no_plano":"Espaço agrícola - Área agrícola não incluído na RAN","Escala_origem":"1/25000","Fonte":"AML - Vectorial","ID1":36603,"Municipio":"MONTIJO"},"geometry":{"type":"Polygon","coordinates":[[[-9.00492495689303,38.706603682567],[-9.00479945913521,38.7065766502755],[-9.00326829981022,38.7063072937498],[-9.00168680317853,38.7060382928526],[-9.00037608206841,38.7059459302743],[-8.99708466380074,38.705893754747],[-8.99709103798657,38.705667140685],[-8.9972108680147,38.7048856459158],[-8.99821249855102,38.7045634932798],[-8.9990540719708,38.7044560968374],[-8.9997351624851,38.7040728469964],[-9.000256986724,38.7036603373684],[-9.0020884926461,38.7034893537303],[-9.00259752750426,38.7027886588536],[-9.004949025448,38.7034004630227],[-9.00496927597102,38.7043595727982],[-9.00492001422866,38.7064837070471],[-9.00492495689303,38.706603682567]]]}},{"type":"Feature","id":"CRUS_Montijo_V.36604","properties":{"AREA_HA":2.10417072998702,"Autor":"DGT","Categoria_2021":"Espaço de Atividades Industriais ","Classe_2021":"Solo Rústico","DTCC":"1507","Data_Pub_Origem":"1997-02-01T00:00:00","Designacao_no_plano":"Espaço industrial - Área industrial proposta","Escala_origem":"1/25000","Fonte":"AML - Vectorial","ID1":36604,"Municipio":"MONTIJO"},"geometry":{"type":"Polygon","coordinates":[[[-9.0063736725698,38.7082344299683],[-9.00583265063025,38.7081775458346],[-9.00572384824539,38.7081661079521],[-9.00482059045516,38.7080243050294],[-9.00479945913521,38.7065766502755],[-9.00492495689303,38.706603682567],[-9.00584910376361,38.7068027718354],[-9.00635687693176,38.7068555543216],[-9.0063736725698,38.7082344299683]]]}},{"type":"Feature","id":"CRUS_Montijo_V.36605","properties":{"AREA_HA":2.9457485702927,"Autor":"DGT","Categoria_2021":"Espaço Natural e Paisagístico","Classe_2021":"Solo Rústico","DTCC":"1507","Data_Pub_Origem":"1997-02-01T00:00:00","Designacao_no_plano":"Espaço aquícola  - Albufeira","Escala_origem":"1/25000","Fonte":"AML - Vectorial","ID1":36605,"Municipio":"MONTIJO"},"geometry":{"type":"Polygon","coordinates":[[[-8.58190379178425,38.708916197565],[-8.58275685756924,38.7083687698837],[-8.58289609831045,38.7084226507424],[-8.58322609764005,38.7093645495299],[-8.58366991373108,38.7099976609787],[-8.58367470790869,38.710759436522],[-8.58353809935962,38.7111227277901],[-8.58327206243711,38.7111509686114],[-8.58313903811567,38.7111650838632],[-8.58228792939997,38.7111094081723],[-8.58221712428416,38.7108920273053],[-8.58251316637097,38.7101109597397],[-8.58246493437004,38.7098027991678],[-8.58188154834804,38.7090613851864],[-8.58190379178425,38.708916197565]]]}},{"type":"Feature","id":"CRUS_Montijo_V.36606","properties":{"AREA_HA":1.66805422412095,"Autor":"DGT","Categoria_2021":"Espaço de Atividades Industriais ","Classe_2021":"Solo Rústico","DTCC":"1507","Data_Pub_Origem":"1997-02-01T00:00:00","Designacao_no_plano":"Espaço industrial - Área industrial existente","Escala_origem":"1/25000","Fonte":"AML - Vectorial","ID1":36606,"Municipio":"MONTIJO"},"geometry":{"type":"Polygon","coordinates":[[[-9.00169825886935,38.7075340870065],[-9.00072082735508,38.7074907200307],[-9.00037608206841,38.7059459302743],[-9.00168680317853,38.7060382928526],[-9.00169825886935,38.7075340870065]]]}},{"type":"Feature","id":"CRUS_Montijo_V.36607","properties":{"AREA_HA":10.6705133131745,"Autor":"DGT","Categoria_2021":"Espaço de Atividades Industriais ","Classe_2021":"Solo Rústico","DTCC":"1507","Data_Pub_Origem":"1997-02-01T00:00:00","Designacao_no_plano":"Espaço industrial - Área industrial proposta","Escala_origem":"1/25000","Fonte":"AML - Vectorial","ID1":36607,"Municipio":"MONTIJO"},"geometry":{"type":"Polygon","coordinates":[[[-9.00072082735508,38.7074907200307],[-8.99381851617577,38.7077651451703],[-8.99335885873821,38.7058192482912],[-8.9953048080784,38.7058813821946],[-8.99581410944537,38.7071400419127],[-8.99661764300548,38.7071501725351],[-8.99617825482755,38.705913222135],[-8.99708466380074,38.705893754747],[-9.00037608206841,38.7059459302743],[-9.00072082735508,38.7074907200307]]]}},{"type":"Feature","id":"CRUS_Montijo_V.36608","properties":{"AREA_HA":1.00080635112878,"Autor":"DGT","Categoria_2021":"Espaço de Atividades Industriais ","Classe_2021":"Solo Rústico","DTCC":"1507","Data_Pub_Origem":"1997-02-01T00:00:00","Designacao_no_plano":"Espaço industrial - Área industrial existente","Escala_origem":"1/25000","Fonte":"AML - Vectorial","ID1":36608,"Municipio":"MONTIJO"},"geometry":{"type":"Polygon","coordinates":[[[-8.99617825482755,38.705913222135],[-8.99661764300548,38.7071501725351],[-8.99581410944537,38.7071400419127],[-8.9953048080784,38.7058813821946],[-8.99617825482755,38.705913222135]]]}},{"type":"Feature","id":"CRUS_Montijo_V.36609","properties":{"AREA_HA":754.251074609866,"Autor":"DGT","Categoria_2021":"Espaço Natural e Paisagístico","Classe_2021":"Solo Rústico","DTCC":"1507","Data_Pub_Origem":"1997-02-01T00:00:00","Designacao_no_plano":"Espaço aquícola - Área ribeirinha","Escala_origem":"1/25000","Fonte":"AML - Vectorial","ID1":36609,"Municipio":"MONTIJO"},"geometry":{"type":"Polygon","coordinates":[[[-8.98687936588715,38.705438478747],[-8.9860768246851,38.7052163267026],[-8.98517148830924,38.7052666613617],[-8.98297219569203,38.7053889012949],[-8.97766409140771,38.7052351145263],[-8.97667521379254,38.7052253729134],[-8.97537568278331,38.7042312811976],[-8.97770728921862,38.7010961580192],[-8.97738770852313,38.7009447309321],[-8.97601571268476,38.7026993696005],[-8.97492883419124,38.7022968275999],[-8.97176871232428,38.7011536718022],[-8.96729626914387,38.6998785584115],[-8.96383924649878,38.6995046311268],[-8.96370738450772,38.6994954347464],[-8.96284278639719,38.6994655500134],[-8.96213625198811,38.6994411304036],[-8.96118950433555,38.6992562411967],[-8.9599833740236,38.6987050979299],[-8.95906055474882,38.6978928167713],[-8.95460642893848,38.6930288971014],[-8.95376552817592,38.6922160054383],[-8.95350392654797,38.6919898163918],[-8.95318323435857,38.6917371530978],[-8.9531222209446,38.6916890799483],[-8.95276582663736,38.6914082761395],[-8.95211885876878,38.6908678793351],[-8.94988945411641,38.6888110973826],[-8.95020108523113,38.6886275418515],[-8.9516751702774,38.6876722200567],[-8.95187583775215,38.6875168851035],[-8.95233122314535,38.6872205996995],[-8.95319506149808,38.6888219075061],[-8.95364573606972,38.6895010124832],[-8.95567052393908,38.6902864121961],[-8.95736959639801,38.6911391864681],[-8.95816565682585,38.692024270661],[-8.95941480531788,38.6943120048918],[-8.95996983693017,38.6953010839805],[-8.96047867153988,38.6958772308664],[-8.96271668694946,38.6965375420803],[-8.96537129366999,38.6961149519108],[-8.965980051038,38.6958644159937],[-8.9659864996477,38.6943541260531],[-8.96606875147469,38.6942076463691],[-8.96640337134619,38.6941049643813],[-8.96737443408762,38.6940706741531],[-8.96787829114124,38.6942395656358],[-8.96927886470553,38.6950410701923],[-8.97071627363856,38.6953405251571],[-8.97398434614638,38.6948155384735],[-8.97437806224994,38.6946394528573],[-8.97461545394822,38.6944280283556],[-8.97482126193994,38.6935694312374],[-8.97465388881494,38.6926175791152],[-8.97403813916155,38.6912451607177],[-8.97404233397185,38.6905795066032],[-8.97424481153199,38.6898655107984],[-8.97415022977541,38.688855671543],[-8.97370178973438,38.6877379972567],[-8.97325609465686,38.6870320895205],[-8.97301956105587,38.6864610476799],[-8.97298285534099,38.6861972437863],[-8.97319653694625,38.6858571783962],[-8.97448215623537,38.6845880176344],[-8.97554121301111,38.6833725422362],[-8.97584255460009,38.6831278921269],[-8.97712852039021,38.6820672237237],[-8.97726315330262,38.6821592310484],[-8.97737485817824,38.6828048064949],[-8.97695581194176,38.6834017391566],[-8.9768755603695,38.6842440668513],[-8.97569144760698,38.6846980412576],[-8.97566148612698,38.6851706883792],[-8.97600859911137,38.6860050494946],[-8.97712414578682,38.6872657887829],[-8.97742799183884,38.6874390671452],[-8.97897530059622,38.6876708316448],[-8.97954576651402,38.6878691609591],[-8.97981507808871,38.6881236741128],[-8.98003291266166,38.6886146487658],[-8.97992171091091,38.6897222789059],[-8.98001573746438,38.6901670307999],[-8.98084225013977,38.690997898213],[-8.98173549550641,38.6914638310046],[-8.9824704068726,38.6920523998688],[-8.9835125866778,38.6930976446572],[-8.98529889617375,38.6936586341776],[-8.99123735922847,38.6943440326865],[-8.99365884654519,38.694906620376],[-8.99579987470995,38.6957681775976],[-8.99728957371798,38.6970934517966],[-8.99773636095819,38.6973331063349],[-8.99986185606763,38.6981624176219],[-9.00160688906074,38.6985678880937],[-9.00416670398747,38.698805276815],[-9.00855150890148,38.6987185027097],[-9.00927846652947,38.698632059843],[-9.01085988246562,38.6980444613398],[-9.01195340070415,38.6974423358608],[-9.01366067173448,38.6962146675221],[-9.01591859035145,38.6938685886582],[-9.01886769267538,38.6911331902363],[-9.02010089178597,38.6903544547786],[-9.02102018943987,38.6900370204195],[-9.02480435897659,38.6902376551816],[-9.02946805912113,38.6909591771273],[-9.0362652593533,38.6911652279945],[-9.03840926792994,38.6908246853055],[-9.04049579143342,38.6900763572348],[-9.04494862078599,38.6884791817541],[-9.0465939235516,38.6880546986514],[-9.05116755695258,38.686967640744],[-9.05233710267257,38.6867964708299],[-9.05233984027889,38.6869249085202],[-9.05238275213644,38.6889384256256],[-9.04891375296996,38.6896170672257],[-9.04785583102126,38.6898240095224],[-9.04735571253429,38.690282555097],[-9.04662519086328,38.6907079314914],[-9.04547494389546,38.6906819542909],[-9.0446966258429,38.6909678084804],[-9.04419649057964,38.691426339807],[-9.04313777519876,38.691364657505],[-9.04148823715856,38.6918671062339],[-9.04107960840493,38.6922899435286],[-9.04113533985933,38.6930588939046],[-9.04151347872489,38.6938603044456],[-9.04152189267971,38.6945246979935],[-9.04030657531419,38.6966324540785],[-9.03941709089036,38.6978781090044],[-9.03821342199962,38.6990837645835],[-9.03630161319169,38.700083832891],[-9.0312836911233,38.7022101595937],[-9.03050087965749,38.7024251793176],[-9.02967729327224,38.702521070704],[-9.02871308633648,38.7023642564237],[-9.02557687897378,38.7012537224232],[-9.02463326895241,38.7011713644204],[-9.02260089155899,38.7012604395975],[-9.01953148111068,38.7007762203558],[-9.01913969522109,38.7008538334762],[-9.01840829939073,38.7020536392565],[-9.01807559930848,38.7021457357807],[-9.0176617788821,38.7020294437867],[-9.01730207065981,38.7015246000068],[-9.01698642779694,38.7014075631475],[-9.01614209833184,38.7014139505901],[-9.01381169771342,38.7019391178338],[-9.01303084911972,38.7023182115584],[-9.01220552637744,38.7033376188802],[-9.0115432050174,38.7037755226702],[-9.00851795392245,38.7036937502843],[-9.00726845070676,38.7035346987217],[-9.00633804510214,38.7033925255205],[-9.00632479067365,38.7012715049888],[-9.00629277949172,38.7000993647191],[-9.00481259657381,38.7000862646155],[-9.00486407797978,38.701306551143],[-9.004949025448,38.7034004630227],[-9.00259752750426,38.7027886588536],[-8.99984115388076,38.7015927855454],[-8.99888351913533,38.7019730962849],[-8.9997351624851,38.7040728469964],[-8.9990540719708,38.7044560968374],[-8.99821249855102,38.7045634932798],[-8.9972108680147,38.7048856459158],[-8.99709103798657,38.705667140685],[-8.99708466380074,38.705893754747],[-8.99617825482755,38.705913222135],[-8.9953048080784,38.7058813821946],[-8.99335885873821,38.7058192482912],[-8.99314180700173,38.705813883627],[-8.99063804644398,38.7057521550779],[-8.99065622570084,38.7055026464784],[-8.99070506690238,38.7048323877428],[-8.98894725708694,38.7047896248629],[-8.98889060975402,38.705470875766],[-8.98886423184811,38.7057881481475],[-8.98884640819942,38.7060025317426],[-8.98783555908342,38.7059684445746],[-8.98687936588715,38.705438478747]]]}},{"type":"Feature","id":"CRUS_Montijo_V.36610","properties":{"AREA_HA":9.6055326465575,"Autor":"DGT","Categoria_2021":"Não Atribuída","Classe_2021":"Solo Urbano (urbanizável – transitório)","DTCC":"1507","Data_Pub_Origem":"1997-02-01T00:00:00","Designacao_no_plano":"Espaço urbanizável - Área urbanizável mista habitacional e equipamento industrial","Escala_origem":"1/25000","Fonte":"AML - Vectorial","ID1":36610,"Municipio":"MONTIJO"},"geometry":{"type":"Polygon","coordinates":[[[-8.9925416270994,38.7107611845928],[-8.99191243166719,38.7107535903155],[-8.99189486781119,38.7109006024974],[-8.99173993122324,38.710872367197],[-8.99068837212501,38.7085887728341],[-8.98944378444273,38.7088567129629],[-8.98783555908342,38.7059684445746],[-8.98884640819942,38.7060025317426],[-8.98886423184811,38.7057881481475],[-8.98889060975402,38.705470875766],[-8.99065622570084,38.7055026464784],[-8.99063804644398,38.7057521550779],[-8.99066669092348,38.705846059526],[-8.9907080695433,38.7060088528149],[-8.99080046396307,38.7062847346462],[-8.9925416270994,38.7107611845928]]]}},{"type":"Feature","id":"CRUS_Montijo_V.36611","properties":{"AREA_HA":863.831056619036,"Autor":"DGT","Categoria_2021":"Espaço de Equipamentos e Infraestruturas ","Classe_2021":"Solo Rústico","DTCC":"1507","Data_Pub_Origem":"1997-02-01T00:00:00","Designacao_no_plano":"Espaço afecto a instalação de interesse público - Área de instalação de defesa nacional","Escala_origem":"1/25000","Fonte":"AML - Vectorial","ID1":36611,"Municipio":"MONTIJO"},"geometry":{"type":"Polygon","coordinates":[[[-9.04891375296996,38.6896170672257],[-9.04932149580796,38.6902517822295],[-9.04970791093382,38.6911283802123],[-9.04984299759571,38.6919118546485],[-9.04969699089961,38.6927213153203],[-9.04933212354592,38.6935324934644],[-9.0489957773061,38.694129472555],[-9.04878571883325,38.6948205661419],[-9.04870071207038,38.6955106702884],[-9.04873561196324,38.6982443908591],[-9.04893415037545,38.6990986917818],[-9.04882121665292,38.7000505316477],[-9.0487217966043,38.7020852015719],[-9.04873393763374,38.7030360596243],[-9.04860580709667,38.7052480316732],[-9.04811089678123,38.708128540586],[-9.04784825328691,38.7096045746501],[-9.04724107848859,38.71118716726],[-9.04648799928605,38.7134515672408],[-9.04578592326057,38.714812156224],[-9.04545096341359,38.7155279896414],[-9.04499059034558,38.716221030122],[-9.04474824298688,38.7168410332179],[-9.04444273280308,38.7174139941385],[-9.04179685452337,38.7184331097315],[-9.0409571828279,38.7188200255986],[-9.04030667240403,38.7193243248232],[-9.038723816349,38.7203113437575],[-9.03733620064138,38.7212861921127],[-9.03680985762363,38.7217181947155],[-9.03650306521508,38.7221960488138],[-9.03625403384199,38.7222930714702],[-9.0358128344395,38.7220349668631],[-9.03565284170223,38.7217509243509],[-9.03502846531116,38.7218508459635],[-9.03347825797468,38.722956400948],[-9.03195480275014,38.7237051262203],[-9.02741221884294,38.7251833206297],[-9.02095918798176,38.7233428913936],[-9.01489522914135,38.7213371872871],[-9.01278423099562,38.7204487648714],[-9.01074268829512,38.7194720370331],[-9.00807637275295,38.7172030829314],[-9.00798546359886,38.7170790768741],[-9.0065637403435,38.7139490133901],[-9.00643218234278,38.7119452092894],[-9.0063736725698,38.7082344299683],[-9.00635687693176,38.7068555543216],[-9.00634373575385,38.7043024430454],[-9.00633804510214,38.7033925255205],[-9.00726845070676,38.7035346987217],[-9.00851795392245,38.7036937502843],[-9.0115432050174,38.7037755226702],[-9.01220552637744,38.7033376188802],[-9.01303084911972,38.7023182115584],[-9.01381169771342,38.7019391178338],[-9.01614209833184,38.7014139505901],[-9.01698642779694,38.7014075631475],[-9.01730207065981,38.7015246000068],[-9.0176617788821,38.7020294437867],[-9.01807559930848,38.7021457357807],[-9.01840829939073,38.7020536392565],[-9.01913969522109,38.7008538334762],[-9.01953148111068,38.7007762203558],[-9.02260089155899,38.7012604395975],[-9.02463326895241,38.7011713644204],[-9.02557687897378,38.7012537224232],[-9.02871308633648,38.7023642564237],[-9.02967729327224,38.702521070704],[-9.03050087965749,38.7024251793176],[-9.0312836911233,38.7022101595937],[-9.03630161319169,38.700083832891],[-9.03821342199962,38.6990837645835],[-9.03941709089036,38.6978781090044],[-9.04030657531419,38.6966324540785],[-9.04152189267971,38.6945246979935],[-9.04151347872489,38.6938603044456],[-9.04113533985933,38.6930588939046],[-9.04107960840493,38.6922899435286],[-9.04148823715856,38.6918671062339],[-9.04313777519876,38.691364657505],[-9.04419649057964,38.691426339807],[-9.0446966258429,38.6909678084804],[-9.04547494389546,38.6906819542909],[-9.04662519086328,38.6907079314914],[-9.04735571253429,38.690282555097],[-9.04785583102126,38.6898240095224],[-9.04891375296996,38.6896170672257]]]}},{"type":"Feature","id":"CRUS_Montijo_V.36612","properties":{"AREA_HA":52.5597701712623,"Autor":"DGT","Categoria_2021":"Espaço Agrícola","Classe_2021":"Solo Rústico","DTCC":"1507","Data_Pub_Origem":"1997-02-01T00:00:00","Designacao_no_plano":"Espaço agrícola - Área agrícola da RAN","Escala_origem":"1/25000","Fonte":"AML - Vectorial","ID1":36612,"Municipio":"MONTIJO"},"geometry":{"type":"Polygon","coordinates":[[[-8.71885792949664,38.7059021641847],[-8.71901621939816,38.705967563586],[-8.71852989770883,38.7066533135948],[-8.71836516080491,38.7066272697869],[-8.71784967898109,38.706459637938],[-8.71669729145202,38.7063829925923],[-8.71603504131667,38.7065923248184],[-8.71541727567421,38.7072752814247],[-8.71382585647536,38.7075705769241],[-8.71331363384564,38.7079027559335],[-8.71277762148398,38.7080618527473],[-8.71198757143489,38.7081359659833],[-8.71139054195138,38.7080359188377],[-8.709627945846,38.7071017074532],[-8.70940655830526,38.70698436293],[-8.70849721731164,38.7068779522999],[-8.70814567082808,38.7069723967018],[-8.70741761456426,38.7074292303449],[-8.70654347075282,38.7082576108203],[-8.70628609829275,38.7082691807098],[-8.70613523901597,38.7080432969222],[-8.70687133624721,38.7068962640687],[-8.70676169351318,38.7067422877745],[-8.70623841828623,38.706697972891],[-8.70605612418306,38.7066221370094],[-8.70604108848409,38.706436789603],[-8.70662166843914,38.7061764160528],[-8.70746380730951,38.7064297954874],[-8.70796274193115,38.7061286141209],[-8.7096650521887,38.7062541743166],[-8.71100022812137,38.7071540661525],[-8.71170639167048,38.7073462840577],[-8.71298065554494,38.7074120680379],[-8.71393646239874,38.7070400213799],[-8.71478560606873,38.7065120105841],[-8.7153927833097,38.7061416074208],[-8.71605333793238,38.7053468460161],[-8.71650588663291,38.70515838876],[-8.71714707378815,38.7048913720637],[-8.71740224792989,38.7046119629756],[-8.71753504594488,38.7042816665813],[-8.71742455538345,38.7040246895972],[-8.71498244241524,38.7036351518233],[-8.71327319206862,38.7026557866898],[-8.71256355979051,38.7020309481781],[-8.71177095302324,38.7010685350854],[-8.71127564880239,38.7001335952968],[-8.71086686718776,38.6998471911873],[-8.71056612873134,38.6993563182818],[-8.70990225511754,38.6993596010696],[-8.70923317616947,38.6987139402189],[-8.70818955049359,38.6986675797002],[-8.70713428494023,38.6988581967421],[-8.70582281385506,38.6992045774202],[-8.70488147307611,38.6996184822869],[-8.70221554417691,38.7013487813888],[-8.6998141362908,38.7026584011042],[-8.69832725367183,38.7031085654672],[-8.69818511039925,38.7039848439001],[-8.6984082418503,38.7047872440581],[-8.69962394068136,38.7062438029993],[-8.69958549155104,38.7065221218713],[-8.69941041081247,38.7066568853926],[-8.69904407906501,38.7065968588658],[-8.69867620259884,38.7063411113474],[-8.69816957848808,38.7056739986281],[-8.69781561434657,38.7051332211944],[-8.69709637287886,38.7032722065792],[-8.69668941256089,38.7032123685402],[-8.69576969280382,38.7034228295229],[-8.69494045484054,38.7030765838952],[-8.69521005988276,38.702900169517],[-8.69687342272598,38.7024904043473],[-8.69799839143263,38.7025364709754],[-8.69851170446146,38.7023382581463],[-8.69860392999399,38.7021673614975],[-8.69900997907533,38.7021138851098],[-8.69933311811076,38.7018547958908],[-8.70018498481421,38.7016343306956],[-8.70189529137989,38.7005868926421],[-8.70367102874325,38.6994461744232],[-8.70378853455299,38.6988893433451],[-8.70346092762533,38.6985819154289],[-8.70344508013725,38.6982935554041],[-8.7036061821726,38.6981073553979],[-8.70432390136124,38.6980626323215],[-8.7048430000964,38.6985957534364],[-8.70508736147789,38.6986563604407],[-8.70605862429485,38.6981262376561],[-8.70738311974994,38.6977179865535],[-8.70743252804169,38.6971202838944],[-8.70719866822647,38.6966784821692],[-8.70693894592174,38.6963913312827],[-8.70568785908033,38.6958103134233],[-8.70526484566641,38.6954312483554],[-8.70509816393008,38.6949170125111],[-8.70524677169393,38.6948647761684],[-8.7062263119207,38.6953750317307],[-8.70720428762881,38.6956895509747],[-8.70757171441807,38.69636697705],[-8.70832154851669,38.6969504458454],[-8.70861159690561,38.6976391849157],[-8.7091700433809,38.6980072733693],[-8.70948164647551,38.6980057343166],[-8.70980431422346,38.6976951010209],[-8.70976752486415,38.6964900607894],[-8.70990142017306,38.6962936809793],[-8.71015924678,38.6963439057094],[-8.71103515004891,38.6976141102567],[-8.71234558529333,38.6988231413857],[-8.71373606343445,38.7015519458388],[-8.71448054808967,38.7019181270531],[-8.71644386180029,38.702814015716],[-8.71698378802427,38.7027911554187],[-8.71721280133685,38.7024875553923],[-8.71715856739773,38.7021450442876],[-8.71642761312781,38.7008178885896],[-8.71720102702674,38.6998329732558],[-8.71755624801882,38.6999946361918],[-8.71753677817419,38.7012156200841],[-8.71777235227845,38.7017185300482],[-8.71800447488124,38.7017980251325],[-8.71815779624373,38.7016762692949],[-8.71890967082877,38.700610539747],[-8.71938264775955,38.7008257719889],[-8.71870053191924,38.7019801265015],[-8.71775201333977,38.7024944939474],[-8.71781307292889,38.7027713384368],[-8.71812055845618,38.7029754330987],[-8.71882582275008,38.7029182520528],[-8.7204344607792,38.7035832474514],[-8.72059594791942,38.7036468811183],[-8.72002122647805,38.7044557278783],[-8.71982216673704,38.7044727000221],[-8.7187737822392,38.7045132773771],[-8.71789761887994,38.7051582414857],[-8.71784271970363,38.7055267196221],[-8.71885792949664,38.7059021641847]]]}},{"type":"Feature","id":"CRUS_Montijo_V.36613","properties":{"AREA_HA":1.15160879080655,"Autor":"DGT","Categoria_2021":"Espaço de Atividades Económicas","Classe_2021":"Solo Urbano","DTCC":"1507","Data_Pub_Origem":"1997-02-01T00:00:00","Designacao_no_plano":"Espaço industrial - Área industrial existente","Escala_origem":"1/25000","Fonte":"AML - Vectorial","ID1":36613,"Municipio":"MONTIJO"},"geometry":{"type":"Polygon","coordinates":[[[-8.99065622570084,38.7055026464784],[-8.98889060975402,38.705470875766],[-8.98894725708694,38.7047896248629],[-8.99070506690238,38.7048323877428],[-8.99065622570084,38.7055026464784]]]}},{"type":"Feature","id":"CRUS_Montijo_V.36614","properties":{"AREA_HA":3.27649076808464,"Autor":"DGT","Categoria_2021":"Espaço de Atividades Industriais ","Classe_2021":"Solo Rústico","DTCC":"1507","Data_Pub_Origem":"1997-02-01T00:00:00","Designacao_no_plano":"Espaço industrial - Área industrial existente","Escala_origem":"1/25000","Fonte":"AML - Vectorial","ID1":36614,"Municipio":"MONTIJO"},"geometry":{"type":"Polygon","coordinates":[[[-9.00635687693176,38.7068555543216],[-9.00584910376361,38.7068027718354],[-9.00492495689303,38.706603682567],[-9.00492001422866,38.7064837070471],[-9.00496927597102,38.7043595727982],[-9.00581678093284,38.7043372800626],[-9.00634373575385,38.7043024430454],[-9.00635687693176,38.7068555543216]]]}},{"type":"Feature","id":"CRUS_Montijo_V.36615","properties":{"AREA_HA":3.29662417632714,"Autor":"DGT","Categoria_2021":"Espaço Florestal","Classe_2021":"Solo Rústico","DTCC":"1507","Data_Pub_Origem":"1997-02-01T00:00:00","Designacao_no_plano":"Espaço florestal - Área de mata e de protecção","Escala_origem":"1/25000","Fonte":"AML - Vectorial","ID1":36615,"Municipio":"MONTIJO"},"geometry":{"type":"Polygon","coordinates":[[[-8.71393646239874,38.7070400213799],[-8.71298065554494,38.7074120680379],[-8.71170639167048,38.7073462840577],[-8.71100022812137,38.7071540661525],[-8.7096650521887,38.7062541743166],[-8.71025924415541,38.7056959454372],[-8.71393646239874,38.7070400213799]]]}},{"type":"Feature","id":"CRUS_Montijo_V.36616","properties":{"AREA_HA":4.14635889219409,"Autor":"DGT","Categoria_2021":"Espaço de Atividades Industriais ","Classe_2021":"Solo Rústico","DTCC":"1507","Data_Pub_Origem":"1997-02-01T00:00:00","Designacao_no_plano":"Espaço industrial - Área industrial proposta","Escala_origem":"1/25000","Fonte":"AML - Vectorial","ID1":36616,"Municipio":"MONTIJO"},"geometry":{"type":"Polygon","coordinates":[[[-9.00496927597102,38.7043595727982],[-9.004949025448,38.7034004630227],[-9.00486407797978,38.701306551143],[-9.00575724285385,38.7013004923465],[-9.00632479067365,38.7012715049888],[-9.00633804510214,38.7033925255205],[-9.00634373575385,38.7043024430454],[-9.00581678093284,38.7043372800626],[-9.00496927597102,38.7043595727982]]]}},{"type":"Feature","id":"CRUS_Montijo_V.36617","properties":{"AREA_HA":3.501828394811,"Autor":"DGT","Categoria_2021":"Espaço Florestal","Classe_2021":"Solo Rústico","DTCC":"1507","Data_Pub_Origem":"1997-02-01T00:00:00","Designacao_no_plano":"Espaço florestal - Área de mata e de protecção","Escala_origem":"1/25000","Fonte":"AML - Vectorial","ID1":36617,"Municipio":"MONTIJO"},"geometry":{"type":"Polygon","coordinates":[[[-8.70623841828623,38.706697972891],[-8.70537687651469,38.7079445617671],[-8.70415269579864,38.7073633974561],[-8.70482196719413,38.7063300157305],[-8.70456305146405,38.7061458629834],[-8.70531442419243,38.7052150829377],[-8.70667398327466,38.7057852733239],[-8.70662166843914,38.7061764160528],[-8.70604108848409,38.706436789603],[-8.70605612418306,38.7066221370094],[-8.70623841828623,38.706697972891]]]}},{"type":"Feature","id":"CRUS_Montijo_V.36618","properties":{"AREA_HA":2.39901662733452,"Autor":"DGT","Categoria_2021":"Espaço Florestal","Classe_2021":"Solo Rústico","DTCC":"1507","Data_Pub_Origem":"1997-02-01T00:00:00","Designacao_no_plano":"Espaço florestal - Área de mata e de protecção","Escala_origem":"1/25000","Fonte":"AML - Vectorial","ID1":36618,"Municipio":"MONTIJO"},"geometry":{"type":"Polygon","coordinates":[[[-8.6913640221191,38.7084540369131],[-8.69322919939146,38.7093458566685],[-8.69282760039545,38.7099761483881],[-8.69266660455451,38.7101829343473],[-8.69056172919304,38.7096058570715],[-8.6913640221191,38.7084540369131]]]}},{"type":"Feature","id":"CRUS_Montijo_V.36619","properties":{"AREA_HA":4.10890573724816,"Autor":"DGT","Categoria_2021":"Espaço Agrícola","Classe_2021":"Solo Rústico","DTCC":"1507","Data_Pub_Origem":"1997-02-01T00:00:00","Designacao_no_plano":"Espaço agrícola - Área agrícola não incluído na RAN","Escala_origem":"1/25000","Fonte":"AML - Vectorial","ID1":36619,"Municipio":"MONTIJO"},"geometry":{"type":"Polygon","coordinates":[[[-8.63378728126811,38.7066800104872],[-8.63365760340265,38.7061075917929],[-8.63449251864693,38.7062293439951],[-8.63632557239887,38.7053082776356],[-8.63654302506334,38.7053610544091],[-8.63686884674234,38.7062011988731],[-8.63543974801841,38.7077024640825],[-8.63513144942483,38.7077306440672],[-8.63428333391111,38.7073582856736],[-8.63378728126811,38.7066800104872]]]}},{"type":"Feature","id":"CRUS_Montijo_V.36620","properties":{"AREA_HA":1.7858240123326,"Autor":"DGT","Categoria_2021":"Espaço Florestal","Classe_2021":"Solo Rústico","DTCC":"1507","Data_Pub_Origem":"1997-02-01T00:00:00","Designacao_no_plano":"Espaço florestal - Área de floresta de produção","Escala_origem":"1/25000","Fonte":"AML - Vectorial","ID1":36620,"Municipio":"MONTIJO"},"geometry":{"type":"Polygon","coordinates":[[[-8.71982216673704,38.7044727000221],[-8.72002122647805,38.7044557278783],[-8.71901621939816,38.705967563586],[-8.71885792949664,38.7059021641847],[-8.71784271970363,38.7055267196221],[-8.71789761887994,38.7051582414857],[-8.7187737822392,38.7045132773771],[-8.71982216673704,38.7044727000221]]]}},{"type":"Feature","id":"CRUS_Montijo_V.36621","properties":{"AREA_HA":13.2737061633032,"Autor":"DGT","Categoria_2021":"Espaço Florestal","Classe_2021":"Solo Rústico","DTCC":"1507","Data_Pub_Origem":"1997-02-01T00:00:00","Designacao_no_plano":"Espaço florestal - Área de mata e de protecção","Escala_origem":"1/25000","Fonte":"AML - Vectorial","ID1":36621,"Municipio":"MONTIJO"},"geometry":{"type":"Polygon","coordinates":[[[-8.53063428966746,38.7105188615418],[-8.52985863087442,38.7106985395447],[-8.52917704678608,38.7112372253702],[-8.52890347237532,38.7112828528823],[-8.52873163871018,38.7111582868533],[-8.52862619302151,38.710658029916],[-8.52872575737159,38.7100945069462],[-8.52839059862199,38.7093179124248],[-8.52888783910165,38.708455792129],[-8.52899440942164,38.7070959301795],[-8.52930164690194,38.7069517751687],[-8.52958754955676,38.7070760240115],[-8.53028735463904,38.7077712822381],[-8.53051611795746,38.7078778335571],[-8.53084683288216,38.7078498710975],[-8.53107395532963,38.7076612683424],[-8.53065871905672,38.7068487685662],[-8.53079299298829,38.7063742783472],[-8.53145159846108,38.7058174924908],[-8.53185224605003,38.7060576113837],[-8.53213755065789,38.7060745256347],[-8.53229607976883,38.7058593201134],[-8.53240626292743,38.7051613024638],[-8.53284839190808,38.7046589192075],[-8.53343111792672,38.704817912333],[-8.53408074866297,38.7054275270468],[-8.53270158355589,38.7067423173664],[-8.53063428966746,38.7105188615418]]]}},{"type":"Feature","id":"CRUS_Montijo_V.36622","properties":{"AREA_HA":6.76708239694126,"Autor":"DGT","Categoria_2021":"Espaço Florestal","Classe_2021":"Solo Rústico","DTCC":"1507","Data_Pub_Origem":"1997-02-01T00:00:00","Designacao_no_plano":"Espaço agro-florestal","Escala_origem":"1/25000","Fonte":"AML - Vectorial","ID1":36622,"Municipio":"MONTIJO"},"geometry":{"type":"Polygon","coordinates":[[[-8.52257891459515,38.7050132501676],[-8.52317166254644,38.7047092000536],[-8.52419693942642,38.7050884287104],[-8.52225814401473,38.7077735259422],[-8.5216591447661,38.7088141738577],[-8.52163766808871,38.7091422385297],[-8.52145261982318,38.7093250711529],[-8.51998721277449,38.7092752826847],[-8.51976473448899,38.7088703506194],[-8.52018384074154,38.7086777271062],[-8.52257891459515,38.7050132501676]]]}},{"type":"Feature","id":"CRUS_Montijo_V.36623","properties":{"AREA_HA":6.3812063184455,"Autor":"DGT","Categoria_2021":"Espaço Agrícola","Classe_2021":"Solo Rústico","DTCC":"1507","Data_Pub_Origem":"1997-02-01T00:00:00","Designacao_no_plano":"Espaço agrícola - Área agrícola não incluído na RAN","Escala_origem":"1/25000","Fonte":"AML - Vectorial","ID1":36623,"Municipio":"MONTIJO"},"geometry":{"type":"Polygon","coordinates":[[[-8.9196377973407,38.7027145762233],[-8.92040231605328,38.7024692898307],[-8.92104822080526,38.7024740570597],[-8.92079705948491,38.7037142913301],[-8.92050196938915,38.7055326978237],[-8.92044717217689,38.7060543032997],[-8.91874882244253,38.7062789153239],[-8.91871823162351,38.7062829609819],[-8.91871806788345,38.7062672629042],[-8.91871399118562,38.7058750819759],[-8.91871248599048,38.7057303890402],[-8.91872513951893,38.7037495371239],[-8.91898216497477,38.7033868908399],[-8.91901564879909,38.7033396475066],[-8.9196377973407,38.7027145762233]]]}},{"type":"Feature","id":"CRUS_Montijo_V.36624","properties":{"AREA_HA":9.5477236707747,"Autor":"DGT","Categoria_2021":"Não Atribuída","Classe_2021":"Solo Urbano (urbanizável – transitório)","DTCC":"1507","Data_Pub_Origem":"1997-02-01T00:00:00","Designacao_no_plano":"Espaço urbanizável - Área urbanizável mista habitacional e equipamento industrial","Escala_origem":"1/25000","Fonte":"AML - Vectorial","ID1":36624,"Municipio":"MONTIJO"},"geometry":{"type":"Polygon","coordinates":[[[-8.92435922389677,38.7025407547535],[-8.92446550459679,38.7060163090479],[-8.92335722858248,38.7059278448755],[-8.92336173326863,38.7054553114039],[-8.92292337529024,38.7053401474676],[-8.92322451690359,38.7035809840501],[-8.92264480564381,38.7035531618997],[-8.92214582500061,38.7035292132667],[-8.92206738840971,38.7052410918842],[-8.92050196938915,38.7055326978237],[-8.92079705948491,38.7037142913301],[-8.92104822080526,38.7024740570597],[-8.92109789598072,38.7022505683038],[-8.92113336037373,38.7021450435036],[-8.92241161128562,38.7022967243204],[-8.92435922389677,38.7025407547535]]]}},{"type":"Feature","id":"CRUS_Montijo_V.36625","properties":{"AREA_HA":161.096767262071,"Autor":"DGT","Categoria_2021":"Espaço Agrícola","Classe_2021":"Solo Rústico","DTCC":"1507","Data_Pub_Origem":"1997-02-01T00:00:00","Designacao_no_plano":"Espaço agrícola - Área agrícola da RAN","Escala_origem":"1/25000","Fonte":"AML - Vectorial","ID1":36625,"Municipio":"MONTIJO"},"geometry":{"type":"Polygon","coordinates":[[[-8.91873685714701,38.7030534227396],[-8.91807545247996,38.7007378103768],[-8.91649409731211,38.6957420773431],[-8.91671635720688,38.6956698732567],[-8.91684459241264,38.6956021616114],[-8.91690064073924,38.6955725665761],[-8.91727316778898,38.6950904991216],[-8.91729299154503,38.6948021026556],[-8.9169809572255,38.6946382261516],[-8.91672552391606,38.6947394418382],[-8.91663927707472,38.6947272148369],[-8.91618957781771,38.6946634613826],[-8.9155215387009,38.6921797859431],[-8.91495422965251,38.6898174442539],[-8.9150601116276,38.6898505723263],[-8.91517104625494,38.6898852816547],[-8.91597333267957,38.6905545035283],[-8.91631378496978,38.6905429059338],[-8.91682343698122,38.6905400634566],[-8.91699844359018,38.6907834823002],[-8.91758171649618,38.6905349710339],[-8.91718325995852,38.6898213514735],[-8.91657534834982,38.6900024564863],[-8.91599932822936,38.689639173261],[-8.91483472748183,38.6882056457637],[-8.91471664594708,38.6881370568463],[-8.91462783562434,38.6880345433531],[-8.91449508559458,38.6878813081026],[-8.91443218667198,38.6876958769686],[-8.91448265301124,38.6875890069709],[-8.91493267780736,38.6866359993059],[-8.91383821595252,38.6853068168967],[-8.91354620035148,38.6852720591139],[-8.91354156044078,38.6852715072572],[-8.91340122313781,38.6852937937026],[-8.9127797852149,38.6841082066914],[-8.91295128690869,38.68408873899],[-8.9131806218155,38.6840627057577],[-8.91325024476659,38.6836051932366],[-8.91331637605692,38.683300137391],[-8.91414297848937,38.6832766496513],[-8.91432235077205,38.6823709488653],[-8.91456608903662,38.6819741468029],[-8.91436168203313,38.6816432105775],[-8.91404680382439,38.6795797309132],[-8.914233093088,38.6787759809535],[-8.91454490115743,38.6784079813713],[-8.9152332479326,38.6780946240951],[-8.91544438474721,38.6773717415569],[-8.91548974538748,38.6771244207337],[-8.91605379049624,38.6764459779305],[-8.91669939086645,38.6748974254424],[-8.91678036613133,38.6747256764257],[-8.91687954219703,38.6745454269733],[-8.91714113895302,38.6741102782554],[-8.92010331831101,38.6758071055084],[-8.92032634789159,38.6755731693793],[-8.92095587503439,38.6747195426309],[-8.92156004868332,38.6747432997683],[-8.92140902223248,38.6737923812685],[-8.92122290385826,38.6726204813991],[-8.9216195478319,38.6721787095458],[-8.92262717353421,38.6712771366239],[-8.92330240811886,38.6712297548632],[-8.92354267965837,38.6714242964458],[-8.92376458489209,38.6716433005902],[-8.92382631640664,38.6717052632426],[-8.92431151740737,38.6721992814164],[-8.92336373769552,38.6761608385754],[-8.92272371990261,38.6762069102054],[-8.92214071404501,38.6770528817965],[-8.92282587345941,38.6774658521476],[-8.92316123114669,38.6776903507116],[-8.92237839179874,38.6783483993182],[-8.92174423654951,38.6791544847976],[-8.92113304529402,38.6802185532918],[-8.92147475852041,38.6803681207386],[-8.92324291655249,38.6813327893459],[-8.92302585499626,38.6816084428713],[-8.9224725019655,38.6837450756083],[-8.92268569941261,38.6840269621448],[-8.92250018259329,38.6842511998589],[-8.92232333349133,38.6852643876683],[-8.92207513979601,38.6856262762781],[-8.92187037529734,38.6858941426808],[-8.92151651964473,38.6864847436324],[-8.9217693718067,38.6869118515309],[-8.92241243077039,38.6872619886978],[-8.92421357727083,38.6876100020983],[-8.92469134920116,38.6879726767638],[-8.92486434115629,38.6884450441586],[-8.92479367765403,38.6888571784711],[-8.92444979583773,38.6890424701925],[-8.92211301037265,38.6885437121532],[-8.92155756405266,38.6886389396173],[-8.9210852656622,38.6890035906512],[-8.92086264057182,38.6897299462887],[-8.92014977629739,38.6905580724277],[-8.91997832726939,38.6913825388064],[-8.91906953012339,38.6921776675496],[-8.91924060689014,38.6925930800475],[-8.91967853598777,38.6927502206946],[-8.92088221504947,38.6928107098421],[-8.92088904456943,38.6934052890103],[-8.92167192159436,38.6954545852209],[-8.92155978844207,38.6955848327505],[-8.92083907750147,38.6957040442986],[-8.91981404202701,38.6955051229799],[-8.9195049117949,38.6955491103813],[-8.91908351049817,38.6960656808566],[-8.91883296901348,38.6967174717913],[-8.91877792728335,38.6970054033087],[-8.91899887882436,38.6979505178511],[-8.91942467882358,38.6983707455159],[-8.91983895007112,38.6991112197892],[-8.92059890895798,38.6984543074831],[-8.92097946964777,38.6988633947623],[-8.9207962432273,38.6999852568879],[-8.92122470483391,38.7006455940433],[-8.92120348505356,38.7014518861252],[-8.92117458678739,38.7015607167894],[-8.92113336037373,38.7021450435036],[-8.92109789598072,38.7022505683038],[-8.92104822080526,38.7024740570597],[-8.92040231605328,38.7024692898307],[-8.9196377973407,38.7027145762233],[-8.91901564879909,38.7033396475066],[-8.91898216497477,38.7033868908399],[-8.91872513951893,38.7037495371239],[-8.91873685714701,38.7030534227396]],[[-8.91988347822927,38.6774514466494],[-8.91917952199102,38.6774075619454],[-8.91905217014626,38.6777440303735],[-8.91907798019104,38.6780745663415],[-8.91887335315269,38.6783236270461],[-8.91872656222599,38.6785285917703],[-8.91874246268512,38.6789228092732],[-8.91893740997549,38.6797014904224],[-8.91856864443096,38.6803814711162],[-8.91887569080644,38.6811268071724],[-8.9191047659996,38.6813055505888],[-8.91927785951347,38.6806835373258],[-8.92034213126638,38.6805606146623],[-8.92015963905453,38.6800221494122],[-8.91945058601226,38.6793529936368],[-8.91939279070177,38.6791628734424],[-8.91975989189578,38.6786091573531],[-8.91993867489588,38.6783194534655],[-8.91988347822927,38.6774514466494]]]}},{"type":"Feature","id":"CRUS_Montijo_V.36626","properties":{"AREA_HA":4.82073271937827,"Autor":"DGT","Categoria_2021":"Espaço de Equipamentos e Infraestruturas ","Classe_2021":"Solo Rústico","DTCC":"1507","Data_Pub_Origem":"1997-02-01T00:00:00","Designacao_no_plano":"Espaço afecto a instalação de interesse público - Área de ETAR","Escala_origem":"1/25000","Fonte":"AML - Vectorial","ID1":36626,"Municipio":"MONTIJO"},"geometry":{"type":"Polygon","coordinates":[[[-8.9997351624851,38.7040728469964],[-8.99888351913533,38.7019730962849],[-8.99984115388076,38.7015927855454],[-9.00259752750426,38.7027886588536],[-9.0020884926461,38.7034893537303],[-9.000256986724,38.7036603373684],[-8.9997351624851,38.7040728469964]]]}},{"type":"Feature","id":"CRUS_Montijo_V.36627","properties":{"AREA_HA":3.92466373261921,"Autor":"DGT","Categoria_2021":"Não Atribuída","Classe_2021":"Solo Urbano","DTCC":"1507","Data_Pub_Origem":"1997-02-01T00:00:00","Designacao_no_plano":"Espaço urbano - Área urbanizada mista habitacional e equipamento industrial","Escala_origem":"1/25000","Fonte":"AML - Vectorial","ID1":36627,"Municipio":"MONTIJO"},"geometry":{"type":"Polygon","coordinates":[[[-8.5368845053399,38.7051128105782],[-8.5384894840604,38.7064438870641],[-8.53844551578011,38.7067390908523],[-8.53707723835734,38.7069137143491],[-8.53656246303836,38.706683034348],[-8.53586734771817,38.7068463758124],[-8.53456457724469,38.706372819021],[-8.53514351267222,38.7058700195918],[-8.5368845053399,38.7051128105782]]]}},{"type":"Feature","id":"CRUS_Montijo_V.36628","properties":{"AREA_HA":4.53866618276555,"Autor":"DGT","Categoria_2021":"Espaço Florestal","Classe_2021":"Solo Rústico","DTCC":"1507","Data_Pub_Origem":"1997-02-01T00:00:00","Designacao_no_plano":"Espaço florestal - Área de floresta de produção","Escala_origem":"1/25000","Fonte":"AML - Vectorial","ID1":36628,"Municipio":"MONTIJO"},"geometry":{"type":"Polygon","coordinates":[[[-8.71478560606873,38.7065120105841],[-8.71102416272244,38.7047753672603],[-8.71100904205218,38.7045797156129],[-8.71221465232519,38.7028637613973],[-8.71324762375348,38.7032603802639],[-8.71327681408135,38.7035177565724],[-8.71245997358912,38.7047167402745],[-8.71247502658309,38.7049020867788],[-8.71471777370366,38.7057665201574],[-8.7153927833097,38.7061416074208],[-8.71478560606873,38.7065120105841]]]}},{"type":"Feature","id":"CRUS_Montijo_V.36629","properties":{"AREA_HA":2.5261089498356,"Autor":"DGT","Categoria_2021":"Espaço Florestal","Classe_2021":"Solo Rústico","DTCC":"1507","Data_Pub_Origem":"1997-02-01T00:00:00","Designacao_no_plano":"Espaço florestal - Área de floresta de produção","Escala_origem":"1/25000","Fonte":"AML - Vectorial","ID1":36629,"Municipio":"MONTIJO"},"geometry":{"type":"Polygon","coordinates":[[[-8.71650588663291,38.70515838876],[-8.7155461016065,38.7046375639364],[-8.7146357944686,38.7043330751389],[-8.71498244241524,38.7036351518233],[-8.71742455538345,38.7040246895972],[-8.71753504594488,38.7042816665813],[-8.71740224792989,38.7046119629756],[-8.71714707378815,38.7048913720637],[-8.71650588663291,38.70515838876]]]}},{"type":"Feature","id":"CRUS_Montijo_V.36630","properties":{"AREA_HA":1.53043041635714,"Autor":"DGT","Categoria_2021":"Espaço de Equipamentos e Infraestruturas ","Classe_2021":"Solo Rústico","DTCC":"1507","Data_Pub_Origem":"1997-02-01T00:00:00","Designacao_no_plano":"Área de instalação portuária - Particular","Escala_origem":"1/25000","Fonte":"AML - Vectorial","ID1":36630,"Municipio":"MONTIJO"},"geometry":{"type":"Polygon","coordinates":[[[-8.97537568278331,38.7042312811976],[-8.9749623889709,38.7039151204851],[-8.97601571268476,38.7026993696005],[-8.97738770852313,38.7009447309321],[-8.97770728921862,38.7010961580192],[-8.97537568278331,38.7042312811976]]]}},{"type":"Feature","id":"CRUS_Montijo_V.36631","properties":{"AREA_HA":1.71011845574885,"Autor":"DGT","Categoria_2021":"Espaço de Equipamentos e Infraestruturas ","Classe_2021":"Solo Rústico","DTCC":"1507","Data_Pub_Origem":"1997-02-01T00:00:00","Designacao_no_plano":"Espaço afecto a instalação de interesse público - Área de instalação portuária - APL","Escala_origem":"1/25000","Fonte":"AML - Vectorial","ID1":36631,"Municipio":"MONTIJO"},"geometry":{"type":"Polygon","coordinates":[[[-9.00632479067365,38.7012715049888],[-9.00575724285385,38.7013004923465],[-9.00486407797978,38.701306551143],[-9.00481259657381,38.7000862646155],[-9.00629277949172,38.7000993647191],[-9.00632479067365,38.7012715049888]]]}},{"type":"Feature","id":"CRUS_Montijo_V.36632","properties":{"AREA_HA":1.21763175206999,"Autor":"DGT","Categoria_2021":"Não Atribuída","Classe_2021":"Solo Urbano","DTCC":"1507","Data_Pub_Origem":"1997-02-01T00:00:00","Designacao_no_plano":"Espaço urbano - Área urbanizada mista habitacional e equipamento industrial","Escala_origem":"1/25000","Fonte":"AML - Vectorial","ID1":36632,"Municipio":"MONTIJO"},"geometry":{"type":"Polygon","coordinates":[[[-8.6171247961418,38.7028757089319],[-8.6173665272323,38.7030898900726],[-8.61503685561907,38.7037630273878],[-8.61487281724428,38.7031898820514],[-8.61688318732656,38.7026794610837],[-8.6171247961418,38.7028757089319]]]}},{"type":"Feature","id":"CRUS_Montijo_V.36633","properties":{"AREA_HA":107.677830241541,"Autor":"DGT","Categoria_2021":"Não Atribuída","Classe_2021":"Solo Urbano","DTCC":"1507","Data_Pub_Origem":"1997-02-01T00:00:00","Designacao_no_plano":"Espaço urbano - Área urbanizada mista habitacional e equipamento industrial","Escala_origem":"1/25000","Fonte":"AML - Vectorial","ID1":36633,"Municipio":"MONTIJO"},"geometry":{"type":"Polygon","coordinates":[[[-8.95663090718129,38.7068868248364],[-8.95084312210349,38.70697794837],[-8.95080130601873,38.7066197979179],[-8.94996977612466,38.7064965524025],[-8.95006955758864,38.7053199502036],[-8.95255775693951,38.7051304264267],[-8.95264108945597,38.705818172879],[-8.95285286240047,38.7061895431807],[-8.95313354207388,38.7059868028585],[-8.95280300217904,38.7051287047321],[-8.95222264040238,38.7038708293382],[-8.95093838507537,38.7037507656396],[-8.95096428121176,38.7043672222992],[-8.95127233244093,38.7049099993907],[-8.94929512455308,38.7052393221929],[-8.94942708553931,38.7035412057407],[-8.94942646822942,38.7018714986656],[-8.94823722727586,38.7018081128686],[-8.94818923340053,38.7009050058265],[-8.94830142834295,38.7008181791505],[-8.94939634139913,38.7008822328155],[-8.9499988444022,38.7007776345068],[-8.94999672018634,38.7005912212978],[-8.94946853583135,38.7005949154477],[-8.94857198305785,38.6992882188625],[-8.94839748727411,38.6988735670241],[-8.94869750950187,38.6986890975748],[-8.94906027785931,38.6985770806077],[-8.95002202883167,38.6982763006746],[-8.95316949497605,38.6960371577655],[-8.9533014583579,38.6959432775854],[-8.95349133630076,38.6958197959681],[-8.95414772704018,38.6954676110515],[-8.95351474571233,38.6940439941282],[-8.95294127201345,38.6927541558995],[-8.95376552817592,38.6922160054383],[-8.95460642893848,38.6930288971014],[-8.95906055474882,38.6978928167713],[-8.9599833740236,38.6987050979299],[-8.96118950433555,38.6992562411967],[-8.96213625198811,38.6994411304036],[-8.9621071792852,38.7005436015025],[-8.96029917486808,38.7024079511234],[-8.95869421211502,38.7041310060917],[-8.95847349227398,38.7047680042101],[-8.95814626319369,38.7056979712331],[-8.95663090718129,38.7068868248364]]]}},{"type":"Feature","id":"CRUS_Montijo_V.36634","properties":{"AREA_HA":7.05612793099508,"Autor":"DGT","Categoria_2021":"Espaço de Atividades Económicas","Classe_2021":"Solo Urbano","DTCC":"1507","Data_Pub_Origem":"1997-02-01T00:00:00","Designacao_no_plano":"Espaço industrial - Área industrial existente","Escala_origem":"1/25000","Fonte":"AML - Vectorial","ID1":36634,"Municipio":"MONTIJO"},"geometry":{"type":"Polygon","coordinates":[[[-8.72196703436716,38.7013297669383],[-8.72208664655401,38.7013879478517],[-8.72059594791942,38.7036468811183],[-8.7204344607792,38.7035832474514],[-8.71882582275008,38.7029182520528],[-8.71812055845618,38.7029754330987],[-8.71781307292889,38.7027713384368],[-8.71775201333977,38.7024944939474],[-8.71870053191924,38.7019801265015],[-8.71938264775955,38.7008257719889],[-8.71980608088495,38.7004090129902],[-8.72196703436716,38.7013297669383]]]}},{"type":"Feature","id":"CRUS_Montijo_V.36635","properties":{"AREA_HA":6.77029186840123,"Autor":"DGT","Categoria_2021":"Não Atribuída","Classe_2021":"Solo Urbano","DTCC":"1507","Data_Pub_Origem":"1997-02-01T00:00:00","Designacao_no_plano":"Espaço urbano - Área urbanizada mista habitacional e equipamento industrial","Escala_origem":"1/25000","Fonte":"AML - Vectorial","ID1":36635,"Municipio":"MONTIJO"},"geometry":{"type":"Polygon","coordinates":[[[-8.71448054808967,38.7019181270531],[-8.71373606343445,38.7015519458388],[-8.71487033655468,38.699505030044],[-8.71524048500792,38.699682534108],[-8.71517223220799,38.6999903099996],[-8.71596024234986,38.7004046919667],[-8.7161848128422,38.7003380545905],[-8.71615810285573,38.7002172286279],[-8.71562843986365,38.6999376333628],[-8.71568395061967,38.6996450363058],[-8.71636782880553,38.6999087448171],[-8.71652119518327,38.6997870187906],[-8.71522929961451,38.6990979595225],[-8.71460744715974,38.6987760406959],[-8.71492135600741,38.6983274514979],[-8.71924489061268,38.7001698865258],[-8.71980608088495,38.7004090129902],[-8.71938264775955,38.7008257719889],[-8.71890967082877,38.700610539747],[-8.71755624801882,38.6999946361918],[-8.71720102702674,38.6998329732558],[-8.71642761312781,38.7008178885896],[-8.71575954202587,38.7016044485227],[-8.71504005915716,38.7013576958763],[-8.71448054808967,38.7019181270531]]]}},{"type":"Feature","id":"CRUS_Montijo_V.36636","properties":{"AREA_HA":1.40849339716211,"Autor":"DGT","Categoria_2021":"Espaço Agrícola","Classe_2021":"Solo Rústico","DTCC":"1507","Data_Pub_Origem":"1997-02-01T00:00:00","Designacao_no_plano":"Espaço agrícola - Área agrícola não incluído na RAN","Escala_origem":"1/25000","Fonte":"AML - Vectorial","ID1":36636,"Municipio":"MONTIJO"},"geometry":{"type":"Polygon","coordinates":[[[-8.71890967082877,38.700610539747],[-8.71815779624373,38.7016762692949],[-8.71800447488124,38.7017980251325],[-8.71777235227845,38.7017185300482],[-8.71753677817419,38.7012156200841],[-8.71755624801882,38.6999946361918],[-8.71890967082877,38.700610539747]]]}},{"type":"Feature","id":"CRUS_Montijo_V.36637","properties":{"AREA_HA":2.66856776299952,"Autor":"DGT","Categoria_2021":"Espaço Agrícola","Classe_2021":"Solo Rústico","DTCC":"1507","Data_Pub_Origem":"1997-02-01T00:00:00","Designacao_no_plano":"Espaço agrícola - Área agrícola não incluído na RAN","Escala_origem":"1/25000","Fonte":"AML - Vectorial","ID1":36637,"Municipio":"MONTIJO"},"geometry":{"type":"Polygon","coordinates":[[[-8.71642761312781,38.7008178885896],[-8.71715856739773,38.7021450442876],[-8.71721280133685,38.7024875553923],[-8.71698378802427,38.7027911554187],[-8.71644386180029,38.702814015716],[-8.71448054808967,38.7019181270531],[-8.71504005915716,38.7013576958763],[-8.71575954202587,38.7016044485227],[-8.71642761312781,38.7008178885896]]]}},{"type":"Feature","id":"CRUS_Montijo_V.36638","properties":{"AREA_HA":0.806301051454246,"Autor":"DGT","Categoria_2021":"Não Atribuída","Classe_2021":"Não Atribuída","DTCC":"1507","Data_Pub_Origem":"1997-02-01T00:00:00","Designacao_no_plano":"Indefinida","Escala_origem":"1/25000","Fonte":"AML - Vectorial","ID1":36638,"Municipio":"MONTIJO"},"geometry":{"type":"Polygon","coordinates":[[[-8.71522929961451,38.6990979595225],[-8.71652119518327,38.6997870187906],[-8.71636782880553,38.6999087448171],[-8.71568395061967,38.6996450363058],[-8.71562843986365,38.6999376333628],[-8.71615810285573,38.7002172286279],[-8.7161848128422,38.7003380545905],[-8.71596024234986,38.7004046919667],[-8.71517223220799,38.6999903099996],[-8.71524048500792,38.699682534108],[-8.71487033655468,38.699505030044],[-8.71522929961451,38.6990979595225]]]}},{"type":"Feature","id":"CRUS_Montijo_V.36639","properties":{"AREA_HA":0.602633157896809,"Autor":"DGT","Categoria_2021":"Não Atribuída","Classe_2021":"Solo Urbano","DTCC":"1507","Data_Pub_Origem":"1997-02-01T00:00:00","Designacao_no_plano":"Espaço urbano - Área urbanizada mista habitacional e equipamento industrial","Escala_origem":"1/25000","Fonte":"AML - Vectorial","ID1":36639,"Municipio":"MONTIJO"},"geometry":{"type":"Polygon","coordinates":[[[-8.72596848914795,38.6982674305473],[-8.72551275824352,38.6987634667296],[-8.72518219561796,38.698613151528],[-8.72478498123108,38.6989370227966],[-8.7245727775641,38.6988527210311],[-8.7251818022604,38.6979589537132],[-8.72596848914795,38.6982674305473]]]}},{"type":"Feature","id":"CRUS_Montijo_V.36640","properties":{"AREA_HA":7.660454962961,"Autor":"DGT","Categoria_2021":"Espaço Agrícola","Classe_2021":"Solo Rústico","DTCC":"1507","Data_Pub_Origem":"1997-02-01T00:00:00","Designacao_no_plano":"Espaço agrícola - Área agrícola da RAN","Escala_origem":"1/25000","Fonte":"AML - Vectorial","ID1":36640,"Municipio":"MONTIJO"},"geometry":{"type":"Polygon","coordinates":[[[-8.64550572435959,38.7007714946803],[-8.64527728006646,38.7015116274042],[-8.64391484579051,38.702681891844],[-8.64280570815807,38.7041360222319],[-8.64204702719065,38.7050797216335],[-8.64207749422958,38.7077590892492],[-8.64159883528378,38.707922384806],[-8.64134611964066,38.7077264523715],[-8.64120686859566,38.7074225513304],[-8.64124989654836,38.7070462056693],[-8.64092685663976,38.7065981908391],[-8.64057945537199,38.7059385654375],[-8.64084790667448,38.7051313480823],[-8.64121053595557,38.704717785144],[-8.64155208812987,38.7045550891867],[-8.64297510112812,38.7022561115139],[-8.64404285617186,38.7014095641512],[-8.64456663540449,38.7011744113774],[-8.64518036174813,38.7005901943875],[-8.64518138522175,38.7007333913472],[-8.64550572435959,38.7007714946803]]]}},{"type":"Feature","id":"CRUS_Montijo_V.36641","properties":{"AREA_HA":16.123287390555,"Autor":"DGT","Categoria_2021":"Espaço Natural e Paisagístico","Classe_2021":"Solo Rústico","DTCC":"1507","Data_Pub_Origem":"1997-02-01T00:00:00","Designacao_no_plano":"Espaço aquícola  - Albufeira","Escala_origem":"1/25000","Fonte":"AML - Vectorial","ID1":36641,"Municipio":"MONTIJO"},"geometry":{"type":"Polygon","coordinates":[[[-8.64550572435959,38.7007714946803],[-8.64518138522175,38.7007333913472],[-8.64518036174813,38.7005901943875],[-8.64657577311078,38.6976842485502],[-8.64718900820947,38.6971982378028],[-8.6476223382804,38.6971068325311],[-8.64816794510623,38.6967464174133],[-8.64863665841345,38.6952228398414],[-8.64965917151737,38.6944844206691],[-8.64990692141559,38.6940000138662],[-8.64987762868288,38.6931051462052],[-8.65012756851891,38.6929250306649],[-8.65018899040328,38.6919402568711],[-8.65048292059237,38.6915272493416],[-8.65295394678268,38.6921248689196],[-8.65195719100572,38.6932570172689],[-8.65189295273382,38.6938480077735],[-8.65168919789363,38.6940995090786],[-8.65171619307819,38.6946721938111],[-8.65069303994227,38.6953211387374],[-8.65078880337343,38.6959293166448],[-8.65067821688743,38.696431007426],[-8.65081875541485,38.6969136936872],[-8.65056777056219,38.6969506047256],[-8.65049536265443,38.6964139192151],[-8.65019443859431,38.6958603568189],[-8.64969659074771,38.6965069626742],[-8.64969788172064,38.6966859568422],[-8.6513325069506,38.6984687181163],[-8.65126528187573,38.6986480158152],[-8.65030233180515,38.6981510884568],[-8.64972614181279,38.6974376351786],[-8.64931307329478,38.6971709609012],[-8.64906169866241,38.6971541729051],[-8.64867507985151,38.6973885880858],[-8.64872513907883,38.6979969699018],[-8.6486120880643,38.6981585689851],[-8.64840651840053,38.6981594777312],[-8.64824458109535,38.6978737900316],[-8.64801564750465,38.6978031953064],[-8.64701218674679,38.6980224265956],[-8.64692930062262,38.6992041992286],[-8.64714232089625,38.7002414580317],[-8.64707597136112,38.70054605172],[-8.64693944189422,38.700618258301],[-8.64677890516351,38.7005294614748],[-8.64659065287231,38.6997605871349],[-8.64640779105321,38.6997434925935],[-8.64611174210921,38.6998700967344],[-8.64565063371093,38.7005720950919],[-8.64550572435959,38.7007714946803]]]}},{"type":"Feature","id":"CRUS_Montijo_V.36642","properties":{"AREA_HA":9.95652939463118,"Autor":"DGT","Categoria_2021":"Espaço Florestal","Classe_2021":"Solo Rústico","DTCC":"1507","Data_Pub_Origem":"1997-02-01T00:00:00","Designacao_no_plano":"Espaço florestal - Área de floresta de produção","Escala_origem":"1/25000","Fonte":"AML - Vectorial","ID1":36642,"Municipio":"MONTIJO"},"geometry":{"type":"Polygon","coordinates":[[[-8.69860392999399,38.7021673614975],[-8.69786960823576,38.7018309809966],[-8.69748642321181,38.7013486888626],[-8.69712669961384,38.7004027280377],[-8.6975337253172,38.7004728686979],[-8.69809173254349,38.7007894946696],[-8.69844399350038,38.7007877885488],[-8.69874003621104,38.7005288319183],[-8.69895291317895,38.7000333481403],[-8.69826023264187,38.6998203859439],[-8.69816287132608,38.6995015221821],[-8.69848673279327,38.6993351333925],[-8.69877254964217,38.6994985682185],[-8.69930943280147,38.6988572941057],[-8.69944231548758,38.6985270182274],[-8.69934381135232,38.6980639417833],[-8.69886597080334,38.6976027146156],[-8.69924141430326,38.6971064416656],[-8.70057619547659,38.6979961513832],[-8.70076824333951,38.6982939511095],[-8.70052967692625,38.6989646790175],[-8.701101400721,38.6993018347228],[-8.70082186260612,38.6999315598818],[-8.70189529137989,38.7005868926421],[-8.70018498481421,38.7016343306956],[-8.69933311811076,38.7018547958908],[-8.69900997907533,38.7021138851098],[-8.69860392999399,38.7021673614975]]]}},{"type":"Feature","id":"CRUS_Montijo_V.36643","properties":{"AREA_HA":1.12158423612337,"Autor":"DGT","Categoria_2021":"Espaço Agrícola","Classe_2021":"Solo Rústico","DTCC":"1507","Data_Pub_Origem":"1997-02-01T00:00:00","Designacao_no_plano":"Espaço agrícola - Área agrícola não incluído na RAN","Escala_origem":"1/25000","Fonte":"AML - Vectorial","ID1":36643,"Municipio":"MONTIJO"},"geometry":{"type":"Polygon","coordinates":[[[-8.71970606503201,38.6984153787831],[-8.7194860994392,38.6980250397592],[-8.71935725766422,38.6971810037049],[-8.71951688233014,38.6968196633627],[-8.72001941141806,38.6969716521827],[-8.72014269183923,38.6971358521857],[-8.7203802614198,38.6980205435803],[-8.72012614622446,38.6984235634177],[-8.71970606503201,38.6984153787831]]]}},{"type":"Feature","id":"CRUS_Montijo_V.36644","properties":{"AREA_HA":1.80006385064041,"Autor":"DGT","Categoria_2021":"Não Atribuída","Classe_2021":"Solo Urbano","DTCC":"1507","Data_Pub_Origem":"1997-02-01T00:00:00","Designacao_no_plano":"Espaço urbano - Área urbanizada mista habitacional e equipamento industrial","Escala_origem":"1/25000","Fonte":"AML - Vectorial","ID1":36644,"Municipio":"MONTIJO"},"geometry":{"type":"Polygon","coordinates":[[[-8.60538586468425,38.6977728224915],[-8.60454147239239,38.6981169504278],[-8.60426511887747,38.6978490861802],[-8.60319213106067,38.6982299893517],[-8.60287178566723,38.6982312793811],[-8.60245590209687,38.6976232595023],[-8.60471779565104,38.6970941095541],[-8.60538586468425,38.6977728224915]]]}},{"type":"Feature","id":"CRUS_Montijo_V.36645","properties":{"AREA_HA":5.19799579051845,"Autor":"DGT","Categoria_2021":"Espaço Florestal","Classe_2021":"Solo Rústico","DTCC":"1507","Data_Pub_Origem":"1997-02-01T00:00:00","Designacao_no_plano":"Espaço florestal - Área de floresta de produção","Escala_origem":"1/25000","Fonte":"AML - Vectorial","ID1":36645,"Municipio":"MONTIJO"},"geometry":{"type":"Polygon","coordinates":[[[-8.74971968300598,38.6978140015039],[-8.74772664502798,38.6970454899572],[-8.74668665543285,38.6964608816839],[-8.74712896305731,38.6959221271899],[-8.74766656784621,38.6955259081756],[-8.7489629678465,38.6958409404239],[-8.75095302502861,38.6960046741038],[-8.75075336005316,38.6962975825253],[-8.74971968300598,38.6978140015039]]]}},{"type":"Feature","id":"CRUS_Montijo_V.36646","properties":{"AREA_HA":6.30404069158528,"Autor":"DGT","Categoria_2021":"Espaço Florestal","Classe_2021":"Solo Rústico","DTCC":"1507","Data_Pub_Origem":"1997-02-01T00:00:00","Designacao_no_plano":"Espaço florestal - Área de mata e de protecção","Escala_origem":"1/25000","Fonte":"AML - Vectorial","ID1":36646,"Municipio":"MONTIJO"},"geometry":{"type":"Polygon","coordinates":[[[-8.56899896575055,38.6957889091472],[-8.56891500041372,38.6960122363449],[-8.56966278204934,38.697369823175],[-8.56960766154869,38.6976599458462],[-8.56898532167707,38.6982198021838],[-8.5673342915424,38.6980029484114],[-8.56690522394071,38.6976031263123],[-8.56622126586437,38.6973826554152],[-8.56604939304159,38.6971825755511],[-8.56610075143577,38.6962680368379],[-8.56695170921734,38.6958857508477],[-8.56769200965548,38.6960168003202],[-8.56876980672513,38.6955221530121],[-8.56899896575055,38.6957889091472]]]}},{"type":"Feature","id":"CRUS_Montijo_V.36647","properties":{"AREA_HA":3.87635731435467,"Autor":"DGT","Categoria_2021":"Não Atribuída","Classe_2021":"Solo Urbano","DTCC":"1507","Data_Pub_Origem":"1997-02-01T00:00:00","Designacao_no_plano":"Espaço urbano - Área urbanizada mista habitacional e equipamento industrial","Escala_origem":"1/25000","Fonte":"AML - Vectorial","ID1":36647,"Municipio":"MONTIJO"},"geometry":{"type":"Polygon","coordinates":[[[-8.74900422091626,38.6926059907896],[-8.74933650241636,38.6930848789503],[-8.74927871275904,38.693201406126],[-8.74559756689165,38.6954566397214],[-8.74523076621337,38.6956813417019],[-8.74501915806407,38.6956913960396],[-8.74412906717959,38.6952867073147],[-8.74400452397414,38.695157129542],[-8.74650194406827,38.6941801739515],[-8.74883273685349,38.6925464583874],[-8.74900422091626,38.6926059907896]]]}},{"type":"Feature","id":"CRUS_Montijo_V.36648","properties":{"AREA_HA":12.9880039536552,"Autor":"DGT","Categoria_2021":"Espaço de Atividades Económicas","Classe_2021":"Solo Urbano","DTCC":"1507","Data_Pub_Origem":"1997-02-01T00:00:00","Designacao_no_plano":"Espaço industrial - Área industrial existente","Escala_origem":"1/25000","Fonte":"AML - Vectorial","ID1":36648,"Municipio":"MONTIJO"},"geometry":{"type":"Polygon","coordinates":[[[-8.94906027785931,38.6985770806077],[-8.94843980191538,38.6977121663842],[-8.94884236021446,38.697033217786],[-8.9502730139956,38.6963079748984],[-8.95033526151901,38.6961742121757],[-8.95067928241165,38.6946258336634],[-8.95135173624088,38.6939141976971],[-8.9514658299697,38.6937805309489],[-8.95294127201345,38.6927541558995],[-8.95351474571233,38.6940439941282],[-8.95414772704018,38.6954676110515],[-8.95349133630076,38.6958197959681],[-8.9533014583579,38.6959432775854],[-8.95316949497605,38.6960371577655],[-8.95002202883167,38.6982763006746],[-8.94906027785931,38.6985770806077]]]}},{"type":"Feature","id":"CRUS_Montijo_V.36649","properties":{"AREA_HA":2.95275846844502,"Autor":"DGT","Categoria_2021":"Espaço de Equipamentos e Infraestruturas ","Classe_2021":"Solo Rústico","DTCC":"1507","Data_Pub_Origem":"1997-02-01T00:00:00","Designacao_no_plano":"Espaço afecto a instalação de interesse público - Área de ETAR","Escala_origem":"1/25000","Fonte":"AML - Vectorial","ID1":36649,"Municipio":"MONTIJO"},"geometry":{"type":"Polygon","coordinates":[[[-8.96271668694946,38.6965375420803],[-8.96047867153988,38.6958772308664],[-8.95996983693017,38.6953010839805],[-8.95941480531788,38.6943120048918],[-8.95995987527784,38.6940471680803],[-8.96115757747631,38.6952620043239],[-8.96297688355062,38.6958466944148],[-8.96271668694946,38.6965375420803]]]}},{"type":"Feature","id":"CRUS_Montijo_V.36650","properties":{"AREA_HA":120.477283113603,"Autor":"DGT","Categoria_2021":"Espaço Agrícola","Classe_2021":"Solo Rústico","DTCC":"1507","Data_Pub_Origem":"1997-02-01T00:00:00","Designacao_no_plano":"Espaço agrícola - Área agrícola não incluído na RAN","Escala_origem":"1/25000","Fonte":"AML - Vectorial","ID1":36650,"Municipio":"MONTIJO"},"geometry":{"type":"Polygon","coordinates":[[[-8.96271668694946,38.6965375420803],[-8.96297688355062,38.6958466944148],[-8.96115757747631,38.6952620043239],[-8.95995987527784,38.6940471680803],[-8.95941480531788,38.6943120048918],[-8.95816565682585,38.692024270661],[-8.96023208916043,38.6907431249152],[-8.96103371174717,38.6904475235799],[-8.9618472150463,38.6899143828562],[-8.96226389976122,38.689581373324],[-8.96242801457169,38.6887294160292],[-8.96242948374804,38.6887192895975],[-8.9625315076034,38.6880173767718],[-8.96315480823464,38.6881745961069],[-8.96365991783822,38.6883241579217],[-8.96422013268089,38.6883024175576],[-8.9650545907526,38.6877638079697],[-8.9653370702811,38.6879571055234],[-8.96640516546782,38.6888981975052],[-8.96645680844368,38.6898284492084],[-8.9662076430614,38.6907202116648],[-8.96641253887769,38.6913810412178],[-8.96657721688804,38.6914380576127],[-8.96739510857466,38.6912493282966],[-8.96782315607847,38.6913875950634],[-8.9682996814626,38.6909934590029],[-8.96795280620573,38.690314254005],[-8.96813819413442,38.6894579754867],[-8.96843068114704,38.6890970970733],[-8.96917095567188,38.6897568654552],[-8.96983594522538,38.6900063335729],[-8.97103047016548,38.6897324753307],[-8.97108297976639,38.6893445136952],[-8.96988534595729,38.6886350061535],[-8.96900572478904,38.6871962415926],[-8.96780514725541,38.6872314204767],[-8.96732352627786,38.6869245738922],[-8.96698530439049,38.6869181258248],[-8.96670786573771,38.6871240112876],[-8.96595787847392,38.6868013466328],[-8.96516568482996,38.686860185435],[-8.96427672676017,38.6866182836492],[-8.96386455157587,38.6862666005969],[-8.96377679238171,38.6855956637177],[-8.96435353214263,38.6841492061168],[-8.96424967178436,38.6839813887213],[-8.96669989440462,38.6815734010844],[-8.96812639056818,38.6812732711655],[-8.96994667592168,38.6840871998981],[-8.97390829618555,38.6836368391972],[-8.97401325758608,38.6838153505607],[-8.97448215623537,38.6845880176344],[-8.97319653694625,38.6858571783962],[-8.97298285534099,38.6861972437863],[-8.97301956105587,38.6864610476799],[-8.97325609465686,38.6870320895205],[-8.97370178973438,38.6877379972567],[-8.97415022977541,38.688855671543],[-8.97424481153199,38.6898655107984],[-8.97404233397185,38.6905795066032],[-8.97403813916155,38.6912451607177],[-8.97465388881494,38.6926175791152],[-8.97482126193994,38.6935694312374],[-8.97461545394822,38.6944280283556],[-8.97437806224994,38.6946394528573],[-8.97398434614638,38.6948155384735],[-8.97071627363856,38.6953405251571],[-8.96927886470553,38.6950410701923],[-8.96787829114124,38.6942395656358],[-8.96737443408762,38.6940706741531],[-8.96640337134619,38.6941049643813],[-8.96606875147469,38.6942076463691],[-8.9659864996477,38.6943541260531],[-8.965980051038,38.6958644159937],[-8.96537129366999,38.6961149519108],[-8.96271668694946,38.6965375420803]],[[-8.96491901929617,38.6881553945841],[-8.96373717073685,38.6889450485502],[-8.9638160687905,38.6897079739924],[-8.96385408361107,38.6901272580185],[-8.96374024185273,38.6909670234358],[-8.96430868774687,38.6909546636134],[-8.96441522394806,38.6907128165261],[-8.96543627176673,38.6899384809004],[-8.96577787869446,38.6894145574616],[-8.96577114314566,38.6891402687824],[-8.96576644190014,38.6887352862045],[-8.96491901929617,38.6881553945841]],[[-8.96942696665643,38.6865514269739],[-8.9694933082794,38.6863743690917],[-8.96979250744232,38.6856396637207],[-8.96942646915196,38.685356255523],[-8.96864469783752,38.6851371213264],[-8.96784425710349,38.6844686451211],[-8.9675618044906,38.6844400182703],[-8.96738954150637,38.6846455503212],[-8.96635906822311,38.6849900118394],[-8.96563827590562,38.6853935380958],[-8.96570971330379,38.6857607786756],[-8.96633276577258,38.6861955806311],[-8.96701705955342,38.686119190999],[-8.96743672206335,38.6863920081551],[-8.96881981393827,38.68633104333],[-8.96942696665643,38.6865514269739]]]}},{"type":"Feature","id":"CRUS_Montijo_V.36651","properties":{"AREA_HA":0.765567327137641,"Autor":"DGT","Categoria_2021":"Espaço Agrícola","Classe_2021":"Solo Rústico","DTCC":"1507","Data_Pub_Origem":"1997-02-01T00:00:00","Designacao_no_plano":"Espaço agrícola - Área agrícola não incluído na RAN","Escala_origem":"1/25000","Fonte":"AML - Vectorial","ID1":36651,"Municipio":"MONTIJO"},"geometry":{"type":"Polygon","coordinates":[[[-8.91649409731211,38.6957420773431],[-8.91638302735333,38.6954159323029],[-8.91618957781771,38.6946634613826],[-8.91672552391606,38.6947394418382],[-8.9169809572255,38.6946382261516],[-8.91729299154503,38.6948021026556],[-8.91727316778898,38.6950904991216],[-8.91690064073924,38.6955725665761],[-8.91671635720688,38.6956698732567],[-8.91649409731211,38.6957420773431]]]}},{"type":"Feature","id":"CRUS_Montijo_V.36652","properties":{"AREA_HA":4.51179607432336,"Autor":"DGT","Categoria_2021":"Espaço Florestal","Classe_2021":"Solo Rústico","DTCC":"1507","Data_Pub_Origem":"1997-02-01T00:00:00","Designacao_no_plano":"Espaço florestal - Área de floresta de produção","Escala_origem":"1/25000","Fonte":"AML - Vectorial","ID1":36652,"Municipio":"MONTIJO"},"geometry":{"type":"Polygon","coordinates":[[[-8.70382769397189,38.6932203595483],[-8.70451990552152,38.6933817919555],[-8.70463502589123,38.6942259133723],[-8.70432359127709,38.6942480402278],[-8.70368399706438,38.693890630404],[-8.70331772716699,38.6938306166662],[-8.703020757977,38.693965980951],[-8.70159928673015,38.6958065121499],[-8.70037534539488,38.6952253052759],[-8.70164708461455,38.6932928078122],[-8.70200069899134,38.6934662007179],[-8.70267846836288,38.6935144028368],[-8.70335377943255,38.6932535828642],[-8.70382769397189,38.6932203595483]]]}},{"type":"Feature","id":"CRUS_Montijo_V.36653","properties":{"AREA_HA":4.39390959141925,"Autor":"DGT","Categoria_2021":"Não Atribuída","Classe_2021":"Solo Urbano","DTCC":"1507","Data_Pub_Origem":"1997-02-01T00:00:00","Designacao_no_plano":"Espaço urbano - Área urbanizada mista habitacional e equipamento industrial","Escala_origem":"1/25000","Fonte":"AML - Vectorial","ID1":36653,"Municipio":"MONTIJO"},"geometry":{"type":"Polygon","coordinates":[[[-8.93586320811189,38.6913738521821],[-8.93608128303057,38.6916596247776],[-8.93709742658376,38.6932727141373],[-8.93446231048159,38.6940290938124],[-8.93417929031611,38.6928416069686],[-8.93406948911055,38.6925308739077],[-8.93586320811189,38.6913738521821]]]}},{"type":"Feature","id":"CRUS_Montijo_V.36654","properties":{"AREA_HA":14.459385524478,"Autor":"DGT","Categoria_2021":"Espaço de Atividades Económicas","Classe_2021":"Solo Urbano","DTCC":"1507","Data_Pub_Origem":"1997-02-01T00:00:00","Designacao_no_plano":"Espaço industrial - Área industrial existente","Escala_origem":"1/25000","Fonte":"AML - Vectorial","ID1":36654,"Municipio":"MONTIJO"},"geometry":{"type":"Polygon","coordinates":[[[-8.93324647106028,38.6927340607051],[-8.93301326611305,38.6923625938184],[-8.93258459452788,38.6920464589091],[-8.93242135085323,38.6919693968065],[-8.93071092988603,38.6920072880236],[-8.9307451101656,38.6909508075977],[-8.93172169652737,38.6901606555994],[-8.93391428147181,38.6901194534086],[-8.93451098833935,38.6898755041375],[-8.93478293477582,38.6897643258179],[-8.93623500443496,38.6892580996236],[-8.9363131658055,38.6890205532197],[-8.9380751493895,38.688649588298],[-8.93839949814165,38.6896177252506],[-8.93856084053281,38.6900964847576],[-8.9369659336165,38.6906781659374],[-8.93586320811189,38.6913738521821],[-8.93406948911055,38.6925308739077],[-8.93324647106028,38.6927340607051]]]}},{"type":"Feature","id":"CRUS_Montijo_V.36655","properties":{"AREA_HA":2.37758988144386,"Autor":"DGT","Categoria_2021":"Espaço Agrícola","Classe_2021":"Solo Rústico","DTCC":"1507","Data_Pub_Origem":"1997-02-01T00:00:00","Designacao_no_plano":"Espaço agrícola - Área agrícola não incluído na RAN","Escala_origem":"1/25000","Fonte":"AML - Vectorial","ID1":36655,"Municipio":"MONTIJO"},"geometry":{"type":"Polygon","coordinates":[[[-8.60040977099487,38.6935532458642],[-8.59945502082341,38.6935205749894],[-8.59927209654347,38.6940321814168],[-8.59869127191334,38.6942169600881],[-8.59854376205184,38.6930133390332],[-8.59865707728496,38.6925384938411],[-8.59898229414874,38.6924277198084],[-8.60051890885305,38.6924398234478],[-8.60040977099487,38.6935532458642]]]}},{"type":"Feature","id":"CRUS_Montijo_V.36656","properties":{"AREA_HA":4.08682389106993,"Autor":"DGT","Categoria_2021":"Espaço Agrícola","Classe_2021":"Solo Rústico","DTCC":"1507","Data_Pub_Origem":"1997-02-01T00:00:00","Designacao_no_plano":"Espaço agrícola - Área agrícola da RAN","Escala_origem":"1/25000","Fonte":"AML - Vectorial","ID1":36656,"Municipio":"MONTIJO"},"geometry":{"type":"Polygon","coordinates":[[[-8.73153582790401,38.6909853438768],[-8.73169949456093,38.6911995265038],[-8.73278809725663,38.6918346266206],[-8.73457878651422,38.6925027993921],[-8.73625381105455,38.693534565588],[-8.73704562797242,38.6942515470801],[-8.73707462813401,38.6944780216573],[-8.73679039280963,38.6945103979608],[-8.73553754411831,38.6937442886211],[-8.73446498623638,38.693471687062],[-8.73363162503268,38.6926415899239],[-8.73163820246547,38.6919724253291],[-8.73073887935189,38.6913486677565],[-8.73067961006413,38.6909162519756],[-8.73153582790401,38.6909853438768]]]}},{"type":"Feature","id":"CRUS_Montijo_V.36657","properties":{"AREA_HA":1.2810358325745,"Autor":"DGT","Categoria_2021":"Espaço Agrícola","Classe_2021":"Solo Rústico","DTCC":"1507","Data_Pub_Origem":"1997-02-01T00:00:00","Designacao_no_plano":"Espaço agrícola - Área agrícola não incluído na RAN","Escala_origem":"1/25000","Fonte":"AML - Vectorial","ID1":36657,"Municipio":"MONTIJO"},"geometry":{"type":"Polygon","coordinates":[[[-8.64275448386449,38.6928130616877],[-8.64420496924594,38.6915801141514],[-8.64469356152935,38.6913399707171],[-8.64616574749663,38.6909444744935],[-8.6435405673086,38.6926746758441],[-8.64275448386449,38.6928130616877]]]}},{"type":"Feature","id":"CRUS_Montijo_V.36658","properties":{"AREA_HA":4.85801215387927,"Autor":"DGT","Categoria_2021":"Não Atribuída","Classe_2021":"Solo Urbano","DTCC":"1507","Data_Pub_Origem":"1997-02-01T00:00:00","Designacao_no_plano":"Espaço urbano - Área urbanizada mista habitacional e equipamento industrial","Escala_origem":"1/25000","Fonte":"AML - Vectorial","ID1":36658,"Municipio":"MONTIJO"},"geometry":{"type":"Polygon","coordinates":[[[-8.64704538432926,38.6906966461037],[-8.64803115389543,38.6910608926679],[-8.64682318361578,38.6915139815263],[-8.64378639265242,38.6934974959598],[-8.64274943308725,38.6939050244023],[-8.64176453404489,38.693171255116],[-8.64275448386449,38.6928130616877],[-8.6435405673086,38.6926746758441],[-8.64616574749663,38.6909444744935],[-8.64704538432926,38.6906966461037]]]}},{"type":"Feature","id":"CRUS_Montijo_V.36659","properties":{"AREA_HA":3.94781165354983,"Autor":"DGT","Categoria_2021":"Espaço Agrícola","Classe_2021":"Solo Rústico","DTCC":"1507","Data_Pub_Origem":"1997-02-01T00:00:00","Designacao_no_plano":"Espaço agrícola - Área agrícola da RAN","Escala_origem":"1/25000","Fonte":"AML - Vectorial","ID1":36659,"Municipio":"MONTIJO"},"geometry":{"type":"Polygon","coordinates":[[[-8.63372538261984,38.6905220614269],[-8.63406672000032,38.6905874186257],[-8.63606149826194,38.6914920932778],[-8.63847849322461,38.6918380438861],[-8.63927999719183,38.6927032811934],[-8.63899703012834,38.6928604295108],[-8.63686171622802,38.6921791553674],[-8.63600921919805,38.6921382882309],[-8.63427303288946,38.6916557196924],[-8.6335878696325,38.6911686121858],[-8.63355620329958,38.6907009848534],[-8.63372538261984,38.6905220614269]]]}},{"type":"Feature","id":"CRUS_Montijo_V.36660","properties":{"AREA_HA":1.05056034294022,"Autor":"DGT","Categoria_2021":"Espaço Agrícola","Classe_2021":"Solo Rústico","DTCC":"1507","Data_Pub_Origem":"1997-02-01T00:00:00","Designacao_no_plano":"Espaço agrícola - Área agrícola da RAN","Escala_origem":"1/25000","Fonte":"AML - Vectorial","ID1":36660,"Municipio":"MONTIJO"},"geometry":{"type":"Polygon","coordinates":[[[-8.75685658777629,38.6899679502724],[-8.75744094218012,38.6909931477734],[-8.7574565554536,38.691229984975],[-8.75722752080558,38.6913754283247],[-8.75697012897203,38.6913768044379],[-8.7566428560639,38.6911313276691],[-8.75602461252109,38.6903370387267],[-8.75651671879937,38.690128775587],[-8.75685658777629,38.6899679502724]]]}},{"type":"Feature","id":"CRUS_Montijo_V.36661","properties":{"AREA_HA":3.65050182056148,"Autor":"DGT","Categoria_2021":"Espaço Agrícola","Classe_2021":"Solo Rústico","DTCC":"1507","Data_Pub_Origem":"1997-02-01T00:00:00","Designacao_no_plano":"Espaço agrícola - Área agrícola da RAN","Escala_origem":"1/25000","Fonte":"AML - Vectorial","ID1":36661,"Municipio":"MONTIJO"},"geometry":{"type":"Polygon","coordinates":[[[-8.96491901929617,38.6881553945841],[-8.96576644190014,38.6887352862045],[-8.96577114314566,38.6891402687824],[-8.96577787869446,38.6894145574616],[-8.96543627176673,38.6899384809004],[-8.96441522394806,38.6907128165261],[-8.96430868774687,38.6909546636134],[-8.96374024185273,38.6909670234358],[-8.96385408361107,38.6901272580185],[-8.9638160687905,38.6897079739924],[-8.96373717073685,38.6889450485502],[-8.96491901929617,38.6881553945841]]]}},{"type":"Feature","id":"CRUS_Montijo_V.36662","properties":{"AREA_HA":1.05432179940419,"Autor":"DGT","Categoria_2021":"Não Atribuída","Classe_2021":"Solo Urbano","DTCC":"1507","Data_Pub_Origem":"1997-02-01T00:00:00","Designacao_no_plano":"Espaço urbano - Área urbanizada mista habitacional e equipamento industrial","Escala_origem":"1/25000","Fonte":"AML - Vectorial","ID1":36662,"Municipio":"MONTIJO"},"geometry":{"type":"Polygon","coordinates":[[[-8.95732475091792,38.6884657797735],[-8.95960232389911,38.6887932910008],[-8.95911336565204,38.689258480075],[-8.95775519280356,38.6890533204972],[-8.95725720481893,38.6889628837319],[-8.95732475091792,38.6884657797735]]]}},{"type":"Feature","id":"CRUS_Montijo_V.36663","properties":{"AREA_HA":11.1033025983596,"Autor":"DGT","Categoria_2021":"Espaço Agrícola","Classe_2021":"Solo Rústico","DTCC":"1507","Data_Pub_Origem":"1997-02-01T00:00:00","Designacao_no_plano":"Espaço agrícola - Área agrícola não incluído na RAN","Escala_origem":"1/25000","Fonte":"AML - Vectorial","ID1":36663,"Municipio":"MONTIJO"},"geometry":{"type":"Polygon","coordinates":[[[-8.95736959639801,38.6911391864681],[-8.95567052393908,38.6902864121961],[-8.95364573606972,38.6895010124832],[-8.95319506149808,38.6888219075061],[-8.95233122314535,38.6872205996995],[-8.95306749775163,38.6866209877314],[-8.9539612957763,38.6871575549239],[-8.95541460760634,38.688051522198],[-8.95530042894215,38.688487239002],[-8.95589958512066,38.6887729672556],[-8.95659965859497,38.6877763014233],[-8.95717321809508,38.6881080894329],[-8.95732475091792,38.6884657797735],[-8.95725720481893,38.6889628837319],[-8.95775519280356,38.6890533204972],[-8.9578359363382,38.689933250559],[-8.95766184688303,38.690761302344],[-8.95736959639801,38.6911391864681]]]}},{"type":"Feature","id":"CRUS_Montijo_V.36664","properties":{"AREA_HA":26.2346298411127,"Autor":"DGT","Categoria_2021":"Espaço Agrícola","Classe_2021":"Solo Rústico","DTCC":"1507","Data_Pub_Origem":"1997-02-01T00:00:00","Designacao_no_plano":"Espaço agrícola - Área agrícola da RAN","Escala_origem":"1/25000","Fonte":"AML - Vectorial","ID1":36664,"Municipio":"MONTIJO"},"geometry":{"type":"Polygon","coordinates":[[[-8.95816565682585,38.692024270661],[-8.95736959639801,38.6911391864681],[-8.95766184688303,38.690761302344],[-8.9578359363382,38.689933250559],[-8.95775519280356,38.6890533204972],[-8.95911336565204,38.689258480075],[-8.95960232389911,38.6887932910008],[-8.95732475091792,38.6884657797735],[-8.95717321809508,38.6881080894329],[-8.95691996116567,38.6863012414194],[-8.95767677112192,38.685788490569],[-8.95814716827316,38.6852415290955],[-8.95832740619202,38.6843341717178],[-8.95901832814309,38.6843111718568],[-8.95876613772477,38.6831049967728],[-8.9597309689956,38.6827010643997],[-8.95997290798704,38.6830144055794],[-8.96056703126833,38.6828652226259],[-8.96073468820418,38.6829365221027],[-8.96095480851235,38.6834242472265],[-8.96098637876282,38.6840945124139],[-8.96071419454635,38.6852924642399],[-8.95995615928006,38.6856965083046],[-8.96150365749688,38.6880338073401],[-8.96170843846171,38.6882384556793],[-8.96242948374804,38.6887192895975],[-8.96242801457169,38.6887294160292],[-8.96226389976122,38.689581373324],[-8.9618472150463,38.6899143828562],[-8.96103371174717,38.6904475235799],[-8.96023208916043,38.6907431249152],[-8.95816565682585,38.692024270661]]]}},{"type":"Feature","id":"CRUS_Montijo_V.36665","properties":{"AREA_HA":2.35222966491892,"Autor":"DGT","Categoria_2021":"Espaço Florestal","Classe_2021":"Solo Rústico","DTCC":"1507","Data_Pub_Origem":"1997-02-01T00:00:00","Designacao_no_plano":"Espaço florestal - Área de floresta de produção","Escala_origem":"1/25000","Fonte":"AML - Vectorial","ID1":36665,"Municipio":"MONTIJO"},"geometry":{"type":"Polygon","coordinates":[[[-8.71559096531449,38.6909746793758],[-8.71503421387302,38.6908126357552],[-8.71447159907367,38.6915983205215],[-8.71368858138427,38.690263081084],[-8.71423797739523,38.6895186687897],[-8.71607362351129,38.6903541996202],[-8.71573955715072,38.6909224288854],[-8.71559096531449,38.6909746793758]]]}},{"type":"Feature","id":"CRUS_Montijo_V.36666","properties":{"AREA_HA":2.41372956479706,"Autor":"DGT","Categoria_2021":"Espaço Agrícola","Classe_2021":"Solo Rústico","DTCC":"1507","Data_Pub_Origem":"1997-02-01T00:00:00","Designacao_no_plano":"Espaço agrícola - Área agrícola não incluído na RAN","Escala_origem":"1/25000","Fonte":"AML - Vectorial","ID1":36666,"Municipio":"MONTIJO"},"geometry":{"type":"Polygon","coordinates":[[[-8.91483472748183,38.6882056457637],[-8.91599932822936,38.689639173261],[-8.91657534834982,38.6900024564863],[-8.91718325995852,38.6898213514735],[-8.91758171649618,38.6905349710339],[-8.91699844359018,38.6907834823002],[-8.91682343698122,38.6905400634566],[-8.91631378496978,38.6905429059338],[-8.91597333267957,38.6905545035283],[-8.91517104625494,38.6898852816547],[-8.91495422965251,38.6898174442539],[-8.91462943136772,38.6882643649714],[-8.91483472748183,38.6882056457637]]]}},{"type":"Feature","id":"CRUS_Montijo_V.36667","properties":{"AREA_HA":104.116259386993,"Autor":"DGT","Categoria_2021":"Espaço de Atividades Económicas","Classe_2021":"Solo Urbano (urbanizável – transitório)","DTCC":"1507","Data_Pub_Origem":"1997-02-01T00:00:00","Designacao_no_plano":"Espaço industrial - Área industrial proposta","Escala_origem":"1/25000","Fonte":"AML - Vectorial","ID1":36667,"Municipio":"MONTIJO"},"geometry":{"type":"Polygon","coordinates":[[[-8.93324647106028,38.6927340607051],[-8.9319303869322,38.6927758702359],[-8.93005218325187,38.6926764381039],[-8.92966050039098,38.692655302161],[-8.92820685881915,38.6925440080143],[-8.92821322451551,38.6915204706226],[-8.92822449481731,38.6848852585484],[-8.92823286375145,38.6841087952191],[-8.92823932180568,38.6835094241352],[-8.92773423193696,38.6833240367436],[-8.9264335670438,38.6829273319352],[-8.92391452882172,38.681700921197],[-8.92382432199039,38.6816514742799],[-8.92324291655249,38.6813327893459],[-8.92147475852041,38.6803681207386],[-8.92113304529402,38.6802185532918],[-8.92174423654951,38.6791544847976],[-8.92237839179874,38.6783483993182],[-8.92316123114669,38.6776903507116],[-8.92345381578797,38.6778905282378],[-8.92533320470816,38.6787909873852],[-8.92672010930646,38.6793067171175],[-8.92763655034388,38.679513758612],[-8.92881530955463,38.6795622214114],[-8.92852866106898,38.6810811908766],[-8.92878287549706,38.6811515224027],[-8.93900668735536,38.6839770270372],[-8.93951313672631,38.6841219551326],[-8.93944836815294,38.6842868696915],[-8.93917864266607,38.6849736530039],[-8.93828924417269,38.6871340080958],[-8.9381040544561,38.687761626425],[-8.9380751493895,38.688649588298],[-8.9363131658055,38.6890205532197],[-8.93623500443496,38.6892580996236],[-8.93478293477582,38.6897643258179],[-8.93451098833935,38.6898755041375],[-8.93391428147181,38.6901194534086],[-8.93172169652737,38.6901606555994],[-8.9307451101656,38.6909508075977],[-8.93071092988603,38.6920072880236],[-8.93242135085323,38.6919693968065],[-8.93258459452788,38.6920464589091],[-8.93301326611305,38.6923625938184],[-8.93324647106028,38.6927340607051]]]}},{"type":"Feature","id":"CRUS_Montijo_V.36668","properties":{"AREA_HA":4.63475631339587,"Autor":"DGT","Categoria_2021":"Espaço Agrícola","Classe_2021":"Solo Rústico","DTCC":"1507","Data_Pub_Origem":"1997-02-01T00:00:00","Designacao_no_plano":"Espaço agrícola - Área agrícola da RAN","Escala_origem":"1/25000","Fonte":"AML - Vectorial","ID1":36668,"Municipio":"MONTIJO"},"geometry":{"type":"Polygon","coordinates":[[[-8.62448670049873,38.6902544157963],[-8.62248092770813,38.6900983410284],[-8.62155078401878,38.6904312499493],[-8.62113394499747,38.6908351243335],[-8.62085421716984,38.6908362940416],[-8.62038752189111,38.6907651257526],[-8.6204295402654,38.6900886504823],[-8.61998280605812,38.6895238798922],[-8.62032822907,38.6889009700519],[-8.62067799718558,38.68891778629],[-8.62084190108004,38.6890267744969],[-8.6245059977701,38.689669421438],[-8.62525046000457,38.6900842586545],[-8.62448670049873,38.6902544157963]]]}},{"type":"Feature","id":"CRUS_Montijo_V.36669","properties":{"AREA_HA":5.42152929731235,"Autor":"DGT","Categoria_2021":"Espaço Florestal","Classe_2021":"Solo Rústico","DTCC":"1507","Data_Pub_Origem":"1997-02-01T00:00:00","Designacao_no_plano":"Espaço florestal - Área de floresta de produção","Escala_origem":"1/25000","Fonte":"AML - Vectorial","ID1":36669,"Municipio":"MONTIJO"},"geometry":{"type":"Polygon","coordinates":[[[-8.72191069528001,38.6885041982187],[-8.72044529057754,38.6904963622535],[-8.71893452869469,38.6898244867696],[-8.71888617244229,38.6896638005837],[-8.71979476769044,38.6886042588428],[-8.7187555868462,38.6880730477676],[-8.71937782256139,38.6871087912381],[-8.72191069528001,38.6885041982187]]]}},{"type":"Feature","id":"CRUS_Montijo_V.36670","properties":{"AREA_HA":3.6132091884343,"Autor":"DGT","Categoria_2021":"Espaço Florestal","Classe_2021":"Solo Rústico","DTCC":"1507","Data_Pub_Origem":"1997-02-01T00:00:00","Designacao_no_plano":"Espaço florestal - Área de floresta de produção","Escala_origem":"1/25000","Fonte":"AML - Vectorial","ID1":36670,"Municipio":"MONTIJO"},"geometry":{"type":"Polygon","coordinates":[[[-8.71679800230631,38.6894749872084],[-8.71539678173899,38.6887506132048],[-8.71527327520573,38.6885555111276],[-8.71578127300691,38.6877214332947],[-8.71655999630894,38.6868625519538],[-8.71692715274202,38.6870358323357],[-8.71786854962499,38.6878552127019],[-8.71679800230631,38.6894749872084]]]}},{"type":"Feature","id":"CRUS_Montijo_V.36671","properties":{"AREA_HA":2.38809681973029,"Autor":"DGT","Categoria_2021":"Espaço Agrícola","Classe_2021":"Solo Rústico","DTCC":"1507","Data_Pub_Origem":"1997-02-01T00:00:00","Designacao_no_plano":"Espaço agrícola - Área agrícola não incluído na RAN","Escala_origem":"1/25000","Fonte":"AML - Vectorial","ID1":36671,"Municipio":"MONTIJO"},"geometry":{"type":"Polygon","coordinates":[[[-8.75937049309967,38.6884854579096],[-8.75907492509147,38.6881571235174],[-8.76075954759827,38.6871556799416],[-8.76033224322145,38.6879307941429],[-8.76030677688324,38.6881163528822],[-8.76045659113949,38.6882082491215],[-8.76068651135541,38.688165810576],[-8.76103582066636,38.6878343006362],[-8.76186662903439,38.6867997316142],[-8.76243365730009,38.6865803480996],[-8.76255729268062,38.6872840021359],[-8.76223679889,38.6878110791343],[-8.76168403254601,38.6881127903614],[-8.76087306923534,38.6883231782515],[-8.75937049309967,38.6884854579096]]]}},{"type":"Feature","id":"CRUS_Montijo_V.36672","properties":{"AREA_HA":1.0468765810011,"Autor":"DGT","Categoria_2021":"Espaço de Atividades Industriais ","Classe_2021":"Solo Rústico","DTCC":"1507","Data_Pub_Origem":"1997-02-01T00:00:00","Designacao_no_plano":"Espaço industrial - Área industrial existente","Escala_origem":"1/25000","Fonte":"AML - Vectorial","ID1":36672,"Municipio":"MONTIJO"},"geometry":{"type":"Polygon","coordinates":[[[-8.57874993100466,38.6883364499314],[-8.57814698696276,38.6888581861147],[-8.57718589470248,38.6877667256595],[-8.577649584909,38.6874729252503],[-8.5781635558026,38.6876177253211],[-8.57874993100466,38.6883364499314]]]}},{"type":"Feature","id":"CRUS_Montijo_V.36673","properties":{"AREA_HA":49.152641644723,"Autor":"DGT","Categoria_2021":"Não Atribuída","Classe_2021":"Solo Urbano","DTCC":"1507","Data_Pub_Origem":"1997-02-01T00:00:00","Designacao_no_plano":"Espaço urbano - Área urbanizada mista habitacional e equipamento industrial","Escala_origem":"1/25000","Fonte":"AML - Vectorial","ID1":36673,"Municipio":"MONTIJO"},"geometry":{"type":"Polygon","coordinates":[[[-8.95717321809508,38.6881080894329],[-8.95659965859497,38.6877763014233],[-8.95589958512066,38.6887729672556],[-8.95530042894215,38.688487239002],[-8.95541460760634,38.688051522198],[-8.9539612957763,38.6871575549239],[-8.95306749775163,38.6866209877314],[-8.95233122314535,38.6872205996995],[-8.94978158247925,38.6848560326693],[-8.94988830144234,38.6837616655457],[-8.94962585047612,38.6816432774525],[-8.95176110553307,38.6810310824236],[-8.95212440002559,38.6812995934458],[-8.95302624639398,38.680967077618],[-8.95343779924356,38.6815259510002],[-8.95411102740283,38.6813268016673],[-8.95596963621962,38.6807769625203],[-8.9574640910844,38.6803348238951],[-8.95766620415948,38.6802771780721],[-8.9581790765027,38.6817982084892],[-8.958347144795,38.6819057469553],[-8.95936959347885,38.6816991797172],[-8.95954142059947,38.6821328862466],[-8.95863999674818,38.6825016885486],[-8.95866785898704,38.6826349270127],[-8.95876613772477,38.6831049967728],[-8.95901832814309,38.6843111718568],[-8.95832740619202,38.6843341717178],[-8.95814716827316,38.6852415290955],[-8.95767677112192,38.685788490569],[-8.95691996116567,38.6863012414194],[-8.95717321809508,38.6881080894329]]]}},{"type":"Feature","id":"CRUS_Montijo_V.36674","properties":{"AREA_HA":12.8952282209845,"Autor":"DGT","Categoria_2021":"Não Atribuída","Classe_2021":"Solo Urbano","DTCC":"1507","Data_Pub_Origem":"1997-02-01T00:00:00","Designacao_no_plano":"Espaço urbano - Área urbanizada mista habitacional e equipamento industrial","Escala_origem":"1/25000","Fonte":"AML - Vectorial","ID1":36674,"Municipio":"MONTIJO"},"geometry":{"type":"Polygon","coordinates":[[[-8.92966050039098,38.692655302161],[-8.9296655402482,38.6927313497002],[-8.92967620089032,38.6928436874566],[-8.92978500315264,38.693990135672],[-8.93003296670575,38.6949159752858],[-8.93071402918975,38.6976940896794],[-8.92943930846135,38.6974558999708],[-8.92914864775766,38.6959187733525],[-8.92871555656826,38.6958780102554],[-8.92700345588744,38.6957396177541],[-8.92651362274662,38.6935019559434],[-8.92697711487572,38.6931960754307],[-8.92695885901653,38.6915468502218],[-8.92821322451551,38.6915204706226],[-8.92820685881915,38.6925440080143],[-8.92966050039098,38.692655302161]]]}},{"type":"Feature","id":"CRUS_Montijo_V.36675","properties":{"AREA_HA":5.01471476844919,"Autor":"DGT","Categoria_2021":"Espaço Agrícola","Classe_2021":"Solo Rústico","DTCC":"1507","Data_Pub_Origem":"1997-02-01T00:00:00","Designacao_no_plano":"Espaço agrícola - Área agrícola da RAN","Escala_origem":"1/25000","Fonte":"AML - Vectorial","ID1":36675,"Municipio":"MONTIJO"},"geometry":{"type":"Polygon","coordinates":[[[-8.96942696665643,38.6865514269739],[-8.96881981393827,38.68633104333],[-8.96743672206335,38.6863920081551],[-8.96701705955342,38.686119190999],[-8.96633276577258,38.6861955806311],[-8.96570971330379,38.6857607786756],[-8.96563827590562,38.6853935380958],[-8.96635906822311,38.6849900118394],[-8.96738954150637,38.6846455503212],[-8.9675618044906,38.6844400182703],[-8.96784425710349,38.6844686451211],[-8.96864469783752,38.6851371213264],[-8.96942646915196,38.685356255523],[-8.96979250744232,38.6856396637207],[-8.9694933082794,38.6863743690917],[-8.96942696665643,38.6865514269739]]]}},{"type":"Feature","id":"CRUS_Montijo_V.36676","properties":{"AREA_HA":4.07464831188396,"Autor":"DGT","Categoria_2021":"Espaço Verde","Classe_2021":"Solo Urbano","DTCC":"1507","Data_Pub_Origem":"1997-02-01T00:00:00","Designacao_no_plano":"Espaço urbano verde - Área verde de protecção e enquadramento - Agrícola equipado","Escala_origem":"1/25000","Fonte":"AML - Vectorial","ID1":36676,"Municipio":"MONTIJO"},"geometry":{"type":"Polygon","coordinates":[[[-8.94724615439165,38.6857404825357],[-8.94566881214979,38.6863451754556],[-8.94437355765731,38.6868417011187],[-8.94252308673233,38.6846041270012],[-8.94298817888939,38.683983847152],[-8.94500489675107,38.6856348844087],[-8.94724615439165,38.6857404825357]]]}},{"type":"Feature","id":"CRUS_Montijo_V.36677","properties":{"AREA_HA":147.104615949413,"Autor":"DGT","Categoria_2021":"Espaço Agrícola","Classe_2021":"Solo Rústico","DTCC":"1507","Data_Pub_Origem":"1997-02-01T00:00:00","Designacao_no_plano":"Espaço agrícola - Área agrícola da RAN","Escala_origem":"1/25000","Fonte":"AML - Vectorial","ID1":36677,"Municipio":"MONTIJO"},"geometry":{"type":"Polygon","coordinates":[[[-8.94988945411641,38.6888110973826],[-8.948972609335,38.6877993546907],[-8.94798513041675,38.6854865372369],[-8.94794769091445,38.6853988544409],[-8.94796352193616,38.6844056880549],[-8.94763432888728,38.6821037820615],[-8.94746726055631,38.6817074260061],[-8.94744298526263,38.6806802987406],[-8.94613574503468,38.6775309146339],[-8.94597513662331,38.6770081372065],[-8.9452689996504,38.6746097573686],[-8.94467125948976,38.6724543843854],[-8.94405533100771,38.671304748519],[-8.94358234289305,38.6707436720524],[-8.94297260681166,38.6704118679412],[-8.94018431955694,38.6705751898459],[-8.93931714822707,38.6702669449759],[-8.9388496242409,38.6702317698644],[-8.93815573685114,38.6702749557715],[-8.93710837619076,38.6700293615005],[-8.93541246589231,38.6699482061622],[-8.93410120682457,38.6700873548542],[-8.93358202610002,38.6707670809883],[-8.93258862487564,38.6710376310241],[-8.9318819682596,38.6701978052189],[-8.93346874624443,38.6696329765984],[-8.933950610939,38.6688068649147],[-8.93446228333531,38.6682753063331],[-8.93471702117125,38.6681912972189],[-8.93515486642896,38.6681169390217],[-8.93536754029544,38.6679426597057],[-8.93551677030522,38.6677400173742],[-8.9354756841052,38.6674522688745],[-8.93577682377263,38.6672869835893],[-8.93633560814281,38.6681339561249],[-8.93640820975006,38.6683574233387],[-8.93644746517042,38.6684749954793],[-8.93650078649091,38.668780567569],[-8.93739036780284,38.6691881816303],[-8.93801709473768,38.6693179841115],[-8.93845428644599,38.6697226174946],[-8.93922954618512,38.6695160932627],[-8.94075347717498,38.6697310436561],[-8.94095236454545,38.6695955571209],[-8.94071831920601,38.6687437051488],[-8.93970266418968,38.6682447361178],[-8.93971325657037,38.6680503419275],[-8.93998749051863,38.6672328373291],[-8.93961821517799,38.6662538135951],[-8.93873174225885,38.6652108329098],[-8.93734668358202,38.6647086161023],[-8.93731954776022,38.6643580588863],[-8.93745969123182,38.6641258939612],[-8.93779091776255,38.6638860357999],[-8.93648138418081,38.6632952799811],[-8.93619811105365,38.6635145370482],[-8.93544181349896,38.6633371967448],[-8.93482424640887,38.6636964162969],[-8.93432708670587,38.6638142381425],[-8.9336757643193,38.6634954259755],[-8.93347752432276,38.6634723725762],[-8.93318375283372,38.6632113249256],[-8.93180915744285,38.6621224408563],[-8.93129278410545,38.661980032148],[-8.93075873701983,38.6618629102564],[-8.92930425304953,38.661532412719],[-8.92916406032999,38.6614159762947],[-8.92916803636333,38.6603829471913],[-8.9292639331934,38.6600586168837],[-8.92920994522634,38.6589454416657],[-8.92990493458756,38.6591289433112],[-8.93022496490854,38.6589761719278],[-8.93024902246772,38.6577995526687],[-8.9312783852042,38.6580089938521],[-8.93145579152759,38.6583842446145],[-8.93220791785424,38.6581438121014],[-8.93221672870171,38.6578237513271],[-8.93238177062496,38.6576390379649],[-8.93254709128315,38.6574495040363],[-8.9342195596454,38.6580840097573],[-8.93408590584354,38.6582901824033],[-8.93379700842294,38.6586129211566],[-8.93329055519326,38.6586916809688],[-8.93329572980915,38.6590767015732],[-8.93340353440265,38.6592660048871],[-8.93367290268143,38.6601558798791],[-8.93362772341608,38.6612745064648],[-8.9338036103893,38.6615364340156],[-8.93414162458266,38.6616876038271],[-8.93425096522758,38.6611532820167],[-8.93398759551383,38.6590304779095],[-8.93429518421379,38.6589012655846],[-8.93455649372516,38.6590312321792],[-8.935104210143,38.6586712155147],[-8.93529124209836,38.6585035617681],[-8.9354458869489,38.6585620247216],[-8.93592191955353,38.6594126139904],[-8.93654367374593,38.6601746318418],[-8.93682143730409,38.6604538694087],[-8.93688873960519,38.6610173614254],[-8.93673357233086,38.6615266517655],[-8.93688763917096,38.6620244101074],[-8.93811123106967,38.6629947922528],[-8.93914055256197,38.6640883452582],[-8.93956045720436,38.664532486396],[-8.94077224527394,38.6668169547295],[-8.9411378724864,38.6678356074302],[-8.94134025718779,38.6680173394767],[-8.94244502291589,38.6691662077466],[-8.94304921321179,38.6691471917221],[-8.9435978055967,38.6683092365017],[-8.94382449213205,38.6679154821607],[-8.94425117316103,38.6671397425031],[-8.94439062688636,38.6663387913063],[-8.94395351279178,38.6629705932444],[-8.9440188593602,38.6622846041522],[-8.94391611699663,38.6621934628722],[-8.94330833360171,38.6621454429358],[-8.94327750940623,38.6613645724901],[-8.9432240907667,38.6611104039618],[-8.94323397106632,38.6604526431884],[-8.943852014993,38.6601783942397],[-8.94373115784889,38.6594124534186],[-8.94306597762692,38.6570819226239],[-8.94190779787336,38.6548495024447],[-8.94212991074852,38.6547450211259],[-8.94260089648506,38.6545234751096],[-8.9434106417988,38.6542448190469],[-8.94379901128229,38.6565826033634],[-8.94425403768992,38.6572511986646],[-8.94404401768748,38.6574228364795],[-8.94401294205315,38.65779923572],[-8.94413372281729,38.6580670967843],[-8.94450046876663,38.6582168115027],[-8.9448165766859,38.6580545248874],[-8.9451084506306,38.6567896011635],[-8.94490762506794,38.6546503418972],[-8.94470260806426,38.6542218509346],[-8.9446705312702,38.6540507766126],[-8.94499104109548,38.654058134368],[-8.94589576662165,38.6541065025332],[-8.94587763855829,38.6544739755356],[-8.94626734180926,38.6552625804932],[-8.94631230101224,38.6557409899448],[-8.94661287762194,38.6558630267851],[-8.94764529496303,38.655762733594],[-8.94989899057192,38.6550597122754],[-8.95060662404757,38.6551013055329],[-8.95140495004495,38.6549729369696],[-8.95172209990162,38.6547586658115],[-8.95210807216328,38.6540215278153],[-8.95272578580308,38.6534754892864],[-8.95251132508903,38.6523277880849],[-8.9528137669031,38.6522562960278],[-8.95324655951416,38.6521539806944],[-8.95367961808576,38.653098554467],[-8.95354644658823,38.6544565643813],[-8.95261963868217,38.6560909440456],[-8.95347958987332,38.6565133816514],[-8.95365846850022,38.6566457951277],[-8.95380556351301,38.6571495073912],[-8.95390157233025,38.6574150188082],[-8.95235666574513,38.6576034851237],[-8.95230255482919,38.6573063209814],[-8.95214412131783,38.6568219274503],[-8.95146279945802,38.656107792814],[-8.95055376262429,38.6560010175139],[-8.94869313673497,38.6561509275286],[-8.94651429460505,38.6568353980045],[-8.9463769547007,38.6573173557014],[-8.94598604733469,38.6576252225939],[-8.94556757073684,38.6584738239354],[-8.94532853655368,38.6590024368379],[-8.94548264354936,38.6611105439897],[-8.94517723945429,38.6636037043794],[-8.94553122412238,38.6648373553008],[-8.94556861203233,38.6657370305602],[-8.94575935840432,38.6664004846302],[-8.94547115821688,38.6679921744307],[-8.94474525674975,38.6687523339966],[-8.94457515232437,38.6692031320186],[-8.94456751161905,38.6697307296625],[-8.94538170172693,38.6701878545803],[-8.94616119991833,38.6706032391623],[-8.94671491449493,38.6706705279703],[-8.94890351354453,38.6694826728414],[-8.94896146211595,38.6689410958078],[-8.94934668824887,38.6684264798328],[-8.94964485455067,38.6665082608688],[-8.95004515456155,38.6650672097815],[-8.95041604874987,38.6645799305613],[-8.95101393278768,38.6641662056725],[-8.95170543630906,38.6640931076334],[-8.95226812466739,38.6645279511501],[-8.9524842685757,38.6649311011548],[-8.95249259643993,38.6658167617897],[-8.9527345339367,38.6663461487969],[-8.95289341929735,38.6666957777571],[-8.95267744747891,38.6679941550829],[-8.95201541699124,38.6692519630632],[-8.95135317854491,38.6697437025016],[-8.95033416531355,38.6701735104944],[-8.949624193189,38.6703788228116],[-8.94745989180161,38.6712516292084],[-8.94719780829976,38.6713461394776],[-8.94816792004769,38.6719545108083],[-8.94802032278348,38.6722358241265],[-8.94802689675495,38.6723483331001],[-8.94776815931039,38.6732764737534],[-8.94709258372863,38.6743811134111],[-8.94666641148035,38.6745478929053],[-8.94690008628442,38.6751127224647],[-8.94695685403716,38.6759235224607],[-8.94711681997169,38.6763355049512],[-8.94836801964411,38.6787412118266],[-8.94886094308617,38.679960196268],[-8.94895397656525,38.6807198461112],[-8.94913577719103,38.6815329508018],[-8.94923609618992,38.6816575949786],[-8.94962585047612,38.6816432774525],[-8.94988830144234,38.6837616655457],[-8.94978158247925,38.6848560326693],[-8.95233122314535,38.6872205996995],[-8.95187583775215,38.6875168851035],[-8.9516751702774,38.6876722200567],[-8.95020108523113,38.6886275418515],[-8.94988945411641,38.6888110973826]]]}},{"type":"Feature","id":"CRUS_Montijo_V.36678","properties":{"AREA_HA":1.251155946007,"Autor":"DGT","Categoria_2021":"Espaço Agrícola","Classe_2021":"Solo Rústico","DTCC":"1507","Data_Pub_Origem":"1997-02-01T00:00:00","Designacao_no_plano":"Espaço agrícola - Área agrícola não incluído na RAN","Escala_origem":"1/25000","Fonte":"AML - Vectorial","ID1":36678,"Municipio":"MONTIJO"},"geometry":{"type":"Polygon","coordinates":[[[-8.91443218667198,38.6876958769686],[-8.91398882656475,38.6863887397009],[-8.91340122313781,38.6852937937026],[-8.91354156044078,38.6852715072572],[-8.91383821595252,38.6853068168967],[-8.91493267780736,38.6866359993059],[-8.91443218667198,38.6876958769686]]]}},{"type":"Feature","id":"CRUS_Montijo_V.36679","properties":{"AREA_HA":5.6486724035684,"Autor":"DGT","Categoria_2021":"Não Atribuída","Classe_2021":"Solo Urbano (urbanizável – transitório)","DTCC":"1507","Data_Pub_Origem":"1997-02-01T00:00:00","Designacao_no_plano":"Espaço urbanizável - Área urbanizável mista habitacional e equipamento industrial","Escala_origem":"1/25000","Fonte":"AML - Vectorial","ID1":36679,"Municipio":"MONTIJO"},"geometry":{"type":"Polygon","coordinates":[[[-8.94724615439165,38.6857404825357],[-8.94500489675107,38.6856348844087],[-8.94298817888939,38.683983847152],[-8.94340208890911,38.6835601143345],[-8.94448961282745,38.6824467358926],[-8.94595580368564,38.6836553270743],[-8.94556934899177,38.6839184638351],[-8.94553959217425,38.6851634547164],[-8.94658505462709,38.6850857613282],[-8.94671845133346,38.6850848315338],[-8.94681852200547,38.6852270460112],[-8.94724615439165,38.6857404825357]]]}},{"type":"Feature","id":"CRUS_Montijo_V.36680","properties":{"AREA_HA":3.66853327131877,"Autor":"DGT","Categoria_2021":"Não Atribuída","Classe_2021":"Solo Urbano (urbanizável – transitório)","DTCC":"1507","Data_Pub_Origem":"1997-02-01T00:00:00","Designacao_no_plano":"Espaço urbanizável - Área urbanizável mista habitacional e equipamento industrial","Escala_origem":"1/25000","Fonte":"AML - Vectorial","ID1":36680,"Municipio":"MONTIJO"},"geometry":{"type":"Polygon","coordinates":[[[-8.54830653087282,38.6858881406046],[-8.54809546894132,38.68758377702],[-8.54649139935817,38.68764414488],[-8.54621322953529,38.6857771094046],[-8.54665279053063,38.6853928421824],[-8.5472682117805,38.6852630850406],[-8.5475968942638,38.6858086553953],[-8.54830653087282,38.6858881406046]]]}},{"type":"Feature","id":"CRUS_Montijo_V.36681","properties":{"AREA_HA":415.83839641679,"Autor":"DGT","Categoria_2021":"Espaço Agrícola","Classe_2021":"Solo Rústico","DTCC":"1507","Data_Pub_Origem":"1997-02-01T00:00:00","Designacao_no_plano":"Espaço agrícola - Área agrícola não incluído na RAN","Escala_origem":"1/25000","Fonte":"AML - Vectorial","ID1":36681,"Municipio":"MONTIJO"},"geometry":{"type":"Polygon","coordinates":[[[-8.95876613772477,38.6831049967728],[-8.95866785898704,38.6826349270127],[-8.95863999674818,38.6825016885486],[-8.95954142059947,38.6821328862466],[-8.95936959347885,38.6816991797172],[-8.958347144795,38.6819057469553],[-8.9581790765027,38.6817982084892],[-8.95766620415948,38.6802771780721],[-8.9574640910844,38.6803348238951],[-8.95596963621962,38.6807769625203],[-8.956497351696,38.6794031314534],[-8.95594606737305,38.679101519921],[-8.95570359750258,38.6786588831599],[-8.95571660328581,38.6782005560604],[-8.95471553256335,38.6784853282434],[-8.9548309684701,38.6789982856319],[-8.9541395024886,38.6808083096939],[-8.95411102740283,38.6813268016673],[-8.95343779924356,38.6815259510002],[-8.95302624639398,38.680967077618],[-8.95212440002559,38.6812995934458],[-8.95176110553307,38.6810310824236],[-8.94962585047612,38.6816432774525],[-8.94923609618992,38.6816575949786],[-8.94913577719103,38.6815329508018],[-8.94895397656525,38.6807198461112],[-8.94886094308617,38.679960196268],[-8.94836801964411,38.6787412118266],[-8.94711681997169,38.6763355049512],[-8.94695685403716,38.6759235224607],[-8.94690008628442,38.6751127224647],[-8.94666641148035,38.6745478929053],[-8.94709258372863,38.6743811134111],[-8.94776815931039,38.6732764737534],[-8.94802689675495,38.6723483331001],[-8.94802032278348,38.6722358241265],[-8.94816792004769,38.6719545108083],[-8.94825362906836,38.6717916783525],[-8.94910210858513,38.6716404995505],[-8.94915486040316,38.6711360081183],[-8.95012022992877,38.6708995647755],[-8.949624193189,38.6703788228116],[-8.95033416531355,38.6701735104944],[-8.95135317854491,38.6697437025016],[-8.95201541699124,38.6692519630632],[-8.95267744747891,38.6679941550829],[-8.95289341929735,38.6666957777571],[-8.9527345339367,38.6663461487969],[-8.95249259643993,38.6658167617897],[-8.9524842685757,38.6649311011548],[-8.95226812466739,38.6645279511501],[-8.95170543630906,38.6640931076334],[-8.95101393278768,38.6641662056725],[-8.95041604874987,38.6645799305613],[-8.95004515456155,38.6650672097815],[-8.94964485455067,38.6665082608688],[-8.94934668824887,38.6684264798328],[-8.94896146211595,38.6689410958078],[-8.94890351354453,38.6694826728414],[-8.94671491449493,38.6706705279703],[-8.94616119991833,38.6706032391623],[-8.94538170172693,38.6701878545803],[-8.94456751161905,38.6697307296625],[-8.94457515232437,38.6692031320186],[-8.94474525674975,38.6687523339966],[-8.94547115821688,38.6679921744307],[-8.94575935840432,38.6664004846302],[-8.94556861203233,38.6657370305602],[-8.94553122412238,38.6648373553008],[-8.94517723945429,38.6636037043794],[-8.94548264354936,38.6611105439897],[-8.94532853655368,38.6590024368379],[-8.94556757073684,38.6584738239354],[-8.94598604733469,38.6576252225939],[-8.9463769547007,38.6573173557014],[-8.94651429460505,38.6568353980045],[-8.94869313673497,38.6561509275286],[-8.95055376262429,38.6560010175139],[-8.95146279945802,38.656107792814],[-8.95214412131783,38.6568219274503],[-8.95230255482919,38.6573063209814],[-8.95235666574513,38.6576034851237],[-8.95132262719098,38.6577296115133],[-8.95132805647784,38.6596287670341],[-8.95132852378187,38.6597938259297],[-8.95255001748383,38.6596767347839],[-8.95361100238734,38.6584167683507],[-8.95407809833243,38.6583422964498],[-8.9561547297601,38.6580112040468],[-8.95553374881006,38.6565656408984],[-8.95669855795733,38.6565068712186],[-8.95819873276547,38.6567036755814],[-8.96060479241489,38.6568056683235],[-8.96404406376172,38.6562227647213],[-8.96477397749073,38.6560438601866],[-8.96460094290193,38.6564276884473],[-8.96468355528475,38.6567135912145],[-8.96499334536427,38.6579959709677],[-8.96514900236179,38.6586782178312],[-8.96503630099364,38.6594706071376],[-8.96418252341411,38.6601156394922],[-8.96417818471718,38.6605506942257],[-8.96532186467062,38.66059104039],[-8.96657430194503,38.6612779506558],[-8.96746214693209,38.6616098258289],[-8.96834643008244,38.6621305808899],[-8.9684552007287,38.6626147396423],[-8.96805830674321,38.6631559394447],[-8.96831041499523,38.6634088649434],[-8.96933509203152,38.6632894382575],[-8.96970632953613,38.6637645809417],[-8.9700456138581,38.6639119171646],[-8.9713586762447,38.6639381545072],[-8.97162968145684,38.6640843638925],[-8.97270906563521,38.664975165375],[-8.97291113884464,38.6654158687574],[-8.97382976603355,38.666441521143],[-8.97398187097122,38.6669087780043],[-8.97403939630737,38.6684033721775],[-8.97460746308241,38.670610684853],[-8.9746379743329,38.6708453114027],[-8.97302525306306,38.6708868540804],[-8.97299879771099,38.6712625417958],[-8.97242200555528,38.6713368334988],[-8.97150324898295,38.6720559172928],[-8.97123855242848,38.6718179085615],[-8.97051891270537,38.670885430139],[-8.97062090202373,38.6704039339866],[-8.97083359198838,38.6701875958107],[-8.9704059060342,38.6692700293429],[-8.96985920907041,38.6685272220742],[-8.96969769119778,38.6685181461481],[-8.96949820700181,38.6687139305905],[-8.9696410028961,38.6693762289468],[-8.96912789781694,38.6703619076864],[-8.96983659126176,38.6711547132891],[-8.96961437203036,38.6721787009698],[-8.96936609305405,38.6723344348061],[-8.96859953985648,38.6723501536463],[-8.96780349432628,38.6719681159052],[-8.96665928748027,38.6707385558578],[-8.9680089499107,38.6699719573726],[-8.96732599826983,38.669338792986],[-8.96663842504097,38.6686390617908],[-8.96800960993998,38.6676764945169],[-8.96859897223005,38.6672627500773],[-8.96800237946124,38.6662831908972],[-8.96742690731565,38.6662436055373],[-8.96694476521468,38.6659003227612],[-8.96687498537479,38.665660623046],[-8.96685982455739,38.6646380452844],[-8.96671465308052,38.6643795794363],[-8.96702137562187,38.6638583944957],[-8.96701773340002,38.6635448615681],[-8.96666939974064,38.6629310309566],[-8.9659455420753,38.6630335077789],[-8.9651591792153,38.6626498677645],[-8.96496128482336,38.6627485912688],[-8.96499548033841,38.6632457147607],[-8.96473477283,38.6640585060019],[-8.96504333209479,38.6649213098422],[-8.96499138522696,38.6654168848001],[-8.96624279604825,38.6666538054909],[-8.96635847984326,38.6668343829436],[-8.96656870951138,38.6668008505914],[-8.96682213309314,38.6670189986437],[-8.96592934997813,38.6682458777043],[-8.96527555420121,38.6686568693192],[-8.96509944178495,38.6684493371398],[-8.96488325808609,38.6681945820801],[-8.9647909205302,38.6679751115628],[-8.96464014748728,38.6671178950666],[-8.96453266602095,38.6669030819313],[-8.96394162870969,38.6666358141276],[-8.96379252837848,38.6664532285817],[-8.96378643064449,38.6659262869285],[-8.96300939342196,38.6659158397827],[-8.96240262583494,38.6661037953397],[-8.96262069962712,38.6668048874481],[-8.96256039338491,38.6670368744861],[-8.96364595049007,38.6673964520197],[-8.96405907802994,38.6677128911135],[-8.96416683633652,38.6679516650186],[-8.96377621818552,38.6686730557458],[-8.96337121339925,38.6690591890797],[-8.96340807654714,38.6695769941127],[-8.96429811493485,38.6693741183293],[-8.96443933644415,38.6694859197804],[-8.96488567708013,38.6698392599016],[-8.96445705785265,38.6700804370263],[-8.96493447740558,38.6705741077264],[-8.96327738914044,38.6712025835868],[-8.96312900860935,38.6711396462102],[-8.96291525773441,38.6709840652358],[-8.96224757620847,38.6704652641793],[-8.96157471167825,38.6704393481943],[-8.9613985679357,38.6703280788717],[-8.96027467473169,38.6685152435121],[-8.95962826630364,38.668448214538],[-8.96020634988658,38.6695897942022],[-8.96022993927408,38.6704693369119],[-8.96039370070343,38.6706727669028],[-8.9607190914216,38.6708954986279],[-8.96241052798734,38.6714823241601],[-8.96255992728134,38.671549894366],[-8.96216423794811,38.6720322164916],[-8.96262887599948,38.6723178839841],[-8.96298163928842,38.6743025101267],[-8.96129305035563,38.6744128727713],[-8.96000136795425,38.6744972782394],[-8.95960067713879,38.6747088387198],[-8.95933185690837,38.6748507601159],[-8.95964007628684,38.6768307569649],[-8.95977304702764,38.6767932525943],[-8.96562889111275,38.675141345714],[-8.9664058060964,38.6769951214038],[-8.9663258391271,38.6783185660131],[-8.9656351889912,38.6783597310776],[-8.96562145877888,38.6792296648767],[-8.96391175864361,38.6797673645585],[-8.96367177145372,38.6796240974019],[-8.96350119285309,38.6789870873265],[-8.96035792680095,38.6790374551228],[-8.96054596701088,38.6810894885741],[-8.96055031444261,38.6814156181451],[-8.96028879231817,38.6814718335096],[-8.96047746450013,38.6820842272393],[-8.96051163357918,38.682195116743],[-8.95972917085809,38.6825449696449],[-8.9597309689956,38.6827010643997],[-8.95876613772477,38.6831049967728]],[[-8.95540524187524,38.669050012761],[-8.95560623023726,38.6690603712445],[-8.95542778350023,38.6680649481753],[-8.95519940333729,38.6681246213996],[-8.95454026898607,38.6682622618981],[-8.95473649700008,38.6689912129364],[-8.95540524187524,38.669050012761]],[[-8.95701414829173,38.6593916826504],[-8.95711063094616,38.6598914419476],[-8.95634521009277,38.6604145381134],[-8.95634768286945,38.6606302261823],[-8.95611293171476,38.6609338728587],[-8.95645858108196,38.661397357486],[-8.95696497443103,38.6615653711769],[-8.95756679326669,38.6610875566529],[-8.95767675748242,38.6607847868536],[-8.95823957529796,38.6604011700351],[-8.95847441473039,38.6601061473137],[-8.95828825897589,38.6597019317993],[-8.95738659198828,38.6592251189006],[-8.95716021749101,38.6592698554134],[-8.95701414829173,38.6593916826504]],[[-8.95387079010372,38.6737867989829],[-8.95163094582695,38.6737269060559],[-8.95121930624513,38.6736127770202],[-8.9503287362693,38.6724589458747],[-8.95022200218708,38.6723158446706],[-8.95009777335305,38.6721762336857],[-8.9497033679767,38.6720418278259],[-8.94934317204407,38.6721337948827],[-8.94915716417225,38.6726908962899],[-8.94929662390227,38.6733383437213],[-8.94934552528174,38.6736431647272],[-8.94947752800527,38.6749458952568],[-8.94924955753454,38.6757037717803],[-8.9489113998613,38.6759054351223],[-8.94839950332817,38.6759967656665],[-8.9483039548157,38.6766959565417],[-8.94844148231493,38.6775140647158],[-8.94938666471126,38.6794381321268],[-8.95027776513661,38.679198296236],[-8.95013410800315,38.6781467375725],[-8.95061289915674,38.6778536280632],[-8.95068383041587,38.6773265883812],[-8.95111334597926,38.676758032643],[-8.95085806042933,38.6757359737426],[-8.9510859641156,38.6754808574041],[-8.95185251260073,38.6752317123354],[-8.95406624713089,38.6751797969183],[-8.95460109722303,38.6748542620438],[-8.95472429290988,38.6744146081872],[-8.95430851587536,38.6739397403641],[-8.95387079010372,38.6737867989829]]]}},{"type":"Feature","id":"CRUS_Montijo_V.36682","properties":{"AREA_HA":72.5487440092666,"Autor":"DGT","Categoria_2021":"Não Atribuída","Classe_2021":"Solo Urbano","DTCC":"1507","Data_Pub_Origem":"1997-02-01T00:00:00","Designacao_no_plano":"Espaço urbano - Área urbanizada mista habitacional e equipamento industrial","Escala_origem":"1/25000","Fonte":"AML - Vectorial","ID1":36682,"Municipio":"MONTIJO"},"geometry":{"type":"Polygon","coordinates":[[[-8.96242948374804,38.6887192895975],[-8.96170843846171,38.6882384556793],[-8.96150365749688,38.6880338073401],[-8.95995615928006,38.6856965083046],[-8.96071419454635,38.6852924642399],[-8.96098637876282,38.6840945124139],[-8.96095480851235,38.6834242472265],[-8.96073468820418,38.6829365221027],[-8.96056703126833,38.6828652226259],[-8.95997290798704,38.6830144055794],[-8.9597309689956,38.6827010643997],[-8.95972917085809,38.6825449696449],[-8.96051163357918,38.682195116743],[-8.96047746450013,38.6820842272393],[-8.96028879231817,38.6814718335096],[-8.96055031444261,38.6814156181451],[-8.96054596701088,38.6810894885741],[-8.96035792680095,38.6790374551228],[-8.96350119285309,38.6789870873265],[-8.96367177145372,38.6796240974019],[-8.96391175864361,38.6797673645585],[-8.96562145877888,38.6792296648767],[-8.9656351889912,38.6783597310776],[-8.9663258391271,38.6783185660131],[-8.9664058060964,38.6769951214038],[-8.96562889111275,38.675141345714],[-8.96779724233626,38.6750824590602],[-8.96977699855847,38.675457167582],[-8.9700636710075,38.6764417653405],[-8.97135644850712,38.6802632642775],[-8.97262832030514,38.6832161518555],[-8.97370695347952,38.6833106060877],[-8.97393041908782,38.6833181490743],[-8.97554121301111,38.6833725422362],[-8.97448215623537,38.6845880176344],[-8.97401325758608,38.6838153505607],[-8.97390829618555,38.6836368391972],[-8.96994667592168,38.6840871998981],[-8.96812639056818,38.6812732711655],[-8.96669989440462,38.6815734010844],[-8.96424967178436,38.6839813887213],[-8.96375571271664,38.6844916460073],[-8.96289901527796,38.6846064710477],[-8.96328082055726,38.686705854409],[-8.96329591805779,38.6880104951117],[-8.96315480823464,38.6881745961069],[-8.9625315076034,38.6880173767718],[-8.96242948374804,38.6887192895975]]]}},{"type":"Feature","id":"CRUS_Montijo_V.36683","properties":{"AREA_HA":8.65576617505066,"Autor":"DGT","Categoria_2021":"Não Atribuída","Classe_2021":"Solo Urbano","DTCC":"1507","Data_Pub_Origem":"1997-02-01T00:00:00","Designacao_no_plano":"Espaço urbano - Área urbanizada mista habitacional e equipamento industrial","Escala_origem":"1/25000","Fonte":"AML - Vectorial","ID1":36683,"Municipio":"MONTIJO"},"geometry":{"type":"Polygon","coordinates":[[[-8.59229628810957,38.6868684382461],[-8.59229073653966,38.6878172926303],[-8.58561364368357,38.6880076036192],[-8.58620266487014,38.6870584576904],[-8.58647857261586,38.686613862828],[-8.58734347968608,38.6852201154671],[-8.58758307872403,38.6848387431743],[-8.58828514046879,38.6854700227178],[-8.58752469814328,38.6866407890057],[-8.58898152247677,38.6870365325402],[-8.58936243326584,38.686560622617],[-8.59229628810957,38.6868684382461]]]}},{"type":"Feature","id":"CRUS_Montijo_V.36684","properties":{"AREA_HA":3.76882548879879,"Autor":"DGT","Categoria_2021":"Espaço Florestal","Classe_2021":"Solo Rústico","DTCC":"1507","Data_Pub_Origem":"1997-02-01T00:00:00","Designacao_no_plano":"Espaço agro-florestal","Escala_origem":"1/25000","Fonte":"AML - Vectorial","ID1":36684,"Municipio":"MONTIJO"},"geometry":{"type":"Polygon","coordinates":[[[-8.58734347968608,38.6852201154671],[-8.58646862953163,38.6848587627074],[-8.58511243150468,38.6838062402711],[-8.58554011619328,38.6833668691668],[-8.58561181850389,38.6818706958672],[-8.58598396621577,38.6818601265074],[-8.58635802985269,38.6821505812659],[-8.58663162793356,38.6831073406955],[-8.58692287922818,38.6831791825674],[-8.58713104281445,38.6829868066744],[-8.58709226429512,38.6844939598375],[-8.58758307872403,38.6848387431743],[-8.58734347968608,38.6852201154671]]]}},{"type":"Feature","id":"CRUS_Montijo_V.36685","properties":{"AREA_HA":3.97787753340006,"Autor":"DGT","Categoria_2021":"Espaço Florestal","Classe_2021":"Solo Rústico","DTCC":"1507","Data_Pub_Origem":"1997-02-01T00:00:00","Designacao_no_plano":"Espaço florestal - Área de floresta de produção","Escala_origem":"1/25000","Fonte":"AML - Vectorial","ID1":36685,"Municipio":"MONTIJO"},"geometry":{"type":"Polygon","coordinates":[[[-8.59229628810957,38.6868684382461],[-8.58936243326584,38.686560622617],[-8.58898152247677,38.6870365325402],[-8.58752469814328,38.6866407890057],[-8.58828514046879,38.6854700227178],[-8.58879871708898,38.6857325946452],[-8.59431636006893,38.6867327343733],[-8.59229628810957,38.6868684382461]]]}},{"type":"Feature","id":"CRUS_Montijo_V.36686","properties":{"AREA_HA":6.00211000720318,"Autor":"DGT","Categoria_2021":"Espaço Agrícola","Classe_2021":"Solo Rústico","DTCC":"1507","Data_Pub_Origem":"1997-02-01T00:00:00","Designacao_no_plano":"Espaço agrícola - Área agrícola não incluído na RAN","Escala_origem":"1/25000","Fonte":"AML - Vectorial","ID1":36686,"Municipio":"MONTIJO"},"geometry":{"type":"Polygon","coordinates":[[[-8.68554265269115,38.6899895476896],[-8.68525505367463,38.6856302017022],[-8.6864846378255,38.6862215048687],[-8.68729033135988,38.6869542171962],[-8.68756071186497,38.6874332795471],[-8.68749531387002,38.6881554786881],[-8.68710735826824,38.6888084598477],[-8.68554265269115,38.6899895476896]]]}},{"type":"Feature","id":"CRUS_Montijo_V.36687","properties":{"AREA_HA":1.06698149477849,"Autor":"DGT","Categoria_2021":"Não Atribuída","Classe_2021":"Solo Urbano","DTCC":"1507","Data_Pub_Origem":"1997-02-01T00:00:00","Designacao_no_plano":"Espaço urbano - Área urbanizada mista habitacional e equipamento industrial","Escala_origem":"1/25000","Fonte":"AML - Vectorial","ID1":36687,"Municipio":"MONTIJO"},"geometry":{"type":"Polygon","coordinates":[[[-8.94671845133346,38.6850848315338],[-8.94658505462709,38.6850857613282],[-8.94553959217425,38.6851634547164],[-8.94556934899177,38.6839184638351],[-8.94595580368564,38.6836553270743],[-8.94671845133346,38.6850848315338]]]}},{"type":"Feature","id":"CRUS_Montijo_V.36688","properties":{"AREA_HA":14.4627716722222,"Autor":"DGT","Categoria_2021":"Espaço Agrícola","Classe_2021":"Solo Rústico","DTCC":"1507","Data_Pub_Origem":"1997-02-01T00:00:00","Designacao_no_plano":"Espaço agrícola - Área agrícola não incluído na RAN","Escala_origem":"1/25000","Fonte":"AML - Vectorial","ID1":36688,"Municipio":"MONTIJO"},"geometry":{"type":"Polygon","coordinates":[[[-8.97554121301111,38.6833725422362],[-8.97393041908782,38.6833181490743],[-8.97370695347952,38.6833106060877],[-8.97262832030514,38.6832161518555],[-8.97135644850712,38.6802632642775],[-8.9700636710075,38.6764417653405],[-8.97128714146949,38.6763141395257],[-8.97201468078102,38.6771411073507],[-8.97221223486161,38.6775583062345],[-8.97232439104916,38.6784386775449],[-8.97346385025572,38.6790290991759],[-8.97311190512675,38.6791566708181],[-8.97282498196414,38.6796547929654],[-8.97306727002499,38.6798575678373],[-8.97343114040991,38.6802975023084],[-8.97345110327748,38.6805654802508],[-8.97389615819298,38.6811966711496],[-8.97419883048795,38.6813491310799],[-8.97448707807872,38.6813062044211],[-8.97458662128195,38.6816040557806],[-8.97584255460009,38.6831278921269],[-8.97554121301111,38.6833725422362]]]}},{"type":"Feature","id":"CRUS_Montijo_V.36689","properties":{"AREA_HA":17.9678524829201,"Autor":"DGT","Categoria_2021":"Espaço Agrícola","Classe_2021":"Solo Rústico","DTCC":"1507","Data_Pub_Origem":"1997-02-01T00:00:00","Designacao_no_plano":"Espaço agrícola - Área agrícola da RAN","Escala_origem":"1/25000","Fonte":"AML - Vectorial","ID1":36689,"Municipio":"MONTIJO"},"geometry":{"type":"Polygon","coordinates":[[[-8.96424967178436,38.6839813887213],[-8.96435353214263,38.6841492061168],[-8.96377679238171,38.6855956637177],[-8.96386455157587,38.6862666005969],[-8.96427672676017,38.6866182836492],[-8.96516568482996,38.686860185435],[-8.96595787847392,38.6868013466328],[-8.96670786573771,38.6871240112876],[-8.96698530439049,38.6869181258248],[-8.96732352627786,38.6869245738922],[-8.96780514725541,38.6872314204767],[-8.96900572478904,38.6871962415926],[-8.96988534595729,38.6886350061535],[-8.97108297976639,38.6893445136952],[-8.97103047016548,38.6897324753307],[-8.96983594522538,38.6900063335729],[-8.96917095567188,38.6897568654552],[-8.96843068114704,38.6890970970733],[-8.96813819413442,38.6894579754867],[-8.96795280620573,38.690314254005],[-8.9682996814626,38.6909934590029],[-8.96782315607847,38.6913875950634],[-8.96739510857466,38.6912493282966],[-8.96657721688804,38.6914380576127],[-8.96641253887769,38.6913810412178],[-8.9662076430614,38.6907202116648],[-8.96645680844368,38.6898284492084],[-8.96640516546782,38.6888981975052],[-8.9653370702811,38.6879571055234],[-8.9650545907526,38.6877638079697],[-8.96422013268089,38.6883024175576],[-8.96365991783822,38.6883241579217],[-8.96315480823464,38.6881745961069],[-8.96329591805779,38.6880104951117],[-8.96328082055726,38.686705854409],[-8.96289901527796,38.6846064710477],[-8.96375571271664,38.6844916460073],[-8.96424967178436,38.6839813887213]]]}},{"type":"Feature","id":"CRUS_Montijo_V.36690","properties":{"AREA_HA":2.23952868139576,"Autor":"DGT","Categoria_2021":"Não Atribuída","Classe_2021":"Solo Urbano","DTCC":"1507","Data_Pub_Origem":"1997-02-01T00:00:00","Designacao_no_plano":"Espaço urbano - Área urbanizada mista habitacional e equipamento industrial","Escala_origem":"1/25000","Fonte":"AML - Vectorial","ID1":36690,"Municipio":"MONTIJO"},"geometry":{"type":"Polygon","coordinates":[[[-8.76737753832418,38.6837086062143],[-8.76553866698178,38.6845321628658],[-8.76533680266703,38.684309739462],[-8.7654157987064,38.6839338206138],[-8.76499969821813,38.6834175252388],[-8.76627605357753,38.6828115918399],[-8.76672270079332,38.6827912872135],[-8.76737753832418,38.6837086062143]]]}},{"type":"Feature","id":"CRUS_Montijo_V.36691","properties":{"AREA_HA":1.0125027963683,"Autor":"DGT","Categoria_2021":"Não Atribuída","Classe_2021":"Solo Urbano","DTCC":"1507","Data_Pub_Origem":"1997-02-01T00:00:00","Designacao_no_plano":"Espaço urbano - Área urbanizada mista habitacional e equipamento industrial","Escala_origem":"1/25000","Fonte":"AML - Vectorial","ID1":36691,"Municipio":"MONTIJO"},"geometry":{"type":"Polygon","coordinates":[[[-8.92773423193696,38.6833240367436],[-8.92772766298789,38.6839542890838],[-8.92643374401127,38.6839118575941],[-8.9264335670438,38.6829273319352],[-8.92773423193696,38.6833240367436]]]}},{"type":"Feature","id":"CRUS_Montijo_V.36692","properties":{"AREA_HA":4.07286641977243,"Autor":"DGT","Categoria_2021":"Espaço Agrícola","Classe_2021":"Solo Rústico","DTCC":"1507","Data_Pub_Origem":"1997-02-01T00:00:00","Designacao_no_plano":"Espaço agrícola - Área agrícola da RAN","Escala_origem":"1/25000","Fonte":"AML - Vectorial","ID1":36692,"Municipio":"MONTIJO"},"geometry":{"type":"Polygon","coordinates":[[[-8.95411102740283,38.6813268016673],[-8.9541395024886,38.6808083096939],[-8.9548309684701,38.6789982856319],[-8.95471553256335,38.6784853282434],[-8.95571660328581,38.6782005560604],[-8.95570359750258,38.6786588831599],[-8.95594606737305,38.679101519921],[-8.956497351696,38.6794031314534],[-8.95596963621962,38.6807769625203],[-8.95411102740283,38.6813268016673]]]}},{"type":"Feature","id":"CRUS_Montijo_V.36693","properties":{"AREA_HA":2.80656416088203,"Autor":"DGT","Categoria_2021":"Espaço Florestal","Classe_2021":"Solo Rústico","DTCC":"1507","Data_Pub_Origem":"1997-02-01T00:00:00","Designacao_no_plano":"Espaço florestal - Área de mata e de protecção","Escala_origem":"1/25000","Fonte":"AML - Vectorial","ID1":36693,"Municipio":"MONTIJO"},"geometry":{"type":"Polygon","coordinates":[[[-8.58073571072595,38.6828090670274],[-8.58212224786623,38.6831775563448],[-8.58150057079752,38.6842102314599],[-8.57899807171695,38.6839645353743],[-8.58010706046949,38.6827485015537],[-8.58073571072595,38.6828090670274]]]}},{"type":"Feature","id":"CRUS_Montijo_V.36694","properties":{"AREA_HA":0.971887985007837,"Autor":"DGT","Categoria_2021":"Não Atribuída","Classe_2021":"Solo Urbano","DTCC":"1507","Data_Pub_Origem":"1997-02-01T00:00:00","Designacao_no_plano":"Espaço urbano - Área urbanizada mista habitacional e equipamento industrial","Escala_origem":"1/25000","Fonte":"AML - Vectorial","ID1":36694,"Municipio":"MONTIJO"},"geometry":{"type":"Polygon","coordinates":[[[-8.59727406450221,38.6795516153833],[-8.59707063880459,38.6806532692394],[-8.59621620186297,38.6805740957217],[-8.59631442460037,38.6794820402555],[-8.59727406450221,38.6795516153833]]]}},{"type":"Feature","id":"CRUS_Montijo_V.36695","properties":{"AREA_HA":6.14681557363104,"Autor":"DGT","Categoria_2021":"Espaço Agrícola","Classe_2021":"Solo Rústico","DTCC":"1507","Data_Pub_Origem":"1997-02-01T00:00:00","Designacao_no_plano":"Espaço agrícola - Área agrícola da RAN","Escala_origem":"1/25000","Fonte":"AML - Vectorial","ID1":36695,"Municipio":"MONTIJO"},"geometry":{"type":"Polygon","coordinates":[[[-8.60192997544688,38.6822556695216],[-8.60110349849069,38.6823684821565],[-8.59951035191253,38.6820264380016],[-8.59821121498304,38.6819215902805],[-8.59737736887022,38.6814114407438],[-8.59734126272453,38.681255708322],[-8.5986856912298,38.6811311552065],[-8.59897657784587,38.6808915944767],[-8.59932358848873,38.6802896290874],[-8.59952133880467,38.6801192066683],[-8.59982528917832,38.6800904804372],[-8.599896185922,38.6802002306281],[-8.60018074344677,38.6807859153664],[-8.60024407717951,38.6815283624969],[-8.60049043650243,38.6816374095288],[-8.60076938028356,38.6813612116917],[-8.60138000478699,38.6799283739117],[-8.60182191585408,38.6795323318441],[-8.60220668011178,38.6794482175225],[-8.60192997544688,38.6822556695216]]]}},{"type":"Feature","id":"CRUS_Montijo_V.36696","properties":{"AREA_HA":3.36481622196818,"Autor":"DGT","Categoria_2021":"Espaço Agrícola","Classe_2021":"Solo Rústico","DTCC":"1507","Data_Pub_Origem":"1997-02-01T00:00:00","Designacao_no_plano":"Espaço agrícola - Área agrícola não incluído na RAN","Escala_origem":"1/25000","Fonte":"AML - Vectorial","ID1":36696,"Municipio":"MONTIJO"},"geometry":{"type":"Polygon","coordinates":[[[-8.91887569080644,38.6811268071724],[-8.91856864443096,38.6803814711162],[-8.91893740997549,38.6797014904224],[-8.91874246268512,38.6789228092732],[-8.91872656222599,38.6785285917703],[-8.91887335315269,38.6783236270461],[-8.91907798019104,38.6780745663415],[-8.91905217014626,38.6777440303735],[-8.91917952199102,38.6774075619454],[-8.91988347822927,38.6774514466494],[-8.91993867489588,38.6783194534655],[-8.91975989189578,38.6786091573531],[-8.91939279070177,38.6791628734424],[-8.91945058601226,38.6793529936368],[-8.92015963905453,38.6800221494122],[-8.92034213126638,38.6805606146623],[-8.91927785951347,38.6806835373258],[-8.9191047659996,38.6813055505888],[-8.91887569080644,38.6811268071724]]]}},{"type":"Feature","id":"CRUS_Montijo_V.36697","properties":{"AREA_HA":43.4976532551711,"Autor":"DGT","Categoria_2021":"Espaço Florestal","Classe_2021":"Solo Rústico","DTCC":"1507","Data_Pub_Origem":"1997-02-01T00:00:00","Designacao_no_plano":"Espaço agro-florestal","Escala_origem":"1/25000","Fonte":"AML - Vectorial","ID1":36697,"Municipio":"MONTIJO"},"geometry":{"type":"Polygon","coordinates":[[[-8.56696732701065,38.6803357139765],[-8.56634716564438,38.6816054335746],[-8.56620046388754,38.68234089639],[-8.56594544101721,38.6824694973137],[-8.56158247685221,38.683169467345],[-8.55802886404352,38.6838936866403],[-8.55734313858251,38.6839417728149],[-8.55676575365439,38.6838325489464],[-8.5563477687305,38.6839343180669],[-8.5545298217403,38.6852168015999],[-8.55420475047711,38.6853000037559],[-8.55383272863818,38.6853104535592],[-8.55334277839606,38.6850388148617],[-8.55302879186248,38.6850308299943],[-8.5512515781395,38.6853379693467],[-8.55090239192125,38.6852754258292],[-8.5506094083294,38.6848800272191],[-8.55119223583181,38.6831372478693],[-8.55139843555101,38.6829247091021],[-8.55195077738098,38.682633476621],[-8.55341298291342,38.6822638288857],[-8.55504891946594,38.6817426030884],[-8.56626585719143,38.6793125306536],[-8.56727427844567,38.6791856855712],[-8.56739175641528,38.6793858411115],[-8.56719504855614,38.6795415843212],[-8.56696732701065,38.6803357139765]]]}},{"type":"Feature","id":"CRUS_Montijo_V.36698","properties":{"AREA_HA":8.01060105549246,"Autor":"DGT","Categoria_2021":"Espaço Florestal","Classe_2021":"Solo Rústico","DTCC":"1507","Data_Pub_Origem":"1997-02-01T00:00:00","Designacao_no_plano":"Espaço florestal - Área de mata e de protecção","Escala_origem":"1/25000","Fonte":"AML - Vectorial","ID1":36698,"Municipio":"MONTIJO"},"geometry":{"type":"Polygon","coordinates":[[[-8.56975397420609,38.6796041431786],[-8.57017775622445,38.6804412479155],[-8.57022727822751,38.6809333378175],[-8.57060232751306,38.6814059742211],[-8.57067411071248,38.6817338883427],[-8.56984297418815,38.6827580278377],[-8.56858514447217,38.6824710123903],[-8.56767114025523,38.6813440026374],[-8.56752682886249,38.6805605452821],[-8.56726974553701,38.6803609460852],[-8.56696732701065,38.6803357139765],[-8.56719504855614,38.6795415843212],[-8.56739175641528,38.6793858411115],[-8.56816979589138,38.6791907083781],[-8.56975397420609,38.6796041431786]]]}},{"type":"Feature","id":"CRUS_Montijo_V.36699","properties":{"AREA_HA":4.36575227788809,"Autor":"DGT","Categoria_2021":"Espaço Florestal","Classe_2021":"Solo Rústico","DTCC":"1507","Data_Pub_Origem":"1997-02-01T00:00:00","Designacao_no_plano":"Espaço florestal - Área de mata e de protecção","Escala_origem":"1/25000","Fonte":"AML - Vectorial","ID1":36699,"Municipio":"MONTIJO"},"geometry":{"type":"Polygon","coordinates":[[[-8.60220668011178,38.6794482175225],[-8.60182191585408,38.6795323318441],[-8.60138000478699,38.6799283739117],[-8.60076938028356,38.6813612116917],[-8.60049043650243,38.6816374095288],[-8.60024407717951,38.6815283624969],[-8.60018074344677,38.6807859153664],[-8.599896185922,38.6802002306281],[-8.59982528917832,38.6800904804372],[-8.59952133880467,38.6801192066683],[-8.59932358848873,38.6802896290874],[-8.59864097720169,38.6796505089264],[-8.59992181744039,38.6787468139688],[-8.6001807018113,38.6789841774414],[-8.6022493979136,38.6790147463214],[-8.60220668011178,38.6794482175225]]]}},{"type":"Feature","id":"CRUS_Montijo_V.36700","properties":{"AREA_HA":2.70691883493587,"Autor":"DGT","Categoria_2021":"Espaço Florestal","Classe_2021":"Solo Rústico","DTCC":"1507","Data_Pub_Origem":"1997-02-01T00:00:00","Designacao_no_plano":"Espaço florestal - Área de floresta de produção","Escala_origem":"1/25000","Fonte":"AML - Vectorial","ID1":36700,"Municipio":"MONTIJO"},"geometry":{"type":"Polygon","coordinates":[[[-8.75012471352089,38.6783395740547],[-8.75071790440645,38.6787585092589],[-8.75027335661038,38.6803880309954],[-8.74808652506395,38.6801981800942],[-8.75012471352089,38.6783395740547]]]}},{"type":"Feature","id":"CRUS_Montijo_V.36701","properties":{"AREA_HA":3.63798188679032,"Autor":"DGT","Categoria_2021":"Espaço Agrícola","Classe_2021":"Solo Rústico","DTCC":"1507","Data_Pub_Origem":"1997-02-01T00:00:00","Designacao_no_plano":"Espaço agrícola - Área agrícola da RAN","Escala_origem":"1/25000","Fonte":"AML - Vectorial","ID1":36701,"Municipio":"MONTIJO"},"geometry":{"type":"Polygon","coordinates":[[[-8.66644918523838,38.6810581202751],[-8.66352629718818,38.680090984542],[-8.66265594189342,38.6800591752053],[-8.66203120023781,38.679847435932],[-8.66175938315175,38.6796609122643],[-8.66181672412208,38.6794639607146],[-8.66227448016211,38.6793545996423],[-8.66389533147458,38.679633209019],[-8.6649063777416,38.6796107249935],[-8.6664970673713,38.6800594356172],[-8.66715590412402,38.680110066314],[-8.66644918523838,38.6810581202751]]]}},{"type":"Feature","id":"CRUS_Montijo_V.36702","properties":{"AREA_HA":7.69409881618088,"Autor":"DGT","Categoria_2021":"Espaço Verde","Classe_2021":"Solo Urbano","DTCC":"1507","Data_Pub_Origem":"1997-02-01T00:00:00","Designacao_no_plano":"Espaço urbano verde - Área verde de protecção e enquadramento - Agrícola equipado","Escala_origem":"1/25000","Fonte":"AML - Vectorial","ID1":36702,"Municipio":"MONTIJO"},"geometry":{"type":"Polygon","coordinates":[[[-8.92763655034388,38.679513758612],[-8.92672010930646,38.6793067171175],[-8.92533320470816,38.6787909873852],[-8.92345381578797,38.6778905282378],[-8.92316123114669,38.6776903507116],[-8.92517246743932,38.6766450328025],[-8.92562500383921,38.6768371204755],[-8.92855373742788,38.6780045691651],[-8.92784420332016,38.6791761408872],[-8.92763655034388,38.679513758612]]]}},{"type":"Feature","id":"CRUS_Montijo_V.36703","properties":{"AREA_HA":28.3954529278055,"Autor":"DGT","Categoria_2021":"Não Atribuída","Classe_2021":"Solo Urbano (urbanizável – transitório)","DTCC":"1507","Data_Pub_Origem":"1997-02-01T00:00:00","Designacao_no_plano":"Espaço urbanizável - Área urbanizável mista habitacional e equipamento industrial","Escala_origem":"1/25000","Fonte":"AML - Vectorial","ID1":36703,"Municipio":"MONTIJO"},"geometry":{"type":"Polygon","coordinates":[[[-8.93506354333767,38.6791447482226],[-8.93398449156327,38.6794208798127],[-8.93227704384683,38.6796316983179],[-8.92881530955463,38.6795622214114],[-8.92763655034388,38.679513758612],[-8.92784420332016,38.6791761408872],[-8.92855373742788,38.6780045691651],[-8.92562500383921,38.6768371204755],[-8.92517246743932,38.6766450328025],[-8.92699621693747,38.6756615422917],[-8.92740895303958,38.67583129293],[-8.92902066497193,38.6764941531211],[-8.92917371951153,38.6765336909336],[-8.92938654348963,38.675616461007],[-8.92959547374484,38.6753521740702],[-8.9298786602293,38.6751823519936],[-8.93112361068835,38.6750440370403],[-8.9316468739226,38.6750196244305],[-8.93370970255366,38.6748993869147],[-8.93453536936988,38.6748601778409],[-8.93494680457306,38.6753525767532],[-8.93435487598435,38.6756564794006],[-8.93209681106808,38.6767455215902],[-8.93504601287534,38.6777684944325],[-8.93505769390622,38.6788147089186],[-8.93506354333767,38.6791447482226]]]}},{"type":"Feature","id":"CRUS_Montijo_V.36704","properties":{"AREA_HA":36.928026170718,"Autor":"DGT","Categoria_2021":"Não Atribuída","Classe_2021":"Solo Urbano","DTCC":"1507","Data_Pub_Origem":"1997-02-01T00:00:00","Designacao_no_plano":"Espaço urbano - Área urbanizada mista habitacional e equipamento industrial","Escala_origem":"1/25000","Fonte":"AML - Vectorial","ID1":36704,"Municipio":"MONTIJO"},"geometry":{"type":"Polygon","coordinates":[[[-8.93951313672631,38.6841219551326],[-8.93900668735536,38.6839770270372],[-8.92878287549706,38.6811515224027],[-8.92852866106898,38.6810811908766],[-8.92881530955463,38.6795622214114],[-8.93227704384683,38.6796316983179],[-8.93398449156327,38.6794208798127],[-8.93506354333767,38.6791447482226],[-8.9361385188274,38.6783419022446],[-8.93636532840668,38.6780164879941],[-8.93666605979207,38.6774332692315],[-8.9369098028196,38.6777285213737],[-8.9406644049928,38.6822086958802],[-8.94031980029849,38.6827819589762],[-8.93976236007509,38.6836779692976],[-8.93951313672631,38.6841219551326]]]}},{"type":"Feature","id":"CRUS_Montijo_V.36705","properties":{"AREA_HA":11.0016933338037,"Autor":"DGT","Categoria_2021":"Espaço Agrícola","Classe_2021":"Solo Rústico","DTCC":"1507","Data_Pub_Origem":"1997-02-01T00:00:00","Designacao_no_plano":"Espaço agrícola - Área agrícola da RAN","Escala_origem":"1/25000","Fonte":"AML - Vectorial","ID1":36705,"Municipio":"MONTIJO"},"geometry":{"type":"Polygon","coordinates":[[[-8.66893788616988,38.6798350480035],[-8.67011798143069,38.6792251526835],[-8.67048736544084,38.6793022963602],[-8.67210288908348,38.678637813294],[-8.67216737357981,38.6782958590438],[-8.67367209508187,38.6777632723981],[-8.67477766052595,38.6776530212502],[-8.67380394131141,38.6789453201142],[-8.67263736454863,38.6798618045348],[-8.6714685219893,38.6804804338202],[-8.66666655720974,38.6824911050985],[-8.66676453279945,38.682140240744],[-8.66750353484093,38.6808227939782],[-8.66798050169444,38.6803387842452],[-8.66893788616988,38.6798350480035]]]}},{"type":"Feature","id":"CRUS_Montijo_V.36706","properties":{"AREA_HA":1.1833721858792,"Autor":"DGT","Categoria_2021":"Espaço Agrícola","Classe_2021":"Solo Rústico","DTCC":"1507","Data_Pub_Origem":"1997-02-01T00:00:00","Designacao_no_plano":"Espaço agrícola - Área agrícola da RAN","Escala_origem":"1/25000","Fonte":"AML - Vectorial","ID1":36706,"Municipio":"MONTIJO"},"geometry":{"type":"Polygon","coordinates":[[[-8.9700636710075,38.6764417653405],[-8.96977699855847,38.675457167582],[-8.97016496317188,38.6751517735235],[-8.97115555318839,38.6758081694699],[-8.97128714146949,38.6763141395257],[-8.9700636710075,38.6764417653405]]]}},{"type":"Feature","id":"CRUS_Montijo_V.36707","properties":{"AREA_HA":19.4195862957366,"Autor":"DGT","Categoria_2021":"Não Atribuída","Classe_2021":"Solo Urbano","DTCC":"1507","Data_Pub_Origem":"1997-02-01T00:00:00","Designacao_no_plano":"Espaço urbano - Área urbanizada mista habitacional e equipamento industrial","Escala_origem":"1/25000","Fonte":"AML - Vectorial","ID1":36707,"Municipio":"MONTIJO"},"geometry":{"type":"Polygon","coordinates":[[[-8.97201468078102,38.6771411073507],[-8.97128714146949,38.6763141395257],[-8.97115555318839,38.6758081694699],[-8.97016496317188,38.6751517735235],[-8.96942251252278,38.6746597897063],[-8.97058668659738,38.6734727638312],[-8.97079020270011,38.6732652554256],[-8.97102622463587,38.6730113664688],[-8.97117918367518,38.6723348067247],[-8.97150324898295,38.6720559172928],[-8.97242200555528,38.6713368334988],[-8.97299879771099,38.6712625417958],[-8.97302525306306,38.6708868540804],[-8.9746379743329,38.6708453114027],[-8.97464855143468,38.6711310227691],[-8.9746917844895,38.6723721806297],[-8.97472680444173,38.6742112385208],[-8.97412264535754,38.674734017161],[-8.974184006701,38.6752967441633],[-8.9742453575953,38.6758594711516],[-8.97201468078102,38.6771411073507]]]}},{"type":"Feature","id":"CRUS_Montijo_V.36708","properties":{"AREA_HA":4.86810545401964,"Autor":"DGT","Categoria_2021":"Espaço de Atividades Económicas","Classe_2021":"Solo Urbano","DTCC":"1507","Data_Pub_Origem":"1997-02-01T00:00:00","Designacao_no_plano":"Espaço industrial - Área industrial existente","Escala_origem":"1/25000","Fonte":"AML - Vectorial","ID1":36708,"Municipio":"MONTIJO"},"geometry":{"type":"Polygon","coordinates":[[[-8.97346385025572,38.6790290991759],[-8.97232439104916,38.6784386775449],[-8.97221223486161,38.6775583062345],[-8.97201468078102,38.6771411073507],[-8.9742453575953,38.6758594711516],[-8.97452937452529,38.6783421095638],[-8.97346385025572,38.6790290991759]]]}},{"type":"Feature","id":"CRUS_Montijo_V.36709","properties":{"AREA_HA":31.8098221394747,"Autor":"DGT","Categoria_2021":"Espaço Agrícola","Classe_2021":"Solo Rústico","DTCC":"1507","Data_Pub_Origem":"1997-02-01T00:00:00","Designacao_no_plano":"Espaço agrícola - Área agrícola da RAN","Escala_origem":"1/25000","Fonte":"AML - Vectorial","ID1":36709,"Municipio":"MONTIJO"},"geometry":{"type":"Polygon","coordinates":[[[-8.97448707807872,38.6813062044211],[-8.97419883048795,38.6813491310799],[-8.97389615819298,38.6811966711496],[-8.97345110327748,38.6805654802508],[-8.97343114040991,38.6802975023084],[-8.97306727002499,38.6798575678373],[-8.97282498196414,38.6796547929654],[-8.97311190512675,38.6791566708181],[-8.97346385025572,38.6790290991759],[-8.97452937452529,38.6783421095638],[-8.97506180351337,38.6780198229356],[-8.97550835675361,38.6771664945937],[-8.97491158205949,38.6762708301464],[-8.97490361212579,38.6758049683451],[-8.97467891145811,38.6755940903297],[-8.974184006701,38.6752967441633],[-8.97412264535754,38.674734017161],[-8.97472680444173,38.6742112385208],[-8.9746917844895,38.6723721806297],[-8.97464855143468,38.6711310227691],[-8.9746379743329,38.6708453114027],[-8.97460746308241,38.670610684853],[-8.97403939630737,38.6684033721775],[-8.97398187097122,38.6669087780043],[-8.97382976603355,38.666441521143],[-8.97291113884464,38.6654158687574],[-8.97270906563521,38.664975165375],[-8.97162968145684,38.6640843638925],[-8.9713586762447,38.6639381545072],[-8.9700456138581,38.6639119171646],[-8.96970632953613,38.6637645809417],[-8.96933509203152,38.6632894382575],[-8.96831041499523,38.6634088649434],[-8.96805830674321,38.6631559394447],[-8.9684552007287,38.6626147396423],[-8.96834643008244,38.6621305808899],[-8.96746214693209,38.6616098258289],[-8.96657430194503,38.6612779506558],[-8.96532186467062,38.66059104039],[-8.96417818471718,38.6605506942257],[-8.96418252341411,38.6601156394922],[-8.96503630099364,38.6594706071376],[-8.96514900236179,38.6586782178312],[-8.96499334536427,38.6579959709677],[-8.96468355528475,38.6567135912145],[-8.96460094290193,38.6564276884473],[-8.96477397749073,38.6560438601866],[-8.96502884139907,38.6559865112431],[-8.9670772537583,38.6552962136886],[-8.96732864259404,38.6556491896521],[-8.96745834112441,38.6560179964313],[-8.96724606986584,38.6573506601243],[-8.96676736468354,38.6574178995909],[-8.96612713315508,38.6569095881206],[-8.96591914490442,38.6566307334466],[-8.96558406344163,38.6566787112546],[-8.96558704457434,38.656935850682],[-8.96563175077331,38.657384274092],[-8.96565114057991,38.6583284800508],[-8.96584768180018,38.6587373661088],[-8.96594133887894,38.6598708952594],[-8.96655588482585,38.6604830723601],[-8.96767998715826,38.6609434621358],[-8.96916032832488,38.6620914830936],[-8.97015699799143,38.6630275798636],[-8.97084206781807,38.6631776687758],[-8.97146538366933,38.6631731964282],[-8.97222327097267,38.6639137595843],[-8.97315433111748,38.6646474241925],[-8.97447308845315,38.666622119634],[-8.97505046508106,38.6689396025515],[-8.97585173240577,38.6708299572711],[-8.97572558049803,38.6719028794102],[-8.97571855780899,38.6731760709924],[-8.97613550160359,38.6754272068534],[-8.97620412656244,38.676736009725],[-8.97617044826377,38.6785076862622],[-8.97591529392354,38.6794543725442],[-8.97598455549315,38.6803466972707],[-8.97549608560087,38.6800514996245],[-8.97447738491348,38.6799071845048],[-8.97415597824043,38.6799530538092],[-8.97428440222542,38.6802414915953],[-8.97448707807872,38.6813062044211]]]}},{"type":"Feature","id":"CRUS_Montijo_V.36710","properties":{"AREA_HA":13.7950820694376,"Autor":"DGT","Categoria_2021":"Não Atribuída","Classe_2021":"Solo Urbano","DTCC":"1507","Data_Pub_Origem":"1997-02-01T00:00:00","Designacao_no_plano":"Espaço urbano - Área urbanizada mista habitacional e equipamento industrial","Escala_origem":"1/25000","Fonte":"AML - Vectorial","ID1":36710,"Municipio":"MONTIJO"},"geometry":{"type":"Polygon","coordinates":[[[-8.92316123114669,38.6776903507116],[-8.92282587345941,38.6774658521476],[-8.92214071404501,38.6770528817965],[-8.92272371990261,38.6762069102054],[-8.92336373769552,38.6761608385754],[-8.92431151740737,38.6721992814164],[-8.92450087651881,38.67140774482],[-8.92623904127235,38.6713820360497],[-8.92677756215483,38.6717587945697],[-8.92710582646958,38.6719884558174],[-8.92599408002083,38.6740555871338],[-8.92498116974033,38.6751340058827],[-8.92699621693747,38.6756615422917],[-8.92517246743932,38.6766450328025],[-8.92316123114669,38.6776903507116]]]}},{"type":"Feature","id":"CRUS_Montijo_V.36711","properties":{"AREA_HA":2.00199669324625,"Autor":"DGT","Categoria_2021":"Espaço Agrícola","Classe_2021":"Solo Rústico","DTCC":"1507","Data_Pub_Origem":"1997-02-01T00:00:00","Designacao_no_plano":"Espaço agrícola - Área agrícola não incluído na RAN","Escala_origem":"1/25000","Fonte":"AML - Vectorial","ID1":36711,"Municipio":"MONTIJO"},"geometry":{"type":"Polygon","coordinates":[[[-8.97452937452529,38.6783421095638],[-8.9742453575953,38.6758594711516],[-8.974184006701,38.6752967441633],[-8.97467891145811,38.6755940903297],[-8.97490361212579,38.6758049683451],[-8.97491158205949,38.6762708301464],[-8.97550835675361,38.6771664945937],[-8.97506180351337,38.6780198229356],[-8.97452937452529,38.6783421095638]]]}},{"type":"Feature","id":"CRUS_Montijo_V.36712","properties":{"AREA_HA":6.64413805848435,"Autor":"DGT","Categoria_2021":"Espaço Verde","Classe_2021":"Solo Urbano","DTCC":"1507","Data_Pub_Origem":"1997-02-01T00:00:00","Designacao_no_plano":"Espaço urbano verde - Área verde de protecção e enquadramento - Agrícola equipado","Escala_origem":"1/25000","Fonte":"AML - Vectorial","ID1":36712,"Municipio":"MONTIJO"},"geometry":{"type":"Polygon","coordinates":[[[-8.93506354333767,38.6791447482226],[-8.93505769390622,38.6788147089186],[-8.93504601287534,38.6777684944325],[-8.93209681106808,38.6767455215902],[-8.93435487598435,38.6756564794006],[-8.93494680457306,38.6753525767532],[-8.93666605979207,38.6774332692315],[-8.93636532840668,38.6780164879941],[-8.9361385188274,38.6783419022446],[-8.93506354333767,38.6791447482226]]]}},{"type":"Feature","id":"CRUS_Montijo_V.36713","properties":{"AREA_HA":2.66187749039102,"Autor":"DGT","Categoria_2021":"Espaço Agrícola","Classe_2021":"Solo Rústico","DTCC":"1507","Data_Pub_Origem":"1997-02-01T00:00:00","Designacao_no_plano":"Espaço agrícola - Área agrícola da RAN","Escala_origem":"1/25000","Fonte":"AML - Vectorial","ID1":36713,"Municipio":"MONTIJO"},"geometry":{"type":"Polygon","coordinates":[[[-8.77857519277571,38.6769258813574],[-8.77803863644412,38.6763141195871],[-8.77691802690667,38.6759090419532],[-8.77662153842016,38.6756245809116],[-8.77655039846485,38.6751790293983],[-8.77786543349548,38.6753584483266],[-8.77966688821811,38.6762161229722],[-8.77999896343564,38.6768084176512],[-8.77857519277571,38.6769258813574]]]}},{"type":"Feature","id":"CRUS_Montijo_V.36714","properties":{"AREA_HA":3.97909318227656,"Autor":"DGT","Categoria_2021":"Espaço Florestal","Classe_2021":"Solo Rústico","DTCC":"1507","Data_Pub_Origem":"1997-02-01T00:00:00","Designacao_no_plano":"Espaço florestal - Área de floresta de produção","Escala_origem":"1/25000","Fonte":"AML - Vectorial","ID1":36714,"Municipio":"MONTIJO"},"geometry":{"type":"Polygon","coordinates":[[[-8.76026737386589,38.677593270402],[-8.75999524698036,38.6773980412799],[-8.75998735581707,38.6764950975251],[-8.76014999807683,38.6762707077349],[-8.76148074052295,38.676513885402],[-8.76220928464654,38.6764652641991],[-8.76237530306539,38.6766252977603],[-8.76236997924257,38.677358447816],[-8.76262338766124,38.6780991378844],[-8.76255550991794,38.6784034807642],[-8.76140548064846,38.6786600104095],[-8.76097423030011,38.6777503999775],[-8.76073790351388,38.6776175679979],[-8.76026737386589,38.677593270402]]]}},{"type":"Feature","id":"CRUS_Montijo_V.36715","properties":{"AREA_HA":2.85532750354465,"Autor":"DGT","Categoria_2021":"Espaço Agrícola","Classe_2021":"Solo Rústico","DTCC":"1507","Data_Pub_Origem":"1997-02-01T00:00:00","Designacao_no_plano":"Espaço agrícola - Área agrícola da RAN","Escala_origem":"1/25000","Fonte":"AML - Vectorial","ID1":36715,"Municipio":"MONTIJO"},"geometry":{"type":"Polygon","coordinates":[[[-8.64679300320273,38.6799674347336],[-8.6466006165163,38.6798440326193],[-8.64638046852144,38.6795076926305],[-8.64630663319097,38.678985989662],[-8.64501799117326,38.6785062489935],[-8.64499148959447,38.6780667518472],[-8.64517704639891,38.6778736151187],[-8.6455857583041,38.6778443374097],[-8.64638186293176,38.6780698061111],[-8.647034154474,38.677792178929],[-8.64750319195324,38.6780282317273],[-8.64709592444929,38.6798892074355],[-8.64679300320273,38.6799674347336]]]}},{"type":"Feature","id":"CRUS_Montijo_V.36716","properties":{"AREA_HA":4.71068881581835,"Autor":"DGT","Categoria_2021":"Espaço Florestal","Classe_2021":"Solo Rústico","DTCC":"1507","Data_Pub_Origem":"1997-02-01T00:00:00","Designacao_no_plano":"Espaço florestal - Área de floresta de produção","Escala_origem":"1/25000","Fonte":"AML - Vectorial","ID1":36716,"Municipio":"MONTIJO"},"geometry":{"type":"Polygon","coordinates":[[[-8.57706337625096,38.6781445135346],[-8.57693749398419,38.6779457238173],[-8.57595063212965,38.6773844762349],[-8.57568531411578,38.6770088272797],[-8.57562642906076,38.6767310329352],[-8.57627590644647,38.676360873758],[-8.57682602677847,38.6765650504011],[-8.57752218821134,38.6763471600514],[-8.57970825036843,38.6766796058145],[-8.57932400469923,38.677589121536],[-8.57706337625096,38.6781445135346]]]}},{"type":"Feature","id":"CRUS_Montijo_V.36717","properties":{"AREA_HA":4.44884360431857,"Autor":"DGT","Categoria_2021":"Espaço Agrícola","Classe_2021":"Solo Rústico","DTCC":"1507","Data_Pub_Origem":"1997-02-01T00:00:00","Designacao_no_plano":"Espaço agrícola - Área agrícola não incluído na RAN","Escala_origem":"1/25000","Fonte":"AML - Vectorial","ID1":36717,"Municipio":"MONTIJO"},"geometry":{"type":"Polygon","coordinates":[[[-8.96977699855847,38.675457167582],[-8.96779831574045,38.6744336974781],[-8.9661167999962,38.6739896656047],[-8.96578492821308,38.6735774587749],[-8.96549020481653,38.672843698338],[-8.96663191123754,38.6725764407515],[-8.96703784858876,38.6723247969673],[-8.96725528677962,38.6722714302756],[-8.96735236123194,38.6724158377196],[-8.96723428458172,38.6728105180401],[-8.96743097547586,38.6733169743377],[-8.96840528971621,38.6738904108807],[-8.96848899388405,38.6740556403253],[-8.96915831401076,38.6741855828079],[-8.96942251252278,38.6746597897063],[-8.97016496317188,38.6751517735235],[-8.96977699855847,38.675457167582]]]}},{"type":"Feature","id":"CRUS_Montijo_V.36718","properties":{"AREA_HA":33.0759996987123,"Autor":"DGT","Categoria_2021":"Espaço Agrícola","Classe_2021":"Solo Rústico","DTCC":"1507","Data_Pub_Origem":"1997-02-01T00:00:00","Designacao_no_plano":"Espaço agrícola - Área agrícola da RAN","Escala_origem":"1/25000","Fonte":"AML - Vectorial","ID1":36718,"Municipio":"MONTIJO"},"geometry":{"type":"Polygon","coordinates":[[[-8.96977699855847,38.675457167582],[-8.96779724233626,38.6750824590602],[-8.96562889111275,38.675141345714],[-8.96550568913503,38.6749823775987],[-8.96485152181824,38.6741382440777],[-8.96399010073569,38.6728943301835],[-8.96322186917762,38.6717849482113],[-8.96301629725866,38.671711949256],[-8.96255992728134,38.671549894366],[-8.96241052798734,38.6714823241601],[-8.9607190914216,38.6708954986279],[-8.96039370070343,38.6706727669028],[-8.96022993927408,38.6704693369119],[-8.96020634988658,38.6695897942022],[-8.95962826630364,38.668448214538],[-8.96027467473169,38.6685152435121],[-8.9613985679357,38.6703280788717],[-8.96157471167825,38.6704393481943],[-8.96224757620847,38.6704652641793],[-8.96291525773441,38.6709840652358],[-8.96312900860935,38.6711396462102],[-8.96327738914044,38.6712025835868],[-8.96493447740558,38.6705741077264],[-8.96445705785265,38.6700804370263],[-8.96488567708013,38.6698392599016],[-8.96443933644415,38.6694859197804],[-8.96429811493485,38.6693741183293],[-8.96340807654714,38.6695769941127],[-8.96337121339925,38.6690591890797],[-8.96377621818552,38.6686730557458],[-8.96416683633652,38.6679516650186],[-8.96405907802994,38.6677128911135],[-8.96364595049007,38.6673964520197],[-8.96256039338491,38.6670368744861],[-8.96262069962712,38.6668048874481],[-8.96240262583494,38.6661037953397],[-8.96300939342196,38.6659158397827],[-8.96378643064449,38.6659262869285],[-8.96379252837848,38.6664532285817],[-8.96394162870969,38.6666358141276],[-8.96453266602095,38.6669030819313],[-8.96464014748728,38.6671178950666],[-8.9647909205302,38.6679751115628],[-8.96488325808609,38.6681945820801],[-8.96509944178495,38.6684493371398],[-8.96527555420121,38.6686568693192],[-8.96509067029764,38.6687730922679],[-8.96569401629814,38.6693835336488],[-8.96628597837669,38.6699824415302],[-8.96732599826983,38.669338792986],[-8.9680089499107,38.6699719573726],[-8.96665928748027,38.6707385558578],[-8.96780349432628,38.6719681159052],[-8.96859953985648,38.6723501536463],[-8.96936609305405,38.6723344348061],[-8.96961437203036,38.6721787009698],[-8.96983659126176,38.6711547132891],[-8.96912789781694,38.6703619076864],[-8.9696410028961,38.6693762289468],[-8.96949820700181,38.6687139305905],[-8.96969769119778,38.6685181461481],[-8.96985920907041,38.6685272220742],[-8.9704059060342,38.6692700293429],[-8.97083359198838,38.6701875958107],[-8.97062090202373,38.6704039339866],[-8.97051891270537,38.670885430139],[-8.97123855242848,38.6718179085615],[-8.97150324898295,38.6720559172928],[-8.97117918367518,38.6723348067247],[-8.97102622463587,38.6730113664688],[-8.97079020270011,38.6732652554256],[-8.97058668659738,38.6734727638312],[-8.96942251252278,38.6746597897063],[-8.96915831401076,38.6741855828079],[-8.96848899388405,38.6740556403253],[-8.96840528971621,38.6738904108807],[-8.96743097547586,38.6733169743377],[-8.96723428458172,38.6728105180401],[-8.96735236123194,38.6724158377196],[-8.96725528677962,38.6722714302756],[-8.96703784858876,38.6723247969673],[-8.96663191123754,38.6725764407515],[-8.96549020481653,38.672843698338],[-8.96578492821308,38.6735774587749],[-8.9661167999962,38.6739896656047],[-8.96779831574045,38.6744336974781],[-8.96977699855847,38.675457167582]]]}},{"type":"Feature","id":"CRUS_Montijo_V.36719","properties":{"AREA_HA":2.08899947021119,"Autor":"DGT","Categoria_2021":"Espaço Agrícola","Classe_2021":"Solo Rústico","DTCC":"1507","Data_Pub_Origem":"1997-02-01T00:00:00","Designacao_no_plano":"Espaço agrícola - Área agrícola da RAN","Escala_origem":"1/25000","Fonte":"AML - Vectorial","ID1":36719,"Municipio":"MONTIJO"},"geometry":{"type":"Polygon","coordinates":[[[-8.67184331112936,38.6772857616698],[-8.66991374956655,38.6771158434299],[-8.67012310608402,38.6768109018252],[-8.67066240591116,38.6766027913693],[-8.67184868620473,38.6764363913356],[-8.67287243760819,38.6765478836709],[-8.67414842013222,38.6760593395325],[-8.67444369877185,38.6762367807744],[-8.67184331112936,38.6772857616698]]]}},{"type":"Feature","id":"CRUS_Montijo_V.36720","properties":{"AREA_HA":2.3726360640139,"Autor":"DGT","Categoria_2021":"Espaço Agrícola","Classe_2021":"Solo Rústico","DTCC":"1507","Data_Pub_Origem":"1997-02-01T00:00:00","Designacao_no_plano":"Espaço agrícola - Área agrícola da RAN","Escala_origem":"1/25000","Fonte":"AML - Vectorial","ID1":36720,"Municipio":"MONTIJO"},"geometry":{"type":"Polygon","coordinates":[[[-8.6021069244239,38.6768917383687],[-8.60099973894953,38.6772250077368],[-8.59858654402163,38.6784724921515],[-8.59825955908865,38.6785563197511],[-8.5980131544489,38.6784381067876],[-8.59792385362993,38.6781954776599],[-8.59933927243004,38.6773050085712],[-8.59993458630748,38.6771146556197],[-8.60128729328716,38.6766091131954],[-8.60218349144244,38.6765350872989],[-8.6021069244239,38.6768917383687]]]}},{"type":"Feature","id":"CRUS_Montijo_V.36721","properties":{"AREA_HA":3.4897712372452,"Autor":"DGT","Categoria_2021":"Espaço Florestal","Classe_2021":"Solo Rústico","DTCC":"1507","Data_Pub_Origem":"1997-02-01T00:00:00","Designacao_no_plano":"Espaço agro-florestal","Escala_origem":"1/25000","Fonte":"AML - Vectorial","ID1":36721,"Municipio":"MONTIJO"},"geometry":{"type":"Polygon","coordinates":[[[-8.59792385362993,38.6781954776599],[-8.59751992552262,38.6777497619262],[-8.59790863506295,38.6763536136021],[-8.59828250666287,38.6762787167882],[-8.59851301251381,38.6757456428779],[-8.5995175044604,38.6755030875257],[-8.60014957250288,38.6755556070847],[-8.59982500666008,38.6760156536707],[-8.59949876504507,38.6762188123331],[-8.5992915423798,38.676733444751],[-8.59993458630748,38.6771146556197],[-8.59933927243004,38.6773050085712],[-8.59792385362993,38.6781954776599]]]}},{"type":"Feature","id":"CRUS_Montijo_V.36722","properties":{"AREA_HA":6.00465846862085,"Autor":"DGT","Categoria_2021":"Espaço Agrícola","Classe_2021":"Solo Rústico","DTCC":"1507","Data_Pub_Origem":"1997-02-01T00:00:00","Designacao_no_plano":"Espaço agrícola - Área agrícola não incluído na RAN","Escala_origem":"1/25000","Fonte":"AML - Vectorial","ID1":36722,"Municipio":"MONTIJO"},"geometry":{"type":"Polygon","coordinates":[[[-8.92740895303958,38.67583129293],[-8.92699621693747,38.6756615422917],[-8.92785562756783,38.6748319072417],[-8.92833374397488,38.6738049754766],[-8.92862876741414,38.6725707630191],[-8.92710582646958,38.6719884558174],[-8.92677756215483,38.6717587945697],[-8.92623904127235,38.6713820360497],[-8.9271251560966,38.6713914814849],[-8.92962191975603,38.6719919237396],[-8.93016920658184,38.6720839627263],[-8.93050174395618,38.6723021269997],[-8.93030430469824,38.6728032197212],[-8.9293619817097,38.6741929786771],[-8.92806130864258,38.67542039609],[-8.92740895303958,38.67583129293]]]}},{"type":"Feature","id":"CRUS_Montijo_V.36723","properties":{"AREA_HA":5.07296596661913,"Autor":"DGT","Categoria_2021":"Espaço Verde","Classe_2021":"Solo Urbano","DTCC":"1507","Data_Pub_Origem":"1997-02-01T00:00:00","Designacao_no_plano":"Espaço urbano verde - Área verde de protecção e enquadramento - Agrícola equipado","Escala_origem":"1/25000","Fonte":"AML - Vectorial","ID1":36723,"Municipio":"MONTIJO"},"geometry":{"type":"Polygon","coordinates":[[[-8.93112361068835,38.6750440370403],[-8.9298786602293,38.6751823519936],[-8.92959547374484,38.6753521740702],[-8.92938654348963,38.675616461007],[-8.92917371951153,38.6765336909336],[-8.92902066497193,38.6764941531211],[-8.92740895303958,38.67583129293],[-8.92806130864258,38.67542039609],[-8.9293619817097,38.6741929786771],[-8.93030430469824,38.6728032197212],[-8.93050174395618,38.6723021269997],[-8.93062713005669,38.672802538498],[-8.9307455914633,38.6732753242652],[-8.93112361068835,38.6750440370403]]]}},{"type":"Feature","id":"CRUS_Montijo_V.36724","properties":{"AREA_HA":3.8391249823601,"Autor":"DGT","Categoria_2021":"Não Atribuída","Classe_2021":"Solo Urbano","DTCC":"1507","Data_Pub_Origem":"1997-02-01T00:00:00","Designacao_no_plano":"Espaço urbano - Área urbanizada mista habitacional e equipamento industrial","Escala_origem":"1/25000","Fonte":"AML - Vectorial","ID1":36724,"Municipio":"MONTIJO"},"geometry":{"type":"Polygon","coordinates":[[[-8.93112361068835,38.6750440370403],[-8.9307455914633,38.6732753242652],[-8.93153584423101,38.6731942751523],[-8.93186145205112,38.6739669065714],[-8.93286761627038,38.6738685537041],[-8.93363661654091,38.673784572971],[-8.93453536936988,38.6748601778409],[-8.93370970255366,38.6748993869147],[-8.9316468739226,38.6750196244305],[-8.93112361068835,38.6750440370403]]]}},{"type":"Feature","id":"CRUS_Montijo_V.36725","properties":{"AREA_HA":5.32471551776025,"Autor":"DGT","Categoria_2021":"Não Atribuída","Classe_2021":"Solo Urbano","DTCC":"1507","Data_Pub_Origem":"1997-02-01T00:00:00","Designacao_no_plano":"Espaço urbano - Área urbanizada mista habitacional e equipamento industrial","Escala_origem":"1/25000","Fonte":"AML - Vectorial","ID1":36725,"Municipio":"MONTIJO"},"geometry":{"type":"Polygon","coordinates":[[[-8.77966688821811,38.6762161229722],[-8.77786543349548,38.6753584483266],[-8.77655039846485,38.6751790293983],[-8.77524565840394,38.6752953372889],[-8.77432126169268,38.6757921411],[-8.77371917730237,38.6755182954632],[-8.77354827925351,38.6748129381319],[-8.77872634023184,38.6741525020917],[-8.77966688821811,38.6762161229722]]]}},{"type":"Feature","id":"CRUS_Montijo_V.36726","properties":{"AREA_HA":10.0699705946133,"Autor":"DGT","Categoria_2021":"Espaço Florestal","Classe_2021":"Solo Rústico","DTCC":"1507","Data_Pub_Origem":"1997-02-01T00:00:00","Designacao_no_plano":"Espaço florestal - Área de floresta de produção","Escala_origem":"1/25000","Fonte":"AML - Vectorial","ID1":36726,"Municipio":"MONTIJO"},"geometry":{"type":"Polygon","coordinates":[[[-8.75429828206555,38.674415875433],[-8.75456478011414,38.6755853707946],[-8.75380096592843,38.6769930890735],[-8.75446997383435,38.6782143735585],[-8.75414594934371,38.6788151156125],[-8.75329136553438,38.6792488032481],[-8.75262273398874,38.6794311637941],[-8.75234015376487,38.679387955654],[-8.75189190400537,38.6792204680924],[-8.75043969637004,38.6780518126187],[-8.75429828206555,38.674415875433]]]}},{"type":"Feature","id":"CRUS_Montijo_V.36727","properties":{"AREA_HA":3.21174645148143,"Autor":"DGT","Categoria_2021":"Não Atribuída","Classe_2021":"Solo Urbano (urbanizável – transitório)","DTCC":"1507","Data_Pub_Origem":"1997-02-01T00:00:00","Designacao_no_plano":"Espaço urbanizável - Área urbanizável mista habitacional e equipamento industrial","Escala_origem":"1/25000","Fonte":"AML - Vectorial","ID1":36727,"Municipio":"MONTIJO"},"geometry":{"type":"Polygon","coordinates":[[[-8.93363661654091,38.673784572971],[-8.93286761627038,38.6738685537041],[-8.93186145205112,38.6739669065714],[-8.93153584423101,38.6731942751523],[-8.9307455914633,38.6732753242652],[-8.93062713005669,38.672802538498],[-8.93050174395618,38.6723021269997],[-8.931506562288,38.6721971831547],[-8.93222988502663,38.6721082898317],[-8.93263029434375,38.6725854318461],[-8.93363661654091,38.673784572971]]]}},{"type":"Feature","id":"CRUS_Montijo_V.36728","properties":{"AREA_HA":9.57358033392974,"Autor":"DGT","Categoria_2021":"Espaço de Atividades Económicas","Classe_2021":"Solo Urbano (urbanizável – transitório)","DTCC":"1507","Data_Pub_Origem":"1997-02-01T00:00:00","Designacao_no_plano":"Espaço industrial - Área industrial proposta","Escala_origem":"1/25000","Fonte":"AML - Vectorial","ID1":36728,"Municipio":"MONTIJO"},"geometry":{"type":"Polygon","coordinates":[[[-8.96562889111275,38.675141345714],[-8.95977304702764,38.6767932525943],[-8.95964007628684,38.6768307569649],[-8.95933185690837,38.6748507601159],[-8.95960067713879,38.6747088387198],[-8.96000136795425,38.6744972782394],[-8.96129305035563,38.6744128727713],[-8.96298163928842,38.6743025101267],[-8.96485152181824,38.6741382440777],[-8.96550568913503,38.6749823775987],[-8.96562889111275,38.675141345714]]]}},{"type":"Feature","id":"CRUS_Montijo_V.36729","properties":{"AREA_HA":3.31502599799447,"Autor":"DGT","Categoria_2021":"Não Atribuída","Classe_2021":"Solo Urbano","DTCC":"1507","Data_Pub_Origem":"1997-02-01T00:00:00","Designacao_no_plano":"Espaço urbano - Área urbanizada mista habitacional e equipamento industrial","Escala_origem":"1/25000","Fonte":"AML - Vectorial","ID1":36729,"Municipio":"MONTIJO"},"geometry":{"type":"Polygon","coordinates":[[[-8.96298163928842,38.6743025101267],[-8.96262887599948,38.6723178839841],[-8.96216423794811,38.6720322164916],[-8.96255992728134,38.671549894366],[-8.96301629725866,38.671711949256],[-8.96322186917762,38.6717849482113],[-8.96399010073569,38.6728943301835],[-8.96485152181824,38.6741382440777],[-8.96298163928842,38.6743025101267]]]}},{"type":"Feature","id":"CRUS_Montijo_V.36730","properties":{"AREA_HA":6.27003688158467,"Autor":"DGT","Categoria_2021":"Não Atribuída","Classe_2021":"Solo Urbano","DTCC":"1507","Data_Pub_Origem":"1997-02-01T00:00:00","Designacao_no_plano":"Espaço urbano - Área urbanizada mista habitacional e equipamento industrial","Escala_origem":"1/25000","Fonte":"AML - Vectorial","ID1":36730,"Municipio":"MONTIJO"},"geometry":{"type":"Polygon","coordinates":[[[-8.93814317343044,38.6762131254481],[-8.93934096878089,38.6775265317268],[-8.9412481862176,38.6790638747856],[-8.94154025482726,38.6803751433442],[-8.94064274849652,38.6807481401019],[-8.93711199092389,38.6765034223421],[-8.93814317343044,38.6762131254481]]]}},{"type":"Feature","id":"CRUS_Montijo_V.36731","properties":{"AREA_HA":26.556580812747,"Autor":"DGT","Categoria_2021":"Espaço de Atividades Económicas","Classe_2021":"Solo Urbano","DTCC":"1507","Data_Pub_Origem":"1997-02-01T00:00:00","Designacao_no_plano":"Espaço industrial - Área industrial existente","Escala_origem":"1/25000","Fonte":"AML - Vectorial","ID1":36731,"Municipio":"MONTIJO"},"geometry":{"type":"Polygon","coordinates":[[[-8.93711199092389,38.6765034223421],[-8.93379736376566,38.6724229676638],[-8.93774224549458,38.6720973653192],[-8.93753649526024,38.6737060422814],[-8.94430919000562,38.6725186581902],[-8.94467125948976,38.6724543843854],[-8.9452689996504,38.6746097573686],[-8.9447838298954,38.6747147949232],[-8.93814317343044,38.6762131254481],[-8.93711199092389,38.6765034223421]]]}},{"type":"Feature","id":"CRUS_Montijo_V.36732","properties":{"AREA_HA":17.1128156177968,"Autor":"DGT","Categoria_2021":"Espaço Agrícola","Classe_2021":"Solo Rústico","DTCC":"1507","Data_Pub_Origem":"1997-02-01T00:00:00","Designacao_no_plano":"Espaço agrícola - Área agrícola da RAN","Escala_origem":"1/25000","Fonte":"AML - Vectorial","ID1":36732,"Municipio":"MONTIJO"},"geometry":{"type":"Polygon","coordinates":[[[-8.95387079010372,38.6737867989829],[-8.95430851587536,38.6739397403641],[-8.95472429290988,38.6744146081872],[-8.95460109722303,38.6748542620438],[-8.95406624713089,38.6751797969183],[-8.95185251260073,38.6752317123354],[-8.9510859641156,38.6754808574041],[-8.95085806042933,38.6757359737426],[-8.95111334597926,38.676758032643],[-8.95068383041587,38.6773265883812],[-8.95061289915674,38.6778536280632],[-8.95013410800315,38.6781467375725],[-8.95027776513661,38.679198296236],[-8.94938666471126,38.6794381321268],[-8.94844148231493,38.6775140647158],[-8.9483039548157,38.6766959565417],[-8.94839950332817,38.6759967656665],[-8.9489113998613,38.6759054351223],[-8.94924955753454,38.6757037717803],[-8.94947752800527,38.6749458952568],[-8.94934552528174,38.6736431647272],[-8.94929662390227,38.6733383437213],[-8.94915716417225,38.6726908962899],[-8.94934317204407,38.6721337948827],[-8.9497033679767,38.6720418278259],[-8.95009777335305,38.6721762336857],[-8.95022200218708,38.6723158446706],[-8.9503287362693,38.6724589458747],[-8.95121930624513,38.6736127770202],[-8.95163094582695,38.6737269060559],[-8.95387079010372,38.6737867989829]]]}},{"type":"Feature","id":"CRUS_Montijo_V.36733","properties":{"AREA_HA":9.85743620250552,"Autor":"DGT","Categoria_2021":"Não Atribuída","Classe_2021":"Solo Urbano","DTCC":"1507","Data_Pub_Origem":"1997-02-01T00:00:00","Designacao_no_plano":"Espaço urbano - Área urbanizada mista habitacional e equipamento industrial","Escala_origem":"1/25000","Fonte":"AML - Vectorial","ID1":36733,"Municipio":"MONTIJO"},"geometry":{"type":"Polygon","coordinates":[[[-8.92122290385826,38.6726204813991],[-8.92140902223248,38.6737923812685],[-8.92156004868332,38.6747432997683],[-8.92095587503439,38.6747195426309],[-8.92032634789159,38.6755731693793],[-8.92010331831101,38.6758071055084],[-8.91714113895302,38.6741102782554],[-8.91745240455231,38.6739777435516],[-8.91820006360105,38.6737361427596],[-8.91820131755619,38.6721775344599],[-8.91927833188633,38.671933711869],[-8.91950126741349,38.6722383659481],[-8.9211471972893,38.6721437754748],[-8.92122290385826,38.6726204813991]]]}},{"type":"Feature","id":"CRUS_Montijo_V.36734","properties":{"AREA_HA":46.7386246301284,"Autor":"DGT","Categoria_2021":"Espaço Agrícola","Classe_2021":"Solo Rústico","DTCC":"1507","Data_Pub_Origem":"1997-02-01T00:00:00","Designacao_no_plano":"Espaço agrícola - Área agrícola da RAN","Escala_origem":"1/25000","Fonte":"AML - Vectorial","ID1":36734,"Municipio":"MONTIJO"},"geometry":{"type":"Polygon","coordinates":[[[-8.91714113895302,38.6741102782554],[-8.91644783085872,38.6737449903963],[-8.91672313667383,38.6732814383678],[-8.91703461789731,38.6723430394033],[-8.91701909092283,38.6718757091648],[-8.91675785108713,38.6715756587471],[-8.91591813164785,38.6728186832911],[-8.9155604739828,38.6727758056374],[-8.9149368135458,38.6719952956572],[-8.91444367111953,38.6719478630734],[-8.9138341317882,38.6722387361998],[-8.91309425854579,38.6718041354418],[-8.91308077970987,38.6714318972462],[-8.91304113853345,38.6710186044259],[-8.91270185503583,38.6711747360943],[-8.91246862966156,38.66971522169],[-8.91287849603428,38.669481186683],[-8.91283454906028,38.6679858357095],[-8.91317362105801,38.6673644421296],[-8.91304898125605,38.6667280478873],[-8.9125422076795,38.6659730832851],[-8.91249419718872,38.6654317605873],[-8.91251914700018,38.6651253581612],[-8.91296800968373,38.6643745437346],[-8.91369670239658,38.6651596235525],[-8.91401531837424,38.6651680244954],[-8.91412461410279,38.6650303718399],[-8.91406624882149,38.6647569094571],[-8.91359025673199,38.6642861261989],[-8.91283754741519,38.6638382486769],[-8.9125227193394,38.6629029401173],[-8.9122327147921,38.6629786061503],[-8.91211813413574,38.663906241276],[-8.91168725557842,38.663761662238],[-8.91139176637511,38.6633317873337],[-8.91146153607819,38.6621031330765],[-8.9111005793403,38.6619838856445],[-8.91164289610857,38.6598277782004],[-8.91291991302168,38.6598206821472],[-8.91324501976689,38.6605534575227],[-8.91380081719912,38.6609806864093],[-8.91379930091487,38.6620509666829],[-8.9140347082745,38.6631396685287],[-8.91432473596185,38.663823374239],[-8.9147799222201,38.664260442099],[-8.91496004309652,38.6644694472975],[-8.91491348819586,38.6652807680817],[-8.91501281963486,38.665531146781],[-8.91531805171811,38.665581772553],[-8.9152677019654,38.6660455454245],[-8.91539521381633,38.6663080043131],[-8.91556161850693,38.6663279593234],[-8.91569987616625,38.6663059635224],[-8.91569551285525,38.6659057572982],[-8.91599879483968,38.6657773244521],[-8.91582366453636,38.6649569494093],[-8.91558823918536,38.6649585273302],[-8.91543166381257,38.6645698714434],[-8.91536642310492,38.6643765465805],[-8.91702113249616,38.6641076423535],[-8.91751124071909,38.6639956965239],[-8.91832200033582,38.6653058051298],[-8.91791603118402,38.6656077170808],[-8.91744201067243,38.6660414929815],[-8.91737863552926,38.6665790842649],[-8.91821131730122,38.6675021516746],[-8.91857200221869,38.6676706177841],[-8.91880715573044,38.6683614001506],[-8.9180339593827,38.6685266534863],[-8.91704281732384,38.6689140525209],[-8.9166913094406,38.6692149005675],[-8.91651592462024,38.670128840452],[-8.91741065212604,38.6709720010301],[-8.91805764247357,38.6718889739564],[-8.91820131755619,38.6721775344599],[-8.91820006360105,38.6737361427596],[-8.91745240455231,38.6739777435516],[-8.91714113895302,38.6741102782554]]]}},{"type":"Feature","id":"CRUS_Montijo_V.36735","properties":{"AREA_HA":42.4034009210843,"Autor":"DGT","Categoria_2021":"Espaço Agrícola","Classe_2021":"Solo Rústico","DTCC":"1507","Data_Pub_Origem":"1997-02-01T00:00:00","Designacao_no_plano":"Espaço agrícola - Área agrícola não incluído na RAN","Escala_origem":"1/25000","Fonte":"AML - Vectorial","ID1":36735,"Municipio":"MONTIJO"},"geometry":{"type":"Polygon","coordinates":[[[-8.92122290385826,38.6726204813991],[-8.9211471972893,38.6721437754748],[-8.91950126741349,38.6722383659481],[-8.91927833188633,38.671933711869],[-8.91820131755619,38.6721775344599],[-8.91805764247357,38.6718889739564],[-8.91741065212604,38.6709720010301],[-8.91651592462024,38.670128840452],[-8.9166913094406,38.6692149005675],[-8.91704281732384,38.6689140525209],[-8.9180339593827,38.6685266534863],[-8.91880715573044,38.6683614001506],[-8.91979084444129,38.6682851284833],[-8.9199405329685,38.6685226698715],[-8.92095059824651,38.6698340725908],[-8.92129188587767,38.6705584544772],[-8.92162389804948,38.6704379108474],[-8.92193446012895,38.670513192421],[-8.92208407881332,38.6708572959994],[-8.92225845249387,38.6708391024313],[-8.92320525512642,38.6707891283008],[-8.9226530596399,38.6683688917461],[-8.9224741327519,38.6680770343115],[-8.92223132279383,38.6666939474864],[-8.9227010513489,38.6666043673692],[-8.92470125601023,38.6662228681086],[-8.92484993007678,38.6668060383378],[-8.92581512608878,38.6667130502061],[-8.92579761190292,38.6664338671699],[-8.92661714180031,38.6664059349232],[-8.92740335710187,38.666394194501],[-8.92956966527152,38.6689841771578],[-8.92836699261507,38.6692559559234],[-8.92853043956819,38.6698053844519],[-8.93022340862662,38.669890623239],[-8.93006043938229,38.6699431617891],[-8.92909065556583,38.6702558222192],[-8.92794706329833,38.67064345185],[-8.92667171629498,38.6711949374521],[-8.92623904127235,38.6713820360497],[-8.92450087651881,38.67140774482],[-8.92431151740737,38.6721992814164],[-8.92382631640664,38.6717052632426],[-8.92376458489209,38.6716433005902],[-8.92354267965837,38.6714242964458],[-8.92330240811886,38.6712297548632],[-8.92262717353421,38.6712771366239],[-8.9216195478319,38.6721787095458],[-8.92122290385826,38.6726204813991]]]}},{"type":"Feature","id":"CRUS_Montijo_V.36736","properties":{"AREA_HA":6.67172979452433,"Autor":"DGT","Categoria_2021":"Espaço Agrícola","Classe_2021":"Solo Rústico","DTCC":"1507","Data_Pub_Origem":"1997-02-01T00:00:00","Designacao_no_plano":"Espaço agrícola - Área agrícola da RAN","Escala_origem":"1/25000","Fonte":"AML - Vectorial","ID1":36736,"Municipio":"MONTIJO"},"geometry":{"type":"Polygon","coordinates":[[[-8.92699621693747,38.6756615422917],[-8.92498116974033,38.6751340058827],[-8.92599408002083,38.6740555871338],[-8.92710582646958,38.6719884558174],[-8.92862876741414,38.6725707630191],[-8.92833374397488,38.6738049754766],[-8.92785562756783,38.6748319072417],[-8.92699621693747,38.6756615422917]]]}},{"type":"Feature","id":"CRUS_Montijo_V.36737","properties":{"AREA_HA":41.6590938325196,"Autor":"DGT","Categoria_2021":"Espaço Agrícola","Classe_2021":"Solo Rústico","DTCC":"1507","Data_Pub_Origem":"1997-02-01T00:00:00","Designacao_no_plano":"Espaço agrícola - Área agrícola não incluído na RAN","Escala_origem":"1/25000","Fonte":"AML - Vectorial","ID1":36737,"Municipio":"MONTIJO"},"geometry":{"type":"Polygon","coordinates":[[[-8.9127797852149,38.6841082066914],[-8.91187019073128,38.6816019583931],[-8.91132902427646,38.6761771168173],[-8.91129326677824,38.675223696475],[-8.91157797114445,38.6749090046189],[-8.91143093586276,38.6715995448986],[-8.91156642200813,38.6715922015205],[-8.91222873033101,38.6715840818664],[-8.91271856595144,38.6715780748143],[-8.91309425854579,38.6718041354418],[-8.9138341317882,38.6722387361998],[-8.91444367111953,38.6719478630734],[-8.9149368135458,38.6719952956572],[-8.9155604739828,38.6727758056374],[-8.91591813164785,38.6728186832911],[-8.91675785108713,38.6715756587471],[-8.91701909092283,38.6718757091648],[-8.91703461789731,38.6723430394033],[-8.91672313667383,38.6732814383678],[-8.91644783085872,38.6737449903963],[-8.91714113895302,38.6741102782554],[-8.91687954219703,38.6745454269733],[-8.91678036613133,38.6747256764257],[-8.91669939086645,38.6748974254424],[-8.91605379049624,38.6764459779305],[-8.91548974538748,38.6771244207337],[-8.91544438474721,38.6773717415569],[-8.9152332479326,38.6780946240951],[-8.91454490115743,38.6784079813713],[-8.914233093088,38.6787759809535],[-8.91404680382439,38.6795797309132],[-8.91436168203313,38.6816432105775],[-8.91456608903662,38.6819741468029],[-8.91432235077205,38.6823709488653],[-8.91414297848937,38.6832766496513],[-8.91331637605692,38.683300137391],[-8.91325024476659,38.6836051932366],[-8.9131806218155,38.6840627057577],[-8.9127797852149,38.6841082066914]]]}},{"type":"Feature","id":"CRUS_Montijo_V.36738","properties":{"AREA_HA":6.67272466356754,"Autor":"DGT","Categoria_2021":"Espaço Agrícola","Classe_2021":"Solo Rústico","DTCC":"1507","Data_Pub_Origem":"1997-02-01T00:00:00","Designacao_no_plano":"Espaço agrícola - Área agrícola da RAN","Escala_origem":"1/25000","Fonte":"AML - Vectorial","ID1":36738,"Municipio":"MONTIJO"},"geometry":{"type":"Polygon","coordinates":[[[-8.93050174395618,38.6723021269997],[-8.93016920658184,38.6720839627263],[-8.92962191975603,38.6719919237396],[-8.9271251560966,38.6713914814849],[-8.92623904127235,38.6713820360497],[-8.92667171629498,38.6711949374521],[-8.92794706329833,38.67064345185],[-8.92909065556583,38.6702558222192],[-8.93006043938229,38.6699431617891],[-8.93022340862662,38.669890623239],[-8.93027660516826,38.6698582550017],[-8.9313348235688,38.6710441716106],[-8.93222988502663,38.6721082898317],[-8.931506562288,38.6721971831547],[-8.93050174395618,38.6723021269997]]]}},{"type":"Feature","id":"CRUS_Montijo_V.36739","properties":{"AREA_HA":2.17537454250976,"Autor":"DGT","Categoria_2021":"Espaço Florestal","Classe_2021":"Solo Rústico","DTCC":"1507","Data_Pub_Origem":"1997-02-01T00:00:00","Designacao_no_plano":"Espaço agro-florestal","Escala_origem":"1/25000","Fonte":"AML - Vectorial","ID1":36739,"Municipio":"MONTIJO"},"geometry":{"type":"Polygon","coordinates":[[[-8.60259928379359,38.6733915736614],[-8.60159582808977,38.6748891984442],[-8.599581494805,38.6745486200767],[-8.60020672856907,38.6735552166162],[-8.60092286474194,38.6735118013601],[-8.6004046029513,38.6738531423248],[-8.60049912939407,38.6739994702109],[-8.60149270227105,38.6739037912444],[-8.60212322673279,38.6734658239054],[-8.60259928379359,38.6733915736614]]]}},{"type":"Feature","id":"CRUS_Montijo_V.36740","properties":{"AREA_HA":19.2092114222016,"Autor":"DGT","Categoria_2021":"Espaço Agrícola","Classe_2021":"Solo Rústico","DTCC":"1507","Data_Pub_Origem":"1997-02-01T00:00:00","Designacao_no_plano":"Espaço agrícola - Área agrícola da RAN","Escala_origem":"1/25000","Fonte":"AML - Vectorial","ID1":36740,"Municipio":"MONTIJO"},"geometry":{"type":"Polygon","coordinates":[[[-8.60259928379359,38.6733915736614],[-8.60212322673279,38.6734658239054],[-8.60149270227105,38.6739037912444],[-8.60049912939407,38.6739994702109],[-8.6004046029513,38.6738531423248],[-8.60092286474194,38.6735118013601],[-8.60146076494191,38.6730289256226],[-8.60113615682745,38.6728404449324],[-8.59908701940252,38.6724450569905],[-8.59885200955479,38.6722717241343],[-8.59884824582102,38.6719825788038],[-8.59902497978944,38.6718949620625],[-8.5994128885221,38.6719414172535],[-8.60039462980138,38.6721096249843],[-8.60160177072477,38.6725083657205],[-8.60260802256716,38.6725868710777],[-8.60328580672188,38.6725107613563],[-8.604206584775,38.6720392554486],[-8.60436909521442,38.6718551480369],[-8.60437820107946,38.6714607002319],[-8.60339126700409,38.6707584095314],[-8.60313399869203,38.6707594463704],[-8.60176523759243,38.670324681306],[-8.59925156128327,38.6700595708889],[-8.598290946071,38.6697974139071],[-8.59782863862433,38.6699230819429],[-8.59651490182459,38.669304584663],[-8.59405625200386,38.6688557032092],[-8.59326031317753,38.6684499216632],[-8.59325314448499,38.6682637791741],[-8.59421614082184,38.6679892281567],[-8.59632340408331,38.6684027495439],[-8.59845252549099,38.6685776997893],[-8.60032694142222,38.6691388104989],[-8.60390194479579,38.6697664120934],[-8.60676088256589,38.6706719479306],[-8.60695609526892,38.6708161324016],[-8.60696906505273,38.6710086101711],[-8.60646924028967,38.6714690258904],[-8.60518705568342,38.6721067984252],[-8.60401105473747,38.6728908161077],[-8.60259928379359,38.6733915736614]]]}},{"type":"Feature","id":"CRUS_Montijo_V.36741","properties":{"AREA_HA":5.64659605530202,"Autor":"DGT","Categoria_2021":"Espaço Agrícola","Classe_2021":"Solo Rústico","DTCC":"1507","Data_Pub_Origem":"1997-02-01T00:00:00","Designacao_no_plano":"Espaço agrícola - Área agrícola da RAN","Escala_origem":"1/25000","Fonte":"AML - Vectorial","ID1":36741,"Municipio":"MONTIJO"},"geometry":{"type":"Polygon","coordinates":[[[-8.67600765892756,38.6747096343119],[-8.6731267770635,38.6741150443274],[-8.67197607155397,38.674317054911],[-8.67120266277839,38.6746603641592],[-8.670686029393,38.6747521504737],[-8.66990953241351,38.674684200165],[-8.66904105948908,38.6741070524488],[-8.6692041819854,38.6739096114921],[-8.67026229935254,38.6739047459044],[-8.671786934906,38.6733970480935],[-8.67251490988563,38.6732685181957],[-8.67312680273018,38.6733372131709],[-8.67465632820496,38.6737948797728],[-8.67658432130989,38.6737680367223],[-8.67600765892756,38.6747096343119]]]}},{"type":"Feature","id":"CRUS_Montijo_V.36742","properties":{"AREA_HA":2.67164878728511,"Autor":"DGT","Categoria_2021":"Espaço Florestal","Classe_2021":"Solo Rústico","DTCC":"1507","Data_Pub_Origem":"1997-02-01T00:00:00","Designacao_no_plano":"Espaço florestal - Área de floresta de produção","Escala_origem":"1/25000","Fonte":"AML - Vectorial","ID1":36742,"Municipio":"MONTIJO"},"geometry":{"type":"Polygon","coordinates":[[[-8.7702919442688,38.6745264464036],[-8.76989353673943,38.6746806041636],[-8.76935535775262,38.6736553861661],[-8.76902959431466,38.6735147617618],[-8.76922332974358,38.6733473811311],[-8.76922079329587,38.673061299259],[-8.7697291913393,38.6720571914131],[-8.77014860997617,38.6716257591953],[-8.77040629949118,38.6715170675541],[-8.77057469606574,38.6719452920978],[-8.77106687219815,38.6717637934421],[-8.77137620131967,38.672173365945],[-8.76999640596163,38.6730213079025],[-8.7702919442688,38.6745264464036]]]}},{"type":"Feature","id":"CRUS_Montijo_V.36743","properties":{"AREA_HA":1.78889377250661,"Autor":"DGT","Categoria_2021":"Não Atribuída","Classe_2021":"Solo Urbano","DTCC":"1507","Data_Pub_Origem":"1997-02-01T00:00:00","Designacao_no_plano":"Espaço urbano - Área urbanizada mista habitacional e equipamento industrial","Escala_origem":"1/25000","Fonte":"AML - Vectorial","ID1":36743,"Municipio":"MONTIJO"},"geometry":{"type":"Polygon","coordinates":[[[-8.94816792004769,38.6719545108083],[-8.94719780829976,38.6713461394776],[-8.94745989180161,38.6712516292084],[-8.949624193189,38.6703788228116],[-8.95012022992877,38.6708995647755],[-8.94915486040316,38.6711360081183],[-8.94910210858513,38.6716404995505],[-8.94825362906836,38.6717916783525],[-8.94816792004769,38.6719545108083]]]}},{"type":"Feature","id":"CRUS_Montijo_V.36744","properties":{"AREA_HA":1.08864506231567,"Autor":"DGT","Categoria_2021":"Não Atribuída","Classe_2021":"Solo Urbano","DTCC":"1507","Data_Pub_Origem":"1997-02-01T00:00:00","Designacao_no_plano":"Espaço urbano - Área urbanizada mista habitacional e equipamento industrial","Escala_origem":"1/25000","Fonte":"AML - Vectorial","ID1":36744,"Municipio":"MONTIJO"},"geometry":{"type":"Polygon","coordinates":[[[-8.93022340862662,38.669890623239],[-8.92853043956819,38.6698053844519],[-8.92836699261507,38.6692559559234],[-8.92956966527152,38.6689841771578],[-8.93027660516826,38.6698582550017],[-8.93022340862662,38.669890623239]]]}},{"type":"Feature","id":"CRUS_Montijo_V.36745","properties":{"AREA_HA":35.6643157474986,"Autor":"DGT","Categoria_2021":"Espaço Florestal","Classe_2021":"Solo Rústico","DTCC":"1507","Data_Pub_Origem":"1997-02-01T00:00:00","Designacao_no_plano":"Espaço florestal - Área de floresta de produção","Escala_origem":"1/25000","Fonte":"AML - Vectorial","ID1":36745,"Municipio":"MONTIJO"},"geometry":{"type":"Polygon","coordinates":[[[-8.7631773030172,38.6748642921119],[-8.7611780205834,38.6748035416228],[-8.75822114383307,38.6751234624494],[-8.75720317955201,38.6770421763242],[-8.75657958033989,38.6769918651653],[-8.75657336313148,38.6762766587207],[-8.75567087239789,38.6766033331811],[-8.7553384892858,38.6762385402524],[-8.75560168856846,38.6754056751924],[-8.75579985130146,38.6752079267478],[-8.75632882814792,38.6751961587395],[-8.75726324217061,38.6744848712512],[-8.75770509238318,38.6739192615035],[-8.75739802103661,38.6737599750737],[-8.7571283945237,38.6738508215297],[-8.75593650896865,38.6746975934374],[-8.75558365020469,38.6746815953165],[-8.75495673954279,38.6742468473052],[-8.75451995557471,38.6742180051489],[-8.7592718969588,38.6699989887002],[-8.75960657864755,38.6692819516299],[-8.76316646050564,38.6695407467038],[-8.76316012587698,38.6736986697241],[-8.7631773030172,38.6748642921119]]]}},{"type":"Feature","id":"CRUS_Montijo_V.36746","properties":{"AREA_HA":8.06991664665544,"Autor":"DGT","Categoria_2021":"Espaço Florestal","Classe_2021":"Solo Rústico","DTCC":"1507","Data_Pub_Origem":"1997-02-01T00:00:00","Designacao_no_plano":"Espaço florestal - Área de floresta de produção","Escala_origem":"1/25000","Fonte":"AML - Vectorial","ID1":36746,"Municipio":"MONTIJO"},"geometry":{"type":"Polygon","coordinates":[[[-8.58852807398331,38.6712532001434],[-8.58833369258071,38.6711074592231],[-8.5889386148395,38.6705360004196],[-8.59006123341938,38.6704030981861],[-8.59099543113275,38.6700873493787],[-8.59106412335944,38.6698484271214],[-8.59080046448369,38.6688764852322],[-8.59093900858698,38.6685822135011],[-8.59257719685339,38.6685574148267],[-8.59311760921427,38.6688857295169],[-8.59487648183342,38.6694295205302],[-8.59635179902229,38.6695521815102],[-8.59658762038416,38.6698266143941],[-8.5963550118582,38.6704103996053],[-8.59474077699312,38.6701643811268],[-8.59279853976859,38.6702271265658],[-8.58882567028552,38.6711789728136],[-8.5886387263126,38.6712255996165],[-8.58852807398331,38.6712532001434]]]}},{"type":"Feature","id":"CRUS_Montijo_V.36747","properties":{"AREA_HA":0.742097108556936,"Autor":"DGT","Categoria_2021":"Não Atribuída","Classe_2021":"Solo Urbano","DTCC":"1507","Data_Pub_Origem":"1997-02-01T00:00:00","Designacao_no_plano":"Espaço urbano - Área urbanizada mista habitacional e equipamento industrial","Escala_origem":"1/25000","Fonte":"AML - Vectorial","ID1":36747,"Municipio":"MONTIJO"},"geometry":{"type":"Polygon","coordinates":[[[-8.95540524187524,38.669050012761],[-8.95473649700008,38.6689912129364],[-8.95454026898607,38.6682622618981],[-8.95519940333729,38.6681246213996],[-8.95542778350023,38.6680649481753],[-8.95560623023726,38.6690603712445],[-8.95540524187524,38.669050012761]]]}},{"type":"Feature","id":"CRUS_Montijo_V.36748","properties":{"AREA_HA":4.08973470721282,"Autor":"DGT","Categoria_2021":"Espaço Florestal","Classe_2021":"Solo Rústico","DTCC":"1507","Data_Pub_Origem":"1997-02-01T00:00:00","Designacao_no_plano":"Espaço florestal - Área de mata e de protecção","Escala_origem":"1/25000","Fonte":"AML - Vectorial","ID1":36748,"Municipio":"MONTIJO"},"geometry":{"type":"Polygon","coordinates":[[[-8.60313399869203,38.6707594463704],[-8.60262305321164,38.6708534046368],[-8.59934211822049,38.6703724132355],[-8.59661199878787,38.6703359538819],[-8.5963550118582,38.6704103996053],[-8.59658762038416,38.6698266143941],[-8.59635179902229,38.6695521815102],[-8.59487648183342,38.6694295205302],[-8.59311760921427,38.6688857295169],[-8.59257719685339,38.6685574148267],[-8.59326031317753,38.6684499216632],[-8.59405625200386,38.6688557032092],[-8.59651490182459,38.669304584663],[-8.59782863862433,38.6699230819429],[-8.598290946071,38.6697974139071],[-8.59925156128327,38.6700595708889],[-8.60176523759243,38.670324681306],[-8.60313399869203,38.6707594463704]]]}},{"type":"Feature","id":"CRUS_Montijo_V.36749","properties":{"AREA_HA":1.64853946402278,"Autor":"DGT","Categoria_2021":"Não Atribuída","Classe_2021":"Solo Urbano","DTCC":"1507","Data_Pub_Origem":"1997-02-01T00:00:00","Designacao_no_plano":"Espaço urbano - Área urbanizada mista habitacional e equipamento industrial","Escala_origem":"1/25000","Fonte":"AML - Vectorial","ID1":36749,"Municipio":"MONTIJO"},"geometry":{"type":"Polygon","coordinates":[[[-8.9435978055967,38.6683092365017],[-8.94304921321179,38.6691471917221],[-8.94244502291589,38.6691662077466],[-8.94134025718779,38.6680173394767],[-8.94206023933558,38.6678937374315],[-8.94258711229821,38.6679345685816],[-8.9435978055967,38.6683092365017]]]}},{"type":"Feature","id":"CRUS_Montijo_V.36750","properties":{"AREA_HA":20.0249357563004,"Autor":"DGT","Categoria_2021":"Espaço Florestal","Classe_2021":"Solo Rústico","DTCC":"1507","Data_Pub_Origem":"1997-02-01T00:00:00","Designacao_no_plano":"Espaço florestal - Área de mata e de protecção","Escala_origem":"1/25000","Fonte":"AML - Vectorial","ID1":36750,"Municipio":"MONTIJO"},"geometry":{"type":"Polygon","coordinates":[[[-8.9435978055967,38.6683092365017],[-8.94258711229821,38.6679345685816],[-8.94206023933558,38.6678937374315],[-8.94134025718779,38.6680173394767],[-8.9411378724864,38.6678356074302],[-8.94077224527394,38.6668169547295],[-8.93956045720436,38.664532486396],[-8.93914055256197,38.6640883452582],[-8.94184449322095,38.6628625272939],[-8.94190460739492,38.662652746849],[-8.94330833360171,38.6621454429358],[-8.94391611699663,38.6621934628722],[-8.9440188593602,38.6622846041522],[-8.94395351279178,38.6629705932444],[-8.94439062688636,38.6663387913063],[-8.94425117316103,38.6671397425031],[-8.94382449213205,38.6679154821607],[-8.9435978055967,38.6683092365017]]]}},{"type":"Feature","id":"CRUS_Montijo_V.36751","properties":{"AREA_HA":5.56880361333378,"Autor":"DGT","Categoria_2021":"Espaço Agrícola","Classe_2021":"Solo Rústico","DTCC":"1507","Data_Pub_Origem":"1997-02-01T00:00:00","Designacao_no_plano":"Espaço agrícola - Área agrícola da RAN","Escala_origem":"1/25000","Fonte":"AML - Vectorial","ID1":36751,"Municipio":"MONTIJO"},"geometry":{"type":"Polygon","coordinates":[[[-8.9224741327519,38.6680770343115],[-8.9226530596399,38.6683688917461],[-8.92320525512642,38.6707891283008],[-8.92225845249387,38.6708391024313],[-8.92208407881332,38.6708572959994],[-8.92193446012895,38.670513192421],[-8.92162389804948,38.6704379108474],[-8.92129188587767,38.6705584544772],[-8.92095059824651,38.6698340725908],[-8.9199405329685,38.6685226698715],[-8.91979084444129,38.6682851284833],[-8.9224741327519,38.6680770343115]]]}},{"type":"Feature","id":"CRUS_Montijo_V.36752","properties":{"AREA_HA":34.4572450880578,"Autor":"DGT","Categoria_2021":"Não Atribuída","Classe_2021":"Solo Urbano","DTCC":"1507","Data_Pub_Origem":"1997-02-01T00:00:00","Designacao_no_plano":"Espaço urbano - Área urbanizada mista habitacional e equipamento industrial","Escala_origem":"1/25000","Fonte":"AML - Vectorial","ID1":36752,"Municipio":"MONTIJO"},"geometry":{"type":"Polygon","coordinates":[[[-8.91880715573044,38.6683614001506],[-8.91857200221869,38.6676706177841],[-8.9190985834451,38.6665674676289],[-8.91864857440477,38.6658335054949],[-8.91832200033582,38.6653058051298],[-8.91751124071909,38.6639956965239],[-8.91724693974583,38.6635686000729],[-8.91784242338388,38.6633915115344],[-8.9180107302214,38.6631740170061],[-8.91803349811172,38.6626545885742],[-8.91773532283597,38.6614016760485],[-8.91790607393525,38.6613398871512],[-8.91895374658653,38.6609607577081],[-8.91976326034051,38.6621453115809],[-8.91925288842037,38.6623002085462],[-8.91949965444027,38.6640510916495],[-8.92049528310752,38.6640443835538],[-8.92036844007542,38.6628552360855],[-8.9213607384098,38.6625456390303],[-8.92135646228694,38.6621562068675],[-8.92262903320496,38.6615771427676],[-8.92452530567916,38.6637750005245],[-8.92661714180031,38.6664059349232],[-8.92579761190292,38.6664338671699],[-8.92581512608878,38.6667130502061],[-8.92484993007678,38.6668060383378],[-8.92470125601023,38.6662228681086],[-8.9227010513489,38.6666043673692],[-8.92223132279383,38.6666939474864],[-8.9224741327519,38.6680770343115],[-8.91979084444129,38.6682851284833],[-8.91880715573044,38.6683614001506]]]}},{"type":"Feature","id":"CRUS_Montijo_V.36753","properties":{"AREA_HA":4.65982447036235,"Autor":"DGT","Categoria_2021":"Não Atribuída","Classe_2021":"Solo Urbano","DTCC":"1507","Data_Pub_Origem":"1997-02-01T00:00:00","Designacao_no_plano":"Espaço urbano - Área urbanizada mista habitacional e equipamento industrial","Escala_origem":"1/25000","Fonte":"AML - Vectorial","ID1":36753,"Municipio":"MONTIJO"},"geometry":{"type":"Polygon","coordinates":[[[-8.96732599826983,38.669338792986],[-8.96628597837669,38.6699824415302],[-8.96569401629814,38.6693835336488],[-8.96509067029764,38.6687730922679],[-8.96527555420121,38.6686568693192],[-8.96592934997813,38.6682458777043],[-8.96682213309314,38.6670189986437],[-8.96800237946124,38.6662831908972],[-8.96859897223005,38.6672627500773],[-8.96800960993998,38.6676764945169],[-8.96663842504097,38.6686390617908],[-8.96732599826983,38.669338792986]]]}},{"type":"Feature","id":"CRUS_Montijo_V.36754","properties":{"AREA_HA":6.91955710818749,"Autor":"DGT","Categoria_2021":"Espaço Agrícola","Classe_2021":"Solo Rústico","DTCC":"1507","Data_Pub_Origem":"1997-02-01T00:00:00","Designacao_no_plano":"Espaço agrícola - Área agrícola da RAN","Escala_origem":"1/25000","Fonte":"AML - Vectorial","ID1":36754,"Municipio":"MONTIJO"},"geometry":{"type":"Polygon","coordinates":[[[-8.96682213309314,38.6670189986437],[-8.96656870951138,38.6668008505914],[-8.96635847984326,38.6668343829436],[-8.96624279604825,38.6666538054909],[-8.96499138522696,38.6654168848001],[-8.96504333209479,38.6649213098422],[-8.96473477283,38.6640585060019],[-8.96499548033841,38.6632457147607],[-8.96496128482336,38.6627485912688],[-8.9651591792153,38.6626498677645],[-8.9659455420753,38.6630335077789],[-8.96666939974064,38.6629310309566],[-8.96701773340002,38.6635448615681],[-8.96702137562187,38.6638583944957],[-8.96671465308052,38.6643795794363],[-8.96685982455739,38.6646380452844],[-8.96687498537479,38.665660623046],[-8.96694476521468,38.6659003227612],[-8.96742690731565,38.6662436055373],[-8.96800237946124,38.6662831908972],[-8.96682213309314,38.6670189986437]]]}},{"type":"Feature","id":"CRUS_Montijo_V.36755","properties":{"AREA_HA":0.0617980252888054,"Autor":"DGT","Categoria_2021":"Espaço Florestal","Classe_2021":"Solo Rústico","DTCC":"1507","Data_Pub_Origem":"1997-02-01T00:00:00","Designacao_no_plano":"Espaço florestal - Área de floresta de produção","Escala_origem":"1/25000","Fonte":"AML - Vectorial","ID1":36755,"Municipio":"MONTIJO"},"geometry":{"type":"Polygon","coordinates":[[[-8.59257719685339,38.6685574148267],[-8.59325314448499,38.6682637791741],[-8.59326031317753,38.6684499216632],[-8.59257719685339,38.6685574148267]]]}},{"type":"Feature","id":"CRUS_Montijo_V.36756","properties":{"AREA_HA":4.04434688909398,"Autor":"DGT","Categoria_2021":"Espaço Agrícola","Classe_2021":"Solo Rústico","DTCC":"1507","Data_Pub_Origem":"1997-02-01T00:00:00","Designacao_no_plano":"Espaço agrícola - Área agrícola não incluído na RAN","Escala_origem":"1/25000","Fonte":"AML - Vectorial","ID1":36756,"Municipio":"MONTIJO"},"geometry":{"type":"Polygon","coordinates":[[[-8.93961821517799,38.6662538135951],[-8.93998749051863,38.6672328373291],[-8.93971325657037,38.6680503419275],[-8.93970266418968,38.6682447361178],[-8.94071831920601,38.6687437051488],[-8.94095236454545,38.6695955571209],[-8.94075347717498,38.6697310436561],[-8.93922954618512,38.6695160932627],[-8.93845428644599,38.6697226174946],[-8.93801709473768,38.6693179841115],[-8.93739036780284,38.6691881816303],[-8.93650078649091,38.668780567569],[-8.93644746517042,38.6684749954793],[-8.93894286375724,38.6691495281014],[-8.93931347656978,38.6675605001555],[-8.93961821517799,38.6662538135951]]]}},{"type":"Feature","id":"CRUS_Montijo_V.36757","properties":{"AREA_HA":8.85944019043352,"Autor":"DGT","Categoria_2021":"Não Atribuída","Classe_2021":"Solo Urbano","DTCC":"1507","Data_Pub_Origem":"1997-02-01T00:00:00","Designacao_no_plano":"Espaço urbano - Área urbanizada mista habitacional e equipamento industrial","Escala_origem":"1/25000","Fonte":"AML - Vectorial","ID1":36757,"Municipio":"MONTIJO"},"geometry":{"type":"Polygon","coordinates":[[[-8.93961821517799,38.6662538135951],[-8.93931347656978,38.6675605001555],[-8.93894286375724,38.6691495281014],[-8.93644746517042,38.6684749954793],[-8.93649712201963,38.6683843034679],[-8.937402967936,38.6667296685358],[-8.93651938461139,38.665942523704],[-8.9371734443572,38.6649670056986],[-8.93734668358202,38.6647086161023],[-8.93873174225885,38.6652108329098],[-8.93961821517799,38.6662538135951]]]}},{"type":"Feature","id":"CRUS_Montijo_V.36758","properties":{"AREA_HA":42.9770680595368,"Autor":"DGT","Categoria_2021":"Espaço Agrícola","Classe_2021":"Solo Rústico","DTCC":"1507","Data_Pub_Origem":"1997-02-01T00:00:00","Designacao_no_plano":"Espaço agrícola - Área agrícola não incluído na RAN","Escala_origem":"1/25000","Fonte":"AML - Vectorial","ID1":36758,"Municipio":"MONTIJO"},"geometry":{"type":"Polygon","coordinates":[[[-8.9318819682596,38.6701978052189],[-8.93064886044247,38.669030301394],[-8.93078802628642,38.6688946096209],[-8.93186244188964,38.6678803521156],[-8.92954634733434,38.6639797329773],[-8.92807806966791,38.6638803437088],[-8.92773118162873,38.6637295409952],[-8.92552611917823,38.6620379194643],[-8.92450437896013,38.6606883130373],[-8.92504349371566,38.660582219704],[-8.92520338045239,38.6605507600025],[-8.92594817500405,38.6609096126828],[-8.92602343509071,38.6610081266046],[-8.92607189582783,38.6610986887615],[-8.92669205455669,38.6617723204632],[-8.92731822848567,38.6625690375902],[-8.92786157666068,38.6625259500836],[-8.92796918079484,38.6624426769313],[-8.92808969114092,38.6622798655743],[-8.92818798089121,38.6621470759402],[-8.92943905358422,38.6625527593466],[-8.93065729675715,38.6624376113483],[-8.93075873701983,38.6618629102564],[-8.93129278410545,38.661980032148],[-8.93180915744285,38.6621224408563],[-8.93318375283372,38.6632113249256],[-8.93347752432276,38.6634723725762],[-8.9336757643193,38.6634954259755],[-8.93432708670587,38.6638142381425],[-8.93482424640887,38.6636964162969],[-8.93544181349896,38.6633371967448],[-8.93619811105365,38.6635145370482],[-8.93648138418081,38.6632952799811],[-8.93779091776255,38.6638860357999],[-8.93745969123182,38.6641258939612],[-8.93731954776022,38.6643580588863],[-8.93734668358202,38.6647086161023],[-8.9371734443572,38.6649670056986],[-8.93651938461139,38.665942523704],[-8.937402967936,38.6667296685358],[-8.93649712201963,38.6683843034679],[-8.93644746517042,38.6684749954793],[-8.93640820975006,38.6683574233387],[-8.93633560814281,38.6681339561249],[-8.93577682377263,38.6672869835893],[-8.9354756841052,38.6674522688745],[-8.93551677030522,38.6677400173742],[-8.93536754029544,38.6679426597057],[-8.93515486642896,38.6681169390217],[-8.93471702117125,38.6681912972189],[-8.93446228333531,38.6682753063331],[-8.933950610939,38.6688068649147],[-8.93346874624443,38.6696329765984],[-8.9318819682596,38.6701978052189]]]}},{"type":"Feature","id":"CRUS_Montijo_V.36759","properties":{"AREA_HA":2.28254290485419,"Autor":"DGT","Categoria_2021":"Espaço Agrícola","Classe_2021":"Solo Rústico","DTCC":"1507","Data_Pub_Origem":"1997-02-01T00:00:00","Designacao_no_plano":"Espaço agrícola - Área agrícola não incluído na RAN","Escala_origem":"1/25000","Fonte":"AML - Vectorial","ID1":36759,"Municipio":"MONTIJO"},"geometry":{"type":"Polygon","coordinates":[[[-8.91857200221869,38.6676706177841],[-8.91821131730122,38.6675021516746],[-8.91737863552926,38.6665790842649],[-8.91744201067243,38.6660414929815],[-8.91791603118402,38.6656077170808],[-8.91832200033582,38.6653058051298],[-8.91864857440477,38.6658335054949],[-8.9190985834451,38.6665674676289],[-8.91857200221869,38.6676706177841]]]}},{"type":"Feature","id":"CRUS_Montijo_V.36760","properties":{"AREA_HA":1.23596610758323,"Autor":"DGT","Categoria_2021":"Espaço Agrícola","Classe_2021":"Solo Rústico","DTCC":"1507","Data_Pub_Origem":"1997-02-01T00:00:00","Designacao_no_plano":"Espaço agrícola - Área agrícola não incluído na RAN","Escala_origem":"1/25000","Fonte":"AML - Vectorial","ID1":36760,"Municipio":"MONTIJO"},"geometry":{"type":"Polygon","coordinates":[[[-8.91536642310492,38.6643765465805],[-8.91543166381257,38.6645698714434],[-8.91558823918536,38.6649585273302],[-8.91582366453636,38.6649569494093],[-8.91599879483968,38.6657773244521],[-8.91569551285525,38.6659057572982],[-8.91569987616625,38.6663059635224],[-8.91556161850693,38.6663279593234],[-8.91539521381633,38.6663080043131],[-8.9152677019654,38.6660455454245],[-8.91531805171811,38.665581772553],[-8.91501281963486,38.665531146781],[-8.91491348819586,38.6652807680817],[-8.91496004309652,38.6644694472975],[-8.9147799222201,38.664260442099],[-8.91536642310492,38.6643765465805]]]}},{"type":"Feature","id":"CRUS_Montijo_V.36761","properties":{"AREA_HA":17.0475661811795,"Autor":"DGT","Categoria_2021":"Espaço Florestal","Classe_2021":"Solo Rústico","DTCC":"1507","Data_Pub_Origem":"1997-02-01T00:00:00","Designacao_no_plano":"Espaço florestal - Área de mata e de protecção","Escala_origem":"1/25000","Fonte":"AML - Vectorial","ID1":36761,"Municipio":"MONTIJO"},"geometry":{"type":"Polygon","coordinates":[[[-8.91536642310492,38.6643765465805],[-8.9147799222201,38.664260442099],[-8.91432473596185,38.663823374239],[-8.9140347082745,38.6631396685287],[-8.91379930091487,38.6620509666829],[-8.91380081719912,38.6609806864093],[-8.91324501976689,38.6605534575227],[-8.91291991302168,38.6598206821472],[-8.9138685813573,38.6600216001528],[-8.91706363097573,38.6593758607599],[-8.91836290171488,38.6588422899039],[-8.91846438464392,38.6589949776457],[-8.91862180479905,38.6592043198856],[-8.91888698664423,38.6595993478596],[-8.91890763433238,38.6601538417904],[-8.91876851800957,38.6605119542747],[-8.91895374658653,38.6609607577081],[-8.91790607393525,38.6613398871512],[-8.91775690717424,38.660979785134],[-8.91750980875097,38.6609896155176],[-8.9164702719212,38.6612663916101],[-8.91640730503973,38.6614057982138],[-8.91675412268918,38.662654333789],[-8.91724693974583,38.6635686000729],[-8.91751124071909,38.6639956965239],[-8.91702113249616,38.6641076423535],[-8.91536642310492,38.6643765465805]]]}},{"type":"Feature","id":"CRUS_Montijo_V.36762","properties":{"AREA_HA":4.12326363602784,"Autor":"DGT","Categoria_2021":"Espaço Agrícola","Classe_2021":"Solo Rústico","DTCC":"1507","Data_Pub_Origem":"1997-02-01T00:00:00","Designacao_no_plano":"Espaço agrícola - Área agrícola não incluído na RAN","Escala_origem":"1/25000","Fonte":"AML - Vectorial","ID1":36762,"Municipio":"MONTIJO"},"geometry":{"type":"Polygon","coordinates":[[[-8.57772879602139,38.6687903750061],[-8.57742973008164,38.6676319067638],[-8.58027674016421,38.6654331238693],[-8.58081615577852,38.6659219258421],[-8.58010527425687,38.666608369452],[-8.58021843279772,38.6668358418957],[-8.57950906402318,38.6677677199114],[-8.57917405468781,38.6678040615347],[-8.57772879602139,38.6687903750061]]]}},{"type":"Feature","id":"CRUS_Montijo_V.36763","properties":{"AREA_HA":2.03439476000422,"Autor":"DGT","Categoria_2021":"Espaço Agrícola","Classe_2021":"Solo Rústico","DTCC":"1507","Data_Pub_Origem":"1997-02-01T00:00:00","Designacao_no_plano":"Espaço agrícola - Área agrícola da RAN","Escala_origem":"1/25000","Fonte":"AML - Vectorial","ID1":36763,"Municipio":"MONTIJO"},"geometry":{"type":"Polygon","coordinates":[[[-8.58202384988356,38.6660575322906],[-8.58177855616685,38.6661461341294],[-8.58178195571158,38.6666895907386],[-8.58082348968016,38.6670964959503],[-8.58064699627031,38.6674653259641],[-8.5798448492981,38.6678540841435],[-8.57950906402318,38.6677677199114],[-8.58021843279772,38.6668358418957],[-8.58113165651688,38.6663414668689],[-8.58177296187892,38.6652520629802],[-8.58219538117702,38.6648998135806],[-8.58222412716061,38.665760061021],[-8.58202384988356,38.6660575322906]]]}},{"type":"Feature","id":"CRUS_Montijo_V.36764","properties":{"AREA_HA":2.91663537629005,"Autor":"DGT","Categoria_2021":"Espaço Florestal","Classe_2021":"Solo Rústico","DTCC":"1507","Data_Pub_Origem":"1997-02-01T00:00:00","Designacao_no_plano":"Espaço florestal - Área de floresta de produção","Escala_origem":"1/25000","Fonte":"AML - Vectorial","ID1":36764,"Municipio":"MONTIJO"},"geometry":{"type":"Polygon","coordinates":[[[-8.58021843279772,38.6668358418957],[-8.58010527425687,38.666608369452],[-8.58081615577852,38.6659219258421],[-8.58027674016421,38.6654331238693],[-8.58305551358522,38.6630732525089],[-8.58285933339644,38.6638629146225],[-8.58219538117702,38.6648998135806],[-8.58177296187892,38.6652520629802],[-8.58113165651688,38.6663414668689],[-8.58021843279772,38.6668358418957]]]}},{"type":"Feature","id":"CRUS_Montijo_V.36765","properties":{"AREA_HA":18.5706628359262,"Autor":"DGT","Categoria_2021":"Espaço Agrícola","Classe_2021":"Solo Rústico","DTCC":"1507","Data_Pub_Origem":"1997-02-01T00:00:00","Designacao_no_plano":"Espaço agrícola - Área agrícola não incluído na RAN","Escala_origem":"1/25000","Fonte":"AML - Vectorial","ID1":36765,"Municipio":"MONTIJO"},"geometry":{"type":"Polygon","coordinates":[[[-8.93914055256197,38.6640883452582],[-8.93811123106967,38.6629947922528],[-8.93688763917096,38.6620244101074],[-8.93673357233086,38.6615266517655],[-8.93688873960519,38.6610173614254],[-8.93682143730409,38.6604538694087],[-8.93654367374593,38.6601746318418],[-8.93592191955353,38.6594126139904],[-8.9354458869489,38.6585620247216],[-8.93743294313803,38.6592450999097],[-8.93876245204496,38.6596192637752],[-8.93934011857727,38.6597947442791],[-8.94008885508467,38.660076721684],[-8.94042068671881,38.6602108276866],[-8.94083711366571,38.6603156299322],[-8.94098672848135,38.6603408083667],[-8.94120588933378,38.6603776850769],[-8.94136330301768,38.660386405436],[-8.94178194972788,38.6604095856826],[-8.94195016116112,38.6605639894153],[-8.94234781137806,38.6609290045293],[-8.94244949460014,38.6610223345048],[-8.9432240907667,38.6611104039618],[-8.94327750940623,38.6613645724901],[-8.94197845479726,38.661577454711],[-8.94190460739492,38.662652746849],[-8.94184449322095,38.6628625272939],[-8.93914055256197,38.6640883452582]]]}},{"type":"Feature","id":"CRUS_Montijo_V.36766","properties":{"AREA_HA":1.20445991065521,"Autor":"DGT","Categoria_2021":"Não Atribuída","Classe_2021":"Solo Urbano","DTCC":"1507","Data_Pub_Origem":"1997-02-01T00:00:00","Designacao_no_plano":"Espaço urbano - Área urbanizada mista habitacional e equipamento industrial","Escala_origem":"1/25000","Fonte":"AML - Vectorial","ID1":36766,"Municipio":"MONTIJO"},"geometry":{"type":"Polygon","coordinates":[[[-8.94190460739492,38.662652746849],[-8.94197845479726,38.661577454711],[-8.94327750940623,38.6613645724901],[-8.94330833360171,38.6621454429358],[-8.94190460739492,38.662652746849]]]}},{"type":"Feature","id":"CRUS_Montijo_V.36767","properties":{"AREA_HA":2.7876664798419,"Autor":"DGT","Categoria_2021":"Espaço Agrícola","Classe_2021":"Solo Rústico","DTCC":"1507","Data_Pub_Origem":"1997-02-01T00:00:00","Designacao_no_plano":"Espaço agrícola - Área agrícola não incluído na RAN","Escala_origem":"1/25000","Fonte":"AML - Vectorial","ID1":36767,"Municipio":"MONTIJO"},"geometry":{"type":"Polygon","coordinates":[[[-8.91724693974583,38.6635686000729],[-8.91675412268918,38.662654333789],[-8.91640730503973,38.6614057982138],[-8.9164702719212,38.6612663916101],[-8.91750980875097,38.6609896155176],[-8.91775690717424,38.660979785134],[-8.91790607393525,38.6613398871512],[-8.91773532283597,38.6614016760485],[-8.91803349811172,38.6626545885742],[-8.9180107302214,38.6631740170061],[-8.91784242338388,38.6633915115344],[-8.91724693974583,38.6635686000729]]]}},{"type":"Feature","id":"CRUS_Montijo_V.36768","properties":{"AREA_HA":2.35497114333268,"Autor":"DGT","Categoria_2021":"Espaço Agrícola","Classe_2021":"Solo Rústico","DTCC":"1507","Data_Pub_Origem":"1997-02-01T00:00:00","Designacao_no_plano":"Espaço agrícola - Área agrícola não incluído na RAN","Escala_origem":"1/25000","Fonte":"AML - Vectorial","ID1":36768,"Municipio":"MONTIJO"},"geometry":{"type":"Polygon","coordinates":[[[-8.93529124209836,38.6585035617681],[-8.935104210143,38.6586712155147],[-8.93455649372516,38.6590312321792],[-8.93429518421379,38.6589012655846],[-8.93398759551383,38.6590304779095],[-8.93425096522758,38.6611532820167],[-8.93414162458266,38.6616876038271],[-8.9338036103893,38.6615364340156],[-8.93362772341608,38.6612745064648],[-8.93367290268143,38.6601558798791],[-8.93340353440265,38.6592660048871],[-8.93329572980915,38.6590767015732],[-8.93329055519326,38.6586916809688],[-8.93379700842294,38.6586129211566],[-8.93408590584354,38.6582901824033],[-8.9342195596454,38.6580840097573],[-8.93529124209836,38.6585035617681]]]}},{"type":"Feature","id":"CRUS_Montijo_V.36769","properties":{"AREA_HA":1.11743783959867,"Autor":"DGT","Categoria_2021":"Espaço Agrícola","Classe_2021":"Solo Rústico","DTCC":"1507","Data_Pub_Origem":"1997-02-01T00:00:00","Designacao_no_plano":"Espaço agrícola - Área agrícola da RAN","Escala_origem":"1/25000","Fonte":"AML - Vectorial","ID1":36769,"Municipio":"MONTIJO"},"geometry":{"type":"Polygon","coordinates":[[[-8.68980058689875,38.6651603219431],[-8.69149177633089,38.6624857103829],[-8.69193569923588,38.6626246431381],[-8.69172842454432,38.6631799497112],[-8.69023655349796,38.6648321394038],[-8.68980058689875,38.6651603219431]]]}},{"type":"Feature","id":"CRUS_Montijo_V.36770","properties":{"AREA_HA":1.57777278878195,"Autor":"DGT","Categoria_2021":"Espaço Florestal","Classe_2021":"Solo Rústico","DTCC":"1507","Data_Pub_Origem":"1997-02-01T00:00:00","Designacao_no_plano":"Espaço florestal - Área de floresta de produção","Escala_origem":"1/25000","Fonte":"AML - Vectorial","ID1":36770,"Municipio":"MONTIJO"},"geometry":{"type":"Polygon","coordinates":[[[-8.58656732581389,38.6609049354838],[-8.58523313993004,38.660241331029],[-8.58657639929948,38.6586366855272],[-8.58667573249304,38.6595362402197],[-8.58656732581389,38.6609049354838]]]}},{"type":"Feature","id":"CRUS_Montijo_V.36771","properties":{"AREA_HA":4.23319783522547,"Autor":"DGT","Categoria_2021":"Espaço Agrícola","Classe_2021":"Solo Rústico","DTCC":"1507","Data_Pub_Origem":"1997-02-01T00:00:00","Designacao_no_plano":"Espaço agrícola - Área agrícola da RAN","Escala_origem":"1/25000","Fonte":"AML - Vectorial","ID1":36771,"Municipio":"MONTIJO"},"geometry":{"type":"Polygon","coordinates":[[[-8.58770585425786,38.6599010692499],[-8.5878263869749,38.660082744171],[-8.58845932953681,38.6602088400099],[-8.58878860504599,38.6604463150705],[-8.58902762359791,38.6612167570547],[-8.58891126426182,38.6613274089017],[-8.58804152653639,38.6607798199826],[-8.58759634558144,38.6607264527083],[-8.58738645781864,38.6608558341609],[-8.58745878228253,38.6611861420988],[-8.58802556779012,38.6619553097553],[-8.58798036977287,38.6622126141361],[-8.58765364973246,38.6623791776989],[-8.58732528794925,38.6622886280331],[-8.58692566050878,38.6620330550591],[-8.58668920453864,38.6616666587209],[-8.58656732581389,38.6609049354838],[-8.58667573249304,38.6595362402197],[-8.58657639929948,38.6586366855272],[-8.58713685405164,38.6578893796036],[-8.58728339634068,38.6597375059296],[-8.58770585425786,38.6599010692499]]]}},{"type":"Feature","id":"CRUS_Montijo_V.36772","properties":{"AREA_HA":5.18277593907509,"Autor":"DGT","Categoria_2021":"Espaço Florestal","Classe_2021":"Solo Rústico","DTCC":"1507","Data_Pub_Origem":"1997-02-01T00:00:00","Designacao_no_plano":"Espaço florestal - Área de mata e de protecção","Escala_origem":"1/25000","Fonte":"AML - Vectorial","ID1":36772,"Municipio":"MONTIJO"},"geometry":{"type":"Polygon","coordinates":[[[-8.96955551306685,38.6570700668451],[-8.96987477235984,38.6563672014564],[-8.9706719677342,38.6562836499316],[-8.97088961596845,38.6588426383052],[-8.96923679200844,38.6595788324087],[-8.96819054971728,38.6576091519066],[-8.96955551306685,38.6570700668451]]]}},{"type":"Feature","id":"CRUS_Montijo_V.36773","properties":{"AREA_HA":33.9876278806869,"Autor":"DGT","Categoria_2021":"Espaço Agrícola","Classe_2021":"Solo Rústico","DTCC":"1507","Data_Pub_Origem":"1997-02-01T00:00:00","Designacao_no_plano":"Espaço agrícola - Área agrícola não incluído na RAN","Escala_origem":"1/25000","Fonte":"AML - Vectorial","ID1":36773,"Municipio":"MONTIJO"},"geometry":{"type":"Polygon","coordinates":[[[-8.97222327097267,38.6639137595843],[-8.97146538366933,38.6631731964282],[-8.97084206781807,38.6631776687758],[-8.97015699799143,38.6630275798636],[-8.96916032832488,38.6620914830936],[-8.96767998715826,38.6609434621358],[-8.96655588482585,38.6604830723601],[-8.96594133887894,38.6598708952594],[-8.96584768180018,38.6587373661088],[-8.96565114057991,38.6583284800508],[-8.96563175077331,38.657384274092],[-8.96558704457434,38.656935850682],[-8.96558406344163,38.6566787112546],[-8.96591914490442,38.6566307334466],[-8.96612713315508,38.6569095881206],[-8.96676736468354,38.6574178995909],[-8.96724606986584,38.6573506601243],[-8.96745834112441,38.6560179964313],[-8.96732864259404,38.6556491896521],[-8.9670772537583,38.6552962136886],[-8.96852814260757,38.6544990870562],[-8.96942158583876,38.653985345377],[-8.96940710699229,38.6551145298591],[-8.97054698918114,38.6554708078739],[-8.97237907706954,38.6558356078458],[-8.9720312532577,38.6576736294606],[-8.97224684181624,38.6629645986921],[-8.97222327097267,38.6639137595843]],[[-8.96955551306685,38.6570700668451],[-8.96819054971728,38.6576091519066],[-8.96923679200844,38.6595788324087],[-8.97088961596845,38.6588426383052],[-8.9706719677342,38.6562836499316],[-8.96987477235984,38.6563672014564],[-8.96955551306685,38.6570700668451]]]}},{"type":"Feature","id":"CRUS_Montijo_V.36774","properties":{"AREA_HA":4.57882541871388,"Autor":"DGT","Categoria_2021":"Espaço Agrícola","Classe_2021":"Solo Rústico","DTCC":"1507","Data_Pub_Origem":"1997-02-01T00:00:00","Designacao_no_plano":"Espaço agrícola - Área agrícola não incluído na RAN","Escala_origem":"1/25000","Fonte":"AML - Vectorial","ID1":36774,"Municipio":"MONTIJO"},"geometry":{"type":"Polygon","coordinates":[[[-8.9446705312702,38.6540507766126],[-8.94470260806426,38.6542218509346],[-8.94490762506794,38.6546503418972],[-8.9451084506306,38.6567896011635],[-8.9448165766859,38.6580545248874],[-8.94450046876663,38.6582168115027],[-8.94413372281729,38.6580670967843],[-8.94401294205315,38.65779923572],[-8.94404401768748,38.6574228364795],[-8.94425403768992,38.6572511986646],[-8.94379901128229,38.6565826033634],[-8.9434106417988,38.6542448190469],[-8.9446705312702,38.6540507766126]]]}},{"type":"Feature","id":"CRUS_Montijo_V.36775","properties":{"AREA_HA":78.3848213127363,"Autor":"DGT","Categoria_2021":"Espaço Agrícola","Classe_2021":"Solo Rústico","DTCC":"1507","Data_Pub_Origem":"1997-02-01T00:00:00","Designacao_no_plano":"Espaço agrícola - Área agrícola não incluído na RAN","Escala_origem":"1/25000","Fonte":"AML - Vectorial","ID1":36775,"Municipio":"MONTIJO"},"geometry":{"type":"Polygon","coordinates":[[[-8.6032843908309,38.6480385412024],[-8.60328130903583,38.6481310221624],[-8.60215485892073,38.6491743757481],[-8.60007842847722,38.6515070873316],[-8.59894165075325,38.6530911198898],[-8.59496900981732,38.657100639099],[-8.59141180631483,38.6609696375632],[-8.59113109460021,38.661007448242],[-8.5902160379835,38.6606989678838],[-8.58986299239614,38.6604066395779],[-8.58955384635278,38.6596552108654],[-8.58917634488071,38.6591977669615],[-8.58821741624683,38.6593483708519],[-8.58770585425786,38.6599010692499],[-8.58728339634068,38.6597375059296],[-8.58713685405164,38.6578893796036],[-8.58917731106562,38.6554179090021],[-8.59164410370973,38.6567320514101],[-8.59201521469856,38.6570987998441],[-8.59297065386304,38.6562271120483],[-8.58986509700595,38.6546261862279],[-8.59297458076356,38.6519540991303],[-8.59551115678476,38.6502345249666],[-8.60066091795942,38.6462522074107],[-8.60095380836103,38.6466192506651],[-8.6012224048303,38.6466883025727],[-8.60323328898184,38.6466451579983],[-8.60337977729696,38.6468095162405],[-8.6032843908309,38.6480385412024]]]}},{"type":"Feature","id":"CRUS_Montijo_V.36776","properties":{"AREA_HA":0.667014354098614,"Autor":"DGT","Categoria_2021":"Não Atribuída","Classe_2021":"Solo Urbano","DTCC":"1507","Data_Pub_Origem":"1997-02-01T00:00:00","Designacao_no_plano":"Espaço urbano - Área urbanizada mista habitacional e equipamento industrial","Escala_origem":"1/25000","Fonte":"AML - Vectorial","ID1":36776,"Municipio":"MONTIJO"},"geometry":{"type":"Polygon","coordinates":[[[-8.602213360476,38.6570031770207],[-8.60172816612119,38.657848379033],[-8.60135430538256,38.6578498797851],[-8.60125916243471,38.657593619252],[-8.60139624126791,38.6571164485716],[-8.60167424853214,38.6567487008919],[-8.60222360567663,38.6567831570965],[-8.602213360476,38.6570031770207]]]}},{"type":"Feature","id":"CRUS_Montijo_V.36777","properties":{"AREA_HA":11.2128873881637,"Autor":"DGT","Categoria_2021":"Espaço Agrícola","Classe_2021":"Solo Rústico","DTCC":"1507","Data_Pub_Origem":"1997-02-01T00:00:00","Designacao_no_plano":"Espaço agrícola - Área agrícola não incluído na RAN","Escala_origem":"1/25000","Fonte":"AML - Vectorial","ID1":36777,"Municipio":"MONTIJO"},"geometry":{"type":"Polygon","coordinates":[[[-8.602213360476,38.6570031770207],[-8.60233223184212,38.657314335873],[-8.60371399158252,38.6577853916732],[-8.60380938461911,38.6580783117041],[-8.60423288140385,38.6585165508326],[-8.60425769342522,38.6587364296556],[-8.60381684180388,38.6592148299192],[-8.60271570229262,38.6587793090871],[-8.60236747007551,38.6591290100489],[-8.60172264267452,38.6605797948663],[-8.60024844514432,38.6602740695491],[-8.60123986251973,38.658216961369],[-8.60114471953836,38.6579607097673],[-8.59994584124371,38.6568656189891],[-8.59973303679624,38.6564815064161],[-8.60046954251692,38.6547553911928],[-8.60238794306279,38.6551143228652],[-8.60222360567663,38.6567831570965],[-8.60167424853214,38.6567487008919],[-8.60139624126791,38.6571164485716],[-8.60125916243471,38.657593619252],[-8.60135430538256,38.6578498797851],[-8.60172816612119,38.657848379033],[-8.602213360476,38.6570031770207]]]}},{"type":"Feature","id":"CRUS_Montijo_V.36778","properties":{"AREA_HA":6.57016961833145,"Autor":"DGT","Categoria_2021":"Não Atribuída","Classe_2021":"Solo Urbano","DTCC":"1507","Data_Pub_Origem":"1997-02-01T00:00:00","Designacao_no_plano":"Espaço urbano - Área urbanizada mista habitacional e equipamento industrial","Escala_origem":"1/25000","Fonte":"AML - Vectorial","ID1":36778,"Municipio":"MONTIJO"},"geometry":{"type":"Polygon","coordinates":[[[-8.95553374881006,38.6565656408984],[-8.9561547297601,38.6580112040468],[-8.95407809833243,38.6583422964498],[-8.95361100238734,38.6584167683507],[-8.95255001748383,38.6596767347839],[-8.95132852378187,38.6597938259297],[-8.95132805647784,38.6596287670341],[-8.95132262719098,38.6577296115133],[-8.95235666574513,38.6576034851237],[-8.95390157233025,38.6574150188082],[-8.95443355244475,38.6573501152721],[-8.95553374881006,38.6565656408984]]]}},{"type":"Feature","id":"CRUS_Montijo_V.36779","properties":{"AREA_HA":5.35620508027086,"Autor":"DGT","Categoria_2021":"Espaço Agrícola","Classe_2021":"Solo Rústico","DTCC":"1507","Data_Pub_Origem":"1997-02-01T00:00:00","Designacao_no_plano":"Espaço agrícola - Área agrícola não incluído na RAN","Escala_origem":"1/25000","Fonte":"AML - Vectorial","ID1":36779,"Municipio":"MONTIJO"},"geometry":{"type":"Polygon","coordinates":[[[-8.95390157233025,38.6574150188082],[-8.95380556351301,38.6571495073912],[-8.95365846850022,38.6566457951277],[-8.95347958987332,38.6565133816514],[-8.95261963868217,38.6560909440456],[-8.95354644658823,38.6544565643813],[-8.95367961808576,38.653098554467],[-8.95553374881006,38.6565656408984],[-8.95443355244475,38.6573501152721],[-8.95390157233025,38.6574150188082]]]}},{"type":"Feature","id":"CRUS_Montijo_V.36780","properties":{"AREA_HA":12.026025796796,"Autor":"DGT","Categoria_2021":"Espaço Agrícola","Classe_2021":"Solo Rústico","DTCC":"1507","Data_Pub_Origem":"1997-02-01T00:00:00","Designacao_no_plano":"Espaço agrícola - Área agrícola não incluído na RAN","Escala_origem":"1/25000","Fonte":"AML - Vectorial","ID1":36780,"Municipio":"MONTIJO"},"geometry":{"type":"Polygon","coordinates":[[[-8.95251132508903,38.6523277880849],[-8.95272578580308,38.6534754892864],[-8.95210807216328,38.6540215278153],[-8.95172209990162,38.6547586658115],[-8.95140495004495,38.6549729369696],[-8.95060662404757,38.6551013055329],[-8.94989899057192,38.6550597122754],[-8.94764529496303,38.655762733594],[-8.94661287762194,38.6558630267851],[-8.94631230101224,38.6557409899448],[-8.94626734180926,38.6552625804932],[-8.94587763855829,38.6544739755356],[-8.94589576662165,38.6541065025332],[-8.94731019918664,38.6540886251641],[-8.94798175274559,38.6539723962937],[-8.95020731491833,38.6528727165318],[-8.95251132508903,38.6523277880849]]]}},{"type":"Feature","id":"CRUS_Montijo_V.36781","properties":{"AREA_HA":3.48961058925567,"Autor":"DGT","Categoria_2021":"Espaço Florestal","Classe_2021":"Solo Rústico","DTCC":"1507","Data_Pub_Origem":"1997-02-01T00:00:00","Designacao_no_plano":"Espaço florestal - Área de floresta de produção","Escala_origem":"1/25000","Fonte":"AML - Vectorial","ID1":36781,"Municipio":"MONTIJO"},"geometry":{"type":"Polygon","coordinates":[[[-8.58986509700595,38.6546261862279],[-8.59297065386304,38.6562271120483],[-8.59201521469856,38.6570987998441],[-8.59164410370973,38.6567320514101],[-8.58917731106562,38.6554179090021],[-8.58986509700595,38.6546261862279]]]}},{"type":"Feature","id":"CRUS_Montijo_V.36782","properties":{"AREA_HA":3.50706201875764,"Autor":"DGT","Categoria_2021":"Espaço Natural e Paisagístico","Classe_2021":"Solo Rústico","DTCC":"1507","Data_Pub_Origem":"1997-02-01T00:00:00","Designacao_no_plano":"Espaço aquícola  - Albufeira","Escala_origem":"1/25000","Fonte":"AML - Vectorial","ID1":36782,"Municipio":"MONTIJO"},"geometry":{"type":"Polygon","coordinates":[[[-8.60782262733269,38.650053722244],[-8.60797188839846,38.6514277849343],[-8.60823032409919,38.6516466758316],[-8.60827922691891,38.6519764006368],[-8.60685961904678,38.6528069674439],[-8.60603809183338,38.6522237798307],[-8.60605988602046,38.6519854170286],[-8.60684945407687,38.6512673809068],[-8.60684195216853,38.6501310246855],[-8.60712046419636,38.649854955534],[-8.60747052143235,38.6497985476638],[-8.60782262733269,38.650053722244]]]}},{"type":"Feature","id":"CRUS_Montijo_V.36783","properties":{"AREA_HA":6.85647672129273,"Autor":"DGT","Categoria_2021":"Espaço Florestal","Classe_2021":"Solo Rústico","DTCC":"1507","Data_Pub_Origem":"1997-02-01T00:00:00","Designacao_no_plano":"Espaço florestal - Área de mata e de protecção","Escala_origem":"1/25000","Fonte":"AML - Vectorial","ID1":36783,"Municipio":"MONTIJO"},"geometry":{"type":"Polygon","coordinates":[[[-8.60587408101235,38.6454651940617],[-8.60477468727406,38.6480352741654],[-8.6032843908309,38.6480385412024],[-8.60337977729696,38.6468095162405],[-8.60323328898184,38.6466451579983],[-8.6012224048303,38.6466883025727],[-8.60095380836103,38.6466192506651],[-8.60066091795942,38.6462522074107],[-8.6013261288364,38.6458130313313],[-8.60587408101235,38.6454651940617]]]}},{"type":"Feature","id":"CRUS_Montijo_V.36784","properties":{"AREA_HA":30.9154133958233,"Autor":"DGT","Categoria_2021":"Não Atribuída","Classe_2021":"Não Atribuída","DTCC":"1507","Data_Pub_Origem":"1997-02-01T00:00:00","Designacao_no_plano":"Indefinida","Escala_origem":"1/25000","Fonte":"AML - Vectorial","ID1":36784,"Municipio":"MONTIJO"},"geometry":{"type":"Polygon","coordinates":[[[-8.60286001888363,38.7708747896269],[-8.60296640484114,38.7709522328905],[-8.60314336859694,38.7711329225432],[-8.6034434825241,38.77109406787],[-8.60361645547427,38.7718180243209],[-8.60383377285683,38.7719771374196],[-8.60421805341328,38.7719473452208],[-8.60449282997313,38.7717109644131],[-8.60545719000407,38.771709466102],[-8.60454431920276,38.7738709292033],[-8.60459269077002,38.7740464069848],[-8.60486468272708,38.7741192797717],[-8.60525276866504,38.7738957978314],[-8.6055031149521,38.7733733127839],[-8.60683095195379,38.7746151573277],[-8.60637780986247,38.7751346047612],[-8.60617660271673,38.7755965658317],[-8.60605673878304,38.7768058658001],[-8.60541771451103,38.7765783840684],[-8.60071935345848,38.7765408637814],[-8.5997365381019,38.7763659844042],[-8.59886928932674,38.7760400678411],[-8.59813287229844,38.7755065836181],[-8.5976511929198,38.7748619312402],[-8.59755884700831,38.7747309088473],[-8.60064817217603,38.7726367757047],[-8.60196905933508,38.7716046585862],[-8.60286001888363,38.7708747896269]]]}},{"type":"Feature","id":"CRUS_Montijo_V.36785","properties":{"AREA_HA":4.88215184909105,"Autor":"DGT","Categoria_2021":"Espaço Florestal","Classe_2021":"Solo Rústico","DTCC":"1507","Data_Pub_Origem":"1997-02-01T00:00:00","Designacao_no_plano":"Espaço florestal - Área de floresta de produção","Escala_origem":"1/25000","Fonte":"AML - Vectorial","ID1":36785,"Municipio":"MONTIJO"},"geometry":{"type":"Polygon","coordinates":[[[-8.60508981989064,38.7694257418096],[-8.60538263763942,38.7694394546399],[-8.60583334988107,38.7694491582954],[-8.60612484228152,38.769750022183],[-8.60545719000407,38.771709466102],[-8.60449282997313,38.7717109644131],[-8.60421805341328,38.7719473452208],[-8.60383377285683,38.7719771374196],[-8.60361645547427,38.7718180243209],[-8.6034434825241,38.77109406787],[-8.60314336859694,38.7711329225432],[-8.60296640484114,38.7709522328905],[-8.60286001888363,38.7708747896269],[-8.60287305041996,38.7708641140654],[-8.60330549243235,38.7705098535072],[-8.60456331435326,38.7696282255269],[-8.60508981989064,38.7694257418096]]]}},{"type":"Feature","id":"CRUS_Montijo_V.36786","properties":{"AREA_HA":33.4826681609929,"Autor":"DGT","Categoria_2021":"Espaço Florestal","Classe_2021":"Solo Rústico","DTCC":"1507","Data_Pub_Origem":"1997-02-01T00:00:00","Designacao_no_plano":"Espaço florestal - Área de floresta de produção","Escala_origem":"1/25000","Fonte":"AML - Vectorial","ID1":36786,"Municipio":"MONTIJO"},"geometry":{"type":"Polygon","coordinates":[[[-8.51088014073035,38.7121010182835],[-8.5105804064267,38.7132404395035],[-8.51043152528901,38.713641339645],[-8.50965705520151,38.7143536724157],[-8.50887525797642,38.7154467305042],[-8.50788182221165,38.7164969920393],[-8.50784886521456,38.7168585199036],[-8.50801344726331,38.7172312944502],[-8.50811286369954,38.7184692336695],[-8.50795290634129,38.7189796229355],[-8.50816295455422,38.7191610453806],[-8.5083749320326,38.7197120617938],[-8.50831919468384,38.7201583842901],[-8.50809369598027,38.7214611094543],[-8.5080134288136,38.7216616709841],[-8.50779310614157,38.721735217981],[-8.50746741681729,38.7216543277104],[-8.50724555948734,38.7214365219772],[-8.50670854319429,38.7204849570465],[-8.50427066556906,38.7178796396139],[-8.50295256530285,38.717008488343],[-8.50281718754783,38.717039037034],[-8.50123998568779,38.715466458427],[-8.50147015508467,38.7155001689801],[-8.51088014073035,38.7121010182835]]]}},{"type":"Feature","id":"CRUS_Montijo_V.36787","properties":{"AREA_HA":4.39405021460326,"Autor":"DGT","Categoria_2021":"Não Atribuída","Classe_2021":"Não Atribuída","DTCC":"1507","Data_Pub_Origem":"1997-02-01T00:00:00","Designacao_no_plano":"Indefinida","Escala_origem":"1/25000","Fonte":"AML - Vectorial","ID1":36787,"Municipio":"MONTIJO"},"geometry":{"type":"Polygon","coordinates":[[[-8.51697178057008,38.7338441729623],[-8.51563212193788,38.7336166833052],[-8.51458429497994,38.7331833717841],[-8.51334895451784,38.732436741282],[-8.51323104978886,38.7321095659194],[-8.51330806121664,38.731299500449],[-8.51380679446556,38.7304050389217],[-8.5139162499011,38.7302643475535],[-8.51421566571847,38.7309520917425],[-8.51462006925006,38.731839845797],[-8.5160487742863,38.7329371149457],[-8.51730885371516,38.7338846561909],[-8.51697178057008,38.7338441729623]]]}},{"type":"Feature","id":"CRUS_Montijo_V.36788","properties":{"AREA_HA":5.77294845751002,"Autor":"DGT","Categoria_2021":"Não Atribuída","Classe_2021":"Solo Urbano","DTCC":"1507","Data_Pub_Origem":"1997-02-01T00:00:00","Designacao_no_plano":"Espaço urbano - Área urbanizada mista habitacional e equipamento industrial","Escala_origem":"1/25000","Fonte":"AML - Vectorial","ID1":36788,"Municipio":"MONTIJO"},"geometry":{"type":"Polygon","coordinates":[[[-8.53941826870709,38.735976444324],[-8.54013351861153,38.7366390475817],[-8.54078545882517,38.7382725655916],[-8.54085139827772,38.7387712090984],[-8.54082287898921,38.7389138330285],[-8.53955931861695,38.7388305904756],[-8.53945032186845,38.73872065701],[-8.53917943990165,38.7379593591956],[-8.5384747698471,38.7386078320664],[-8.53837570470554,38.7387470562334],[-8.53775167422699,38.7386615690115],[-8.53770784460588,38.7384947167006],[-8.5379204757557,38.7369433535233],[-8.53872176132269,38.7365900471191],[-8.53871956858273,38.7362035734388],[-8.5388678794917,38.7360502631843],[-8.53941826870709,38.735976444324]]]}},{"type":"Feature","id":"CRUS_Montijo_V.36789","properties":{"AREA_HA":10.6941932425452,"Autor":"DGT","Categoria_2021":"Espaço Agrícola","Classe_2021":"Solo Rústico","DTCC":"1507","Data_Pub_Origem":"1997-02-01T00:00:00","Designacao_no_plano":"Espaço agrícola - Área agrícola não incluído na RAN","Escala_origem":"1/25000","Fonte":"AML - Vectorial","ID1":36789,"Municipio":"MONTIJO"},"geometry":{"type":"Polygon","coordinates":[[[-8.57766205793871,38.7414998208739],[-8.57787386260414,38.741989481543],[-8.57840821937092,38.7458566449696],[-8.57977544688794,38.7493573143132],[-8.58008518447543,38.750664026902],[-8.58013680192235,38.751499428712],[-8.57978631650991,38.7524869772664],[-8.5796478887492,38.7525397025593],[-8.57959192453666,38.7525551183672],[-8.57929276282907,38.7520088714327],[-8.57892871834346,38.7517180213375],[-8.57892258945603,38.7516283620984],[-8.57892686205357,38.7515089086067],[-8.57858065897366,38.7474726995864],[-8.57829857561434,38.7468743204608],[-8.57579988651633,38.7441772066408],[-8.57588986077764,38.7437227347353],[-8.57684275179952,38.7440279161374],[-8.57707368718409,38.7438635505787],[-8.57720326125447,38.742319010382],[-8.57743035272581,38.741537033228],[-8.57766205793871,38.7414998208739]]]}},{"type":"Feature","id":"CRUS_Montijo_V.36790","properties":{"AREA_HA":5.7750464949036,"Autor":"DGT","Categoria_2021":"Não Atribuída","Classe_2021":"Solo Urbano","DTCC":"1507","Data_Pub_Origem":"1997-02-01T00:00:00","Designacao_no_plano":"Espaço urbano - Área urbanizada mista habitacional e equipamento industrial","Escala_origem":"1/25000","Fonte":"AML - Vectorial","ID1":36790,"Municipio":"MONTIJO"},"geometry":{"type":"Polygon","coordinates":[[[-8.58276233025643,38.7519692690133],[-8.58447461989141,38.752259294738],[-8.5852305595106,38.751986693127],[-8.58548424124118,38.752165491185],[-8.58553926468669,38.7536035486787],[-8.58514968788848,38.7537219203529],[-8.58464225962192,38.7533553334352],[-8.58393041094615,38.7533401090771],[-8.58287565188961,38.7535599247115],[-8.58254830840072,38.7542220223337],[-8.58247368817974,38.754338295363],[-8.58085455058162,38.7537058958349],[-8.58089561155269,38.75352745165],[-8.58141442030959,38.7530351886712],[-8.58187349179185,38.7530154424736],[-8.58276233025643,38.7519692690133]]]}},{"type":"Feature","id":"CRUS_Montijo_V.36791","properties":{"AREA_HA":15.5800531739189,"Autor":"DGT","Categoria_2021":"Espaço Florestal","Classe_2021":"Solo Rústico","DTCC":"1507","Data_Pub_Origem":"1997-02-01T00:00:00","Designacao_no_plano":"Espaço florestal - Área de mata e de protecção","Escala_origem":"1/25000","Fonte":"AML - Vectorial","ID1":36791,"Municipio":"MONTIJO"},"geometry":{"type":"Polygon","coordinates":[[[-8.62234188527863,38.7636947501346],[-8.62235604641128,38.7636893716067],[-8.62231887212251,38.7638845180835],[-8.62181424628937,38.766533460123],[-8.62126105360894,38.7664830451404],[-8.62105945964015,38.7664334563245],[-8.62051759860213,38.7659687754593],[-8.61935913145175,38.7649593211151],[-8.61866655177122,38.7642484469691],[-8.61846420837756,38.7638924101962],[-8.61813205854419,38.7634263091695],[-8.6172920302424,38.7622747295456],[-8.61734745918072,38.7620331211],[-8.61847785752315,38.7621178165655],[-8.61941994516857,38.7613629318494],[-8.61977341260861,38.7613167599861],[-8.6206095925311,38.761769205215],[-8.62100512055402,38.7616939194311],[-8.62155227754199,38.7616022788073],[-8.62195469617062,38.7620384155503],[-8.62259407458077,38.7620804132655],[-8.62237574475912,38.7634155454193],[-8.62234188527863,38.7636947501346]]]}},{"type":"Feature","id":"CRUS_Montijo_V.36792","properties":{"AREA_HA":9.47011071199896,"Autor":"DGT","Categoria_2021":"Não Atribuída","Classe_2021":"Solo Urbano","DTCC":"1507","Data_Pub_Origem":"1997-02-01T00:00:00","Designacao_no_plano":"Espaço urbano - Área urbanizada mista habitacional e equipamento industrial","Escala_origem":"1/25000","Fonte":"AML - Vectorial","ID1":36792,"Municipio":"MONTIJO"},"geometry":{"type":"Polygon","coordinates":[[[-8.62729782335808,38.7645757868404],[-8.627745621457,38.7648962048858],[-8.62801772903551,38.765090907661],[-8.62812892413488,38.765201273521],[-8.62748116978384,38.7653792279292],[-8.62688113525939,38.7659862328785],[-8.62663951087984,38.7666442792288],[-8.62670265734462,38.7676864896029],[-8.62660515882973,38.7681511990605],[-8.6262721335663,38.7685380623147],[-8.62582654311645,38.7688290366258],[-8.62528968146535,38.7688663453507],[-8.62490385434013,38.7688429613864],[-8.6238138139668,38.7684969348893],[-8.62301610858903,38.7679430539578],[-8.62308443146712,38.7678744145429],[-8.62403450081394,38.7664601937335],[-8.62473846950918,38.7659421701637],[-8.62584436355835,38.7657819433438],[-8.6264785484595,38.7651348137257],[-8.62729782335808,38.7645757868404]]]}},{"type":"Feature","id":"CRUS_Montijo_V.36793","properties":{"AREA_HA":34.7675121603049,"Autor":"DGT","Categoria_2021":"Não Atribuída","Classe_2021":"Solo Urbano (urbanizável – transitório)","DTCC":"1507","Data_Pub_Origem":"1997-02-01T00:00:00","Designacao_no_plano":"Espaço urbanizável - Área urbanizável mista habitacional e equipamento industrial","Escala_origem":"1/25000","Fonte":"AML - Vectorial","ID1":36793,"Municipio":"MONTIJO"},"geometry":{"type":"Polygon","coordinates":[[[-8.62707893828586,38.770757700615],[-8.62702055086107,38.7707775344475],[-8.62694586814295,38.7707959426735],[-8.62672117386704,38.7703670672043],[-8.62652852534076,38.7700174708208],[-8.62640331189768,38.7700502112164],[-8.6256974212977,38.7689350280896],[-8.62486660171392,38.7689841515774],[-8.62490385434013,38.7688429613864],[-8.62528968146535,38.7688663453507],[-8.62582654311645,38.7688290366258],[-8.6262721335663,38.7685380623147],[-8.62660515882973,38.7681511990605],[-8.62670265734462,38.7676864896029],[-8.62663951087984,38.7666442792288],[-8.62688113525939,38.7659862328785],[-8.62748116978384,38.7653792279292],[-8.62812892413488,38.765201273521],[-8.62801772903551,38.765090907661],[-8.627745621457,38.7648962048858],[-8.62729782335808,38.7645757868404],[-8.6264785484595,38.7651348137257],[-8.62584436355835,38.7657819433438],[-8.62473846950918,38.7659421701637],[-8.62403450081394,38.7664601937335],[-8.62476185811774,38.765214291275],[-8.62787403736193,38.7637566626591],[-8.62839339813813,38.7633355060199],[-8.62851689023524,38.7627235291182],[-8.62998261963714,38.7637000075339],[-8.63011621041391,38.7637605068737],[-8.63046044361116,38.7633823459845],[-8.63059371510052,38.7634446117175],[-8.6312353021727,38.7638462844367],[-8.63171645068904,38.7641475093391],[-8.6330935188568,38.7651086174071],[-8.63157730770399,38.7665945958532],[-8.63148682467637,38.7668552951346],[-8.63230224041789,38.7677083562522],[-8.63254940689062,38.768530462808],[-8.62787985661295,38.7704316413574],[-8.62707893828586,38.770757700615]]]}},{"type":"Feature","id":"CRUS_Montijo_V.36794","properties":{"AREA_HA":1.21286567943299,"Autor":"DGT","Categoria_2021":"Espaço Verde","Classe_2021":"Solo Urbano","DTCC":"1507","Data_Pub_Origem":"1997-02-01T00:00:00","Designacao_no_plano":"Espaço urbano verde - Área verde de protecção e enquadramento - Agrícola equipado","Escala_origem":"1/25000","Fonte":"AML - Vectorial","ID1":36794,"Municipio":"MONTIJO"},"geometry":{"type":"Polygon","coordinates":[[[-8.62998261963714,38.7637000075339],[-8.62851689023524,38.7627235291182],[-8.62862444369544,38.7626574576838],[-8.62919355669812,38.7622865666969],[-8.63036515873776,38.7631496412229],[-8.63043049486829,38.7632010270771],[-8.63053809370456,38.7632856510801],[-8.63046044361116,38.7633823459845],[-8.63011621041391,38.7637605068737],[-8.62998261963714,38.7637000075339]]]}},{"type":"Feature","id":"CRUS_Montijo_V.36795","properties":{"AREA_HA":9.13146094306071,"Autor":"DGT","Categoria_2021":"Não Atribuída","Classe_2021":"Solo Urbano (urbanizável – transitório)","DTCC":"1507","Data_Pub_Origem":"1997-02-01T00:00:00","Designacao_no_plano":"Espaço urbanizável - Área urbanizável mista habitacional e equipamento industrial","Escala_origem":"1/25000","Fonte":"AML - Vectorial","ID1":36795,"Municipio":"MONTIJO"},"geometry":{"type":"Polygon","coordinates":[[[-8.63036515873776,38.7631496412229],[-8.62919355669812,38.7622865666969],[-8.62781146182574,38.7612734838219],[-8.62781667134386,38.7610421909294],[-8.62782367610061,38.7608602896705],[-8.62915251836231,38.7603305639426],[-8.63154418565118,38.7599436709189],[-8.63257252508346,38.7597991059802],[-8.63259900206655,38.7603859338875],[-8.63251279955658,38.7608593607901],[-8.63233611060801,38.7611930098021],[-8.63165911597228,38.7619843350546],[-8.63053809370456,38.7632856510801],[-8.63043049486829,38.7632010270771],[-8.63036515873776,38.7631496412229]]]}},{"type":"Feature","id":"CRUS_Montijo_V.36796","properties":{"AREA_HA":11.8019270108418,"Autor":"DGT","Categoria_2021":"Espaço de Atividades Económicas","Classe_2021":"Solo Urbano (urbanizável – transitório)","DTCC":"1507","Data_Pub_Origem":"1997-02-01T00:00:00","Designacao_no_plano":"Espaço industrial - Área industrial proposta","Escala_origem":"1/25000","Fonte":"AML - Vectorial","ID1":36796,"Municipio":"MONTIJO"},"geometry":{"type":"Polygon","coordinates":[[[-8.62772900151819,38.760696088968],[-8.62756222512268,38.7601205658666],[-8.62677406770529,38.7590121768123],[-8.62745151464088,38.7588679529461],[-8.62810604047071,38.7587285973967],[-8.62868091238891,38.7577256036486],[-8.6292004103596,38.7577189174997],[-8.63239938629427,38.7576777263203],[-8.63254658534389,38.7576879773707],[-8.63255304411026,38.7582135615171],[-8.63257252508346,38.7597991059802],[-8.63154418565118,38.7599436709189],[-8.62915251836231,38.7603305639426],[-8.62782367610061,38.7608602896705],[-8.62772900151819,38.760696088968]]]}},{"type":"Feature","id":"CRUS_Montijo_V.36797","properties":{"AREA_HA":47.5875834126402,"Autor":"DGT","Categoria_2021":"Espaço Agrícola","Classe_2021":"Solo Rústico","DTCC":"1507","Data_Pub_Origem":"1997-02-01T00:00:00","Designacao_no_plano":"Espaço agrícola - Área agrícola não incluído na RAN","Escala_origem":"1/25000","Fonte":"AML - Vectorial","ID1":36797,"Municipio":"MONTIJO"},"geometry":{"type":"Polygon","coordinates":[[[-8.63473256014484,38.7437460016494],[-8.63550236967637,38.7450574689175],[-8.63511600049309,38.7458357208918],[-8.63525581341505,38.7460518419312],[-8.63421909723113,38.7464366006601],[-8.63383768271449,38.745278774829],[-8.63349053935435,38.7450636135945],[-8.63277715174552,38.7451930546809],[-8.63258589900131,38.7475022179132],[-8.63270993779032,38.7487655259888],[-8.63355042810685,38.7503282494165],[-8.63383009751131,38.7507784124648],[-8.63449233595195,38.7514397084803],[-8.63510128119117,38.7516946984422],[-8.63494123617063,38.7518707194583],[-8.63391257435848,38.7530381447434],[-8.63365614585933,38.7542577550909],[-8.63362594861714,38.7562002852421],[-8.63287022149288,38.7577319252774],[-8.63269740676288,38.7580821602657],[-8.63255304411026,38.7582135615171],[-8.63254658534389,38.7576879773707],[-8.63239938629427,38.7576777263203],[-8.6292004103596,38.7577189174997],[-8.62993750048594,38.7570695651824],[-8.63017343114447,38.7565414575821],[-8.63015854110866,38.7560412180004],[-8.62964319810441,38.7557664628373],[-8.62928591284051,38.7568936663245],[-8.62911575870853,38.7570373283168],[-8.62754488999268,38.7575711018338],[-8.62733902457434,38.7575005052846],[-8.62734883019262,38.7572681839253],[-8.62861046327762,38.7565659810565],[-8.62870998967792,38.7561099253281],[-8.62849302410682,38.7560840397949],[-8.62630988444179,38.75717430624],[-8.62609587455297,38.7575772367635],[-8.62617955623149,38.7581307926528],[-8.62745151464088,38.7588679529461],[-8.62677406770529,38.7590121768123],[-8.62756222512268,38.7601205658666],[-8.62772900151819,38.760696088968],[-8.62782367610061,38.7608602896705],[-8.62781667134386,38.7610421909294],[-8.62781146182574,38.7612734838219],[-8.62919355669812,38.7622865666969],[-8.62862444369544,38.7626574576838],[-8.62851689023524,38.7627235291182],[-8.62780075270114,38.7625289167922],[-8.62745322792371,38.762624235694],[-8.62661353724052,38.7633606995098],[-8.62564659817986,38.7638563797272],[-8.62536089303122,38.7638128980503],[-8.62518763121385,38.7635186717902],[-8.62545925058239,38.7624746366312],[-8.62546683156066,38.7623353519916],[-8.62553254750786,38.7620816967756],[-8.62565550166403,38.761696158501],[-8.62605251053097,38.7604512721856],[-8.62543698431972,38.758872792175],[-8.62544510564624,38.7583965868612],[-8.62578069481334,38.7574299282655],[-8.62551851697133,38.7558044374947],[-8.62580458125269,38.7555374934303],[-8.62703477526908,38.755548647516],[-8.62761639366146,38.7554209808378],[-8.62855007810853,38.7550056227111],[-8.62993172242723,38.7549550287555],[-8.63047713227335,38.7545502544449],[-8.63065993025724,38.754558418777],[-8.63076366038884,38.7546921233835],[-8.63076406394003,38.7563913510034],[-8.63108541955435,38.7566135577725],[-8.63148466108138,38.7565403015905],[-8.63169880364005,38.7561280003715],[-8.63165848463785,38.7552606686293],[-8.63135756248669,38.75428042659],[-8.63097638082839,38.7528466588607],[-8.63114555124717,38.7525373949904],[-8.63150882469788,38.7523431038261],[-8.63170312114033,38.7522514208075],[-8.63179183339723,38.7521621625315],[-8.63195996456589,38.7520137255203],[-8.63234476269606,38.7516739957117],[-8.63220078720622,38.7508619022274],[-8.63225393465816,38.7485680237591],[-8.63120300333273,38.7466039553808],[-8.63073775070197,38.7459918936747],[-8.63054872075897,38.7453244686605],[-8.63188286987093,38.7449395060156],[-8.63194975346443,38.7446141309838],[-8.63178438502551,38.7440369118956],[-8.63473256014484,38.7437460016494]]]}},{"type":"Feature","id":"CRUS_Montijo_V.36798","properties":{"AREA_HA":21.0574067656597,"Autor":"DGT","Categoria_2021":"Espaço Agrícola","Classe_2021":"Solo Rústico","DTCC":"1507","Data_Pub_Origem":"1997-02-01T00:00:00","Designacao_no_plano":"Espaço agrícola - Área agrícola não incluído na RAN","Escala_origem":"1/25000","Fonte":"AML - Vectorial","ID1":36798,"Municipio":"MONTIJO"},"geometry":{"type":"Polygon","coordinates":[[[-8.62871579951647,38.7431638214401],[-8.62649016539495,38.7429538336724],[-8.6224729019695,38.7430422747466],[-8.62223137028731,38.742775110611],[-8.62212439221313,38.7421547366765],[-8.62215941337709,38.7405983307082],[-8.62256497785267,38.7398184998498],[-8.62285222331836,38.7397636239566],[-8.62370971381938,38.739974680246],[-8.62415055223814,38.7393467414505],[-8.62592329070062,38.7381024996667],[-8.62617847409902,38.7379254579042],[-8.62884277927474,38.743091533693],[-8.62871579951647,38.7431638214401]]]}},{"type":"Feature","id":"CRUS_Montijo_V.36799","properties":{"AREA_HA":20.6144085991042,"Autor":"DGT","Categoria_2021":"Espaço Agrícola","Classe_2021":"Solo Rústico","DTCC":"1507","Data_Pub_Origem":"1997-02-01T00:00:00","Designacao_no_plano":"Espaço agrícola - Área agrícola da RAN","Escala_origem":"1/25000","Fonte":"AML - Vectorial","ID1":36799,"Municipio":"MONTIJO"},"geometry":{"type":"Polygon","coordinates":[[[-8.62592329070062,38.7381024996667],[-8.62415055223814,38.7393467414505],[-8.62370971381938,38.739974680246],[-8.62285222331836,38.7397636239566],[-8.62256497785267,38.7398184998498],[-8.62215941337709,38.7405983307082],[-8.62212439221313,38.7421547366765],[-8.62223137028731,38.742775110611],[-8.6224729019695,38.7430422747466],[-8.62283214582268,38.7434718536697],[-8.6238067984003,38.7440939295716],[-8.62523845117168,38.74476509141],[-8.62575549599857,38.7452459534859],[-8.62648637777321,38.746933538406],[-8.62649396865173,38.7480337880881],[-8.62633438703821,38.7480702524046],[-8.62607032550103,38.7478566715746],[-8.62494839447962,38.7457503037413],[-8.62431893020782,38.7451929843345],[-8.62210625227135,38.743833634607],[-8.62086516403595,38.742642227079],[-8.62082580191367,38.7418913759843],[-8.62099118359966,38.7410323833032],[-8.62156549185169,38.7398766387825],[-8.62312829265848,38.7388496013776],[-8.62445486789319,38.7380886981103],[-8.62470237565639,38.7373503133198],[-8.62444054073554,38.7360026196504],[-8.62384012057361,38.735501600229],[-8.62304580123457,38.733508718149],[-8.62251404055846,38.7329714336528],[-8.62206698941251,38.7313907252292],[-8.62208517744871,38.7312368998718],[-8.62271424266584,38.7318689567818],[-8.6235580381074,38.73344306687],[-8.62392929302065,38.7335727341663],[-8.62434646842204,38.7338978693886],[-8.62447253447986,38.7338240479572],[-8.62408560010295,38.732853276158],[-8.62419545310025,38.7328356858648],[-8.62466815158445,38.7330388072345],[-8.62521132385128,38.7339403354884],[-8.62566796314926,38.7338891886108],[-8.62605985404251,38.7331470284256],[-8.6267741014632,38.7337378963935],[-8.62615680757778,38.7339519979102],[-8.6261029529088,38.7344265073077],[-8.62594436095805,38.7346240477986],[-8.6251047553462,38.7351038465111],[-8.62502971355678,38.7351532735048],[-8.62549683309391,38.7363952744572],[-8.62617847409902,38.7379254579042],[-8.62592329070062,38.7381024996667]]]}},{"type":"Feature","id":"CRUS_Montijo_V.36800","properties":{"AREA_HA":78.6977133694492,"Autor":"DGT","Categoria_2021":"Espaço Agrícola","Classe_2021":"Solo Rústico","DTCC":"1507","Data_Pub_Origem":"1997-02-01T00:00:00","Designacao_no_plano":"Espaço agrícola - Área agrícola não incluído na RAN","Escala_origem":"1/25000","Fonte":"AML - Vectorial","ID1":36800,"Municipio":"MONTIJO"},"geometry":{"type":"Polygon","coordinates":[[[-8.62434646842204,38.7338978693886],[-8.62392929302065,38.7335727341663],[-8.6235580381074,38.73344306687],[-8.62271424266584,38.7318689567818],[-8.62208517744871,38.7312368998718],[-8.62206698941251,38.7313907252292],[-8.62251404055846,38.7329714336528],[-8.62304580123457,38.733508718149],[-8.62157957882643,38.7339824475484],[-8.62226041481571,38.7361736401469],[-8.62384012057361,38.735501600229],[-8.62444054073554,38.7360026196504],[-8.62470237565639,38.7373503133198],[-8.62445486789319,38.7380886981103],[-8.62312829265848,38.7388496013776],[-8.62224150566682,38.7367671856352],[-8.62205572532439,38.7364622418069],[-8.62166380376116,38.7362300898236],[-8.61879715701225,38.7367456121347],[-8.61906609703966,38.735773364778],[-8.61937201769137,38.7334881333211],[-8.6178928504322,38.7306088507614],[-8.61751350154846,38.7258411716785],[-8.61734995385103,38.7256061106516],[-8.61693203392059,38.7253902383493],[-8.61413549185515,38.7258370198344],[-8.6137157534,38.7253491373895],[-8.61296239190433,38.7234118904722],[-8.61301161706488,38.7231644707245],[-8.61364593628832,38.7218425867448],[-8.61375588745528,38.7209898293883],[-8.61392769135559,38.7207352472823],[-8.61443482073358,38.7204611488975],[-8.61505853443552,38.7203225606084],[-8.61709720229577,38.7205869364558],[-8.61569456295763,38.7209417195023],[-8.61580010165575,38.7211588270835],[-8.61690388158848,38.7219247207204],[-8.61928158988818,38.7212284603016],[-8.61935624340112,38.7212065988407],[-8.61935361651691,38.7211998969201],[-8.61947640580604,38.721151202697],[-8.62034151838707,38.7233902509142],[-8.62114927788346,38.7254105216137],[-8.62287922681869,38.7298097390503],[-8.6234484288107,38.7312703302199],[-8.62392656024464,38.7324947705615],[-8.62408560010295,38.732853276158],[-8.62447253447986,38.7338240479572],[-8.62434646842204,38.7338978693886]]]}},{"type":"Feature","id":"CRUS_Montijo_V.36801","properties":{"AREA_HA":4.03342810401286,"Autor":"DGT","Categoria_2021":"Espaço Agrícola","Classe_2021":"Solo Rústico","DTCC":"1507","Data_Pub_Origem":"1997-02-01T00:00:00","Designacao_no_plano":"Espaço agrícola - Área agrícola não incluído na RAN","Escala_origem":"1/25000","Fonte":"AML - Vectorial","ID1":36801,"Municipio":"MONTIJO"},"geometry":{"type":"Polygon","coordinates":[[[-8.61842854836929,38.7188413300041],[-8.61639550648471,38.7185675404523],[-8.61551448832395,38.7182448714481],[-8.6151333238641,38.7183098912699],[-8.6156620485587,38.7175223383812],[-8.61671692199273,38.7168475813004],[-8.61694092392081,38.7168831167399],[-8.61767874642474,38.7170001763958],[-8.61784112813431,38.7170192707232],[-8.61803110284915,38.7174428149231],[-8.61854336554826,38.7187810241474],[-8.61842854836929,38.7188413300041]]]}},{"type":"Feature","id":"CRUS_Montijo_V.36802","properties":{"AREA_HA":2.80414299275726,"Autor":"DGT","Categoria_2021":"Não Atribuída","Classe_2021":"Solo Urbano","DTCC":"1507","Data_Pub_Origem":"1997-02-01T00:00:00","Designacao_no_plano":"Espaço urbano - Área urbanizada mista habitacional e equipamento industrial","Escala_origem":"1/25000","Fonte":"AML - Vectorial","ID1":36802,"Municipio":"MONTIJO"},"geometry":{"type":"Polygon","coordinates":[[[-8.61816750255535,38.7173869500943],[-8.61803110284915,38.7174428149231],[-8.61784112813431,38.7170192707232],[-8.61767874642474,38.7170001763958],[-8.61694092392081,38.7168831167399],[-8.61671692199273,38.7168475813004],[-8.61620310384364,38.7167660623186],[-8.61640921944215,38.7164754012597],[-8.61692726226004,38.7161562692967],[-8.61702914844646,38.7158388626746],[-8.61675948787611,38.7152784643628],[-8.61680579760042,38.7147775869156],[-8.61696173575473,38.7147402939671],[-8.61742792788047,38.7158859706766],[-8.61757610316041,38.7158089283016],[-8.61796382344604,38.715590439807],[-8.61824572538499,38.7162504034987],[-8.61929557438045,38.7170923654498],[-8.61867267790602,38.7172671837771],[-8.61816750255535,38.7173869500943]]]}},{"type":"Feature","id":"CRUS_Montijo_V.36803","properties":{"AREA_HA":18.3897299324376,"Autor":"DGT","Categoria_2021":"Espaço Florestal","Classe_2021":"Solo Rústico","DTCC":"1507","Data_Pub_Origem":"1997-02-01T00:00:00","Designacao_no_plano":"Espaço agro-florestal","Escala_origem":"1/25000","Fonte":"AML - Vectorial","ID1":36803,"Municipio":"MONTIJO"},"geometry":{"type":"Polygon","coordinates":[[[-8.62499707725674,38.7190611376962],[-8.62501390696514,38.7197048443479],[-8.62412604073634,38.7195749248644],[-8.62159724188395,38.7210773998471],[-8.62159896992135,38.7213305548029],[-8.62263231186075,38.7222303859289],[-8.62348122053104,38.7214763700397],[-8.62396495289294,38.721329665409],[-8.62448604768025,38.7215806332605],[-8.62540034956692,38.7219474861074],[-8.62495359787462,38.7224376148926],[-8.62487325706461,38.722744136661],[-8.62373932198407,38.722278638608],[-8.62360161280233,38.7223877380098],[-8.6236042151167,38.7227675684304],[-8.62332966034034,38.7231123882992],[-8.62206011814977,38.7230634531904],[-8.62178222059929,38.7229199132901],[-8.62161760147766,38.7224684175512],[-8.62087363174052,38.7216575913416],[-8.62018026358462,38.7214977053618],[-8.61994840671848,38.7213358800389],[-8.61948075239291,38.7204334595955],[-8.61945362067247,38.7198366822014],[-8.6185616877862,38.717615636386],[-8.61867608620127,38.7174704639436],[-8.61902219134861,38.7174690224672],[-8.62047215744737,38.7177528489442],[-8.62063627780201,38.7177849731856],[-8.62058155275029,38.7177684750893],[-8.62151181582143,38.7179013523051],[-8.62495163466021,38.7189118635326],[-8.62499707725674,38.7190611376962]]]}},{"type":"Feature","id":"CRUS_Montijo_V.36804","properties":{"AREA_HA":64.1615264882035,"Autor":"DGT","Categoria_2021":"Espaço Agrícola","Classe_2021":"Solo Rústico","DTCC":"1507","Data_Pub_Origem":"1997-02-01T00:00:00","Designacao_no_plano":"Espaço agrícola - Área agrícola não incluído na RAN","Escala_origem":"1/25000","Fonte":"AML - Vectorial","ID1":36804,"Municipio":"MONTIJO"},"geometry":{"type":"Polygon","coordinates":[[[-8.62777937935003,38.717553406339],[-8.6299530375102,38.718077983614],[-8.63448776657298,38.7195062346063],[-8.63433811230618,38.7215142739439],[-8.63435263733011,38.7216488855834],[-8.64052721931493,38.7234793887509],[-8.64143810516091,38.7241937739843],[-8.64421954451598,38.7268885748318],[-8.64483912323314,38.7275166041988],[-8.64475941596963,38.7276192805135],[-8.64477395891555,38.7276338397076],[-8.64471993203275,38.7276701436567],[-8.64421327998334,38.7280105902425],[-8.64337817422123,38.727354705914],[-8.64232105635029,38.7280007598821],[-8.64120642794723,38.7269390985189],[-8.63971322092445,38.725629529448],[-8.63941380902049,38.7256941020612],[-8.63780880004444,38.7270660443718],[-8.63747325141331,38.7269138277835],[-8.63710470519228,38.7264995924771],[-8.6364768628299,38.7274243474049],[-8.63582566035917,38.7266678243025],[-8.6359759050949,38.7265096715442],[-8.63565076002764,38.7262038447676],[-8.63615544982789,38.7257950378483],[-8.63539053044191,38.7252832821063],[-8.63412653414335,38.7261417971396],[-8.63411957412503,38.7251474667955],[-8.63142579840306,38.7270302170173],[-8.63111515406925,38.7271400189146],[-8.63075711689472,38.7270692300617],[-8.62914757465405,38.7258195751114],[-8.62901901408924,38.7255760495544],[-8.62919038839324,38.7253402920934],[-8.63059712809006,38.7239647369143],[-8.6316952802956,38.7226673777904],[-8.62995647290714,38.7213911705087],[-8.6296415990812,38.7208880792474],[-8.62966905297057,38.7204133018951],[-8.62963518379775,38.7202674008373],[-8.62691256694895,38.7194992847899],[-8.62692371994101,38.7193443170572],[-8.62710606999909,38.7186691399063],[-8.62777937935003,38.717553406339]],[[-8.62965233019777,38.7187498863096],[-8.6296810474752,38.719578062106],[-8.63329495826955,38.7206250009493],[-8.63356521516002,38.7198495658824],[-8.62965233019777,38.7187498863096]]]}},{"type":"Feature","id":"CRUS_Montijo_V.36805","properties":{"AREA_HA":6.79621282418696,"Autor":"DGT","Categoria_2021":"Espaço Agrícola","Classe_2021":"Solo Rústico","DTCC":"1507","Data_Pub_Origem":"1997-02-01T00:00:00","Designacao_no_plano":"Espaço agrícola - Área agrícola da RAN","Escala_origem":"1/25000","Fonte":"AML - Vectorial","ID1":36805,"Municipio":"MONTIJO"},"geometry":{"type":"Polygon","coordinates":[[[-8.67270650622577,38.6901309169895],[-8.6722948664028,38.6901530605261],[-8.67228595122995,38.6891145976869],[-8.67215826680765,38.6889337199167],[-8.67186303410466,38.6888710360755],[-8.67158304899315,38.6889683992726],[-8.67097712981736,38.6899717989036],[-8.67081976821728,38.6902323822965],[-8.67062284311337,38.6904785883603],[-8.67015297772673,38.6910565025605],[-8.66959345296805,38.6913152569241],[-8.66921695521541,38.6916478985429],[-8.66884452496999,38.6925021601703],[-8.66806111474585,38.6928580053533],[-8.66782193700143,38.6927843802997],[-8.66777672963399,38.6923682883513],[-8.66796957228373,38.6918763834882],[-8.66842837678621,38.6912871874627],[-8.66934547592736,38.6905412795509],[-8.66947828219783,38.6904458219543],[-8.66967196741879,38.6902574478439],[-8.67157430970434,38.6878049301714],[-8.6717836329047,38.687643845459],[-8.67202239592386,38.687664092045],[-8.67238948596932,38.6879506092154],[-8.67262570693679,38.6883375717249],[-8.67286204989052,38.6887526656012],[-8.67309841110493,38.6888973496742],[-8.6732554621229,38.6892488834051],[-8.67308039402244,38.6898872928403],[-8.67305820445462,38.6899682073528],[-8.6728955754217,38.6900358444874],[-8.67270650622577,38.6901309169895]]]}},{"type":"Feature","id":"CRUS_Montijo_V.36806","properties":{"AREA_HA":59.4047806203605,"Autor":"DGT","Categoria_2021":"Espaço Agrícola","Classe_2021":"Solo Rústico","DTCC":"1507","Data_Pub_Origem":"1997-02-01T00:00:00","Designacao_no_plano":"Espaço agrícola - Área agrícola da RAN","Escala_origem":"1/25000","Fonte":"AML - Vectorial","ID1":36806,"Municipio":"MONTIJO"},"geometry":{"type":"Polygon","coordinates":[[[-8.67744097109239,38.6841264502058],[-8.67738870952261,38.6837064487545],[-8.67707049742234,38.6811490162849],[-8.67673564293757,38.6804085182456],[-8.67614962063755,38.6800648500605],[-8.67538927947405,38.6805869353182],[-8.6733016816071,38.6813029232382],[-8.67295062266258,38.6815280564093],[-8.67214957090014,38.6826661204232],[-8.67121327266605,38.6832515797819],[-8.67108654486158,38.6836008396344],[-8.67121969336783,38.6840550352417],[-8.67134290270583,38.6842173356773],[-8.67201348447242,38.6842142403583],[-8.67229897949012,38.6865081536025],[-8.6721694789843,38.6865213151614],[-8.67175152843281,38.6867532117641],[-8.67158255276186,38.6866792700217],[-8.67108539321689,38.6858916541236],[-8.67055455669074,38.6843558267583],[-8.67044859697488,38.6841951758034],[-8.67018049524555,38.6842139308798],[-8.66885175211354,38.6843864879165],[-8.66886643754885,38.6842468356959],[-8.66876868063464,38.6837931238772],[-8.66756881500657,38.6842926376976],[-8.66696682171793,38.684247371084],[-8.66615981834213,38.6842152798556],[-8.66614965571243,38.6842148766688],[-8.66614738635993,38.6841317525523],[-8.6661369549334,38.683749495789],[-8.66713594468315,38.6830990221084],[-8.67303777870889,38.6806900909164],[-8.67589474703016,38.6778176352832],[-8.67560538723905,38.6769914168887],[-8.67830071327191,38.6726795467755],[-8.68352343209038,38.6691227325043],[-8.68329160676723,38.6689508338737],[-8.68368883431716,38.6686271017786],[-8.68602946150628,38.6675660434482],[-8.6880665313046,38.666465629547],[-8.68980058689875,38.6651603219431],[-8.68862460287996,38.6666328943693],[-8.68863263357886,38.6676699591373],[-8.68845933596311,38.6680641581679],[-8.68813246113152,38.6683607552832],[-8.68708636185482,38.6683279991892],[-8.68631019533247,38.668295918435],[-8.68544810896503,38.6693192231642],[-8.68170482176598,38.6725876834709],[-8.67906229280907,38.6741709690115],[-8.67818476157516,38.6761633999242],[-8.67774206507451,38.6767018983655],[-8.67755846197887,38.6772735256759],[-8.67762614350976,38.678444414723],[-8.67780268731726,38.6800142128451],[-8.67845828552152,38.6827339518278],[-8.67835053882909,38.6838097798647],[-8.67832286587205,38.6840860843819],[-8.67835087482243,38.6842373655057],[-8.67841033562031,38.6843519097654],[-8.67827422302027,38.684688357375],[-8.67811148255253,38.6854363292835],[-8.67834577650755,38.6867161643129],[-8.67823668194506,38.6890161641175],[-8.6784508079863,38.6898082571084],[-8.67849618721754,38.6899761221032],[-8.6785410234621,38.6901322393875],[-8.6785835535413,38.6902272642821],[-8.67940225148186,38.6909321077184],[-8.67958853378937,38.6914329303983],[-8.67937848441975,38.6914979614488],[-8.6788722919484,38.6913829101021],[-8.67840675136805,38.6910755332875],[-8.67783864970088,38.6902455890553],[-8.6777250676537,38.689998847272],[-8.67768079583838,38.6898711513307],[-8.67715106131886,38.6883431936548],[-8.67703076753643,38.687286990513],[-8.67735949052986,38.684565811931],[-8.67738535111497,38.6843844304714],[-8.67740099139108,38.6843839342985],[-8.67744559121515,38.684241591609],[-8.67744097109239,38.6841264502058]]]}},{"type":"Feature","id":"CRUS_Montijo_V.36807","properties":{"AREA_HA":8.30529342442826,"Autor":"DGT","Categoria_2021":"Não Atribuída","Classe_2021":"Solo Urbano","DTCC":"1507","Data_Pub_Origem":"1997-02-01T00:00:00","Designacao_no_plano":"Espaço urbano - Área urbanizada mista habitacional e equipamento industrial","Escala_origem":"1/25000","Fonte":"AML - Vectorial","ID1":36807,"Municipio":"MONTIJO"},"geometry":{"type":"Polygon","coordinates":[[[-8.69081807678949,38.683460094844],[-8.69085077829433,38.683648155131],[-8.69104421798652,38.6866511894239],[-8.69106583804283,38.686877341094],[-8.69134977731127,38.6898471859765],[-8.68996061401298,38.6899195728751],[-8.68950582554048,38.6837446655459],[-8.68948885613388,38.6835628042088],[-8.69081807678949,38.683460094844]]]}},{"type":"Feature","id":"CRUS_Montijo_V.36808","properties":{"AREA_HA":4.55332956629265,"Autor":"DGT","Categoria_2021":"Não Atribuída","Classe_2021":"Solo Urbano","DTCC":"1507","Data_Pub_Origem":"1997-02-01T00:00:00","Designacao_no_plano":"Espaço urbano - Área urbanizada mista habitacional e equipamento industrial","Escala_origem":"1/25000","Fonte":"AML - Vectorial","ID1":36808,"Municipio":"MONTIJO"},"geometry":{"type":"Polygon","coordinates":[[[-8.69591194925523,38.6831202667726],[-8.69592715394477,38.6832656598539],[-8.69643587939328,38.6893689910272],[-8.69573683741378,38.689431176672],[-8.69513041029926,38.6833257103684],[-8.69513003117497,38.6831765967351],[-8.69547635490282,38.683157407471],[-8.69591194925523,38.6831202667726]]]}},{"type":"Feature","id":"CRUS_Montijo_V.36809","properties":{"AREA_HA":23.3688400569983,"Autor":"DGT","Categoria_2021":"Espaço Agrícola","Classe_2021":"Solo Rústico","DTCC":"1507","Data_Pub_Origem":"1997-02-01T00:00:00","Designacao_no_plano":"Espaço agrícola - Área agrícola não incluído na RAN","Escala_origem":"1/25000","Fonte":"AML - Vectorial","ID1":36809,"Municipio":"MONTIJO"},"geometry":{"type":"Polygon","coordinates":[[[-8.69513003117497,38.6831765967351],[-8.69513041029926,38.6833257103684],[-8.69573683741378,38.689431176672],[-8.69134977731127,38.6898471859765],[-8.69106583804283,38.686877341094],[-8.69104421798652,38.6866511894239],[-8.69150367006161,38.6866592514295],[-8.69202181347157,38.6865073365971],[-8.69238405107449,38.6861640331775],[-8.69222026535918,38.6849586645638],[-8.69147797833864,38.6836009277919],[-8.69149962127676,38.6834305551559],[-8.69513003117497,38.6831765967351]]]}},{"type":"Feature","id":"CRUS_Montijo_V.36810","properties":{"AREA_HA":9.12598956201595,"Autor":"DGT","Categoria_2021":"Não Atribuída","Classe_2021":"Solo Urbano (urbanizável – transitório)","DTCC":"1507","Data_Pub_Origem":"1997-02-01T00:00:00","Designacao_no_plano":"Espaço urbanizável - Área urbanizável mista habitacional e equipamento industrial","Escala_origem":"1/25000","Fonte":"AML - Vectorial","ID1":36810,"Municipio":"MONTIJO"},"geometry":{"type":"Polygon","coordinates":[[[-8.68763710453075,38.6904787597106],[-8.68771571704873,38.6900370088515],[-8.68896552167509,38.6899716366033],[-8.68996061401298,38.6899195728751],[-8.69134977731127,38.6898471859765],[-8.69573683741378,38.689431176672],[-8.69643587939328,38.6893689910272],[-8.69648884588685,38.6900192998788],[-8.69649701637667,38.6900186632778],[-8.69651571862901,38.6904312863113],[-8.68853445170213,38.6911313241388],[-8.68759544514442,38.6910931005445],[-8.68762375547111,38.690834142702],[-8.68763757666271,38.6907077155133],[-8.68762852646536,38.6907071260562],[-8.68763710453075,38.6904787597106]]]}},{"type":"Feature","id":"CRUS_Montijo_V.36811","properties":{"AREA_HA":4.96723881898597,"Autor":"DGT","Categoria_2021":"Espaço Florestal","Classe_2021":"Solo Rústico","DTCC":"1507","Data_Pub_Origem":"1997-02-01T00:00:00","Designacao_no_plano":"Espaço florestal - Área de floresta de produção","Escala_origem":"1/25000","Fonte":"AML - Vectorial","ID1":36811,"Municipio":"MONTIJO"},"geometry":{"type":"Polygon","coordinates":[[[-8.70447933293797,38.6895000199469],[-8.70463015781409,38.6895457748269],[-8.70541122989744,38.6899611106819],[-8.707122709502,38.6905295627473],[-8.70735506256726,38.6907859419703],[-8.70739801373419,38.6910741686955],[-8.70706339275008,38.6915805631434],[-8.70680739870731,38.6917569382229],[-8.70646896864666,38.691789508502],[-8.70438981064213,38.6909859173175],[-8.70306600621344,38.6914662405081],[-8.70303693957671,38.6912191567005],[-8.70389528062825,38.6901113210402],[-8.70401809158204,38.690224033059],[-8.70447933293797,38.6895000199469]]]}},{"type":"Feature","id":"CRUS_Montijo_V.36812","properties":{"AREA_HA":5.76020834458666,"Autor":"DGT","Categoria_2021":"Espaço Florestal","Classe_2021":"Solo Rústico","DTCC":"1507","Data_Pub_Origem":"1997-02-01T00:00:00","Designacao_no_plano":"Espaço florestal - Área de floresta de produção","Escala_origem":"1/25000","Fonte":"AML - Vectorial","ID1":36812,"Municipio":"MONTIJO"},"geometry":{"type":"Polygon","coordinates":[[[-8.71941704730097,38.6912138170573],[-8.7202594774144,38.69151862135],[-8.72134185892493,38.6913483503074],[-8.7200810315257,38.6928895618844],[-8.71893038162797,38.6937853207903],[-8.71870429757075,38.6933684285174],[-8.71841930222299,38.6933080442766],[-8.71838060577779,38.6935451687035],[-8.71869925732121,38.6944088558396],[-8.71860703007177,38.6948537666257],[-8.71860726828592,38.6949140072403],[-8.71860250344456,38.6950147761162],[-8.71746970879137,38.6945517722775],[-8.71747476144694,38.6944860435909],[-8.71746852261225,38.6943815418191],[-8.7179761220542,38.6937841168227],[-8.71787851305577,38.693444669032],[-8.7171590032822,38.6932628595632],[-8.71710204062962,38.6929232080712],[-8.71749138827277,38.6924886109542],[-8.71784201178068,38.6922911369628],[-8.71796595235222,38.692537742451],[-8.71880746570872,38.6927292394965],[-8.71859929444988,38.6921225199859],[-8.71916091716108,38.6913696191033],[-8.71941704730097,38.6912138170573]]]}},{"type":"Feature","id":"CRUS_Montijo_V.36813","properties":{"AREA_HA":1.43200129573608,"Autor":"DGT","Categoria_2021":"Não Atribuída","Classe_2021":"Não Atribuída","DTCC":"1507","Data_Pub_Origem":"1997-02-01T00:00:00","Designacao_no_plano":"Indefinida","Escala_origem":"1/25000","Fonte":"AML - Vectorial","ID1":36813,"Municipio":"MONTIJO"},"geometry":{"type":"Polygon","coordinates":[[[-8.71862504003462,38.6951950220623],[-8.71879173950497,38.6960684937395],[-8.71689115256141,38.6953412934312],[-8.71744299103183,38.694677359192],[-8.71746970879137,38.6945517722775],[-8.71860250344456,38.6950147761162],[-8.71862504003462,38.6951950220623]]]}},{"type":"Feature","id":"CRUS_Montijo_V.36814","properties":{"AREA_HA":7.27458187627558,"Autor":"DGT","Categoria_2021":"Espaço Agrícola","Classe_2021":"Solo Rústico","DTCC":"1507","Data_Pub_Origem":"1997-02-01T00:00:00","Designacao_no_plano":"Espaço agrícola - Área agrícola da RAN","Escala_origem":"1/25000","Fonte":"AML - Vectorial","ID1":36814,"Municipio":"MONTIJO"},"geometry":{"type":"Polygon","coordinates":[[[-8.71926969198682,38.6954299816138],[-8.71949746994412,38.6960401684462],[-8.72062941270559,38.6969477469186],[-8.72095919754973,38.6975126469126],[-8.72087526711139,38.698841908979],[-8.72011364771129,38.7001436749789],[-8.71980608088495,38.7004090129902],[-8.71924489061268,38.7001698865258],[-8.71928154243331,38.6995197269209],[-8.71850545929723,38.6973327770732],[-8.71850175679058,38.6968795467782],[-8.71879173950497,38.6960684937395],[-8.71862504003462,38.6951950220623],[-8.71860250344456,38.6950147761162],[-8.71860726828592,38.6949140072403],[-8.71860703007177,38.6948537666257],[-8.71869925732121,38.6944088558396],[-8.71838060577779,38.6935451687035],[-8.71841930222299,38.6933080442766],[-8.71870429757075,38.6933684285174],[-8.71893038162797,38.6937853207903],[-8.71928330534595,38.6945913456566],[-8.71924619374812,38.6951188724577],[-8.71925282990393,38.6952568021565],[-8.71925585856211,38.6952879091291],[-8.71926969198682,38.6954299816138]],[[-8.71951688233014,38.6968196633627],[-8.71935725766422,38.6971810037049],[-8.7194860994392,38.6980250397592],[-8.71970606503201,38.6984153787831],[-8.72012614622446,38.6984235634177],[-8.7203802614198,38.6980205435803],[-8.72014269183923,38.6971358521857],[-8.72001941141806,38.6969716521827],[-8.71951688233014,38.6968196633627]]]}},{"type":"Feature","id":"CRUS_Montijo_V.36815","properties":{"AREA_HA":8.61010026446208,"Autor":"DGT","Categoria_2021":"Espaço Florestal","Classe_2021":"Solo Rústico","DTCC":"1507","Data_Pub_Origem":"1997-02-01T00:00:00","Designacao_no_plano":"Espaço agro-florestal","Escala_origem":"1/25000","Fonte":"AML - Vectorial","ID1":36815,"Municipio":"MONTIJO"},"geometry":{"type":"Polygon","coordinates":[[[-8.72211383763094,38.6913212795277],[-8.72273863546806,38.6915189950093],[-8.7230779301645,38.6917615426682],[-8.72053759225884,38.6956658422761],[-8.72043652195821,38.6957896152423],[-8.71925585856211,38.6952879091291],[-8.71925282990393,38.6952568021565],[-8.71924619374812,38.6951188724577],[-8.71928330534595,38.6945913456566],[-8.71893038162797,38.6937853207903],[-8.7200810315257,38.6928895618844],[-8.72134185892493,38.6913483503074],[-8.72211383763094,38.6913212795277]]]}},{"type":"Feature","id":"CRUS_Montijo_V.36816","properties":{"AREA_HA":1.21689251664154,"Autor":"DGT","Categoria_2021":"Espaço Florestal","Classe_2021":"Solo Rústico","DTCC":"1507","Data_Pub_Origem":"1997-02-01T00:00:00","Designacao_no_plano":"Espaço florestal - Área de floresta de produção","Escala_origem":"1/25000","Fonte":"AML - Vectorial","ID1":36816,"Municipio":"MONTIJO"},"geometry":{"type":"Polygon","coordinates":[[[-8.72352081726218,38.6972043869794],[-8.72284949897425,38.6981332403084],[-8.72242596617582,38.698117498917],[-8.72218082233953,38.6983422443255],[-8.72185067280612,38.6982410928851],[-8.72269571476637,38.6969182805473],[-8.72282544941895,38.6967499718134],[-8.72358831067742,38.6970790099429],[-8.72352081726218,38.6972043869794]]]}},{"type":"Feature","id":"CRUS_Montijo_V.36817","properties":{"AREA_HA":15.6236808749307,"Autor":"DGT","Categoria_2021":"Espaço de Atividades Económicas","Classe_2021":"Solo Urbano (urbanizável – transitório)","DTCC":"1507","Data_Pub_Origem":"1997-02-01T00:00:00","Designacao_no_plano":"Espaço industrial - Área industrial proposta","Escala_origem":"1/25000","Fonte":"AML - Vectorial","ID1":36817,"Municipio":"MONTIJO"},"geometry":{"type":"Polygon","coordinates":[[[-8.72426181224122,38.6898630146543],[-8.72563012015084,38.6902353418504],[-8.72295918533741,38.69428126119],[-8.72292588594499,38.6945228278452],[-8.72375389406558,38.6948802318439],[-8.72575165654868,38.6957425245279],[-8.72590302707166,38.6958145392688],[-8.72472121901926,38.697546333251],[-8.72358831067742,38.6970790099429],[-8.72282544941895,38.6967499718134],[-8.72141217703475,38.6961701592922],[-8.72043652195821,38.6957896152423],[-8.72053759225884,38.6956658422761],[-8.7230779301645,38.6917615426682],[-8.72426181224122,38.6898630146543]]]}},{"type":"Feature","id":"CRUS_Montijo_V.36818","properties":{"AREA_HA":3.28603918954866,"Autor":"DGT","Categoria_2021":"Não Atribuída","Classe_2021":"Solo Urbano","DTCC":"1507","Data_Pub_Origem":"1997-02-01T00:00:00","Designacao_no_plano":"Espaço urbano - Área urbanizada mista habitacional e equipamento industrial","Escala_origem":"1/25000","Fonte":"AML - Vectorial","ID1":36818,"Municipio":"MONTIJO"},"geometry":{"type":"Polygon","coordinates":[[[-8.72358831067742,38.6970790099429],[-8.72472121901926,38.697546333251],[-8.72346225982523,38.6994186715936],[-8.72313258118684,38.6992849958418],[-8.72137093902813,38.6985430198154],[-8.72152053575363,38.6981399485526],[-8.72185067280612,38.6982410928851],[-8.72218082233953,38.6983422443255],[-8.72242596617582,38.698117498917],[-8.72284949897425,38.6981332403084],[-8.72352081726218,38.6972043869794],[-8.72358831067742,38.6970790099429]]]}},{"type":"Feature","id":"CRUS_Montijo_V.36819","properties":{"AREA_HA":3.95065592523217,"Autor":"DGT","Categoria_2021":"Espaço Florestal","Classe_2021":"Solo Rústico","DTCC":"1507","Data_Pub_Origem":"1997-02-01T00:00:00","Designacao_no_plano":"Espaço florestal - Área silvo-pastoril","Escala_origem":"1/25000","Fonte":"AML - Vectorial","ID1":36819,"Municipio":"MONTIJO"},"geometry":{"type":"Polygon","coordinates":[[[-8.72575165654868,38.6957425245279],[-8.72375389406558,38.6948802318439],[-8.72537676795824,38.6929150817225],[-8.72609655076551,38.6931277550721],[-8.72575156728926,38.6940050976972],[-8.72642256625132,38.6947506896585],[-8.72647674435198,38.694900543158],[-8.72590302707166,38.6958145392688],[-8.72575165654868,38.6957425245279]]]}},{"type":"Feature","id":"CRUS_Montijo_V.36820","properties":{"AREA_HA":1.01055478025724,"Autor":"DGT","Categoria_2021":"Espaço Florestal","Classe_2021":"Solo Rústico","DTCC":"1507","Data_Pub_Origem":"1997-02-01T00:00:00","Designacao_no_plano":"Espaço florestal - Área de floresta de produção","Escala_origem":"1/25000","Fonte":"AML - Vectorial","ID1":36820,"Municipio":"MONTIJO"},"geometry":{"type":"Polygon","coordinates":[[[-8.71490903315493,38.7117784957766],[-8.71425166469511,38.7112698104354],[-8.71433066948495,38.7109861319919],[-8.71468009446491,38.7106290070476],[-8.71556288079774,38.7107924949783],[-8.71572428995982,38.7108548150639],[-8.71503943009668,38.7118831956503],[-8.71490903315493,38.7117784957766]]]}},{"type":"Feature","id":"CRUS_Montijo_V.36821","properties":{"AREA_HA":1.84421133772845,"Autor":"DGT","Categoria_2021":"Não Atribuída","Classe_2021":"Solo Urbano","DTCC":"1507","Data_Pub_Origem":"1997-02-01T00:00:00","Designacao_no_plano":"Espaço urbano - Área urbanizada mista habitacional e equipamento industrial","Escala_origem":"1/25000","Fonte":"AML - Vectorial","ID1":36821,"Municipio":"MONTIJO"},"geometry":{"type":"Polygon","coordinates":[[[-8.71608347716582,38.7100074220004],[-8.71480818339307,38.709439921485],[-8.71495812993418,38.709072610606],[-8.71454615471697,38.7088696049423],[-8.71409597531828,38.7086477634389],[-8.71442177304573,38.7082080540679],[-8.7163100298504,38.7089675115564],[-8.71598438556241,38.7094251073229],[-8.71638910471329,38.7095465216906],[-8.71651900605415,38.7095893503039],[-8.71624313774296,38.7100375083143],[-8.71608347716582,38.7100074220004]]]}},{"type":"Feature","id":"CRUS_Montijo_V.36822","properties":{"AREA_HA":41.5955822043543,"Autor":"DGT","Categoria_2021":"Espaço Florestal","Classe_2021":"Solo Rústico","DTCC":"1507","Data_Pub_Origem":"1997-02-01T00:00:00","Designacao_no_plano":"Espaço florestal - Área de floresta de produção","Escala_origem":"1/25000","Fonte":"AML - Vectorial","ID1":36822,"Municipio":"MONTIJO"},"geometry":{"type":"Polygon","coordinates":[[[-8.71105105754461,38.7175040504863],[-8.71104511391166,38.7175127276312],[-8.7109532960617,38.7174707893869],[-8.7084774280232,38.7163398809104],[-8.70824318792772,38.7161330320338],[-8.70856725595283,38.71560102391],[-8.70823801035445,38.7154882456395],[-8.7080580728341,38.7152291246061],[-8.70831591302072,38.7149678468126],[-8.7088346095407,38.7148196915705],[-8.70909002043339,38.7142568168165],[-8.70620950153888,38.7129342823726],[-8.70940655830526,38.70698436293],[-8.709627945846,38.7071017074532],[-8.71139054195138,38.7080359188377],[-8.71198757143489,38.7081359659833],[-8.71277762148398,38.7080618527473],[-8.71409597531828,38.7086477634389],[-8.71454615471697,38.7088696049423],[-8.71315391181756,38.7105706280955],[-8.71216474658364,38.7121016892007],[-8.7113241565088,38.7137282747124],[-8.71319340569775,38.7143627729168],[-8.71333798493555,38.7144058952144],[-8.71237692961941,38.7158561304826],[-8.71223376258834,38.7157772856405],[-8.71150983216412,38.7153973514211],[-8.71118418240126,38.7153474662719],[-8.71094058949157,38.7153898751885],[-8.71038913817415,38.7159076566579],[-8.71036494441809,38.7162683132483],[-8.71055640677293,38.7164836844979],[-8.71148409543685,38.7168718212361],[-8.71159169544482,38.7169287911544],[-8.71119418740711,38.7175527468587],[-8.71105105754461,38.7175040504863]]]}},{"type":"Feature","id":"CRUS_Montijo_V.36823","properties":{"AREA_HA":39.2847798104804,"Autor":"DGT","Categoria_2021":"Espaço Agrícola","Classe_2021":"Solo Rústico","DTCC":"1507","Data_Pub_Origem":"1997-02-01T00:00:00","Designacao_no_plano":"Espaço agrícola - Área agrícola da RAN","Escala_origem":"1/25000","Fonte":"AML - Vectorial","ID1":36823,"Municipio":"MONTIJO"},"geometry":{"type":"Polygon","coordinates":[[[-8.70847735863074,38.7333062592945],[-8.70917253224173,38.7334190506725],[-8.71069645713538,38.7342195412616],[-8.71143224415674,38.7349277613016],[-8.71209987136231,38.7353406912419],[-8.71448239197056,38.736017260228],[-8.71550925032319,38.7363965814327],[-8.71626613038428,38.7368577024089],[-8.71714397992402,38.7377205364297],[-8.71784592883629,38.7386557694112],[-8.7192730114858,38.7422643017858],[-8.71945011153821,38.7423349348079],[-8.72046084361555,38.7421689229592],[-8.72072260529932,38.7425162765285],[-8.72060703894839,38.7430269533597],[-8.7195678327108,38.742998609395],[-8.71804684812242,38.742993886402],[-8.71739754954143,38.7427468089771],[-8.71543604739808,38.7415613303592],[-8.71277669986953,38.7396915556297],[-8.71159920583822,38.73960799618],[-8.71123333083972,38.7394757077655],[-8.71079460265565,38.7390666129786],[-8.70873700900006,38.7386030534796],[-8.70716498055934,38.7377435743009],[-8.70640964167685,38.7374701309543],[-8.70316571304177,38.737405558894],[-8.70151035486512,38.7378964279765],[-8.69971856548496,38.7381823566249],[-8.69868203563525,38.7380622107834],[-8.69777644468657,38.7381291855813],[-8.69514369011981,38.7385442234225],[-8.69403574382841,38.7384031630238],[-8.69367845005346,38.7383564540399],[-8.6953009056456,38.7376741713931],[-8.69577389102592,38.7377065948618],[-8.69767759978703,38.7376479082189],[-8.7027683299958,38.736684068474],[-8.705883313615,38.736685895585],[-8.70776950707676,38.7371057602604],[-8.70915964172593,38.7379889560954],[-8.7100569862812,38.7383600191007],[-8.71163556399035,38.7385667723843],[-8.71429050033571,38.7394476275089],[-8.71527441676193,38.7403278278763],[-8.7158417402693,38.7406289688955],[-8.71692628378678,38.7408559976365],[-8.71721967323115,38.7407561893222],[-8.71725220907974,38.7404162907917],[-8.71592931318959,38.7383241290079],[-8.71521817158865,38.737701840323],[-8.71391888603378,38.737157559263],[-8.71152593966283,38.7366508937745],[-8.71100904494708,38.7363416983224],[-8.7105580684494,38.7358700848235],[-8.70990116184283,38.7346663718028],[-8.70820414271327,38.7343528940861],[-8.70792066499798,38.7342201798141],[-8.70788385202234,38.734032607529],[-8.70823091407652,38.7333879337931],[-8.70847735863074,38.7333062592945]]]}},{"type":"Feature","id":"CRUS_Montijo_V.36824","properties":{"AREA_HA":23.255683630452,"Autor":"DGT","Categoria_2021":"Espaço Agrícola","Classe_2021":"Solo Rústico","DTCC":"1507","Data_Pub_Origem":"1997-02-01T00:00:00","Designacao_no_plano":"Espaço agrícola - Área agrícola da RAN","Escala_origem":"1/25000","Fonte":"AML - Vectorial","ID1":36824,"Municipio":"MONTIJO"},"geometry":{"type":"Polygon","coordinates":[[[-8.69265098866583,38.7381937427005],[-8.69000767713113,38.738197735165],[-8.68582382446972,38.738845995012],[-8.68119402006218,38.740657106718],[-8.67847322316639,38.7425641668581],[-8.67744292847824,38.7425689797792],[-8.67512646738359,38.7421263946551],[-8.67303184986847,38.7412193209907],[-8.67092898980688,38.7405840721688],[-8.67074973657801,38.7401831603414],[-8.67272924335625,38.7402152225939],[-8.67294489086624,38.740049414451],[-8.67300977043436,38.7403068779555],[-8.6735020726323,38.7408711556317],[-8.6740193879256,38.7411571842138],[-8.6755388630594,38.7413046515991],[-8.67595746170345,38.7410863771122],[-8.67570588141879,38.7400883542869],[-8.67528064222719,38.7394310638082],[-8.67469337503181,38.738856938171],[-8.67401957360368,38.7376186458768],[-8.67375525237254,38.736723683518],[-8.67279782913738,38.7355950008378],[-8.67282268344932,38.7352961531312],[-8.67305288455175,38.7352641906335],[-8.6739680068788,38.7361767399436],[-8.6749046784814,38.7382599518832],[-8.67608016564158,38.7395318195217],[-8.67636909485803,38.7405555653506],[-8.67679309877144,38.7410480386965],[-8.6776633612704,38.7413942097714],[-8.67821901247746,38.7413710131886],[-8.67894783404635,38.7409452656895],[-8.6794958286599,38.7403371106099],[-8.68033410102917,38.7400447540078],[-8.68171603594249,38.7399352569711],[-8.68319987006907,38.7392811617365],[-8.68515681574766,38.7381491065816],[-8.68672568119315,38.737678129571],[-8.68902138375782,38.7372655727298],[-8.69070210600503,38.7372369496384],[-8.69189683822288,38.7374681516732],[-8.6939559563902,38.73764221406],[-8.69422114382045,38.7376705383922],[-8.69290567385322,38.738228759221],[-8.69265098866583,38.7381937427005]]]}},{"type":"Feature","id":"CRUS_Montijo_V.36825","properties":{"AREA_HA":40.8204296468715,"Autor":"DGT","Categoria_2021":"Espaço Florestal","Classe_2021":"Solo Rústico","DTCC":"1507","Data_Pub_Origem":"1997-02-01T00:00:00","Designacao_no_plano":"Espaço florestal - Área de floresta de produção","Escala_origem":"1/25000","Fonte":"AML - Vectorial","ID1":36825,"Municipio":"MONTIJO"},"geometry":{"type":"Polygon","coordinates":[[[-8.67354668290681,38.7451687139791],[-8.67354723025711,38.7448468832151],[-8.6730390572027,38.7444633703723],[-8.67286576543159,38.7439591310306],[-8.67497190217786,38.7431984148669],[-8.67522792252893,38.742991203553],[-8.67512646738359,38.7421263946551],[-8.67744292847824,38.7425689797792],[-8.67847322316639,38.7425641668581],[-8.68119402006218,38.740657106718],[-8.68582382446972,38.738845995012],[-8.69000767713113,38.738197735165],[-8.69265098866583,38.7381937427005],[-8.69290567385322,38.738228759221],[-8.68768737401971,38.7403386457172],[-8.68174154502121,38.7438884168793],[-8.6801230436538,38.7443427952263],[-8.67521769174844,38.7450490027498],[-8.67358641238793,38.7453018621766],[-8.67354668290681,38.7451687139791]]]}},{"type":"Feature","id":"CRUS_Montijo_V.36826","properties":{"AREA_HA":1.24817282384515,"Autor":"DGT","Categoria_2021":"Espaço de Atividades Industriais ","Classe_2021":"Solo Rústico","DTCC":"1507","Data_Pub_Origem":"1997-02-01T00:00:00","Designacao_no_plano":"Espaço industrial - Área industrial existente","Escala_origem":"1/25000","Fonte":"AML - Vectorial","ID1":36826,"Municipio":"MONTIJO"},"geometry":{"type":"Polygon","coordinates":[[[-8.67200074025078,38.7455384200375],[-8.67175948356022,38.7450920719549],[-8.6730390572027,38.7444633703723],[-8.67354723025711,38.7448468832151],[-8.67354668290681,38.7451687139791],[-8.67358641238793,38.7453018621766],[-8.6721012661231,38.7456503888506],[-8.67200074025078,38.7455384200375]]]}},{"type":"Feature","id":"CRUS_Montijo_V.36827","properties":{"AREA_HA":6.85555596903339,"Autor":"DGT","Categoria_2021":"Espaço de Atividades Industriais ","Classe_2021":"Solo Rústico","DTCC":"1507","Data_Pub_Origem":"1997-02-01T00:00:00","Designacao_no_plano":"Espaço industrial - Área industrial existente","Escala_origem":"1/25000","Fonte":"AML - Vectorial","ID1":36827,"Municipio":"MONTIJO"},"geometry":{"type":"Polygon","coordinates":[[[-8.67349957352566,38.7456526789355],[-8.67355795801213,38.7458207407988],[-8.67394644910035,38.7468024860343],[-8.67502260607222,38.749221961232],[-8.67536000910431,38.7502574908],[-8.67548414919343,38.7504966515059],[-8.67286915771753,38.750222689],[-8.67242111707741,38.7501174765417],[-8.67251338047289,38.7498667188553],[-8.67319492388771,38.7497205176528],[-8.67288447251105,38.7491318782562],[-8.67316504359663,38.7488802476129],[-8.67309145920012,38.7484872103515],[-8.67358332878651,38.7481630766517],[-8.67242509042629,38.7462016972933],[-8.67231637303572,38.7459910472491],[-8.67349957352566,38.7456526789355]]]}},{"type":"Feature","id":"CRUS_Montijo_V.36828","properties":{"AREA_HA":14.763703042624,"Autor":"DGT","Categoria_2021":"Espaço Florestal","Classe_2021":"Solo Rústico","DTCC":"1507","Data_Pub_Origem":"1997-02-01T00:00:00","Designacao_no_plano":"Espaço florestal - Área de floresta de produção","Escala_origem":"1/25000","Fonte":"AML - Vectorial","ID1":36828,"Municipio":"MONTIJO"},"geometry":{"type":"Polygon","coordinates":[[[-8.66682919951632,38.7497043848262],[-8.66603948226159,38.7488144420371],[-8.66911649780001,38.7474074500071],[-8.67231637303572,38.7459910472491],[-8.67242509042629,38.7462016972933],[-8.67358332878651,38.7481630766517],[-8.67309145920012,38.7484872103515],[-8.67316504359663,38.7488802476129],[-8.67288447251105,38.7491318782562],[-8.67319492388771,38.7497205176528],[-8.67251338047289,38.7498667188553],[-8.67204665558132,38.7496158687998],[-8.6703257630889,38.7493258598941],[-8.67004955189514,38.7493290684278],[-8.66768970293695,38.7493319457507],[-8.66703161403246,38.7496168479938],[-8.66682919951632,38.7497043848262]]]}},{"type":"Feature","id":"CRUS_Montijo_V.36829","properties":{"AREA_HA":15.4442594924608,"Autor":"DGT","Categoria_2021":"Espaço Florestal","Classe_2021":"Solo Rústico","DTCC":"1507","Data_Pub_Origem":"1997-02-01T00:00:00","Designacao_no_plano":"Espaço florestal - Área de floresta de produção","Escala_origem":"1/25000","Fonte":"AML - Vectorial","ID1":36829,"Municipio":"MONTIJO"},"geometry":{"type":"Polygon","coordinates":[[[-8.6666531269239,38.7480189418687],[-8.6671026096956,38.7464496665586],[-8.66427940207229,38.7427798395866],[-8.66578561968292,38.7421674446897],[-8.6667365761608,38.743486713858],[-8.66768900918105,38.7431194209778],[-8.66828429550568,38.743831871645],[-8.66862471890714,38.743669371871],[-8.66874701415968,38.7436290616805],[-8.66885036535907,38.7436026583551],[-8.66974128408172,38.7431185636984],[-8.67083689038158,38.7427838789561],[-8.67158987537649,38.7437590063888],[-8.67076745067936,38.7441503782462],[-8.67032079933456,38.7444653285597],[-8.66918642410709,38.7449133265848],[-8.66905906706446,38.7449679607356],[-8.66897014120681,38.7449927703507],[-8.66883751777711,38.7450584587721],[-8.66815551851164,38.7453962489375],[-8.6692045633303,38.7467780666438],[-8.66925261515616,38.7469118654432],[-8.66669987918211,38.7481149768491],[-8.6666531269239,38.7480189418687]]]}},{"type":"Feature","id":"CRUS_Montijo_V.36830","properties":{"AREA_HA":3.78174079028857,"Autor":"DGT","Categoria_2021":"Espaço de Atividades Económicas","Classe_2021":"Solo Urbano","DTCC":"1507","Data_Pub_Origem":"1997-02-01T00:00:00","Designacao_no_plano":"Espaço industrial - Área industrial existente","Escala_origem":"1/25000","Fonte":"AML - Vectorial","ID1":36830,"Municipio":"MONTIJO"},"geometry":{"type":"Polygon","coordinates":[[[-8.66444660076728,38.7488042799184],[-8.66242508767426,38.7465814534094],[-8.66231459269536,38.7463575025505],[-8.66239041401663,38.7460972776061],[-8.66291096996337,38.7458479787607],[-8.66301311008252,38.7457489748003],[-8.66366664012109,38.7463855070685],[-8.66570762220225,38.748566289086],[-8.66459165196906,38.7489305539151],[-8.66444660076728,38.7488042799184]]]}},{"type":"Feature","id":"CRUS_Montijo_V.36831","properties":{"AREA_HA":47.4513288664728,"Autor":"DGT","Categoria_2021":"Não Atribuída","Classe_2021":"Solo Urbano (urbanizável – transitório)","DTCC":"1507","Data_Pub_Origem":"1997-02-01T00:00:00","Designacao_no_plano":"Espaço urbanizável - Área urbanizável mista habitacional e equipamento industrial","Escala_origem":"1/25000","Fonte":"AML - Vectorial","ID1":36831,"Municipio":"MONTIJO"},"geometry":{"type":"Polygon","coordinates":[[[-8.655642241224,38.7337959543257],[-8.65586920408074,38.7339214185266],[-8.6570876642112,38.7345949657822],[-8.65893870396274,38.7357595236095],[-8.66427940207229,38.7427798395866],[-8.6671026096956,38.7464496665586],[-8.6666531269239,38.7480189418687],[-8.66669987918211,38.7481149768491],[-8.66570762220225,38.748566289086],[-8.66366664012109,38.7463855070685],[-8.66371170148459,38.7462281325989],[-8.66381495187873,38.7460439363772],[-8.66383670678806,38.7457126499341],[-8.66376079454218,38.7452714058684],[-8.66346735162551,38.7448863601793],[-8.66288212389538,38.7443370376165],[-8.6625642060674,38.7439152944438],[-8.66227024231215,38.7434566448894],[-8.66212168633586,38.7430157382833],[-8.66202197329481,38.7426298010904],[-8.66172937832074,38.742355140842],[-8.66105085969236,38.7422846184748],[-8.66073553999317,38.7422124416983],[-8.66039424748856,38.7419011999013],[-8.66032011254607,38.7416991436925],[-8.66077907617539,38.7415498684184],[-8.6614807230768,38.7414730969161],[-8.66167265364717,38.7412330380003],[-8.66147705438586,38.7409763320045],[-8.66111276534535,38.7408307906192],[-8.66060457115548,38.7408698873646],[-8.65990415952417,38.7411122424828],[-8.65949118141315,38.740930118378],[-8.65912379558226,38.7403613900666],[-8.65863655936876,38.7399588028765],[-8.65802881740089,38.7396303516387],[-8.65771310857259,38.7395029750238],[-8.65754214317095,38.7393013523429],[-8.65719858780432,38.7386773183837],[-8.65688172034944,38.7383847113704],[-8.65632349538665,38.7382032194059],[-8.65592820481396,38.7382299709272],[-8.65572087619377,38.7382655006986],[-8.65424526603251,38.7368441656195],[-8.65246544689455,38.7351087939801],[-8.65263603548252,38.7350388593451],[-8.655642241224,38.7337959543257]]]}},{"type":"Feature","id":"CRUS_Montijo_V.36832","properties":{"AREA_HA":10.101511063053,"Autor":"DGT","Categoria_2021":"Não Atribuída","Classe_2021":"Solo Urbano","DTCC":"1507","Data_Pub_Origem":"1997-02-01T00:00:00","Designacao_no_plano":"Espaço urbano - Área urbanizada mista habitacional e equipamento industrial","Escala_origem":"1/25000","Fonte":"AML - Vectorial","ID1":36832,"Municipio":"MONTIJO"},"geometry":{"type":"Polygon","coordinates":[[[-8.65632349538665,38.7382032194059],[-8.65688172034944,38.7383847113704],[-8.65719858780432,38.7386773183837],[-8.65754214317095,38.7393013523429],[-8.65771310857259,38.7395029750238],[-8.65802881740089,38.7396303516387],[-8.65863655936876,38.7399588028765],[-8.65912379558226,38.7403613900666],[-8.65949118141315,38.740930118378],[-8.65990415952417,38.7411122424828],[-8.66060457115548,38.7408698873646],[-8.66111276534535,38.7408307906192],[-8.66147705438586,38.7409763320045],[-8.66167265364717,38.7412330380003],[-8.6614807230768,38.7414730969161],[-8.66077907617539,38.7415498684184],[-8.66032011254607,38.7416991436925],[-8.66039424748856,38.7419011999013],[-8.66073553999317,38.7422124416983],[-8.66105085969236,38.7422846184748],[-8.66172937832074,38.742355140842],[-8.66202197329481,38.7426298010904],[-8.66212168633586,38.7430157382833],[-8.66227024231215,38.7434566448894],[-8.6625642060674,38.7439152944438],[-8.66288212389538,38.7443370376165],[-8.66346735162551,38.7448863601793],[-8.66376079454218,38.7452714058684],[-8.66383670678806,38.7457126499341],[-8.66381495187873,38.7460439363772],[-8.66371170148459,38.7462281325989],[-8.66366664012109,38.7463855070685],[-8.66301311008252,38.7457489748003],[-8.66026204303335,38.7428179652758],[-8.65903361378079,38.7415707824344],[-8.65680256803714,38.7393469319204],[-8.65572087619377,38.7382655006986],[-8.65592820481396,38.7382299709272],[-8.65632349538665,38.7382032194059]]]}},{"type":"Feature","id":"CRUS_Montijo_V.36833","properties":{"AREA_HA":2.35357460499303,"Autor":"DGT","Categoria_2021":"Não Atribuída","Classe_2021":"Solo Urbano (urbanizável – transitório)","DTCC":"1507","Data_Pub_Origem":"1997-02-01T00:00:00","Designacao_no_plano":"Espaço urbanizável - Área urbanizável mista habitacional e equipamento industrial","Escala_origem":"1/25000","Fonte":"AML - Vectorial","ID1":36833,"Municipio":"MONTIJO"},"geometry":{"type":"Polygon","coordinates":[[[-8.65184845071838,38.7317694612814],[-8.6520058892928,38.7317856824813],[-8.65390807327018,38.7328372856562],[-8.65114160268315,38.7336011440965],[-8.65100783094787,38.7336446296809],[-8.65184845071838,38.7317694612814]]]}},{"type":"Feature","id":"CRUS_Montijo_V.36834","properties":{"AREA_HA":5.19580274572223,"Autor":"DGT","Categoria_2021":"Espaço de Atividades Económicas","Classe_2021":"Solo Urbano","DTCC":"1507","Data_Pub_Origem":"1997-02-01T00:00:00","Designacao_no_plano":"Espaço industrial - Área industrial existente","Escala_origem":"1/25000","Fonte":"AML - Vectorial","ID1":36834,"Municipio":"MONTIJO"},"geometry":{"type":"Polygon","coordinates":[[[-8.65390807327018,38.7328372856562],[-8.655642241224,38.7337959543257],[-8.65263603548252,38.7350388593451],[-8.65246544689455,38.7351087939801],[-8.65100783094787,38.7336446296809],[-8.65114160268315,38.7336011440965],[-8.65390807327018,38.7328372856562]]]}},{"type":"Feature","id":"CRUS_Montijo_V.36835","properties":{"AREA_HA":39.2462870318773,"Autor":"DGT","Categoria_2021":"Espaço de Atividades Económicas","Classe_2021":"Solo Urbano (urbanizável – transitório)","DTCC":"1507","Data_Pub_Origem":"1997-02-01T00:00:00","Designacao_no_plano":"Espaço industrial - Área industrial proposta","Escala_origem":"1/25000","Fonte":"AML - Vectorial","ID1":36835,"Municipio":"MONTIJO"},"geometry":{"type":"Polygon","coordinates":[[[-8.65100783094787,38.7336446296809],[-8.65246544689455,38.7351087939801],[-8.65424526603251,38.7368441656195],[-8.65572087619377,38.7382655006986],[-8.65680256803714,38.7393469319204],[-8.65903361378079,38.7415707824344],[-8.65889032548119,38.741754628604],[-8.65753016397499,38.7437456634313],[-8.65614012443626,38.7466552885566],[-8.6535148991163,38.7419841546647],[-8.65012771525099,38.7342613083267],[-8.6509044940452,38.733892580921],[-8.65097431967999,38.7338594344631],[-8.65100783094787,38.7336446296809]]]}},{"type":"Feature","id":"CRUS_Montijo_V.36836","properties":{"AREA_HA":4.44846662513856,"Autor":"DGT","Categoria_2021":"Espaço Florestal","Classe_2021":"Solo Rústico","DTCC":"1507","Data_Pub_Origem":"1997-02-01T00:00:00","Designacao_no_plano":"Espaço florestal - Área de floresta de produção","Escala_origem":"1/25000","Fonte":"AML - Vectorial","ID1":36836,"Municipio":"MONTIJO"},"geometry":{"type":"Polygon","coordinates":[[[-8.67074973657801,38.7401831603414],[-8.67092898980688,38.7405840721688],[-8.67036395988336,38.7411635397252],[-8.67053375431249,38.7421104518721],[-8.67025061378181,38.7423177685737],[-8.66866440294923,38.7428737122952],[-8.66854862096695,38.7429028640055],[-8.66806490836511,38.7410435113807],[-8.66822868919678,38.7409538926817],[-8.66909866524781,38.7405615998718],[-8.66968181898226,38.7405898159947],[-8.67074973657801,38.7401831603414]]]}},{"type":"Feature","id":"CRUS_Montijo_V.36837","properties":{"AREA_HA":84.7794799733145,"Autor":"DGT","Categoria_2021":"Espaço Agrícola","Classe_2021":"Solo Rústico","DTCC":"1507","Data_Pub_Origem":"1997-02-01T00:00:00","Designacao_no_plano":"Espaço agrícola - Área agrícola não incluído na RAN","Escala_origem":"1/25000","Fonte":"AML - Vectorial","ID1":36837,"Municipio":"MONTIJO"},"geometry":{"type":"Polygon","coordinates":[[[-8.66645022578755,38.7354750261517],[-8.66612585893691,38.7357061745415],[-8.66603319255337,38.7360053309285],[-8.66656334462412,38.7380219060418],[-8.66625348458429,38.7382808432748],[-8.66544206330253,38.7385420791273],[-8.66525395931373,38.7387695606131],[-8.66546143603139,38.7393248670665],[-8.6673824602958,38.7387907371679],[-8.66749409774268,38.738750917478],[-8.66750456334758,38.7386545057976],[-8.66759500269787,38.7386223316764],[-8.66803060227231,38.7384478319899],[-8.66881092042416,38.7394640461826],[-8.66910999500568,38.7395759832745],[-8.67202686131231,38.7387557245109],[-8.67294489086624,38.740049414451],[-8.67272924335625,38.7402152225939],[-8.67074973657801,38.7401831603414],[-8.66968181898226,38.7405898159947],[-8.66909866524781,38.7405615998718],[-8.66822868919678,38.7409538926817],[-8.66806490836511,38.7410435113807],[-8.66854862096695,38.7429028640055],[-8.66866440294923,38.7428737122952],[-8.67025061378181,38.7423177685737],[-8.67053375431249,38.7421104518721],[-8.67036395988336,38.7411635397252],[-8.67092898980688,38.7405840721688],[-8.67303184986847,38.7412193209907],[-8.67512646738359,38.7421263946551],[-8.67522792252893,38.742991203553],[-8.67497190217786,38.7431984148669],[-8.67286576543159,38.7439591310306],[-8.67272887256277,38.7437846490289],[-8.67158987537649,38.7437590063888],[-8.67083689038158,38.7427838789561],[-8.66974128408172,38.7431185636984],[-8.66885036535907,38.7436026583551],[-8.66874701415968,38.7436290616805],[-8.66862471890714,38.743669371871],[-8.66828429550568,38.743831871645],[-8.66768900918105,38.7431194209778],[-8.6667365761608,38.743486713858],[-8.66578561968292,38.7421674446897],[-8.66427940207229,38.7427798395866],[-8.65893870396274,38.7357595236095],[-8.6570876642112,38.7345949657822],[-8.65732991020911,38.734335131653],[-8.65862559002371,38.7335670254013],[-8.6642069341708,38.7312755208297],[-8.66512210059177,38.7324016849081],[-8.66471698964951,38.7326095443847],[-8.66485560257472,38.7330209571183],[-8.66512769083968,38.7331536297303],[-8.66588397903028,38.7329235899992],[-8.66594832701638,38.7328752638437],[-8.66601267375901,38.7328269367574],[-8.66608492226992,38.732796226747],[-8.66646698781571,38.7326449771764],[-8.66676211879181,38.7325281422433],[-8.66757533964731,38.7323436017351],[-8.6687912417908,38.731802372019],[-8.66968174294133,38.7330596158073],[-8.6684122197405,38.7336835061484],[-8.66792970740205,38.734417097508],[-8.66747061038162,38.7346561210432],[-8.66736440443449,38.7349553395078],[-8.66673118808614,38.7353066225698],[-8.66662436381013,38.7353646438154],[-8.66645022578755,38.7354750261517]],[[-8.66161582337456,38.7329836599788],[-8.66095444378184,38.7333677925939],[-8.66150136014097,38.734003984019],[-8.66202825391337,38.7337646672368],[-8.66244306103075,38.736698584516],[-8.66334860177963,38.7363339352164],[-8.66298699223365,38.7332658667249],[-8.66212069486891,38.7334346180796],[-8.66161582337456,38.7329836599788]]]}},{"type":"Feature","id":"CRUS_Montijo_V.36838","properties":{"AREA_HA":11.2577239328425,"Autor":"DGT","Categoria_2021":"Espaço Florestal","Classe_2021":"Solo Rústico","DTCC":"1507","Data_Pub_Origem":"1997-02-01T00:00:00","Designacao_no_plano":"Espaço florestal - Área de mata e de protecção","Escala_origem":"1/25000","Fonte":"AML - Vectorial","ID1":36838,"Municipio":"MONTIJO"},"geometry":{"type":"Polygon","coordinates":[[[-8.6676809503799,38.7283360124558],[-8.66844537147909,38.7290535804007],[-8.66858298521709,38.729331080213],[-8.6685599649138,38.7298771341251],[-8.66922866666729,38.7304818241862],[-8.66935304856352,38.7308005866571],[-8.66840663603702,38.7311242667395],[-8.66844953387567,38.7314228026327],[-8.6687912417908,38.731802372019],[-8.66757533964731,38.7323436017351],[-8.66676211879181,38.7325281422433],[-8.66646698781571,38.7326449771764],[-8.66608492226992,38.732796226747],[-8.66601267375901,38.7328269367574],[-8.66594832701638,38.7328752638437],[-8.66511551656756,38.7294933352752],[-8.66523410766294,38.72944344746],[-8.6676809503799,38.7283360124558]]]}},{"type":"Feature","id":"CRUS_Montijo_V.36839","properties":{"AREA_HA":36.6611544754591,"Autor":"DGT","Categoria_2021":"Espaço Agrícola","Classe_2021":"Solo Rústico","DTCC":"1507","Data_Pub_Origem":"1997-02-01T00:00:00","Designacao_no_plano":"Espaço agrícola - Área agrícola da RAN","Escala_origem":"1/25000","Fonte":"AML - Vectorial","ID1":36839,"Municipio":"MONTIJO"},"geometry":{"type":"Polygon","coordinates":[[[-8.68674633087173,38.6809331359117],[-8.69125264582353,38.6828070604622],[-8.69963557879475,38.6827142326252],[-8.70060425807992,38.6828061827896],[-8.7017810523022,38.6829132719604],[-8.69983387327453,38.6829874023757],[-8.69591194925523,38.6831202667726],[-8.69547635490282,38.683157407471],[-8.69513003117497,38.6831765967351],[-8.69149962127676,38.6834305551559],[-8.69147797833864,38.6836009277919],[-8.69222026535918,38.6849586645638],[-8.69238405107449,38.6861640331775],[-8.69202181347157,38.6865073365971],[-8.69150367006161,38.6866592514295],[-8.69104421798652,38.6866511894239],[-8.69085077829433,38.683648155131],[-8.69081807678949,38.683460094844],[-8.68948885613388,38.6835628042088],[-8.68950582554048,38.6837446655459],[-8.68996061401298,38.6899195728751],[-8.68896552167509,38.6899716366033],[-8.6888115215791,38.6895554222784],[-8.68847616333056,38.6894561106899],[-8.68768083299752,38.689782796148],[-8.68672472150414,38.690390813046],[-8.68667030191991,38.6904254195898],[-8.68647204360029,38.6905548220504],[-8.6863753433798,38.6906254908147],[-8.68456325511851,38.6919925472898],[-8.68430066104047,38.6925257679912],[-8.68374019364217,38.6926565085357],[-8.68338601437847,38.6922311972119],[-8.68333980523372,38.6916976969181],[-8.68456981240963,38.6910194023936],[-8.6850182789476,38.690534476636],[-8.68513537560485,38.6904341263796],[-8.68556586969186,38.690453990456],[-8.68556977314807,38.6903453644873],[-8.68554265269115,38.6899895476896],[-8.68710735826824,38.6888084598477],[-8.68749531387002,38.6881554786881],[-8.68756071186497,38.6874332795471],[-8.68729033135988,38.6869542171962],[-8.6864846378255,38.6862215048687],[-8.68525505367463,38.6856302017022],[-8.68517605738214,38.6840549009878],[-8.68515484009676,38.6838900015811],[-8.68459616018358,38.6839101636687],[-8.68453973858192,38.6838403481156],[-8.68455291999426,38.6837270436159],[-8.68467848661578,38.6832025410827],[-8.68495798877057,38.6827370424564],[-8.68523951820602,38.6825338941697],[-8.68575575480534,38.6827332672664],[-8.68650294460749,38.6835963396951],[-8.68666289388383,38.6837864933262],[-8.68912031176025,38.6835996031428],[-8.68909088898242,38.6834207403053],[-8.68907812065831,38.6830605678392],[-8.68881890092057,38.6828196301687],[-8.68791632576804,38.682581742102],[-8.68682599458696,38.6813558491806],[-8.68674633087173,38.6809331359117]]]}},{"type":"Feature","id":"CRUS_Montijo_V.36840","properties":{"AREA_HA":6.75873930309452,"Autor":"DGT","Categoria_2021":"Não Atribuída","Classe_2021":"Solo Urbano","DTCC":"1507","Data_Pub_Origem":"1997-02-01T00:00:00","Designacao_no_plano":"Espaço urbano - Área urbanizada mista habitacional e equipamento industrial","Escala_origem":"1/25000","Fonte":"AML - Vectorial","ID1":36840,"Municipio":"MONTIJO"},"geometry":{"type":"Polygon","coordinates":[[[-8.68515484009676,38.6838900015811],[-8.68517605738214,38.6840549009878],[-8.68525505367463,38.6856302017022],[-8.68554265269115,38.6899895476896],[-8.68556977314807,38.6903453644873],[-8.68556586969186,38.690453990456],[-8.68513537560485,38.6904341263796],[-8.68452577475381,38.6903800655207],[-8.68451008269843,38.6902682674273],[-8.6840648970195,38.6841158671994],[-8.68403747992484,38.6839303230895],[-8.68459616018358,38.6839101636687],[-8.68515484009676,38.6838900015811]]]}},{"type":"Feature","id":"CRUS_Montijo_V.36841","properties":{"AREA_HA":1.07322667195033,"Autor":"DGT","Categoria_2021":"Espaço Agrícola","Classe_2021":"Solo Rústico","DTCC":"1507","Data_Pub_Origem":"1997-02-01T00:00:00","Designacao_no_plano":"Espaço agrícola - Área agrícola não incluído na RAN","Escala_origem":"1/25000","Fonte":"AML - Vectorial","ID1":36841,"Municipio":"MONTIJO"},"geometry":{"type":"Polygon","coordinates":[[[-8.68847616333056,38.6894561106899],[-8.6888115215791,38.6895554222784],[-8.68896552167509,38.6899716366033],[-8.68771571704873,38.6900370088515],[-8.68763710453075,38.6904787597106],[-8.68762852646536,38.6907071260562],[-8.6863753433798,38.6906254908147],[-8.68647204360029,38.6905548220504],[-8.68667030191991,38.6904254195898],[-8.68672472150414,38.690390813046],[-8.68768083299752,38.689782796148],[-8.68847616333056,38.6894561106899]]]}},{"type":"Feature","id":"CRUS_Montijo_V.36842","properties":{"AREA_HA":11.6207148426751,"Autor":"DGT","Categoria_2021":"Não Atribuída","Classe_2021":"Solo Urbano (urbanizável – transitório)","DTCC":"1507","Data_Pub_Origem":"1997-02-01T00:00:00","Designacao_no_plano":"Espaço urbanizável - Área urbanizável mista habitacional e equipamento industrial","Escala_origem":"1/25000","Fonte":"AML - Vectorial","ID1":36842,"Municipio":"MONTIJO"},"geometry":{"type":"Polygon","coordinates":[[[-8.66876868063464,38.6837931238772],[-8.66886643754885,38.6842468356959],[-8.66885175211354,38.6843864879165],[-8.66882729249171,38.6844785840209],[-8.66874441903289,38.6845913151067],[-8.66793494065525,38.6850201640582],[-8.66792799601725,38.6859702153758],[-8.66546492933387,38.6869368380738],[-8.66491737337242,38.6887324555593],[-8.66359464321133,38.6891598652374],[-8.66210853591981,38.6874955329944],[-8.66390090026262,38.6862157777573],[-8.66579736162801,38.6850969793764],[-8.66641554282154,38.6851547085103],[-8.66683148652692,38.6848062862568],[-8.66703669509933,38.6846343901216],[-8.66731815135789,38.6844417004542],[-8.66756881500657,38.6842926376976],[-8.66876868063464,38.6837931238772]]]}},{"type":"Feature","id":"CRUS_Montijo_V.36843","properties":{"AREA_HA":7.91117943432698,"Autor":"DGT","Categoria_2021":"Espaço Agrícola","Classe_2021":"Solo Rústico","DTCC":"1507","Data_Pub_Origem":"1997-02-01T00:00:00","Designacao_no_plano":"Espaço agrícola - Área agrícola da RAN","Escala_origem":"1/25000","Fonte":"AML - Vectorial","ID1":36843,"Municipio":"MONTIJO"},"geometry":{"type":"Polygon","coordinates":[[[-8.66340604222792,38.6856856318634],[-8.66339903093236,38.685689139902],[-8.66326934305899,38.685572740795],[-8.66133158699886,38.6865276543916],[-8.66122884065054,38.6864249804775],[-8.66057280216546,38.685181265815],[-8.66433358076988,38.6835515423034],[-8.66458389861476,38.6834817781797],[-8.66553881225341,38.6846567544996],[-8.66579736162801,38.6850969793764],[-8.66390090026262,38.6862157777573],[-8.66346243748787,38.6857460487446],[-8.66340604222792,38.6856856318634]]]}},{"type":"Feature","id":"CRUS_Montijo_V.36844","properties":{"AREA_HA":2.07478238388598,"Autor":"DGT","Categoria_2021":"Espaço Agrícola","Classe_2021":"Solo Rústico","DTCC":"1507","Data_Pub_Origem":"1997-02-01T00:00:00","Designacao_no_plano":"Espaço agrícola - Área agrícola da RAN","Escala_origem":"1/25000","Fonte":"AML - Vectorial","ID1":36844,"Municipio":"MONTIJO"},"geometry":{"type":"Polygon","coordinates":[[[-8.65825406801984,38.6860071586176],[-8.65841975478022,38.6861384118895],[-8.65880659167184,38.6865214137065],[-8.65942270530379,38.6862966141013],[-8.65978646856917,38.6867592134398],[-8.65788913165473,38.6877769909691],[-8.65741756068604,38.6871530494149],[-8.65730753761948,38.6870166105904],[-8.65825406801984,38.6860071586176]]]}},{"type":"Feature","id":"CRUS_Montijo_V.36845","properties":{"AREA_HA":77.5913172129352,"Autor":"DGT","Categoria_2021":"Não Atribuída","Classe_2021":"Solo Urbano","DTCC":"1507","Data_Pub_Origem":"1997-02-01T00:00:00","Designacao_no_plano":"Espaço urbano - Área urbanizada mista habitacional e equipamento industrial","Escala_origem":"1/25000","Fonte":"AML - Vectorial","ID1":36845,"Municipio":"MONTIJO"},"geometry":{"type":"Polygon","coordinates":[[[-8.66553881225341,38.6846567544996],[-8.66458389861476,38.6834817781797],[-8.66433358076988,38.6835515423034],[-8.66057280216546,38.685181265815],[-8.66122884065054,38.6864249804775],[-8.66133158699886,38.6865276543916],[-8.66326934305899,38.685572740795],[-8.66339903093236,38.685689139902],[-8.66340604222792,38.6856856318634],[-8.66346243748787,38.6857460487446],[-8.66390090026262,38.6862157777573],[-8.66210853591981,38.6874955329944],[-8.66359464321133,38.6891598652374],[-8.6622719075769,38.6895872689957],[-8.66078739362518,38.6881315938364],[-8.65902284169416,38.6886732798476],[-8.65519084926951,38.6901416988255],[-8.65507936505531,38.6901694659456],[-8.65496387556716,38.6901658024828],[-8.64905357755464,38.6899310322858],[-8.6490269145715,38.6894634331579],[-8.64902323761133,38.6893072173895],[-8.6490366114661,38.6891706911831],[-8.64904503446089,38.6887442738193],[-8.64171988191268,38.6844210531577],[-8.64214713759587,38.683741511989],[-8.64215641906579,38.6834026322262],[-8.65192407233949,38.689192019137],[-8.6520412681472,38.6893201148401],[-8.65472392074829,38.6893256748477],[-8.65697665396454,38.6886235081317],[-8.65697121257918,38.6878788970764],[-8.65701367869351,38.6875720909545],[-8.65730753761948,38.6870166105904],[-8.65741756068604,38.6871530494149],[-8.65788913165473,38.6877769909691],[-8.65978646856917,38.6867592134398],[-8.65942270530379,38.6862966141013],[-8.65880659167184,38.6865214137065],[-8.65841975478022,38.6861384118895],[-8.65825406801984,38.6860071586176],[-8.65828644307389,38.6858493254877],[-8.65828476954849,38.6857195948529],[-8.65660355470204,38.6844523162123],[-8.65822939371231,38.6833438898862],[-8.65865269798825,38.6830740299524],[-8.65954957366834,38.6825417163334],[-8.65991001616434,38.6830959516578],[-8.66004440329549,38.6832395524429],[-8.66017963759501,38.6834470224955],[-8.66064673029439,38.6841528387339],[-8.66076767662055,38.6843225769931],[-8.6619928797457,38.6837476028657],[-8.66200605072027,38.6835435851145],[-8.66219247892577,38.6831940550083],[-8.66300658448182,38.6819978709836],[-8.66367664602242,38.6817058828655],[-8.66473010253824,38.6820969643367],[-8.66592036925197,38.6819326969965],[-8.66602861777945,38.681719956258],[-8.66644918523838,38.6810581202751],[-8.66715590412402,38.680110066314],[-8.6696306745976,38.6782060248509],[-8.67184331112936,38.6772857616698],[-8.67444369877185,38.6762367807744],[-8.6754273172596,38.6757047265817],[-8.67600765892756,38.6747096343119],[-8.67658432130989,38.6737680367223],[-8.67751509186987,38.6724762705286],[-8.68043924012743,38.670495675836],[-8.68281916914815,38.668666962843],[-8.68329160676723,38.6689508338737],[-8.68352343209038,38.6691227325043],[-8.67830071327191,38.6726795467755],[-8.67560538723905,38.6769914168887],[-8.67589474703016,38.6778176352832],[-8.67303777870889,38.6806900909164],[-8.66713594468315,38.6830990221084],[-8.6661369549334,38.683749495789],[-8.66614738635993,38.6841317525523],[-8.66614965571243,38.6842148766688],[-8.66615981834213,38.6842152798556],[-8.66696682171793,38.684247371084],[-8.66756881500657,38.6842926376976],[-8.66731815135789,38.6844417004542],[-8.66703669509933,38.6846343901216],[-8.66683148652692,38.6848062862568],[-8.66641554282154,38.6851547085103],[-8.66579736162801,38.6850969793764],[-8.66553881225341,38.6846567544996]],[[-8.67477766052595,38.6776530212502],[-8.67367209508187,38.6777632723981],[-8.67216737357981,38.6782958590438],[-8.67210288908348,38.678637813294],[-8.67048736544084,38.6793022963602],[-8.67011798143069,38.6792251526835],[-8.66893788616988,38.6798350480035],[-8.66798050169444,38.6803387842452],[-8.66750353484093,38.6808227939782],[-8.66676453279945,38.682140240744],[-8.66666655720974,38.6824911050985],[-8.6714685219893,38.6804804338202],[-8.67263736454863,38.6798618045348],[-8.67380394131141,38.6789453201142],[-8.67477766052595,38.6776530212502]]]}},{"type":"Feature","id":"CRUS_Montijo_V.36846","properties":{"AREA_HA":35.50016406773,"Autor":"DGT","Categoria_2021":"Não Atribuída","Classe_2021":"Solo Urbano (urbanizável – transitório)","DTCC":"1507","Data_Pub_Origem":"1997-02-01T00:00:00","Designacao_no_plano":"Espaço urbanizável - Área urbanizável mista habitacional e equipamento industrial","Escala_origem":"1/25000","Fonte":"AML - Vectorial","ID1":36846,"Municipio":"MONTIJO"},"geometry":{"type":"Polygon","coordinates":[[[-8.6167326129278,38.6707144014468],[-8.61575857038211,38.670690671574],[-8.61559988517473,38.6706765843792],[-8.61637193639275,38.6691665894942],[-8.61659246490253,38.668727652913],[-8.61757504885121,38.6653069945656],[-8.61801132973659,38.6637282968316],[-8.61824674360389,38.6636256054706],[-8.61860787351531,38.6625687566127],[-8.61856121806396,38.6624294600332],[-8.61854798595381,38.6622674672843],[-8.62499676346088,38.6617187596881],[-8.62439955562744,38.6632810720013],[-8.62375786190208,38.6642123819968],[-8.62240618955986,38.6659000682539],[-8.61927209786735,38.6684011409459],[-8.61700856253934,38.6707758760445],[-8.6167326129278,38.6707144014468]]]}},{"type":"Feature","id":"CRUS_Montijo_V.36847","properties":{"AREA_HA":2.8456989309133,"Autor":"DGT","Categoria_2021":"Espaço Agrícola","Classe_2021":"Solo Rústico","DTCC":"1507","Data_Pub_Origem":"1997-02-01T00:00:00","Designacao_no_plano":"Espaço agrícola - Área agrícola da RAN","Escala_origem":"1/25000","Fonte":"AML - Vectorial","ID1":36847,"Municipio":"MONTIJO"},"geometry":{"type":"Polygon","coordinates":[[[-8.61479218036763,38.6718693964143],[-8.61497121037989,38.6719248043214],[-8.6157033844129,38.6720809963333],[-8.61589997291804,38.6720945386739],[-8.61589608531419,38.6721008334286],[-8.61606794769321,38.672124618966],[-8.61656373993764,38.6722965755565],[-8.61804305267737,38.6725133510272],[-8.61864219941333,38.6728563743835],[-8.61967088295146,38.6739800577218],[-8.61943306488165,38.6743037650392],[-8.61852377601327,38.6734865435682],[-8.61721115958367,38.672967715529],[-8.61585706550281,38.6726335973252],[-8.61572341781041,38.6726006185917],[-8.61571704185981,38.6726112871739],[-8.61559300325091,38.6725915250912],[-8.6155232801558,38.6725779220633],[-8.61539161172563,38.6725535457133],[-8.61493817788987,38.6724106610592],[-8.61470758388445,38.6723379958587],[-8.61463860010461,38.6723012418154],[-8.61454908473614,38.6722840911896],[-8.61479218036763,38.6718693964143]]]}},{"type":"Feature","id":"CRUS_Montijo_V.36848","properties":{"AREA_HA":10.7531138765635,"Autor":"DGT","Categoria_2021":"Espaço Florestal","Classe_2021":"Solo Rústico","DTCC":"1507","Data_Pub_Origem":"1997-02-01T00:00:00","Designacao_no_plano":"Espaço florestal - Área de mata e de protecção","Escala_origem":"1/25000","Fonte":"AML - Vectorial","ID1":36848,"Municipio":"MONTIJO"},"geometry":{"type":"Polygon","coordinates":[[[-8.61371706461767,38.6748360039703],[-8.61351923799486,38.6745145083332],[-8.61178060891816,38.6733110715678],[-8.60774775702714,38.6717317869586],[-8.60777041124514,38.6716216428444],[-8.60823749727566,38.6715280303546],[-8.60987358837108,38.6713929537373],[-8.61120847296276,38.6716809673746],[-8.61245082228791,38.6717660499728],[-8.61380812599952,38.6722572361146],[-8.61434643772086,38.6722368745742],[-8.61454908473614,38.6722840911896],[-8.61463860010461,38.6723012418154],[-8.61470758388445,38.6723379958587],[-8.61493817788987,38.6724106610592],[-8.61539161172563,38.6725535457133],[-8.6155232801558,38.6725779220633],[-8.61559300325091,38.6725915250912],[-8.6147281785442,38.6739916413446],[-8.61406450213263,38.6750105920989],[-8.61371706461767,38.6748360039703]]]}},{"type":"Feature","id":"CRUS_Montijo_V.36849","properties":{"AREA_HA":13.7399728405388,"Autor":"DGT","Categoria_2021":"Espaço Natural e Paisagístico","Classe_2021":"Solo Rústico","DTCC":"1507","Data_Pub_Origem":"1997-02-01T00:00:00","Designacao_no_plano":"Espaço aquícola  - Albufeira","Escala_origem":"1/25000","Fonte":"AML - Vectorial","ID1":36849,"Municipio":"MONTIJO"},"geometry":{"type":"Polygon","coordinates":[[[-8.62327876897077,38.6779475484597],[-8.62280559688905,38.6777910560221],[-8.62189094597689,38.6777500673045],[-8.62174156790858,38.6776341553829],[-8.6217733780672,38.6772700857433],[-8.62138222412734,38.6768952288306],[-8.62067501948545,38.6771043637608],[-8.62048042077356,38.677060352834],[-8.62063829118423,38.6767459498608],[-8.62055652213901,38.6764863262999],[-8.62002529906555,38.6756817699493],[-8.61943306488165,38.6743037650392],[-8.61967088295146,38.6739800577218],[-8.61999118291313,38.6740235459349],[-8.62125827173355,38.6754767460337],[-8.62170448509481,38.6755465915545],[-8.62210382543596,38.6754463154604],[-8.62211732697242,38.6757510400287],[-8.62246276528098,38.6761260849446],[-8.62314667124286,38.6758542867369],[-8.62355971392184,38.6760856177715],[-8.62341567080578,38.6767495714804],[-8.62379742865566,38.6770128496623],[-8.6239683064995,38.6770017714191],[-8.62413432082981,38.6769095955938],[-8.6247143919438,38.676794029606],[-8.62486659940023,38.6773219923598],[-8.62576164137623,38.6778378668597],[-8.62643645953768,38.6779066932469],[-8.6265654550674,38.6783809916671],[-8.62727487791055,38.678494463945],[-8.62763375625744,38.6791559397265],[-8.62573371976817,38.6804272556149],[-8.62568356154295,38.6797823888539],[-8.62499649262927,38.6795971439206],[-8.62455818509167,38.6790166260151],[-8.62396256525034,38.6788309906521],[-8.62375266310809,38.6782226285985],[-8.62349552193135,38.6780258640553],[-8.62337160908355,38.6779942117395],[-8.62327876897077,38.6779475484597]]]}},{"type":"Feature","id":"CRUS_Montijo_V.36850","properties":{"AREA_HA":79.1589917038584,"Autor":"DGT","Categoria_2021":"Espaço Agrícola","Classe_2021":"Solo Rústico","DTCC":"1507","Data_Pub_Origem":"1997-02-01T00:00:00","Designacao_no_plano":"Espaço agrícola - Área agrícola da RAN","Escala_origem":"1/25000","Fonte":"AML - Vectorial","ID1":36850,"Municipio":"MONTIJO"},"geometry":{"type":"Polygon","coordinates":[[[-8.6454426493968,38.6890439472471],[-8.64550160616318,38.6892088507445],[-8.64691043386105,38.6892727394649],[-8.6469600657543,38.6891112754523],[-8.64692269388004,38.6888618174128],[-8.64644028387168,38.6883602720055],[-8.64403848517228,38.6872810435264],[-8.64255206417946,38.6863296239357],[-8.64052635022726,38.6855691959435],[-8.63975232218513,38.6851055172891],[-8.63895449351181,38.6842481481534],[-8.63806339380295,38.6837391777682],[-8.6366618007355,38.6833715884127],[-8.63587929173571,38.6833566495247],[-8.63545127333355,38.6839354347481],[-8.6342741345465,38.6836016572961],[-8.63318724263027,38.6834781083388],[-8.63259047853023,38.6833066739248],[-8.63091202487318,38.6820775493046],[-8.6287353261729,38.6813999841473],[-8.62825343134774,38.6810572096605],[-8.62801478496254,38.6808874464565],[-8.6272942644273,38.6803749131776],[-8.62735038144198,38.6800449967273],[-8.62775698822371,38.6797410706228],[-8.62813076689417,38.6797577982773],[-8.62949301439366,38.6808692585554],[-8.63127928324777,38.6813195352755],[-8.63372746088645,38.6824079816404],[-8.63496568795707,38.6824667724148],[-8.63817534104635,38.6830536279275],[-8.64030709270625,38.6839601515595],[-8.64055192651879,38.6839041469039],[-8.64058592970336,38.6837574734743],[-8.64027790876649,38.683136083362],[-8.64029951116949,38.6828887263646],[-8.64050840649016,38.6827046662369],[-8.64145601936477,38.6829478045479],[-8.64215641906579,38.6834026322262],[-8.64214713759587,38.683741511989],[-8.64171988191268,38.6844210531577],[-8.64904503446089,38.6887442738193],[-8.6490366114661,38.6891706911831],[-8.64902323761133,38.6893072173895],[-8.6490269145715,38.6894634331579],[-8.64905357755464,38.6899310322858],[-8.65496387556716,38.6901658024828],[-8.65507936505531,38.6901694659456],[-8.65519084926951,38.6901416988255],[-8.65902284169416,38.6886732798476],[-8.65831544034081,38.6898239602748],[-8.65694695201208,38.6907908136478],[-8.65661118319368,38.6909417650755],[-8.65635928005674,38.6909205009],[-8.6561078178656,38.6902588593597],[-8.65513241638621,38.690820394887],[-8.65486739796581,38.690948915876],[-8.65371166477567,38.6915093738763],[-8.65341899499162,38.6915393880691],[-8.65236878288748,38.6915989894853],[-8.65046142318999,38.6909758520497],[-8.64844370253055,38.6905911731821],[-8.6475331750539,38.6905951910302],[-8.64704538432926,38.6906966461037],[-8.64616574749663,38.6909444744935],[-8.64469356152935,38.6913399707171],[-8.64420496924594,38.6915801141514],[-8.64275448386449,38.6928130616877],[-8.64176453404489,38.693171255116],[-8.63942012272322,38.6942766369492],[-8.63863919694396,38.6944539420695],[-8.6363338354385,38.6953335120697],[-8.63518668839845,38.6960707566167],[-8.63332140860932,38.6964540728977],[-8.62896656961723,38.6976168778235],[-8.62869766580638,38.6975630986924],[-8.6256245788599,38.6983816509434],[-8.62545052657546,38.6985379995991],[-8.62548976648643,38.6991511305157],[-8.62528075096971,38.6993167792915],[-8.62501235768162,38.6993362158665],[-8.6227025990586,38.6992818586011],[-8.62223042430751,38.6985240803221],[-8.62129150673403,38.6978048630745],[-8.62031037488067,38.6973998182974],[-8.620167106863,38.6969335821873],[-8.61912253965708,38.6961232481886],[-8.61836714093637,38.6949089415885],[-8.61809320004134,38.6941082451193],[-8.61713900516538,38.6928398433345],[-8.61670102896788,38.6919450941095],[-8.61630870183123,38.6908945574311],[-8.61579022139958,38.6903372476651],[-8.61580359508026,38.69023077996],[-8.61563410040804,38.6899324760338],[-8.61660603726495,38.6899784011616],[-8.61687242075868,38.6896662206884],[-8.61623213045386,38.6881958536809],[-8.61621767788506,38.6877841988331],[-8.61636807385375,38.6875822900082],[-8.6168488974897,38.6879096685507],[-8.61751124293286,38.6891878165976],[-8.6175320028659,38.6893887909816],[-8.61707115827413,38.6902841437782],[-8.61721754217107,38.6912080093158],[-8.61803638445076,38.6931267800785],[-8.61972056451619,38.6951947700628],[-8.61988706674722,38.6956336514933],[-8.62120470140572,38.6970292797303],[-8.62189685449931,38.6974751097841],[-8.62348182904409,38.6976424583248],[-8.6253206554009,38.6971859857207],[-8.62679267025923,38.6972347059192],[-8.62808758971034,38.6970094313664],[-8.63393461481076,38.6955100888205],[-8.63541160244154,38.694606273957],[-8.63830948369683,38.6938006898423],[-8.64044453230786,38.6928382899704],[-8.64216184975178,38.6918974467153],[-8.64220289973663,38.6911005483873],[-8.64327881614488,38.6896333157957],[-8.64356359612813,38.6892449476905],[-8.64364544457163,38.6891118624552],[-8.6437838189839,38.6889619229049],[-8.64421254165965,38.6887610931855],[-8.64478418290031,38.6886761724664],[-8.6454426493968,38.6890439472471]]]}},{"type":"Feature","id":"CRUS_Montijo_V.36851","properties":{"AREA_HA":3.56463250637634,"Autor":"DGT","Categoria_2021":"Espaço de Atividades Industriais ","Classe_2021":"Solo Rústico","DTCC":"1507","Data_Pub_Origem":"1997-02-01T00:00:00","Designacao_no_plano":"Espaço industrial - Área industrial existente","Escala_origem":"1/25000","Fonte":"AML - Vectorial","ID1":36851,"Municipio":"MONTIJO"},"geometry":{"type":"Polygon","coordinates":[[[-8.62337401702329,38.6842863734324],[-8.6237221267166,38.6865305368399],[-8.62258045715013,38.6865536009795],[-8.62179792651315,38.6844989020309],[-8.62162150234237,38.68403565897],[-8.62152228491888,38.6837751022029],[-8.62335796770719,38.6841703839775],[-8.62337401702329,38.6842863734324]]]}},{"type":"Feature","id":"CRUS_Montijo_V.36852","properties":{"AREA_HA":7.89434848544542,"Autor":"DGT","Categoria_2021":"Espaço Florestal","Classe_2021":"Solo Rústico","DTCC":"1507","Data_Pub_Origem":"1997-02-01T00:00:00","Designacao_no_plano":"Espaço florestal - Área de floresta de produção","Escala_origem":"1/25000","Fonte":"AML - Vectorial","ID1":36852,"Municipio":"MONTIJO"},"geometry":{"type":"Polygon","coordinates":[[[-8.62003923779844,38.68429155589],[-8.61903863505746,38.6850798913708],[-8.61938382828858,38.6855108423153],[-8.62038972655715,38.6860640564987],[-8.62039128059673,38.6862925043196],[-8.61888797525948,38.686280496122],[-8.61887129473323,38.6872583216035],[-8.61759759286558,38.6871271639244],[-8.61761359999919,38.686463262446],[-8.61761694509121,38.6859164591693],[-8.61753988328474,38.6837159575231],[-8.61753652302894,38.6835733144471],[-8.6203363978725,38.683604851526],[-8.62152228491888,38.6837751022029],[-8.62162150234237,38.68403565897],[-8.62179792651315,38.6844989020309],[-8.62003923779844,38.68429155589]]]}},{"type":"Feature","id":"CRUS_Montijo_V.36853","properties":{"AREA_HA":79.0343620699599,"Autor":"DGT","Categoria_2021":"Não Atribuída","Classe_2021":"Solo Urbano","DTCC":"1507","Data_Pub_Origem":"1997-02-01T00:00:00","Designacao_no_plano":"Espaço urbano - Área urbanizada mista habitacional e equipamento industrial","Escala_origem":"1/25000","Fonte":"AML - Vectorial","ID1":36853,"Municipio":"MONTIJO"},"geometry":{"type":"Polygon","coordinates":[[[-8.61753988328474,38.6837159575231],[-8.61761694509121,38.6859164591693],[-8.61761359999919,38.686463262446],[-8.61759759286558,38.6871271639244],[-8.61646226160228,38.686846145327],[-8.61587209915631,38.686716433209],[-8.61233775462676,38.6859395434584],[-8.61206296026699,38.685770752589],[-8.61192777938589,38.6856734161578],[-8.60809778284197,38.684109143407],[-8.60806632111018,38.683411071092],[-8.6080620215914,38.6832985665516],[-8.60588129660272,38.6832314310398],[-8.60312138361354,38.6831464074494],[-8.60185303218279,38.6831073109899],[-8.60186333839736,38.6829751278449],[-8.60187953994595,38.6827673208457],[-8.60192997544688,38.6822556695216],[-8.60220668011178,38.6794482175225],[-8.6022493979136,38.6790147463214],[-8.60230820398392,38.6784181191808],[-8.60181801202481,38.6782374680881],[-8.60199884090091,38.677395150058],[-8.60472871938844,38.6776664327235],[-8.60478952025065,38.6785867256334],[-8.60980442192011,38.679050276536],[-8.61276552061501,38.6793238769899],[-8.61305933543485,38.6794130191538],[-8.61516866858749,38.679667017081],[-8.61469327247157,38.6815835985721],[-8.61547349796832,38.6833819052083],[-8.61560253097142,38.6835237804242],[-8.61753652302894,38.6835733144471],[-8.61753988328474,38.6837159575231]]]}},{"type":"Feature","id":"CRUS_Montijo_V.36854","properties":{"AREA_HA":3.29366055006927,"Autor":"DGT","Categoria_2021":"Espaço Verde","Classe_2021":"Solo Urbano","DTCC":"1507","Data_Pub_Origem":"1997-02-01T00:00:00","Designacao_no_plano":"Espaço urbano verde - Área verde de protecção e enquadramento - Agrícola equipado","Escala_origem":"1/25000","Fonte":"AML - Vectorial","ID1":36854,"Municipio":"MONTIJO"},"geometry":{"type":"Polygon","coordinates":[[[-8.61210349652536,38.6865127272319],[-8.60799120374287,38.6849529240007],[-8.60809778284197,38.684109143407],[-8.61192777938589,38.6856734161578],[-8.61206296026699,38.685770752589],[-8.61230665057235,38.6866232350361],[-8.61221657562211,38.6865806117031],[-8.61210349652536,38.6865127272319]]]}},{"type":"Feature","id":"CRUS_Montijo_V.36855","properties":{"AREA_HA":11.385445761957,"Autor":"DGT","Categoria_2021":"Não Atribuída","Classe_2021":"Solo Urbano","DTCC":"1507","Data_Pub_Origem":"1997-02-01T00:00:00","Designacao_no_plano":"Espaço urbano - Área urbanizada mista habitacional e equipamento industrial","Escala_origem":"1/25000","Fonte":"AML - Vectorial","ID1":36855,"Municipio":"MONTIJO"},"geometry":{"type":"Polygon","coordinates":[[[-8.61267528748722,38.6885493868287],[-8.60757699769057,38.6879172821669],[-8.60759889266254,38.687639554413],[-8.60787270119754,38.6858150763054],[-8.60799120374287,38.6849529240007],[-8.61210349652536,38.6865127272319],[-8.61221657562211,38.6865806117031],[-8.61230665057235,38.6866232350361],[-8.61281856472779,38.6884139577853],[-8.61280256219463,38.6885051635322],[-8.61267528748722,38.6885493868287]]]}},{"type":"Feature","id":"CRUS_Montijo_V.36856","properties":{"AREA_HA":4.0620424114171,"Autor":"DGT","Categoria_2021":"Espaço Verde","Classe_2021":"Solo Urbano","DTCC":"1507","Data_Pub_Origem":"1997-02-01T00:00:00","Designacao_no_plano":"Espaço urbano verde - Área verde de protecção e enquadramento - Agrícola equipado","Escala_origem":"1/25000","Fonte":"AML - Vectorial","ID1":36856,"Municipio":"MONTIJO"},"geometry":{"type":"Polygon","coordinates":[[[-8.61245316142598,38.6896653793595],[-8.61257377051216,38.6896975782634],[-8.61574509223109,38.6906966766695],[-8.61567078173531,38.6912884284858],[-8.61219686792989,38.6913850895577],[-8.61205708776433,38.6913010160335],[-8.61212683975601,38.6905520800868],[-8.61222525012774,38.6903628856934],[-8.61245316142598,38.6896653793595]]]}},{"type":"Feature","id":"CRUS_Montijo_V.36857","properties":{"AREA_HA":11.1963256188927,"Autor":"DGT","Categoria_2021":"Espaço Agrícola","Classe_2021":"Solo Rústico","DTCC":"1507","Data_Pub_Origem":"1997-02-01T00:00:00","Designacao_no_plano":"Espaço agrícola - Área agrícola não incluído na RAN","Escala_origem":"1/25000","Fonte":"AML - Vectorial","ID1":36857,"Municipio":"MONTIJO"},"geometry":{"type":"Polygon","coordinates":[[[-8.61203489088205,38.6905621818935],[-8.6108885312764,38.6906852841623],[-8.61027695968449,38.6904677108422],[-8.60932776902381,38.6898221427328],[-8.6089186529243,38.6896957443335],[-8.60859220731426,38.689724522644],[-8.60845338265957,38.6898988815071],[-8.6084894731646,38.690063384219],[-8.60920450204179,38.6905818562159],[-8.60926416794775,38.6907828538392],[-8.60906689285273,38.6909391566979],[-8.60734113737321,38.6909086748142],[-8.60757699769057,38.6879172821669],[-8.61267528748722,38.6885493868287],[-8.61280256219463,38.6885051635322],[-8.61245316142598,38.6896653793595],[-8.61222525012774,38.6903628856934],[-8.61212683975601,38.6905520800868],[-8.61203489088205,38.6905621818935]]]}},{"type":"Feature","id":"CRUS_Montijo_V.36858","properties":{"AREA_HA":4.74697319953293,"Autor":"DGT","Categoria_2021":"Espaço Agrícola","Classe_2021":"Solo Rústico","DTCC":"1507","Data_Pub_Origem":"1997-02-01T00:00:00","Designacao_no_plano":"Espaço agrícola - Área agrícola da RAN","Escala_origem":"1/25000","Fonte":"AML - Vectorial","ID1":36858,"Municipio":"MONTIJO"},"geometry":{"type":"Polygon","coordinates":[[[-8.61190083647472,38.6913118621058],[-8.61136599832968,38.6914539338329],[-8.6099195330617,38.6914324168332],[-8.60736961920447,38.691693623326],[-8.60690297762066,38.691549462811],[-8.6067612332784,38.691239664379],[-8.60685327913959,38.6910749736471],[-8.60734113737321,38.6909086748142],[-8.60906689285273,38.6909391566979],[-8.60926416794775,38.6907828538392],[-8.60920450204179,38.6905818562159],[-8.6084894731646,38.690063384219],[-8.60845338265957,38.6898988815071],[-8.60859220731426,38.689724522644],[-8.6089186529243,38.6896957443335],[-8.60932776902381,38.6898221427328],[-8.61027695968449,38.6904677108422],[-8.6108885312764,38.6906852841623],[-8.61203489088205,38.6905621818935],[-8.61212683975601,38.6905520800868],[-8.61205708776433,38.6913010160335],[-8.61190083647472,38.6913118621058]]]}},{"type":"Feature","id":"CRUS_Montijo_V.36859","properties":{"AREA_HA":22.2871002696665,"Autor":"DGT","Categoria_2021":"Não Atribuída","Classe_2021":"Solo Urbano (urbanizável – transitório)","DTCC":"1507","Data_Pub_Origem":"1997-02-01T00:00:00","Designacao_no_plano":"Espaço urbanizável - Área urbanizável mista habitacional e equipamento industrial","Escala_origem":"1/25000","Fonte":"AML - Vectorial","ID1":36859,"Municipio":"MONTIJO"},"geometry":{"type":"Polygon","coordinates":[[[-8.61205708776433,38.6913010160335],[-8.61219686792989,38.6913850895577],[-8.61567078173531,38.6912884284858],[-8.61558894284097,38.6919401056043],[-8.61497243437417,38.696297277236],[-8.61405396203084,38.6962609098629],[-8.61183295855827,38.6961729450535],[-8.61173350740952,38.6961690048056],[-8.61173430112288,38.6961608122449],[-8.61161598080644,38.6961462609516],[-8.61169052451209,38.6948699967977],[-8.61154625918484,38.6948693394852],[-8.60817064515384,38.6954053968781],[-8.60829951487757,38.6937320171578],[-8.61185361017307,38.6931702197922],[-8.61205708776433,38.6913010160335]]]}},{"type":"Feature","id":"CRUS_Montijo_V.36860","properties":{"AREA_HA":4.70709238348994,"Autor":"DGT","Categoria_2021":"Não Atribuída","Classe_2021":"Solo Urbano (urbanizável – transitório)","DTCC":"1507","Data_Pub_Origem":"1997-02-01T00:00:00","Designacao_no_plano":"Espaço urbanizável - Área urbanizável mista habitacional e equipamento industrial","Escala_origem":"1/25000","Fonte":"AML - Vectorial","ID1":36860,"Municipio":"MONTIJO"},"geometry":{"type":"Polygon","coordinates":[[[-8.61467426007173,38.6882914112492],[-8.61473559417955,38.688402549127],[-8.61480578090733,38.6884746244377],[-8.61486336376407,38.6885759741105],[-8.61563410040804,38.6899324760338],[-8.61580359508026,38.69023077996],[-8.61579022139958,38.6903372476651],[-8.61574509223109,38.6906966766695],[-8.61257377051216,38.6896975782634],[-8.61245316142598,38.6896653793595],[-8.61280256219463,38.6885051635322],[-8.61281856472779,38.6884139577853],[-8.61314974792865,38.6883904540502],[-8.61467426007173,38.6882914112492]]]}},{"type":"Feature","id":"CRUS_Montijo_V.36861","properties":{"AREA_HA":2.5945040542513,"Autor":"DGT","Categoria_2021":"Espaço Florestal","Classe_2021":"Solo Rústico","DTCC":"1507","Data_Pub_Origem":"1997-02-01T00:00:00","Designacao_no_plano":"Espaço florestal - Área de floresta de produção","Escala_origem":"1/25000","Fonte":"AML - Vectorial","ID1":36861,"Municipio":"MONTIJO"},"geometry":{"type":"Polygon","coordinates":[[[-8.61161598080644,38.6961462609516],[-8.61173430112288,38.6961608122449],[-8.61173350740952,38.6961690048056],[-8.61183295855827,38.6961729450535],[-8.61405396203084,38.6962609098629],[-8.61346953785088,38.6976697763056],[-8.61221013088013,38.6972686554884],[-8.61168629219327,38.6972261434821],[-8.61152334244703,38.6972012595254],[-8.61161598080644,38.6961462609516]]]}},{"type":"Feature","id":"CRUS_Montijo_V.36862","properties":{"AREA_HA":20.7782686236977,"Autor":"DGT","Categoria_2021":"Espaço Agrícola","Classe_2021":"Solo Rústico","DTCC":"1507","Data_Pub_Origem":"1997-02-01T00:00:00","Designacao_no_plano":"Espaço agrícola - Área agrícola da RAN","Escala_origem":"1/25000","Fonte":"AML - Vectorial","ID1":36862,"Municipio":"MONTIJO"},"geometry":{"type":"Polygon","coordinates":[[[-8.6114242163742,38.7011297502338],[-8.61088218015985,38.7001744947389],[-8.6098921317802,38.6992635239726],[-8.6094972886264,38.6983859936169],[-8.60899066117891,38.6979036431284],[-8.60680927584794,38.6967642532254],[-8.605984235987,38.6965702426613],[-8.60303227205973,38.6965462935672],[-8.60225335570543,38.6964058941154],[-8.60184006891968,38.6961922528997],[-8.60195272202133,38.6959226754252],[-8.60172926120837,38.6958215024048],[-8.6064420112787,38.6957870431123],[-8.60791709962578,38.6963697352567],[-8.60896253156264,38.6969931946736],[-8.60989011852468,38.6977865856147],[-8.61125910102358,38.699497930378],[-8.61150967707004,38.7001308097674],[-8.61160399649748,38.7003799017851],[-8.61247546355534,38.7010559287062],[-8.61437700561465,38.7012993606093],[-8.61634575476303,38.7018296247093],[-8.61909865332727,38.7010285224114],[-8.62149278224041,38.699654558047],[-8.6220879675104,38.699661036559],[-8.62261627193953,38.6999280274135],[-8.62278965512605,38.7001785530353],[-8.62155729626835,38.7007221311117],[-8.62095743732335,38.7017117276891],[-8.61786136205799,38.7025412167477],[-8.6171247961418,38.7028757089319],[-8.61688318732656,38.7026794610837],[-8.61487281724428,38.7031898820514],[-8.61343242515103,38.7021002345384],[-8.61173909382489,38.701183885345],[-8.61154960263274,38.7011331846535],[-8.6114242163742,38.7011297502338]]]}},{"type":"Feature","id":"CRUS_Montijo_V.36863","properties":{"AREA_HA":2333.59605001058,"Autor":"DGT","Categoria_2021":"Espaço Florestal","Classe_2021":"Solo Rústico","DTCC":"1507","Data_Pub_Origem":"1997-02-01T00:00:00","Designacao_no_plano":"Espaço florestal - Área de floresta de produção","Escala_origem":"1/25000","Fonte":"AML - Vectorial","ID1":36863,"Municipio":"MONTIJO"},"geometry":{"type":"Polygon","coordinates":[[[-8.66644042718624,38.7246246591687],[-8.6721583095884,38.7250929718535],[-8.67451540584266,38.7249275419987],[-8.67485306046033,38.724771460323],[-8.67300196635881,38.721859155353],[-8.6900742668349,38.7183139749714],[-8.69161829827481,38.7181932822709],[-8.69251574371347,38.7168395449513],[-8.69411144801607,38.7163992369456],[-8.69423220210229,38.7162441416106],[-8.69404852362783,38.7152870307398],[-8.69438138417308,38.7145288728802],[-8.69333052752883,38.7135862245031],[-8.69313798531403,38.7132266120454],[-8.6930209647992,38.7121249599905],[-8.6928305327379,38.7120331720603],[-8.69246578759653,38.7121791309662],[-8.69180590202198,38.7127076493231],[-8.69172092348948,38.713975080894],[-8.69069416946218,38.714381732301],[-8.6904907402634,38.7143621115288],[-8.6880025834585,38.7133573342618],[-8.69056172919304,38.7096058570715],[-8.69266660455451,38.7101829343473],[-8.69282760039545,38.7099761483881],[-8.69322919939146,38.7093458566685],[-8.6913640221191,38.7084540369131],[-8.69365537028909,38.7051570094955],[-8.6957735821371,38.7061020003363],[-8.69471389314052,38.7074771464151],[-8.69466228481717,38.7078070352349],[-8.69479874652321,38.7079299863639],[-8.69663107886047,38.708312595734],[-8.6971685651587,38.7094280399094],[-8.6943999838277,38.7139372622339],[-8.69444201062641,38.7141121761349],[-8.69495921405828,38.7143981141807],[-8.69627749456575,38.7148759131315],[-8.69529429874377,38.7164970999341],[-8.69732160356032,38.71751741643],[-8.69989386869571,38.7137553699587],[-8.70122423046558,38.7140476237785],[-8.70119917468969,38.714305276211],[-8.70051410177252,38.715070886823],[-8.70101787485671,38.7153671683713],[-8.70381363859327,38.7163626871348],[-8.70428835196663,38.7164118628966],[-8.70602013904822,38.7160531409132],[-8.7060327876731,38.7159397670353],[-8.70532416654136,38.7154487937521],[-8.7057130363558,38.7149318341699],[-8.70593042708179,38.7150028764296],[-8.70684003247276,38.7154069390265],[-8.70636083884894,38.7164909055522],[-8.70644462253623,38.7167995227285],[-8.70844060591139,38.7172738425975],[-8.70883517634299,38.7174676227237],[-8.70815263769005,38.7185422938447],[-8.70782722444068,38.7185232959845],[-8.70578858804426,38.7178019405184],[-8.70555606967981,38.7175352551382],[-8.70592949766768,38.7167814514837],[-8.70537231905506,38.7165884682995],[-8.70476512651025,38.7169210753254],[-8.70450633754592,38.7167575228749],[-8.70410019859074,38.7168110188729],[-8.70399392318393,38.717079365524],[-8.70438913783835,38.7173555626717],[-8.70409526569041,38.717892654411],[-8.70501868191621,38.7181250512424],[-8.7042845899104,38.7195398965332],[-8.7042865611569,38.7197871120721],[-8.70593057658373,38.7203043999004],[-8.70636061863917,38.7198490403884],[-8.70542272644074,38.7195034133253],[-8.70519060411186,38.719288233616],[-8.70541935126988,38.7190810892434],[-8.70646499159274,38.7193437820505],[-8.70697717512096,38.7189910230638],[-8.70753470657832,38.7192252087237],[-8.70785862292957,38.7190587940767],[-8.7083358500233,38.7194169787071],[-8.70756006725851,38.7206981278229],[-8.70862153681579,38.7210508303734],[-8.70858562791733,38.7213325980315],[-8.70588681315135,38.7236498517816],[-8.70554415063058,38.7241508740778],[-8.70546069278303,38.7240159245535],[-8.70494971904515,38.7232499031364],[-8.7044323300545,38.7229537056608],[-8.70382450494454,38.7232142100004],[-8.7032727775672,38.7237113573859],[-8.70181191924191,38.7240790237301],[-8.7004169404688,38.7242094225106],[-8.70027063467443,38.7245603746834],[-8.70033887659754,38.7263318186147],[-8.70277637089891,38.7279132418104],[-8.70289109154488,38.728027177199],[-8.70136541344163,38.7302509873424],[-8.69997384723794,38.732474124974],[-8.69924555526829,38.7337216306038],[-8.69855016577557,38.7348901283602],[-8.69798675502322,38.7357776522729],[-8.69677407836071,38.7365982292839],[-8.69422114382045,38.7376705383922],[-8.6939559563902,38.73764221406],[-8.69189683822288,38.7374681516732],[-8.69070210600503,38.7372369496384],[-8.68902138375782,38.7372655727298],[-8.68672568119315,38.737678129571],[-8.68515681574766,38.7381491065816],[-8.68319987006907,38.7392811617365],[-8.68171603594249,38.7399352569711],[-8.68033410102917,38.7400447540078],[-8.6794958286599,38.7403371106099],[-8.67894783404635,38.7409452656895],[-8.67821901247746,38.7413710131886],[-8.6776633612704,38.7413942097714],[-8.67679309877144,38.7410480386965],[-8.67636909485803,38.7405555653506],[-8.67608016564158,38.7395318195217],[-8.6749046784814,38.7382599518832],[-8.6739680068788,38.7361767399436],[-8.67305288455175,38.7352641906335],[-8.67282268344932,38.7352961531312],[-8.67279782913738,38.7355950008378],[-8.67375525237254,38.736723683518],[-8.67401957360368,38.7376186458768],[-8.67469337503181,38.738856938171],[-8.67528064222719,38.7394310638082],[-8.67570588141879,38.7400883542869],[-8.67595746170345,38.7410863771122],[-8.6755388630594,38.7413046515991],[-8.6740193879256,38.7411571842138],[-8.6735020726323,38.7408711556317],[-8.67300977043436,38.7403068779555],[-8.67294489086624,38.740049414451],[-8.67202686131231,38.7387557245109],[-8.66910999500568,38.7395759832745],[-8.66881092042416,38.7394640461826],[-8.66803060227231,38.7384478319899],[-8.66759500269787,38.7386223316764],[-8.66750456334758,38.7386545057976],[-8.66749409774268,38.738750917478],[-8.6673824602958,38.7387907371679],[-8.66546143603139,38.7393248670665],[-8.66525395931373,38.7387695606131],[-8.66544206330253,38.7385420791273],[-8.66625348458429,38.7382808432748],[-8.66656334462412,38.7380219060418],[-8.66603319255337,38.7360053309285],[-8.66612585893691,38.7357061745415],[-8.66645022578755,38.7354750261517],[-8.66662436381013,38.7353646438154],[-8.66673118808614,38.7353066225698],[-8.66736440443449,38.7349553395078],[-8.66747061038162,38.7346561210432],[-8.66792970740205,38.734417097508],[-8.6684122197405,38.7336835061484],[-8.66968174294133,38.7330596158073],[-8.6687912417908,38.731802372019],[-8.66844953387567,38.7314228026327],[-8.66840663603702,38.7311242667395],[-8.66935304856352,38.7308005866571],[-8.66922866666729,38.7304818241862],[-8.6685599649138,38.7298771341251],[-8.66858298521709,38.729331080213],[-8.66844537147909,38.7290535804007],[-8.6676809503799,38.7283360124558],[-8.66523410766294,38.72944344746],[-8.66511551656756,38.7294933352752],[-8.66594832701638,38.7328752638437],[-8.66588397903028,38.7329235899992],[-8.66512769083968,38.7331536297303],[-8.66485560257472,38.7330209571183],[-8.66471698964951,38.7326095443847],[-8.66512210059177,38.7324016849081],[-8.6642069341708,38.7312755208297],[-8.65862559002371,38.7335670254013],[-8.65732991020911,38.734335131653],[-8.6570876642112,38.7345949657822],[-8.65586920408074,38.7339214185266],[-8.655642241224,38.7337959543257],[-8.65390807327018,38.7328372856562],[-8.6520058892928,38.7317856824813],[-8.65184845071838,38.7317694612814],[-8.65100783094787,38.7336446296809],[-8.65097431967999,38.7338594344631],[-8.6509044940452,38.733892580921],[-8.65012771525099,38.7342613083267],[-8.6535148991163,38.7419841546647],[-8.65614012443626,38.7466552885566],[-8.65753016397499,38.7437456634313],[-8.65889032548119,38.741754628604],[-8.65903361378079,38.7415707824344],[-8.66026204303335,38.7428179652758],[-8.660022580005,38.7430068766028],[-8.65961202257667,38.7433357436044],[-8.6584171958466,38.7449377886848],[-8.65735978162842,38.7467967329389],[-8.65705609305211,38.7476000245799],[-8.65684247020727,38.7481650729391],[-8.65727419495513,38.7487844416782],[-8.65780163958626,38.7495411006087],[-8.65988098050708,38.7502786605411],[-8.66009918477831,38.7503618833962],[-8.65644936891227,38.751486298206],[-8.65639041665881,38.7513347412743],[-8.65614795175973,38.7504248606894],[-8.65587098728398,38.7503178984902],[-8.65528692108401,38.7491303446715],[-8.6545753045974,38.7493859866893],[-8.65464697349102,38.7497463279832],[-8.65329447589988,38.7504917162152],[-8.65348121668518,38.7508515451195],[-8.65343716085138,38.7511222333601],[-8.65310972002603,38.7513428303664],[-8.6535178863777,38.7521553402778],[-8.65056009085474,38.7529962269882],[-8.65027025297211,38.7515183031968],[-8.64996774060484,38.7510687492271],[-8.64943713974961,38.7509087762068],[-8.64923140268684,38.751108087281],[-8.6494199818978,38.7517204617461],[-8.64863849968487,38.7518862433907],[-8.64837671496071,38.7506970405001],[-8.64843876054284,38.7497228408275],[-8.6481609726213,38.7495076329959],[-8.64767733044577,38.7494737001643],[-8.64675452767594,38.7491891972544],[-8.64643420776709,38.749461144367],[-8.64696791148743,38.7500539691744],[-8.64690106239646,38.7503608685567],[-8.6465582392573,38.7507050604233],[-8.64628279341233,38.750814485627],[-8.64591384362523,38.7507259296331],[-8.64563917281789,38.750943571844],[-8.64577870080204,38.751141350758],[-8.64571184564934,38.7514482494449],[-8.64680345374852,38.7527961296173],[-8.64688408558639,38.7539875931486],[-8.64509149879305,38.7549222270374],[-8.64428664483857,38.7549291718076],[-8.64363167954632,38.7552119730794],[-8.64165894900407,38.7565841396202],[-8.64120662024818,38.7561887867995],[-8.64047234512315,38.7550451601645],[-8.63992897034855,38.7548127387616],[-8.6395638576787,38.7548504472156],[-8.63817842176025,38.7545223412235],[-8.6380269918181,38.7542972481628],[-8.63807156823662,38.7540803316699],[-8.63723854017023,38.753632429197],[-8.63736331940238,38.7534786548998],[-8.63818150532833,38.7534931745428],[-8.63829487400214,38.7532308843463],[-8.63814362134132,38.7530239148283],[-8.6371815719965,38.7526368601619],[-8.63728227292073,38.7522121940032],[-8.63917245153725,38.7523303801523],[-8.63967715815297,38.7520212957092],[-8.64054019372464,38.7518821531232],[-8.64169787747157,38.7510557443738],[-8.64160276294286,38.750640963159],[-8.63968266286936,38.751172827014],[-8.63956631968303,38.7510108644782],[-8.63962097521131,38.7505954308057],[-8.63860806795024,38.7507171644706],[-8.63909683317001,38.7497853664051],[-8.63891124502067,38.749605650731],[-8.63854152952755,38.7494538119947],[-8.63767705438808,38.7493853470973],[-8.63852218176134,38.7483454803542],[-8.63846248319923,38.7480478813697],[-8.63767151665469,38.7478569852132],[-8.63899489646622,38.7453075483389],[-8.64010072845464,38.7436789463979],[-8.64068388825317,38.7430719912042],[-8.64064754396168,38.7428195563386],[-8.63926040564656,38.7421309599025],[-8.63903061359816,38.7422131462168],[-8.63848582247451,38.7433611900928],[-8.6384753183235,38.7435055709536],[-8.63881102527302,38.7437386659377],[-8.6380480581308,38.7449868948718],[-8.63757922368784,38.7448376979046],[-8.6370173536631,38.7457193972788],[-8.63655377986474,38.7453603323514],[-8.6355022428544,38.7433429134797],[-8.63526463818048,38.7423329599815],[-8.635601397827,38.7410497338938],[-8.63553302494059,38.7408360526047],[-8.63518676089256,38.7407652901146],[-8.63450070512257,38.7415449570537],[-8.63413126307561,38.7414562215598],[-8.63385275417967,38.7411864753525],[-8.63385713980784,38.7401666511102],[-8.63596240528323,38.7396148242349],[-8.6357736528209,38.7357140355266],[-8.6329509790192,38.7341908143711],[-8.63295420249599,38.7336283940613],[-8.63244421429148,38.7332420446337],[-8.63200043122538,38.7324307446911],[-8.63074986459292,38.7333125313446],[-8.63003555708638,38.7333878669229],[-8.62984068751546,38.7335513370581],[-8.62893940468704,38.7349285788131],[-8.62843123021063,38.7348042387476],[-8.62819236094434,38.735275101682],[-8.62821776812817,38.7356143350663],[-8.6284394579405,38.7359926850914],[-8.62905215106655,38.736224875139],[-8.62975044946537,38.7371610972721],[-8.63007581522809,38.7371242191029],[-8.6297506903439,38.7380157760869],[-8.6297336602917,38.7388828692224],[-8.63020770288195,38.740759406795],[-8.63067059899496,38.7410283752764],[-8.63284462521473,38.7404121833134],[-8.63283707529805,38.7409812063736],[-8.63318913523661,38.7418828398741],[-8.63462917091799,38.74343007631],[-8.63473256014484,38.7437460016494],[-8.63178438502551,38.7440369118956],[-8.63194975346443,38.7446141309838],[-8.63188286987093,38.7449395060156],[-8.63054872075897,38.7453244686605],[-8.63073775070197,38.7459918936747],[-8.63120300333273,38.7466039553808],[-8.63225393465816,38.7485680237591],[-8.63220078720622,38.7508619022274],[-8.63234476269606,38.7516739957117],[-8.63195996456589,38.7520137255203],[-8.63179183339723,38.7521621625315],[-8.63170312114033,38.7522514208075],[-8.63150882469788,38.7523431038261],[-8.63114555124717,38.7525373949904],[-8.63097638082839,38.7528466588607],[-8.63135756248669,38.75428042659],[-8.63165848463785,38.7552606686293],[-8.63169880364005,38.7561280003715],[-8.63148466108138,38.7565403015905],[-8.63108541955435,38.7566135577725],[-8.63076406394003,38.7563913510034],[-8.63076366038884,38.7546921233835],[-8.63065993025724,38.754558418777],[-8.63047713227335,38.7545502544449],[-8.62993172242723,38.7549550287555],[-8.62855007810853,38.7550056227111],[-8.62761639366146,38.7554209808378],[-8.62703477526908,38.755548647516],[-8.62580458125269,38.7555374934303],[-8.62551851697133,38.7558044374947],[-8.62549385905253,38.7555364192282],[-8.62750889712659,38.7536107868706],[-8.62841399082998,38.7525255274772],[-8.62806058184496,38.7509093645915],[-8.62696462143959,38.7499572453467],[-8.6268578105271,38.7501833657344],[-8.6269324862038,38.7510857223704],[-8.62715261290964,38.7515763469438],[-8.62715637870766,38.7521215125283],[-8.62678549997861,38.7529274427168],[-8.62551941812779,38.7543133153081],[-8.6230628063356,38.7509778527483],[-8.62260536139789,38.7512316104551],[-8.62126764164397,38.7503378059985],[-8.62036664069631,38.7480685690409],[-8.61834716066187,38.7464176897617],[-8.61796876110941,38.7463268145474],[-8.61745007834408,38.7464399127519],[-8.614568701156,38.7463224086054],[-8.61436690734144,38.747913424108],[-8.61501001210988,38.7487428457649],[-8.61584041031844,38.7493311109586],[-8.61702499688157,38.7499178908949],[-8.61771099685132,38.7500999485562],[-8.61881752737558,38.749874126775],[-8.61832067878336,38.7510995885437],[-8.6176818911935,38.7517139329699],[-8.61747049749006,38.7524043008884],[-8.61715419733186,38.7531611148205],[-8.61734785174695,38.7546353506106],[-8.61818195846683,38.7557471449906],[-8.6191965963975,38.7563905030493],[-8.61993032806784,38.7562435303651],[-8.62171481177366,38.7553006777674],[-8.62244877383516,38.755189674618],[-8.62326096737142,38.7545961959441],[-8.62434100836652,38.7554181694007],[-8.62441229223571,38.7558288309302],[-8.62423329597836,38.7563477518573],[-8.62436780595192,38.7568251486941],[-8.62391466864903,38.7573005526774],[-8.62369169634906,38.7580608813128],[-8.62403864404113,38.7587383976751],[-8.62387816874335,38.7594778535482],[-8.62415804983933,38.7603610065974],[-8.62382696043988,38.761988142038],[-8.62394024721573,38.762493156587],[-8.62400598552705,38.7627861969492],[-8.62401566915991,38.7629550544617],[-8.62403846100003,38.7630503638591],[-8.62392552868551,38.7632608976986],[-8.62334913072634,38.7643354318828],[-8.62266695840084,38.7663937268449],[-8.62217894463432,38.7668068537522],[-8.62172129566243,38.7668910284242],[-8.62163759190637,38.766927902331],[-8.62105945964015,38.7664334563245],[-8.62126105360894,38.7664830451404],[-8.62181424628937,38.766533460123],[-8.62231887212251,38.7638845180835],[-8.62235604641128,38.7636893716067],[-8.62234188527863,38.7636947501346],[-8.62237574475912,38.7634155454193],[-8.62259407458077,38.7620804132655],[-8.62195469617062,38.7620384155503],[-8.62155227754199,38.7616022788073],[-8.62100512055402,38.7616939194311],[-8.6206095925311,38.761769205215],[-8.61977341260861,38.7613167599861],[-8.61941994516857,38.7613629318494],[-8.61847785752315,38.7621178165655],[-8.61734745918072,38.7620331211],[-8.6172920302424,38.7622747295456],[-8.61813205854419,38.7634263091695],[-8.61846420837756,38.7638924101962],[-8.61866655177122,38.7642484469691],[-8.61844133181957,38.7640126617324],[-8.61752285968806,38.7630510821932],[-8.61689505254212,38.7624526275786],[-8.61610503966471,38.7615167434219],[-8.61447012854441,38.7609850542068],[-8.60921702129514,38.7574879069922],[-8.60905664205448,38.7574196890327],[-8.60912823141454,38.7573630475848],[-8.60920405989614,38.7572857711781],[-8.60948615320635,38.7565907155981],[-8.60951649339882,38.7541969081947],[-8.60978927954754,38.7534523000825],[-8.61047842541421,38.7526697224246],[-8.61220591379815,38.7514113909028],[-8.61328465276249,38.7500596276306],[-8.61337333114673,38.7494789760282],[-8.61314811591999,38.7469592855861],[-8.61408484192917,38.7451511138467],[-8.614105910491,38.7448427455189],[-8.61398910240389,38.7446800294478],[-8.61327047539716,38.7445016508551],[-8.61301457311254,38.7443032304183],[-8.61259230158836,38.7434526664767],[-8.61273678314009,38.7408407766138],[-8.61266152455493,38.7399706512234],[-8.61172570445794,38.7384512405002],[-8.61152310785345,38.7358407748201],[-8.61133396897959,38.7352395351389],[-8.61039799719679,38.7336838472829],[-8.61023816338613,38.7322700438014],[-8.61522775592478,38.7315968729296],[-8.61543456601757,38.7313783752257],[-8.6133828356157,38.7256625373109],[-8.61215159534437,38.7258080908518],[-8.60991067980088,38.7259763831727],[-8.61020155077539,38.7250438076777],[-8.61142363222874,38.7244222380599],[-8.61301161706488,38.7231644707245],[-8.61296239190433,38.7234118904722],[-8.6137157534,38.7253491373895],[-8.61413549185515,38.7258370198344],[-8.61693203392059,38.7253902383493],[-8.61734995385103,38.7256061106516],[-8.61751350154846,38.7258411716785],[-8.6178928504322,38.7306088507614],[-8.61937201769137,38.7334881333211],[-8.61906609703966,38.735773364778],[-8.61879715701225,38.7367456121347],[-8.62166380376116,38.7362300898236],[-8.62205572532439,38.7364622418069],[-8.62224150566682,38.7367671856352],[-8.62312829265848,38.7388496013776],[-8.62156549185169,38.7398766387825],[-8.62099118359966,38.7410323833032],[-8.62082580191367,38.7418913759843],[-8.62086516403595,38.742642227079],[-8.62210625227135,38.743833634607],[-8.62431893020782,38.7451929843345],[-8.62494839447962,38.7457503037413],[-8.62607032550103,38.7478566715746],[-8.62633438703821,38.7480702524046],[-8.62649396865173,38.7480337880881],[-8.62648637777321,38.746933538406],[-8.62575549599857,38.7452459534859],[-8.62523845117168,38.74476509141],[-8.6238067984003,38.7440939295716],[-8.62283214582268,38.7434718536697],[-8.6224729019695,38.7430422747466],[-8.62649016539495,38.7429538336724],[-8.62871579951647,38.7431638214401],[-8.62884277927474,38.743091533693],[-8.62617847409902,38.7379254579042],[-8.62549683309391,38.7363952744572],[-8.62502971355678,38.7351532735048],[-8.6251047553462,38.7351038465111],[-8.62594436095805,38.7346240477986],[-8.6261029529088,38.7344265073077],[-8.62615680757778,38.7339519979102],[-8.6267741014632,38.7337378963935],[-8.62727387843797,38.7335803737005],[-8.62736335579343,38.7333025840614],[-8.62835542974227,38.7330299183325],[-8.62826304610429,38.7328871278373],[-8.62747395085285,38.7327741458587],[-8.62720946452384,38.7325247002928],[-8.62753477490316,38.7316552996462],[-8.62870805558374,38.7311581483839],[-8.6287865378627,38.7309430455622],[-8.62832970342268,38.730962885179],[-8.62771569914725,38.7313860751176],[-8.626918178359,38.7317026633412],[-8.62605985404251,38.7331470284256],[-8.62566796314926,38.7338891886108],[-8.62521132385128,38.7339403354884],[-8.62466815158445,38.7330388072345],[-8.62419545310025,38.7328356858648],[-8.62408560010295,38.732853276158],[-8.62392656024464,38.7324947705615],[-8.6234484288107,38.7312703302199],[-8.62287922681869,38.7298097390503],[-8.62114927788346,38.7254105216137],[-8.62034151838707,38.7233902509142],[-8.61947640580604,38.721151202697],[-8.61935361651691,38.7211998969201],[-8.61935624340112,38.7212065988407],[-8.61928158988818,38.7212284603016],[-8.61690388158848,38.7219247207204],[-8.61580010165575,38.7211588270835],[-8.61569456295763,38.7209417195023],[-8.61709720229577,38.7205869364558],[-8.6184998390356,38.7202321266938],[-8.61845133270165,38.7199005177623],[-8.61825425750784,38.7198288230551],[-8.61705275050017,38.719996977248],[-8.61599843435861,38.7197022165884],[-8.61501583703078,38.7197516094616],[-8.61469144066974,38.7196623010139],[-8.61452723093288,38.7193185384191],[-8.6151333238641,38.7183098912699],[-8.61551448832395,38.7182448714481],[-8.61639550648471,38.7185675404523],[-8.61842854836929,38.7188413300041],[-8.61854336554826,38.7187810241474],[-8.61803110284915,38.7174428149231],[-8.61816750255535,38.7173869500943],[-8.61867267790602,38.7172671837771],[-8.61929557438045,38.7170923654498],[-8.61824572538499,38.7162504034987],[-8.61796382344604,38.715590439807],[-8.61757610316041,38.7158089283016],[-8.61742792788047,38.7158859706766],[-8.61696173575473,38.7147402939671],[-8.61332609114391,38.7058911905937],[-8.61351169883926,38.7058793409701],[-8.61453404833975,38.7054711960437],[-8.62681253835943,38.7016389737626],[-8.62682292885517,38.7010866903259],[-8.62653106380554,38.6999523495405],[-8.62627265784409,38.6995526465994],[-8.62548976648643,38.6991511305157],[-8.62545052657546,38.6985379995991],[-8.6256245788599,38.6983816509434],[-8.62869766580638,38.6975630986924],[-8.62896656961723,38.6976168778235],[-8.6309531589508,38.7030357593201],[-8.63422094973035,38.7016869086413],[-8.63607600433535,38.7011055618821],[-8.63842827651728,38.7008803836604],[-8.64339509716331,38.7008396760927],[-8.64518036174813,38.7005901943875],[-8.64456663540449,38.7011744113774],[-8.64404285617186,38.7014095641512],[-8.64297510112812,38.7022561115139],[-8.64155208812987,38.7045550891867],[-8.64121053595557,38.704717785144],[-8.64084790667448,38.7051313480823],[-8.64057945537199,38.7059385654375],[-8.64092685663976,38.7065981908391],[-8.64124989654836,38.7070462056693],[-8.64120686859566,38.7074225513304],[-8.64134611964066,38.7077264523715],[-8.64159883528378,38.707922384806],[-8.64207749422958,38.7077590892492],[-8.64204702719065,38.7050797216335],[-8.64280570815807,38.7041360222319],[-8.64391484579051,38.702681891844],[-8.64527728006646,38.7015116274042],[-8.64550572435959,38.7007714946803],[-8.64565063371093,38.7005720950919],[-8.64697107590609,38.7007046415354],[-8.64910851467907,38.7007131337899],[-8.65055244826136,38.7012354658604],[-8.65557017706668,38.7034238884205],[-8.65616674884402,38.7037259033164],[-8.65706399314693,38.7045015244618],[-8.65706743226658,38.7046274777927],[-8.65891352589892,38.7061965659589],[-8.65902861827122,38.7062943855414],[-8.65945089551981,38.7068821752233],[-8.66111657905643,38.7087475104949],[-8.66139985123656,38.7090547401336],[-8.66048788724202,38.7112314426681],[-8.66016709480904,38.7101816455663],[-8.66003434071442,38.7102211391398],[-8.65562758763381,38.7113808732882],[-8.65639313201112,38.713332042183],[-8.65965529989388,38.7128044102999],[-8.6599175804541,38.7127408062559],[-8.65823331610565,38.7163489182793],[-8.65585629816476,38.7165955931906],[-8.64729725631363,38.7178468627596],[-8.64758731448961,38.7196208416245],[-8.64735654186396,38.7196671514307],[-8.64637866261199,38.7186570192768],[-8.64600430800406,38.7180155821856],[-8.64519640372172,38.7181459378118],[-8.64594761878126,38.7197793517764],[-8.6454100668151,38.7221683923313],[-8.64706424273617,38.724179138935],[-8.64664188222032,38.7249055865515],[-8.64791617141736,38.7258219855168],[-8.64840230493505,38.7259284761358],[-8.64931155685752,38.7254175110098],[-8.64972037835403,38.7244199267009],[-8.65118643898635,38.7242052135975],[-8.6539258200788,38.7242925892823],[-8.65371075056572,38.7249091217626],[-8.65314622167864,38.7251470103313],[-8.65194516010934,38.7252519337578],[-8.6511231277889,38.7250383314968],[-8.65078821240107,38.7250669680489],[-8.65050553110166,38.7259282187617],[-8.65157057482318,38.7261860099793],[-8.65174502683449,38.726339127815],[-8.6514616303731,38.7271007993336],[-8.65253047637855,38.7273614933755],[-8.65339485167481,38.7277720167297],[-8.65373303112,38.7279327857216],[-8.65389293333524,38.7280097241922],[-8.65387721323547,38.7280512494546],[-8.65413656545241,38.7282184515318],[-8.6547517417255,38.7270394082303],[-8.65538788446654,38.7271541885916],[-8.65559296176426,38.7267641866222],[-8.65670296243372,38.7269130393032],[-8.65761400839318,38.7267098776603],[-8.65910192271414,38.7262923941897],[-8.65951155993484,38.7267025914459],[-8.65927115225794,38.7271878207362],[-8.65955843228233,38.7275470618984],[-8.65987092496157,38.7276486663487],[-8.66046637869179,38.727522359393],[-8.66066839499273,38.7273463297952],[-8.66040646809531,38.726750057907],[-8.66136421213631,38.726127656755],[-8.66373449832941,38.725383552478],[-8.66417241335279,38.7252421287594],[-8.66644042718624,38.7246246591687]],[[-8.70166510001172,38.7165240780866],[-8.70124544956402,38.7170877275651],[-8.70186455301223,38.7175215190798],[-8.70237997480245,38.7169574002655],[-8.70166510001172,38.7165240780866]],[[-8.64097720227051,38.7529381669693],[-8.64060960937536,38.7531112427225],[-8.64019007878098,38.7540877946485],[-8.64034208899925,38.7543939819046],[-8.64102351239585,38.7545895784315],[-8.64139194614147,38.7545338168538],[-8.64209593953668,38.7530415920894],[-8.64097720227051,38.7529381669693]],[[-8.64952215683164,38.7467421516549],[-8.64837244457423,38.7469095604117],[-8.6481209418378,38.7471451315518],[-8.6473740759206,38.7489159295883],[-8.64919393775275,38.7491062826944],[-8.64952215683164,38.7467421516549]],[[-8.63541273677909,38.715116727302],[-8.6338905815374,38.7169690286339],[-8.63282030926373,38.7174260115287],[-8.63260271796992,38.717671241356],[-8.63260442171259,38.7179155233156],[-8.63317315769418,38.7183654787735],[-8.63358981638778,38.7185265482498],[-8.6346682729155,38.7175899898671],[-8.63476765371356,38.7169471714747],[-8.63504193898386,38.7165569347366],[-8.6360855886574,38.7156024151942],[-8.63541273677909,38.715116727302]],[[-8.63632557239887,38.7053082776356],[-8.63449251864693,38.7062293439951],[-8.63365760340265,38.7061075917929],[-8.63378728126811,38.7066800104872],[-8.63428333391111,38.7073582856736],[-8.63513144942483,38.7077306440672],[-8.63543974801841,38.7077024640825],[-8.63686884674234,38.7062011988731],[-8.63654302506334,38.7053610544091],[-8.63632557239887,38.7053082776356]],[[-8.66166485640063,38.7279439234573],[-8.66006580960506,38.7279923610564],[-8.65828048612754,38.7285154635526],[-8.65956531264897,38.729972420968],[-8.659837379634,38.7301051052115],[-8.66239074945596,38.7289604297902],[-8.66244367439161,38.7287850738506],[-8.66195199954433,38.7282825577733],[-8.66186877360251,38.7280254046636],[-8.66166485640063,38.7279439234573]],[[-8.64288713766012,38.729713188949],[-8.64083494241004,38.7314204221835],[-8.64125261418432,38.7317709067045],[-8.64078195893771,38.7320800931066],[-8.64390036836761,38.7343338587115],[-8.64479482511116,38.7336162960151],[-8.64220851750906,38.7315860645643],[-8.64369772969994,38.7301793848467],[-8.64288713766012,38.729713188949]],[[-8.64120928764667,38.7444830580033],[-8.64093355741949,38.7445744927074],[-8.640316266122,38.7452178275722],[-8.64017059550836,38.745786937163],[-8.63897251105326,38.7473531712122],[-8.638905265896,38.7476151366205],[-8.63917147555529,38.7478034736053],[-8.64052816367538,38.7474907847573],[-8.64117279521838,38.7474518830978],[-8.64335062562059,38.7476318664729],[-8.64440983026112,38.7475911330073],[-8.64493839330588,38.7474263999303],[-8.64502909642267,38.747227483912],[-8.64487822896868,38.7470657227978],[-8.64312757794513,38.747037305855],[-8.64229253860351,38.7462108051303],[-8.64130472118504,38.7456612751685],[-8.64145274995368,38.7455241863133],[-8.6419275304547,38.7450844897659],[-8.64199489034581,38.7448405652025],[-8.64120928764667,38.7444830580033]],[[-8.68556604301326,38.7285214471434],[-8.68530907084755,38.7285947726675],[-8.68529924775261,38.7290789718486],[-8.6850019404689,38.7291936910596],[-8.6850537222627,38.7306355913527],[-8.6870077660254,38.7309147567102],[-8.68771251801119,38.7309011039902],[-8.68772406912234,38.7306435281037],[-8.68861985406891,38.7307937797662],[-8.68907998656275,38.7306988777295],[-8.6896644387962,38.729161234896],[-8.68556604301326,38.7285214471434]],[[-8.6439759830709,38.7135440545547],[-8.64376933459605,38.7137078699597],[-8.64367955993423,38.7140702874039],[-8.64400812080222,38.714811003827],[-8.6439196251596,38.7153544320542],[-8.64304656498275,38.7159736899786],[-8.64293574725794,38.7166258156324],[-8.64234026117541,38.7173162710368],[-8.6437723365051,38.7206044282283],[-8.64408466204809,38.7206305176656],[-8.64433814459403,38.7205479835011],[-8.64473731558996,38.7199123558895],[-8.6448391829939,38.7180112766888],[-8.64467231244708,38.7140478409161],[-8.64425371929728,38.7136333515876],[-8.6439759830709,38.7135440545547]],[[-8.63803696001377,38.7303840172041],[-8.63644002133346,38.7312132882717],[-8.63577922374153,38.7307100675318],[-8.63475586575765,38.7311211317286],[-8.63304456035962,38.7320954369112],[-8.63291943012451,38.7323399732208],[-8.63352370928552,38.7330061101246],[-8.63426992021634,38.7325329849586],[-8.63493047018001,38.7330000656576],[-8.63541280019257,38.7327178489712],[-8.63630715071141,38.7336357573955],[-8.63822547979759,38.7325882196083],[-8.63912027969443,38.7319336831171],[-8.63803696001377,38.7303840172041]],[[-8.61566903779061,38.7318308239282],[-8.61398115633117,38.732055438763],[-8.61268729129786,38.732369093585],[-8.61259691412234,38.7326959249434],[-8.61289006609588,38.7349980885338],[-8.61326095820789,38.7350872457656],[-8.61485621145681,38.7348448816197],[-8.61524042712179,38.7369108861516],[-8.61720674190946,38.7367757812364],[-8.61685223153724,38.7356890480047],[-8.61670528176034,38.7344926354877],[-8.61566903779061,38.7318308239282]],[[-8.64751166441128,38.7383738693627],[-8.64640752880585,38.7385050168323],[-8.64508739585013,38.7390159789071],[-8.64484721365571,38.7392335225842],[-8.64472490710273,38.7398384422256],[-8.64530330705271,38.7402328052449],[-8.64711585631149,38.7401829259769],[-8.64706652541553,38.7405046933124],[-8.64683759770896,38.7406861133011],[-8.64552595723132,38.7407820895664],[-8.6453196630045,38.7409092796536],[-8.64532082630424,38.7410716432963],[-8.64690195406358,38.7416329942777],[-8.64805834595234,38.7423585597209],[-8.64891911848265,38.7423132384443],[-8.6496011555845,38.7427069144948],[-8.64907390347492,38.7430247982838],[-8.64860758098861,38.7438112224766],[-8.64798685755029,38.7439401846021],[-8.64780513056396,38.7442835788616],[-8.64776343422152,38.7448878209741],[-8.64795977948364,38.7449771064027],[-8.64892632750095,38.7449097249559],[-8.64970361300084,38.7457357318388],[-8.65051797102964,38.7453174032602],[-8.65067437641784,38.7446585580959],[-8.65181117833124,38.7442568229398],[-8.65221185650106,38.7439485069999],[-8.65246073216063,38.7433433412222],[-8.65133123443948,38.7415722768235],[-8.65024408710257,38.7408738832086],[-8.64974857883757,38.7408039528314],[-8.64961106609529,38.7408902092519],[-8.64974700473027,38.740267334422],[-8.64883930733268,38.7405058847844],[-8.64835551119196,38.740462919238],[-8.64827408835671,38.7403460127771],[-8.64844552422266,38.7401738605174],[-8.64818344425709,38.7389482183419],[-8.64751166441128,38.7383738693627]],[[-8.61867608620127,38.7174704639436],[-8.6185616877862,38.717615636386],[-8.61945362067247,38.7198366822014],[-8.61948075239291,38.7204334595955],[-8.61994840671848,38.7213358800389],[-8.62018026358462,38.7214977053618],[-8.62087363174052,38.7216575913416],[-8.62161760147766,38.7224684175512],[-8.62178222059929,38.7229199132901],[-8.62206011814977,38.7230634531904],[-8.62332966034034,38.7231123882992],[-8.6236042151167,38.7227675684304],[-8.62360161280233,38.7223877380098],[-8.62373932198407,38.722278638608],[-8.62487325706461,38.722744136661],[-8.62665508404585,38.7234601092262],[-8.62917551305425,38.720862903674],[-8.6263759484911,38.7197895240079],[-8.62501390696514,38.7197048443479],[-8.62499707725674,38.7190611376962],[-8.62495163466021,38.7189118635326],[-8.62151181582143,38.7179013523051],[-8.62058155275029,38.7177684750893],[-8.62063627780201,38.7177849731856],[-8.62047215744737,38.7177528489442],[-8.61902219134861,38.7174690224672],[-8.61867608620127,38.7174704639436]],[[-8.68896661495139,38.7215223014722],[-8.68875106008294,38.7216881480173],[-8.68770218044439,38.7245053235213],[-8.68733158163208,38.7257360837085],[-8.68748178198097,38.7258795883133],[-8.69306169313368,38.7274971351511],[-8.69193308216784,38.7287695765377],[-8.69165295064809,38.7293477727026],[-8.69233009428961,38.7296222186063],[-8.69347112841473,38.7299360769093],[-8.69578262246027,38.7308520460654],[-8.69610800808669,38.7308607811744],[-8.69692749293545,38.7294818790426],[-8.69873256906172,38.7300900362725],[-8.69919769893718,38.7293904167981],[-8.69850644553661,38.7282762092007],[-8.69987867429428,38.7281074248408],[-8.7005843754484,38.7282173060197],[-8.70098478064237,38.7274324725634],[-8.70056346938731,38.7272903133522],[-8.70017049851209,38.7273025199037],[-8.69945484703785,38.727645931216],[-8.69699513616731,38.7268337662896],[-8.69648060012226,38.726333749142],[-8.69738274119558,38.7238824908302],[-8.69463703819079,38.7228759321197],[-8.69135564328504,38.7219950486856],[-8.68896661495139,38.7215223014722]],[[-8.62777937935003,38.717553406339],[-8.62710606999909,38.7186691399063],[-8.62692371994101,38.7193443170572],[-8.62691256694895,38.7194992847899],[-8.62963518379775,38.7202674008373],[-8.62966905297057,38.7204133018951],[-8.6296415990812,38.7208880792474],[-8.62995647290714,38.7213911705087],[-8.6316952802956,38.7226673777904],[-8.63059712809006,38.7239647369143],[-8.62919038839324,38.7253402920934],[-8.62901901408924,38.7255760495544],[-8.62914757465405,38.7258195751114],[-8.63075711689472,38.7270692300617],[-8.63111515406925,38.7271400189146],[-8.63142579840306,38.7270302170173],[-8.63411957412503,38.7251474667955],[-8.63412653414335,38.7261417971396],[-8.63388655363656,38.7264592168162],[-8.6345706891391,38.7269805801379],[-8.6349039512271,38.7268073909982],[-8.63526307015533,38.7270318388684],[-8.63582566035917,38.7266678243025],[-8.6364768628299,38.7274243474049],[-8.63710470519228,38.7264995924771],[-8.63747325141331,38.7269138277835],[-8.63780880004444,38.7270660443718],[-8.63941380902049,38.7256941020612],[-8.63971322092445,38.725629529448],[-8.64120642794723,38.7269390985189],[-8.64161032008512,38.728600381133],[-8.64147373344775,38.7288540476392],[-8.64009350165496,38.7293661979066],[-8.64033079977007,38.7303051532136],[-8.64244885005954,38.7297536223672],[-8.64232105635029,38.7280007598821],[-8.64337817422123,38.727354705914],[-8.64421327998334,38.7280105902425],[-8.64471993203275,38.7276701436567],[-8.64477395891555,38.7276338397076],[-8.64475941596963,38.7276192805135],[-8.64483912323314,38.7275166041988],[-8.64421954451598,38.7268885748318],[-8.64143810516091,38.7241937739843],[-8.64052721931493,38.7234793887509],[-8.63435263733011,38.7216488855834],[-8.63433811230618,38.7215142739439],[-8.63448776657298,38.7195062346063],[-8.6299530375102,38.718077983614],[-8.62777937935003,38.717553406339]]]}},{"type":"Feature","id":"CRUS_Montijo_V.36864","properties":{"AREA_HA":642.024103569564,"Autor":"DGT","Categoria_2021":"Espaço Agrícola","Classe_2021":"Solo Rústico","DTCC":"1507","Data_Pub_Origem":"1997-02-01T00:00:00","Designacao_no_plano":"Espaço agrícola - Área agrícola não incluído na RAN","Escala_origem":"1/25000","Fonte":"AML - Vectorial","ID1":36864,"Municipio":"MONTIJO"},"geometry":{"type":"Polygon","coordinates":[[[-8.59431636006893,38.6867327343733],[-8.59724913656363,38.6868716447174],[-8.5984726483602,38.6870177909715],[-8.59701650468898,38.6958557717958],[-8.60172926120837,38.6958215024048],[-8.60195272202133,38.6959226754252],[-8.60184006891968,38.6961922528997],[-8.60225335570543,38.6964058941154],[-8.60303227205973,38.6965462935672],[-8.605984235987,38.6965702426613],[-8.60680927584794,38.6967642532254],[-8.60899066117891,38.6979036431284],[-8.6094972886264,38.6983859936169],[-8.6098921317802,38.6992635239726],[-8.61088218015985,38.7001744947389],[-8.6114242163742,38.7011297502338],[-8.61154960263274,38.7011331846535],[-8.61173909382489,38.701183885345],[-8.61343242515103,38.7021002345384],[-8.61487281724428,38.7031898820514],[-8.61503685561907,38.7037630273878],[-8.6173665272323,38.7030898900726],[-8.6171247961418,38.7028757089319],[-8.61786136205799,38.7025412167477],[-8.62095743732335,38.7017117276891],[-8.62155729626835,38.7007221311117],[-8.62278965512605,38.7001785530353],[-8.62261627193953,38.6999280274135],[-8.6220879675104,38.699661036559],[-8.62149278224041,38.699654558047],[-8.61909865332727,38.7010285224114],[-8.61634575476303,38.7018296247093],[-8.61437700561465,38.7012993606093],[-8.61247546355534,38.7010559287062],[-8.61160399649748,38.7003799017851],[-8.61150967707004,38.7001308097674],[-8.61125910102358,38.699497930378],[-8.60989011852468,38.6977865856147],[-8.60896253156264,38.6969931946736],[-8.60791709962578,38.6963697352567],[-8.6064420112787,38.6957870431123],[-8.60653828861288,38.6927376775794],[-8.60690913542741,38.6924805673216],[-8.60711868884134,38.6924797163187],[-8.60736961920447,38.691693623326],[-8.6099195330617,38.6914324168332],[-8.61136599832968,38.6914539338329],[-8.61190083647472,38.6913118621058],[-8.61205708776433,38.6913010160335],[-8.61185361017307,38.6931702197922],[-8.60829951487757,38.6937320171578],[-8.60817064515384,38.6954053968781],[-8.61154625918484,38.6948693394852],[-8.61169052451209,38.6948699967977],[-8.61161598080644,38.6961462609516],[-8.61152334244703,38.6972012595254],[-8.61168629219327,38.6972261434821],[-8.61221013088013,38.6972686554884],[-8.61346953785088,38.6976697763056],[-8.61405396203084,38.6962609098629],[-8.61497243437417,38.696297277236],[-8.61558894284097,38.6919401056043],[-8.61567078173531,38.6912884284858],[-8.61574509223109,38.6906966766695],[-8.61579022139958,38.6903372476651],[-8.61630870183123,38.6908945574311],[-8.61670102896788,38.6919450941095],[-8.61713900516538,38.6928398433345],[-8.61809320004134,38.6941082451193],[-8.61836714093637,38.6949089415885],[-8.61912253965708,38.6961232481886],[-8.620167106863,38.6969335821873],[-8.62031037488067,38.6973998182974],[-8.62129150673403,38.6978048630745],[-8.62223042430751,38.6985240803221],[-8.6227025990586,38.6992818586011],[-8.62501235768162,38.6993362158665],[-8.62528075096971,38.6993167792915],[-8.62548976648643,38.6991511305157],[-8.62627265784409,38.6995526465994],[-8.62653106380554,38.6999523495405],[-8.62682292885517,38.7010866903259],[-8.62681253835943,38.7016389737626],[-8.61453404833975,38.7054711960437],[-8.61351169883926,38.7058793409701],[-8.61332609114391,38.7058911905937],[-8.61696173575473,38.7147402939671],[-8.61680579760042,38.7147775869156],[-8.61675948787611,38.7152784643628],[-8.61702914844646,38.7158388626746],[-8.61360370652894,38.714835457411],[-8.61170031785382,38.7139854372295],[-8.60709061385312,38.7116270091261],[-8.60406002337197,38.710538743974],[-8.60227548553544,38.710025756796],[-8.60048523726476,38.7097135276247],[-8.5964008723885,38.7092826541431],[-8.58986399834728,38.7096278453855],[-8.58845845543678,38.7082826910021],[-8.58776737748371,38.7072515129969],[-8.58751729430963,38.7063672557435],[-8.58755477172208,38.7049343303266],[-8.58709318473162,38.7037361263632],[-8.58580857612683,38.701240586358],[-8.58370614069541,38.6995477140181],[-8.58274424722207,38.6983650431664],[-8.5814693618123,38.6970138832548],[-8.58054102193167,38.6956029080211],[-8.57978664787389,38.69408638758],[-8.57969448243415,38.6923710405517],[-8.5800132500302,38.6912290616385],[-8.57986593729775,38.6900022459355],[-8.57922980732652,38.688772660801],[-8.57874993100466,38.6883364499314],[-8.5781635558026,38.6876177253211],[-8.5786601137247,38.6869952613283],[-8.58620266487014,38.6870584576904],[-8.58561364368357,38.6880076036192],[-8.59229073653966,38.6878172926303],[-8.59229628810957,38.6868684382461],[-8.59431636006893,38.6867327343733]],[[-8.60471779565104,38.6970941095541],[-8.60245590209687,38.6976232595023],[-8.60287178566723,38.6982312793811],[-8.60319213106067,38.6982299893517],[-8.60426511887747,38.6978490861802],[-8.60454147239239,38.6981169504278],[-8.60538586468425,38.6977728224915],[-8.60471779565104,38.6970941095541]]]}},{"type":"Feature","id":"CRUS_Montijo_V.36865","properties":{"AREA_HA":27.6734223152673,"Autor":"DGT","Categoria_2021":"Espaço Florestal","Classe_2021":"Solo Rústico","DTCC":"1507","Data_Pub_Origem":"1997-02-01T00:00:00","Designacao_no_plano":"Espaço florestal - Área de floresta de produção","Escala_origem":"1/25000","Fonte":"AML - Vectorial","ID1":36865,"Municipio":"MONTIJO"},"geometry":{"type":"Polygon","coordinates":[[[-8.55496344537787,38.6801467543781],[-8.55720218141079,38.6786468009716],[-8.55833520183209,38.6778726521072],[-8.55950746255318,38.6776930919033],[-8.56350403086696,38.6775907636859],[-8.56458835914045,38.6776568764761],[-8.56532202715873,38.6782556860687],[-8.56543800725393,38.6783524305907],[-8.56549541440571,38.6784021733072],[-8.56597552656859,38.6785761120662],[-8.56717368466216,38.679010176713],[-8.56727427844567,38.6791856855712],[-8.56626585719143,38.6793125306536],[-8.55504891946594,38.6817426030884],[-8.55341298291342,38.6822638288857],[-8.55370183229823,38.6820012367528],[-8.5537439549034,38.6815631007051],[-8.55482087020003,38.6803628256116],[-8.55496344537787,38.6801467543781]]]}},{"type":"Feature","id":"CRUS_Montijo_V.36866","properties":{"AREA_HA":1.17420943775382,"Autor":"DGT","Categoria_2021":"Não Atribuída","Classe_2021":"Solo Urbano (urbanizável – transitório)","DTCC":"1507","Data_Pub_Origem":"1997-02-01T00:00:00","Designacao_no_plano":"Espaço urbanizável - Área urbanizável mista habitacional e equipamento industrial","Escala_origem":"1/25000","Fonte":"AML - Vectorial","ID1":36866,"Municipio":"MONTIJO"},"geometry":{"type":"Polygon","coordinates":[[[-8.57952743774516,38.6712409318687],[-8.57950366015684,38.6714047277441],[-8.57925801576346,38.6728121061406],[-8.5783943917968,38.6727750675417],[-8.57840004905802,38.6724317660715],[-8.57840737729702,38.6719870412061],[-8.57846088561353,38.6717869031849],[-8.57952743774516,38.6712409318687]]]}},{"type":"Feature","id":"CRUS_Montijo_V.36867","properties":{"AREA_HA":7.34342419153653,"Autor":"DGT","Categoria_2021":"Espaço Florestal","Classe_2021":"Solo Rústico","DTCC":"1507","Data_Pub_Origem":"1997-02-01T00:00:00","Designacao_no_plano":"Espaço florestal - Área de mata e de protecção","Escala_origem":"1/25000","Fonte":"AML - Vectorial","ID1":36867,"Municipio":"MONTIJO"},"geometry":{"type":"Polygon","coordinates":[[[-8.57844535474579,38.6716357686902],[-8.5784330616363,38.6715869514145],[-8.57772879602139,38.6687903750061],[-8.57917405468781,38.6678040615347],[-8.57950906402318,38.6677677199114],[-8.5798448492981,38.6678540841435],[-8.58064699627031,38.6674653259641],[-8.58082348968016,38.6670964959503],[-8.58178195571158,38.6666895907386],[-8.58177855616685,38.6661461341294],[-8.58202384988356,38.6660575322906],[-8.58206008648797,38.6671399544784],[-8.58071018980527,38.667765216851],[-8.57928775138762,38.6687073310215],[-8.57929106619205,38.6692399329445],[-8.57999545741379,38.669549468121],[-8.58023372658354,38.6702097334528],[-8.58069685232209,38.6704785432662],[-8.580869701345,38.6705537974064],[-8.57952743774516,38.6712409318687],[-8.57846088561353,38.6717869031849],[-8.57844535474579,38.6716357686902]]]}},{"type":"Feature","id":"CRUS_Montijo_V.36868","properties":{"AREA_HA":18.5242270228379,"Autor":"DGT","Categoria_2021":"Espaço Agrícola","Classe_2021":"Solo Rústico","DTCC":"1507","Data_Pub_Origem":"1997-02-01T00:00:00","Designacao_no_plano":"Espaço agrícola - Área agrícola não incluído na RAN","Escala_origem":"1/25000","Fonte":"AML - Vectorial","ID1":36868,"Municipio":"MONTIJO"},"geometry":{"type":"Polygon","coordinates":[[[-8.58631675961413,38.6670478364218],[-8.58555143868358,38.6661034395975],[-8.5861805221173,38.6656419796481],[-8.5850733448178,38.6645262661716],[-8.58202384988356,38.6660575322906],[-8.58222412716061,38.665760061021],[-8.58219538117702,38.6648998135806],[-8.58285933339644,38.6638629146225],[-8.58305551358522,38.6630732525089],[-8.58467032486442,38.6608112757845],[-8.58509533033796,38.6613789804973],[-8.58535738073414,38.662094247611],[-8.58563982539409,38.6623319134185],[-8.58596690954248,38.6622204473877],[-8.5860819987468,38.6619077689955],[-8.58596215468346,38.6614674485397],[-8.58501918594434,38.6604426095281],[-8.58523313993004,38.660241331029],[-8.58656732581389,38.6609049354838],[-8.58668920453864,38.6616666587209],[-8.58692566050878,38.6620330550591],[-8.58732528794925,38.6622886280331],[-8.5881587077875,38.6632486746113],[-8.58626448092612,38.6647224730813],[-8.58702244022506,38.6656136825632],[-8.58775012711444,38.6653247142904],[-8.58825060201035,38.6662215860567],[-8.5882999680343,38.6663390942686],[-8.586386956758,38.66714727623],[-8.58631675961413,38.6670478364218]]]}},{"type":"Feature","id":"CRUS_Montijo_V.36869","properties":{"AREA_HA":5.75280218936731,"Autor":"DGT","Categoria_2021":"Espaço Agrícola","Classe_2021":"Solo Rústico","DTCC":"1507","Data_Pub_Origem":"1997-02-01T00:00:00","Designacao_no_plano":"Espaço agrícola - Área agrícola não incluído na RAN","Escala_origem":"1/25000","Fonte":"AML - Vectorial","ID1":36869,"Municipio":"MONTIJO"},"geometry":{"type":"Polygon","coordinates":[[[-8.58994125729248,38.6655670088062],[-8.58992132869186,38.6655736049763],[-8.5898491145926,38.6655051777894],[-8.58948167582738,38.6651570052948],[-8.58865087740716,38.66356865015],[-8.58828329349966,38.6631230018658],[-8.58860074524951,38.6628535187125],[-8.58978296097567,38.6623481624643],[-8.58980643791034,38.6624553748145],[-8.58996999551344,38.6630806473026],[-8.58951646490922,38.6634579709963],[-8.58977052936606,38.6639755846864],[-8.59011372455246,38.6641709601627],[-8.59054640155663,38.6640977310824],[-8.59156939401091,38.663646633235],[-8.5918888952116,38.6636990289047],[-8.59257330813144,38.6646958157409],[-8.59262467569028,38.6648183237461],[-8.59094241697794,38.665339229632],[-8.59007256952381,38.6656551213116],[-8.58994125729248,38.6655670088062]]]}},{"type":"Feature","id":"CRUS_Montijo_V.36870","properties":{"AREA_HA":5.19092413004133,"Autor":"DGT","Categoria_2021":"Espaço Florestal","Classe_2021":"Solo Rústico","DTCC":"1507","Data_Pub_Origem":"1997-02-01T00:00:00","Designacao_no_plano":"Espaço florestal - Área de mata e de protecção","Escala_origem":"1/25000","Fonte":"AML - Vectorial","ID1":36870,"Municipio":"MONTIJO"},"geometry":{"type":"Polygon","coordinates":[[[-8.59257330813144,38.6646958157409],[-8.5918888952116,38.6636990289047],[-8.59156939401091,38.663646633235],[-8.59054640155663,38.6640977310824],[-8.59011372455246,38.6641709601627],[-8.58977052936606,38.6639755846864],[-8.58951646490922,38.6634579709963],[-8.58996999551344,38.6630806473026],[-8.58980643791034,38.6624553748145],[-8.58978296097567,38.6623481624643],[-8.59112347281945,38.6616454703245],[-8.59337455184658,38.6644941806007],[-8.593462000139,38.66461321142],[-8.59262467569028,38.6648183237461],[-8.59257330813144,38.6646958157409]]]}},{"type":"Feature","id":"CRUS_Montijo_V.36871","properties":{"AREA_HA":0.953620023764507,"Autor":"DGT","Categoria_2021":"Não Atribuída","Classe_2021":"Solo Urbano","DTCC":"1507","Data_Pub_Origem":"1997-02-01T00:00:00","Designacao_no_plano":"Espaço urbano - Área urbanizada mista habitacional e equipamento industrial","Escala_origem":"1/25000","Fonte":"AML - Vectorial","ID1":36871,"Municipio":"MONTIJO"},"geometry":{"type":"Polygon","coordinates":[[[-8.58710101703269,38.6685770067153],[-8.58536961734032,38.6692868521546],[-8.58517071382044,38.669145538308],[-8.58504543638843,38.669046898876],[-8.58520230324088,38.6689030703463],[-8.58693224341274,38.6680240094144],[-8.58698507525054,38.6681992247617],[-8.58710101703269,38.6685770067153]]]}},{"type":"Feature","id":"CRUS_Montijo_V.36872","properties":{"AREA_HA":7.77862151384169,"Autor":"DGT","Categoria_2021":"Espaço Florestal","Classe_2021":"Solo Rústico","DTCC":"1507","Data_Pub_Origem":"1997-02-01T00:00:00","Designacao_no_plano":"Espaço florestal - Área de mata e de protecção","Escala_origem":"1/25000","Fonte":"AML - Vectorial","ID1":36872,"Municipio":"MONTIJO"},"geometry":{"type":"Polygon","coordinates":[[[-8.58414634988181,38.6693591678493],[-8.5837588335991,38.6692758655354],[-8.58348528844434,38.6692026627368],[-8.58395704413974,38.6689534593103],[-8.58383938829989,38.6688224335372],[-8.58261894187365,38.6672433599447],[-8.58274929701724,38.6671791970167],[-8.58342602332799,38.6668460870274],[-8.58380319492529,38.6672669318027],[-8.58455060509312,38.6670069949491],[-8.58528113254109,38.6680018182924],[-8.58533642149878,38.6680771086021],[-8.58534279813486,38.6680739310764],[-8.58545532169122,38.6682055165921],[-8.58673780271435,38.6675878081411],[-8.58830310851105,38.6668338433061],[-8.58833025560151,38.6669446457719],[-8.58805288125431,38.6673765234134],[-8.58802504761881,38.6675054615986],[-8.58753662810807,38.6677417257278],[-8.58693224341274,38.6680240094144],[-8.58520230324088,38.6689030703463],[-8.58504543638843,38.669046898876],[-8.58517071382044,38.669145538308],[-8.58536961734032,38.6692868521546],[-8.58710101703269,38.6685770067153],[-8.58656878014865,38.6699127842411],[-8.58540078881502,38.6697164282404],[-8.58517665345953,38.6702753329666],[-8.58479516993127,38.670361279388],[-8.58464683863482,38.6703634681865],[-8.58450351448917,38.6703244123443],[-8.58415119240685,38.670128955847],[-8.58414634988181,38.6693591678493]]]}},{"type":"Feature","id":"CRUS_Montijo_V.36873","properties":{"AREA_HA":33.3192998517908,"Autor":"DGT","Categoria_2021":"Não Atribuída","Classe_2021":"Solo Urbano (urbanizável – transitório)","DTCC":"1507","Data_Pub_Origem":"1997-02-01T00:00:00","Designacao_no_plano":"Espaço urbanizável - Área urbanizável mista habitacional e equipamento industrial","Escala_origem":"1/25000","Fonte":"AML - Vectorial","ID1":36873,"Municipio":"MONTIJO"},"geometry":{"type":"Polygon","coordinates":[[[-8.61276552061501,38.6793238769899],[-8.60980442192011,38.679050276536],[-8.60478952025065,38.6785867256334],[-8.60472871938844,38.6776664327235],[-8.60199884090091,38.677395150058],[-8.6021069244239,38.6768917383687],[-8.60218349144244,38.6765350872989],[-8.6023958159116,38.6755460077357],[-8.6024005903347,38.6754037655107],[-8.61362012015844,38.676647078803],[-8.6134569092309,38.6770774115999],[-8.61356612696471,38.6771337379542],[-8.61571380876623,38.6774690918927],[-8.61516866858749,38.679667017081],[-8.61305933543485,38.6794130191538],[-8.61276552061501,38.6793238769899]]]}},{"type":"Feature","id":"CRUS_Montijo_V.36874","properties":{"AREA_HA":7.30397935373504,"Autor":"DGT","Categoria_2021":"Espaço Agrícola","Classe_2021":"Solo Rústico","DTCC":"1507","Data_Pub_Origem":"1997-02-01T00:00:00","Designacao_no_plano":"Espaço agrícola - Área agrícola da RAN","Escala_origem":"1/25000","Fonte":"AML - Vectorial","ID1":36874,"Municipio":"MONTIJO"},"geometry":{"type":"Polygon","coordinates":[[[-8.59661199878787,38.6703359538819],[-8.59714027048008,38.6705908649082],[-8.5969608509395,38.671018076849],[-8.5967190957472,38.6715150338154],[-8.59660161282501,38.6717565308073],[-8.59595084618991,38.673064750985],[-8.59584996534382,38.6737535787538],[-8.59504786179135,38.6745340230673],[-8.59495508540006,38.6746913373675],[-8.59488386191929,38.6748214914802],[-8.59269230987546,38.6759039935544],[-8.59200778394311,38.6768240032903],[-8.59164171972157,38.6781372040889],[-8.59110653098227,38.6786254837227],[-8.59089009164837,38.6777181977744],[-8.59108182198951,38.676589142761],[-8.5919170678381,38.6754483879621],[-8.59319986375448,38.674786995758],[-8.59355971191723,38.6746577930478],[-8.5937248673849,38.6745193912789],[-8.59387525527469,38.6742426807259],[-8.5948789504691,38.6738075118983],[-8.59518106956759,38.6734716814785],[-8.59603652961052,38.6718344159498],[-8.5963550118582,38.6704103996053],[-8.59661199878787,38.6703359538819]]]}},{"type":"Feature","id":"CRUS_Montijo_V.36875","properties":{"AREA_HA":1.43154953330825,"Autor":"DGT","Categoria_2021":"Espaço de Atividades Industriais ","Classe_2021":"Solo Rústico","DTCC":"1507","Data_Pub_Origem":"1997-02-01T00:00:00","Designacao_no_plano":"Espaço industrial - Área industrial existente","Escala_origem":"1/25000","Fonte":"AML - Vectorial","ID1":36875,"Municipio":"MONTIJO"},"geometry":{"type":"Polygon","coordinates":[[[-8.59000735828048,38.6745182731869],[-8.59004703569525,38.6733985438693],[-8.59132374235432,38.6736228292578],[-8.59134114249337,38.6745114742684],[-8.59135051863581,38.6746274315195],[-8.59003860587458,38.6746586185629],[-8.59000735828048,38.6745182731869]]]}},{"type":"Feature","id":"CRUS_Montijo_V.36876","properties":{"AREA_HA":10.0524061046603,"Autor":"DGT","Categoria_2021":"Espaço Florestal","Classe_2021":"Solo Rústico","DTCC":"1507","Data_Pub_Origem":"1997-02-01T00:00:00","Designacao_no_plano":"Espaço florestal - Área de floresta de produção","Escala_origem":"1/25000","Fonte":"AML - Vectorial","ID1":36876,"Municipio":"MONTIJO"},"geometry":{"type":"Polygon","coordinates":[[[-8.58588052836446,38.6795397412903],[-8.5862360328767,38.6797087317903],[-8.58714611148334,38.6807901840521],[-8.58740851152255,38.6806994958099],[-8.58744156444138,38.6805020980939],[-8.58740498770522,38.680143564903],[-8.58712900818589,38.6798935649597],[-8.58763406441437,38.6795517307114],[-8.58835905358776,38.6795489037184],[-8.58858162974249,38.6810189330659],[-8.58830063315596,38.6815437618999],[-8.58992203117625,38.6816599963644],[-8.59034665285962,38.6813686141008],[-8.59065912284776,38.681322816874],[-8.59077149543761,38.6811106497805],[-8.5905837775451,38.6806545216114],[-8.59122261896279,38.6805182891102],[-8.59088947187865,38.6795501445459],[-8.59252503259641,38.6796662876156],[-8.59254739027451,38.6809365229465],[-8.59267675969399,38.6811588833876],[-8.59334626133488,38.6813679609509],[-8.59343262862688,38.6815347660416],[-8.59280798672468,38.6816709457822],[-8.5929291225656,38.6821281743275],[-8.59298125815901,38.6823249629169],[-8.59299666483119,38.6823269048533],[-8.59303340304612,38.6824349999679],[-8.58684174497687,38.6816058905934],[-8.58684519288967,38.6817149383815],[-8.58655284516767,38.681559816284],[-8.58638486163547,38.6814415567417],[-8.58576020033102,38.6804010328565],[-8.58573258601181,38.6796479176119],[-8.58588052836446,38.6795397412903]]]}},{"type":"Feature","id":"CRUS_Montijo_V.36877","properties":{"AREA_HA":27.99261538227,"Autor":"DGT","Categoria_2021":"Espaço de Atividades Económicas","Classe_2021":"Solo Urbano (urbanizável – transitório)","DTCC":"1507","Data_Pub_Origem":"1997-02-01T00:00:00","Designacao_no_plano":"Espaço industrial - Área industrial proposta","Escala_origem":"1/25000","Fonte":"AML - Vectorial","ID1":36877,"Municipio":"MONTIJO"},"geometry":{"type":"Polygon","coordinates":[[[-8.58684174497687,38.6816058905934],[-8.59303340304612,38.6824349999679],[-8.59487160491845,38.6826810819602],[-8.59485154478127,38.6829280861449],[-8.59431636006893,38.6867327343733],[-8.58879871708898,38.6857325946452],[-8.58828514046879,38.6854700227178],[-8.58758307872403,38.6848387431743],[-8.58709226429512,38.6844939598375],[-8.58713104281445,38.6829868066744],[-8.58725552907631,38.6824389979845],[-8.58684519288967,38.6817149383815],[-8.58684174497687,38.6816058905934]]]}},{"type":"Feature","id":"CRUS_Montijo_V.36878","properties":{"AREA_HA":11.3751708946818,"Autor":"DGT","Categoria_2021":"Espaço de Atividades Económicas","Classe_2021":"Solo Urbano","DTCC":"1507","Data_Pub_Origem":"1997-02-01T00:00:00","Designacao_no_plano":"Espaço industrial - Área industrial existente","Escala_origem":"1/25000","Fonte":"AML - Vectorial","ID1":36878,"Municipio":"MONTIJO"},"geometry":{"type":"Polygon","coordinates":[[[-8.59487160491845,38.6826810819602],[-8.59512936092366,38.6827256318496],[-8.59736485734902,38.6829315872492],[-8.59769732095375,38.6829693237752],[-8.59770524512949,38.6830736583371],[-8.59771340248724,38.6830743501888],[-8.59770968832214,38.6831321551032],[-8.59759095726628,38.6849799351301],[-8.59757647824256,38.6850600834118],[-8.59724913656363,38.6868716447174],[-8.59431636006893,38.6867327343733],[-8.59485154478127,38.6829280861449],[-8.59487160491845,38.6826810819602]]]}},{"type":"Feature","id":"CRUS_Montijo_V.36879","properties":{"AREA_HA":8.36691070851521,"Autor":"DGT","Categoria_2021":"Espaço Florestal","Classe_2021":"Solo Rústico","DTCC":"1507","Data_Pub_Origem":"1997-02-01T00:00:00","Designacao_no_plano":"Espaço florestal - Área de mata e de protecção","Escala_origem":"1/25000","Fonte":"AML - Vectorial","ID1":36879,"Municipio":"MONTIJO"},"geometry":{"type":"Polygon","coordinates":[[[-8.59618680407019,38.6778345487228],[-8.59672505397433,38.6778507515995],[-8.59700724801184,38.6780697161219],[-8.59712624977389,38.6783810407511],[-8.59705914562586,38.6788581696141],[-8.5976980056797,38.6799560849201],[-8.59774693967372,38.6802860277775],[-8.59744549536982,38.6807090690944],[-8.59734126272453,38.681255708322],[-8.59737736887022,38.6814114407438],[-8.59734403994015,38.6827969841155],[-8.59736485734902,38.6829315872492],[-8.59512936092366,38.6827256318496],[-8.59510626965522,38.6825927722613],[-8.59502049280995,38.6820209079263],[-8.59541720410568,38.6818542637267],[-8.59600228012977,38.6818702928488],[-8.59611845224036,38.6817414394032],[-8.59590584718469,38.6814304852658],[-8.59552993383606,38.6811935490708],[-8.59552685711184,38.6807166906453],[-8.59498492122621,38.6801319319379],[-8.59512188877525,38.6795994964785],[-8.59481310752435,38.6788854210138],[-8.59577157357637,38.6787532406137],[-8.59605115069292,38.6785687258684],[-8.59585995154836,38.6779458891053],[-8.59618680407019,38.6778345487228]],[[-8.59631442460037,38.6794820402555],[-8.59621620186297,38.6805740957217],[-8.59707063880459,38.6806532692394],[-8.59727406450221,38.6795516153833],[-8.59631442460037,38.6794820402555]]]}},{"type":"Feature","id":"CRUS_Montijo_V.36880","properties":{"AREA_HA":1.22182702968461,"Autor":"DGT","Categoria_2021":"Espaço Verde","Classe_2021":"Solo Urbano","DTCC":"1507","Data_Pub_Origem":"1997-02-01T00:00:00","Designacao_no_plano":"Espaço urbano verde - Área verde de protecção e enquadramento - Agrícola equipado","Escala_origem":"1/25000","Fonte":"AML - Vectorial","ID1":36880,"Municipio":"MONTIJO"},"geometry":{"type":"Polygon","coordinates":[[[-8.59832497562162,38.6830951087973],[-8.59829559346655,38.6834888271466],[-8.59817605260234,38.6850906462592],[-8.59757647824256,38.6850600834118],[-8.59759095726628,38.6849799351301],[-8.59770968832214,38.6831321551032],[-8.59771340248724,38.6830743501888],[-8.59770524512949,38.6830736583371],[-8.59769732095375,38.6829693237752],[-8.59829554086226,38.6829834857481],[-8.59829580618005,38.6830450582866],[-8.59832497562162,38.6830951087973]]]}},{"type":"Feature","id":"CRUS_Montijo_V.36881","properties":{"AREA_HA":9.98660881408045,"Autor":"DGT","Categoria_2021":"Não Atribuída","Classe_2021":"Solo Urbano (urbanizável – transitório)","DTCC":"1507","Data_Pub_Origem":"1997-02-01T00:00:00","Designacao_no_plano":"Espaço urbanizável - Área urbanizável mista habitacional e equipamento industrial","Escala_origem":"1/25000","Fonte":"AML - Vectorial","ID1":36881,"Municipio":"MONTIJO"},"geometry":{"type":"Polygon","coordinates":[[[-8.6031212195769,38.6832576671843],[-8.60295861668733,38.6853341398293],[-8.59817605260234,38.6850906462592],[-8.59829559346655,38.6834888271466],[-8.59832497562162,38.6830951087973],[-8.59829580618005,38.6830450582866],[-8.59829554086226,38.6829834857481],[-8.59981554186354,38.683019457583],[-8.60185303218279,38.6831073109899],[-8.60312138361354,38.6831464074494],[-8.60312231276167,38.6832014815027],[-8.6031212195769,38.6832576671843]]]}},{"type":"Feature","id":"CRUS_Montijo_V.36882","properties":{"AREA_HA":4.24389419591206,"Autor":"DGT","Categoria_2021":"Espaço Florestal","Classe_2021":"Solo Rústico","DTCC":"1507","Data_Pub_Origem":"1997-02-01T00:00:00","Designacao_no_plano":"Espaço florestal - Área de floresta de produção","Escala_origem":"1/25000","Fonte":"AML - Vectorial","ID1":36882,"Municipio":"MONTIJO"},"geometry":{"type":"Polygon","coordinates":[[[-8.59737736887022,38.6814114407438],[-8.59821121498304,38.6819215902805],[-8.59951035191253,38.6820264380016],[-8.60110349849069,38.6823684821565],[-8.60192997544688,38.6822556695216],[-8.60187953994595,38.6827673208457],[-8.60186333839736,38.6829751278449],[-8.60185303218279,38.6831073109899],[-8.59981554186354,38.683019457583],[-8.59829554086226,38.6829834857481],[-8.59769732095375,38.6829693237752],[-8.59736485734902,38.6829315872492],[-8.59734403994015,38.6827969841155],[-8.59737736887022,38.6814114407438]]]}},{"type":"Feature","id":"CRUS_Montijo_V.36883","properties":{"AREA_HA":5.91006589863894,"Autor":"DGT","Categoria_2021":"Espaço Florestal","Classe_2021":"Solo Rústico","DTCC":"1507","Data_Pub_Origem":"1997-02-01T00:00:00","Designacao_no_plano":"Espaço agro-florestal","Escala_origem":"1/25000","Fonte":"AML - Vectorial","ID1":36883,"Municipio":"MONTIJO"},"geometry":{"type":"Polygon","coordinates":[[[-8.6058855592483,38.6833615576095],[-8.60588661630042,38.6834572309589],[-8.60590732403753,38.6853331884417],[-8.60295861668733,38.6853341398293],[-8.6031212195769,38.6832576671843],[-8.60312231276167,38.6832014815027],[-8.60312138361354,38.6831464074494],[-8.60588129660272,38.6832314310398],[-8.6058855592483,38.6833615576095]]]}},{"type":"Feature","id":"CRUS_Montijo_V.36884","properties":{"AREA_HA":98.6260127127638,"Autor":"DGT","Categoria_2021":"Espaço Florestal","Classe_2021":"Solo Rústico","DTCC":"1507","Data_Pub_Origem":"1997-02-01T00:00:00","Designacao_no_plano":"Espaço florestal - Área de floresta de produção","Escala_origem":"1/25000","Fonte":"AML - Vectorial","ID1":36884,"Municipio":"MONTIJO"},"geometry":{"type":"Polygon","coordinates":[[[-8.60806632111018,38.683411071092],[-8.60809778284197,38.684109143407],[-8.60799120374287,38.6849529240007],[-8.60787270119754,38.6858150763054],[-8.60759889266254,38.687639554413],[-8.60757699769057,38.6879172821669],[-8.60734113737321,38.6909086748142],[-8.60685327913959,38.6910749736471],[-8.6067612332784,38.691239664379],[-8.60690297762066,38.691549462811],[-8.60736961920447,38.691693623326],[-8.60711868884134,38.6924797163187],[-8.60690913542741,38.6924805673216],[-8.60653828861288,38.6927376775794],[-8.6064420112787,38.6957870431123],[-8.60172926120837,38.6958215024048],[-8.59701650468898,38.6958557717958],[-8.5984726483602,38.6870177909715],[-8.59724913656363,38.6868716447174],[-8.59757647824256,38.6850600834118],[-8.59817605260234,38.6850906462592],[-8.60295861668733,38.6853341398293],[-8.60590732403753,38.6853331884417],[-8.60588661630042,38.6834572309589],[-8.6058855592483,38.6833615576095],[-8.60588129660272,38.6832314310398],[-8.6080620215914,38.6832985665516],[-8.60806632111018,38.683411071092]],[[-8.59898229414874,38.6924277198084],[-8.59865707728496,38.6925384938411],[-8.59854376205184,38.6930133390332],[-8.59869127191334,38.6942169600881],[-8.59927209654347,38.6940321814168],[-8.59945502082341,38.6935205749894],[-8.60040977099487,38.6935532458642],[-8.60051890885305,38.6924398234478],[-8.59898229414874,38.6924277198084]]]}},{"type":"Feature","id":"CRUS_Montijo_V.36885","properties":{"AREA_HA":2119.26656762515,"Autor":"DGT","Categoria_2021":"Espaço Agrícola","Classe_2021":"Solo Rústico","DTCC":"1507","Data_Pub_Origem":"1997-02-01T00:00:00","Designacao_no_plano":"Espaço agrícola - Área agrícola não incluído na RAN","Escala_origem":"1/25000","Fonte":"AML - Vectorial","ID1":36885,"Municipio":"MONTIJO"},"geometry":{"type":"Polygon","coordinates":[[[-8.61571704185981,38.6726112871739],[-8.61572341781041,38.6726006185917],[-8.61585706550281,38.6726335973252],[-8.61721115958367,38.672967715529],[-8.61852377601327,38.6734865435682],[-8.61943306488165,38.6743037650392],[-8.62002529906555,38.6756817699493],[-8.62055652213901,38.6764863262999],[-8.62063829118423,38.6767459498608],[-8.62048042077356,38.677060352834],[-8.62067501948545,38.6771043637608],[-8.62138222412734,38.6768952288306],[-8.6217733780672,38.6772700857433],[-8.62174156790858,38.6776341553829],[-8.62189094597689,38.6777500673045],[-8.62280559688905,38.6777910560221],[-8.62327876897077,38.6779475484597],[-8.62337160908355,38.6779942117395],[-8.62349552193135,38.6780258640553],[-8.62375266310809,38.6782226285985],[-8.62396256525034,38.6788309906521],[-8.62455818509167,38.6790166260151],[-8.62499649262927,38.6795971439206],[-8.62568356154295,38.6797823888539],[-8.62573371976817,38.6804272556149],[-8.62763375625744,38.6791559397265],[-8.62727487791055,38.678494463945],[-8.6265654550674,38.6783809916671],[-8.62643645953768,38.6779066932469],[-8.62576164137623,38.6778378668597],[-8.62486659940023,38.6773219923598],[-8.6247143919438,38.676794029606],[-8.62413432082981,38.6769095955938],[-8.6239683064995,38.6770017714191],[-8.62379742865566,38.6770128496623],[-8.62341567080578,38.6767495714804],[-8.62355971392184,38.6760856177715],[-8.62314667124286,38.6758542867369],[-8.62246276528098,38.6761260849446],[-8.62211732697242,38.6757510400287],[-8.62210382543596,38.6754463154604],[-8.62170448509481,38.6755465915545],[-8.62125827173355,38.6754767460337],[-8.61999118291313,38.6740235459349],[-8.61967088295146,38.6739800577218],[-8.61864219941333,38.6728563743835],[-8.61804305267737,38.6725133510272],[-8.61656373993764,38.6722965755565],[-8.61606794769321,38.672124618966],[-8.61589608531419,38.6721008334286],[-8.61589997291804,38.6720945386739],[-8.61700856253934,38.6707758760445],[-8.61927209786735,38.6684011409459],[-8.62240618955986,38.6659000682539],[-8.62375786190208,38.6642123819968],[-8.62439955562744,38.6632810720013],[-8.62499676346088,38.6617187596881],[-8.62517552242034,38.6617035442622],[-8.62665706730921,38.6615581833343],[-8.629662306623,38.660799633058],[-8.64542890246792,38.6545063598153],[-8.66366212175794,38.6472337599789],[-8.66368720900231,38.6474482200087],[-8.66442182998239,38.6482495298675],[-8.67385052324599,38.6565305700318],[-8.67939001076827,38.6584895782921],[-8.69149177633089,38.6624857103829],[-8.68980058689875,38.6651603219431],[-8.6880665313046,38.666465629547],[-8.68602946150628,38.6675660434482],[-8.68368883431716,38.6686271017786],[-8.68329160676723,38.6689508338737],[-8.68281916914815,38.668666962843],[-8.68043924012743,38.670495675836],[-8.67751509186987,38.6724762705286],[-8.67658432130989,38.6737680367223],[-8.67465632820496,38.6737948797728],[-8.67312680273018,38.6733372131709],[-8.67251490988563,38.6732685181957],[-8.671786934906,38.6733970480935],[-8.67026229935254,38.6739047459044],[-8.6692041819854,38.6739096114921],[-8.66904105948908,38.6741070524488],[-8.66990953241351,38.674684200165],[-8.670686029393,38.6747521504737],[-8.67120266277839,38.6746603641592],[-8.67197607155397,38.674317054911],[-8.6731267770635,38.6741150443274],[-8.67600765892756,38.6747096343119],[-8.6754273172596,38.6757047265817],[-8.67444369877185,38.6762367807744],[-8.67414842013222,38.6760593395325],[-8.67287243760819,38.6765478836709],[-8.67184868620473,38.6764363913356],[-8.67066240591116,38.6766027913693],[-8.67012310608402,38.6768109018252],[-8.66991374956655,38.6771158434299],[-8.67184331112936,38.6772857616698],[-8.6696306745976,38.6782060248509],[-8.66715590412402,38.680110066314],[-8.6664970673713,38.6800594356172],[-8.6649063777416,38.6796107249935],[-8.66389533147458,38.679633209019],[-8.66227448016211,38.6793545996423],[-8.66181672412208,38.6794639607146],[-8.66175938315175,38.6796609122643],[-8.66203120023781,38.679847435932],[-8.66265594189342,38.6800591752053],[-8.66352629718818,38.680090984542],[-8.66644918523838,38.6810581202751],[-8.66602861777945,38.681719956258],[-8.66592036925197,38.6819326969965],[-8.66473010253824,38.6820969643367],[-8.66367664602242,38.6817058828655],[-8.66300658448182,38.6819978709836],[-8.66219247892577,38.6831940550083],[-8.66200605072027,38.6835435851145],[-8.6619928797457,38.6837476028657],[-8.66076767662055,38.6843225769931],[-8.66064673029439,38.6841528387339],[-8.66017963759501,38.6834470224955],[-8.66004440329549,38.6832395524429],[-8.65991001616434,38.6830959516578],[-8.65954957366834,38.6825417163334],[-8.65865269798825,38.6830740299524],[-8.65822939371231,38.6833438898862],[-8.65660355470204,38.6844523162123],[-8.65828476954849,38.6857195948529],[-8.65828644307389,38.6858493254877],[-8.65825406801984,38.6860071586176],[-8.65730753761948,38.6870166105904],[-8.65701367869351,38.6875720909545],[-8.65697121257918,38.6878788970764],[-8.65697665396454,38.6886235081317],[-8.65472392074829,38.6893256748477],[-8.6520412681472,38.6893201148401],[-8.65192407233949,38.689192019137],[-8.64215641906579,38.6834026322262],[-8.64145601936477,38.6829478045479],[-8.64050840649016,38.6827046662369],[-8.64029951116949,38.6828887263646],[-8.64027790876649,38.683136083362],[-8.64058592970336,38.6837574734743],[-8.64055192651879,38.6839041469039],[-8.64030709270625,38.6839601515595],[-8.63817534104635,38.6830536279275],[-8.63496568795707,38.6824667724148],[-8.63372746088645,38.6824079816404],[-8.63127928324777,38.6813195352755],[-8.62949301439366,38.6808692585554],[-8.62813076689417,38.6797577982773],[-8.62775698822371,38.6797410706228],[-8.62735038144198,38.6800449967273],[-8.6272942644273,38.6803749131776],[-8.62801478496254,38.6808874464565],[-8.62825343134774,38.6810572096605],[-8.6287353261729,38.6813999841473],[-8.63091202487318,38.6820775493046],[-8.63259047853023,38.6833066739248],[-8.63318724263027,38.6834781083388],[-8.6342741345465,38.6836016572961],[-8.63545127333355,38.6839354347481],[-8.63587929173571,38.6833566495247],[-8.6366618007355,38.6833715884127],[-8.63806339380295,38.6837391777682],[-8.63895449351181,38.6842481481534],[-8.63975232218513,38.6851055172891],[-8.64052635022726,38.6855691959435],[-8.64255206417946,38.6863296239357],[-8.64403848517228,38.6872810435264],[-8.64644028387168,38.6883602720055],[-8.64692269388004,38.6888618174128],[-8.6469600657543,38.6891112754523],[-8.64691043386105,38.6892727394649],[-8.64550160616318,38.6892088507445],[-8.6454426493968,38.6890439472471],[-8.64478418290031,38.6886761724664],[-8.64421254165965,38.6887610931855],[-8.6437838189839,38.6889619229049],[-8.64364544457163,38.6891118624552],[-8.64356359612813,38.6892449476905],[-8.64327881614488,38.6896333157957],[-8.64220289973663,38.6911005483873],[-8.64216184975178,38.6918974467153],[-8.64044453230786,38.6928382899704],[-8.63830948369683,38.6938006898423],[-8.63541160244154,38.694606273957],[-8.63393461481076,38.6955100888205],[-8.62808758971034,38.6970094313664],[-8.62679267025923,38.6972347059192],[-8.6253206554009,38.6971859857207],[-8.62348182904409,38.6976424583248],[-8.62189685449931,38.6974751097841],[-8.62120470140572,38.6970292797303],[-8.61988706674722,38.6956336514933],[-8.61972056451619,38.6951947700628],[-8.61803638445076,38.6931267800785],[-8.61721754217107,38.6912080093158],[-8.61707115827413,38.6902841437782],[-8.6175320028659,38.6893887909816],[-8.61751124293286,38.6891878165976],[-8.6168488974897,38.6879096685507],[-8.61636807385375,38.6875822900082],[-8.61621767788506,38.6877841988331],[-8.61623213045386,38.6881958536809],[-8.61687242075868,38.6896662206884],[-8.61660603726495,38.6899784011616],[-8.61563410040804,38.6899324760338],[-8.61486336376407,38.6885759741105],[-8.61480578090733,38.6884746244377],[-8.61473559417955,38.688402549127],[-8.61467426007173,38.6882914112492],[-8.61314974792865,38.6883904540502],[-8.61281856472779,38.6884139577853],[-8.61230665057235,38.6866232350361],[-8.61206296026699,38.685770752589],[-8.61233775462676,38.6859395434584],[-8.61587209915631,38.686716433209],[-8.61646226160228,38.686846145327],[-8.61759759286558,38.6871271639244],[-8.61887129473323,38.6872583216035],[-8.61888797525948,38.686280496122],[-8.62039128059673,38.6862925043196],[-8.62038972655715,38.6860640564987],[-8.61938382828858,38.6855108423153],[-8.61903863505746,38.6850798913708],[-8.62003923779844,38.68429155589],[-8.62179792651315,38.6844989020309],[-8.62258045715013,38.6865536009795],[-8.6237221267166,38.6865305368399],[-8.62337401702329,38.6842863734324],[-8.62335796770719,38.6841703839775],[-8.62152228491888,38.6837751022029],[-8.6203363978725,38.683604851526],[-8.61753652302894,38.6835733144471],[-8.61560253097142,38.6835237804242],[-8.61547349796832,38.6833819052083],[-8.61469327247157,38.6815835985721],[-8.61516866858749,38.679667017081],[-8.61571380876623,38.6774690918927],[-8.61356612696471,38.6771337379542],[-8.6134569092309,38.6770774115999],[-8.61362012015844,38.676647078803],[-8.6024005903347,38.6754037655107],[-8.6023958159116,38.6755460077357],[-8.60218349144244,38.6765350872989],[-8.60128729328716,38.6766091131954],[-8.59993458630748,38.6771146556197],[-8.5992915423798,38.676733444751],[-8.59949876504507,38.6762188123331],[-8.59982500666008,38.6760156536707],[-8.60014957250288,38.6755556070847],[-8.5995175044604,38.6755030875257],[-8.59851301251381,38.6757456428779],[-8.59828250666287,38.6762787167882],[-8.59790863506295,38.6763536136021],[-8.59751992552262,38.6777497619262],[-8.59792385362993,38.6781954776599],[-8.5980131544489,38.6784381067876],[-8.59825955908865,38.6785563197511],[-8.59858654402163,38.6784724921515],[-8.60099973894953,38.6772250077368],[-8.6021069244239,38.6768917383687],[-8.60199884090091,38.677395150058],[-8.60181801202481,38.6782374680881],[-8.60230820398392,38.6784181191808],[-8.6022493979136,38.6790147463214],[-8.6001807018113,38.6789841774414],[-8.59992181744039,38.6787468139688],[-8.59864097720169,38.6796505089264],[-8.59932358848873,38.6802896290874],[-8.59897657784587,38.6808915944767],[-8.5986856912298,38.6811311552065],[-8.59734126272453,38.681255708322],[-8.59744549536982,38.6807090690944],[-8.59774693967372,38.6802860277775],[-8.5976980056797,38.6799560849201],[-8.59705914562586,38.6788581696141],[-8.59712624977389,38.6783810407511],[-8.59700724801184,38.6780697161219],[-8.59672505397433,38.6778507515995],[-8.59618680407019,38.6778345487228],[-8.59585995154836,38.6779458891053],[-8.59605115069292,38.6785687258684],[-8.59577157357637,38.6787532406137],[-8.59481310752435,38.6788854210138],[-8.59512188877525,38.6795994964785],[-8.59498492122621,38.6801319319379],[-8.59552685711184,38.6807166906453],[-8.59552993383606,38.6811935490708],[-8.59590584718469,38.6814304852658],[-8.59611845224036,38.6817414394032],[-8.59600228012977,38.6818702928488],[-8.59541720410568,38.6818542637267],[-8.59502049280995,38.6820209079263],[-8.59510626965522,38.6825927722613],[-8.59512936092366,38.6827256318496],[-8.59487160491845,38.6826810819602],[-8.59303340304612,38.6824349999679],[-8.59299666483119,38.6823269048533],[-8.59298125815901,38.6823249629169],[-8.5929291225656,38.6821281743275],[-8.59280798672468,38.6816709457822],[-8.59343262862688,38.6815347660416],[-8.59334626133488,38.6813679609509],[-8.59267675969399,38.6811588833876],[-8.59254739027451,38.6809365229465],[-8.59252503259641,38.6796662876156],[-8.59088947187865,38.6795501445459],[-8.59122261896279,38.6805182891102],[-8.5905837775451,38.6806545216114],[-8.59077149543761,38.6811106497805],[-8.59065912284776,38.681322816874],[-8.59034665285962,38.6813686141008],[-8.58992203117625,38.6816599963644],[-8.58830063315596,38.6815437618999],[-8.58858162974249,38.6810189330659],[-8.58835905358776,38.6795489037184],[-8.58763406441437,38.6795517307114],[-8.58712900818589,38.6798935649597],[-8.58592122464282,38.6787415367714],[-8.58578840014203,38.6776240285028],[-8.5858055505356,38.6767187903966],[-8.58612950757223,38.6755166063272],[-8.58666195341575,38.6747438027191],[-8.58723338866048,38.6743756158123],[-8.58734545313201,38.6742655148925],[-8.5875710072236,38.6741285681239],[-8.58779212429472,38.6739374007324],[-8.58853947015244,38.6732912701227],[-8.58852807398331,38.6712532001434],[-8.5886387263126,38.6712255996165],[-8.58882567028552,38.6711789728136],[-8.59279853976859,38.6702271265658],[-8.59474077699312,38.6701643811268],[-8.5963550118582,38.6704103996053],[-8.59603652961052,38.6718344159498],[-8.59518106956759,38.6734716814785],[-8.5948789504691,38.6738075118983],[-8.59387525527469,38.6742426807259],[-8.5937248673849,38.6745193912789],[-8.59355971191723,38.6746577930478],[-8.59319986375448,38.674786995758],[-8.5919170678381,38.6754483879621],[-8.59108182198951,38.676589142761],[-8.59089009164837,38.6777181977744],[-8.59110653098227,38.6786254837227],[-8.59164171972157,38.6781372040889],[-8.59200778394311,38.6768240032903],[-8.59269230987546,38.6759039935544],[-8.59488386191929,38.6748214914802],[-8.59495508540006,38.6746913373675],[-8.59504786179135,38.6745340230673],[-8.59584996534382,38.6737535787538],[-8.59595084618991,38.673064750985],[-8.59660161282501,38.6717565308073],[-8.5967190957472,38.6715150338154],[-8.5969608509395,38.671018076849],[-8.59714027048008,38.6705908649082],[-8.59661199878787,38.6703359538819],[-8.59934211822049,38.6703724132355],[-8.60262305321164,38.6708534046368],[-8.60313399869203,38.6707594463704],[-8.60339126700409,38.6707584095314],[-8.60437820107946,38.6714607002319],[-8.60436909521442,38.6718551480369],[-8.604206584775,38.6720392554486],[-8.60328580672188,38.6725107613563],[-8.60260802256716,38.6725868710777],[-8.60160177072477,38.6725083657205],[-8.60039462980138,38.6721096249843],[-8.5994128885221,38.6719414172535],[-8.59902497978944,38.6718949620625],[-8.59884824582102,38.6719825788038],[-8.59885200955479,38.6722717241343],[-8.59908701940252,38.6724450569905],[-8.60113615682745,38.6728404449324],[-8.60146076494191,38.6730289256226],[-8.60092286474194,38.6735118013601],[-8.60020672856907,38.6735552166162],[-8.599581494805,38.6745486200767],[-8.60159582808977,38.6748891984442],[-8.60259928379359,38.6733915736614],[-8.60401105473747,38.6728908161077],[-8.60518705568342,38.6721067984252],[-8.60646924028967,38.6714690258904],[-8.60696906505273,38.6710086101711],[-8.60695609526892,38.6708161324016],[-8.60676088256589,38.6706719479306],[-8.60872774343297,38.6710491333225],[-8.61185033839682,38.6711464145126],[-8.61314868498112,38.6712144422155],[-8.61446506205806,38.6717533619098],[-8.61461314947385,38.6718139873347],[-8.61479218036763,38.6718693964143],[-8.61454908473614,38.6722840911896],[-8.61434643772086,38.6722368745742],[-8.61380812599952,38.6722572361146],[-8.61245082228791,38.6717660499728],[-8.61120847296276,38.6716809673746],[-8.60987358837108,38.6713929537373],[-8.60823749727566,38.6715280303546],[-8.60777041124514,38.6716216428444],[-8.60774775702714,38.6717317869586],[-8.61178060891816,38.6733110715678],[-8.61351923799486,38.6745145083332],[-8.61371706461767,38.6748360039703],[-8.61406450213263,38.6750105920989],[-8.6147281785442,38.6739916413446],[-8.61559300325091,38.6725915250912],[-8.61571704185981,38.6726112871739]],[[-8.59004703569525,38.6733985438693],[-8.59000735828048,38.6745182731869],[-8.59003860587458,38.6746586185629],[-8.59135051863581,38.6746274315195],[-8.59134114249337,38.6745114742684],[-8.59132374235432,38.6736228292578],[-8.59004703569525,38.6733985438693]],[[-8.647034154474,38.677792178929],[-8.64638186293176,38.6780698061111],[-8.6455857583041,38.6778443374097],[-8.64517704639891,38.6778736151187],[-8.64499148959447,38.6780667518472],[-8.64501799117326,38.6785062489935],[-8.64630663319097,38.678985989662],[-8.64638046852144,38.6795076926305],[-8.6466006165163,38.6798440326193],[-8.64679300320273,38.6799674347336],[-8.64709592444929,38.6798892074355],[-8.64750319195324,38.6780282317273],[-8.647034154474,38.677792178929]],[[-8.63372538261984,38.6905220614269],[-8.63355620329958,38.6907009848534],[-8.6335878696325,38.6911686121858],[-8.63427303288946,38.6916557196924],[-8.63600921919805,38.6921382882309],[-8.63686171622802,38.6921791553674],[-8.63899703012834,38.6928604295108],[-8.63927999719183,38.6927032811934],[-8.63847849322461,38.6918380438861],[-8.63606149826194,38.6914920932778],[-8.63406672000032,38.6905874186257],[-8.63372538261984,38.6905220614269]],[[-8.62032822907,38.6889009700519],[-8.61998280605812,38.6895238798922],[-8.6204295402654,38.6900886504823],[-8.62038752189111,38.6907651257526],[-8.62085421716984,38.6908362940416],[-8.62113394499747,38.6908351243335],[-8.62155078401878,38.6904312499493],[-8.62248092770813,38.6900983410284],[-8.62448670049873,38.6902544157963],[-8.62525046000457,38.6900842586545],[-8.6245059977701,38.689669421438],[-8.62084190108004,38.6890267744969],[-8.62067799718558,38.68891778629],[-8.62032822907,38.6889009700519]]]}},{"type":"Feature","id":"CRUS_Montijo_V.36886","properties":{"AREA_HA":8.99511944028176,"Autor":"DGT","Categoria_2021":"Não Atribuída","Classe_2021":"Solo Urbano","DTCC":"1507","Data_Pub_Origem":"1997-02-01T00:00:00","Designacao_no_plano":"Espaço urbano - Área urbanizada mista habitacional e equipamento industrial","Escala_origem":"1/25000","Fonte":"AML - Vectorial","ID1":36886,"Municipio":"MONTIJO"},"geometry":{"type":"Polygon","coordinates":[[[-8.77612923849142,38.6783012888292],[-8.77577735003525,38.6783576888307],[-8.77508014804805,38.678909773997],[-8.77229525107754,38.6804270573894],[-8.77104456844486,38.6812653601952],[-8.77065529376312,38.6811244384507],[-8.77111303413322,38.6797093405849],[-8.77112123567904,38.6796201235182],[-8.77110427914455,38.679581155891],[-8.7710873226367,38.6795421891616],[-8.77224950452759,38.6794837514965],[-8.77225472318377,38.6793558526507],[-8.77518913317668,38.6779017142406],[-8.77539756325761,38.6775429471779],[-8.77726909492479,38.6770336076031],[-8.77857519277571,38.6769258813574],[-8.77999896343564,38.6768084176512],[-8.78004591022846,38.6769807878847],[-8.78002408034375,38.6771686550742],[-8.77997911005871,38.6775912281086],[-8.7790058064064,38.677692130413],[-8.77612923849142,38.6783012888292]]]}},{"type":"Feature","id":"CRUS_Montijo_V.36887","properties":{"AREA_HA":95.8660074271441,"Autor":"DGT","Categoria_2021":"Espaço Agrícola","Classe_2021":"Solo Rústico","DTCC":"1507","Data_Pub_Origem":"1997-02-01T00:00:00","Designacao_no_plano":"Espaço agrícola - Área agrícola não incluído na RAN","Escala_origem":"1/25000","Fonte":"AML - Vectorial","ID1":36887,"Municipio":"MONTIJO"},"geometry":{"type":"Polygon","coordinates":[[[-8.77101737878716,38.6794021123995],[-8.7710953901146,38.6763068339525],[-8.7702919442688,38.6745264464036],[-8.76999640596163,38.6730213079025],[-8.77137620131967,38.672173365945],[-8.77106687219815,38.6717637934421],[-8.77057469606574,38.6719452920978],[-8.77040629949118,38.6715170675541],[-8.77014860997617,38.6716257591953],[-8.7697291913393,38.6720571914131],[-8.76922079329587,38.673061299259],[-8.76922332974358,38.6733473811311],[-8.76902959431466,38.6735147617618],[-8.76316012587698,38.6736986697241],[-8.76316646050564,38.6695407467038],[-8.76332970550224,38.6693878728148],[-8.76410506329913,38.6666575359009],[-8.76433867499496,38.6664863988497],[-8.76695629404342,38.6686984076503],[-8.77415361398891,38.6696588875666],[-8.77843702137851,38.6694564796354],[-8.77856714204776,38.6695451655908],[-8.77848157570027,38.6717963293794],[-8.77872634023184,38.6741525020917],[-8.77354827925351,38.6748129381319],[-8.77371917730237,38.6755182954632],[-8.77432126169268,38.6757921411],[-8.77524565840394,38.6752953372889],[-8.77655039846485,38.6751790293983],[-8.77662153842016,38.6756245809116],[-8.77691802690667,38.6759090419532],[-8.77803863644412,38.6763141195871],[-8.77857519277571,38.6769258813574],[-8.77726909492479,38.6770336076031],[-8.77539756325761,38.6775429471779],[-8.77518913317668,38.6779017142406],[-8.77225472318377,38.6793558526507],[-8.77224950452759,38.6794837514965],[-8.7710873226367,38.6795421891616],[-8.77101737878716,38.6794021123995]]]}},{"type":"Feature","id":"CRUS_Montijo_V.36888","properties":{"AREA_HA":37.9765982226324,"Autor":"DGT","Categoria_2021":"Espaço Florestal","Classe_2021":"Solo Rústico","DTCC":"1507","Data_Pub_Origem":"1997-02-01T00:00:00","Designacao_no_plano":"Espaço florestal - Área de floresta de produção","Escala_origem":"1/25000","Fonte":"AML - Vectorial","ID1":36888,"Municipio":"MONTIJO"},"geometry":{"type":"Polygon","coordinates":[[[-8.77111303413322,38.6797093405849],[-8.77065529376312,38.6811244384507],[-8.77104456844486,38.6812653601952],[-8.77133165287172,38.6814523563895],[-8.7713010017549,38.6816342877289],[-8.77111713062327,38.6817007547746],[-8.77013907355203,38.6813867610171],[-8.76982771823305,38.6814090608255],[-8.76966819711448,38.6817498678032],[-8.76967565323486,38.6825899354137],[-8.76950268254541,38.6829411206034],[-8.76882725648559,38.6831508232713],[-8.76821589914539,38.6829481282935],[-8.76795918778557,38.6830216339144],[-8.76787996840497,38.6832538419601],[-8.76820833672603,38.6836228901669],[-8.76821052653483,38.6838701043096],[-8.76780489668678,38.6839547244002],[-8.76737753832418,38.6837086062143],[-8.76672270079332,38.6827912872135],[-8.76627605357753,38.6828115918399],[-8.76499969821813,38.6834175252388],[-8.7654157987064,38.6839338206138],[-8.76509602906124,38.6839900238779],[-8.76468858025133,38.6838686110719],[-8.76189498026252,38.6840705289277],[-8.76203650680663,38.6833203597375],[-8.76005352211086,38.6828716061712],[-8.75963796456017,38.6827680462455],[-8.75991693024753,38.6823032014344],[-8.76093135015765,38.680612806459],[-8.7617873983023,38.6797358635392],[-8.7624316201454,38.6793287733665],[-8.76316128221223,38.6791946377048],[-8.77110427914455,38.679581155891],[-8.77112123567904,38.6796201235182],[-8.77111303413322,38.6797093405849]]]}},{"type":"Feature","id":"CRUS_Montijo_V.36889","properties":{"AREA_HA":42.1763429310896,"Autor":"DGT","Categoria_2021":"Espaço Florestal","Classe_2021":"Solo Rústico","DTCC":"1507","Data_Pub_Origem":"1997-02-01T00:00:00","Designacao_no_plano":"Espaço florestal - Área de mata e de protecção","Escala_origem":"1/25000","Fonte":"AML - Vectorial","ID1":36889,"Municipio":"MONTIJO"},"geometry":{"type":"Polygon","coordinates":[[[-8.76902959431466,38.6735147617618],[-8.76935535775262,38.6736553861661],[-8.76989353673943,38.6746806041636],[-8.7702919442688,38.6745264464036],[-8.7710953901146,38.6763068339525],[-8.77101737878716,38.6794021123995],[-8.7710873226367,38.6795421891616],[-8.77110427914455,38.679581155891],[-8.76316128221223,38.6791946377048],[-8.7631333106058,38.6790818895178],[-8.76311170841272,38.6790810122897],[-8.76311297044016,38.6789998963023],[-8.7631773030172,38.6748642921119],[-8.76316012587698,38.6736986697241],[-8.76902959431466,38.6735147617618]]]}},{"type":"Feature","id":"CRUS_Montijo_V.36890","properties":{"AREA_HA":2.53131002054655,"Autor":"DGT","Categoria_2021":"Não Atribuída","Classe_2021":"Solo Urbano","DTCC":"1507","Data_Pub_Origem":"1997-02-01T00:00:00","Designacao_no_plano":"Espaço urbano - Área urbanizada mista habitacional e equipamento industrial","Escala_origem":"1/25000","Fonte":"AML - Vectorial","ID1":36890,"Municipio":"MONTIJO"},"geometry":{"type":"Polygon","coordinates":[[[-8.75825709097965,38.6843162428493],[-8.75780634768799,38.6831987750439],[-8.7588769546644,38.6819145462688],[-8.7597485645965,38.6822222873916],[-8.75982448511514,38.6822527577226],[-8.75991693024753,38.6823032014344],[-8.75963796456017,38.6827680462455],[-8.75921190203166,38.6834343492208],[-8.75834069965979,38.6844871231668],[-8.75825709097965,38.6843162428493]]]}},{"type":"Feature","id":"CRUS_Montijo_V.36891","properties":{"AREA_HA":0.998921446410706,"Autor":"DGT","Categoria_2021":"Não Atribuída","Classe_2021":"Solo Urbano","DTCC":"1507","Data_Pub_Origem":"1997-02-01T00:00:00","Designacao_no_plano":"Espaço urbano - Área urbanizada mista habitacional e equipamento industrial","Escala_origem":"1/25000","Fonte":"AML - Vectorial","ID1":36891,"Municipio":"MONTIJO"},"geometry":{"type":"Polygon","coordinates":[[[-8.75474377437283,38.686007656279],[-8.75472503929929,38.6859692389399],[-8.75454877961703,38.6856078276069],[-8.75632076322931,38.6851871089559],[-8.75650951658992,38.6854694308823],[-8.75657255363125,38.6855511957573],[-8.75661591765453,38.6855939558273],[-8.75637480990684,38.6857345309187],[-8.75482515179637,38.6861399034001],[-8.75474377437283,38.686007656279]]]}},{"type":"Feature","id":"CRUS_Montijo_V.36892","properties":{"AREA_HA":7.60487445061512,"Autor":"DGT","Categoria_2021":"Espaço Florestal","Classe_2021":"Solo Rústico","DTCC":"1507","Data_Pub_Origem":"1997-02-01T00:00:00","Designacao_no_plano":"Espaço florestal - Área de floresta de produção","Escala_origem":"1/25000","Fonte":"AML - Vectorial","ID1":36892,"Municipio":"MONTIJO"},"geometry":{"type":"Polygon","coordinates":[[[-8.75183897858372,38.6836623953346],[-8.75251748534079,38.6838030156524],[-8.75331656779708,38.68378846727],[-8.75334801628839,38.6841421855672],[-8.75336413322032,38.6843118653987],[-8.75302316841122,38.6842615963914],[-8.75299664330445,38.6843876345358],[-8.75279783516681,38.6848934385546],[-8.75178307495813,38.6850327349686],[-8.75169367281691,38.6856615740246],[-8.75200558635776,38.6857011233169],[-8.75213626789224,38.6860826507955],[-8.75103638758974,38.6870531779005],[-8.74960039501044,38.6864040303428],[-8.74775446116699,38.6859811180639],[-8.74849115939838,38.6850089335519],[-8.74877464425777,38.6848941265046],[-8.74911399371461,38.684974742255],[-8.74960491048973,38.6853532900428],[-8.75019878783392,38.6851029254185],[-8.74993424125531,38.6842699443627],[-8.75099406712398,38.6846454780609],[-8.75110526795086,38.6849745211778],[-8.75141681213822,38.6849728717493],[-8.75164455300114,38.684242922807],[-8.75170943235941,38.6840927961466],[-8.75174819729853,38.6839553045628],[-8.75183897858372,38.6836623953346]]]}},{"type":"Feature","id":"CRUS_Montijo_V.36893","properties":{"AREA_HA":5.9780052187949,"Autor":"DGT","Categoria_2021":"Não Atribuída","Classe_2021":"Solo Urbano","DTCC":"1507","Data_Pub_Origem":"1997-02-01T00:00:00","Designacao_no_plano":"Espaço urbano - Área urbanizada mista habitacional e equipamento industrial","Escala_origem":"1/25000","Fonte":"AML - Vectorial","ID1":36893,"Municipio":"MONTIJO"},"geometry":{"type":"Polygon","coordinates":[[[-8.75523719175812,38.6897181517026],[-8.75623237668149,38.6891275644182],[-8.75737029211057,38.6884522484884],[-8.7577165478746,38.688232789668],[-8.75900773941459,38.6871818680254],[-8.75915255247185,38.6870777418574],[-8.75929437872385,38.6869554990618],[-8.76062292238003,38.6863249449485],[-8.76096807515313,38.686796939234],[-8.76075954759827,38.6871556799416],[-8.75907492509147,38.6881571235174],[-8.75937049309967,38.6884854579096],[-8.75745536212026,38.6896846260985],[-8.75685658777629,38.6899679502724],[-8.75651671879937,38.690128775587],[-8.75602461252109,38.6903370387267],[-8.75558998408548,38.6899954367357],[-8.75523719175812,38.6897181517026]]]}},{"type":"Feature","id":"CRUS_Montijo_V.36894","properties":{"AREA_HA":5.82958857774136,"Autor":"DGT","Categoria_2021":"Não Atribuída","Classe_2021":"Solo Urbano","DTCC":"1507","Data_Pub_Origem":"1997-02-01T00:00:00","Designacao_no_plano":"Espaço urbano - Área urbanizada mista habitacional e equipamento industrial","Escala_origem":"1/25000","Fonte":"AML - Vectorial","ID1":36894,"Municipio":"MONTIJO"},"geometry":{"type":"Polygon","coordinates":[[[-8.75245310110608,38.692722816312],[-8.75208489161592,38.6931264474441],[-8.7514809968762,38.6933308159852],[-8.75076817180983,38.6931781293875],[-8.75039729456344,38.6925030388859],[-8.7504394128973,38.6923475671315],[-8.75045129773615,38.6923036997393],[-8.7505007618351,38.692215909472],[-8.75082346031697,38.6912601154781],[-8.75084308939225,38.691085544429],[-8.7518444761971,38.6912513929113],[-8.75190857837593,38.6910777655402],[-8.75224138796563,38.6904543729315],[-8.75226179170205,38.6903303609828],[-8.7539075891507,38.6904986317219],[-8.75365822579384,38.6909895399164],[-8.75341616656677,38.6914828040621],[-8.75295795229987,38.692416526627],[-8.75255692784643,38.6925627849666],[-8.75245310110608,38.692722816312]]]}},{"type":"Feature","id":"CRUS_Montijo_V.36895","properties":{"AREA_HA":4.06791462609693,"Autor":"DGT","Categoria_2021":"Espaço Florestal","Classe_2021":"Solo Rústico","DTCC":"1507","Data_Pub_Origem":"1997-02-01T00:00:00","Designacao_no_plano":"Espaço florestal - Área de floresta de produção","Escala_origem":"1/25000","Fonte":"AML - Vectorial","ID1":36895,"Municipio":"MONTIJO"},"geometry":{"type":"Polygon","coordinates":[[[-8.75548292301941,38.6884799658892],[-8.75591684437043,38.6885291596897],[-8.75623237668149,38.6891275644182],[-8.75523719175812,38.6897181517026],[-8.75405277880101,38.6902128026997],[-8.7539075891507,38.6904986317219],[-8.75226179170205,38.6903303609828],[-8.75160732427466,38.6903283751983],[-8.75081412677427,38.6903920797441],[-8.75134937677689,38.6901985350566],[-8.75548292301941,38.6884799658892]]]}},{"type":"Feature","id":"CRUS_Montijo_V.36896","properties":{"AREA_HA":1.28390763705336,"Autor":"DGT","Categoria_2021":"Espaço Agrícola","Classe_2021":"Solo Rústico","DTCC":"1507","Data_Pub_Origem":"1997-02-01T00:00:00","Designacao_no_plano":"Espaço agrícola - Área agrícola da RAN","Escala_origem":"1/25000","Fonte":"AML - Vectorial","ID1":36896,"Municipio":"MONTIJO"},"geometry":{"type":"Polygon","coordinates":[[[-8.75523719175812,38.6897181517026],[-8.75558998408548,38.6899954367357],[-8.75537548172638,38.6902057071014],[-8.75522458146174,38.6903484670304],[-8.75431319965952,38.6911849517418],[-8.75392635120633,38.6910719012842],[-8.75365822579384,38.6909895399164],[-8.7539075891507,38.6904986317219],[-8.75405277880101,38.6902128026997],[-8.75523719175812,38.6897181517026]]]}},{"type":"Feature","id":"CRUS_Montijo_V.36897","properties":{"AREA_HA":4.0225456674098,"Autor":"DGT","Categoria_2021":"Espaço Agrícola","Classe_2021":"Solo Rústico","DTCC":"1507","Data_Pub_Origem":"1997-02-01T00:00:00","Designacao_no_plano":"Espaço agrícola - Área agrícola da RAN","Escala_origem":"1/25000","Fonte":"AML - Vectorial","ID1":36897,"Municipio":"MONTIJO"},"geometry":{"type":"Polygon","coordinates":[[[-8.72760967164252,38.6960423564368],[-8.72911147760209,38.6974253394253],[-8.73024290566767,38.6982539437018],[-8.73100941584839,38.6991874136947],[-8.73152401329371,38.6995808238121],[-8.73150317592854,38.6998910679166],[-8.73162326510414,38.7002245793651],[-8.73056067500891,38.6999932738603],[-8.73004161089968,38.6997982111648],[-8.72984648814233,38.6994174226696],[-8.72755924643216,38.6964958615126],[-8.72746150426725,38.6961461183107],[-8.72760967164252,38.6960423564368]]]}},{"type":"Feature","id":"CRUS_Montijo_V.36898","properties":{"AREA_HA":19.4069318242645,"Autor":"DGT","Categoria_2021":"Não Atribuída","Classe_2021":"Solo Urbano","DTCC":"1507","Data_Pub_Origem":"1997-02-01T00:00:00","Designacao_no_plano":"Espaço urbano - Área urbanizada mista habitacional e equipamento industrial","Escala_origem":"1/25000","Fonte":"AML - Vectorial","ID1":36898,"Municipio":"MONTIJO"},"geometry":{"type":"Polygon","coordinates":[[[-8.75213626789224,38.6860826507955],[-8.75294484378402,38.6865612546756],[-8.75312686217428,38.6866955359313],[-8.75192489005057,38.6872514039339],[-8.74797610081106,38.6904971451046],[-8.74724308535042,38.6907982692307],[-8.74678451552738,38.6909358009933],[-8.74621054798459,38.6910198900207],[-8.74572975738256,38.6912476153126],[-8.74227907532081,38.6936528010021],[-8.74122953012325,38.6945861011275],[-8.7366082865247,38.698618655789],[-8.73545378032132,38.6993903012297],[-8.73465271351619,38.6998178095177],[-8.73340220979935,38.7001125050923],[-8.73228760015685,38.7001632730554],[-8.732023297531,38.700173637864],[-8.73199679793875,38.700305887395],[-8.73162326510414,38.7002245793651],[-8.73150317592854,38.6998910679166],[-8.73152401329371,38.6995808238121],[-8.73210873308326,38.6990715995464],[-8.73245960363709,38.6990256673661],[-8.73322608187027,38.699263125691],[-8.73406103175479,38.6992498935709],[-8.73474136535494,38.6990318076857],[-8.74098128466862,38.6938316444064],[-8.74567964523644,38.690426822181],[-8.74580243490253,38.6903374228388],[-8.74599283638795,38.6901377222613],[-8.74642383721655,38.6898557308638],[-8.74910256741221,38.6888434340314],[-8.75103638758974,38.6870531779005],[-8.75213626789224,38.6860826507955]]]}},{"type":"Feature","id":"CRUS_Montijo_V.36899","properties":{"AREA_HA":136.676528923216,"Autor":"DGT","Categoria_2021":"Espaço Agrícola","Classe_2021":"Solo Rústico","DTCC":"1507","Data_Pub_Origem":"1997-02-01T00:00:00","Designacao_no_plano":"Espaço agrícola - Área agrícola da RAN","Escala_origem":"1/25000","Fonte":"AML - Vectorial","ID1":36899,"Municipio":"MONTIJO"},"geometry":{"type":"Polygon","coordinates":[[[-8.74883273685349,38.6925464583874],[-8.74650194406827,38.6941801739515],[-8.74400452397414,38.695157129542],[-8.74412906717959,38.6952867073147],[-8.74501915806407,38.6956913960396],[-8.7451863639885,38.6960866661035],[-8.74497757739693,38.6964274986783],[-8.7444601126431,38.6964302105307],[-8.74363200784485,38.695862354407],[-8.74297418365434,38.6959551987844],[-8.74078191684373,38.6974775868044],[-8.74030964246149,38.6986512607545],[-8.74009855369384,38.6987238828331],[-8.73944776808902,38.6982623515734],[-8.73918949420776,38.6983173364761],[-8.73852931105323,38.6995277400318],[-8.73625247810808,38.7010748403247],[-8.73535039720346,38.7014996962394],[-8.7342340077615,38.7015945686275],[-8.73407009806959,38.7016224129245],[-8.73369883249216,38.7016686835112],[-8.7324035557931,38.701126313873],[-8.73223806841917,38.7010288221946],[-8.73199679793875,38.700305887395],[-8.732023297531,38.700173637864],[-8.73228760015685,38.7001632730554],[-8.73340220979935,38.7001125050923],[-8.73465271351619,38.6998178095177],[-8.73545378032132,38.6993903012297],[-8.7366082865247,38.698618655789],[-8.74122953012325,38.6945861011275],[-8.74227907532081,38.6936528010021],[-8.74572975738256,38.6912476153126],[-8.74621054798459,38.6910198900207],[-8.74678451552738,38.6909358009933],[-8.74724308535042,38.6907982692307],[-8.74797610081106,38.6904971451046],[-8.75192489005057,38.6872514039339],[-8.75312686217428,38.6866955359313],[-8.75482515179637,38.6861399034001],[-8.75637480990684,38.6857345309187],[-8.75661591765453,38.6855939558273],[-8.75786228768843,38.684867263417],[-8.75811695968419,38.6848937332386],[-8.75900604070231,38.6846408964694],[-8.75986934222992,38.6842242270811],[-8.76189498026252,38.6840705289277],[-8.76468858025133,38.6838686110719],[-8.76509602906124,38.6839900238779],[-8.7654157987064,38.6839338206138],[-8.76533680266703,38.684309739462],[-8.76553866698178,38.6845321628658],[-8.76737753832418,38.6837086062143],[-8.76780489668678,38.6839547244002],[-8.76821052653483,38.6838701043096],[-8.76820833672603,38.6836228901669],[-8.76787996840497,38.6832538419601],[-8.76795918778557,38.6830216339144],[-8.76821589914539,38.6829481282935],[-8.76882725648559,38.6831508232713],[-8.76950268254541,38.6829411206034],[-8.76967565323486,38.6825899354137],[-8.76966819711448,38.6817498678032],[-8.76982771823305,38.6814090608255],[-8.77013907355203,38.6813867610171],[-8.77111713062327,38.6817007547746],[-8.7713010017549,38.6816342877289],[-8.77133165287172,38.6814523563895],[-8.77104456844486,38.6812653601952],[-8.77229525107754,38.6804270573894],[-8.77508014804805,38.678909773997],[-8.77577735003525,38.6783576888307],[-8.77612923849142,38.6783012888292],[-8.7790058064064,38.677692130413],[-8.77997911005871,38.6775912281086],[-8.77991642296224,38.6786897920647],[-8.77950784486936,38.6789857175735],[-8.77898788090875,38.679693465882],[-8.7782680169041,38.6794024060604],[-8.77794089210249,38.6796366665461],[-8.77794884821441,38.6805217354438],[-8.77898377054896,38.6818481416393],[-8.77897418866914,38.6820895832899],[-8.77876471820991,38.6823321394505],[-8.77848381297169,38.6824767406343],[-8.77780958055376,38.6820334414184],[-8.77758674399784,38.6820972508133],[-8.7775572590608,38.6827411288837],[-8.77726514421026,38.6829483764093],[-8.77694800207889,38.6829858877189],[-8.77669578056033,38.682397207352],[-8.77669305338383,38.682093245207],[-8.77710991898814,38.6813757075856],[-8.77688098396557,38.6807600811378],[-8.77635149058689,38.6807182935907],[-8.77529713396864,38.6811532419605],[-8.77482297970776,38.6820409527681],[-8.77493366029825,38.6835561009206],[-8.77537575906644,38.6843404318845],[-8.77528513817346,38.6847253661684],[-8.77507420621211,38.6848069865174],[-8.77479128424696,38.6847280823425],[-8.77441228995212,38.684426188673],[-8.77358263343305,38.685011870442],[-8.77321612762524,38.684790373103],[-8.77312687988145,38.6840130449338],[-8.77335390097975,38.6830998709219],[-8.77330528022841,38.6829213277368],[-8.77299828501823,38.6827799634371],[-8.77269273721815,38.6827995186566],[-8.77200592992586,38.6831687807351],[-8.7712965587691,38.6840577735842],[-8.76957530213346,38.6848807507684],[-8.76910941122309,38.6853839573975],[-8.76873701272327,38.6871608131599],[-8.76892210931731,38.6881432578146],[-8.76884431642729,38.6886532840478],[-8.7681466594983,38.6894853794144],[-8.76795276674894,38.6901659102938],[-8.76854961413557,38.691163986638],[-8.76864622157065,38.6914495564506],[-8.76848801007646,38.6921746004034],[-8.76895269145036,38.6928477709314],[-8.76889500162024,38.6929732522154],[-8.76765956076806,38.6935744146193],[-8.76755499130121,38.6916305363499],[-8.76685369243134,38.6904548884109],[-8.76609864736463,38.690860716928],[-8.76557014778198,38.6908429802648],[-8.76566079708798,38.6903686480772],[-8.76723506023379,38.689154884753],[-8.76758179072428,38.6885349413366],[-8.76770832991195,38.685995688889],[-8.76752987363809,38.685728840419],[-8.76719040858879,38.6856379744373],[-8.76656727955904,38.6858946280635],[-8.76643948972124,38.6859324345244],[-8.76335249409766,38.6863178686952],[-8.76243365730009,38.6865803480996],[-8.76186662903439,38.6867997316142],[-8.76103582066636,38.6878343006362],[-8.76068651135541,38.688165810576],[-8.76045659113949,38.6882082491215],[-8.76030677688324,38.6881163528822],[-8.76033224322145,38.6879307941429],[-8.76075954759827,38.6871556799416],[-8.76096807515313,38.686796939234],[-8.76062292238003,38.6863249449485],[-8.75929437872385,38.6869554990618],[-8.75915255247185,38.6870777418574],[-8.75900773941459,38.6871818680254],[-8.7577165478746,38.688232789668],[-8.75737029211057,38.6884522484884],[-8.75623237668149,38.6891275644182],[-8.75591684437043,38.6885291596897],[-8.75548292301941,38.6884799658892],[-8.75134937677689,38.6901985350566],[-8.75081412677427,38.6903920797441],[-8.75160732427466,38.6903283751983],[-8.75226179170205,38.6903303609828],[-8.75224138796563,38.6904543729315],[-8.75190857837593,38.6910777655402],[-8.7518444761971,38.6912513929113],[-8.75084308939225,38.691085544429],[-8.75082346031697,38.6912601154781],[-8.7505007618351,38.692215909472],[-8.75045129773615,38.6923036997393],[-8.7504394128973,38.6923475671315],[-8.74971548615919,38.6922805655879],[-8.74913017361387,38.6923827440944],[-8.74883273685349,38.6925464583874]]]}},{"type":"Feature","id":"CRUS_Montijo_V.36900","properties":{"AREA_HA":12.7422419378582,"Autor":"DGT","Categoria_2021":"Espaço Florestal","Classe_2021":"Solo Rústico","DTCC":"1507","Data_Pub_Origem":"1997-02-01T00:00:00","Designacao_no_plano":"Espaço florestal - Área de mata e de protecção","Escala_origem":"1/25000","Fonte":"AML - Vectorial","ID1":36900,"Municipio":"MONTIJO"},"geometry":{"type":"Polygon","coordinates":[[[-8.75039729456344,38.6925030388859],[-8.75076817180983,38.6931781293875],[-8.7514809968762,38.6933308159852],[-8.75178700417756,38.6947811633311],[-8.75095302502861,38.6960046741038],[-8.7489629678465,38.6958409404239],[-8.74766656784621,38.6955259081756],[-8.74712896305731,38.6959221271899],[-8.74668665543285,38.6964608816839],[-8.74605416397954,38.6963386148379],[-8.74559756689165,38.6954566397214],[-8.74927871275904,38.693201406126],[-8.74933650241636,38.6930848789503],[-8.74900422091626,38.6926059907896],[-8.74883273685349,38.6925464583874],[-8.74913017361387,38.6923827440944],[-8.74971548615919,38.6922805655879],[-8.7504394128973,38.6923475671315],[-8.75039729456344,38.6925030388859]]]}},{"type":"Feature","id":"CRUS_Montijo_V.36901","properties":{"AREA_HA":11.3490674614,"Autor":"DGT","Categoria_2021":"Espaço Agrícola","Classe_2021":"Solo Rústico","DTCC":"1507","Data_Pub_Origem":"1997-02-01T00:00:00","Designacao_no_plano":"Espaço agrícola - Área agrícola não incluído na RAN","Escala_origem":"1/25000","Fonte":"AML - Vectorial","ID1":36901,"Municipio":"MONTIJO"},"geometry":{"type":"Polygon","coordinates":[[[-8.75460997623953,38.6918646953704],[-8.75419039632182,38.6925511428599],[-8.75379241902753,38.6927678317728],[-8.75355722768444,38.6927690825535],[-8.7534651532028,38.6930020235355],[-8.75404094067455,38.6943042805649],[-8.75146165581139,38.6979657139158],[-8.75089913809465,38.6982011448484],[-8.74971968300598,38.6978140015039],[-8.75075336005316,38.6962975825253],[-8.75095302502861,38.6960046741038],[-8.75178700417756,38.6947811633311],[-8.7514809968762,38.6933308159852],[-8.75208489161592,38.6931264474441],[-8.75245310110608,38.692722816312],[-8.75255692784643,38.6925627849666],[-8.75295795229987,38.692416526627],[-8.75341616656677,38.6914828040621],[-8.7546643823717,38.6917048275015],[-8.75460997623953,38.6918646953704]]]}},{"type":"Feature","id":"CRUS_Montijo_V.36902","properties":{"AREA_HA":25.9273122026455,"Autor":"DGT","Categoria_2021":"Espaço Florestal","Classe_2021":"Solo Rústico","DTCC":"1507","Data_Pub_Origem":"1997-02-01T00:00:00","Designacao_no_plano":"Espaço florestal - Área de floresta de produção","Escala_origem":"1/25000","Fonte":"AML - Vectorial","ID1":36902,"Municipio":"MONTIJO"},"geometry":{"type":"Polygon","coordinates":[[[-8.76643948972124,38.6859324345244],[-8.76631361984187,38.6872289326626],[-8.76466185902996,38.6873305922042],[-8.76460273890751,38.6883095097858],[-8.76299131723043,38.6883800202183],[-8.76250483016985,38.6885165586278],[-8.7606838703529,38.6894122496354],[-8.76033143035171,38.692415198192],[-8.76031578783854,38.6926114300612],[-8.76032169708933,38.6927746622308],[-8.75566779841095,38.6920425963359],[-8.75404094067455,38.6943042805649],[-8.7534651532028,38.6930020235355],[-8.75355722768444,38.6927690825535],[-8.75379241902753,38.6927678317728],[-8.75419039632182,38.6925511428599],[-8.75460997623953,38.6918646953704],[-8.7546643823717,38.6917048275015],[-8.75341616656677,38.6914828040621],[-8.75365822579384,38.6909895399164],[-8.75392635120633,38.6910719012842],[-8.75431319965952,38.6911849517418],[-8.75522458146174,38.6903484670304],[-8.75537548172638,38.6902057071014],[-8.75558998408548,38.6899954367357],[-8.75602461252109,38.6903370387267],[-8.7566428560639,38.6911313276691],[-8.75697012897203,38.6913768044379],[-8.75722752080558,38.6913754283247],[-8.7574565554536,38.691229984975],[-8.75744094218012,38.6909931477734],[-8.75685658777629,38.6899679502724],[-8.75745536212026,38.6896846260985],[-8.75937049309967,38.6884854579096],[-8.76087306923534,38.6883231782515],[-8.76168403254601,38.6881127903614],[-8.76223679889,38.6878110791343],[-8.76255729268062,38.6872840021359],[-8.76243365730009,38.6865803480996],[-8.76335249409766,38.6863178686952],[-8.76643948972124,38.6859324345244]]]}},{"type":"Feature","id":"CRUS_Montijo_V.36903","properties":{"AREA_HA":161.966007311979,"Autor":"DGT","Categoria_2021":"Espaço Agrícola","Classe_2021":"Solo Rústico","DTCC":"1507","Data_Pub_Origem":"1997-02-01T00:00:00","Designacao_no_plano":"Espaço agrícola - Área agrícola não incluído na RAN","Escala_origem":"1/25000","Fonte":"AML - Vectorial","ID1":36903,"Municipio":"MONTIJO"},"geometry":{"type":"Polygon","coordinates":[[[-8.76765956076806,38.6935744146193],[-8.76889500162024,38.6929732522154],[-8.76895269145036,38.6928477709314],[-8.76848801007646,38.6921746004034],[-8.76864622157065,38.6914495564506],[-8.76854961413557,38.691163986638],[-8.76795276674894,38.6901659102938],[-8.7681466594983,38.6894853794144],[-8.76884431642729,38.6886532840478],[-8.76892210931731,38.6881432578146],[-8.76873701272327,38.6871608131599],[-8.76910941122309,38.6853839573975],[-8.76957530213346,38.6848807507684],[-8.7712965587691,38.6840577735842],[-8.77200592992586,38.6831687807351],[-8.77269273721815,38.6827995186566],[-8.77299828501823,38.6827799634371],[-8.77330528022841,38.6829213277368],[-8.77335390097975,38.6830998709219],[-8.77312687988145,38.6840130449338],[-8.77321612762524,38.684790373103],[-8.77358263343305,38.685011870442],[-8.77441228995212,38.684426188673],[-8.77479128424696,38.6847280823425],[-8.77507420621211,38.6848069865174],[-8.77528513817346,38.6847253661684],[-8.77537575906644,38.6843404318845],[-8.77493366029825,38.6835561009206],[-8.77482297970776,38.6820409527681],[-8.77529713396864,38.6811532419605],[-8.77635149058689,38.6807182935907],[-8.77688098396557,38.6807600811378],[-8.77710991898814,38.6813757075856],[-8.77669305338383,38.682093245207],[-8.77669578056033,38.682397207352],[-8.77694800207889,38.6829858877189],[-8.77726514421026,38.6829483764093],[-8.7775572590608,38.6827411288837],[-8.77758674399784,38.6820972508133],[-8.77780958055376,38.6820334414184],[-8.77848381297169,38.6824767406343],[-8.77876471820991,38.6823321394505],[-8.77897418866914,38.6820895832899],[-8.77898377054896,38.6818481416393],[-8.77794884821441,38.6805217354438],[-8.77794089210249,38.6796366665461],[-8.7782680169041,38.6794024060604],[-8.77898788090875,38.679693465882],[-8.77950784486936,38.6789857175735],[-8.77991642296224,38.6786897920647],[-8.78187707559999,38.6849490600613],[-8.78182286913447,38.6854095365517],[-8.78139547212478,38.6862612615402],[-8.77786069272142,38.6916568956559],[-8.77506945336434,38.6948526990817],[-8.77501043829585,38.6950142049697],[-8.77475676075375,38.6950440465634],[-8.76032169708933,38.6927746622308],[-8.76031578783854,38.6926114300612],[-8.76033143035171,38.692415198192],[-8.7606838703529,38.6894122496354],[-8.76250483016985,38.6885165586278],[-8.76299131723043,38.6883800202183],[-8.76460273890751,38.6883095097858],[-8.76466185902996,38.6873305922042],[-8.76631361984187,38.6872289326626],[-8.76643948972124,38.6859324345244],[-8.76656727955904,38.6858946280635],[-8.76719040858879,38.6856379744373],[-8.76752987363809,38.685728840419],[-8.76770832991195,38.685995688889],[-8.76758179072428,38.6885349413366],[-8.76723506023379,38.689154884753],[-8.76566079708798,38.6903686480772],[-8.76557014778198,38.6908429802648],[-8.76609864736463,38.690860716928],[-8.76685369243134,38.6904548884109],[-8.76755499130121,38.6916305363499],[-8.76765956076806,38.6935744146193]]]}},{"type":"Feature","id":"CRUS_Montijo_V.36904","properties":{"AREA_HA":39.6522569320756,"Autor":"DGT","Categoria_2021":"Espaço Agrícola","Classe_2021":"Solo Rústico","DTCC":"1507","Data_Pub_Origem":"1997-02-01T00:00:00","Designacao_no_plano":"Espaço agrícola - Área agrícola não incluído na RAN","Escala_origem":"1/25000","Fonte":"AML - Vectorial","ID1":36904,"Municipio":"MONTIJO"},"geometry":{"type":"Polygon","coordinates":[[[-8.74559756689165,38.6954566397214],[-8.74605416397954,38.6963386148379],[-8.74468500171651,38.6981810853941],[-8.74062591454302,38.7042475278442],[-8.74041618586495,38.7044810721836],[-8.73369883249216,38.7016686835112],[-8.73407009806959,38.7016224129245],[-8.7342340077615,38.7015945686275],[-8.73535039720346,38.7014996962394],[-8.73625247810808,38.7010748403247],[-8.73852931105323,38.6995277400318],[-8.73918949420776,38.6983173364761],[-8.73944776808902,38.6982623515734],[-8.74009855369384,38.6987238828331],[-8.74030964246149,38.6986512607545],[-8.74078191684373,38.6974775868044],[-8.74297418365434,38.6959551987844],[-8.74363200784485,38.695862354407],[-8.7444601126431,38.6964302105307],[-8.74497757739693,38.6964274986783],[-8.7451863639885,38.6960866661035],[-8.74501915806407,38.6956913960396],[-8.74523076621337,38.6956813417019],[-8.74559756689165,38.6954566397214]]]}},{"type":"Feature","id":"CRUS_Montijo_V.36905","properties":{"AREA_HA":1885.95121907058,"Autor":"DGT","Categoria_2021":"Espaço Florestal","Classe_2021":"Solo Rústico","DTCC":"1507","Data_Pub_Origem":"1997-02-01T00:00:00","Designacao_no_plano":"Espaço florestal - Área de floresta de produção","Escala_origem":"1/25000","Fonte":"AML - Vectorial","ID1":36905,"Municipio":"MONTIJO"},"geometry":{"type":"Polygon","coordinates":[[[-8.55846569746615,38.769123515368],[-8.55827562796391,38.7690205548589],[-8.5575808869329,38.7689699523945],[-8.54817773398897,38.7626786284676],[-8.54703603934851,38.7634608842653],[-8.52497675440173,38.7616452254586],[-8.52117436282399,38.762358664402],[-8.51537232704506,38.7646201145671],[-8.50982931340319,38.7640496846925],[-8.50956255484171,38.7640275771974],[-8.50810172018684,38.7637914765205],[-8.50260923808032,38.7631066355439],[-8.49911846953673,38.7628723298057],[-8.49636472310957,38.7624078306519],[-8.49128792387659,38.7612670210595],[-8.49113255273731,38.7610659799412],[-8.49214615401932,38.7580138471684],[-8.49143562949271,38.7545990324513],[-8.49847891494481,38.7506765127661],[-8.50275819003478,38.7478067506852],[-8.50542503509991,38.7458461744612],[-8.51080659713669,38.7366922932654],[-8.51093598672965,38.7362616492767],[-8.51098380944954,38.73611183474],[-8.51101259349604,38.7360066448857],[-8.51102196668871,38.7351320325541],[-8.51227135128686,38.7351763381675],[-8.5135735145629,38.7354086274575],[-8.51489929513362,38.7357136196899],[-8.51655139234347,38.736217663034],[-8.51682556403212,38.7363992093257],[-8.51698808140593,38.7376727988947],[-8.51652509052134,38.737965553339],[-8.51634209576328,38.738493999095],[-8.51688093237683,38.7393477102283],[-8.51722788897699,38.7390735429498],[-8.5173655984817,38.7387636626314],[-8.51782105040233,38.7370693870099],[-8.51828334360482,38.7366492207261],[-8.51893331905599,38.7365742675021],[-8.51965494454421,38.7368631061175],[-8.52111240913158,38.7377107571463],[-8.52816978036272,38.7405404609118],[-8.53028773028644,38.7412795337435],[-8.53289262159149,38.7418530868828],[-8.53198736471114,38.742802679594],[-8.52999408783019,38.7436103617729],[-8.52753455076877,38.7441283584653],[-8.52686499195014,38.7448768927628],[-8.52695962396621,38.745186007622],[-8.52740169390492,38.7453119216187],[-8.5282602106896,38.7451269978168],[-8.53393407726405,38.74321464089],[-8.53514077577837,38.7429920668537],[-8.53551357650134,38.7431909928002],[-8.53572448149787,38.7435179047468],[-8.53554500808797,38.7446470313706],[-8.53575622534443,38.7450285392788],[-8.53573678414727,38.7457020651489],[-8.5360182235828,38.7461743376162],[-8.53636749986146,38.7463187446048],[-8.53671533950873,38.7462083362824],[-8.53680724028427,38.746026001344],[-8.53687064997677,38.74491547128],[-8.53730904226353,38.7443860996935],[-8.53779141052862,38.7434197290906],[-8.53841499287372,38.7427805059009],[-8.54154544162689,38.7418048813507],[-8.54259211043074,38.7420378319032],[-8.54305867397489,38.7423820284674],[-8.54575872958661,38.743318992431],[-8.54580676262231,38.7435918466146],[-8.54491107984507,38.7453787922685],[-8.54509944039016,38.7458149617257],[-8.54530903277331,38.7459052280253],[-8.54570322050693,38.7457764241784],[-8.54667383211608,38.7448993054499],[-8.54746376224545,38.7449146963657],[-8.55022355854875,38.7456984782673],[-8.55120018092391,38.745858789825],[-8.55289952821718,38.7464533456644],[-8.55417837894477,38.746648954546],[-8.55694508392296,38.7477983942727],[-8.55885598332095,38.7487925278821],[-8.56232476407884,38.749999320095],[-8.56276934219825,38.7505255343797],[-8.56332843235465,38.7507782995364],[-8.56393176732083,38.7514240710786],[-8.56633558505198,38.7532171331485],[-8.56652376537195,38.7535986699034],[-8.56636378630327,38.7540361078837],[-8.56594790847233,38.7544198892376],[-8.56539218166819,38.7547313768032],[-8.56416236489294,38.7549907579005],[-8.56374690716782,38.7554473331123],[-8.56374866171679,38.7557385550143],[-8.56400544176933,38.7559378266657],[-8.56451745376306,38.7560815472589],[-8.56486892557491,38.7565716957807],[-8.56503948995349,38.7578815833932],[-8.56520399784837,38.7581903980992],[-8.56545979784598,38.7582258601083],[-8.56580654811114,38.7579333451551],[-8.56679335502602,38.7559092917135],[-8.56734764640267,38.7553611724719],[-8.56892185010551,38.7544270135494],[-8.56974801448976,38.7542584546664],[-8.56998067679948,38.7543121625469],[-8.57342554351562,38.7557052689052],[-8.57456580672133,38.7568844627506],[-8.57521329242151,38.7585278149281],[-8.57555558800995,38.7589121208541],[-8.57621788332418,38.7591315175763],[-8.57741888269589,38.758673880582],[-8.57809189071516,38.7587175515536],[-8.57851590653011,38.7589535990551],[-8.57886173835281,38.7595255359669],[-8.57887694494066,38.7600710018662],[-8.57957702885859,38.7606693180722],[-8.58062814665564,38.762662439534],[-8.58135055696598,38.7630479979274],[-8.58201557865842,38.7636926719383],[-8.58233436601521,38.7637099370596],[-8.58260420352083,38.7634499981408],[-8.58273165336463,38.7630704236102],[-8.58230181853586,38.7622861609917],[-8.58168476602805,38.7617615070084],[-8.58189009666539,38.7606271695317],[-8.58097697012401,38.7599372285751],[-8.58106999727441,38.7597149593237],[-8.58137644121125,38.7596490588179],[-8.58177853269006,38.759776956514],[-8.58217873228159,38.7601637590391],[-8.58256082520264,38.7608649814339],[-8.58283373505158,38.7610950830553],[-8.58312885646731,38.7611031957277],[-8.58351525078089,38.7606116598226],[-8.58434369157504,38.7609690545023],[-8.58605293794751,38.7606295630104],[-8.58706576755958,38.7602835183337],[-8.58875743659751,38.7601474738263],[-8.58955875838975,38.7599501721921],[-8.5952091284741,38.757653368533],[-8.59579832797731,38.7575123441231],[-8.59798718757385,38.7574389144888],[-8.60037309605138,38.757725253545],[-8.60160149871075,38.7584110564869],[-8.60274641513889,38.7584249427943],[-8.6028652771617,38.7585539091722],[-8.60277456717571,38.7591182827234],[-8.60177963796628,38.7603797562651],[-8.60205503226094,38.7609796431142],[-8.60293389722839,38.7600145117114],[-8.6039926807365,38.7594924615373],[-8.6061118327356,38.7594006678205],[-8.60672671422578,38.7595738449355],[-8.6079828961327,38.7603454037688],[-8.60935498695212,38.7607928722655],[-8.61273011745622,38.7628363689795],[-8.61293237876656,38.7630759330574],[-8.6127814909819,38.7634556453663],[-8.61183832016133,38.7636167018864],[-8.61054936312539,38.764321060138],[-8.60804922434736,38.7664208782839],[-8.60767741390426,38.7673100206983],[-8.60710202366569,38.7677617867977],[-8.60344329871959,38.7696258145609],[-8.6029158946857,38.7700218872218],[-8.60270664157795,38.7705127719782],[-8.60279250503496,38.7707650457601],[-8.60287305041996,38.7708641140654],[-8.60286001888363,38.7708747896269],[-8.60196905933508,38.7716046585862],[-8.60064817217603,38.7726367757047],[-8.59755884700831,38.7747309088473],[-8.59748147206746,38.774621121892],[-8.59715728188428,38.7741611422245],[-8.59606718655043,38.7716078892989],[-8.59575136289208,38.7711887147684],[-8.59301977578992,38.7707090303832],[-8.59086878317989,38.7700868577855],[-8.58494566709439,38.7670969249375],[-8.58455578745606,38.7669933219777],[-8.57801076039832,38.7717833086324],[-8.573001123791,38.7718023219959],[-8.57026836258779,38.771111900885],[-8.56750721469922,38.7701762607754],[-8.55846569746615,38.769123515368]],[[-8.59652054909231,38.7645766179308],[-8.59564721711439,38.7646355840496],[-8.59501073672679,38.764804584361],[-8.5928135181492,38.7646282901047],[-8.59267279297572,38.7647768278172],[-8.59272133049298,38.7649801090613],[-8.59324248945546,38.7652370237969],[-8.59402232618566,38.7653264367603],[-8.59425965766055,38.7655104683286],[-8.59423961785429,38.7660654838917],[-8.59459442565004,38.766156564642],[-8.59588766512597,38.7653005443943],[-8.5964765576022,38.7650762311845],[-8.59680558172051,38.7648344545509],[-8.59680450189009,38.7646679738161],[-8.59652054909231,38.7645766179308]],[[-8.53344138931532,38.7502792180612],[-8.53285023760695,38.7504507598993],[-8.53252232135056,38.7508622624075],[-8.53135024580604,38.751000096455],[-8.53114722989302,38.7513487245152],[-8.53134178993471,38.7515264904726],[-8.53194608574732,38.7516671651291],[-8.53161065073039,38.7527745690688],[-8.53175992328292,38.7529970967103],[-8.53205693632141,38.7531655840415],[-8.53242116286419,38.7531375737296],[-8.53272712245146,38.7528688789504],[-8.53377121319089,38.7522407957261],[-8.53387249753073,38.7520263361725],[-8.53391428684841,38.7513570864838],[-8.53409522403174,38.7511334256447],[-8.53344138931532,38.7502792180612]],[[-8.53974427913265,38.7543371530886],[-8.53934644126356,38.7544633740395],[-8.53862181438087,38.7551970681382],[-8.53850985867604,38.7555362846737],[-8.53847022188114,38.7565796758951],[-8.53818928079451,38.7572404889784],[-8.53847679713586,38.7577388217119],[-8.53870476211514,38.757773700177],[-8.53899967229658,38.7575675877427],[-8.54012110359754,38.756520423801],[-8.54095081305183,38.7562411034794],[-8.54113260753807,38.7561691331353],[-8.54114292708521,38.7559818479531],[-8.54038840999267,38.7554673191909],[-8.53998482949943,38.7545859795275],[-8.53974427913265,38.7543371530886]],[[-8.57951134919182,38.7630547315251],[-8.57918746546093,38.7631218016894],[-8.57772535298581,38.7642245327223],[-8.57692079099399,38.765315357645],[-8.57522772040821,38.7664680305676],[-8.57504223924819,38.7670233643036],[-8.5733280961608,38.7686013017261],[-8.57321173011937,38.7688790609698],[-8.57328473653302,38.7692300514182],[-8.57359241554039,38.769339812872],[-8.57394504617279,38.7690796540845],[-8.57589234147387,38.7670201387122],[-8.57631854554989,38.7672033982765],[-8.57618431554075,38.768405609422],[-8.57637541178837,38.768756148398],[-8.57654105086927,38.7688109808425],[-8.57703259517161,38.7681065777964],[-8.57712325619194,38.7674961396083],[-8.57692951843223,38.7667203902142],[-8.57714032882953,38.7664422765443],[-8.57771524702454,38.7657141227598],[-8.57844541162196,38.7648253285103],[-8.57944392144675,38.7637979232902],[-8.57962221237768,38.7634963109936],[-8.57951134919182,38.7630547315251]]]}},{"type":"Feature","id":"CRUS_Montijo_V.36906","properties":{"AREA_HA":7.08114531027309,"Autor":"DGT","Categoria_2021":"Espaço Florestal","Classe_2021":"Solo Rústico","DTCC":"1507","Data_Pub_Origem":"1997-02-01T00:00:00","Designacao_no_plano":"Espaço florestal - Área silvo-pastoril","Escala_origem":"1/25000","Fonte":"AML - Vectorial","ID1":36906,"Municipio":"MONTIJO"},"geometry":{"type":"Polygon","coordinates":[[[-8.66672335862183,38.7497805365995],[-8.66650961601146,38.7498189244005],[-8.66593672701804,38.7494399740347],[-8.6655565456011,38.7494210815571],[-8.66306519638619,38.7502368234764],[-8.6629894217621,38.7510003059216],[-8.66274610219609,38.7511354764328],[-8.65876286383772,38.7521229000469],[-8.65835987736388,38.7520628307696],[-8.65780840539437,38.7514667151528],[-8.6577601911021,38.7514083449838],[-8.66371678382299,38.7495617891416],[-8.66603948226159,38.7488144420371],[-8.66682919951632,38.7497043848262],[-8.66677346345747,38.7497309221011],[-8.66672335862183,38.7497805365995]]]}},{"type":"Feature","id":"CRUS_Montijo_V.36907","properties":{"AREA_HA":9.60347378111146,"Autor":"DGT","Categoria_2021":"Espaço de Atividades Económicas","Classe_2021":"Solo Urbano","DTCC":"1507","Data_Pub_Origem":"1997-02-01T00:00:00","Designacao_no_plano":"Espaço industrial - Área industrial existente","Escala_origem":"1/25000","Fonte":"AML - Vectorial","ID1":36907,"Municipio":"MONTIJO"},"geometry":{"type":"Polygon","coordinates":[[[-8.65988098050708,38.7502786605411],[-8.65780163958626,38.7495411006087],[-8.65727419495513,38.7487844416782],[-8.65684247020727,38.7481650729391],[-8.65705609305211,38.7476000245799],[-8.6577323598119,38.7476065597774],[-8.65834724173559,38.7481119513003],[-8.65943914536347,38.7485913699051],[-8.66033847910601,38.7482565438258],[-8.66125718300717,38.7484413927867],[-8.66212602822809,38.7481893837947],[-8.66280968316334,38.7481272156627],[-8.66318492692758,38.7484090189336],[-8.66330727401873,38.7492191639479],[-8.66334695782749,38.749329264169],[-8.66009918477831,38.7503618833962],[-8.65988098050708,38.7502786605411]]]}},{"type":"Feature","id":"CRUS_Montijo_V.36908","properties":{"AREA_HA":21.7624559580591,"Autor":"DGT","Categoria_2021":"Espaço de Atividades Económicas","Classe_2021":"Solo Urbano (urbanizável – transitório)","DTCC":"1507","Data_Pub_Origem":"1997-02-01T00:00:00","Designacao_no_plano":"Espaço industrial - Área industrial proposta","Escala_origem":"1/25000","Fonte":"AML - Vectorial","ID1":36908,"Municipio":"MONTIJO"},"geometry":{"type":"Polygon","coordinates":[[[-8.66330727401873,38.7492191639479],[-8.66318492692758,38.7484090189336],[-8.66280968316334,38.7481272156627],[-8.66212602822809,38.7481893837947],[-8.66125718300717,38.7484413927867],[-8.66033847910601,38.7482565438258],[-8.65943914536347,38.7485913699051],[-8.65834724173559,38.7481119513003],[-8.6577323598119,38.7476065597774],[-8.65705609305211,38.7476000245799],[-8.65735978162842,38.7467967329389],[-8.6584171958466,38.7449377886848],[-8.65961202257667,38.7433357436044],[-8.660022580005,38.7430068766028],[-8.66026204303335,38.7428179652758],[-8.66301311008252,38.7457489748003],[-8.66291096996337,38.7458479787607],[-8.66239041401663,38.7460972776061],[-8.66231459269536,38.7463575025505],[-8.66242508767426,38.7465814534094],[-8.66444660076728,38.7488042799184],[-8.66459165196906,38.7489305539151],[-8.66392062367715,38.7491284787935],[-8.66334695782749,38.749329264169],[-8.66330727401873,38.7492191639479]]]}},{"type":"Feature","id":"CRUS_Montijo_V.36909","properties":{"AREA_HA":26.8321069931801,"Autor":"DGT","Categoria_2021":"Espaço Florestal","Classe_2021":"Solo Rústico","DTCC":"1507","Data_Pub_Origem":"1997-02-01T00:00:00","Designacao_no_plano":"Espaço florestal - Área de floresta de produção","Escala_origem":"1/25000","Fonte":"AML - Vectorial","ID1":36909,"Municipio":"MONTIJO"},"geometry":{"type":"Polygon","coordinates":[[[-8.67478720279753,38.757857258887],[-8.67395358437333,38.7582647658056],[-8.67390413253367,38.7589043887895],[-8.67419574032268,38.7597692962076],[-8.67489592229297,38.7608076275587],[-8.67505071282843,38.7615287966837],[-8.67468763336214,38.7619842412751],[-8.67415962281251,38.7621723287292],[-8.67363734196346,38.7619179154195],[-8.67354109839444,38.7618215394241],[-8.67325574381311,38.7614906070762],[-8.67278979709872,38.7612071984489],[-8.67273756841033,38.7611754304445],[-8.67241341424152,38.7613934986564],[-8.67207801419178,38.7619209969555],[-8.6720469378425,38.7631999106998],[-8.67157615586359,38.7637795944761],[-8.67143483000067,38.7648424562233],[-8.67112772079167,38.7650043051387],[-8.66997459854412,38.7651127423105],[-8.66932213464578,38.7650023066024],[-8.67019800645724,38.7646583615641],[-8.66933069727471,38.7635485548494],[-8.66982408005683,38.7618592107979],[-8.67073691622064,38.7604937328787],[-8.67062677335549,38.7602879851435],[-8.67103966767498,38.759620536667],[-8.67049064879634,38.7588186839318],[-8.67045993433781,38.7583444383573],[-8.67099436315562,38.7572075751233],[-8.67188589456892,38.7563490634668],[-8.67201475763969,38.7562256609625],[-8.67164504724773,38.754488834053],[-8.67486821191687,38.757797840243],[-8.67478720279753,38.757857258887]]]}},{"type":"Feature","id":"CRUS_Montijo_V.36910","properties":{"AREA_HA":38.7654310308899,"Autor":"DGT","Categoria_2021":"Espaço Florestal","Classe_2021":"Solo Rústico","DTCC":"1507","Data_Pub_Origem":"1997-02-01T00:00:00","Designacao_no_plano":"Espaço florestal - Área de mata e de protecção","Escala_origem":"1/25000","Fonte":"AML - Vectorial","ID1":36910,"Municipio":"MONTIJO"},"geometry":{"type":"Polygon","coordinates":[[[-8.67273756841033,38.7611754304445],[-8.67278979709872,38.7612071984489],[-8.67325574381311,38.7614906070762],[-8.67354109839444,38.7618215394241],[-8.67363734196346,38.7619179154195],[-8.67415962281251,38.7621723287292],[-8.67730042727623,38.7656182475835],[-8.67849493839916,38.767376135691],[-8.67875767436874,38.7680039765402],[-8.67752423292686,38.7682675579696],[-8.67634438371202,38.7683228649508],[-8.67579611809541,38.7677368556927],[-8.67524811169551,38.7682336980487],[-8.67517888095201,38.7684257612411],[-8.67509072115376,38.7686209154433],[-8.67449892627202,38.7692216387271],[-8.67365271017087,38.7695297897864],[-8.67329369311947,38.7696294236461],[-8.67223389448496,38.7695208908749],[-8.67195257269006,38.7692992622059],[-8.6712038833991,38.7679581208231],[-8.67147182242281,38.7674824981885],[-8.67045181409676,38.7671937062013],[-8.66983603367755,38.7665468425239],[-8.66945018904245,38.7657854824607],[-8.66932213464578,38.7650023066024],[-8.66997459854412,38.7651127423105],[-8.67112772079167,38.7650043051387],[-8.67143483000067,38.7648424562233],[-8.67157615586359,38.7637795944761],[-8.6720469378425,38.7631999106998],[-8.67207801419178,38.7619209969555],[-8.67241341424152,38.7613934986564],[-8.67273756841033,38.7611754304445]]]}},{"type":"Feature","id":"CRUS_Montijo_V.36911","properties":{"AREA_HA":5.31234793988431,"Autor":"DGT","Categoria_2021":"Não Atribuída","Classe_2021":"Solo Urbano","DTCC":"1507","Data_Pub_Origem":"1997-02-01T00:00:00","Designacao_no_plano":"Espaço urbano - Área urbanizada mista habitacional e equipamento industrial","Escala_origem":"1/25000","Fonte":"AML - Vectorial","ID1":36911,"Municipio":"MONTIJO"},"geometry":{"type":"Polygon","coordinates":[[[-8.69370613418155,38.7865572799806],[-8.69186022096095,38.7871515093735],[-8.69062146315702,38.7847479738524],[-8.69217110770254,38.7842296633439],[-8.69234035173332,38.7841730553428],[-8.69232842432107,38.7841521760426],[-8.69249156925085,38.784071818609],[-8.69386877494304,38.7865153520474],[-8.69370613418155,38.7865572799806]]]}},{"type":"Feature","id":"CRUS_Montijo_V.36912","properties":{"AREA_HA":92.0546253894277,"Autor":"DGT","Categoria_2021":"Espaço de Equipamentos e Infraestruturas ","Classe_2021":"Solo Rústico","DTCC":"1507","Data_Pub_Origem":"1997-02-01T00:00:00","Designacao_no_plano":"Espaço afecto a instalação de interesse público - Área de instalação de telecomunicação","Escala_origem":"1/25000","Fonte":"AML - Vectorial","ID1":36912,"Municipio":"MONTIJO"},"geometry":{"type":"Polygon","coordinates":[[[-8.69781662740948,38.7785756265072],[-8.70203861557868,38.7853319435035],[-8.70454274767806,38.78931591482],[-8.70204218531331,38.7903336039994],[-8.69743458435879,38.7923690794683],[-8.69729927023892,38.7924440117639],[-8.69386877494304,38.7865153520474],[-8.69249156925085,38.784071818609],[-8.69102183298841,38.7815566472814],[-8.69117790543376,38.781495236813],[-8.69781662740948,38.7785756265072]]]}},{"type":"Feature","id":"CRUS_Montijo_V.36913","properties":{"AREA_HA":2788.26572624141,"Autor":"DGT","Categoria_2021":"Espaço Florestal","Classe_2021":"Solo Rústico","DTCC":"1507","Data_Pub_Origem":"1997-02-01T00:00:00","Designacao_no_plano":"Espaço florestal - Área de floresta de produção","Escala_origem":"1/25000","Fonte":"AML - Vectorial","ID1":36913,"Municipio":"MONTIJO"},"geometry":{"type":"Polygon","coordinates":[[[-8.67967156092582,38.8210909754069],[-8.67938290459007,38.8210434177725],[-8.67834936066327,38.8209050043483],[-8.67686858215834,38.8209222352081],[-8.67628218562984,38.8206362035326],[-8.67619807481714,38.8202962600663],[-8.67661138250721,38.8192630140467],[-8.6765820883174,38.8189846994348],[-8.67501197629887,38.8159640026475],[-8.6748231168095,38.8161402011129],[-8.67484093087195,38.8166970295875],[-8.67557722467239,38.8188852395251],[-8.67543468386635,38.8197934634416],[-8.67516586334159,38.8201763055297],[-8.6746367222733,38.8202715817717],[-8.67218855185519,38.8199219655096],[-8.66901052560929,38.8191349540361],[-8.66630012820252,38.818229516446],[-8.66549393765647,38.8176092527789],[-8.66365420164352,38.8158226313403],[-8.66278640697517,38.8142177245566],[-8.66262561410239,38.8109073455619],[-8.66272410246407,38.8095352494488],[-8.66305979414675,38.8088268840605],[-8.66376100222814,38.808588858412],[-8.66486251376471,38.8085181355464],[-8.66572727322767,38.8060802738939],[-8.66597511777857,38.8047074904522],[-8.66561519372221,38.8038015719544],[-8.66501295232771,38.8031872257274],[-8.66459282121539,38.8033129016621],[-8.66458115754184,38.8035707881161],[-8.6650328372772,38.8040328234592],[-8.66518625485549,38.80456840909],[-8.66485589220804,38.8058075017978],[-8.66459980432484,38.8060751136851],[-8.66359384611826,38.8080137085071],[-8.66166371704857,38.8075908625771],[-8.66040311706085,38.8059620705636],[-8.65975633310979,38.804830539966],[-8.65873070776116,38.803896671622],[-8.65804338619993,38.803465776239],[-8.65609311085136,38.8013373090152],[-8.65755429919427,38.8009359554319],[-8.658029142694,38.8008055189613],[-8.65745577783444,38.7990324519723],[-8.65789590477641,38.798908585498],[-8.65768642639831,38.7986454616315],[-8.65698130568632,38.7978205166866],[-8.6560791210695,38.7971852307173],[-8.65587483685316,38.7975733521537],[-8.65469815120291,38.7977865878034],[-8.65399201398322,38.7965907469157],[-8.65253326923992,38.7953360933397],[-8.65250737663866,38.7949398424971],[-8.65453782539883,38.7925597154018],[-8.65696894020326,38.7903537046718],[-8.65733774319735,38.7900411830362],[-8.65755199879901,38.789627711307],[-8.65784302635935,38.7885745104179],[-8.65879663788034,38.7875857114993],[-8.65992963800003,38.7865390205291],[-8.66460679050005,38.7844085344301],[-8.6649979620892,38.7840561172948],[-8.6659100267875,38.7825359903362],[-8.66830783446947,38.780407578564],[-8.66941674888294,38.7785727288321],[-8.67050632205129,38.7772064421402],[-8.67105141147129,38.7759892174717],[-8.67165719853078,38.7758734255521],[-8.67237750067383,38.7759629154071],[-8.67411899609526,38.7764292338604],[-8.67508783991716,38.777064118066],[-8.66731025508897,38.7822933783977],[-8.67100531387956,38.7847065680551],[-8.67613894779356,38.7812440062135],[-8.67662353058306,38.7809159772574],[-8.68610388753776,38.7740429067258],[-8.68551965589564,38.772994305007],[-8.68444237659873,38.7703435832918],[-8.6844540816307,38.7700757701686],[-8.68116531955312,38.7643442136558],[-8.67707022540881,38.7599224719574],[-8.67710757176365,38.7597779281617],[-8.68113375733969,38.7511066750891],[-8.67823421327229,38.7505659482364],[-8.67536000910431,38.7502574908],[-8.67502260607222,38.749221961232],[-8.67612701328392,38.7489664931664],[-8.6816057377327,38.7481898537176],[-8.6815007111385,38.7465884047731],[-8.67766759426794,38.7470712743299],[-8.67761617098917,38.7464993186034],[-8.67704976385652,38.746305271929],[-8.67394644910035,38.7468024860343],[-8.67355795801213,38.7458207407988],[-8.67349957352566,38.7456526789355],[-8.67768989211002,38.745055007093],[-8.68051675546203,38.7446300396842],[-8.68151033883283,38.7443713229851],[-8.68226848015206,38.7440436241661],[-8.68425082241872,38.7429041913956],[-8.68825930834035,38.7405286521949],[-8.69169371846608,38.7391544049879],[-8.69367845005346,38.7383564540399],[-8.69403574382841,38.7384031630238],[-8.69514369011981,38.7385442234225],[-8.69777644468657,38.7381291855813],[-8.69868203563525,38.7380622107834],[-8.69971856548496,38.7381823566249],[-8.70151035486512,38.7378964279765],[-8.70316571304177,38.737405558894],[-8.70640964167685,38.7374701309543],[-8.70716498055934,38.7377435743009],[-8.70873700900006,38.7386030534796],[-8.71079460265565,38.7390666129786],[-8.71123333083972,38.7394757077655],[-8.71159920583822,38.73960799618],[-8.71277669986953,38.7396915556297],[-8.71543604739808,38.7415613303592],[-8.71739754954143,38.7427468089771],[-8.71804684812242,38.742993886402],[-8.70207801700816,38.7429842878502],[-8.70204019503137,38.7482851069589],[-8.70060662920481,38.7485781836657],[-8.69992345443202,38.7485099817374],[-8.69940362759821,38.7482621748655],[-8.69860262123704,38.7481766568179],[-8.69783308529479,38.7481911218915],[-8.69708168791866,38.7484272085341],[-8.69635157790267,38.7483770931262],[-8.69519202469783,38.7475959216917],[-8.69495763436176,38.7477222162604],[-8.69486530075189,38.7479551118046],[-8.69529292888828,38.7484537241147],[-8.69602613380512,38.7488972081053],[-8.69624431200774,38.7497008017592],[-8.69655129457787,38.7498244847064],[-8.69847398004364,38.7488674890502],[-8.69970010886498,38.7491297523671],[-8.70198376637339,38.74917228029],[-8.70202261688191,38.7655672831039],[-8.70150294330113,38.7653552477314],[-8.70076229488739,38.7639999072792],[-8.70033766652858,38.7638946887102],[-8.70017952357069,38.7647358630109],[-8.70053864601048,38.7654851087402],[-8.70132261177943,38.7663335422937],[-8.7020802906671,38.7668662719378],[-8.70203861557868,38.7853319435035],[-8.69781662740948,38.7785756265072],[-8.69117790543376,38.781495236813],[-8.69102183298841,38.7815566472814],[-8.69249156925085,38.784071818609],[-8.69232842432107,38.7841521760426],[-8.69234035173332,38.7841730553428],[-8.69217110770254,38.7842296633439],[-8.69062146315702,38.7847479738524],[-8.69186022096095,38.7871515093735],[-8.69370613418155,38.7865572799806],[-8.69386877494304,38.7865153520474],[-8.69729927023892,38.7924440117639],[-8.69743458435879,38.7923690794683],[-8.70204218531331,38.7903336039994],[-8.70202846241851,38.800164089706],[-8.70880961891185,38.8068199538589],[-8.71111412655309,38.8068196866534],[-8.71225736245398,38.8077889452279],[-8.71367607177293,38.8087386881724],[-8.71504837958542,38.8090334490366],[-8.71704453510116,38.8091164759972],[-8.71773116025997,38.8093210358265],[-8.71858240337892,38.8103879720398],[-8.71943641741768,38.811787682692],[-8.71991200764148,38.8121284813701],[-8.7184521532384,38.8131629590959],[-8.7157384851747,38.81622774789],[-8.71556895259517,38.8164249752246],[-8.71242179590868,38.8212908373429],[-8.71033174673658,38.8239758067229],[-8.70916905704687,38.8258743773863],[-8.70507267768226,38.8357453788295],[-8.70461065514394,38.835279003591],[-8.70425411383027,38.8344449401947],[-8.70417035440379,38.8337131757275],[-8.70424688145728,38.8319428409482],[-8.70487663895705,38.8313228792654],[-8.70477101422849,38.8310775728448],[-8.70404007362175,38.8304125032367],[-8.7037230480847,38.8296312288998],[-8.70370647407727,38.8291789897589],[-8.70329734640774,38.8282468506322],[-8.7027891048647,38.8262364231516],[-8.70285537640189,38.8248004644076],[-8.70273554687101,38.8243978944368],[-8.70250172286603,38.8243203707721],[-8.70215513198796,38.8247252183377],[-8.70226030673344,38.826540147253],[-8.70298220184359,38.8293232081458],[-8.70358983873861,38.8307755437931],[-8.70345040252673,38.8344552977449],[-8.70425286548779,38.8359558315056],[-8.7043093371019,38.8365357043852],[-8.70408200650611,38.8372742977422],[-8.70394985243724,38.8385729109548],[-8.70403486762761,38.8388380539357],[-8.7038520818256,38.8419068624613],[-8.70346942634791,38.8419063399328],[-8.70267660743459,38.841332679435],[-8.70234633875483,38.8408186391832],[-8.70227666455441,38.8389007355109],[-8.7018657842848,38.8389089378491],[-8.70121040057852,38.8375166040317],[-8.70130486122157,38.835713685257],[-8.70031549033114,38.8343365481276],[-8.69970146667669,38.834019828058],[-8.69888772674567,38.8338614044307],[-8.69855931898319,38.8335742341179],[-8.69854541924075,38.8318210689351],[-8.69799806180139,38.831339001828],[-8.69741256725602,38.8311871457881],[-8.6961796585114,38.8316468860164],[-8.69600659728124,38.8321015011726],[-8.69594566609926,38.833073732878],[-8.69509981971309,38.8320508205454],[-8.69489312765593,38.8321304817776],[-8.6944027092888,38.8285917873231],[-8.69450623373228,38.8279446514761],[-8.69580278831864,38.8269483389408],[-8.6960580984327,38.8265861432828],[-8.69582540771068,38.8263706912567],[-8.69537696364054,38.8263625408995],[-8.69451008170435,38.8267070528978],[-8.69391152067127,38.8266171173164],[-8.69342072270058,38.8262617756196],[-8.69276167788696,38.8253883235569],[-8.69266934905911,38.8240217348316],[-8.69236155744536,38.8228887621912],[-8.69175294097007,38.8215103243447],[-8.69055790018244,38.8198381592098],[-8.69032202648781,38.8192101870488],[-8.69032979550929,38.8184828272403],[-8.69052882552239,38.8178734030465],[-8.69099842071912,38.8171182975563],[-8.6906156180105,38.8168107353468],[-8.69008555698891,38.8167823266508],[-8.68995277178149,38.8166001199608],[-8.6900256139185,38.8160651908754],[-8.68973663336349,38.8155921618772],[-8.68964611360722,38.8144554947576],[-8.68928439186858,38.8133640252227],[-8.68938226163457,38.8120013418815],[-8.69030820995367,38.8105427605692],[-8.69031809228496,38.8100683131548],[-8.69066667967328,38.8094787928782],[-8.68990783152119,38.8083580467091],[-8.68988804152889,38.807797238031],[-8.69011645628829,38.8072241466943],[-8.69154418955156,38.8058653143827],[-8.6919371116702,38.8053122305648],[-8.69236551488034,38.8040413706724],[-8.69215809177774,38.803792756247],[-8.69185625631109,38.8037318054652],[-8.69161214474687,38.8040449813812],[-8.69150857504425,38.8048150752666],[-8.6912289109454,38.8054965548965],[-8.69052490251698,38.8061239258889],[-8.68963057400376,38.8073762049137],[-8.68918253450771,38.8078362405637],[-8.68883322064013,38.8077858671579],[-8.68886085699385,38.8095905456072],[-8.68834152057149,38.8109337352638],[-8.68817129425985,38.8117736925564],[-8.68800457385355,38.8130430112247],[-8.68826535833179,38.8169140024756],[-8.6880978955936,38.8180904977748],[-8.68829299323043,38.8187551154173],[-8.68996006339331,38.82180558655],[-8.68983923006618,38.8219918060905],[-8.68951332688046,38.8220139814717],[-8.68894085940452,38.821779508637],[-8.68862990856616,38.8219769471967],[-8.68863175621795,38.8222141425966],[-8.68875587460426,38.8224507457014],[-8.68927416998482,38.8227061063806],[-8.69005018865373,38.8229086641617],[-8.69063723284831,38.8233256058975],[-8.69092569716907,38.8237264448379],[-8.69105708588319,38.824891198813],[-8.69147211522786,38.8258380185196],[-8.69249055563509,38.8274935534599],[-8.69292287935699,38.8289095390223],[-8.69373883868685,38.832453340066],[-8.69355622258372,38.8334236520788],[-8.69274189171209,38.8335513231033],[-8.69206118663763,38.8333895742268],[-8.69132096098841,38.8325680748707],[-8.69116571509435,38.8300936596173],[-8.69028096287043,38.8281590242179],[-8.68934448002013,38.8265546484847],[-8.68860821083522,38.8257059439584],[-8.68723984106219,38.8244645710182],[-8.68407623127009,38.8227796924445],[-8.68135308987837,38.8215592913503],[-8.67994503355044,38.821136031631],[-8.67966880642712,38.8210529955014],[-8.67967156092582,38.8210909754069]],[[-8.69291077181302,38.8009430030846],[-8.69299107317844,38.8007034216698],[-8.69221765337624,38.798047866939],[-8.69061188480828,38.7958819404367],[-8.69041177712814,38.7948116952349],[-8.68997091493591,38.7944809954817],[-8.68964213227249,38.7944721702491],[-8.68951036156164,38.7951384026518],[-8.68988907649183,38.7962805982135],[-8.69184113573902,38.7989504794909],[-8.69171998356958,38.7992214591037],[-8.6910340969914,38.799089543585],[-8.69054239331835,38.7992686933959],[-8.69055998834659,38.7997678176553],[-8.6915900378722,38.8001137368452],[-8.69250590148082,38.8011674136679],[-8.69176851342647,38.8011353772292],[-8.6909924304829,38.8026345022699],[-8.69099766802258,38.8033048355926],[-8.69201142571451,38.8033363902204],[-8.69252184355348,38.8032477008513],[-8.69250590148082,38.8011674136679],[-8.69291077181302,38.8009430030846]],[[-8.66742043086199,38.791883725878],[-8.66728277755239,38.7916368552908],[-8.66676826566695,38.7918454647878],[-8.66650003957716,38.7923004479936],[-8.6665346952217,38.7927995440634],[-8.66682706504333,38.795576309813],[-8.66649678270566,38.7968153364492],[-8.66517826302578,38.7984920120718],[-8.6646823462916,38.7993811570162],[-8.66443334154287,38.8005991881078],[-8.66451606775393,38.800763808316],[-8.66475966658176,38.8007832356775],[-8.66503089892132,38.8005453157618],[-8.66572216464004,38.7985311906444],[-8.66780880969367,38.7960937567103],[-8.66796831872425,38.7956289552189],[-8.66786737464456,38.7948456577424],[-8.66724644047477,38.7935387987272],[-8.66726796114702,38.7927858731048],[-8.66742043086199,38.791883725878]],[[-8.69339779951052,38.7738312399752],[-8.69335464095457,38.7735220605042],[-8.69254432743086,38.7723399925452],[-8.69172360582924,38.7715601644767],[-8.69100845152622,38.7703879428483],[-8.68937689934692,38.7683435106908],[-8.68909156835424,38.7683139384525],[-8.68928708850173,38.7690142652626],[-8.6915791590635,38.7726405920436],[-8.69300204415979,38.7740259827624],[-8.69323285594509,38.7740248740683],[-8.69339779951052,38.7738312399752]]]}},{"type":"Feature","id":"CRUS_Montijo_V.36914","properties":{"AREA_HA":671.878132430601,"Autor":"DGT","Categoria_2021":"Espaço Florestal","Classe_2021":"Solo Rústico","DTCC":"1507","Data_Pub_Origem":"1997-02-01T00:00:00","Designacao_no_plano":"Espaço florestal - Área de floresta de produção","Escala_origem":"1/25000","Fonte":"AML - Vectorial","ID1":36914,"Municipio":"MONTIJO"},"geometry":{"type":"Polygon","coordinates":[[[-8.63334867303837,38.8099366636586],[-8.63325216349213,38.8104318162605],[-8.63179706808494,38.8123832783718],[-8.63121962627385,38.8128032456638],[-8.62983392611508,38.8142900838872],[-8.6293849301959,38.8151392515115],[-8.62905218513919,38.8162457921843],[-8.62861364111604,38.8160765250366],[-8.62745864747992,38.8166262086787],[-8.62728757756344,38.8168480238563],[-8.62702984364075,38.8181510985248],[-8.62671951952504,38.8186597375312],[-8.62578219139022,38.8192655653854],[-8.62574648257648,38.8197754457847],[-8.62653401778894,38.8200853272534],[-8.62668426484738,38.8202542376878],[-8.62667052667059,38.8205368006112],[-8.62619744379248,38.8213371897522],[-8.62469261831097,38.8227157088399],[-8.62520819093771,38.8229912364179],[-8.6251221965046,38.8230714280074],[-8.62495317296964,38.8232290763066],[-8.62319901984408,38.8246587653464],[-8.62118992910888,38.826765464267],[-8.62074132186817,38.8276876321103],[-8.62082210406039,38.8280308724558],[-8.62051324016568,38.8287438587328],[-8.6205774152643,38.828952194299],[-8.6208287343568,38.8290002269354],[-8.62109414190406,38.8288150483957],[-8.62177485092813,38.827425623079],[-8.62318302289347,38.8256906663217],[-8.62487024916235,38.8239298523544],[-8.6255490471092,38.8233866212682],[-8.62572100472967,38.8232937890863],[-8.62591799269279,38.8234170032298],[-8.62603363397601,38.8242577599998],[-8.62651176747202,38.8241943308119],[-8.62649322040121,38.8226470084527],[-8.6275328520749,38.821307066744],[-8.62895830676832,38.818711577979],[-8.63026388017626,38.8150223665301],[-8.63056629179324,38.8145175619492],[-8.63209784748664,38.812881343708],[-8.63354024310107,38.8116304939594],[-8.63431815332846,38.8107060764911],[-8.63478678302388,38.810421599581],[-8.63566070578152,38.8104260591382],[-8.63597637006169,38.8106826757188],[-8.63706094664992,38.8109359684216],[-8.63825450373458,38.8110659292188],[-8.63879933396737,38.8109923959103],[-8.63757076384333,38.8144643076009],[-8.63504386393895,38.8179067983312],[-8.63086133952335,38.8214613556395],[-8.63042058682439,38.822443681871],[-8.63069428603836,38.8248337268871],[-8.63053891067829,38.8269651494543],[-8.62925966405009,38.8306994280724],[-8.62608747410287,38.8315563145573],[-8.62296860467571,38.831924592494],[-8.6187213310519,38.8332740910907],[-8.61724998561864,38.833901683962],[-8.61648962312269,38.8305755321489],[-8.61401255116875,38.8308314526758],[-8.61180266971963,38.831395526575],[-8.6117469507096,38.8315511410419],[-8.61194783886829,38.8318833009766],[-8.61322453096335,38.8318169924164],[-8.61342775633598,38.8324932129924],[-8.61036583762113,38.8329775174639],[-8.61014679111088,38.83311160542],[-8.60994095029072,38.8328028112533],[-8.61010191232294,38.8326627372734],[-8.61004841525198,38.8315467100667],[-8.60870222142974,38.8315972246358],[-8.60846109117521,38.83176479092],[-8.60837506832262,38.8306961957963],[-8.60879124654024,38.8292503637791],[-8.60835288998196,38.8287459371122],[-8.60886539184167,38.8283864858526],[-8.60911816135163,38.8279855932219],[-8.60937019385595,38.8270353224114],[-8.60976921557264,38.8269135262201],[-8.60973266197735,38.8256917112621],[-8.60951073426151,38.8237798318591],[-8.60900396006128,38.8230457777397],[-8.60897079378412,38.8227760010427],[-8.60922049203304,38.8225909501847],[-8.61067818259892,38.8224622976855],[-8.61100686541985,38.8223628010994],[-8.6111151653517,38.8221415188908],[-8.61095718670866,38.8219704049782],[-8.60902648431786,38.8217206618717],[-8.60847546203451,38.8214039234131],[-8.607454294089,38.8211381720311],[-8.60604029051057,38.8202878813927],[-8.60507937287827,38.8195983043984],[-8.60470087266788,38.819286938449],[-8.60448144947026,38.8193123724654],[-8.60435726502385,38.819509202065],[-8.60464389575554,38.8199396469124],[-8.60717897210386,38.8217194816011],[-8.60787587689236,38.8227477766574],[-8.60821110663803,38.8236302378881],[-8.60839511296802,38.825186175264],[-8.60836047359889,38.8266579971403],[-8.60809010243218,38.8270456910722],[-8.60817696474231,38.8286514142998],[-8.60748704936787,38.8295000734187],[-8.60605821172213,38.8302837924013],[-8.60401564771723,38.830892952444],[-8.60375253412239,38.8311281662823],[-8.60358260627234,38.8315340985278],[-8.6032536672232,38.832084762581],[-8.6023382199652,38.8328629221877],[-8.60036309012087,38.8334922405181],[-8.59996246225112,38.8338180481481],[-8.59981463232501,38.8340888051346],[-8.59993082493802,38.8342594440747],[-8.6007359828333,38.8342021769867],[-8.60242208419092,38.8333668996374],[-8.60265240569521,38.8333929862257],[-8.60289345005116,38.8335449503995],[-8.60397573414881,38.8353777098245],[-8.60414846538487,38.8353950185201],[-8.60444551507771,38.835069623619],[-8.60425550534823,38.8341788479018],[-8.6037316251648,38.8332624051387],[-8.60370504478566,38.8329677479285],[-8.60394348060515,38.8324804859997],[-8.6044348817458,38.831965185661],[-8.60692163570274,38.8304151597411],[-8.60711712450757,38.8303963489961],[-8.60744795213133,38.8316879204658],[-8.60738388253027,38.8324352311687],[-8.60669147606109,38.8338691368578],[-8.60704921580393,38.8340206985449],[-8.60736824358895,38.833750813042],[-8.60773268873024,38.8329738417136],[-8.60805500033725,38.832990526012],[-8.60845044438172,38.8336189511888],[-8.60881091688741,38.8338829244951],[-8.60862748343075,38.8340390673426],[-8.60791204473001,38.8352851157203],[-8.60791263580977,38.8353739036885],[-8.60862409255611,38.8356595881541],[-8.60862912756202,38.8364143275878],[-8.60906256775112,38.837566888174],[-8.60903595685628,38.8378333865072],[-8.60804804641025,38.8386587635317],[-8.6080223304241,38.8390584474811],[-8.60836691587027,38.8396564078619],[-8.60765881922474,38.8398812835741],[-8.60615553727049,38.8400427813567],[-8.60382738102361,38.8399412238941],[-8.60028811667209,38.8399850505386],[-8.60022204232381,38.838563829925],[-8.59968174272421,38.8384105185146],[-8.59950955992589,38.8381224611482],[-8.59941482387055,38.8366569367648],[-8.59929984822508,38.8364352805584],[-8.59898721290292,38.8363698996752],[-8.59811505088329,38.8375505585786],[-8.59811939738919,38.8382168621642],[-8.59831967460088,38.8384603825514],[-8.59891744385616,38.8387245281801],[-8.59835414326062,38.8393930992094],[-8.59901116830257,38.8400345813304],[-8.59779271459817,38.8403503986022],[-8.59732989874297,38.8390196018946],[-8.59723477086041,38.8374874375878],[-8.59683177349435,38.8366228182433],[-8.59809085334885,38.8338414488605],[-8.59864585445115,38.8323067236393],[-8.5992675492689,38.831533470354],[-8.59997990415475,38.8309350181912],[-8.60015185133875,38.8298482495004],[-8.60081827045404,38.8290747989997],[-8.60292036253529,38.8287860627868],[-8.60586039967456,38.8266020036389],[-8.60603690605937,38.8262158937949],[-8.60513422217665,38.8250984332222],[-8.60490462102991,38.8242234908135],[-8.60336794546093,38.8219874492201],[-8.60371770171212,38.8207247800542],[-8.60407392446858,38.8204430608687],[-8.60420549689949,38.8196962700267],[-8.60433706671953,38.818949487966],[-8.60462789888676,38.8155499031666],[-8.60484519930826,38.8145680370368],[-8.60643016858358,38.8106096456975],[-8.60646493515323,38.8091029868169],[-8.60564686671586,38.807214410997],[-8.60496859230579,38.8051051550012],[-8.60571128128212,38.8050298300261],[-8.60843567726788,38.8051847400747],[-8.60951996345687,38.8053922603738],[-8.61149845012723,38.8060642992896],[-8.61231117540515,38.8061438513632],[-8.61265387924968,38.8063450655217],[-8.61306533593092,38.8062689485208],[-8.61334344550583,38.8060475146384],[-8.61357881866075,38.8060465442874],[-8.61673162807879,38.8077638793084],[-8.61694293815436,38.8080283840708],[-8.61693267274344,38.8082495526677],[-8.61651123254207,38.8085829996857],[-8.61482008111117,38.8091244042609],[-8.6143890975657,38.8097895810375],[-8.61447403013152,38.810166994213],[-8.61468656953349,38.8102674734322],[-8.6155881995441,38.8095819182259],[-8.61615138384554,38.8093215991364],[-8.61693898214379,38.8091801237352],[-8.61789898903019,38.8084298207755],[-8.61816980455637,38.808447115413],[-8.61876875874821,38.8089421731015],[-8.61942833499393,38.8090131346925],[-8.61985447778777,38.8093706902054],[-8.62351836953971,38.8103937536089],[-8.62357108083872,38.8112135660438],[-8.62311609522401,38.8135152769135],[-8.62305755806165,38.8152753677726],[-8.62261989475771,38.8166776996474],[-8.6226813451006,38.8170552145887],[-8.62294048920529,38.8170817621192],[-8.62322152242323,38.8168686612455],[-8.62350097093074,38.8164252254702],[-8.62376332537296,38.8134968894736],[-8.62392329492806,38.8127959685924],[-8.62458391446073,38.8113042251688],[-8.62466230101608,38.8107234252189],[-8.6262234965147,38.8101179316654],[-8.62759658197565,38.8100476179017],[-8.62891167707636,38.8095997703057],[-8.63117614593323,38.8090879617037],[-8.63169144311496,38.808721812944],[-8.63193371706716,38.8088635966829],[-8.63201247244151,38.8091857422941],[-8.63263431931892,38.8092510072712],[-8.63338414474321,38.8094280576645],[-8.63340982164604,38.8096551540183],[-8.63337892830511,38.8097877341238],[-8.63334867303837,38.8099366636586]],[[-8.61185188609245,38.8097530542438],[-8.61025175317086,38.8103653160922],[-8.610160779055,38.8105601779334],[-8.61030995290275,38.8116376065406],[-8.61144539853661,38.8115884974192],[-8.6115181350811,38.810791270213],[-8.61227482081971,38.81036813192],[-8.61185188609245,38.8097530542438]],[[-8.62876323345745,38.8280188436318],[-8.6223520421902,38.8286676940032],[-8.6225293794806,38.8296883964141],[-8.62327173284617,38.8303070267171],[-8.62429277769068,38.8301694925871],[-8.62520578932122,38.8308318082872],[-8.62815167499246,38.829886702844],[-8.62876323345745,38.8280188436318]]]}},{"type":"Feature","id":"CRUS_Montijo_V.36915","properties":{"AREA_HA":12.2543303012889,"Autor":"DGT","Categoria_2021":"Espaço Natural e Paisagístico","Classe_2021":"Solo Rústico","DTCC":"1507","Data_Pub_Origem":"1997-02-01T00:00:00","Designacao_no_plano":"Espaço aquícola  - Albufeira","Escala_origem":"1/25000","Fonte":"AML - Vectorial","ID1":36915,"Municipio":"MONTIJO"},"geometry":{"type":"Polygon","coordinates":[[[-8.63798566583592,38.8102039934985],[-8.63860240095321,38.8108214517149],[-8.63792145661665,38.8103568569504],[-8.63580085641591,38.8093004587505],[-8.63570083623958,38.8092642968518],[-8.63554816278912,38.8091894000185],[-8.63332256734919,38.808512308559],[-8.62985510158164,38.8079184736152],[-8.62835666949805,38.8080294406238],[-8.62739527805897,38.8087527842047],[-8.62669014225065,38.8090416386547],[-8.62585427670326,38.8091742762507],[-8.62375674484446,38.8092200117199],[-8.62183572490768,38.8090221442049],[-8.61899168012969,38.8077706035701],[-8.61790313435612,38.8074062988794],[-8.61650014398992,38.8065451961698],[-8.61239068802554,38.8045184882531],[-8.61123504226571,38.8043295727944],[-8.60972806052253,38.8044464072163],[-8.60861953923866,38.8042572745314],[-8.60641837808677,38.8044967819913],[-8.60593690406646,38.8047200702409],[-8.60544261408443,38.8047866251799],[-8.6048459931239,38.8045365766805],[-8.6047767437977,38.8042154088542],[-8.60496535096327,38.8038663462206],[-8.60531823459782,38.8037911415825],[-8.6098556226083,38.8041495888639],[-8.61142210841663,38.8041247222024],[-8.61234974214448,38.8042050998858],[-8.61717266052269,38.8067028179699],[-8.61791520232385,38.8072779490366],[-8.61911859752553,38.807549597296],[-8.62014781870439,38.8081908522463],[-8.62085606573738,38.8084000086954],[-8.62149153640862,38.8083051251136],[-8.62673300053139,38.8084236230325],[-8.62812713351006,38.8077791403141],[-8.62972813393582,38.8076247713934],[-8.63138514757219,38.8078034160955],[-8.6332496815339,38.8081921024198],[-8.63561121621809,38.8090795648807],[-8.63606851832164,38.8092744151151],[-8.63798566583592,38.8102039934985]]]}},{"type":"Feature","id":"CRUS_Montijo_V.36916","properties":{"AREA_HA":189.81974718707,"Autor":"DGT","Categoria_2021":"Espaço Agrícola","Classe_2021":"Solo Rústico","DTCC":"1507","Data_Pub_Origem":"1997-02-01T00:00:00","Designacao_no_plano":"Espaço agrícola - Área agrícola da RAN","Escala_origem":"1/25000","Fonte":"AML - Vectorial","ID1":36916,"Municipio":"MONTIJO"},"geometry":{"type":"Polygon","coordinates":[[[-8.63798566583592,38.8102039934985],[-8.63606851832164,38.8092744151151],[-8.63561121621809,38.8090795648807],[-8.6332496815339,38.8081921024198],[-8.63138514757219,38.8078034160955],[-8.62972813393582,38.8076247713934],[-8.62812713351006,38.8077791403141],[-8.62673300053139,38.8084236230325],[-8.62149153640862,38.8083051251136],[-8.62085606573738,38.8084000086954],[-8.62014781870439,38.8081908522463],[-8.61911859752553,38.807549597296],[-8.61791520232385,38.8072779490366],[-8.61717266052269,38.8067028179699],[-8.61234974214448,38.8042050998858],[-8.61142210841663,38.8041247222024],[-8.6098556226083,38.8041495888639],[-8.60531823459782,38.8037911415825],[-8.60496535096327,38.8038663462206],[-8.6047767437977,38.8042154088542],[-8.6045697237068,38.8032552197214],[-8.60471570493329,38.8030338987928],[-8.60561925235427,38.8024304287898],[-8.60669282146048,38.8025829449157],[-8.60809302674195,38.8022265955838],[-8.6104142912512,38.801552752038],[-8.61276908205987,38.8010815559302],[-8.61293656964754,38.8009045728542],[-8.61326659577848,38.8008847471567],[-8.61347772060834,38.800717699051],[-8.61231227292541,38.7992453690163],[-8.61202123651426,38.7980463945011],[-8.6102430060064,38.7966134820729],[-8.61047735853863,38.7964282653766],[-8.61115000334015,38.7964993288402],[-8.61147951099622,38.7963964664959],[-8.61200575710709,38.7957390870387],[-8.61223836974362,38.7935001746583],[-8.61275783488754,38.7918360126174],[-8.6145861655732,38.7884295649519],[-8.61463647200042,38.7871459060591],[-8.61378834835006,38.7855169068614],[-8.6137866078669,38.7852583767634],[-8.61393963051351,38.7852208134746],[-8.61483001004804,38.7861220214728],[-8.61517548769947,38.7866468999407],[-8.61530861062042,38.7871541900482],[-8.61518199197636,38.7893578115868],[-8.61505447575143,38.7896815161014],[-8.61414093557454,38.7905993966691],[-8.61396822414872,38.7912187567161],[-8.61413479890713,38.7914396735059],[-8.61505484314979,38.7914820387019],[-8.61730022330004,38.7904755197587],[-8.61758447103402,38.7906590102741],[-8.61723366989816,38.7910944338568],[-8.61627053632323,38.7916524448836],[-8.61571770879527,38.7918578634879],[-8.61413896690981,38.7920582937607],[-8.61349292597445,38.7924303012319],[-8.61253855798939,38.7960574347818],[-8.61253220384141,38.7968663098066],[-8.61292239824019,38.7987760232041],[-8.613410774683,38.7994988342532],[-8.61346129051017,38.7999972325637],[-8.6141279103149,38.8009178310767],[-8.61435570947457,38.8014708953532],[-8.61489063777732,38.8020965649852],[-8.61631303113431,38.803156204987],[-8.61693982279889,38.8034121404799],[-8.61880179764871,38.8056250360591],[-8.61973965521548,38.8065405614177],[-8.62040350152801,38.8069852733543],[-8.62085337173645,38.8063603781822],[-8.62120172443813,38.8064143009635],[-8.62167998625296,38.8076071683399],[-8.62186941281922,38.8077079563743],[-8.62394509718154,38.8076438262547],[-8.62431234863199,38.8078731519674],[-8.62457192068913,38.807881290898],[-8.62517096800253,38.80750936773],[-8.62648795748746,38.8072452282161],[-8.62823917065215,38.8063235546186],[-8.62887261890986,38.805815689384],[-8.62822259693894,38.8039345388846],[-8.62840843334531,38.8035181787733],[-8.62891640108104,38.803626843319],[-8.62913957216195,38.8038290585648],[-8.62984792316648,38.8039183910243],[-8.63014016816181,38.8055701767469],[-8.63038986304917,38.8058553924095],[-8.630697183753,38.8059464302452],[-8.63255114996671,38.8062340232813],[-8.63561703563907,38.8049094945694],[-8.63651223996234,38.8047301665818],[-8.63679571569332,38.8047843584026],[-8.63750547172737,38.8056187368449],[-8.63762121599643,38.8056888803931],[-8.63774067122467,38.8057399739417],[-8.6380533173197,38.8058176682293],[-8.63823678770141,38.8058632599759],[-8.6392226457775,38.8059697540606],[-8.6401826852654,38.8065933060874],[-8.64089761671797,38.8075871704813],[-8.6411995840086,38.8085727153908],[-8.6417573009649,38.8090228573567],[-8.64252357043549,38.8089363870964],[-8.64358891485035,38.8084329678125],[-8.64513090469733,38.8079366886755],[-8.64827501687529,38.8075995702002],[-8.64888895543837,38.8076615046429],[-8.64992955209895,38.8079894049976],[-8.65155896164929,38.808166894647],[-8.65218584957908,38.808385770387],[-8.65282229417921,38.8087782468422],[-8.65397759717135,38.8102693642154],[-8.65429728512925,38.810424951933],[-8.65496956773815,38.8103942362812],[-8.65592723408345,38.8106670272758],[-8.65634475799998,38.8100019666313],[-8.65641715782854,38.8104440370462],[-8.65828173011222,38.8127922681636],[-8.65920652211219,38.8138752061202],[-8.66013360678235,38.8149607645754],[-8.66025406628078,38.8151186692817],[-8.65987882277117,38.8150265754165],[-8.65884353710809,38.8143989584172],[-8.65793213902073,38.8137737384098],[-8.65622311107008,38.8129464343508],[-8.6547896953192,38.812777780953],[-8.65371228304893,38.812327392777],[-8.65182269113712,38.8109701844694],[-8.64962599872434,38.8104546969369],[-8.64859340319124,38.8100040630761],[-8.64769028114743,38.8088875347815],[-8.6468392457232,38.8087862378642],[-8.64187456309996,38.8091931901845],[-8.64026274569645,38.8090951637476],[-8.63955019900133,38.8095884889894],[-8.63888294123959,38.8108038404237],[-8.63879933396737,38.8109923959103],[-8.63825450373458,38.8110659292188],[-8.63706094664992,38.8109359684216],[-8.63597637006169,38.8106826757188],[-8.63566070578152,38.8104260591382],[-8.63478678302388,38.810421599581],[-8.63431815332846,38.8107060764911],[-8.63354024310107,38.8116304939594],[-8.63209784748664,38.812881343708],[-8.63056629179324,38.8145175619492],[-8.63026388017626,38.8150223665301],[-8.62895830676832,38.818711577979],[-8.6275328520749,38.821307066744],[-8.62649322040121,38.8226470084527],[-8.62651176747202,38.8241943308119],[-8.62603363397601,38.8242577599998],[-8.62591799269279,38.8234170032298],[-8.62572100472967,38.8232937890863],[-8.6255490471092,38.8233866212682],[-8.62487024916235,38.8239298523544],[-8.62318302289347,38.8256906663217],[-8.62177485092813,38.827425623079],[-8.62109414190406,38.8288150483957],[-8.6208287343568,38.8290002269354],[-8.6205774152643,38.828952194299],[-8.62051324016568,38.8287438587328],[-8.62082210406039,38.8280308724558],[-8.62074132186817,38.8276876321103],[-8.62118992910888,38.826765464267],[-8.62319901984408,38.8246587653464],[-8.62495317296964,38.8232290763066],[-8.6251221965046,38.8230714280074],[-8.62520819093771,38.8229912364179],[-8.62529123201724,38.8229137875178],[-8.62695381453856,38.8213042885088],[-8.62726399889793,38.8207875335078],[-8.62905218513919,38.8162457921843],[-8.6293849301959,38.8151392515115],[-8.62983392611508,38.8142900838872],[-8.63121962627385,38.8128032456638],[-8.63179706808494,38.8123832783718],[-8.63325216349213,38.8104318162605],[-8.63334867303837,38.8099366636586],[-8.63337892830511,38.8097877341238],[-8.63340982164604,38.8096551540183],[-8.63338414474321,38.8094280576645],[-8.63263431931892,38.8092510072712],[-8.63201247244151,38.8091857422941],[-8.63193371706716,38.8088635966829],[-8.63169144311496,38.808721812944],[-8.63117614593323,38.8090879617037],[-8.62891167707636,38.8095997703057],[-8.62759658197565,38.8100476179017],[-8.6262234965147,38.8101179316654],[-8.62466230101608,38.8107234252189],[-8.62458391446073,38.8113042251688],[-8.62392329492806,38.8127959685924],[-8.62376332537296,38.8134968894736],[-8.62350097093074,38.8164252254702],[-8.62322152242323,38.8168686612455],[-8.62294048920529,38.8170817621192],[-8.6226813451006,38.8170552145887],[-8.62261989475771,38.8166776996474],[-8.62305755806165,38.8152753677726],[-8.62311609522401,38.8135152769135],[-8.62357108083872,38.8112135660438],[-8.62351836953971,38.8103937536089],[-8.61985447778777,38.8093706902054],[-8.61942833499393,38.8090131346925],[-8.61876875874821,38.8089421731015],[-8.61816980455637,38.808447115413],[-8.61789898903019,38.8084298207755],[-8.61693898214379,38.8091801237352],[-8.61615138384554,38.8093215991364],[-8.6155881995441,38.8095819182259],[-8.61468656953349,38.8102674734322],[-8.61447403013152,38.810166994213],[-8.6143890975657,38.8097895810375],[-8.61482008111117,38.8091244042609],[-8.61651123254207,38.8085829996857],[-8.61693267274344,38.8082495526677],[-8.61694293815436,38.8080283840708],[-8.61673162807879,38.8077638793084],[-8.61357881866075,38.8060465442874],[-8.61334344550583,38.8060475146384],[-8.61306533593092,38.8062689485208],[-8.61265387924968,38.8063450655217],[-8.61231117540515,38.8061438513632],[-8.61149845012723,38.8060642992896],[-8.60951996345687,38.8053922603738],[-8.60843567726788,38.8051847400747],[-8.60571128128212,38.8050298300261],[-8.60496859230579,38.8051051550012],[-8.60491524423146,38.8048577435388],[-8.6048459931239,38.8045365766805],[-8.60544261408443,38.8047866251799],[-8.60593690406646,38.8047200702409],[-8.60641837808677,38.8044967819913],[-8.60861953923866,38.8042572745314],[-8.60972806052253,38.8044464072163],[-8.61123504226571,38.8043295727944],[-8.61239068802554,38.8045184882531],[-8.61650014398992,38.8065451961698],[-8.61790313435612,38.8074062988794],[-8.61899168012969,38.8077706035701],[-8.62183572490768,38.8090221442049],[-8.62375674484446,38.8092200117199],[-8.62585427670326,38.8091742762507],[-8.62669014225065,38.8090416386547],[-8.62739527805897,38.8087527842047],[-8.62835666949805,38.8080294406238],[-8.62985510158164,38.8079184736152],[-8.63332256734919,38.808512308559],[-8.63554816278912,38.8091894000185],[-8.63570083623958,38.8092642968518],[-8.63580085641591,38.8093004587505],[-8.63792145661665,38.8103568569504],[-8.63860240095321,38.8108214517149],[-8.63798566583592,38.8102039934985]]]}},{"type":"Feature","id":"CRUS_Montijo_V.36917","properties":{"AREA_HA":1030.26808386902,"Autor":"DGT","Categoria_2021":"Espaço Florestal","Classe_2021":"Solo Rústico","DTCC":"1507","Data_Pub_Origem":"1997-02-01T00:00:00","Designacao_no_plano":"Espaço florestal - Área de floresta de produção","Escala_origem":"1/25000","Fonte":"AML - Vectorial","ID1":36917,"Municipio":"MONTIJO"},"geometry":{"type":"Polygon","coordinates":[[[-8.63750547172737,38.8056187368449],[-8.63679571569332,38.8047843584026],[-8.63651223996234,38.8047301665818],[-8.63561703563907,38.8049094945694],[-8.63255114996671,38.8062340232813],[-8.630697183753,38.8059464302452],[-8.63038986304917,38.8058553924095],[-8.63014016816181,38.8055701767469],[-8.62984792316648,38.8039183910243],[-8.62913957216195,38.8038290585648],[-8.62891640108104,38.803626843319],[-8.62840843334531,38.8035181787733],[-8.62822259693894,38.8039345388846],[-8.62887261890986,38.805815689384],[-8.62823917065215,38.8063235546186],[-8.62648795748746,38.8072452282161],[-8.62517096800253,38.80750936773],[-8.62457192068913,38.807881290898],[-8.62431234863199,38.8078731519674],[-8.62394509718154,38.8076438262547],[-8.62186941281922,38.8077079563743],[-8.62167998625296,38.8076071683399],[-8.62120172443813,38.8064143009635],[-8.62085337173645,38.8063603781822],[-8.62040350152801,38.8069852733543],[-8.61973965521548,38.8065405614177],[-8.61880179764871,38.8056250360591],[-8.61693982279889,38.8034121404799],[-8.61631303113431,38.803156204987],[-8.61489063777732,38.8020965649852],[-8.61435570947457,38.8014708953532],[-8.6141279103149,38.8009178310767],[-8.61346129051017,38.7999972325637],[-8.613410774683,38.7994988342532],[-8.61292239824019,38.7987760232041],[-8.61253220384141,38.7968663098066],[-8.61253855798939,38.7960574347818],[-8.61349292597445,38.7924303012319],[-8.61413896690981,38.7920582937607],[-8.61571770879527,38.7918578634879],[-8.61627053632323,38.7916524448836],[-8.61723366989816,38.7910944338568],[-8.61758447103402,38.7906590102741],[-8.61730022330004,38.7904755197587],[-8.61505484314979,38.7914820387019],[-8.61413479890713,38.7914396735059],[-8.61396822414872,38.7912187567161],[-8.61414093557454,38.7905993966691],[-8.61505447575143,38.7896815161014],[-8.61518199197636,38.7893578115868],[-8.61530861062042,38.7871541900482],[-8.61517548769947,38.7866468999407],[-8.61483001004804,38.7861220214728],[-8.61393963051351,38.7852208134746],[-8.6137866078669,38.7852583767634],[-8.61378834835006,38.7855169068614],[-8.61463647200042,38.7871459060591],[-8.6145861655732,38.7884295649519],[-8.61275783488754,38.7918360126174],[-8.61223836974362,38.7935001746583],[-8.61200575710709,38.7957390870387],[-8.61147951099622,38.7963964664959],[-8.61115000334015,38.7964993288402],[-8.61047735853863,38.7964282653766],[-8.6102430060064,38.7966134820729],[-8.61202123651426,38.7980463945011],[-8.61231227292541,38.7992453690163],[-8.61347772060834,38.800717699051],[-8.61326659577848,38.8008847471567],[-8.61293656964754,38.8009045728542],[-8.61276908205987,38.8010815559302],[-8.6104142912512,38.801552752038],[-8.60809302674195,38.8022265955838],[-8.60669282146048,38.8025829449157],[-8.60561925235427,38.8024304287898],[-8.60471570493329,38.8030338987928],[-8.6045697237068,38.8032552197214],[-8.60463801799759,38.796763969691],[-8.60534165118398,38.7949042447595],[-8.60563496897425,38.7919005330621],[-8.60696837020623,38.7905637742061],[-8.6079873900238,38.7890531126454],[-8.60941226905834,38.7880312755923],[-8.61204175816671,38.7865139778382],[-8.61270553122939,38.7854251618833],[-8.61247267769563,38.784059740721],[-8.61309473992434,38.7834265441136],[-8.61313289027371,38.7824453942549],[-8.61227868928258,38.7818182716954],[-8.61008350857215,38.7813542847472],[-8.60927385611782,38.7806919250789],[-8.6073743051676,38.7775815207812],[-8.60656472059937,38.7769191414884],[-8.60605673878304,38.7768058658001],[-8.60617660271673,38.7755965658317],[-8.60637780986247,38.7751346047612],[-8.60683095195379,38.7746151573277],[-8.6055031149521,38.7733733127839],[-8.60569194290207,38.7724719852855],[-8.60674029759035,38.771242620296],[-8.60694192034948,38.7704951761523],[-8.60739109284147,38.7696981892359],[-8.6079217096769,38.7689896241048],[-8.60805803947501,38.7688718863509],[-8.60852566923937,38.7684680245992],[-8.60877694119014,38.7682587227514],[-8.60889148728373,38.7681171491095],[-8.60896485127435,38.7678445111456],[-8.60930999191729,38.7665618812737],[-8.60975431520891,38.7659406687223],[-8.61167856471065,38.7647864486242],[-8.61270310585634,38.7644586727729],[-8.61342248142845,38.7643817554331],[-8.61411974062348,38.7645267920054],[-8.61453484748897,38.7648301521409],[-8.61480688357302,38.7652666809397],[-8.61520419894891,38.7657739748477],[-8.61543383671741,38.7660671761206],[-8.61556056724546,38.7661521790458],[-8.61563619013247,38.7662647484703],[-8.61577219582438,38.7667086573021],[-8.61555749074678,38.7670607845019],[-8.61419455386805,38.7679352886571],[-8.61344606763479,38.7689366464914],[-8.61203625419427,38.769866781388],[-8.61232156319661,38.7701798789831],[-8.61262825119629,38.7701601329808],[-8.61387361697354,38.7693415943771],[-8.61643705668107,38.7679999601144],[-8.61839659835249,38.7681027444885],[-8.6187259708044,38.7682936485364],[-8.61933771192766,38.7697515416172],[-8.61948730696623,38.7709248087324],[-8.61987847474746,38.7712135209036],[-8.62021185763556,38.7716557434103],[-8.62024455763096,38.7726630485407],[-8.61882890247587,38.7730293087837],[-8.6186176422272,38.7731965388454],[-8.61930941123993,38.7742842042109],[-8.61992636829713,38.7747806889318],[-8.6190787978806,38.7750744884553],[-8.61804145904424,38.7752266731701],[-8.61615280219557,38.7751236165779],[-8.61525854668532,38.7754969961687],[-8.61561514786278,38.7758836732558],[-8.61653663388729,38.7760462146353],[-8.61868352417045,38.7759448711914],[-8.61896822240546,38.7761654881411],[-8.61896935334653,38.7763318419032],[-8.61819535208687,38.7770374427755],[-8.61672648222426,38.779686730172],[-8.61703429122761,38.7798333181769],[-8.61752839044862,38.7796094638629],[-8.61805010389273,38.7799769713904],[-8.61830845245162,38.7797910535363],[-8.6191895387203,38.7774769158168],[-8.61972641196178,38.77660594028],[-8.62073562434668,38.7757884403487],[-8.62280195430841,38.7777075622397],[-8.62557839535891,38.7799139219194],[-8.62619187132204,38.7798928443557],[-8.62702869416846,38.7796335846017],[-8.6273571692341,38.7797434494286],[-8.62744618192042,38.7797732218839],[-8.62798183868907,38.7804547428006],[-8.62785353698523,38.7806678113267],[-8.62567146084196,38.7821435530709],[-8.6236797715553,38.784034278338],[-8.62218519400032,38.7863321950156],[-8.62234143162566,38.786747355343],[-8.62264834938732,38.7867645508579],[-8.62324790399208,38.7864386203722],[-8.62408773942648,38.7850212900481],[-8.62649334706775,38.782571648404],[-8.62785624034606,38.7817342321124],[-8.62924565671745,38.7813217459139],[-8.62951779682596,38.7814314744336],[-8.63073052374932,38.782756931316],[-8.62933695666121,38.7837673461642],[-8.62861067343389,38.7845281558709],[-8.62752806427305,38.7866580581031],[-8.6275426121242,38.787055336245],[-8.62782707917952,38.787238945122],[-8.62827476227603,38.7871353990329],[-8.62850914958813,38.7869033862299],[-8.62941039119939,38.7848204493524],[-8.63072429448358,38.783724473499],[-8.63128968766681,38.7835834537919],[-8.63211593946721,38.7836261216545],[-8.63485704970878,38.7846483693747],[-8.63607899049108,38.7855851174035],[-8.63656406904508,38.7857677405147],[-8.63747736915883,38.7864379741671],[-8.63974410164161,38.7866036205156],[-8.64035899257182,38.7867856541259],[-8.6416571627558,38.7869188288963],[-8.64252465853324,38.7869658286092],[-8.64335029400871,38.7874139482241],[-8.64352907724522,38.7875004973542],[-8.64387525074756,38.7877592530436],[-8.64457480378313,38.788282144464],[-8.64527657056785,38.7891010905903],[-8.64550563549474,38.7897928025098],[-8.64589797428344,38.7902251787801],[-8.64605621044845,38.7909079679607],[-8.6465828553042,38.7919725026862],[-8.64631721522355,38.792758757877],[-8.6464765909732,38.793598557699],[-8.64767886721494,38.7951135960961],[-8.64784139487663,38.7963874810859],[-8.64719084760437,38.7977804702727],[-8.64652584082632,38.798806807632],[-8.64644671569414,38.7992874403172],[-8.64638990082682,38.7999139384794],[-8.64687099554575,38.8011956526484],[-8.64713191051511,38.8013884703954],[-8.64939756035416,38.801800586422],[-8.64983617028283,38.802094202085],[-8.65142132343017,38.8043187013243],[-8.6532226636449,38.8073743730719],[-8.65375684489226,38.8078245633541],[-8.65415877309301,38.8079336092953],[-8.65478377613311,38.8078938643164],[-8.65525885962374,38.8083258451726],[-8.65634245622041,38.8096879439502],[-8.65634475799998,38.8100019666313],[-8.65592723408345,38.8106670272758],[-8.65496956773815,38.8103942362812],[-8.65429728512925,38.810424951933],[-8.65397759717135,38.8102693642154],[-8.65282229417921,38.8087782468422],[-8.65218584957908,38.808385770387],[-8.65155896164929,38.808166894647],[-8.64992955209895,38.8079894049976],[-8.64888895543837,38.8076615046429],[-8.64827501687529,38.8075995702002],[-8.64513090469733,38.8079366886755],[-8.64358891485035,38.8084329678125],[-8.64252357043549,38.8089363870964],[-8.6417573009649,38.8090228573567],[-8.6411995840086,38.8085727153908],[-8.64089761671797,38.8075871704813],[-8.6401826852654,38.8065933060874],[-8.6392226457775,38.8059697540606],[-8.63823678770141,38.8058632599759],[-8.6380533173197,38.8058176682293],[-8.63774067122467,38.8057399739417],[-8.63762121599643,38.8056888803931],[-8.63750547172737,38.8056187368449]]]}},{"type":"Feature","id":"CRUS_Montijo_V.36918","properties":{"AREA_HA":126.000216367429,"Autor":"DGT","Categoria_2021":"Espaço Natural e Paisagístico","Classe_2021":"Solo Rústico","DTCC":"1507","Data_Pub_Origem":"1997-02-01T00:00:00","Designacao_no_plano":"Espaço aquícola  - Albufeira","Escala_origem":"1/25000","Fonte":"AML - Vectorial","ID1":36918,"Municipio":"MONTIJO"},"geometry":{"type":"Polygon","coordinates":[[[-8.64352244241446,38.7869167040757],[-8.64230627372832,38.7865416620078],[-8.64056159211833,38.786429715863],[-8.64000768656465,38.7860445503616],[-8.63943911084377,38.785649167622],[-8.63873059642013,38.7853844812925],[-8.63786341580095,38.785245436078],[-8.63685670182713,38.7847142691922],[-8.63344512602472,38.7825441203924],[-8.63117502956651,38.78060811572],[-8.63012735730647,38.7794219889253],[-8.62804004338133,38.7775208503904],[-8.62773893196707,38.7768259490612],[-8.62652310373795,38.7756886583122],[-8.62533097060985,38.774676213284],[-8.62446173582893,38.7742157629365],[-8.62377322989892,38.7735224825461],[-8.62367845852611,38.7729963573501],[-8.62323895180279,38.7720521174159],[-8.62240960484413,38.7707525010487],[-8.62178012374072,38.7686844625767],[-8.62090866816647,38.7678848263657],[-8.62015482390138,38.7676202161179],[-8.61936630762668,38.7671343473859],[-8.61753300021504,38.7655411634209],[-8.61742736853558,38.7654807680546],[-8.61729132564195,38.7653379299334],[-8.61497843613761,38.7638830853841],[-8.61335069918107,38.7623905589021],[-8.61223036931177,38.7618061815083],[-8.61122611438819,38.7615425871333],[-8.61010355175712,38.7606190838136],[-8.608771159727,38.7597961896283],[-8.60734444303212,38.7589116162091],[-8.60627084692226,38.7584876213966],[-8.60207142775973,38.757362312759],[-8.6012485966682,38.7569551074747],[-8.60022340924038,38.7569592188737],[-8.59953891496014,38.7568013295587],[-8.59890714891965,38.7563576533579],[-8.59742612217994,38.756327862303],[-8.59642489012272,38.7565103292023],[-8.59544954692446,38.7571745769489],[-8.59438087357021,38.7575000799182],[-8.59135351917083,38.7579225221922],[-8.58951469050307,38.7575370768805],[-8.58862335436683,38.7570943609888],[-8.58771060152826,38.7568658964389],[-8.58440601711504,38.7566824064641],[-8.58301452758951,38.7564022131464],[-8.58196411374186,38.7560136033283],[-8.57995030126985,38.7545756462623],[-8.57739998223161,38.7533181759403],[-8.57652999936757,38.7526254128458],[-8.57588761269955,38.7518960804367],[-8.57506510288462,38.7515065427788],[-8.57408566423587,38.7515280967794],[-8.5722703872471,38.7526950804086],[-8.5713382474938,38.7530020050697],[-8.57051880605393,38.7531121695864],[-8.56929479876503,38.7530132722319],[-8.56721655924927,38.7521643235209],[-8.5654751067936,38.7504930633717],[-8.56442899275033,38.7500585911911],[-8.56094666218277,38.748635349506],[-8.55813993604132,38.7466717713329],[-8.55746680204972,38.7464926309183],[-8.55693646807627,38.7469485284824],[-8.55570499363548,38.7464082397851],[-8.55162967982434,38.745823703145],[-8.54940039884968,38.7450508615362],[-8.54772722463575,38.7442578403805],[-8.54556451412383,38.7429580882554],[-8.54491720164215,38.742691559689],[-8.54407037094067,38.7421935489096],[-8.54299046983316,38.7417305648409],[-8.54143475846315,38.7413759112332],[-8.53978081650741,38.7416850650582],[-8.53552474854664,38.7421638226228],[-8.53438485501287,38.7419536049175],[-8.53260531712283,38.7413886626633],[-8.5303486491057,38.7410216147578],[-8.52674973072123,38.7396704684888],[-8.52521982850287,38.7389261119354],[-8.52320880596237,38.7376479814483],[-8.51996547361547,38.7358742453949],[-8.51919685001698,38.7356596096742],[-8.51673663582106,38.7355072111776],[-8.51484296706053,38.734835654427],[-8.51383704955103,38.7346552979043],[-8.51103338040673,38.7345541112579],[-8.51103610137066,38.7344161439989],[-8.51107512051273,38.7340436248442],[-8.51309061732185,38.7341026947058],[-8.51324577162373,38.7341043954938],[-8.51372959103493,38.7341097071028],[-8.51637045777813,38.7347438400861],[-8.51878548864505,38.7349678658358],[-8.5214537343777,38.7356906665976],[-8.52235548582676,38.7360927950048],[-8.52438989407763,38.7374957769496],[-8.52605712700647,38.7383735138918],[-8.52975476790581,38.7398867875149],[-8.53278194531707,38.740799094592],[-8.53579063925725,38.7412527246393],[-8.53891021119248,38.7411705254127],[-8.54043643823716,38.7412365813858],[-8.54129224975147,38.7411443628956],[-8.54193052465737,38.7412491955787],[-8.54301360792502,38.7415352970612],[-8.54453070746992,38.7419360248546],[-8.54504220829745,38.742246608251],[-8.54527533078976,38.7423881559551],[-8.54584018523061,38.742539464656],[-8.54928050831807,38.7443612575003],[-8.55134124229197,38.7452382887558],[-8.55257097111946,38.745488094575],[-8.5533820687994,38.7454851731727],[-8.55509856957995,38.7457513471791],[-8.55571813547483,38.7454907163033],[-8.55699336410898,38.7455949753879],[-8.55861977446529,38.7462968547004],[-8.56085461784204,38.7479765258931],[-8.56208649431726,38.7485709052895],[-8.56373477834306,38.7490367036072],[-8.5647862220342,38.7495853660244],[-8.56581712359923,38.7505213497147],[-8.56732274282024,38.7518830229728],[-8.56924297187761,38.7527866539289],[-8.56989995396641,38.7528645546335],[-8.57119888636832,38.7528061000328],[-8.57169942554699,38.7526524242777],[-8.57242444632534,38.7519353421312],[-8.57307191862075,38.7515846590949],[-8.57394436844568,38.7513045474725],[-8.5751867347444,38.7513177058952],[-8.57612403538707,38.7517606111594],[-8.57666389722896,38.7524371945312],[-8.57753204319364,38.7531179198408],[-8.57913192821945,38.7537993726731],[-8.58208137448789,38.755758793011],[-8.58310973157053,38.7561655749199],[-8.58439917126795,38.756401689244],[-8.58759729825378,38.7565589223504],[-8.58839603767592,38.7566986719167],[-8.58971047281453,38.7572739433254],[-8.5907496085757,38.7575734656332],[-8.59174507644277,38.7576320599893],[-8.59434180353537,38.7573182198548],[-8.59529729734366,38.7570197665417],[-8.59631829298524,38.756274572829],[-8.59738838396499,38.756073870368],[-8.5989157532259,38.7560856403733],[-8.59954564465411,38.7565474482589],[-8.60023090164824,38.7567590045412],[-8.60134327422223,38.7567456159678],[-8.60254325523037,38.7572319061433],[-8.60634301060857,38.758213981488],[-8.60813747752703,38.7591442800222],[-8.60901018900605,38.7592628783198],[-8.61009575269624,38.7596246524326],[-8.61114988455322,38.7603974176814],[-8.61230695987014,38.761504279724],[-8.6132108963545,38.7620184656506],[-8.61560600487364,38.7639105318973],[-8.61666966752393,38.7645162078924],[-8.61744207781019,38.7650919144528],[-8.61761884398294,38.765223663143],[-8.61774622635932,38.7653291777298],[-8.61784037759981,38.7654242689681],[-8.61983688747767,38.767250253442],[-8.62100266589064,38.7677185689615],[-8.6214266943226,38.7680560607194],[-8.622194162303,38.7689412010455],[-8.62245562201509,38.7705024984352],[-8.62368525384597,38.7722883118934],[-8.6239297638695,38.7730372310041],[-8.62439006143332,38.7736691822361],[-8.62730819306716,38.7759710198143],[-8.62784777355486,38.7765222611143],[-8.62809234201511,38.7772711805011],[-8.62851720291544,38.7777157737662],[-8.63004214898954,38.7789815392933],[-8.63228880800146,38.7812280623631],[-8.63572380178931,38.7838354613856],[-8.63796509640969,38.7851167768455],[-8.63970003990182,38.7854038738231],[-8.64013277407197,38.7859045277241],[-8.64084335706846,38.7863355996162],[-8.64273064170079,38.7864114993774],[-8.64359613472794,38.7867717055182],[-8.64375470534071,38.7868311672629],[-8.64385395952464,38.7868767328777],[-8.64385740653612,38.7868701167464],[-8.64388866086628,38.7868926622957],[-8.64609691100685,38.7884855760602],[-8.64835663555862,38.7897914346235],[-8.6489557282368,38.7906635987399],[-8.64909948373294,38.7916270358586],[-8.64958485632539,38.7925354071052],[-8.65259400759862,38.7962248856407],[-8.65333010178021,38.8002385817705],[-8.65295807163007,38.802382627824],[-8.65273329318279,38.8028299621438],[-8.65376780332908,38.8039751782556],[-8.65393342666833,38.8047956890481],[-8.65479020033693,38.8065771785014],[-8.65488807818075,38.8074872580689],[-8.65647715616382,38.8096046646397],[-8.65659693705472,38.8103896685299],[-8.65774553777322,38.8117848080788],[-8.65933113995331,38.8134234930083],[-8.66071016470114,38.8146444665787],[-8.66219729055939,38.8156569322262],[-8.66451530031801,38.8178511920194],[-8.66889090424975,38.8203479722571],[-8.67125903241162,38.8203630154787],[-8.67244060149498,38.8207943557163],[-8.67340502284712,38.8214970887987],[-8.67491466185876,38.8218228858657],[-8.67641402851092,38.821690041221],[-8.67778872677274,38.822286828891],[-8.67882101975848,38.8223674923307],[-8.67947472947434,38.8224185701546],[-8.67961957947393,38.8224793718243],[-8.67977769315976,38.8225546905974],[-8.68064247764006,38.8227207773282],[-8.68206908047694,38.8229947482324],[-8.68357191770782,38.8234193632463],[-8.68480632951019,38.8235799304719],[-8.68659493092511,38.8245282489037],[-8.68888396359692,38.8263893531215],[-8.6899123529942,38.8282356492738],[-8.69086395134691,38.830768692524],[-8.69068430548259,38.8323295491005],[-8.69099948277578,38.8330692339409],[-8.69056928533779,38.8327369659535],[-8.69025201600782,38.8319321725149],[-8.69006155564925,38.830772772136],[-8.68979842528613,38.8302627168219],[-8.68867403056486,38.8289701041741],[-8.68753161065935,38.8279191918163],[-8.68612439434109,38.8269032321786],[-8.6852403349494,38.8265141041321],[-8.68345131932905,38.8263848964109],[-8.68168535626044,38.8258818985784],[-8.67993671008694,38.8247593397426],[-8.67965240386262,38.8246142858108],[-8.67643164331696,38.82281909468],[-8.67563496477519,38.8226109672543],[-8.67472748390824,38.822536521506],[-8.67382268780302,38.8228160476123],[-8.67296822488778,38.8228986736883],[-8.67060558774262,38.8222802746437],[-8.66795368855636,38.821092831399],[-8.66679084352226,38.8207541951987],[-8.66554156764136,38.8200125879741],[-8.6649923365707,38.8193267762327],[-8.66306639359506,38.8181752351993],[-8.66092810989811,38.8160021656311],[-8.66025406628078,38.8151186692817],[-8.66013360678235,38.8149607645754],[-8.65920652211219,38.8138752061202],[-8.65828173011222,38.8127922681636],[-8.65641715782854,38.8104440370462],[-8.65634475799998,38.8100019666313],[-8.65634245622041,38.8096879439502],[-8.65525885962374,38.8083258451726],[-8.65478377613311,38.8078938643164],[-8.65454892627757,38.8075780348163],[-8.6542866044173,38.8060081322493],[-8.65375840046094,38.8051892419692],[-8.65331505180202,38.8038094546433],[-8.65246679079479,38.8031883763647],[-8.65246367353225,38.8027599113728],[-8.6529529875548,38.8010616771707],[-8.65289568128627,38.7994551379647],[-8.65263056894743,38.7974924602733],[-8.6522093769039,38.7960125174415],[-8.64917578353145,38.7927196650467],[-8.64873434084639,38.7915790081782],[-8.64847452844965,38.7903304253769],[-8.64790030227118,38.7897438081451],[-8.64679909992225,38.7891141378427],[-8.64560934830119,38.788530534916],[-8.64379606430838,38.7869878753372],[-8.64362319142807,38.786948846835],[-8.64352244241446,38.7869167040757]]]}},{"type":"Feature","id":"CRUS_Montijo_V.36919","properties":{"AREA_HA":362.659129527847,"Autor":"DGT","Categoria_2021":"Espaço Agrícola","Classe_2021":"Solo Rústico","DTCC":"1507","Data_Pub_Origem":"1997-02-01T00:00:00","Designacao_no_plano":"Espaço agrícola - Área agrícola da RAN","Escala_origem":"1/25000","Fonte":"AML - Vectorial","ID1":36919,"Municipio":"MONTIJO"},"geometry":{"type":"Polygon","coordinates":[[[-8.64252465853324,38.7869658286092],[-8.6416571627558,38.7869188288963],[-8.64035899257182,38.7867856541259],[-8.63974410164161,38.7866036205156],[-8.63747736915883,38.7864379741671],[-8.63656406904508,38.7857677405147],[-8.63607899049108,38.7855851174035],[-8.63485704970878,38.7846483693747],[-8.63211593946721,38.7836261216545],[-8.63128968766681,38.7835834537919],[-8.63072429448358,38.783724473499],[-8.62941039119939,38.7848204493524],[-8.62850914958813,38.7869033862299],[-8.62827476227603,38.7871353990329],[-8.62782707917952,38.787238945122],[-8.6275426121242,38.787055336245],[-8.62752806427305,38.7866580581031],[-8.62861067343389,38.7845281558709],[-8.62933695666121,38.7837673461642],[-8.63073052374932,38.782756931316],[-8.62951779682596,38.7814314744336],[-8.62924565671745,38.7813217459139],[-8.62785624034606,38.7817342321124],[-8.62649334706775,38.782571648404],[-8.62408773942648,38.7850212900481],[-8.62324790399208,38.7864386203722],[-8.62264834938732,38.7867645508579],[-8.62234143162566,38.786747355343],[-8.62218519400032,38.7863321950156],[-8.6236797715553,38.784034278338],[-8.62567146084196,38.7821435530709],[-8.62785353698523,38.7806678113267],[-8.62798183868907,38.7804547428006],[-8.62744618192042,38.7797732218839],[-8.6273571692341,38.7797434494286],[-8.62702869416846,38.7796335846017],[-8.62684553842928,38.7795927802271],[-8.62395397510231,38.7770687923343],[-8.6229309678404,38.7758716506442],[-8.62229087539599,38.775449216687],[-8.62162985448604,38.7754150199287],[-8.62073562434668,38.7757884403487],[-8.61972641196178,38.77660594028],[-8.6191895387203,38.7774769158168],[-8.61830845245162,38.7797910535363],[-8.61805010389273,38.7799769713904],[-8.61752839044862,38.7796094638629],[-8.61703429122761,38.7798333181769],[-8.61672648222426,38.779686730172],[-8.61819535208687,38.7770374427755],[-8.61896935334653,38.7763318419032],[-8.61896822240546,38.7761654881411],[-8.61868352417045,38.7759448711914],[-8.61653663388729,38.7760462146353],[-8.61561514786278,38.7758836732558],[-8.61525854668532,38.7754969961687],[-8.61615280219557,38.7751236165779],[-8.61804145904424,38.7752266731701],[-8.6190787978806,38.7750744884553],[-8.61992636829713,38.7747806889318],[-8.62037285624812,38.7745015673777],[-8.62055786552936,38.7739462822122],[-8.62026693306465,38.7728107482747],[-8.62024455763096,38.7726630485407],[-8.62021185763556,38.7716557434103],[-8.61987847474746,38.7712135209036],[-8.61948730696623,38.7709248087324],[-8.61933771192766,38.7697515416172],[-8.6187259708044,38.7682936485364],[-8.61839659835249,38.7681027444885],[-8.61643705668107,38.7679999601144],[-8.61387361697354,38.7693415943771],[-8.61262825119629,38.7701601329808],[-8.61232156319661,38.7701798789831],[-8.61203625419427,38.769866781388],[-8.61344606763479,38.7689366464914],[-8.61419455386805,38.7679352886571],[-8.61555749074678,38.7670607845019],[-8.61577219582438,38.7667086573021],[-8.61563619013247,38.7662647484703],[-8.61556056724546,38.7661521790458],[-8.61543383671741,38.7660671761206],[-8.61520419894891,38.7657739748477],[-8.61480688357302,38.7652666809397],[-8.61453484748897,38.7648301521409],[-8.61411974062348,38.7645267920054],[-8.61342248142845,38.7643817554331],[-8.61270310585634,38.7644586727729],[-8.61167856471065,38.7647864486242],[-8.60975431520891,38.7659406687223],[-8.60930999191729,38.7665618812737],[-8.60896485127435,38.7678445111456],[-8.60889148728373,38.7681171491095],[-8.60877694119014,38.7682587227514],[-8.60852566923937,38.7684680245992],[-8.60805803947501,38.7688718863509],[-8.6079217096769,38.7689896241048],[-8.60739109284147,38.7696981892359],[-8.60694192034948,38.7704951761523],[-8.60674029759035,38.771242620296],[-8.60569194290207,38.7724719852855],[-8.6055031149521,38.7733733127839],[-8.60525276866504,38.7738957978314],[-8.60486468272708,38.7741192797717],[-8.60459269077002,38.7740464069848],[-8.60454431920276,38.7738709292033],[-8.60545719000407,38.771709466102],[-8.60612484228152,38.769750022183],[-8.60583334988107,38.7694491582954],[-8.60538263763942,38.7694394546399],[-8.60508981989064,38.7694257418096],[-8.60456331435326,38.7696282255269],[-8.60330549243235,38.7705098535072],[-8.60287305041996,38.7708641140654],[-8.60279250503496,38.7707650457601],[-8.60270664157795,38.7705127719782],[-8.6029158946857,38.7700218872218],[-8.60344329871959,38.7696258145609],[-8.60710202366569,38.7677617867977],[-8.60767741390426,38.7673100206983],[-8.60804922434736,38.7664208782839],[-8.61054936312539,38.764321060138],[-8.61183832016133,38.7636167018864],[-8.6127814909819,38.7634556453663],[-8.61293237876656,38.7630759330574],[-8.61273011745622,38.7628363689795],[-8.60935498695212,38.7607928722655],[-8.6079828961327,38.7603454037688],[-8.60672671422578,38.7595738449355],[-8.6061118327356,38.7594006678205],[-8.6039926807365,38.7594924615373],[-8.60293389722839,38.7600145117114],[-8.60205503226094,38.7609796431142],[-8.60177963796628,38.7603797562651],[-8.60277456717571,38.7591182827234],[-8.6028652771617,38.7585539091722],[-8.60274641513889,38.7584249427943],[-8.60160149871075,38.7584110564869],[-8.60037309605138,38.757725253545],[-8.59798718757385,38.7574389144888],[-8.59579832797731,38.7575123441231],[-8.5952091284741,38.757653368533],[-8.58955875838975,38.7599501721921],[-8.58875743659751,38.7601474738263],[-8.58706576755958,38.7602835183337],[-8.58605293794751,38.7606295630104],[-8.58434369157504,38.7609690545023],[-8.58351525078089,38.7606116598226],[-8.58312885646731,38.7611031957277],[-8.58283373505158,38.7610950830553],[-8.58256082520264,38.7608649814339],[-8.58217873228159,38.7601637590391],[-8.58177853269006,38.759776956514],[-8.58137644121125,38.7596490588179],[-8.58106999727441,38.7597149593237],[-8.58097697012401,38.7599372285751],[-8.58189009666539,38.7606271695317],[-8.58168476602805,38.7617615070084],[-8.58230181853586,38.7622861609917],[-8.58273165336463,38.7630704236102],[-8.58260420352083,38.7634499981408],[-8.58233436601521,38.7637099370596],[-8.58201557865842,38.7636926719383],[-8.58135055696598,38.7630479979274],[-8.58062814665564,38.762662439534],[-8.57957702885859,38.7606693180722],[-8.57887694494066,38.7600710018662],[-8.57886173835281,38.7595255359669],[-8.57851590653011,38.7589535990551],[-8.57809189071516,38.7587175515536],[-8.57741888269589,38.758673880582],[-8.57621788332418,38.7591315175763],[-8.57555558800995,38.7589121208541],[-8.57521329242151,38.7585278149281],[-8.57456580672133,38.7568844627506],[-8.57342554351562,38.7557052689052],[-8.56998067679948,38.7543121625469],[-8.56974801448976,38.7542584546664],[-8.56892185010551,38.7544270135494],[-8.56734764640267,38.7553611724719],[-8.56679335502602,38.7559092917135],[-8.56580654811114,38.7579333451551],[-8.56545979784598,38.7582258601083],[-8.56520399784837,38.7581903980992],[-8.56503948995349,38.7578815833932],[-8.56486892557491,38.7565716957807],[-8.56451745376306,38.7560815472589],[-8.56400544176933,38.7559378266657],[-8.56374866171679,38.7557385550143],[-8.56374690716782,38.7554473331123],[-8.56416236489294,38.7549907579005],[-8.56539218166819,38.7547313768032],[-8.56594790847233,38.7544198892376],[-8.56636378630327,38.7540361078837],[-8.56652376537195,38.7535986699034],[-8.56633558505198,38.7532171331485],[-8.56393176732083,38.7514240710786],[-8.56332843235465,38.7507782995364],[-8.56276934219825,38.7505255343797],[-8.56232476407884,38.749999320095],[-8.55885598332095,38.7487925278821],[-8.55694508392296,38.7477983942727],[-8.55417837894477,38.746648954546],[-8.55289952821718,38.7464533456644],[-8.55120018092391,38.745858789825],[-8.55022355854875,38.7456984782673],[-8.54746376224545,38.7449146963657],[-8.54667383211608,38.7448993054499],[-8.54570322050693,38.7457764241784],[-8.54530903277331,38.7459052280253],[-8.54509944039016,38.7458149617257],[-8.54491107984507,38.7453787922685],[-8.54580676262231,38.7435918466146],[-8.54575872958661,38.743318992431],[-8.54305867397489,38.7423820284674],[-8.54259211043074,38.7420378319032],[-8.54154544162689,38.7418048813507],[-8.53841499287372,38.7427805059009],[-8.53779141052862,38.7434197290906],[-8.53730904226353,38.7443860996935],[-8.53687064997677,38.74491547128],[-8.53680724028427,38.746026001344],[-8.53671533950873,38.7462083362824],[-8.53636749986146,38.7463187446048],[-8.5360182235828,38.7461743376162],[-8.53573678414727,38.7457020651489],[-8.53575622534443,38.7450285392788],[-8.53554500808797,38.7446470313706],[-8.53572448149787,38.7435179047468],[-8.53551357650134,38.7431909928002],[-8.53514077577837,38.7429920668537],[-8.53393407726405,38.74321464089],[-8.5282602106896,38.7451269978168],[-8.52740169390492,38.7453119216187],[-8.52695962396621,38.745186007622],[-8.52686499195014,38.7448768927628],[-8.52753455076877,38.7441283584653],[-8.52999408783019,38.7436103617729],[-8.53198736471114,38.742802679594],[-8.53289262159149,38.7418530868828],[-8.53028773028644,38.7412795337435],[-8.52816978036272,38.7405404609118],[-8.52111240913158,38.7377107571463],[-8.51965494454421,38.7368631061175],[-8.51893331905599,38.7365742675021],[-8.51828334360482,38.7366492207261],[-8.51782105040233,38.7370693870099],[-8.5173655984817,38.7387636626314],[-8.51722788897699,38.7390735429498],[-8.51688093237683,38.7393477102283],[-8.51634209576328,38.738493999095],[-8.51652509052134,38.737965553339],[-8.51698808140593,38.7376727988947],[-8.51682556403212,38.7363992093257],[-8.51655139234347,38.736217663034],[-8.51489929513362,38.7357136196899],[-8.5135735145629,38.7354086274575],[-8.51227135128686,38.7351763381675],[-8.51102196668871,38.7351320325541],[-8.51103338040673,38.7345541112579],[-8.51383704955103,38.7346552979043],[-8.51484296706053,38.734835654427],[-8.51673663582106,38.7355072111776],[-8.51919685001698,38.7356596096742],[-8.51996547361547,38.7358742453949],[-8.52320880596237,38.7376479814483],[-8.52521982850287,38.7389261119354],[-8.52674973072123,38.7396704684888],[-8.5303486491057,38.7410216147578],[-8.53260531712283,38.7413886626633],[-8.53438485501287,38.7419536049175],[-8.53552474854664,38.7421638226228],[-8.53978081650741,38.7416850650582],[-8.54143475846315,38.7413759112332],[-8.54299046983316,38.7417305648409],[-8.54407037094067,38.7421935489096],[-8.54491720164215,38.742691559689],[-8.54556451412383,38.7429580882554],[-8.54772722463575,38.7442578403805],[-8.54940039884968,38.7450508615362],[-8.55162967982434,38.745823703145],[-8.55570499363548,38.7464082397851],[-8.55693646807627,38.7469485284824],[-8.55746680204972,38.7464926309183],[-8.55813993604132,38.7466717713329],[-8.56094666218277,38.748635349506],[-8.56442899275033,38.7500585911911],[-8.5654751067936,38.7504930633717],[-8.56721655924927,38.7521643235209],[-8.56929479876503,38.7530132722319],[-8.57051880605393,38.7531121695864],[-8.5713382474938,38.7530020050697],[-8.5722703872471,38.7526950804086],[-8.57408566423587,38.7515280967794],[-8.57506510288462,38.7515065427788],[-8.57588761269955,38.7518960804367],[-8.57652999936757,38.7526254128458],[-8.57739998223161,38.7533181759403],[-8.57995030126985,38.7545756462623],[-8.58196411374186,38.7560136033283],[-8.58301452758951,38.7564022131464],[-8.58440601711504,38.7566824064641],[-8.58771060152826,38.7568658964389],[-8.58862335436683,38.7570943609888],[-8.58951469050307,38.7575370768805],[-8.59135351917083,38.7579225221922],[-8.59438087357021,38.7575000799182],[-8.59544954692446,38.7571745769489],[-8.59642489012272,38.7565103292023],[-8.59742612217994,38.756327862303],[-8.59890714891965,38.7563576533579],[-8.59953891496014,38.7568013295587],[-8.60022340924038,38.7569592188737],[-8.6012485966682,38.7569551074747],[-8.60207142775973,38.757362312759],[-8.60627084692226,38.7584876213966],[-8.60734444303212,38.7589116162091],[-8.608771159727,38.7597961896283],[-8.61010355175712,38.7606190838136],[-8.61122611438819,38.7615425871333],[-8.61223036931177,38.7618061815083],[-8.61335069918107,38.7623905589021],[-8.61497843613761,38.7638830853841],[-8.61729132564195,38.7653379299334],[-8.61742736853558,38.7654807680546],[-8.61753300021504,38.7655411634209],[-8.61936630762668,38.7671343473859],[-8.62015482390138,38.7676202161179],[-8.62090866816647,38.7678848263657],[-8.62178012374072,38.7686844625767],[-8.62240960484413,38.7707525010487],[-8.62323895180279,38.7720521174159],[-8.62367845852611,38.7729963573501],[-8.62377322989892,38.7735224825461],[-8.62446173582893,38.7742157629365],[-8.62533097060985,38.774676213284],[-8.62652310373795,38.7756886583122],[-8.62773893196707,38.7768259490612],[-8.62804004338133,38.7775208503904],[-8.63012735730647,38.7794219889253],[-8.63117502956651,38.78060811572],[-8.63344512602472,38.7825441203924],[-8.63685670182713,38.7847142691922],[-8.63786341580095,38.785245436078],[-8.63873059642013,38.7853844812925],[-8.63943911084377,38.785649167622],[-8.64000768656465,38.7860445503616],[-8.64056159211833,38.786429715863],[-8.64230627372832,38.7865416620078],[-8.64352244241446,38.7869167040757],[-8.64362319142807,38.786948846835],[-8.64379606430838,38.7869878753372],[-8.64560934830119,38.788530534916],[-8.64679909992225,38.7891141378427],[-8.64790030227118,38.7897438081451],[-8.64847452844965,38.7903304253769],[-8.64873434084639,38.7915790081782],[-8.64917578353145,38.7927196650467],[-8.6522093769039,38.7960125174415],[-8.65263056894743,38.7974924602733],[-8.65289568128627,38.7994551379647],[-8.6529529875548,38.8010616771707],[-8.65246367353225,38.8027599113728],[-8.65246679079479,38.8031883763647],[-8.65331505180202,38.8038094546433],[-8.65375840046094,38.8051892419692],[-8.6542866044173,38.8060081322493],[-8.65454892627757,38.8075780348163],[-8.65478377613311,38.8078938643164],[-8.65415877309301,38.8079336092953],[-8.65375684489226,38.8078245633541],[-8.6532226636449,38.8073743730719],[-8.65142132343017,38.8043187013243],[-8.64983617028283,38.802094202085],[-8.64939756035416,38.801800586422],[-8.64713191051511,38.8013884703954],[-8.64687099554575,38.8011956526484],[-8.64638990082682,38.7999139384794],[-8.64644671569414,38.7992874403172],[-8.64652584082632,38.798806807632],[-8.64719084760437,38.7977804702727],[-8.64784139487663,38.7963874810859],[-8.64767886721494,38.7951135960961],[-8.6464765909732,38.793598557699],[-8.64631721522355,38.792758757877],[-8.6465828553042,38.7919725026862],[-8.64605621044845,38.7909079679607],[-8.64589797428344,38.7902251787801],[-8.64550563549474,38.7897928025098],[-8.64527657056785,38.7891010905903],[-8.64457480378313,38.788282144464],[-8.64387525074756,38.7877592530436],[-8.64352907724522,38.7875004973542],[-8.64335029400871,38.7874139482241],[-8.64252465853324,38.7869658286092]]]}},{"type":"Feature","id":"CRUS_Montijo_V.36920","properties":{"AREA_HA":7.67314034122499,"Autor":"DGT","Categoria_2021":"Espaço Agrícola","Classe_2021":"Solo Rústico","DTCC":"1507","Data_Pub_Origem":"1997-02-01T00:00:00","Designacao_no_plano":"Espaço agrícola - Área agrícola não incluído na RAN","Escala_origem":"1/25000","Fonte":"AML - Vectorial","ID1":36920,"Municipio":"MONTIJO"},"geometry":{"type":"Polygon","coordinates":[[[-8.63562898030404,38.7780672924018],[-8.63700661413782,38.7781935117833],[-8.63741167639091,38.7785374310923],[-8.6376489815294,38.7790345799942],[-8.63766684503687,38.7797258439228],[-8.6375806724929,38.7803972276168],[-8.63725891000388,38.780815453073],[-8.63698673316729,38.7817425553992],[-8.63697528104221,38.7818612709533],[-8.63658776246195,38.7815791958791],[-8.63484060218788,38.7802400431312],[-8.63476537002107,38.7799914241271],[-8.63448205028107,38.7793532409132],[-8.63517554624162,38.7782319117034],[-8.63562898030404,38.7780672924018]]]}},{"type":"Feature","id":"CRUS_Montijo_V.36921","properties":{"AREA_HA":71.7964642236698,"Autor":"DGT","Categoria_2021":"Espaço Florestal","Classe_2021":"Solo Rústico","DTCC":"1507","Data_Pub_Origem":"1997-02-01T00:00:00","Designacao_no_plano":"Espaço florestal - Área de floresta de produção","Escala_origem":"1/25000","Fonte":"AML - Vectorial","ID1":36921,"Municipio":"MONTIJO"},"geometry":{"type":"Polygon","coordinates":[[[-8.63736238157287,38.7709742176894],[-8.63750583674948,38.7717308686288],[-8.63909400265711,38.7726723715683],[-8.64013649770793,38.773605417946],[-8.64092158285862,38.7739445737164],[-8.64145512523044,38.7745192172795],[-8.6417399574125,38.7757260043558],[-8.64177697462886,38.7776911330394],[-8.64151343197705,38.7794772699257],[-8.64126527222006,38.7801905374102],[-8.6412265280811,38.7812184311803],[-8.64100081077122,38.7818504750672],[-8.64098932010941,38.7834732417728],[-8.64058057015537,38.784131124016],[-8.64046189775511,38.7842332487415],[-8.63697528104221,38.7818612709533],[-8.63698673316729,38.7817425553992],[-8.63725891000388,38.780815453073],[-8.6375806724929,38.7803972276168],[-8.63766684503687,38.7797258439228],[-8.6376489815294,38.7790345799942],[-8.63741167639091,38.7785374310923],[-8.63700661413782,38.7781935117833],[-8.63562898030404,38.7780672924018],[-8.63517554624162,38.7782319117034],[-8.63448205028107,38.7793532409132],[-8.63476537002107,38.7799914241271],[-8.63484060218788,38.7802400431312],[-8.63410531127704,38.77959463473],[-8.63324794487911,38.7787695873009],[-8.63175209506191,38.777145558936],[-8.63082749699629,38.7765730020917],[-8.63096040487084,38.7765019040571],[-8.63175995046546,38.7756731071094],[-8.63210278011865,38.774542952574],[-8.63353789525786,38.7735809772343],[-8.63510896410951,38.7721954751425],[-8.63736238157287,38.7709742176894]]]}},{"type":"Feature","id":"CRUS_Montijo_V.36922","properties":{"AREA_HA":1.72352998150503,"Autor":"DGT","Categoria_2021":"Não Atribuída","Classe_2021":"Solo Urbano","DTCC":"1507","Data_Pub_Origem":"1997-02-01T00:00:00","Designacao_no_plano":"Espaço urbano - Área urbanizada mista habitacional e equipamento industrial","Escala_origem":"1/25000","Fonte":"AML - Vectorial","ID1":36922,"Municipio":"MONTIJO"},"geometry":{"type":"Polygon","coordinates":[[[-8.62789038014039,38.7721098042116],[-8.62838828499497,38.7733075145235],[-8.62839896633465,38.7738240662418],[-8.62772313476092,38.7737866328059],[-8.62742813208447,38.7737702918536],[-8.62736725526979,38.7737547276212],[-8.62731530541376,38.7737547905718],[-8.62708501635194,38.7728184137403],[-8.62703820805677,38.7721394717461],[-8.62743635424573,38.772124803326],[-8.62789038014039,38.7721098042116]]]}},{"type":"Feature","id":"CRUS_Montijo_V.36923","properties":{"AREA_HA":83.345754191803,"Autor":"DGT","Categoria_2021":"Espaço Agrícola","Classe_2021":"Solo Rústico","DTCC":"1507","Data_Pub_Origem":"1997-02-01T00:00:00","Designacao_no_plano":"Espaço agrícola - Área agrícola não incluído na RAN","Escala_origem":"1/25000","Fonte":"AML - Vectorial","ID1":36923,"Municipio":"MONTIJO"},"geometry":{"type":"Polygon","coordinates":[[[-8.62773855697341,38.77419904609],[-8.62731530541376,38.7737547905718],[-8.62736725526979,38.7737547276212],[-8.62742813208447,38.7737702918536],[-8.62772313476092,38.7737866328059],[-8.62839896633465,38.7738240662418],[-8.62838828499497,38.7733075145235],[-8.62789038014039,38.7721098042116],[-8.62743635424573,38.772124803326],[-8.62703820805677,38.7721394717461],[-8.62708501635194,38.7728184137403],[-8.62731530541376,38.7737547905718],[-8.62717019656833,38.7738395399961],[-8.62659225333666,38.7735998261208],[-8.62528982021279,38.7724695902732],[-8.62409442873648,38.7711934732611],[-8.62622995330483,38.7701360534128],[-8.62640331189768,38.7700502112164],[-8.62652852534076,38.7700174708208],[-8.62672117386704,38.7703670672043],[-8.62694586814295,38.7707959426735],[-8.62702055086107,38.7707775344475],[-8.62707893828586,38.770757700615],[-8.62787985661295,38.7704316413574],[-8.63254940689062,38.768530462808],[-8.63230224041789,38.7677083562522],[-8.63148682467637,38.7668552951346],[-8.63157730770399,38.7665945958532],[-8.6330935188568,38.7651086174071],[-8.63171645068904,38.7641475093391],[-8.6312353021727,38.7638462844367],[-8.63059371510052,38.7634446117175],[-8.63046044361116,38.7633823459845],[-8.63053809370456,38.7632856510801],[-8.63165911597228,38.7619843350546],[-8.63233611060801,38.7611930098021],[-8.63246166622614,38.7612245213885],[-8.63323685795269,38.7615226063056],[-8.63379772181774,38.7619121451443],[-8.63447224130292,38.7629183916609],[-8.63512060470284,38.7634742406859],[-8.63643708535305,38.7641173010898],[-8.63818322480319,38.7662864170707],[-8.63820955008257,38.7670760226132],[-8.63767470751447,38.769566507867],[-8.63746855956467,38.7697116441936],[-8.63728390720848,38.7696403252908],[-8.63598944977756,38.7688706086424],[-8.63566670686008,38.7687998830519],[-8.63541439481999,38.7689271801885],[-8.63543943456213,38.7692155611762],[-8.635880455766,38.7697365370305],[-8.63699014673241,38.7704168918883],[-8.63736238157287,38.7709742176894],[-8.63510896410951,38.7721954751425],[-8.63353789525786,38.7735809772343],[-8.63210278011865,38.774542952574],[-8.63175995046546,38.7756731071094],[-8.63096040487084,38.7765019040571],[-8.63082749699629,38.7765730020917],[-8.62851532037675,38.7750334854921],[-8.62773855697341,38.77419904609]]]}},{"type":"Feature","id":"CRUS_Montijo_V.36924","properties":{"AREA_HA":3193.74846722405,"Autor":"DGT","Categoria_2021":"Espaço Agrícola","Classe_2021":"Solo Rústico","DTCC":"1507","Data_Pub_Origem":"1997-02-01T00:00:00","Designacao_no_plano":"Espaço agrícola - Área agrícola não incluído na RAN","Escala_origem":"1/25000","Fonte":"AML - Vectorial","ID1":36924,"Municipio":"MONTIJO"},"geometry":{"type":"Polygon","coordinates":[[[-8.66644042718624,38.7246246591687],[-8.66417241335279,38.7252421287594],[-8.66373449832941,38.725383552478],[-8.66136421213631,38.726127656755],[-8.66040646809531,38.726750057907],[-8.66066839499273,38.7273463297952],[-8.66046637869179,38.727522359393],[-8.65987092496157,38.7276486663487],[-8.65955843228233,38.7275470618984],[-8.65927115225794,38.7271878207362],[-8.65951155993484,38.7267025914459],[-8.65910192271414,38.7262923941897],[-8.65761400839318,38.7267098776603],[-8.65670296243372,38.7269130393032],[-8.65559296176426,38.7267641866222],[-8.65538788446654,38.7271541885916],[-8.6547517417255,38.7270394082303],[-8.65413656545241,38.7282184515318],[-8.65387721323547,38.7280512494546],[-8.65389293333524,38.7280097241922],[-8.65373303112,38.7279327857216],[-8.65339485167481,38.7277720167297],[-8.65253047637855,38.7273614933755],[-8.6514616303731,38.7271007993336],[-8.65174502683449,38.726339127815],[-8.65157057482318,38.7261860099793],[-8.65050553110166,38.7259282187617],[-8.65078821240107,38.7250669680489],[-8.6511231277889,38.7250383314968],[-8.65194516010934,38.7252519337578],[-8.65314622167864,38.7251470103313],[-8.65371075056572,38.7249091217626],[-8.6539258200788,38.7242925892823],[-8.65118643898635,38.7242052135975],[-8.64972037835403,38.7244199267009],[-8.64931155685752,38.7254175110098],[-8.64840230493505,38.7259284761358],[-8.64791617141736,38.7258219855168],[-8.64664188222032,38.7249055865515],[-8.64706424273617,38.724179138935],[-8.6454100668151,38.7221683923313],[-8.64594761878126,38.7197793517764],[-8.64519640372172,38.7181459378118],[-8.64600430800406,38.7180155821856],[-8.64637866261199,38.7186570192768],[-8.64735654186396,38.7196671514307],[-8.64758731448961,38.7196208416245],[-8.64729725631363,38.7178468627596],[-8.65585629816476,38.7165955931906],[-8.65823331610565,38.7163489182793],[-8.6599175804541,38.7127408062559],[-8.65965529989388,38.7128044102999],[-8.65639313201112,38.713332042183],[-8.65562758763381,38.7113808732882],[-8.66003434071442,38.7102211391398],[-8.66016709480904,38.7101816455663],[-8.66048788724202,38.7112314426681],[-8.66139985123656,38.7090547401336],[-8.66111657905643,38.7087475104949],[-8.65945089551981,38.7068821752233],[-8.65902861827122,38.7062943855414],[-8.65891352589892,38.7061965659589],[-8.65706743226658,38.7046274777927],[-8.65706399314693,38.7045015244618],[-8.65616674884402,38.7037259033164],[-8.65557017706668,38.7034238884205],[-8.65055244826136,38.7012354658604],[-8.64910851467907,38.7007131337899],[-8.64697107590609,38.7007046415354],[-8.64565063371093,38.7005720950919],[-8.64611174210921,38.6998700967344],[-8.64640779105321,38.6997434925935],[-8.64659065287231,38.6997605871349],[-8.64677890516351,38.7005294614748],[-8.64693944189422,38.700618258301],[-8.64707597136112,38.70054605172],[-8.64714232089625,38.7002414580317],[-8.64692930062262,38.6992041992286],[-8.64701218674679,38.6980224265956],[-8.64801564750465,38.6978031953064],[-8.64824458109535,38.6978737900316],[-8.64840651840053,38.6981594777312],[-8.6486120880643,38.6981585689851],[-8.64872513907883,38.6979969699018],[-8.64867507985151,38.6973885880858],[-8.64906169866241,38.6971541729051],[-8.64931307329478,38.6971709609012],[-8.64972614181279,38.6974376351786],[-8.65030233180515,38.6981510884568],[-8.65126528187573,38.6986480158152],[-8.6513325069506,38.6984687181163],[-8.64969788172064,38.6966859568422],[-8.64969659074771,38.6965069626742],[-8.65019443859431,38.6958603568189],[-8.65049536265443,38.6964139192151],[-8.65056777056219,38.6969506047256],[-8.65081875541485,38.6969136936872],[-8.65067821688743,38.696431007426],[-8.65078880337343,38.6959293166448],[-8.65069303994227,38.6953211387374],[-8.65171619307819,38.6946721938111],[-8.65168919789363,38.6940995090786],[-8.65189295273382,38.6938480077735],[-8.65195719100572,38.6932570172689],[-8.65295394678268,38.6921248689196],[-8.65048292059237,38.6915272493416],[-8.65018899040328,38.6919402568711],[-8.65012756851891,38.6929250306649],[-8.64987762868288,38.6931051462052],[-8.64990692141559,38.6940000138662],[-8.64965917151737,38.6944844206691],[-8.64863665841345,38.6952228398414],[-8.64816794510623,38.6967464174133],[-8.6476223382804,38.6971068325311],[-8.64718900820947,38.6971982378028],[-8.64657577311078,38.6976842485502],[-8.64518036174813,38.7005901943875],[-8.64339509716331,38.7008396760927],[-8.63842827651728,38.7008803836604],[-8.63607600433535,38.7011055618821],[-8.63422094973035,38.7016869086413],[-8.6309531589508,38.7030357593201],[-8.62896656961723,38.6976168778235],[-8.63332140860932,38.6964540728977],[-8.63518668839845,38.6960707566167],[-8.6363338354385,38.6953335120697],[-8.63863919694396,38.6944539420695],[-8.63942012272322,38.6942766369492],[-8.64176453404489,38.693171255116],[-8.64274943308725,38.6939050244023],[-8.64378639265242,38.6934974959598],[-8.64682318361578,38.6915139815263],[-8.64803115389543,38.6910608926679],[-8.64704538432926,38.6906966461037],[-8.6475331750539,38.6905951910302],[-8.64844370253055,38.6905911731821],[-8.65046142318999,38.6909758520497],[-8.65236878288748,38.6915989894853],[-8.65341899499162,38.6915393880691],[-8.65371166477567,38.6915093738763],[-8.65486739796581,38.690948915876],[-8.65513241638621,38.690820394887],[-8.6561078178656,38.6902588593597],[-8.65635928005674,38.6909205009],[-8.65661118319368,38.6909417650755],[-8.65694695201208,38.6907908136478],[-8.65831544034081,38.6898239602748],[-8.65902284169416,38.6886732798476],[-8.66078739362518,38.6881315938364],[-8.6622719075769,38.6895872689957],[-8.66359464321133,38.6891598652374],[-8.66491737337242,38.6887324555593],[-8.66546492933387,38.6869368380738],[-8.66792799601725,38.6859702153758],[-8.66793494065525,38.6850201640582],[-8.66874441903289,38.6845913151067],[-8.66882729249171,38.6844785840209],[-8.66885175211354,38.6843864879165],[-8.67018049524555,38.6842139308798],[-8.67044859697488,38.6841951758034],[-8.67055455669074,38.6843558267583],[-8.67108539321689,38.6858916541236],[-8.67158255276186,38.6866792700217],[-8.67175152843281,38.6867532117641],[-8.6721694789843,38.6865213151614],[-8.67229897949012,38.6865081536025],[-8.67201348447242,38.6842142403583],[-8.67134290270583,38.6842173356773],[-8.67121969336783,38.6840550352417],[-8.67108654486158,38.6836008396344],[-8.67121327266605,38.6832515797819],[-8.67214957090014,38.6826661204232],[-8.67295062266258,38.6815280564093],[-8.6733016816071,38.6813029232382],[-8.67538927947405,38.6805869353182],[-8.67614962063755,38.6800648500605],[-8.67673564293757,38.6804085182456],[-8.67707049742234,38.6811490162849],[-8.67738870952261,38.6837064487545],[-8.67744097109239,38.6841264502058],[-8.67744559121515,38.684241591609],[-8.67740099139108,38.6843839342985],[-8.67738535111497,38.6843844304714],[-8.67735949052986,38.684565811931],[-8.67703076753643,38.687286990513],[-8.67715106131886,38.6883431936548],[-8.67768079583838,38.6898711513307],[-8.6777250676537,38.689998847272],[-8.67783864970088,38.6902455890553],[-8.67840675136805,38.6910755332875],[-8.6788722919484,38.6913829101021],[-8.67937848441975,38.6914979614488],[-8.67958853378937,38.6914329303983],[-8.67940225148186,38.6909321077184],[-8.6785835535413,38.6902272642821],[-8.6785410234621,38.6901322393875],[-8.67849618721754,38.6899761221032],[-8.6784508079863,38.6898082571084],[-8.67823668194506,38.6890161641175],[-8.67834577650755,38.6867161643129],[-8.67811148255253,38.6854363292835],[-8.67827422302027,38.684688357375],[-8.67841033562031,38.6843519097654],[-8.67835087482243,38.6842373655057],[-8.67832286587205,38.6840860843819],[-8.67835053882909,38.6838097798647],[-8.67845828552152,38.6827339518278],[-8.67780268731726,38.6800142128451],[-8.67762614350976,38.678444414723],[-8.67755846197887,38.6772735256759],[-8.67774206507451,38.6767018983655],[-8.6803098971113,38.6780148409144],[-8.68674633087173,38.6809331359117],[-8.68682599458696,38.6813558491806],[-8.68791632576804,38.682581742102],[-8.68881890092057,38.6828196301687],[-8.68907812065831,38.6830605678392],[-8.68909088898242,38.6834207403053],[-8.68912031176025,38.6835996031428],[-8.68666289388383,38.6837864933262],[-8.68650294460749,38.6835963396951],[-8.68575575480534,38.6827332672664],[-8.68523951820602,38.6825338941697],[-8.68495798877057,38.6827370424564],[-8.68467848661578,38.6832025410827],[-8.68455291999426,38.6837270436159],[-8.68453973858192,38.6838403481156],[-8.68459616018358,38.6839101636687],[-8.68403747992484,38.6839303230895],[-8.6840648970195,38.6841158671994],[-8.68451008269843,38.6902682674273],[-8.68452577475381,38.6903800655207],[-8.68513537560485,38.6904341263796],[-8.6850182789476,38.690534476636],[-8.68456981240963,38.6910194023936],[-8.68333980523372,38.6916976969181],[-8.68338601437847,38.6922311972119],[-8.68374019364217,38.6926565085357],[-8.68430066104047,38.6925257679912],[-8.68456325511851,38.6919925472898],[-8.6863753433798,38.6906254908147],[-8.68762852646536,38.6907071260562],[-8.68763757666271,38.6907077155133],[-8.68762375547111,38.690834142702],[-8.68759544514442,38.6910931005445],[-8.68853445170213,38.6911313241388],[-8.69651571862901,38.6904312863113],[-8.69649701637667,38.6900186632778],[-8.69648884588685,38.6900192998788],[-8.69643587939328,38.6893689910272],[-8.69592715394477,38.6832656598539],[-8.69591194925523,38.6831202667726],[-8.69983387327453,38.6829874023757],[-8.7017810523022,38.6829132719604],[-8.71458135017592,38.6850977481281],[-8.71546636484209,38.6856040481397],[-8.71937782256139,38.6871087912381],[-8.7187555868462,38.6880730477676],[-8.71979476769044,38.6886042588428],[-8.71888617244229,38.6896638005837],[-8.71893452869469,38.6898244867696],[-8.72044529057754,38.6904963622535],[-8.72191069528001,38.6885041982187],[-8.72426181224122,38.6898630146543],[-8.7230779301645,38.6917615426682],[-8.72273863546806,38.6915189950093],[-8.72211383763094,38.6913212795277],[-8.72134185892493,38.6913483503074],[-8.7202594774144,38.69151862135],[-8.71941704730097,38.6912138170573],[-8.71916091716108,38.6913696191033],[-8.71859929444988,38.6921225199859],[-8.71880746570872,38.6927292394965],[-8.71796595235222,38.692537742451],[-8.71784201178068,38.6922911369628],[-8.71749138827277,38.6924886109542],[-8.71710204062962,38.6929232080712],[-8.7171590032822,38.6932628595632],[-8.71787851305577,38.693444669032],[-8.7179761220542,38.6937841168227],[-8.71746852261225,38.6943815418191],[-8.71747476144694,38.6944860435909],[-8.71746970879137,38.6945517722775],[-8.71744299103183,38.694677359192],[-8.71689115256141,38.6953412934312],[-8.71879173950497,38.6960684937395],[-8.71850175679058,38.6968795467782],[-8.71850545929723,38.6973327770732],[-8.71928154243331,38.6995197269209],[-8.71924489061268,38.7001698865258],[-8.71492135600741,38.6983274514979],[-8.71460744715974,38.6987760406959],[-8.71522929961451,38.6990979595225],[-8.71487033655468,38.699505030044],[-8.71373606343445,38.7015519458388],[-8.71234558529333,38.6988231413857],[-8.71103515004891,38.6976141102567],[-8.71015924678,38.6963439057094],[-8.70990142017306,38.6962936809793],[-8.70976752486415,38.6964900607894],[-8.70980431422346,38.6976951010209],[-8.70948164647551,38.6980057343166],[-8.7091700433809,38.6980072733693],[-8.70861159690561,38.6976391849157],[-8.70832154851669,38.6969504458454],[-8.70757171441807,38.69636697705],[-8.70720428762881,38.6956895509747],[-8.7062263119207,38.6953750317307],[-8.70524677169393,38.6948647761684],[-8.70509816393008,38.6949170125111],[-8.70526484566641,38.6954312483554],[-8.70568785908033,38.6958103134233],[-8.70693894592174,38.6963913312827],[-8.70719866822647,38.6966784821692],[-8.70743252804169,38.6971202838944],[-8.70738311974994,38.6977179865535],[-8.70605862429485,38.6981262376561],[-8.70508736147789,38.6986563604407],[-8.7048430000964,38.6985957534364],[-8.70432390136124,38.6980626323215],[-8.7036061821726,38.6981073553979],[-8.70344508013725,38.6982935554041],[-8.70346092762533,38.6985819154289],[-8.70378853455299,38.6988893433451],[-8.70367102874325,38.6994461744232],[-8.70189529137989,38.7005868926421],[-8.70082186260612,38.6999315598818],[-8.701101400721,38.6993018347228],[-8.70052967692625,38.6989646790175],[-8.70076824333951,38.6982939511095],[-8.70057619547659,38.6979961513832],[-8.69924141430326,38.6971064416656],[-8.69886597080334,38.6976027146156],[-8.69934381135232,38.6980639417833],[-8.69944231548758,38.6985270182274],[-8.69930943280147,38.6988572941057],[-8.69877254964217,38.6994985682185],[-8.69848673279327,38.6993351333925],[-8.69816287132608,38.6995015221821],[-8.69826023264187,38.6998203859439],[-8.69895291317895,38.7000333481403],[-8.69874003621104,38.7005288319183],[-8.69844399350038,38.7007877885488],[-8.69809173254349,38.7007894946696],[-8.6975337253172,38.7004728686979],[-8.69712669961384,38.7004027280377],[-8.69748642321181,38.7013486888626],[-8.69786960823576,38.7018309809966],[-8.69860392999399,38.7021673614975],[-8.69851170446146,38.7023382581463],[-8.69799839143263,38.7025364709754],[-8.69687342272598,38.7024904043473],[-8.69521005988276,38.702900169517],[-8.69494045484054,38.7030765838952],[-8.69576969280382,38.7034228295229],[-8.69668941256089,38.7032123685402],[-8.69709637287886,38.7032722065792],[-8.69781561434657,38.7051332211944],[-8.69816957848808,38.7056739986281],[-8.69867620259884,38.7063411113474],[-8.69904407906501,38.7065968588658],[-8.69941041081247,38.7066568853926],[-8.69958549155104,38.7065221218713],[-8.69962394068136,38.7062438029993],[-8.6984082418503,38.7047872440581],[-8.69818511039925,38.7039848439001],[-8.69832725367183,38.7031085654672],[-8.6998141362908,38.7026584011042],[-8.70221554417691,38.7013487813888],[-8.70488147307611,38.6996184822869],[-8.70582281385506,38.6992045774202],[-8.70713428494023,38.6988581967421],[-8.70818955049359,38.6986675797002],[-8.70923317616947,38.6987139402189],[-8.70990225511754,38.6993596010696],[-8.71056612873134,38.6993563182818],[-8.71086686718776,38.6998471911873],[-8.71127564880239,38.7001335952968],[-8.71177095302324,38.7010685350854],[-8.71256355979051,38.7020309481781],[-8.71327319206862,38.7026557866898],[-8.71498244241524,38.7036351518233],[-8.7146357944686,38.7043330751389],[-8.7155461016065,38.7046375639364],[-8.71650588663291,38.70515838876],[-8.71605333793238,38.7053468460161],[-8.7153927833097,38.7061416074208],[-8.71471777370366,38.7057665201574],[-8.71247502658309,38.7049020867788],[-8.71245997358912,38.7047167402745],[-8.71327681408135,38.7035177565724],[-8.71324762375348,38.7032603802639],[-8.71221465232519,38.7028637613973],[-8.71100904205218,38.7045797156129],[-8.71102416272244,38.7047753672603],[-8.71478560606873,38.7065120105841],[-8.71393646239874,38.7070400213799],[-8.71025924415541,38.7056959454372],[-8.7096650521887,38.7062541743166],[-8.70796274193115,38.7061286141209],[-8.70746380730951,38.7064297954874],[-8.70662166843914,38.7061764160528],[-8.70667398327466,38.7057852733239],[-8.70531442419243,38.7052150829377],[-8.70456305146405,38.7061458629834],[-8.70482196719413,38.7063300157305],[-8.70415269579864,38.7073633974561],[-8.70537687651469,38.7079445617671],[-8.70623841828623,38.706697972891],[-8.70676169351318,38.7067422877745],[-8.70687133624721,38.7068962640687],[-8.70613523901597,38.7080432969222],[-8.70628609829275,38.7082691807098],[-8.70654347075282,38.7082576108203],[-8.70741761456426,38.7074292303449],[-8.70814567082808,38.7069723967018],[-8.70849721731164,38.7068779522999],[-8.70940655830526,38.70698436293],[-8.70620950153888,38.7129342823726],[-8.70909002043339,38.7142568168165],[-8.7088346095407,38.7148196915705],[-8.70831591302072,38.7149678468126],[-8.7080580728341,38.7152291246061],[-8.70823801035445,38.7154882456395],[-8.70856725595283,38.71560102391],[-8.70824318792772,38.7161330320338],[-8.7084774280232,38.7163398809104],[-8.7109532960617,38.7174707893869],[-8.71104511391166,38.7175127276312],[-8.71105105754461,38.7175040504863],[-8.71119418740711,38.7175527468587],[-8.71159169544482,38.7169287911544],[-8.71148409543685,38.7168718212361],[-8.71055640677293,38.7164836844979],[-8.71036494441809,38.7162683132483],[-8.71038913817415,38.7159076566579],[-8.71094058949157,38.7153898751885],[-8.71118418240126,38.7153474662719],[-8.71150983216412,38.7153973514211],[-8.71223376258834,38.7157772856405],[-8.71237692961941,38.7158561304826],[-8.71333798493555,38.7144058952144],[-8.71319340569775,38.7143627729168],[-8.7113241565088,38.7137282747124],[-8.71216474658364,38.7121016892007],[-8.71315391181756,38.7105706280955],[-8.71454615471697,38.7088696049423],[-8.71495812993418,38.709072610606],[-8.71480818339307,38.709439921485],[-8.71608347716582,38.7100074220004],[-8.71624313774296,38.7100375083143],[-8.71651900605415,38.7095893503039],[-8.71638910471329,38.7095465216906],[-8.71598438556241,38.7094251073229],[-8.7163100298504,38.7089675115564],[-8.71442177304573,38.7082080540679],[-8.71409597531828,38.7086477634389],[-8.71277762148398,38.7080618527473],[-8.71331363384564,38.7079027559335],[-8.71382585647536,38.7075705769241],[-8.71541727567421,38.7072752814247],[-8.71603504131667,38.7065923248184],[-8.71669729145202,38.7063829925923],[-8.71784967898109,38.706459637938],[-8.71836516080491,38.7066272697869],[-8.71852989770883,38.7066533135948],[-8.71901621939816,38.705967563586],[-8.72002122647805,38.7044557278783],[-8.72059594791942,38.7036468811183],[-8.72208664655401,38.7013879478517],[-8.72196703436716,38.7013297669383],[-8.71980608088495,38.7004090129902],[-8.72011364771129,38.7001436749789],[-8.72087526711139,38.698841908979],[-8.72095919754973,38.6975126469126],[-8.72062941270559,38.6969477469186],[-8.71949746994412,38.6960401684462],[-8.71926969198682,38.6954299816138],[-8.71925585856211,38.6952879091291],[-8.72043652195821,38.6957896152423],[-8.72141217703475,38.6961701592922],[-8.72282544941895,38.6967499718134],[-8.72269571476637,38.6969182805473],[-8.72185067280612,38.6982410928851],[-8.72152053575363,38.6981399485526],[-8.72137093902813,38.6985430198154],[-8.72313258118684,38.6992849958418],[-8.72346225982523,38.6994186715936],[-8.72472121901926,38.697546333251],[-8.72590302707166,38.6958145392688],[-8.72647674435198,38.694900543158],[-8.72642256625132,38.6947506896585],[-8.72575156728926,38.6940050976972],[-8.72609655076551,38.6931277550721],[-8.72537676795824,38.6929150817225],[-8.72375389406558,38.6948802318439],[-8.72292588594499,38.6945228278452],[-8.72295918533741,38.69428126119],[-8.72563012015084,38.6902353418504],[-8.72915955024758,38.6907836070777],[-8.72933915742741,38.6907953821404],[-8.72961710422789,38.6908389305581],[-8.72995586506181,38.6908561696078],[-8.73067961006413,38.6909162519756],[-8.73073887935189,38.6913486677565],[-8.73163820246547,38.6919724253291],[-8.73363162503268,38.6926415899239],[-8.73446498623638,38.693471687062],[-8.73553754411831,38.6937442886211],[-8.73679039280963,38.6945103979608],[-8.73707462813401,38.6944780216573],[-8.73704562797242,38.6942515470801],[-8.73625381105455,38.693534565588],[-8.73457878651422,38.6925027993921],[-8.73278809725663,38.6918346266206],[-8.73169949456093,38.6911995265038],[-8.73153582790401,38.6909853438768],[-8.73432209700712,38.691102820741],[-8.73627834314035,38.6908602754975],[-8.73720229489929,38.6902564887864],[-8.73823938311995,38.6891799964145],[-8.73847577742686,38.688948182133],[-8.744091335783,38.6838610181782],[-8.74431306652398,38.6836631760972],[-8.74808652506395,38.6801981800942],[-8.75027335661038,38.6803880309954],[-8.75071790440645,38.6787585092589],[-8.75012471352089,38.6783395740547],[-8.75043969637004,38.6780518126187],[-8.75189190400537,38.6792204680924],[-8.75234015376487,38.679387955654],[-8.75262273398874,38.6794311637941],[-8.75329136553438,38.6792488032481],[-8.75414594934371,38.6788151156125],[-8.75446997383435,38.6782143735585],[-8.75380096592843,38.6769930890735],[-8.75456478011414,38.6755853707946],[-8.75429828206555,38.674415875433],[-8.75451995557471,38.6742180051489],[-8.75495673954279,38.6742468473052],[-8.75558365020469,38.6746815953165],[-8.75593650896865,38.6746975934374],[-8.7571283945237,38.6738508215297],[-8.75739802103661,38.6737599750737],[-8.75770509238318,38.6739192615035],[-8.75726324217061,38.6744848712512],[-8.75632882814792,38.6751961587395],[-8.75579985130146,38.6752079267478],[-8.75560168856846,38.6754056751924],[-8.7553384892858,38.6762385402524],[-8.75567087239789,38.6766033331811],[-8.75657336313148,38.6762766587207],[-8.75657958033989,38.6769918651653],[-8.75720317955201,38.6770421763242],[-8.75822114383307,38.6751234624494],[-8.7611780205834,38.6748035416228],[-8.7631773030172,38.6748642921119],[-8.76311297044016,38.6789998963023],[-8.76311170841272,38.6790810122897],[-8.7631333106058,38.6790818895178],[-8.76316128221223,38.6791946377048],[-8.7624316201454,38.6793287733665],[-8.7617873983023,38.6797358635392],[-8.76093135015765,38.680612806459],[-8.75991693024753,38.6823032014344],[-8.75982448511514,38.6822527577226],[-8.7597485645965,38.6822222873916],[-8.7588769546644,38.6819145462688],[-8.75780634768799,38.6831987750439],[-8.75825709097965,38.6843162428493],[-8.75834069965979,38.6844871231668],[-8.75921190203166,38.6834343492208],[-8.75963796456017,38.6827680462455],[-8.76005352211086,38.6828716061712],[-8.76203650680663,38.6833203597375],[-8.76189498026252,38.6840705289277],[-8.75986934222992,38.6842242270811],[-8.75900604070231,38.6846408964694],[-8.75811695968419,38.6848937332386],[-8.75786228768843,38.684867263417],[-8.75661591765453,38.6855939558273],[-8.75657255363125,38.6855511957573],[-8.75650951658992,38.6854694308823],[-8.75632076322931,38.6851871089559],[-8.75454877961703,38.6856078276069],[-8.75472503929929,38.6859692389399],[-8.75474377437283,38.686007656279],[-8.75482515179637,38.6861399034001],[-8.75312686217428,38.6866955359313],[-8.75294484378402,38.6865612546756],[-8.75213626789224,38.6860826507955],[-8.75200558635776,38.6857011233169],[-8.75169367281691,38.6856615740246],[-8.75178307495813,38.6850327349686],[-8.75279783516681,38.6848934385546],[-8.75299664330445,38.6843876345358],[-8.75302316841122,38.6842615963914],[-8.75336413322032,38.6843118653987],[-8.75334801628839,38.6841421855672],[-8.75331656779708,38.68378846727],[-8.75251748534079,38.6838030156524],[-8.75183897858372,38.6836623953346],[-8.75174819729853,38.6839553045628],[-8.75170943235941,38.6840927961466],[-8.75164455300114,38.684242922807],[-8.75141681213822,38.6849728717493],[-8.75110526795086,38.6849745211778],[-8.75099406712398,38.6846454780609],[-8.74993424125531,38.6842699443627],[-8.75019878783392,38.6851029254185],[-8.74960491048973,38.6853532900428],[-8.74911399371461,38.684974742255],[-8.74877464425777,38.6848941265046],[-8.74849115939838,38.6850089335519],[-8.74775446116699,38.6859811180639],[-8.74960039501044,38.6864040303428],[-8.75103638758974,38.6870531779005],[-8.74910256741221,38.6888434340314],[-8.74642383721655,38.6898557308638],[-8.74599283638795,38.6901377222613],[-8.74580243490253,38.6903374228388],[-8.74567964523644,38.690426822181],[-8.74098128466862,38.6938316444064],[-8.73474136535494,38.6990318076857],[-8.73406103175479,38.6992498935709],[-8.73322608187027,38.699263125691],[-8.73245960363709,38.6990256673661],[-8.73210873308326,38.6990715995464],[-8.73152401329371,38.6995808238121],[-8.73100941584839,38.6991874136947],[-8.73024290566767,38.6982539437018],[-8.72911147760209,38.6974253394253],[-8.72760967164252,38.6960423564368],[-8.72746150426725,38.6961461183107],[-8.72755924643216,38.6964958615126],[-8.72984648814233,38.6994174226696],[-8.73004161089968,38.6997982111648],[-8.72596848914795,38.6982674305473],[-8.7251818022604,38.6979589537132],[-8.7245727775641,38.6988527210311],[-8.70895447288234,38.7219150552322],[-8.70867959092285,38.7218927968006],[-8.70695744865733,38.7232854161695],[-8.70578304819155,38.7246578021922],[-8.70584390618802,38.7247902372281],[-8.70637704333503,38.7256619627979],[-8.70676528968838,38.7267519688721],[-8.70680997501592,38.728945863411],[-8.70701941184682,38.7297536342284],[-8.70809035589142,38.7314583315539],[-8.70682260421426,38.7322577445687],[-8.70691187482569,38.7315568435632],[-8.70670319281478,38.7308882969364],[-8.70622343463408,38.7302210898601],[-8.70389432999357,38.7288109646905],[-8.7033898714879,38.728310712896],[-8.70323958204828,38.7282532438301],[-8.70216755888445,38.7298616211613],[-8.7008747338945,38.7318389991468],[-8.69993639601888,38.733394143013],[-8.6992850659996,38.7344748271796],[-8.6983361680623,38.7361176131653],[-8.69715676657104,38.7369029918439],[-8.6953009056456,38.7376741713931],[-8.69367845005346,38.7383564540399],[-8.69169371846608,38.7391544049879],[-8.68825930834035,38.7405286521949],[-8.68425082241872,38.7429041913956],[-8.68226848015206,38.7440436241661],[-8.68151033883283,38.7443713229851],[-8.68051675546203,38.7446300396842],[-8.67768989211002,38.745055007093],[-8.67349957352566,38.7456526789355],[-8.67231637303572,38.7459910472491],[-8.66911649780001,38.7474074500071],[-8.66603948226159,38.7488144420371],[-8.66371678382299,38.7495617891416],[-8.6577601911021,38.7514083449838],[-8.65780840539437,38.7514667151528],[-8.65835987736388,38.7520628307696],[-8.65876286383772,38.7521229000469],[-8.66274610219609,38.7511354764328],[-8.6629894217621,38.7510003059216],[-8.66306519638619,38.7502368234764],[-8.6655565456011,38.7494210815571],[-8.66593672701804,38.7494399740347],[-8.66650961601146,38.7498189244005],[-8.66672335862183,38.7497805365995],[-8.66677346345747,38.7497309221011],[-8.66682919951632,38.7497043848262],[-8.66703161403246,38.7496168479938],[-8.66768970293695,38.7493319457507],[-8.67004955189514,38.7493290684278],[-8.6703257630889,38.7493258598941],[-8.67204665558132,38.7496158687998],[-8.67251338047289,38.7498667188553],[-8.67242111707741,38.7501174765417],[-8.67286915771753,38.750222689],[-8.67548414919343,38.7504966515059],[-8.67536000910431,38.7502574908],[-8.67823421327229,38.7505659482364],[-8.68113375733969,38.7511066750891],[-8.67710757176365,38.7597779281617],[-8.67707022540881,38.7599224719574],[-8.68116531955312,38.7643442136558],[-8.6844540816307,38.7700757701686],[-8.68444237659873,38.7703435832918],[-8.68551965589564,38.772994305007],[-8.68610388753776,38.7740429067258],[-8.67662353058306,38.7809159772574],[-8.67613894779356,38.7812440062135],[-8.67100531387956,38.7847065680551],[-8.66731025508897,38.7822933783977],[-8.67508783991716,38.777064118066],[-8.67411899609526,38.7764292338604],[-8.67237750067383,38.7759629154071],[-8.67165719853078,38.7758734255521],[-8.67105141147129,38.7759892174717],[-8.67156998654784,38.7742108552469],[-8.67183768597837,38.7718979554206],[-8.67218486663663,38.7713424163275],[-8.67305111310547,38.7709877830741],[-8.67346879079805,38.7705630252398],[-8.67532699595211,38.7695469872944],[-8.67543925340254,38.7693793910648],[-8.67551172299764,38.7692912121391],[-8.67601873895893,38.7684473934594],[-8.67634438371202,38.7683228649508],[-8.67752423292686,38.7682675579696],[-8.67875767436874,38.7680039765402],[-8.67849493839916,38.767376135691],[-8.67730042727623,38.7656182475835],[-8.67415962281251,38.7621723287292],[-8.67468763336214,38.7619842412751],[-8.67505071282843,38.7615287966837],[-8.67489592229297,38.7608076275587],[-8.67419574032268,38.7597692962076],[-8.67390413253367,38.7589043887895],[-8.67395358437333,38.7582647658056],[-8.67478720279753,38.757857258887],[-8.67486821191687,38.757797840243],[-8.67164504724773,38.754488834053],[-8.67201475763969,38.7562256609625],[-8.67188589456892,38.7563490634668],[-8.67099436315562,38.7572075751233],[-8.67045993433781,38.7583444383573],[-8.67049064879634,38.7588186839318],[-8.67103966767498,38.759620536667],[-8.67062677335549,38.7602879851435],[-8.67022031236069,38.7603929803837],[-8.66906188103507,38.761594585064],[-8.66870739473092,38.761389958425],[-8.6686766896255,38.7609157134197],[-8.66766384994643,38.7598065890247],[-8.66765120485891,38.7581153648513],[-8.66704486826325,38.7569012469987],[-8.66564575066444,38.7549482305061],[-8.66529146026274,38.7547642198008],[-8.66510281280289,38.7549507082796],[-8.66510756933136,38.7555900723546],[-8.66642201800422,38.757110352219],[-8.66683538208351,38.7579334741844],[-8.66700550765734,38.7589020876307],[-8.6669575333862,38.7597479481778],[-8.66732250254024,38.7604318824387],[-8.66736190675397,38.7605057294858],[-8.66737500466262,38.7611237686937],[-8.66710520090618,38.7613518789697],[-8.66407077068521,38.7622113829238],[-8.66339463300829,38.7625650858121],[-8.66331793228495,38.7632048196159],[-8.66380316589935,38.7652653263491],[-8.66306417698785,38.7651536018608],[-8.66270923132824,38.7648870830623],[-8.6620359549503,38.76379698722],[-8.6615634828422,38.7635992424231],[-8.66171509566755,38.7630819667343],[-8.66228623985671,38.7632134416291],[-8.66316383964245,38.7607344014844],[-8.66377484037886,38.7607522511171],[-8.66393842969903,38.7590524785027],[-8.66038788260045,38.7598308847693],[-8.66028201791933,38.7602026169798],[-8.65938785055109,38.7604438534474],[-8.65933568529998,38.760732839239],[-8.65960815803051,38.7608656752395],[-8.66081530311937,38.7607261529951],[-8.6608743238882,38.7613652807078],[-8.66076716622382,38.7615617064656],[-8.66014478898754,38.7618429574883],[-8.65992933722934,38.7620811284499],[-8.66001451604441,38.7625860638432],[-8.66023240151384,38.7626778965984],[-8.66022065105591,38.7629254525968],[-8.66053559851159,38.7632935621473],[-8.66024721766822,38.7646870827902],[-8.66083056605241,38.7646328739475],[-8.66080524116845,38.7648805002159],[-8.66118542755312,38.7648890927739],[-8.66126288726905,38.7646248182128],[-8.66181135298621,38.764633340907],[-8.66211215369723,38.7649207260202],[-8.66218254161121,38.7652607281696],[-8.66159666901775,38.7668102937149],[-8.66148103516002,38.7676977047375],[-8.66152003438442,38.7678694628572],[-8.6602727740476,38.7680102904521],[-8.66094050415401,38.7683475901408],[-8.66325578949149,38.7675017622627],[-8.66348818820249,38.7677172653681],[-8.66343617697947,38.7680268892957],[-8.6614601250831,38.7688505565537],[-8.66200637354563,38.7692812187877],[-8.66436202458777,38.7683836145559],[-8.66419022526688,38.7671881229913],[-8.66426655011359,38.7664968297063],[-8.66248869343951,38.7662699862379],[-8.66282555922965,38.7659281356647],[-8.66384571191873,38.7655951847164],[-8.66390951346142,38.766089682673],[-8.66423624367448,38.7662119470703],[-8.66822626584331,38.7663516603887],[-8.6701191587263,38.7686188004024],[-8.66990596700657,38.7691560346438],[-8.6703974952825,38.7695250336071],[-8.67107809988475,38.7697866935855],[-8.67113892928051,38.7706526798673],[-8.67056871871723,38.7742647389151],[-8.67014168771434,38.7752567233356],[-8.66971732434244,38.7757382781682],[-8.66604452848921,38.7748269786232],[-8.66412678098214,38.7739834955416],[-8.66633252896318,38.7711810574932],[-8.66434123537699,38.7699629383907],[-8.66397468585556,38.7699646075212],[-8.66360965694623,38.7701725244276],[-8.66307834498171,38.7699274286275],[-8.6627800528915,38.7699803545131],[-8.66252362620782,38.7701877649885],[-8.66219252251154,38.7708492795685],[-8.65948898241104,38.7723558705407],[-8.65259487061382,38.7713865360746],[-8.65198565778537,38.7699107639335],[-8.65216665894589,38.7694772343509],[-8.65294191830746,38.7684640886351],[-8.65330914841227,38.7683182064152],[-8.65705808271064,38.7689299340366],[-8.65713241434397,38.7686256356828],[-8.656386349685,38.7673308042131],[-8.65685686553629,38.7665738615003],[-8.65749052865808,38.7659728760783],[-8.65982537042986,38.7659417254155],[-8.66050041657079,38.7654333550468],[-8.65895130315326,38.765234095104],[-8.65850565906989,38.7655557961345],[-8.6575668765571,38.7652760558307],[-8.65661492961731,38.7655589042102],[-8.65641905468128,38.7655147250093],[-8.65539481223993,38.7654562430499],[-8.65420059755512,38.7657499395732],[-8.65406947625784,38.7652603573254],[-8.65539994933176,38.7646413785231],[-8.65557986146865,38.7640636034405],[-8.65562167580198,38.7634864562938],[-8.65460056112156,38.7623370889048],[-8.65471158817937,38.7617601726489],[-8.65617477483094,38.760383858526],[-8.65539784218374,38.7595736598141],[-8.65696093980334,38.7588042959918],[-8.65738057917134,38.7584506125462],[-8.65745982264031,38.758161821309],[-8.65715916652115,38.7578438489199],[-8.6569890158047,38.7578596028549],[-8.6560801904183,38.7585073011148],[-8.65520578898056,38.758475168983],[-8.65470765311505,38.7580654460915],[-8.65456612758583,38.7575974754253],[-8.65610539736111,38.7571940783698],[-8.65722368010411,38.7564041396651],[-8.65806315826937,38.7575619500448],[-8.65869173285834,38.7582183763094],[-8.65907178456323,38.7582681711325],[-8.66183328718725,38.7576273235985],[-8.66217296432836,38.7577184937626],[-8.66220129891181,38.7578831838739],[-8.6641357179292,38.7572563281714],[-8.66432072433121,38.7566065245962],[-8.66415648255714,38.7564012506263],[-8.66380264618327,38.7562277466889],[-8.6635846469646,38.7567449765105],[-8.65979975398083,38.7576880332766],[-8.6592947128872,38.757237068169],[-8.66168452591586,38.7558459240365],[-8.66230694321465,38.7556679867882],[-8.65988083098908,38.7539689956159],[-8.65829974715786,38.7546972056139],[-8.65815264463378,38.7549759890932],[-8.65829436652273,38.7558097327898],[-8.65698347077919,38.7560728330795],[-8.65621112223537,38.7559139581098],[-8.65417855803502,38.7564125512806],[-8.65410796985392,38.7561966034184],[-8.65436911656737,38.75583209046],[-8.65549404210421,38.7554305439748],[-8.65558518529712,38.7553039698678],[-8.65544472439448,38.7549801862422],[-8.65567383599063,38.7548349775314],[-8.65670839196446,38.7546681218075],[-8.65684385196612,38.7543070505982],[-8.65656567337295,38.7540379524831],[-8.65606934630435,38.7540706168348],[-8.65571261817664,38.7538435213064],[-8.65522927526439,38.7538456858303],[-8.65499740419924,38.753612426408],[-8.65577732661161,38.7532484708454],[-8.65683434890066,38.7530094311238],[-8.65620764081984,38.7522913085359],[-8.65631800261447,38.7519039204795],[-8.65630409353626,38.7518241767805],[-8.65368492573885,38.7525706181525],[-8.65316822780845,38.7527035385616],[-8.65315888937341,38.7528302612729],[-8.65295109290233,38.7536697858107],[-8.65310829007612,38.7547229637923],[-8.65330005993052,38.7557837263199],[-8.65323166525717,38.7564807708268],[-8.65109869049318,38.757048047263],[-8.65079518705992,38.7586089811666],[-8.65023366603796,38.7603741609921],[-8.64988501350143,38.7608139713399],[-8.64893894115862,38.7634631337406],[-8.64886884765066,38.7636397925408],[-8.64858426723882,38.7637731526674],[-8.64828420628783,38.7635610797166],[-8.64794162769263,38.762851251358],[-8.64628929282371,38.7604907818617],[-8.64606698073548,38.7602580386116],[-8.64549680389895,38.7603824868482],[-8.64536584482693,38.760220468367],[-8.64566092767653,38.7597415600782],[-8.64636641276275,38.7592235877929],[-8.6467029941797,38.7596991141557],[-8.64811137221403,38.7590448873415],[-8.64779717482791,38.7584882759851],[-8.64636641276275,38.7592235877929],[-8.64742489398732,38.7577777303589],[-8.64771430503184,38.7565156521706],[-8.64748048744286,38.7564861737896],[-8.64662266901044,38.7581168037503],[-8.646111338606,38.7573971368782],[-8.64594387141815,38.7575707272161],[-8.64573199374412,38.7587917976387],[-8.64543844607474,38.7594844946114],[-8.64527170143019,38.7597597545856],[-8.64485733545288,38.7598937563071],[-8.64463546666451,38.7597218757203],[-8.64466857730677,38.7589083105138],[-8.64438934955779,38.7579741023364],[-8.64495106498475,38.7566701573104],[-8.64491017122713,38.7563958097259],[-8.64474072620544,38.7562948713654],[-8.64448197559679,38.7564078575527],[-8.64423852586558,38.7568461362402],[-8.64402473168538,38.7578028466499],[-8.64403287049875,38.7589415986148],[-8.64396920974957,38.7591147313897],[-8.64338765808249,38.7594629861536],[-8.64324642320468,38.759677119488],[-8.64336642044534,38.7601239848059],[-8.64440857636986,38.7606623931731],[-8.64476205100492,38.7610878925128],[-8.64535883695813,38.7628646344175],[-8.64580551706413,38.7636150895678],[-8.64721536699609,38.7647374984917],[-8.64797014554547,38.7650087040819],[-8.64824102109138,38.7647736429749],[-8.64804428924077,38.7644898153746],[-8.64603126020118,38.7625159712533],[-8.64570292247917,38.7619785227037],[-8.64542600212008,38.7613696743584],[-8.645480090354,38.7607632905152],[-8.64736757331863,38.7633778500893],[-8.64906426593107,38.7647122899846],[-8.64947777338217,38.7644664784534],[-8.64994126799722,38.7639561152728],[-8.65011942680653,38.7634673456891],[-8.65012809174993,38.7626481775378],[-8.65055704155853,38.7615846943376],[-8.65067220919316,38.7606600025568],[-8.65160053694017,38.7602781566009],[-8.65208718624139,38.7602643980452],[-8.6519273654539,38.7616046123942],[-8.65082366722961,38.7632948358317],[-8.65034002310083,38.7645091293078],[-8.64965306537394,38.7649718060117],[-8.64909896696922,38.7656175534279],[-8.64886647382289,38.7651094877518],[-8.64854132954459,38.7650194229622],[-8.64772976483806,38.7676767887227],[-8.64703179002604,38.7698923918521],[-8.64450681590522,38.7762065189972],[-8.64409468214716,38.7766658750997],[-8.64292244566762,38.7775370130543],[-8.64283821143161,38.7762147806245],[-8.64295191609424,38.7744118108581],[-8.64269305801361,38.7736108383032],[-8.64203981375485,38.7723636490741],[-8.64180789892953,38.7721123123639],[-8.64148561293687,38.7720956932495],[-8.64100415959089,38.7723501401112],[-8.64061347291255,38.7724239411446],[-8.64033668890061,38.7723350210131],[-8.63952718175958,38.7717617420327],[-8.63941021367046,38.7714918764136],[-8.63968047699606,38.7706615647764],[-8.6407777178374,38.7696293810732],[-8.64082233366106,38.7694309132739],[-8.64061344484515,38.7691794731043],[-8.6402222519329,38.7691811756341],[-8.63958267861606,38.7698508775667],[-8.63932904441487,38.769779878832],[-8.63918945131032,38.7695641861048],[-8.63913056757751,38.7674248257706],[-8.63933012609135,38.7663604980277],[-8.63916202950363,38.7653698562411],[-8.63867784614837,38.7645859659461],[-8.63557798844939,38.7622381156106],[-8.63492894148071,38.761555962003],[-8.63420948952638,38.7606758421243],[-8.63403520639761,38.7600508496263],[-8.63395988679802,38.7597807471711],[-8.63393519450822,38.759511559145],[-8.63391463635154,38.7595176384855],[-8.63392172701018,38.7593647442049],[-8.63398446904641,38.7580116733198],[-8.63431405643519,38.7570262352649],[-8.63427570210233,38.7568195225706],[-8.63461113073162,38.7568223500941],[-8.63473664988278,38.7566412090161],[-8.63511649855618,38.7565673399508],[-8.63614389583339,38.7567886611156],[-8.63644293878372,38.7566970752294],[-8.63654476341632,38.7564257294144],[-8.63745639411744,38.7565753038261],[-8.63794881996132,38.7561216664817],[-8.63850429969543,38.7564353144433],[-8.63901964319457,38.7559635114528],[-8.63729541204113,38.7549957298003],[-8.6366527074585,38.7553867961355],[-8.63608667000179,38.755208637941],[-8.63581125778294,38.7553814009802],[-8.63544237114473,38.7553739644253],[-8.63514007486374,38.7551998988637],[-8.63542007395699,38.7540522198533],[-8.6359328112651,38.7532320674324],[-8.63625440916081,38.7530862465485],[-8.63736331940238,38.7534786548998],[-8.63723854017023,38.753632429197],[-8.63807156823662,38.7540803316699],[-8.6380269918181,38.7542972481628],[-8.63817842176025,38.7545223412235],[-8.6395638576787,38.7548504472156],[-8.63992897034855,38.7548127387616],[-8.64047234512315,38.7550451601645],[-8.64120662024818,38.7561887867995],[-8.64165894900407,38.7565841396202],[-8.64363167954632,38.7552119730794],[-8.64428664483857,38.7549291718076],[-8.64509149879305,38.7549222270374],[-8.64688408558639,38.7539875931486],[-8.64680345374852,38.7527961296173],[-8.64571184564934,38.7514482494449],[-8.64577870080204,38.751141350758],[-8.64563917281789,38.750943571844],[-8.64591384362523,38.7507259296331],[-8.64628279341233,38.750814485627],[-8.6465582392573,38.7507050604233],[-8.64690106239646,38.7503608685567],[-8.64696791148743,38.7500539691744],[-8.64643420776709,38.749461144367],[-8.64675452767594,38.7491891972544],[-8.64767733044577,38.7494737001643],[-8.6481609726213,38.7495076329959],[-8.64843876054284,38.7497228408275],[-8.64837671496071,38.7506970405001],[-8.64863849968487,38.7518862433907],[-8.6494199818978,38.7517204617461],[-8.64923140268684,38.751108087281],[-8.64943713974961,38.7509087762068],[-8.64996774060484,38.7510687492271],[-8.65027025297211,38.7515183031968],[-8.65056009085474,38.7529962269882],[-8.6535178863777,38.7521553402778],[-8.65310972002603,38.7513428303664],[-8.65343716085138,38.7511222333601],[-8.65348121668518,38.7508515451195],[-8.65329447589988,38.7504917162152],[-8.65464697349102,38.7497463279832],[-8.6545753045974,38.7493859866893],[-8.65528692108401,38.7491303446715],[-8.65587098728398,38.7503178984902],[-8.65614795175973,38.7504248606894],[-8.65639041665881,38.7513347412743],[-8.65644936891227,38.751486298206],[-8.66009918477831,38.7503618833962],[-8.66334695782749,38.749329264169],[-8.66392062367715,38.7491284787935],[-8.66459165196906,38.7489305539151],[-8.66570762220225,38.748566289086],[-8.66669987918211,38.7481149768491],[-8.66925261515616,38.7469118654432],[-8.6692045633303,38.7467780666438],[-8.66815551851164,38.7453962489375],[-8.66883751777711,38.7450584587721],[-8.66897014120681,38.7449927703507],[-8.66905906706446,38.7449679607356],[-8.66918642410709,38.7449133265848],[-8.67032079933456,38.7444653285597],[-8.67158152544042,38.7456386694471],[-8.67200074025078,38.7455384200375],[-8.6721012661231,38.7456503888506],[-8.67358641238793,38.7453018621766],[-8.67521769174844,38.7450490027498],[-8.6801230436538,38.7443427952263],[-8.68174154502121,38.7438884168793],[-8.68768737401971,38.7403386457172],[-8.69290567385322,38.738228759221],[-8.69422114382045,38.7376705383922],[-8.69677407836071,38.7365982292839],[-8.69798675502322,38.7357776522729],[-8.69855016577557,38.7348901283602],[-8.69924555526829,38.7337216306038],[-8.69997384723794,38.732474124974],[-8.70136541344163,38.7302509873424],[-8.70289109154488,38.728027177199],[-8.70277637089891,38.7279132418104],[-8.70033887659754,38.7263318186147],[-8.70027063467443,38.7245603746834],[-8.7004169404688,38.7242094225106],[-8.70181191924191,38.7240790237301],[-8.7032727775672,38.7237113573859],[-8.70382450494454,38.7232142100004],[-8.7044323300545,38.7229537056608],[-8.70494971904515,38.7232499031364],[-8.70546069278303,38.7240159245535],[-8.70554415063058,38.7241508740778],[-8.70588681315135,38.7236498517816],[-8.70858562791733,38.7213325980315],[-8.70862153681579,38.7210508303734],[-8.70756006725851,38.7206981278229],[-8.7083358500233,38.7194169787071],[-8.70785862292957,38.7190587940767],[-8.70753470657832,38.7192252087237],[-8.70697717512096,38.7189910230638],[-8.70646499159274,38.7193437820505],[-8.70541935126988,38.7190810892434],[-8.70519060411186,38.719288233616],[-8.70542272644074,38.7195034133253],[-8.70636061863917,38.7198490403884],[-8.70593057658373,38.7203043999004],[-8.7042865611569,38.7197871120721],[-8.7042845899104,38.7195398965332],[-8.70501868191621,38.7181250512424],[-8.70409526569041,38.717892654411],[-8.70438913783835,38.7173555626717],[-8.70399392318393,38.717079365524],[-8.70410019859074,38.7168110188729],[-8.70450633754592,38.7167575228749],[-8.70476512651025,38.7169210753254],[-8.70537231905506,38.7165884682995],[-8.70592949766768,38.7167814514837],[-8.70555606967981,38.7175352551382],[-8.70578858804426,38.7178019405184],[-8.70782722444068,38.7185232959845],[-8.70815263769005,38.7185422938447],[-8.70883517634299,38.7174676227237],[-8.70844060591139,38.7172738425975],[-8.70644462253623,38.7167995227285],[-8.70636083884894,38.7164909055522],[-8.70684003247276,38.7154069390265],[-8.70593042708179,38.7150028764296],[-8.7057130363558,38.7149318341699],[-8.70532416654136,38.7154487937521],[-8.7060327876731,38.7159397670353],[-8.70602013904822,38.7160531409132],[-8.70428835196663,38.7164118628966],[-8.70381363859327,38.7163626871348],[-8.70101787485671,38.7153671683713],[-8.70051410177252,38.715070886823],[-8.70119917468969,38.714305276211],[-8.70122423046558,38.7140476237785],[-8.69989386869571,38.7137553699587],[-8.69732160356032,38.71751741643],[-8.69529429874377,38.7164970999341],[-8.69627749456575,38.7148759131315],[-8.69495921405828,38.7143981141807],[-8.69444201062641,38.7141121761349],[-8.6943999838277,38.7139372622339],[-8.6971685651587,38.7094280399094],[-8.69663107886047,38.708312595734],[-8.69479874652321,38.7079299863639],[-8.69466228481717,38.7078070352349],[-8.69471389314052,38.7074771464151],[-8.6957735821371,38.7061020003363],[-8.69365537028909,38.7051570094955],[-8.6913640221191,38.7084540369131],[-8.69056172919304,38.7096058570715],[-8.6880025834585,38.7133573342618],[-8.6904907402634,38.7143621115288],[-8.69069416946218,38.714381732301],[-8.69172092348948,38.713975080894],[-8.69180590202198,38.7127076493231],[-8.69246578759653,38.7121791309662],[-8.6928305327379,38.7120331720603],[-8.6930209647992,38.7121249599905],[-8.69313798531403,38.7132266120454],[-8.69333052752883,38.7135862245031],[-8.69438138417308,38.7145288728802],[-8.69404852362783,38.7152870307398],[-8.69423220210229,38.7162441416106],[-8.69411144801607,38.7163992369456],[-8.69251574371347,38.7168395449513],[-8.69161829827481,38.7181932822709],[-8.6900742668349,38.7183139749714],[-8.67300196635881,38.721859155353],[-8.67485306046033,38.724771460323],[-8.67451540584266,38.7249275419987],[-8.6721583095884,38.7250929718535],[-8.66644042718624,38.7246246591687]],[[-8.6732554621229,38.6892488834051],[-8.67309841110493,38.6888973496742],[-8.67286204989052,38.6887526656012],[-8.67262570693679,38.6883375717249],[-8.67238948596932,38.6879506092154],[-8.67202239592386,38.687664092045],[-8.6717836329047,38.687643845459],[-8.67157430970434,38.6878049301714],[-8.66967196741879,38.6902574478439],[-8.66947828219783,38.6904458219543],[-8.66934547592736,38.6905412795509],[-8.66842837678621,38.6912871874627],[-8.66796957228373,38.6918763834882],[-8.66777672963399,38.6923682883513],[-8.66782193700143,38.6927843802997],[-8.66806111474585,38.6928580053533],[-8.66884452496999,38.6925021601703],[-8.66921695521541,38.6916478985429],[-8.66959345296805,38.6913152569241],[-8.67015297772673,38.6910565025605],[-8.67062284311337,38.6904785883603],[-8.67081976821728,38.6902323822965],[-8.67097712981736,38.6899717989036],[-8.67158304899315,38.6889683992726],[-8.67186303410466,38.6888710360755],[-8.67215826680765,38.6889337199167],[-8.67228595122995,38.6891145976869],[-8.6722948664028,38.6901530605261],[-8.67270650622577,38.6901309169895],[-8.6728955754217,38.6900358444874],[-8.67305820445462,38.6899682073528],[-8.67308039402244,38.6898872928403],[-8.6732554621229,38.6892488834051]],[[-8.70739801373419,38.6910741686955],[-8.70735506256726,38.6907859419703],[-8.707122709502,38.6905295627473],[-8.70541122989744,38.6899611106819],[-8.70463015781409,38.6895457748269],[-8.70447933293797,38.6895000199469],[-8.70401809158204,38.690224033059],[-8.70389528062825,38.6901113210402],[-8.70303693957671,38.6912191567005],[-8.70306600621344,38.6914662405081],[-8.70438981064213,38.6909859173175],[-8.70646896864666,38.691789508502],[-8.70680739870731,38.6917569382229],[-8.70706339275008,38.6915805631434],[-8.70739801373419,38.6910741686955]],[[-8.70463502589123,38.6942259133723],[-8.70451990552152,38.6933817919555],[-8.70382769397189,38.6932203595483],[-8.70335377943255,38.6932535828642],[-8.70267846836288,38.6935144028368],[-8.70200069899134,38.6934662007179],[-8.70164708461455,38.6932928078122],[-8.70037534539488,38.6952253052759],[-8.70159928673015,38.6958065121499],[-8.703020757977,38.693965980951],[-8.70331772716699,38.6938306166662],[-8.70368399706438,38.693890630404],[-8.70432359127709,38.6942480402278],[-8.70463502589123,38.6942259133723]],[[-8.65783146838599,38.7606341429446],[-8.6576261125475,38.760539555126],[-8.65717314451953,38.761550889219],[-8.65686329685684,38.7632464540266],[-8.65700299931781,38.7634621081694],[-8.65737156299344,38.7634964922043],[-8.6570270585639,38.7647667304688],[-8.65764105897516,38.7642857021489],[-8.65762188318602,38.7635226427536],[-8.6578103448862,38.7633052346538],[-8.65842062074478,38.7632199833671],[-8.65885880611044,38.7618876674708],[-8.65952298007545,38.7617506059749],[-8.65890802721887,38.7611964898524],[-8.65779672135123,38.7614490067693],[-8.65783146838599,38.7606341429446]],[[-8.76237530306539,38.6766252977603],[-8.76220928464654,38.6764652641991],[-8.76148074052295,38.676513885402],[-8.76014999807683,38.6762707077349],[-8.75998735581707,38.6764950975251],[-8.75999524698036,38.6773980412799],[-8.76026737386589,38.677593270402],[-8.76073790351388,38.6776175679979],[-8.76097423030011,38.6777503999775],[-8.76140548064846,38.6786600104095],[-8.76255550991794,38.6784034807642],[-8.76262338766124,38.6780991378844],[-8.76236997924257,38.677358447816],[-8.76237530306539,38.6766252977603]],[[-8.71786854962499,38.6878552127019],[-8.71692715274202,38.6870358323357],[-8.71655999630894,38.6868625519538],[-8.71578127300691,38.6877214332947],[-8.71527327520573,38.6885555111276],[-8.71539678173899,38.6887506132048],[-8.71679800230631,38.6894749872084],[-8.71786854962499,38.6878552127019]],[[-8.71607362351129,38.6903541996202],[-8.71423797739523,38.6895186687897],[-8.71368858138427,38.690263081084],[-8.71447159907367,38.6915983205215],[-8.71503421387302,38.6908126357552],[-8.71559096531449,38.6909746793758],[-8.71573955715072,38.6909224288854],[-8.71607362351129,38.6903541996202]],[[-8.70607020134808,38.7117658958587],[-8.70490130738397,38.7113286869142],[-8.70488388824894,38.7108446182097],[-8.70438112895619,38.7106719644733],[-8.70410921340062,38.7122596542919],[-8.70525067975598,38.7126558022312],[-8.70607020134808,38.7117658958587]],[[-8.64103654491133,38.7606909210274],[-8.64089291151231,38.7598818559864],[-8.63946447544238,38.7593662716947],[-8.63956607184851,38.7607333034931],[-8.64103654491133,38.7606909210274]],[[-8.71572428995982,38.7108548150639],[-8.71556288079774,38.7107924949783],[-8.71468009446491,38.7106290070476],[-8.71433066948495,38.7109861319919],[-8.71425166469511,38.7112698104354],[-8.71490903315493,38.7117784957766],[-8.71503943009668,38.7118831956503],[-8.71572428995982,38.7108548150639]]]}},{"type":"Feature","id":"CRUS_Montijo_V.36925","properties":{"AREA_HA":1104.37732699084,"Autor":"DGT","Categoria_2021":"Espaço Agrícola","Classe_2021":"Solo Rústico","DTCC":"1507","Data_Pub_Origem":"1997-02-01T00:00:00","Designacao_no_plano":"Espaço agrícola - Área agrícola da RAN","Escala_origem":"1/25000","Fonte":"AML - Vectorial","ID1":36925,"Municipio":"MONTIJO"},"geometry":{"type":"Polygon","coordinates":[[[-8.56031242041457,38.70415239024],[-8.56062676584009,38.7043603521912],[-8.56086857764373,38.7060141683306],[-8.56169156352354,38.7080678343945],[-8.56185979511712,38.7090491318962],[-8.56205863611615,38.7093302450183],[-8.56275528113476,38.7094640535389],[-8.56332325953309,38.7094165046487],[-8.56369520235586,38.7095405965239],[-8.56391729525684,38.7098307100355],[-8.56394245423916,38.7101579255882],[-8.56290329290397,38.7109254639723],[-8.56277736208741,38.7111986834788],[-8.56251736568262,38.7123234161144],[-8.56267441183151,38.7133683862692],[-8.56215741503031,38.7141885460802],[-8.56214071050575,38.7152705298285],[-8.5615774094747,38.7161090450758],[-8.56145327656739,38.7166850621353],[-8.56117759301859,38.7171315682045],[-8.56096085779072,38.7177415158801],[-8.56096498884244,38.718432473244],[-8.56115877726051,38.7198046167419],[-8.56293190878485,38.7214837443666],[-8.56356394075464,38.7224269607663],[-8.5638232884893,38.7231169748028],[-8.56358593436306,38.7241543084278],[-8.56289523491043,38.7250342496969],[-8.56314025147713,38.7252697263682],[-8.56356975853949,38.7253226944585],[-8.56384913708881,38.7254853115337],[-8.5640860602157,38.7263026910514],[-8.56392498163924,38.7265214884119],[-8.5631707132338,38.7264788185329],[-8.56282326889388,38.7265710177377],[-8.5625111116704,38.7267449061634],[-8.56229395559517,38.7272858006527],[-8.56351676162684,38.7280813694596],[-8.56415138006376,38.7294427881398],[-8.56364211290468,38.7296355952729],[-8.56314112512656,38.729273771603],[-8.5628395105695,38.7292748842444],[-8.56225771423752,38.7309135354171],[-8.56233530994635,38.732244331578],[-8.56313313603004,38.7356635620627],[-8.56289240044259,38.7361463080214],[-8.56314078892423,38.7369363773355],[-8.56307270401728,38.737191195878],[-8.56180423922573,38.7384814844635],[-8.56118536605433,38.739756601494],[-8.56036396315241,38.7420914230366],[-8.55937832432114,38.7431627248047],[-8.55885277276922,38.743559917963],[-8.55855449803745,38.744105316212],[-8.55847362010672,38.7442102548632],[-8.55869791742558,38.7442845695844],[-8.55882158966534,38.7441664059983],[-8.56203519499699,38.7441025423215],[-8.56303859713848,38.7450256988929],[-8.56334413572023,38.7458893857126],[-8.56336186797394,38.7461082080257],[-8.56560716094022,38.7472143723755],[-8.56570920332974,38.7471270451205],[-8.5662923304469,38.7467496150186],[-8.5665220984812,38.7463760545798],[-8.56641712169879,38.7443674865186],[-8.56680879601431,38.7439115118309],[-8.5673013900753,38.7428824669701],[-8.56739989405821,38.7422896062769],[-8.56727387025299,38.7415950440062],[-8.56757895254746,38.7412323075479],[-8.56785716693802,38.7412201725299],[-8.56850823675538,38.7418521778588],[-8.56874287313594,38.7422875684293],[-8.56874685948964,38.742941959156],[-8.56816337745862,38.7461762234359],[-8.56830588777462,38.746721028197],[-8.56865465917009,38.7468469729497],[-8.56960559229981,38.7468070593978],[-8.57030290842001,38.7470225842967],[-8.57172363078275,38.7479261382651],[-8.57314159128482,38.7483752399515],[-8.57372449654053,38.7488456704199],[-8.57395941138803,38.7493174054552],[-8.57400895311811,38.7498261977378],[-8.5737558768662,38.7501725308662],[-8.57300933647618,38.7506476399826],[-8.57295241109687,38.7507431831071],[-8.57408759372649,38.7507138510156],[-8.57535287044948,38.7510346345494],[-8.57876240867853,38.7515851468106],[-8.57892871834346,38.7517180213375],[-8.57929276282907,38.7520088714327],[-8.57959192453666,38.7525551183672],[-8.57964863217986,38.7526586603647],[-8.5799229850197,38.7530583190692],[-8.58007379947125,38.7530029616729],[-8.58222626982418,38.7517673402188],[-8.58305714216974,38.7510916622522],[-8.58349730173371,38.7509990810286],[-8.5840565542105,38.7513967753581],[-8.58447461989141,38.752259294738],[-8.58276233025643,38.7519692690133],[-8.58187349179185,38.7530154424736],[-8.58141442030959,38.7530351886712],[-8.58089561155269,38.75352745165],[-8.58085455058162,38.7537058958349],[-8.58247368817974,38.754338295363],[-8.58254830840072,38.7542220223337],[-8.58287565188961,38.7535599247115],[-8.58393041094615,38.7533401090771],[-8.58464225962192,38.7533553334352],[-8.58514968788848,38.7537219203529],[-8.58553926468669,38.7536035486787],[-8.58640359072535,38.7531110932082],[-8.58728391645784,38.7529623856983],[-8.58818881555563,38.7530314973882],[-8.58867801484887,38.7533746297761],[-8.58907294654934,38.7534820371044],[-8.58944295035171,38.7533171579502],[-8.58953362816125,38.7529899198935],[-8.58943761805535,38.7524818214776],[-8.59059005987671,38.751369564215],[-8.59086554378142,38.7509326489375],[-8.5920005646375,38.7507284256014],[-8.59318359496531,38.750778243501],[-8.59369505606834,38.7509759860629],[-8.59411260000417,38.7509924958411],[-8.59429588467467,38.7506467284696],[-8.59429272200408,38.7501564269261],[-8.59361181170318,38.7488516152228],[-8.59179408333611,38.7474604767023],[-8.59081491585788,38.7471697901889],[-8.5910332486723,38.7468785055529],[-8.59121552940593,38.7463877003606],[-8.59193059390499,38.7463266333988],[-8.59267450747712,38.7466506675412],[-8.59425739818825,38.7476616108515],[-8.59526232542718,38.7489109602795],[-8.5961446566365,38.74912542614],[-8.59633223585968,38.7494516355745],[-8.59617395271964,38.7500698437509],[-8.59671374562044,38.7510848913332],[-8.5969977245457,38.7519738054854],[-8.59695288709404,38.7522101201057],[-8.5976525209067,38.7528430827048],[-8.59851914995044,38.7542664837077],[-8.59865799399856,38.7544250574077],[-8.59931388718501,38.754460002369],[-8.5997312990971,38.7547087763607],[-8.60251481531848,38.7555293567455],[-8.60255873171937,38.7554487536686],[-8.60261504993797,38.7553782141144],[-8.60309258872585,38.7547065732525],[-8.60333877869892,38.7540635268798],[-8.6033330314297,38.7531896485528],[-8.60362659859867,38.752831765726],[-8.6036009697779,38.7523949631324],[-8.60323206043501,38.7516830632584],[-8.60309067525889,38.7509523998435],[-8.60274607714366,38.7504722475535],[-8.60264623468211,38.7491350425191],[-8.60246038703333,38.748565071487],[-8.60170433812418,38.7478190516767],[-8.60071123441813,38.7456293460683],[-8.6006641925776,38.7453976869569],[-8.60088853206919,38.7448974102461],[-8.60043528390838,38.741717553399],[-8.6009679980918,38.739646564724],[-8.60055530210474,38.7391845143355],[-8.59997864118623,38.7380097287574],[-8.59888083474775,38.7363136031357],[-8.59729295133879,38.7353657695478],[-8.59757517303848,38.7350168730003],[-8.59785738044351,38.7346679668056],[-8.60030862935964,38.7365028157121],[-8.60114396324569,38.7375394146239],[-8.6016866447134,38.7387234288896],[-8.60178323890316,38.7395703264113],[-8.60242269742118,38.741623554321],[-8.60202407429778,38.74331971799],[-8.60213988516557,38.7436224888844],[-8.6020111003921,38.7448128020514],[-8.60210636313679,38.7454545726405],[-8.60279308822744,38.7481060528348],[-8.60373444399398,38.7493152030091],[-8.60397036015873,38.7505673614577],[-8.60457444757395,38.7524111008075],[-8.60455621083891,38.7530979170703],[-8.60435454381275,38.7535892618952],[-8.60413393285491,38.7546628163353],[-8.60417167084353,38.7552064225986],[-8.604026897347,38.7556241550089],[-8.60397058165869,38.7557866468425],[-8.60394627096648,38.7557793212267],[-8.60386876955679,38.7559284709253],[-8.60408956484077,38.7559935547215],[-8.60620221874536,38.7562479655835],[-8.60763081222784,38.7570435768656],[-8.60840148936832,38.7572310912891],[-8.60840709006452,38.7571405915548],[-8.60839012839221,38.757028622771],[-8.60836711023361,38.7568766675039],[-8.60818563408237,38.7559431953736],[-8.60821565591077,38.7534949895279],[-8.6083974418481,38.7529864946099],[-8.61049641190555,38.7518970423353],[-8.61132330876606,38.7509506877799],[-8.61168779116235,38.750078767903],[-8.61174969799547,38.7489542071338],[-8.61195727341581,38.7488445475845],[-8.61163811864977,38.7461147847297],[-8.61095074473774,38.7436876493505],[-8.61092312092526,38.7430168106626],[-8.61026685391822,38.741775411099],[-8.6100302411242,38.7409966179689],[-8.61012014516673,38.7405972947661],[-8.61062706550724,38.7402688144933],[-8.61076433653762,38.7400325039663],[-8.61038718826546,38.739000415035],[-8.61028519091706,38.7375863758811],[-8.60926033373232,38.7365840085839],[-8.60866677430149,38.7343196801777],[-8.60793923854181,38.7327812547639],[-8.60798407157573,38.7325634649322],[-8.60837766445528,38.7325981285043],[-8.60909881327051,38.7331754745898],[-8.60935188852433,38.7329568344047],[-8.60925474912027,38.732268135806],[-8.60876100974237,38.7310914412603],[-8.60858947647009,38.7296521534492],[-8.60755832566367,38.7276797483305],[-8.6082347539911,38.7262169637186],[-8.60826376497332,38.7258997351801],[-8.60741091269244,38.7228929550009],[-8.60743032158482,38.7223307204117],[-8.60770493651017,38.7218762555161],[-8.6080754555159,38.7219291463974],[-8.60878107202118,38.7236671379643],[-8.60903761252054,38.7239743731397],[-8.60938549024471,38.7240998943061],[-8.61005509286434,38.7238976836118],[-8.61083879565719,38.7234592525297],[-8.61189544036911,38.7223196369074],[-8.61288611314748,38.7216990100754],[-8.6135666464399,38.7196833260468],[-8.61385241384681,38.719174391761],[-8.61466001856927,38.7180014110231],[-8.61486018041072,38.7176651069907],[-8.61526049843769,38.7169924879674],[-8.61546637597472,38.716647097113],[-8.61638941382406,38.7163040964201],[-8.61702914844646,38.7158388626746],[-8.61692726226004,38.7161562692967],[-8.61640921944215,38.7164754012597],[-8.61620310384364,38.7167660623186],[-8.61671692199273,38.7168475813004],[-8.6156620485587,38.7175223383812],[-8.6151333238641,38.7183098912699],[-8.61452723093288,38.7193185384191],[-8.61469144066974,38.7196623010139],[-8.61501583703078,38.7197516094616],[-8.61599843435861,38.7197022165884],[-8.61705275050017,38.719996977248],[-8.61825425750784,38.7198288230551],[-8.61845133270165,38.7199005177623],[-8.6184998390356,38.7202321266938],[-8.61709720229577,38.7205869364558],[-8.61505853443552,38.7203225606084],[-8.61443482073358,38.7204611488975],[-8.61392769135559,38.7207352472823],[-8.61375588745528,38.7209898293883],[-8.61364593628832,38.7218425867448],[-8.61301161706488,38.7231644707245],[-8.61142363222874,38.7244222380599],[-8.61020155077539,38.7250438076777],[-8.60991067980088,38.7259763831727],[-8.60986176019715,38.7261332327644],[-8.6095495626741,38.7278935156943],[-8.60957759009755,38.7286278079179],[-8.61016580901164,38.7300942613825],[-8.61023816338613,38.7322700438014],[-8.61039799719679,38.7336838472829],[-8.61133396897959,38.7352395351389],[-8.61152310785345,38.7358407748201],[-8.61172570445794,38.7384512405002],[-8.61266152455493,38.7399706512234],[-8.61273678314009,38.7408407766138],[-8.61259230158836,38.7434526664767],[-8.61301457311254,38.7443032304183],[-8.61327047539716,38.7445016508551],[-8.61398910240389,38.7446800294478],[-8.614105910491,38.7448427455189],[-8.61408484192917,38.7451511138467],[-8.61314811591999,38.7469592855861],[-8.61337333114673,38.7494789760282],[-8.61328465276249,38.7500596276306],[-8.61220591379815,38.7514113909028],[-8.61047842541421,38.7526697224246],[-8.60978927954754,38.7534523000825],[-8.60951649339882,38.7541969081947],[-8.60948615320635,38.7565907155981],[-8.60920405989614,38.7572857711781],[-8.60912823141454,38.7573630475848],[-8.60905664205448,38.7574196890327],[-8.60921702129514,38.7574879069922],[-8.61447012854441,38.7609850542068],[-8.61610503966471,38.7615167434219],[-8.61689505254212,38.7624526275786],[-8.61752285968806,38.7630510821932],[-8.61844133181957,38.7640126617324],[-8.61866655177122,38.7642484469691],[-8.61935913145175,38.7649593211151],[-8.62051759860213,38.7659687754593],[-8.62105945964015,38.7664334563245],[-8.62163759190637,38.766927902331],[-8.62172129566243,38.7668910284242],[-8.62217894463432,38.7668068537522],[-8.62266695840084,38.7663937268449],[-8.62334913072634,38.7643354318828],[-8.62392552868551,38.7632608976986],[-8.62403846100003,38.7630503638591],[-8.62401566915991,38.7629550544617],[-8.62400598552705,38.7627861969492],[-8.62394024721573,38.762493156587],[-8.62382696043988,38.761988142038],[-8.62415804983933,38.7603610065974],[-8.62387816874335,38.7594778535482],[-8.62403864404113,38.7587383976751],[-8.62369169634906,38.7580608813128],[-8.62391466864903,38.7573005526774],[-8.62436780595192,38.7568251486941],[-8.62423329597836,38.7563477518573],[-8.62441229223571,38.7558288309302],[-8.62434100836652,38.7554181694007],[-8.62326096737142,38.7545961959441],[-8.6236453787818,38.7543152866232],[-8.62474275183881,38.7548922113019],[-8.62546282423078,38.7545563371324],[-8.62551941812779,38.7543133153081],[-8.62678549997861,38.7529274427168],[-8.62715637870766,38.7521215125283],[-8.62715261290964,38.7515763469438],[-8.6269324862038,38.7510857223704],[-8.6268578105271,38.7501833657344],[-8.62696462143959,38.7499572453467],[-8.62806058184496,38.7509093645915],[-8.62841399082998,38.7525255274772],[-8.62750889712659,38.7536107868706],[-8.62549385905253,38.7555364192282],[-8.62551851697133,38.7558044374947],[-8.62578069481334,38.7574299282655],[-8.62544510564624,38.7583965868612],[-8.62543698431972,38.758872792175],[-8.62605251053097,38.7604512721856],[-8.62565550166403,38.761696158501],[-8.62553254750786,38.7620816967756],[-8.62546683156066,38.7623353519916],[-8.62545925058239,38.7624746366312],[-8.62518763121385,38.7635186717902],[-8.62536089303122,38.7638128980503],[-8.62564659817986,38.7638563797272],[-8.62661353724052,38.7633606995098],[-8.62745322792371,38.762624235694],[-8.62780075270114,38.7625289167922],[-8.62851689023524,38.7627235291182],[-8.62839339813813,38.7633355060199],[-8.62787403736193,38.7637566626591],[-8.62476185811774,38.765214291275],[-8.62403450081394,38.7664601937335],[-8.62308443146712,38.7678744145429],[-8.62301610858903,38.7679430539578],[-8.6238138139668,38.7684969348893],[-8.62490385434013,38.7688429613864],[-8.62486660171392,38.7689841515774],[-8.62502052681072,38.769521385438],[-8.62343608764271,38.7704844798229],[-8.62409442873648,38.7711934732611],[-8.62528982021279,38.7724695902732],[-8.62659225333666,38.7735998261208],[-8.62717019656833,38.7738395399961],[-8.62731530541376,38.7737547905718],[-8.62773855697341,38.77419904609],[-8.62851532037675,38.7750334854921],[-8.63082749699629,38.7765730020917],[-8.63175209506191,38.777145558936],[-8.63324794487911,38.7787695873009],[-8.63410531127704,38.77959463473],[-8.63484060218788,38.7802400431312],[-8.63658776246195,38.7815791958791],[-8.63697528104221,38.7818612709533],[-8.64046189775511,38.7842332487415],[-8.64058057015537,38.784131124016],[-8.64098932010941,38.7834732417728],[-8.64100081077122,38.7818504750672],[-8.6412265280811,38.7812184311803],[-8.64126527222006,38.7801905374102],[-8.64151343197705,38.7794772699257],[-8.64177697462886,38.7776911330394],[-8.6417399574125,38.7757260043558],[-8.64145512523044,38.7745192172795],[-8.64092158285862,38.7739445737164],[-8.64013649770793,38.773605417946],[-8.63909400265711,38.7726723715683],[-8.63750583674948,38.7717308686288],[-8.63736238157287,38.7709742176894],[-8.63699014673241,38.7704168918883],[-8.635880455766,38.7697365370305],[-8.63543943456213,38.7692155611762],[-8.63541439481999,38.7689271801885],[-8.63566670686008,38.7687998830519],[-8.63598944977756,38.7688706086424],[-8.63728390720848,38.7696403252908],[-8.63746855956467,38.7697116441936],[-8.63767470751447,38.769566507867],[-8.63820955008257,38.7670760226132],[-8.63818322480319,38.7662864170707],[-8.63643708535305,38.7641173010898],[-8.63512060470284,38.7634742406859],[-8.63447224130292,38.7629183916609],[-8.63379772181774,38.7619121451443],[-8.63323685795269,38.7615226063056],[-8.63246166622614,38.7612245213885],[-8.63233611060801,38.7611930098021],[-8.63251279955658,38.7608593607901],[-8.63259900206655,38.7603859338875],[-8.63257252508346,38.7597991059802],[-8.63255304411026,38.7582135615171],[-8.63269740676288,38.7580821602657],[-8.63287022149288,38.7577319252774],[-8.63362594861714,38.7562002852421],[-8.63365614585933,38.7542577550909],[-8.63391257435848,38.7530381447434],[-8.63494123617063,38.7518707194583],[-8.63510128119117,38.7516946984422],[-8.63542007438356,38.7511569547182],[-8.6353248056636,38.7499683015887],[-8.63529526775452,38.7497900436057],[-8.63517983805408,38.7481162157607],[-8.63547940650309,38.7481239520725],[-8.6356108115155,38.7487913101272],[-8.63586557205673,38.7489797587806],[-8.63624552456018,38.7489510421325],[-8.63767151665469,38.7478569852132],[-8.63846248319923,38.7480478813697],[-8.63852218176134,38.7483454803542],[-8.63767705438808,38.7493853470973],[-8.63665052607203,38.7508429714841],[-8.63618475146443,38.7517746593997],[-8.63625679618975,38.752189545222],[-8.63652391081615,38.75249528531],[-8.6371815719965,38.7526368601619],[-8.63814362134132,38.7530239148283],[-8.63829487400214,38.7532308843463],[-8.63818150532833,38.7534931745428],[-8.63736331940238,38.7534786548998],[-8.63625440916081,38.7530862465485],[-8.6359328112651,38.7532320674324],[-8.63542007395699,38.7540522198533],[-8.63514007486374,38.7551998988637],[-8.63463537234743,38.7555270608144],[-8.63411664854365,38.7564953605001],[-8.63427570210233,38.7568195225706],[-8.63431405643519,38.7570262352649],[-8.63398446904641,38.7580116733198],[-8.63392172701018,38.7593647442049],[-8.63391463635154,38.7595176384855],[-8.63393519450822,38.759511559145],[-8.63395988679802,38.7597807471711],[-8.63403520639761,38.7600508496263],[-8.63420948952638,38.7606758421243],[-8.63492894148071,38.761555962003],[-8.63557798844939,38.7622381156106],[-8.63867784614837,38.7645859659461],[-8.63916202950363,38.7653698562411],[-8.63933012609135,38.7663604980277],[-8.63913056757751,38.7674248257706],[-8.63918945131032,38.7695641861048],[-8.63932904441487,38.769779878832],[-8.63958267861606,38.7698508775667],[-8.6402222519329,38.7691811756341],[-8.64061344484515,38.7691794731043],[-8.64082233366106,38.7694309132739],[-8.6407777178374,38.7696293810732],[-8.63968047699606,38.7706615647764],[-8.63941021367046,38.7714918764136],[-8.63952718175958,38.7717617420327],[-8.64033668890061,38.7723350210131],[-8.64061347291255,38.7724239411446],[-8.64100415959089,38.7723501401112],[-8.64148561293687,38.7720956932495],[-8.64180789892953,38.7721123123639],[-8.64203981375485,38.7723636490741],[-8.64269305801361,38.7736108383032],[-8.64295191609424,38.7744118108581],[-8.64283821143161,38.7762147806245],[-8.64292244566762,38.7775370130543],[-8.64304048629634,38.7787599463678],[-8.64231538391794,38.7803547380126],[-8.64228522864481,38.7809677161589],[-8.64240178500205,38.7811744880681],[-8.64194791095943,38.7820777051785],[-8.64226495795161,38.782965872637],[-8.64223403003114,38.7834707045985],[-8.64196272247353,38.7841568256132],[-8.64196471278211,38.784436197645],[-8.64214598494078,38.7845165234942],[-8.64255989150385,38.784460640234],[-8.64306436266913,38.7841970788524],[-8.64359005456161,38.7836810650152],[-8.64398956026934,38.7832233067111],[-8.6448523891127,38.7815792763033],[-8.64500354552768,38.7805088478781],[-8.64527616757126,38.780011970309],[-8.64624223655151,38.7767308411308],[-8.64689895182178,38.7752445294621],[-8.64686321148175,38.7750734458933],[-8.64621638799949,38.7747338295501],[-8.64601838837616,38.7744012351978],[-8.64599042061018,38.7737110253523],[-8.64620327712672,38.7729079940135],[-8.64690673565102,38.7715259954342],[-8.64755699463876,38.7710662090546],[-8.64794402981778,38.7704877126309],[-8.64836898109399,38.7687852050044],[-8.64832458750407,38.7674155159658],[-8.64849057731817,38.7665000516402],[-8.64890007028593,38.7658493433263],[-8.64909896696922,38.7656175534279],[-8.64965306537394,38.7649718060117],[-8.65034002310083,38.7645091293078],[-8.65082366722961,38.7632948358317],[-8.6519273654539,38.7616046123942],[-8.65208718624139,38.7602643980452],[-8.65275839373678,38.7577603827235],[-8.65341759188815,38.7567678270339],[-8.65323166525717,38.7564807708268],[-8.65330005993052,38.7557837263199],[-8.65310829007612,38.7547229637923],[-8.65295109290233,38.7536697858107],[-8.65315888937341,38.7528302612729],[-8.65316822780845,38.7527035385616],[-8.65368492573885,38.7525706181525],[-8.6536595213753,38.7526834679871],[-8.65347560758762,38.7546495232412],[-8.65364160952523,38.7553336229354],[-8.65410796985392,38.7561966034184],[-8.65417855803502,38.7564125512806],[-8.65345473491606,38.7581045350876],[-8.65339084796609,38.7588076848168],[-8.65350796638767,38.7590955163346],[-8.65373866376349,38.7591845928335],[-8.65412894373219,38.759074718505],[-8.65520578898056,38.758475168983],[-8.6560801904183,38.7585073011148],[-8.6569890158047,38.7578596028549],[-8.65715916652115,38.7578438489199],[-8.65745982264031,38.758161821309],[-8.65738057917134,38.7584506125462],[-8.65696093980334,38.7588042959918],[-8.65539784218374,38.7595736598141],[-8.65420491976349,38.7600295476707],[-8.65395344259263,38.7602469345425],[-8.65402600319871,38.7607332120867],[-8.65377465401282,38.7609686230752],[-8.65331456113972,38.7609706762249],[-8.65322595559556,38.7614396481225],[-8.65256780461504,38.7626789969549],[-8.65266139221525,38.7628948432703],[-8.65415818164967,38.7630864119615],[-8.65459698775421,38.7633187386817],[-8.65455242616828,38.7635171764698],[-8.65241331616363,38.7635807872544],[-8.65197855918489,38.7639071263645],[-8.65175177169287,38.7643586870236],[-8.65182379867991,38.76477286767],[-8.65223934728316,38.7649692661362],[-8.6534587850978,38.7649818559308],[-8.65355160330587,38.7650895733106],[-8.65311631799973,38.7653438186226],[-8.65307266794743,38.7656684173633],[-8.65328051741509,38.7657756213354],[-8.65420059755512,38.7657499395732],[-8.65539481223993,38.7654562430499],[-8.65641905468128,38.7655147250093],[-8.65661492961731,38.7655589042102],[-8.6575668765571,38.7652760558307],[-8.65850565906989,38.7655557961345],[-8.65895130315326,38.765234095104],[-8.66050041657079,38.7654333550468],[-8.65982537042986,38.7659417254155],[-8.65749052865808,38.7659728760783],[-8.65625157504041,38.7662093239063],[-8.65556046209811,38.7660862749146],[-8.65443512859173,38.7663616399264],[-8.65381408936728,38.7663824397893],[-8.65213004928925,38.7657591742943],[-8.65139372154412,38.765744423942],[-8.6506363404595,38.766000091493],[-8.65006339910353,38.7663090119212],[-8.64960756870617,38.7669057646205],[-8.64949683202502,38.7675009777821],[-8.64954936645126,38.7684018560118],[-8.64978608121181,38.7693199252469],[-8.64999625002607,38.7695194029783],[-8.65016028705349,38.7695292059765],[-8.65094175106654,38.7694176065726],[-8.65117313159605,38.7695968011985],[-8.65115196012801,38.7698491991136],[-8.6509922158782,38.7700301306938],[-8.64979999234771,38.7706121267079],[-8.64927484614364,38.7711731349458],[-8.64728378639265,38.772659740364],[-8.64705733128346,38.7731653641901],[-8.64703782900079,38.7736520417991],[-8.64780512004202,38.7747606974716],[-8.64783034045801,38.775066955519],[-8.64742136050791,38.775789648158],[-8.64620960668901,38.7800771284348],[-8.64637171622965,38.7802205871339],[-8.64669413455742,38.7802552171125],[-8.64768151740391,38.7799625109472],[-8.65010161391972,38.7773205858911],[-8.65195965491694,38.7765193632013],[-8.65271491323248,38.7759573096829],[-8.65340283562798,38.7756298478273],[-8.65363371737478,38.7757369483754],[-8.65352103349045,38.7760618460651],[-8.65263008702178,38.776948902952],[-8.65072601395519,38.7777503410437],[-8.64999308342835,38.7782221675809],[-8.64887859672005,38.780029303411],[-8.64787373618277,38.7810899423742],[-8.64711566198649,38.7812735087109],[-8.64633198994535,38.7810967395502],[-8.64566712760799,38.7814420826781],[-8.64543998684554,38.7818575904692],[-8.6450622280194,38.7837335399874],[-8.64444645241885,38.7845111859598],[-8.64389724484011,38.7849461271025],[-8.64392193715764,38.7851803057304],[-8.64417727068182,38.7854855561653],[-8.64463930487827,38.7857322835026],[-8.6477003010549,38.7863991289993],[-8.64973377413285,38.787542916353],[-8.64998873681691,38.7877939543817],[-8.65093068734176,38.7907437790008],[-8.65165512077324,38.7922535836391],[-8.65237721544926,38.7934391717771],[-8.6526318278271,38.7936361672292],[-8.65301862428522,38.7930220304731],[-8.65434414929555,38.7917372488931],[-8.65447619211976,38.7909081009027],[-8.65484230825197,38.7906182632431],[-8.65513807299302,38.7901486265566],[-8.65536347160242,38.7894991733863],[-8.65546905493556,38.7882018290136],[-8.6552820484477,38.787806390297],[-8.65500339037866,38.7874654086078],[-8.65389323865511,38.7867138603969],[-8.65377633543192,38.7864622140186],[-8.65411982026558,38.7862265191917],[-8.65448816152608,38.7862428878786],[-8.65518104692336,38.7865820165347],[-8.65561855059541,38.7866160796398],[-8.65612390967401,38.7864877303415],[-8.65745469078779,38.7859413857084],[-8.65830730575249,38.7852139053893],[-8.65865262494245,38.7841604658613],[-8.6582520942196,38.7813984749657],[-8.65783989949973,38.7807416347511],[-8.65704646308737,38.7799408117646],[-8.65701658151468,38.7795696931512],[-8.65763556712906,38.7788037758231],[-8.65796279975683,38.7789879302575],[-8.65826971061203,38.7801003164182],[-8.65859558623919,38.7800988479536],[-8.6592681155127,38.7792295494835],[-8.65951220852011,38.7791871998682],[-8.65964982221554,38.7794340804385],[-8.65911413840515,38.7804471437867],[-8.6589351235283,38.7819535911827],[-8.65920896840619,38.7822617431989],[-8.66002535382991,38.7824849299246],[-8.6601092653753,38.7828145562438],[-8.65962681890811,38.7836830019197],[-8.65959117178101,38.784374116065],[-8.65993125499258,38.7844550742126],[-8.66109714162256,38.7841919853663],[-8.66216507000782,38.783537446929],[-8.66381800521423,38.7830349316126],[-8.66477670715384,38.7823814174561],[-8.66724935989203,38.7793544406129],[-8.66844907340348,38.7781836101357],[-8.66968061059265,38.7762724012166],[-8.66971732434244,38.7757382781682],[-8.67014168771434,38.7752567233356],[-8.67056871871723,38.7742647389151],[-8.67113892928051,38.7706526798673],[-8.67107809988475,38.7697866935855],[-8.67195257269006,38.7692992622059],[-8.67181230619314,38.7699276832887],[-8.67184303545708,38.7704019265689],[-8.67203450560308,38.7705866693982],[-8.67344114714857,38.7698789001874],[-8.67365271017087,38.7695297897864],[-8.67449892627202,38.7692216387271],[-8.67509072115376,38.7686209154433],[-8.67517888095201,38.7684257612411],[-8.67524811169551,38.7682336980487],[-8.67579611809541,38.7677368556927],[-8.67634438371202,38.7683228649508],[-8.67601873895893,38.7684473934594],[-8.67551172299764,38.7692912121391],[-8.67543925340254,38.7693793910648],[-8.67532699595211,38.7695469872944],[-8.67346879079805,38.7705630252398],[-8.67305111310547,38.7709877830741],[-8.67218486663663,38.7713424163275],[-8.67183768597837,38.7718979554206],[-8.67156998654784,38.7742108552469],[-8.67105141147129,38.7759892174717],[-8.67050632205129,38.7772064421402],[-8.66941674888294,38.7785727288321],[-8.66830783446947,38.780407578564],[-8.6659100267875,38.7825359903362],[-8.6649979620892,38.7840561172948],[-8.66460679050005,38.7844085344301],[-8.65992963800003,38.7865390205291],[-8.65879663788034,38.7875857114993],[-8.65784302635935,38.7885745104179],[-8.65755199879901,38.789627711307],[-8.65733774319735,38.7900411830362],[-8.65696894020326,38.7903537046718],[-8.65453782539883,38.7925597154018],[-8.65250737663866,38.7949398424971],[-8.65253326923992,38.7953360933397],[-8.65399201398322,38.7965907469157],[-8.65469815120291,38.7977865878034],[-8.65473689125895,38.7978787638243],[-8.65569791950544,38.8007898777943],[-8.65609311085136,38.8013373090152],[-8.65804338619993,38.803465776239],[-8.65873070776116,38.803896671622],[-8.65975633310979,38.804830539966],[-8.66040311706085,38.8059620705636],[-8.66166371704857,38.8075908625771],[-8.66359384611826,38.8080137085071],[-8.66486251376471,38.8085181355464],[-8.66376100222814,38.808588858412],[-8.66305979414675,38.8088268840605],[-8.66272410246407,38.8095352494488],[-8.66262561410239,38.8109073455619],[-8.66278640697517,38.8142177245566],[-8.66365420164352,38.8158226313403],[-8.66549393765647,38.8176092527789],[-8.66630012820252,38.818229516446],[-8.66901052560929,38.8191349540361],[-8.67218855185519,38.8199219655096],[-8.6746367222733,38.8202715817717],[-8.67516586334159,38.8201763055297],[-8.67543468386635,38.8197934634416],[-8.67557722467239,38.8188852395251],[-8.67484093087195,38.8166970295875],[-8.6748231168095,38.8161402011129],[-8.67501197629887,38.8159640026475],[-8.6765820883174,38.8189846994348],[-8.67661138250721,38.8192630140467],[-8.67619807481714,38.8202962600663],[-8.67628218562984,38.8206362035326],[-8.67686858215834,38.8209222352081],[-8.67834936066327,38.8209050043483],[-8.67938290459007,38.8210434177725],[-8.67967156092582,38.8210909754069],[-8.67966880642712,38.8210529955014],[-8.67994503355044,38.821136031631],[-8.68135308987837,38.8215592913503],[-8.68407623127009,38.8227796924445],[-8.68723984106219,38.8244645710182],[-8.68860821083522,38.8257059439584],[-8.68934448002013,38.8265546484847],[-8.69028096287043,38.8281590242179],[-8.69116571509435,38.8300936596173],[-8.69132096098841,38.8325680748707],[-8.69206118663763,38.8333895742268],[-8.69274189171209,38.8335513231033],[-8.69355622258372,38.8334236520788],[-8.69373883868685,38.832453340066],[-8.69292287935699,38.8289095390223],[-8.69249055563509,38.8274935534599],[-8.69147211522786,38.8258380185196],[-8.69105708588319,38.824891198813],[-8.69092569716907,38.8237264448379],[-8.69063723284831,38.8233256058975],[-8.69005018865373,38.8229086641617],[-8.68927416998482,38.8227061063806],[-8.68875587460426,38.8224507457014],[-8.68863175621795,38.8222141425966],[-8.68862990856616,38.8219769471967],[-8.68894085940452,38.821779508637],[-8.68951332688046,38.8220139814717],[-8.68983923006618,38.8219918060905],[-8.68996006339331,38.82180558655],[-8.68829299323043,38.8187551154173],[-8.6880978955936,38.8180904977748],[-8.68826535833179,38.8169140024756],[-8.68800457385355,38.8130430112247],[-8.68817129425985,38.8117736925564],[-8.68890594207459,38.8119117969941],[-8.68938226163457,38.8120013418815],[-8.68928439186858,38.8133640252227],[-8.68964611360722,38.8144554947576],[-8.68973663336349,38.8155921618772],[-8.6900256139185,38.8160651908754],[-8.68995277178149,38.8166001199608],[-8.69008555698891,38.8167823266508],[-8.6906156180105,38.8168107353468],[-8.69099842071912,38.8171182975563],[-8.69052882552239,38.8178734030465],[-8.69032979550929,38.8184828272403],[-8.69032202648781,38.8192101870488],[-8.69055790018244,38.8198381592098],[-8.69175294097007,38.8215103243447],[-8.69236155744536,38.8228887621912],[-8.69266934905911,38.8240217348316],[-8.69276167788696,38.8253883235569],[-8.69342072270058,38.8262617756196],[-8.69391152067127,38.8266171173164],[-8.69451008170435,38.8267070528978],[-8.69537696364054,38.8263625408995],[-8.69582540771068,38.8263706912567],[-8.6960580984327,38.8265861432828],[-8.69580278831864,38.8269483389408],[-8.69450623373228,38.8279446514761],[-8.6944027092888,38.8285917873231],[-8.69489312765593,38.8321304817776],[-8.6951351841451,38.8332502870942],[-8.69462069233615,38.8338605434277],[-8.69325747553767,38.8350401575156],[-8.69356275348027,38.8358431171192],[-8.69449262262699,38.8365811860536],[-8.69933693343793,38.8395205942183],[-8.70064923571185,38.840483644654],[-8.7012889286408,38.8406042863519],[-8.70149096546367,38.840376412364],[-8.7018657842848,38.8389089378491],[-8.70227666455441,38.8389007355109],[-8.70234633875483,38.8408186391832],[-8.70267660743459,38.841332679435],[-8.70346942634791,38.8419063399328],[-8.7038520818256,38.8419068624613],[-8.70429158588247,38.8437915880294],[-8.70049717381443,38.8417075305221],[-8.69956085675039,38.8412990930911],[-8.69782127416958,38.8409142074605],[-8.69675430114764,38.8403687228709],[-8.6958512593729,38.8395848282419],[-8.69488040569378,38.838075213329],[-8.6933884906293,38.836214105344],[-8.69280954809918,38.8350959151448],[-8.69212726200611,38.8340175539793],[-8.69099948277578,38.8330692339409],[-8.69068430548259,38.8323295491005],[-8.69086395134691,38.830768692524],[-8.6899123529942,38.8282356492738],[-8.68888396359692,38.8263893531215],[-8.68659493092511,38.8245282489037],[-8.68480632951019,38.8235799304719],[-8.68357191770782,38.8234193632463],[-8.68206908047694,38.8229947482324],[-8.68064247764006,38.8227207773282],[-8.67977769315976,38.8225546905974],[-8.67961957947393,38.8224793718243],[-8.67947472947434,38.8224185701546],[-8.67882101975848,38.8223674923307],[-8.67778872677274,38.822286828891],[-8.67641402851092,38.821690041221],[-8.67491466185876,38.8218228858657],[-8.67340502284712,38.8214970887987],[-8.67244060149498,38.8207943557163],[-8.67125903241162,38.8203630154787],[-8.66889090424975,38.8203479722571],[-8.66451530031801,38.8178511920194],[-8.66219729055939,38.8156569322262],[-8.66071016470114,38.8146444665787],[-8.65933113995331,38.8134234930083],[-8.65774553777322,38.8117848080788],[-8.65659693705472,38.8103896685299],[-8.65647715616382,38.8096046646397],[-8.65488807818075,38.8074872580689],[-8.65479020033693,38.8065771785014],[-8.65393342666833,38.8047956890481],[-8.65376780332908,38.8039751782556],[-8.65273329318279,38.8028299621438],[-8.65295807163007,38.802382627824],[-8.65333010178021,38.8002385817705],[-8.65259400759862,38.7962248856407],[-8.64958485632539,38.7925354071052],[-8.64909948373294,38.7916270358586],[-8.6489557282368,38.7906635987399],[-8.64835663555862,38.7897914346235],[-8.64609691100685,38.7884855760602],[-8.64388866086628,38.7868926622957],[-8.64385740653612,38.7868701167464],[-8.64385395952464,38.7868767328777],[-8.64375470534071,38.7868311672629],[-8.64359613472794,38.7867717055182],[-8.64273064170079,38.7864114993774],[-8.64084335706846,38.7863355996162],[-8.64013277407197,38.7859045277241],[-8.63970003990182,38.7854038738231],[-8.63796509640969,38.7851167768455],[-8.63572380178931,38.7838354613856],[-8.63228880800146,38.7812280623631],[-8.63004214898954,38.7789815392933],[-8.62851720291544,38.7777157737662],[-8.62809234201511,38.7772711805011],[-8.62784777355486,38.7765222611143],[-8.62730819306716,38.7759710198143],[-8.62439006143332,38.7736691822361],[-8.6239297638695,38.7730372310041],[-8.62368525384597,38.7722883118934],[-8.62245562201509,38.7705024984352],[-8.622194162303,38.7689412010455],[-8.6214266943226,38.7680560607194],[-8.62100266589064,38.7677185689615],[-8.61983688747767,38.767250253442],[-8.61784037759981,38.7654242689681],[-8.61774622635932,38.7653291777298],[-8.61761884398294,38.765223663143],[-8.61744207781019,38.7650919144528],[-8.61666966752393,38.7645162078924],[-8.61560600487364,38.7639105318973],[-8.6132108963545,38.7620184656506],[-8.61230695987014,38.761504279724],[-8.61114988455322,38.7603974176814],[-8.61009575269624,38.7596246524326],[-8.60901018900605,38.7592628783198],[-8.60813747752703,38.7591442800222],[-8.60634301060857,38.758213981488],[-8.60254325523037,38.7572319061433],[-8.60134327422223,38.7567456159678],[-8.60023090164824,38.7567590045412],[-8.59954564465411,38.7565474482589],[-8.5989157532259,38.7560856403733],[-8.59738838396499,38.756073870368],[-8.59631829298524,38.756274572829],[-8.59529729734366,38.7570197665417],[-8.59434180353537,38.7573182198548],[-8.59174507644277,38.7576320599893],[-8.5907496085757,38.7575734656332],[-8.58971047281453,38.7572739433254],[-8.58839603767592,38.7566986719167],[-8.58759729825378,38.7565589223504],[-8.58439917126795,38.756401689244],[-8.58310973157053,38.7561655749199],[-8.58208137448789,38.755758793011],[-8.57913192821945,38.7537993726731],[-8.57753204319364,38.7531179198408],[-8.57666389722896,38.7524371945312],[-8.57612403538707,38.7517606111594],[-8.5751867347444,38.7513177058952],[-8.57394436844568,38.7513045474725],[-8.57307191862075,38.7515846590949],[-8.57242444632534,38.7519353421312],[-8.57169942554699,38.7526524242777],[-8.57119888636832,38.7528061000328],[-8.56989995396641,38.7528645546335],[-8.56924297187761,38.7527866539289],[-8.56732274282024,38.7518830229728],[-8.56581712359923,38.7505213497147],[-8.5647862220342,38.7495853660244],[-8.56373477834306,38.7490367036072],[-8.56208649431726,38.7485709052895],[-8.56085461784204,38.7479765258931],[-8.55861977446529,38.7462968547004],[-8.55699336410898,38.7455949753879],[-8.55571813547483,38.7454907163033],[-8.55509856957995,38.7457513471791],[-8.5533820687994,38.7454851731727],[-8.55257097111946,38.745488094575],[-8.55134124229197,38.7452382887558],[-8.54928050831807,38.7443612575003],[-8.54584018523061,38.742539464656],[-8.54527533078976,38.7423881559551],[-8.54504220829745,38.742246608251],[-8.54453070746992,38.7419360248546],[-8.54301360792502,38.7415352970612],[-8.54193052465737,38.7412491955787],[-8.54129224975147,38.7411443628956],[-8.54043643823716,38.7412365813858],[-8.53891021119248,38.7411705254127],[-8.53579063925725,38.7412527246393],[-8.53278194531707,38.740799094592],[-8.52975476790581,38.7398867875149],[-8.52605712700647,38.7383735138918],[-8.52438989407763,38.7374957769496],[-8.52235548582676,38.7360927950048],[-8.5214537343777,38.7356906665976],[-8.51878548864505,38.7349678658358],[-8.51637045777813,38.7347438400861],[-8.51372959103493,38.7341097071028],[-8.51324577162373,38.7341043954938],[-8.51309061732185,38.7341026947058],[-8.51107512051273,38.7340436248442],[-8.51125637238371,38.7321410051747],[-8.51095626521288,38.7311632454498],[-8.51117779513364,38.7312220252294],[-8.5114319918594,38.7309296720489],[-8.51085530871723,38.7295923517071],[-8.51089934547819,38.7291249343772],[-8.51117086479158,38.7277119782904],[-8.51087766143683,38.7272209812028],[-8.50920508954401,38.7261574217625],[-8.50894331817521,38.7259937344917],[-8.50718330545824,38.7247476724916],[-8.50638338562922,38.7229282125425],[-8.50510493874417,38.7222910067032],[-8.5047894489244,38.7219731543152],[-8.50456511693942,38.7212997150462],[-8.50394408839553,38.7203360189124],[-8.5036353760686,38.7190797984468],[-8.50277252521217,38.7185450442133],[-8.50222472007705,38.7185552479638],[-8.50186106507004,38.7186957992211],[-8.50148869711626,38.7185695131516],[-8.50178799628064,38.7180404770441],[-8.50096832552155,38.7167683885867],[-8.50100981650362,38.7154327474196],[-8.50123998568779,38.715466458427],[-8.50281718754783,38.717039037034],[-8.50295256530285,38.717008488343],[-8.50427066556906,38.7178796396139],[-8.50670854319429,38.7204849570465],[-8.50724555948734,38.7214365219772],[-8.50746741681729,38.7216543277104],[-8.50779310614157,38.721735217981],[-8.5080134288136,38.7216616709841],[-8.50809369598027,38.7214611094543],[-8.50831919468384,38.7201583842901],[-8.5083749320326,38.7197120617938],[-8.50816295455422,38.7191610453806],[-8.50852431936924,38.7191226964213],[-8.50866014296773,38.7191082876982],[-8.50940211179454,38.7210586179786],[-8.50945186793936,38.7216838606265],[-8.50915375471654,38.7229968751667],[-8.5089523781691,38.7236938022116],[-8.50891050942906,38.7238066042736],[-8.50917593806085,38.7241250649439],[-8.50931108178495,38.7241114575695],[-8.51007375132151,38.7249994489534],[-8.51303920454683,38.7283315119841],[-8.51299558893407,38.728489196887],[-8.51336605939261,38.7290139221989],[-8.51352473359309,38.7290352137774],[-8.51383157670873,38.7297071941417],[-8.51367372396614,38.7297517290015],[-8.5139162499011,38.7302643475535],[-8.51380679446556,38.7304050389217],[-8.51330806121664,38.731299500449],[-8.51323104978886,38.7321095659194],[-8.51334895451784,38.732436741282],[-8.51458429497994,38.7331833717841],[-8.51563212193788,38.7336166833052],[-8.51697178057008,38.7338441729623],[-8.51730885371516,38.7338846561909],[-8.51761388556898,38.7341215712965],[-8.51855854262275,38.7343814174192],[-8.52075000066624,38.7345995491928],[-8.5208433653657,38.7344672625378],[-8.52244925369624,38.7335496732281],[-8.52364580694336,38.7320127884041],[-8.52465229899505,38.7313908026226],[-8.52553262506231,38.7310512471939],[-8.52603166147299,38.7310313692292],[-8.52856840712865,38.7321599479422],[-8.52895155773389,38.732176835044],[-8.52921758885053,38.7320030843766],[-8.52930903061838,38.7317480537073],[-8.52912145016068,38.7314120963289],[-8.52562008695788,38.7279507146954],[-8.52491871997776,38.7270529355241],[-8.52512595831029,38.7267431007617],[-8.52596404904323,38.7271767097991],[-8.52643984095067,38.7271569271517],[-8.52689896235125,38.7262188632374],[-8.52709542769,38.7260636299417],[-8.52727894969766,38.7261455780632],[-8.52753947846016,38.7266892426085],[-8.52759784142878,38.7288538688319],[-8.52792590162743,38.7294166988445],[-8.53172414226865,38.7326846912242],[-8.53273573594162,38.7330132273469],[-8.53480231425403,38.7331289219062],[-8.53618959816753,38.7333843121902],[-8.5377440607236,38.7332424909428],[-8.53823244243092,38.7334045247629],[-8.53874523359238,38.7337756645966],[-8.53917853493972,38.7344563529562],[-8.5402528539081,38.7355986807532],[-8.54036170648365,38.7363714506679],[-8.54139854295426,38.7374450769912],[-8.54224264551342,38.7389627538509],[-8.54232726505996,38.7391715277007],[-8.54355986269846,38.7394301593663],[-8.546124339864,38.7405230533529],[-8.54622145795802,38.7404375683054],[-8.54718208659599,38.7399929284185],[-8.54892428003302,38.7383175031228],[-8.54903311279132,38.7370806362579],[-8.54894681748903,38.7362081377566],[-8.54781416218781,38.73455112693],[-8.54828531624299,38.7337766496137],[-8.54834084430458,38.7333491471614],[-8.54817246172691,38.7323223796038],[-8.54794976012128,38.7319286110087],[-8.54756494117008,38.7315844948144],[-8.54595061736083,38.7312720138344],[-8.54550857985548,38.7310644658387],[-8.54512257270672,38.7305112411654],[-8.544552689049,38.7302586778248],[-8.54414714391311,38.7303419377198],[-8.54382097169347,38.7301066974795],[-8.54402831254415,38.7298513994393],[-8.54493183316376,38.7296209201524],[-8.54540225385031,38.7287191734422],[-8.54582968252024,38.7284085408259],[-8.54617847144839,38.7285436874653],[-8.54700987038066,38.7302836425128],[-8.54784957699407,38.7310534577355],[-8.5490371189036,38.731785661342],[-8.54958335796988,38.7319564491107],[-8.55092287659729,38.7308970128854],[-8.55085956039448,38.7299880670103],[-8.55104330851577,38.7296691994203],[-8.55130963689064,38.7295864236002],[-8.55148459704744,38.7297494453985],[-8.55172416111154,38.7310396086448],[-8.55218057851856,38.731719850861],[-8.55213625228124,38.7320745844452],[-8.55115375329585,38.7326872629242],[-8.55055103745339,38.7327803408875],[-8.54939582509726,38.7336209039383],[-8.54932982317168,38.734239379186],[-8.55028779026969,38.7377663297812],[-8.5495385934562,38.7388091479551],[-8.54964439072085,38.7390451499992],[-8.55126886233318,38.7390757081454],[-8.5517105816934,38.7392195847264],[-8.55257439978605,38.740116561764],[-8.55308530859431,38.7401874534088],[-8.55419884406912,38.740809934926],[-8.55479500346364,38.7415623917643],[-8.55594652332362,38.7420491754413],[-8.55619727864289,38.7432483682761],[-8.55642921142182,38.7432293394679],[-8.55694678223037,38.7423340158208],[-8.55795978357807,38.7414963473243],[-8.55834533587353,38.739994808674],[-8.5587707022685,38.7393359583962],[-8.55937530118742,38.7376063156854],[-8.55917465703122,38.737034273114],[-8.55882396300853,38.7365900620829],[-8.55828846055619,38.7362828968692],[-8.5575445312646,38.7360437784386],[-8.5561639748474,38.7360487969618],[-8.55574546356805,38.7359048532095],[-8.55549905031303,38.7354329775685],[-8.55675685493824,38.7342919416113],[-8.55733631428997,38.7341898268793],[-8.55777067557372,38.7350519626653],[-8.55813231092727,38.7353870319258],[-8.55972558980644,38.7360358169989],[-8.56018942966447,38.7359977531746],[-8.56043136670745,38.7357150234417],[-8.56057925331205,38.7352235346495],[-8.56043395340348,38.7342057902216],[-8.56020013876082,38.7339066160581],[-8.55918939663322,38.7336648368111],[-8.55908363126878,38.7334379323034],[-8.55908157368215,38.7330924544361],[-8.56044693622679,38.7286116243387],[-8.56025883507262,38.7281940972603],[-8.55955839360622,38.7274511378803],[-8.55952223012749,38.7272239787118],[-8.55985493936438,38.726603647463],[-8.56055752757098,38.7257646317396],[-8.56031646648762,38.7242471991067],[-8.56060564261539,38.7241097572997],[-8.56110425503365,38.724080651975],[-8.56184301556978,38.7234778843416],[-8.56215701449699,38.723613110982],[-8.56241155211717,38.7235030684159],[-8.5618395567819,38.7229005887884],[-8.56104070182865,38.7212124602362],[-8.55964118873025,38.7199356515647],[-8.55933395960556,38.7189876229515],[-8.55929429402165,38.7181695119679],[-8.55909588221589,38.7179611238074],[-8.55843373733792,38.7177907934887],[-8.5565193083089,38.7176795759354],[-8.55626225559914,38.7173622995426],[-8.55679207432337,38.7167330362458],[-8.55715145756253,38.7167044621862],[-8.55813870852074,38.7169372474336],[-8.55895882245687,38.7163705665776],[-8.56009487646665,38.7162709713531],[-8.560442056962,38.7161424162081],[-8.56099279258211,38.7151403033529],[-8.56145045659043,38.7140930655814],[-8.5609107478496,38.7111166011809],[-8.56103626241588,38.7107706543311],[-8.5614515251812,38.7103963668834],[-8.56075097491475,38.7096079573525],[-8.56059749375344,38.7091539278479],[-8.56062775434166,38.7082434790004],[-8.55916324624943,38.7059113056164],[-8.55920595225917,38.7052929159529],[-8.55995331871201,38.7042173478478],[-8.56031242041457,38.70415239024]],[[-8.53941826870709,38.735976444324],[-8.5388678794917,38.7360502631843],[-8.53871956858273,38.7362035734388],[-8.53872176132269,38.7365900471191],[-8.5379204757557,38.7369433535233],[-8.53770784460588,38.7384947167006],[-8.53775167422699,38.7386615690115],[-8.53837570470554,38.7387470562334],[-8.5384747698471,38.7386078320664],[-8.53917943990165,38.7379593591956],[-8.53945032186845,38.73872065701],[-8.53955931861695,38.7388305904756],[-8.54082287898921,38.7389138330285],[-8.54085139827772,38.7387712090984],[-8.54078545882517,38.7382725655916],[-8.54013351861153,38.7366390475817],[-8.53941826870709,38.735976444324]]]}},{"type":"Feature","id":"CRUS_Montijo_V.36926","properties":{"AREA_HA":4.53285676718563,"Autor":"DGT","Categoria_2021":"Espaço de Atividades Industriais ","Classe_2021":"Solo Rústico","DTCC":"1507","Data_Pub_Origem":"1997-02-01T00:00:00","Designacao_no_plano":"Espaço industrial - Área industrial existente","Escala_origem":"1/25000","Fonte":"AML - Vectorial","ID1":36926,"Municipio":"MONTIJO"},"geometry":{"type":"Polygon","coordinates":[[[-8.57484422926658,38.6801350754656],[-8.57448730914952,38.6814824992914],[-8.57402547753729,38.6820312192591],[-8.57365547339218,38.682383618439],[-8.57221584382053,38.6827992760402],[-8.57307357593663,38.6798770819828],[-8.57312046932651,38.6797689253073],[-8.57484115136867,38.6800163132285],[-8.57484422926658,38.6801350754656]]]}},{"type":"Feature","id":"CRUS_Montijo_V.36927","properties":{"AREA_HA":401.16103848228,"Autor":"DGT","Categoria_2021":"Espaço Florestal","Classe_2021":"Solo Rústico","DTCC":"1507","Data_Pub_Origem":"1997-02-01T00:00:00","Designacao_no_plano":"Espaço florestal - Área de floresta de produção","Escala_origem":"1/25000","Fonte":"AML - Vectorial","ID1":36927,"Municipio":"MONTIJO"},"geometry":{"type":"Polygon","coordinates":[[[-8.5881587077875,38.6632486746113],[-8.58732528794925,38.6622886280331],[-8.58765364973246,38.6623791776989],[-8.58798036977287,38.6622126141361],[-8.58802556779012,38.6619553097553],[-8.58745878228253,38.6611861420988],[-8.58738645781864,38.6608558341609],[-8.58759634558144,38.6607264527083],[-8.58804152653639,38.6607798199826],[-8.58891126426182,38.6613274089017],[-8.58902762359791,38.6612167570547],[-8.58878860504599,38.6604463150705],[-8.58845932953681,38.6602088400099],[-8.5878263869749,38.660082744171],[-8.58770585425786,38.6599010692499],[-8.58821741624683,38.6593483708519],[-8.58917634488071,38.6591977669615],[-8.58955384635278,38.6596552108654],[-8.58986299239614,38.6604066395779],[-8.5902160379835,38.6606989678838],[-8.59113109460021,38.661007448242],[-8.59141180631483,38.6609696375632],[-8.59496900981732,38.657100639099],[-8.59894165075325,38.6530911198898],[-8.60007842847722,38.6515070873316],[-8.60215485892073,38.6491743757481],[-8.60328130903583,38.6481310221624],[-8.6032843908309,38.6480385412024],[-8.60477468727406,38.6480352741654],[-8.60587408101235,38.6454651940617],[-8.61217241200384,38.6448435824961],[-8.61463377968215,38.6519494412629],[-8.61641561650873,38.6576558851477],[-8.61800855005964,38.66188940542],[-8.61815295319037,38.6620875610161],[-8.61854798595381,38.6622674672843],[-8.61856121806396,38.6624294600332],[-8.61860787351531,38.6625687566127],[-8.61824674360389,38.6636256054706],[-8.61801132973659,38.6637282968316],[-8.61792332179953,38.6633358193806],[-8.61739865324394,38.6631036372632],[-8.61339081838583,38.6634912740838],[-8.6057231873562,38.6641800972366],[-8.60575302731768,38.6643245096921],[-8.60676375074639,38.6700692755116],[-8.6143924886394,38.6705937686228],[-8.61534158234976,38.670658984663],[-8.61559988517473,38.6706765843792],[-8.61575857038211,38.670690671574],[-8.6167326129278,38.6707144014468],[-8.61700856253934,38.6707758760445],[-8.61589997291804,38.6720945386739],[-8.6157033844129,38.6720809963333],[-8.61497121037989,38.6719248043214],[-8.61479218036763,38.6718693964143],[-8.61461314947385,38.6718139873347],[-8.61446506205806,38.6717533619098],[-8.61314868498112,38.6712144422155],[-8.61185033839682,38.6711464145126],[-8.60872774343297,38.6710491333225],[-8.60676088256589,38.6706719479306],[-8.60390194479579,38.6697664120934],[-8.60032694142222,38.6691388104989],[-8.59845252549099,38.6685776997893],[-8.59632340408331,38.6684027495439],[-8.59421614082184,38.6679892281567],[-8.59200248471571,38.6677631595217],[-8.58950324093666,38.6682131726113],[-8.58880137545689,38.6681608951623],[-8.58829719981789,38.667956738928],[-8.58807793676037,38.6676385358631],[-8.58802504761881,38.6675054615986],[-8.58805288125431,38.6673765234134],[-8.58833025560151,38.6669446457719],[-8.58830310851105,38.6668338433061],[-8.58673780271435,38.6675878081411],[-8.58668926771338,38.6675352785517],[-8.58660802885911,38.6674434855698],[-8.58648270030664,38.6672859251782],[-8.586386956758,38.66714727623],[-8.5882999680343,38.6663390942686],[-8.58825060201035,38.6662215860567],[-8.58775012711444,38.6653247142904],[-8.58702244022506,38.6656136825632],[-8.58626448092612,38.6647224730813],[-8.5881587077875,38.6632486746113]],[[-8.60747052143235,38.6497985476638],[-8.60712046419636,38.649854955534],[-8.60684195216853,38.6501310246855],[-8.60684945407687,38.6512673809068],[-8.60605988602046,38.6519854170286],[-8.60603809183338,38.6522237798307],[-8.60685961904678,38.6528069674439],[-8.60827922691891,38.6519764006368],[-8.60823032409919,38.6516466758316],[-8.60797188839846,38.6514277849343],[-8.60782262733269,38.650053722244],[-8.60747052143235,38.6497985476638]],[[-8.59337455184658,38.6644941806007],[-8.59112347281945,38.6616454703245],[-8.58978296097567,38.6623481624643],[-8.58860074524951,38.6628535187125],[-8.58828329349966,38.6631230018658],[-8.58865087740716,38.66356865015],[-8.58948167582738,38.6651570052948],[-8.5898491145926,38.6655051777894],[-8.58992132869186,38.6655736049763],[-8.58994125729248,38.6655670088062],[-8.59007256952381,38.6656551213116],[-8.59094241697794,38.665339229632],[-8.59262467569028,38.6648183237461],[-8.593462000139,38.66461321142],[-8.59337455184658,38.6644941806007]],[[-8.60046954251692,38.6547553911928],[-8.59973303679624,38.6564815064161],[-8.59994584124371,38.6568656189891],[-8.60114471953836,38.6579607097673],[-8.60123986251973,38.658216961369],[-8.60024844514432,38.6602740695491],[-8.60172264267452,38.6605797948663],[-8.60236747007551,38.6591290100489],[-8.60271570229262,38.6587793090871],[-8.60381684180388,38.6592148299192],[-8.60425769342522,38.6587364296556],[-8.60423288140385,38.6585165508326],[-8.60380938461911,38.6580783117041],[-8.60371399158252,38.6577853916732],[-8.60233223184212,38.657314335873],[-8.602213360476,38.6570031770207],[-8.60222360567663,38.6567831570965],[-8.60238794306279,38.6551143228652],[-8.60046954251692,38.6547553911928]]]}},{"type":"Feature","id":"CRUS_Montijo_V.36928","properties":{"AREA_HA":8.57193112013587,"Autor":"DGT","Categoria_2021":"Não Atribuída","Classe_2021":"Solo Urbano","DTCC":"1507","Data_Pub_Origem":"1997-02-01T00:00:00","Designacao_no_plano":"Espaço urbano - Área urbanizada mista habitacional e equipamento industrial","Escala_origem":"1/25000","Fonte":"AML - Vectorial","ID1":36928,"Municipio":"MONTIJO"},"geometry":{"type":"Polygon","coordinates":[[[-8.58534279813486,38.6680739310764],[-8.58533642149878,38.6680771086021],[-8.58528113254109,38.6680018182924],[-8.58455060509312,38.6670069949491],[-8.58380319492529,38.6672669318027],[-8.58342602332799,38.6668460870274],[-8.58274929701724,38.6671791970167],[-8.58261894187365,38.6672433599447],[-8.58207255171694,38.6675122941501],[-8.58206008648797,38.6671399544784],[-8.58202384988356,38.6660575322906],[-8.5850733448178,38.6645262661716],[-8.5861805221173,38.6656419796481],[-8.58555143868358,38.6661034395975],[-8.58631675961413,38.6670478364218],[-8.586386956758,38.66714727623],[-8.58648270030664,38.6672859251782],[-8.58660802885911,38.6674434855698],[-8.58668926771338,38.6675352785517],[-8.58673780271435,38.6675878081411],[-8.58545532169122,38.6682055165921],[-8.58534279813486,38.6680739310764]]]}},{"type":"Feature","id":"CRUS_Montijo_V.36929","properties":{"AREA_HA":1.34428130160946,"Autor":"DGT","Categoria_2021":"Espaço Agrícola","Classe_2021":"Solo Rústico","DTCC":"1507","Data_Pub_Origem":"1997-02-01T00:00:00","Designacao_no_plano":"Espaço agrícola - Área agrícola da RAN","Escala_origem":"1/25000","Fonte":"AML - Vectorial","ID1":36929,"Municipio":"MONTIJO"},"geometry":{"type":"Polygon","coordinates":[[[-8.97017508809115,38.7242468698438],[-8.97015486505517,38.724924282273],[-8.96987434156403,38.7250047074932],[-8.96951645072983,38.7248860798404],[-8.96904082566363,38.7243262854982],[-8.96894999247136,38.7238204673031],[-8.96893977595803,38.7236712584762],[-8.96890436038012,38.723378303158],[-8.97012341527165,38.7238092958106],[-8.97015872050523,38.7240194133308],[-8.97017508809115,38.7242468698438]]]}},{"type":"Feature","id":"CRUS_Montijo_V.36930","properties":{"AREA_HA":9.54264604109713,"Autor":"DGT","Categoria_2021":"Espaço Agrícola","Classe_2021":"Solo Rústico","DTCC":"1507","Data_Pub_Origem":"1997-02-01T00:00:00","Designacao_no_plano":"Espaço agrícola - Área agrícola da RAN","Escala_origem":"1/25000","Fonte":"AML - Vectorial","ID1":36930,"Municipio":"MONTIJO"},"geometry":{"type":"Polygon","coordinates":[[[-8.96711456996522,38.7231869704458],[-8.96705906581479,38.7244355818929],[-8.96651356821979,38.7253186027466],[-8.96619620101824,38.7253381095875],[-8.96573132364948,38.7254013009448],[-8.96257500982558,38.7259183211275],[-8.9623124510149,38.7253791632333],[-8.96298105907175,38.7248869680448],[-8.9629587866051,38.7246169888091],[-8.96288513750189,38.7244394618095],[-8.96340454063173,38.724237532106],[-8.96336232800032,38.7235310817323],[-8.96358455197227,38.7231330273577],[-8.96444658734561,38.7231355132088],[-8.96478982076431,38.7233916305317],[-8.96520954719614,38.7233972609315],[-8.96580762809507,38.7231344332725],[-8.96608705645588,38.7227790599576],[-8.96620970376289,38.7225888042333],[-8.96629992845693,38.7224574582827],[-8.96712415115631,38.7227488867838],[-8.96711795344382,38.7230268638511],[-8.96711456996522,38.7231869704458]]]}},{"type":"Feature","id":"CRUS_Montijo_V.36931","properties":{"AREA_HA":26.0853640623793,"Autor":"DGT","Categoria_2021":"Espaço Agrícola","Classe_2021":"Solo Rústico","DTCC":"1507","Data_Pub_Origem":"1997-02-01T00:00:00","Designacao_no_plano":"Espaço agrícola - Área agrícola não incluído na RAN","Escala_origem":"1/25000","Fonte":"AML - Vectorial","ID1":36931,"Municipio":"MONTIJO"},"geometry":{"type":"Polygon","coordinates":[[[-8.97633126501041,38.7257790296494],[-8.97497372187198,38.7262102247649],[-8.97288404442718,38.7264715237386],[-8.97161117033489,38.7265144256552],[-8.97109578216183,38.7268280247601],[-8.96894471010491,38.7278698317654],[-8.96727474424655,38.7278547797437],[-8.96638790824566,38.7264438468358],[-8.96319905966417,38.7260818832125],[-8.96264271678847,38.7260573543476],[-8.96257500982558,38.7259183211275],[-8.96573132364948,38.7254013009448],[-8.96619620101824,38.7253381095875],[-8.96651356821979,38.7253186027466],[-8.96705906581479,38.7244355818929],[-8.96711456996522,38.7231869704458],[-8.96711795344382,38.7230268638511],[-8.96712415115631,38.7227488867838],[-8.96890436038012,38.723378303158],[-8.96893977595803,38.7236712584762],[-8.96894999247136,38.7238204673031],[-8.96904082566363,38.7243262854982],[-8.96951645072983,38.7248860798404],[-8.96987434156403,38.7250047074932],[-8.97015486505517,38.724924282273],[-8.97017508809115,38.7242468698438],[-8.97015872050523,38.7240194133308],[-8.97012341527165,38.7238092958106],[-8.97055235651895,38.7239609412771],[-8.97171341178842,38.7243714044646],[-8.97482896566188,38.72503875092],[-8.97555958661499,38.7251952343909],[-8.97647691636097,38.7254969395898],[-8.97683100708936,38.7256133960605],[-8.97633126501041,38.7257790296494]]]}},{"type":"Feature","id":"CRUS_Montijo_V.36932","properties":{"AREA_HA":6.40076024521329,"Autor":"DGT","Categoria_2021":"Não Atribuída","Classe_2021":"Solo Urbano","DTCC":"1507","Data_Pub_Origem":"1997-02-01T00:00:00","Designacao_no_plano":"Espaço urbano - Área urbanizada mista habitacional e equipamento industrial","Escala_origem":"1/25000","Fonte":"AML - Vectorial","ID1":36932,"Municipio":"MONTIJO"},"geometry":{"type":"Polygon","coordinates":[[[-8.93873199546567,38.7166109802713],[-8.93816146094316,38.7153210178145],[-8.94063416231795,38.7149327244085],[-8.94099657856151,38.7161436283582],[-8.94207369633836,38.7170420730602],[-8.94232530533161,38.7172240858995],[-8.94086656801265,38.7180597674473],[-8.93873199546567,38.7166109802713]]]}},{"type":"Feature","id":"CRUS_Montijo_V.36933","properties":{"AREA_HA":88.0243915008323,"Autor":"DGT","Categoria_2021":"Espaço Agrícola","Classe_2021":"Solo Rústico","DTCC":"1507","Data_Pub_Origem":"1997-02-01T00:00:00","Designacao_no_plano":"Espaço agrícola - Área agrícola não incluído na RAN","Escala_origem":"1/25000","Fonte":"AML - Vectorial","ID1":36933,"Municipio":"MONTIJO"},"geometry":{"type":"Polygon","coordinates":[[[-8.96608705645588,38.7227790599576],[-8.96580762809507,38.7231344332725],[-8.96520954719614,38.7233972609315],[-8.96478982076431,38.7233916305317],[-8.96444658734561,38.7231355132088],[-8.96358455197227,38.7231330273577],[-8.96336232800032,38.7235310817323],[-8.96340454063173,38.724237532106],[-8.96288513750189,38.7244394618095],[-8.9629587866051,38.7246169888091],[-8.96298105907175,38.7248869680448],[-8.9623124510149,38.7253791632333],[-8.96190442710196,38.7245412723441],[-8.96149641287108,38.7237033798062],[-8.96045122349303,38.723818994715],[-8.95809402282979,38.7239571563593],[-8.9569268059216,38.7228585798306],[-8.95316156628051,38.724202774155],[-8.95264561144917,38.7240342479007],[-8.9523585061695,38.7239327621002],[-8.95263000015103,38.7237582015785],[-8.9539062129595,38.7228837656807],[-8.95470015046813,38.7225232512176],[-8.95508385920508,38.7222564662773],[-8.95614731482459,38.7208984002312],[-8.95617027583469,38.7201345302838],[-8.9552067297302,38.7209202864906],[-8.95401553100532,38.7221742098452],[-8.95260740896363,38.7230367731576],[-8.95179459612168,38.7237242123634],[-8.94722536805032,38.7218536054734],[-8.94275613983603,38.719342184965],[-8.94086656801265,38.7180597674473],[-8.94232530533161,38.7172240858995],[-8.94349075808845,38.716556394339],[-8.94467770969228,38.7169238206051],[-8.94775431312992,38.7176036473693],[-8.95072478959165,38.7173825238194],[-8.95697726774622,38.7190165695796],[-8.95848414367768,38.7194847316641],[-8.95828552276764,38.7198026462217],[-8.95825289234967,38.7201345746823],[-8.9582206658499,38.7202893691532],[-8.9579663134014,38.7205094894732],[-8.95747447233236,38.7209351301132],[-8.95717576000441,38.7215834837183],[-8.95712248189571,38.7217828986321],[-8.95715361782974,38.7220637163787],[-8.95716399780527,38.7221513259695],[-8.95890606953093,38.7218356128162],[-8.9592016664293,38.7216923406847],[-8.95937253651349,38.7207003339923],[-8.95942924008565,38.7202640010971],[-8.95943690353254,38.7198627999801],[-8.96560077851554,38.7222064817863],[-8.96574232225058,38.7222602954306],[-8.96629992845693,38.7224574582827],[-8.96620970376289,38.7225888042333],[-8.96608705645588,38.7227790599576]]]}},{"type":"Feature","id":"CRUS_Montijo_V.36934","properties":{"AREA_HA":6.15185039920248,"Autor":"DGT","Categoria_2021":"Espaço Agrícola","Classe_2021":"Solo Rústico","DTCC":"1507","Data_Pub_Origem":"1997-02-01T00:00:00","Designacao_no_plano":"Espaço agrícola - Área agrícola da RAN","Escala_origem":"1/25000","Fonte":"AML - Vectorial","ID1":36934,"Municipio":"MONTIJO"},"geometry":{"type":"Polygon","coordinates":[[[-8.94313886191061,38.7141674273717],[-8.94368021698807,38.7145020158653],[-8.94396842582677,38.7154767615188],[-8.94368579319262,38.7161355391955],[-8.94349075808845,38.716556394339],[-8.94232530533161,38.7172240858995],[-8.94207369633836,38.7170420730602],[-8.94099657856151,38.7161436283582],[-8.94063416231795,38.7149327244085],[-8.94120016911991,38.71480502948],[-8.9416150467119,38.714729886519],[-8.94212703282914,38.7146874907515],[-8.9423738343397,38.7146043846877],[-8.9425967022081,38.7145031476701],[-8.94313886191061,38.7141674273717]]]}},{"type":"Feature","id":"CRUS_Montijo_V.36935","properties":{"AREA_HA":92.1661420443993,"Autor":"DGT","Categoria_2021":"Espaço de Atividades Económicas","Classe_2021":"Solo Urbano","DTCC":"1507","Data_Pub_Origem":"1997-02-01T00:00:00","Designacao_no_plano":"Espaço industrial - Área industrial existente","Escala_origem":"1/25000","Fonte":"AML - Vectorial","ID1":36935,"Municipio":"MONTIJO"},"geometry":{"type":"Polygon","coordinates":[[[-8.94498330575214,38.6976788250891],[-8.94189065521391,38.6968210303293],[-8.94096436060201,38.6928086616242],[-8.94071298576825,38.6896940339787],[-8.9409571522192,38.6878224458287],[-8.9415696589069,38.6862328324345],[-8.94252308673233,38.6846041270012],[-8.94437355765731,38.6868417011187],[-8.94566881214979,38.6863451754556],[-8.94724615439165,38.6857404825357],[-8.948972609335,38.6877993546907],[-8.94988945411641,38.6888110973826],[-8.95211885876878,38.6908678793351],[-8.95276582663736,38.6914082761395],[-8.9531222209446,38.6916890799483],[-8.95034886214457,38.6935236813128],[-8.94739856210183,38.6954351823135],[-8.94643599516757,38.6965062989349],[-8.94593321775392,38.6972611467345],[-8.94554100035536,38.6979025203756],[-8.94538008308007,38.697803460998],[-8.94498330575214,38.6976788250891]]]}},{"type":"Feature","id":"CRUS_Montijo_V.36936","properties":{"AREA_HA":18.1577685060952,"Autor":"DGT","Categoria_2021":"Espaço Verde","Classe_2021":"Solo Urbano","DTCC":"1507","Data_Pub_Origem":"1997-02-01T00:00:00","Designacao_no_plano":"Espaço urbano verde - Área verde de protecção e enquadramento - Agrícola equipado","Escala_origem":"1/25000","Fonte":"AML - Vectorial","ID1":36936,"Municipio":"MONTIJO"},"geometry":{"type":"Polygon","coordinates":[[[-8.9531222209446,38.6916890799483],[-8.95318323435857,38.6917371530978],[-8.95350392654797,38.6919898163918],[-8.95376552817592,38.6922160054383],[-8.95294127201345,38.6927541558995],[-8.9514658299697,38.6937805309489],[-8.95135173624088,38.6939141976971],[-8.95067928241165,38.6946258336634],[-8.95033526151901,38.6961742121757],[-8.9502730139956,38.6963079748984],[-8.94884236021446,38.697033217786],[-8.94843980191538,38.6977121663842],[-8.94906027785931,38.6985770806077],[-8.94869750950187,38.6986890975748],[-8.94584482977635,38.6996570113867],[-8.94554572970345,38.6997584861695],[-8.94529135312755,38.6998452349277],[-8.94511527898534,38.6999090301603],[-8.94511346132274,38.6996586361126],[-8.94512390912612,38.69917018846],[-8.94554100035536,38.6979025203756],[-8.94593321775392,38.6972611467345],[-8.94643599516757,38.6965062989349],[-8.94739856210183,38.6954351823135],[-8.95034886214457,38.6935236813128],[-8.9531222209446,38.6916890799483]]]}},{"type":"Feature","id":"CRUS_Montijo_V.36937","properties":{"AREA_HA":3.23800584309166,"Autor":"DGT","Categoria_2021":"Não Atribuída","Classe_2021":"Solo Urbano","DTCC":"1507","Data_Pub_Origem":"1997-02-01T00:00:00","Designacao_no_plano":"Espaço urbano - Área urbanizada mista habitacional e equipamento industrial","Escala_origem":"1/25000","Fonte":"AML - Vectorial","ID1":36937,"Municipio":"MONTIJO"},"geometry":{"type":"Polygon","coordinates":[[[-8.94636173742716,38.7018703296773],[-8.94759720141026,38.7019287635555],[-8.94764849909819,38.702993657706],[-8.94646286383973,38.7030093723126],[-8.94649758029935,38.7034784356088],[-8.94560425340326,38.7034846554587],[-8.94539640568548,38.703476010565],[-8.9451411931744,38.7034778264573],[-8.94513009886921,38.7019501426995],[-8.94529920253522,38.7019489502162],[-8.94549032715942,38.7019583411492],[-8.94636173742716,38.7018703296773]]]}},{"type":"Feature","id":"CRUS_Montijo_V.36938","properties":{"AREA_HA":7.58128353501107,"Autor":"DGT","Categoria_2021":"Não Atribuída","Classe_2021":"Solo Urbano","DTCC":"1507","Data_Pub_Origem":"1997-02-01T00:00:00","Designacao_no_plano":"Espaço urbano - Área urbanizada mista habitacional e equipamento industrial","Escala_origem":"1/25000","Fonte":"AML - Vectorial","ID1":36938,"Municipio":"MONTIJO"},"geometry":{"type":"Polygon","coordinates":[[[-8.94537235415454,38.7069949789229],[-8.94555306830113,38.7070200943242],[-8.94564465280244,38.707018699447],[-8.94726956944221,38.7069939410285],[-8.94735008588373,38.7072830922169],[-8.94787759490467,38.7075331928644],[-8.94845066824883,38.7075944457733],[-8.9491785856312,38.7078503924858],[-8.94920894512013,38.7088559330693],[-8.94862156139797,38.7092153277111],[-8.94857068804342,38.709773994831],[-8.94697748886679,38.7097706088757],[-8.94681481900011,38.7088871462479],[-8.94631698515859,38.7087310933444],[-8.94564801029433,38.708728535073],[-8.94544001856644,38.7087351247597],[-8.94520959627935,38.7087236673984],[-8.9451705686598,38.7075223246717],[-8.94516674792816,38.7069964539032],[-8.94537235415454,38.7069949789229]]]}},{"type":"Feature","id":"CRUS_Montijo_V.36939","properties":{"AREA_HA":248.748510024754,"Autor":"DGT","Categoria_2021":"Espaço Florestal","Classe_2021":"Solo Rústico","DTCC":"1507","Data_Pub_Origem":"1997-02-01T00:00:00","Designacao_no_plano":"Espaço florestal - Área de mata e de protecção","Escala_origem":"1/25000","Fonte":"AML - Vectorial","ID1":36939,"Municipio":"MONTIJO"},"geometry":{"type":"Polygon","coordinates":[[[-8.95925564649995,38.7166994433934],[-8.95891123700879,38.7170661864604],[-8.95904387722969,38.7172308495981],[-8.95890733378572,38.7175615955026],[-8.95887711455347,38.7186428839947],[-8.9589021219018,38.7189090517693],[-8.95868276283652,38.7191668158706],[-8.95848414367768,38.7194847316641],[-8.95697726774622,38.7190165695796],[-8.95072478959165,38.7173825238194],[-8.94775431312992,38.7176036473693],[-8.94467770969228,38.7169238206051],[-8.94349075808845,38.716556394339],[-8.94368579319262,38.7161355391955],[-8.94396842582677,38.7154767615188],[-8.94368021698807,38.7145020158653],[-8.94313886191061,38.7141674273717],[-8.9425967022081,38.7145031476701],[-8.9423738343397,38.7146043846877],[-8.94212703282914,38.7146874907515],[-8.94144138418145,38.7134149539848],[-8.94071222701169,38.7111158768425],[-8.94064950864862,38.7083864225542],[-8.9408503798371,38.70635640102],[-8.94127749545842,38.7045502152617],[-8.94156602604323,38.7017932826158],[-8.94139353088031,38.7006674586906],[-8.94092101187582,38.6984417336557],[-8.93954291358851,38.6924154392038],[-8.93951503864071,38.6899361847058],[-8.93903587718813,38.6899950927557],[-8.93856084053281,38.6900964847576],[-8.93839949814165,38.6896177252506],[-8.9380751493895,38.688649588298],[-8.9381040544561,38.687761626425],[-8.93828924417269,38.6871340080958],[-8.93917864266607,38.6849736530039],[-8.93944836815294,38.6842868696915],[-8.93951313672631,38.6841219551326],[-8.93976236007509,38.6836779692976],[-8.94031980029849,38.6827819589762],[-8.9406644049928,38.6822086958802],[-8.9369098028196,38.6777285213737],[-8.93666605979207,38.6774332692315],[-8.93494680457306,38.6753525767532],[-8.93453536936988,38.6748601778409],[-8.93363661654091,38.673784572971],[-8.93263029434375,38.6725854318461],[-8.93222988502663,38.6721082898317],[-8.9313348235688,38.6710441716106],[-8.93027660516826,38.6698582550017],[-8.92956966527152,38.6689841771578],[-8.92740335710187,38.666394194501],[-8.92661714180031,38.6664059349232],[-8.92452530567916,38.6637750005245],[-8.92262903320496,38.6615771427676],[-8.92135646228694,38.6621562068675],[-8.92161664491646,38.6613235517858],[-8.92200536814418,38.6608338273291],[-8.92256795033465,38.6604740652921],[-8.9233298341539,38.6603190376925],[-8.92397082306748,38.6603709087416],[-8.92450437896013,38.6606883130373],[-8.92386408328011,38.6607737397007],[-8.92424093271835,38.661434123493],[-8.93064886044247,38.669030301394],[-8.9318819682596,38.6701978052189],[-8.93258862487564,38.6710376310241],[-8.93358202610002,38.6707670809883],[-8.93410120682457,38.6700873548542],[-8.93541246589231,38.6699482061622],[-8.93710837619076,38.6700293615005],[-8.93815573685114,38.6702749557715],[-8.9388496242409,38.6702317698644],[-8.93931714822707,38.6702669449759],[-8.94018431955694,38.6705751898459],[-8.94297260681166,38.6704118679412],[-8.94358234289305,38.6707436720524],[-8.94405533100771,38.671304748519],[-8.94467125948976,38.6724543843854],[-8.94430919000562,38.6725186581902],[-8.93753649526024,38.6737060422814],[-8.93774224549458,38.6720973653192],[-8.93379736376566,38.6724229676638],[-8.93711199092389,38.6765034223421],[-8.94064274849652,38.6807481401019],[-8.94154025482726,38.6803751433442],[-8.9412481862176,38.6790638747856],[-8.93934096878089,38.6775265317268],[-8.93814317343044,38.6762131254481],[-8.9447838298954,38.6747147949232],[-8.9452689996504,38.6746097573686],[-8.94597513662331,38.6770081372065],[-8.94613574503468,38.6775309146339],[-8.94744298526263,38.6806802987406],[-8.94746726055631,38.6817074260061],[-8.94763432888728,38.6821037820615],[-8.94796352193616,38.6844056880549],[-8.94794769091445,38.6853988544409],[-8.94798513041675,38.6854865372369],[-8.948972609335,38.6877993546907],[-8.94724615439165,38.6857404825357],[-8.94681852200547,38.6852270460112],[-8.94671845133346,38.6850848315338],[-8.94595580368564,38.6836553270743],[-8.94448961282745,38.6824467358926],[-8.94340208890911,38.6835601143345],[-8.94298817888939,38.683983847152],[-8.94252308673233,38.6846041270012],[-8.9415696589069,38.6862328324345],[-8.9409571522192,38.6878224458287],[-8.94071298576825,38.6896940339787],[-8.94096436060201,38.6928086616242],[-8.94189065521391,38.6968210303293],[-8.94498330575214,38.6976788250891],[-8.94538008308007,38.697803460998],[-8.94554100035536,38.6979025203756],[-8.94512390912612,38.69917018846],[-8.94511346132274,38.6996586361126],[-8.94511527898534,38.6999090301603],[-8.94513009886921,38.7019501426995],[-8.9451411931744,38.7034778264573],[-8.94516674792816,38.7069964539032],[-8.9451705686598,38.7075223246717],[-8.94520959627935,38.7087236673984],[-8.94527142620862,38.7106267441429],[-8.94529828451302,38.7114534325512],[-8.94531781239798,38.7120544141988],[-8.94584242244886,38.7132153478825],[-8.94710136127795,38.7142960268031],[-8.94862533907878,38.7147862873268],[-8.94924877856749,38.714794453711],[-8.95488290065142,38.7154937543022],[-8.95927325364239,38.7164395160784],[-8.95922631723953,38.7165275053394],[-8.95925564649995,38.7166994433934]]]}},{"type":"Feature","id":"CRUS_Montijo_V.36940","properties":{"AREA_HA":27.1424858000923,"Autor":"DGT","Categoria_2021":"Não Atribuída","Classe_2021":"Solo Urbano","DTCC":"1507","Data_Pub_Origem":"1997-02-01T00:00:00","Designacao_no_plano":"Espaço urbano - Área urbanizada mista habitacional e equipamento industrial","Escala_origem":"1/25000","Fonte":"AML - Vectorial","ID1":36940,"Municipio":"MONTIJO"},"geometry":{"type":"Polygon","coordinates":[[[-8.95917759000633,38.7090987281565],[-8.95901373121543,38.7101893865712],[-8.9586473567566,38.7106996996722],[-8.95626942827529,38.711515519312],[-8.95629686686746,38.7119846471127],[-8.95498065635122,38.7125973331682],[-8.95475917678057,38.7125150911578],[-8.95457929885831,38.7122146458665],[-8.95498018645042,38.7119176256972],[-8.95491258446128,38.7117923871063],[-8.95298753615069,38.7121998197264],[-8.95292589269027,38.7125941508521],[-8.9530260869265,38.7126772478364],[-8.95288714963597,38.7130637443878],[-8.95105059245651,38.7133439984329],[-8.95076123235128,38.7131113605196],[-8.95059067419213,38.7126599968992],[-8.9507438018842,38.7125499735561],[-8.95071772536439,38.7121981630759],[-8.94982556983262,38.712288216904],[-8.94858458018952,38.7125926123601],[-8.94706445515563,38.7127312228586],[-8.94684299680982,38.7127443054098],[-8.94744703234263,38.7115584073689],[-8.94735758554781,38.7114500803777],[-8.94683822728723,38.7113531280774],[-8.94590263607958,38.7114398645581],[-8.94576495780586,38.7114526283519],[-8.94576448957119,38.7114397051272],[-8.94551861458602,38.7114394194417],[-8.94529828451302,38.7114534325512],[-8.94527142620862,38.7106267441429],[-8.94541350425772,38.7106261940422],[-8.94573406598315,38.7105998737289],[-8.94743279600398,38.7103367164338],[-8.95228272342325,38.7101770752232],[-8.95291437165342,38.710047999023],[-8.95338071567078,38.7103296710828],[-8.95487349276466,38.7097325151656],[-8.95707776763905,38.7096415565379],[-8.95719779519103,38.709531758006],[-8.95917759000633,38.7090987281565]]]}},{"type":"Feature","id":"CRUS_Montijo_V.36941","properties":{"AREA_HA":107.413287393148,"Autor":"DGT","Categoria_2021":"Não Atribuída","Classe_2021":"Solo Urbano (urbanizável – transitório)","DTCC":"1507","Data_Pub_Origem":"1997-02-01T00:00:00","Designacao_no_plano":"Espaço urbanizável - Área urbanizável mista habitacional e equipamento industrial","Escala_origem":"1/25000","Fonte":"AML - Vectorial","ID1":36941,"Municipio":"MONTIJO"},"geometry":{"type":"Polygon","coordinates":[[[-8.94869750950187,38.6986890975748],[-8.94839748727411,38.6988735670241],[-8.94857198305785,38.6992882188625],[-8.94946853583135,38.7005949154477],[-8.94999672018634,38.7005912212978],[-8.9499988444022,38.7007776345068],[-8.94939634139913,38.7008822328155],[-8.94830142834295,38.7008181791505],[-8.94818923340053,38.7009050058265],[-8.94823722727586,38.7018081128686],[-8.94942646822942,38.7018714986656],[-8.94942708553931,38.7035412057407],[-8.94929512455308,38.7052393221929],[-8.95127233244093,38.7049099993907],[-8.95096428121176,38.7043672222992],[-8.95093838507537,38.7037507656396],[-8.95222264040238,38.7038708293382],[-8.95280300217904,38.7051287047321],[-8.95313354207388,38.7059868028585],[-8.95285286240047,38.7061895431807],[-8.95264108945597,38.705818172879],[-8.95255775693951,38.7051304264267],[-8.95006955758864,38.7053199502036],[-8.94996977612466,38.7064965524025],[-8.95080130601873,38.7066197979179],[-8.95084312210349,38.70697794837],[-8.95663090718129,38.7068868248364],[-8.95650799400298,38.7071784318032],[-8.95720334442615,38.7074075338064],[-8.95920372060606,38.7073348910927],[-8.96000385736814,38.7088445128262],[-8.95992298365394,38.7122992711192],[-8.958173406328,38.7131440696623],[-8.95847883423662,38.7142037370536],[-8.95942652866095,38.7141689651889],[-8.959433675745,38.7147379808155],[-8.95985413353817,38.7148861750864],[-8.95996110518691,38.715084321283],[-8.95934312270035,38.7161431442527],[-8.95928750444899,38.7162891459677],[-8.95927325364239,38.7164395160784],[-8.95488290065142,38.7154937543022],[-8.94924877856749,38.714794453711],[-8.94862533907878,38.7147862873268],[-8.94710136127795,38.7142960268031],[-8.94584242244886,38.7132153478825],[-8.94531781239798,38.7120544141988],[-8.94529828451302,38.7114534325512],[-8.94551861458602,38.7114394194417],[-8.94576448957119,38.7114397051272],[-8.94576495780586,38.7114526283519],[-8.94590263607958,38.7114398645581],[-8.94683822728723,38.7113531280774],[-8.94735758554781,38.7114500803777],[-8.94744703234263,38.7115584073689],[-8.94684299680982,38.7127443054098],[-8.94706445515563,38.7127312228586],[-8.94858458018952,38.7125926123601],[-8.94982556983262,38.712288216904],[-8.95071772536439,38.7121981630759],[-8.9507438018842,38.7125499735561],[-8.95059067419213,38.7126599968992],[-8.95076123235128,38.7131113605196],[-8.95105059245651,38.7133439984329],[-8.95288714963597,38.7130637443878],[-8.9530260869265,38.7126772478364],[-8.95292589269027,38.7125941508521],[-8.95298753615069,38.7121998197264],[-8.95491258446128,38.7117923871063],[-8.95498018645042,38.7119176256972],[-8.95457929885831,38.7122146458665],[-8.95475917678057,38.7125150911578],[-8.95498065635122,38.7125973331682],[-8.95629686686746,38.7119846471127],[-8.95626942827529,38.711515519312],[-8.9586473567566,38.7106996996722],[-8.95901373121543,38.7101893865712],[-8.95917759000633,38.7090987281565],[-8.95719779519103,38.709531758006],[-8.95707776763905,38.7096415565379],[-8.95487349276466,38.7097325151656],[-8.95338071567078,38.7103296710828],[-8.95291437165342,38.710047999023],[-8.95228272342325,38.7101770752232],[-8.94743279600398,38.7103367164338],[-8.94573406598315,38.7105998737289],[-8.94541350425772,38.7106261940422],[-8.94527142620862,38.7106267441429],[-8.94520959627935,38.7087236673984],[-8.94544001856644,38.7087351247597],[-8.94564801029433,38.708728535073],[-8.94631698515859,38.7087310933444],[-8.94681481900011,38.7088871462479],[-8.94697748886679,38.7097706088757],[-8.94857068804342,38.709773994831],[-8.94862156139797,38.7092153277111],[-8.94920894512013,38.7088559330693],[-8.9491785856312,38.7078503924858],[-8.94845066824883,38.7075944457733],[-8.94787759490467,38.7075331928644],[-8.94735008588373,38.7072830922169],[-8.94726956944221,38.7069939410285],[-8.94564465280244,38.707018699447],[-8.94555306830113,38.7070200943242],[-8.94537235415454,38.7069949789229],[-8.94516674792816,38.7069964539032],[-8.9451411931744,38.7034778264573],[-8.94539640568548,38.703476010565],[-8.94560425340326,38.7034846554587],[-8.94649758029935,38.7034784356088],[-8.94646286383973,38.7030093723126],[-8.94764849909819,38.702993657706],[-8.94759720141026,38.7019287635555],[-8.94636173742716,38.7018703296773],[-8.94549032715942,38.7019583411492],[-8.94529920253522,38.7019489502162],[-8.94513009886921,38.7019501426995],[-8.94511527898534,38.6999090301603],[-8.94529135312755,38.6998452349277],[-8.94554572970345,38.6997584861695],[-8.94584482977635,38.6996570113867],[-8.94869750950187,38.6986890975748]]]}},{"type":"Feature","id":"CRUS_Montijo_V.36942","properties":{"AREA_HA":6.4173154380223,"Autor":"DGT","Categoria_2021":"Espaço Agrícola","Classe_2021":"Solo Rústico","DTCC":"1507","Data_Pub_Origem":"1997-02-01T00:00:00","Designacao_no_plano":"Espaço agrícola - Área agrícola da RAN","Escala_origem":"1/25000","Fonte":"AML - Vectorial","ID1":36942,"Municipio":"MONTIJO"},"geometry":{"type":"Polygon","coordinates":[[[-8.96030027556005,38.7170471564582],[-8.95994274388507,38.7175149018971],[-8.95972967451221,38.7189718642692],[-8.9593692342091,38.7192188067796],[-8.95921219753057,38.7193794685528],[-8.95904407431469,38.719713418388],[-8.95943690353254,38.7198627999801],[-8.95942924008565,38.7202640010971],[-8.95937253651349,38.7207003339923],[-8.9592016664293,38.7216923406847],[-8.95890606953093,38.7218356128162],[-8.95716399780527,38.7221513259695],[-8.95715361782974,38.7220637163787],[-8.95712248189571,38.7217828986321],[-8.95717576000441,38.7215834837183],[-8.95747447233236,38.7209351301132],[-8.9579663134014,38.7205094894732],[-8.9582206658499,38.7202893691532],[-8.95825289234967,38.7201345746823],[-8.95828552276764,38.7198026462217],[-8.95848414367768,38.7194847316641],[-8.95868276283652,38.7191668158706],[-8.9589021219018,38.7189090517693],[-8.95887711455347,38.7186428839947],[-8.95890733378572,38.7175615955026],[-8.95904387722969,38.7172308495981],[-8.95891123700879,38.7170661864604],[-8.95925564649995,38.7166994433934],[-8.95922631723953,38.7165275053394],[-8.95927325364239,38.7164395160784],[-8.96029485018107,38.7167754825181],[-8.96030161250633,38.7169080853471],[-8.96030027556005,38.7170471564582]]]}},{"type":"Feature","id":"CRUS_Montijo_V.36943","properties":{"AREA_HA":24.5741330346259,"Autor":"DGT","Categoria_2021":"Espaço Verde","Classe_2021":"Solo Urbano","DTCC":"1507","Data_Pub_Origem":"1997-02-01T00:00:00","Designacao_no_plano":"Espaço urbano verde - Área verde de protecção e enquadramento - Agrícola equipado","Escala_origem":"1/25000","Fonte":"AML - Vectorial","ID1":36943,"Municipio":"MONTIJO"},"geometry":{"type":"Polygon","coordinates":[[[-8.96213625198811,38.6994411304036],[-8.96284278639719,38.6994655500134],[-8.96370738450772,38.6994954347464],[-8.9637024550533,38.6999630718678],[-8.96380881577072,38.7005045479141],[-8.96413939712925,38.7005147524845],[-8.9641088368852,38.7007284936631],[-8.96382113675592,38.7006998242344],[-8.96360700982202,38.7011339709943],[-8.96307181397945,38.7010218172469],[-8.96302317058361,38.7011016041148],[-8.96181667610871,38.7027975658951],[-8.95926703917929,38.7049734476148],[-8.95925521515455,38.7052183668613],[-8.96018792039056,38.706891912911],[-8.96095459935415,38.7086039934693],[-8.96084049641398,38.7134352895947],[-8.96103264960092,38.7143748035384],[-8.9610452617199,38.7153053032162],[-8.96141924198603,38.716756635844],[-8.96140555658611,38.7170004374871],[-8.96141345049252,38.7171433355528],[-8.96029485018107,38.7167754825181],[-8.95927325364239,38.7164395160784],[-8.95928750444899,38.7162891459677],[-8.95934312270035,38.7161431442527],[-8.95996110518691,38.715084321283],[-8.95985413353817,38.7148861750864],[-8.959433675745,38.7147379808155],[-8.95942652866095,38.7141689651889],[-8.95987520731652,38.7141525020171],[-8.95992298365394,38.7122992711192],[-8.96000385736814,38.7088445128262],[-8.95920372060606,38.7073348910927],[-8.95720334442615,38.7074075338064],[-8.95650799400298,38.7071784318032],[-8.95663090718129,38.7068868248364],[-8.95814626319369,38.7056979712331],[-8.95847349227398,38.7047680042101],[-8.95869421211502,38.7041310060917],[-8.96029917486808,38.7024079511234],[-8.9621071792852,38.7005436015025],[-8.96213625198811,38.6994411304036]]]}},{"type":"Feature","id":"CRUS_Montijo_V.36944","properties":{"AREA_HA":8.57556026065074,"Autor":"DGT","Categoria_2021":"Espaço Agrícola","Classe_2021":"Solo Rústico","DTCC":"1507","Data_Pub_Origem":"1997-02-01T00:00:00","Designacao_no_plano":"Espaço agrícola - Área agrícola da RAN","Escala_origem":"1/25000","Fonte":"AML - Vectorial","ID1":36944,"Municipio":"MONTIJO"},"geometry":{"type":"Polygon","coordinates":[[[-8.96987106190432,38.7213548664901],[-8.97003975641973,38.7224642319795],[-8.97082982915391,38.723441695996],[-8.9707595530092,38.7235787513389],[-8.97063560310924,38.7237905906759],[-8.97055235651895,38.7239609412771],[-8.97012341527165,38.7238092958106],[-8.96890436038012,38.723378303158],[-8.96712415115631,38.7227488867838],[-8.96629992845693,38.7224574582827],[-8.96574232225058,38.7222602954306],[-8.96560077851554,38.7222064817863],[-8.96571609023832,38.7220663856476],[-8.96582431329242,38.7218869191893],[-8.96662908088418,38.7206953214943],[-8.96674535278098,38.7208267818011],[-8.96782411778538,38.7214787584908],[-8.96826677199406,38.7214300754392],[-8.96868196182275,38.721081183709],[-8.96866634021834,38.7209623279498],[-8.968642529374,38.7207810613138],[-8.96862355390524,38.7205429288014],[-8.96863162281653,38.7203742103272],[-8.96889497463466,38.7205159421072],[-8.9699369132197,38.7209718472769],[-8.96989397407786,38.7211975160817],[-8.96987106190432,38.7213548664901]]]}},{"type":"Feature","id":"CRUS_Montijo_V.36945","properties":{"AREA_HA":3.20399892162042,"Autor":"DGT","Categoria_2021":"Espaço Agrícola","Classe_2021":"Solo Rústico","DTCC":"1507","Data_Pub_Origem":"1997-02-01T00:00:00","Designacao_no_plano":"Espaço agrícola - Área agrícola da RAN","Escala_origem":"1/25000","Fonte":"AML - Vectorial","ID1":36945,"Municipio":"MONTIJO"},"geometry":{"type":"Polygon","coordinates":[[[-8.97644408599579,38.7228125830881],[-8.9759748948151,38.7242564683552],[-8.9763769148069,38.7249260579376],[-8.97643219861978,38.7253141573087],[-8.97647691636097,38.7254969395898],[-8.97555958661499,38.7251952343909],[-8.97482896566188,38.72503875092],[-8.97489182887744,38.72482437986],[-8.97493232459069,38.724715925133],[-8.97504109146868,38.7243321259137],[-8.97520122128798,38.723547076904],[-8.9751615035705,38.7227829450961],[-8.97508963376943,38.7226127563253],[-8.97502334467245,38.7224128766875],[-8.97633302509175,38.7224444529676],[-8.97638430588469,38.7226034124151],[-8.97644408599579,38.7228125830881]]]}},{"type":"Feature","id":"CRUS_Montijo_V.36946","properties":{"AREA_HA":22.794880107056,"Autor":"DGT","Categoria_2021":"Espaço Agrícola","Classe_2021":"Solo Rústico","DTCC":"1507","Data_Pub_Origem":"1997-02-01T00:00:00","Designacao_no_plano":"Espaço agrícola - Área agrícola não incluído na RAN","Escala_origem":"1/25000","Fonte":"AML - Vectorial","ID1":36946,"Municipio":"MONTIJO"},"geometry":{"type":"Polygon","coordinates":[[[-8.98447811321769,38.7206271225626],[-8.9846190716666,38.7208419232594],[-8.98517843530778,38.7219800794096],[-8.98600709450728,38.7237701291694],[-8.98508095029359,38.7249012917039],[-8.98506311221688,38.7242474312011],[-8.98507297904707,38.72355222937],[-8.98524747303707,38.7231885961664],[-8.98498615805748,38.7229338321906],[-8.98486970963862,38.7221058120242],[-8.98471451597606,38.7218109895406],[-8.9844566047228,38.7218430743446],[-8.98431298883194,38.7222970657228],[-8.9843545393992,38.7232857024025],[-8.98417525936664,38.7237792270015],[-8.98391739418195,38.7245236454477],[-8.98331959945062,38.7235152247748],[-8.98280188902675,38.7237897085126],[-8.98273369180793,38.7232634049809],[-8.98246172619448,38.7226575228481],[-8.98211137489985,38.7224336037937],[-8.98162382839107,38.7223692016571],[-8.98135070442516,38.7227939355135],[-8.98132742602024,38.723345198136],[-8.98196542775338,38.7237665171207],[-8.98236720316429,38.7240201766083],[-8.97894838792235,38.7258440509507],[-8.97828276693584,38.7251334831887],[-8.97794873824183,38.7252443921353],[-8.97784597645316,38.7252769877574],[-8.97683100708936,38.7256133960605],[-8.97647691636097,38.7254969395898],[-8.97643219861978,38.7253141573087],[-8.9763769148069,38.7249260579376],[-8.9759748948151,38.7242564683552],[-8.97644408599579,38.7228125830881],[-8.97638430588469,38.7226034124151],[-8.97633302509175,38.7224444529676],[-8.97662229052702,38.7224514237791],[-8.9797935585508,38.7224158185672],[-8.98082493694439,38.7221729043234],[-8.98132403023271,38.721978248822],[-8.98228082562438,38.7215929622863],[-8.98271882555788,38.7213969258626],[-8.98447811321769,38.7206271225626]]]}},{"type":"Feature","id":"CRUS_Montijo_V.36947","properties":{"AREA_HA":12.4729615248721,"Autor":"DGT","Categoria_2021":"Espaço Florestal","Classe_2021":"Solo Rústico","DTCC":"1507","Data_Pub_Origem":"1997-02-01T00:00:00","Designacao_no_plano":"Espaço florestal - Área de mata e de protecção","Escala_origem":"1/25000","Fonte":"AML - Vectorial","ID1":36947,"Municipio":"MONTIJO"},"geometry":{"type":"Polygon","coordinates":[[[-8.9751615035705,38.7227829450961],[-8.97520122128798,38.723547076904],[-8.97504109146868,38.7243321259137],[-8.97493232459069,38.724715925133],[-8.97489182887744,38.72482437986],[-8.97482896566188,38.72503875092],[-8.97171341178842,38.7243714044646],[-8.97055235651895,38.7239609412771],[-8.97063560310924,38.7237905906759],[-8.9707595530092,38.7235787513389],[-8.97082982915391,38.723441695996],[-8.97003975641973,38.7224642319795],[-8.96987106190432,38.7213548664901],[-8.96989397407786,38.7211975160817],[-8.9699369132197,38.7209718472769],[-8.97162632720557,38.7217110264093],[-8.97502334467245,38.7224128766875],[-8.97508963376943,38.7226127563253],[-8.9751615035705,38.7227829450961]]]}},{"type":"Feature","id":"CRUS_Montijo_V.36948","properties":{"AREA_HA":24.7087626698113,"Autor":"DGT","Categoria_2021":"Espaço Florestal","Classe_2021":"Solo Rústico","DTCC":"1507","Data_Pub_Origem":"1997-02-01T00:00:00","Designacao_no_plano":"Espaço florestal - Área de mata e de protecção","Escala_origem":"1/25000","Fonte":"AML - Vectorial","ID1":36948,"Municipio":"MONTIJO"},"geometry":{"type":"Polygon","coordinates":[[[-8.968642529374,38.7207810613138],[-8.96866634021834,38.7209623279498],[-8.96868196182275,38.721081183709],[-8.96826677199406,38.7214300754392],[-8.96782411778538,38.7214787584908],[-8.96674535278098,38.7208267818011],[-8.96662908088418,38.7206953214943],[-8.96582431329242,38.7218869191893],[-8.96571609023832,38.7220663856476],[-8.96560077851554,38.7222064817863],[-8.95943690353254,38.7198627999801],[-8.95904407431469,38.719713418388],[-8.95921219753057,38.7193794685528],[-8.9593692342091,38.7192188067796],[-8.95972967451221,38.7189718642692],[-8.95994274388507,38.7175149018971],[-8.96030027556005,38.7170471564582],[-8.96030161250633,38.7169080853471],[-8.96029485018107,38.7167754825181],[-8.96141345049252,38.7171433355528],[-8.96296353642019,38.7176530597944],[-8.96572621048868,38.7188104950737],[-8.96863162281653,38.7203742103272],[-8.96862355390524,38.7205429288014],[-8.968642529374,38.7207810613138]]]}},{"type":"Feature","id":"CRUS_Montijo_V.36949","properties":{"AREA_HA":4.52060099434159,"Autor":"DGT","Categoria_2021":"Não Atribuída","Classe_2021":"Solo Urbano","DTCC":"1507","Data_Pub_Origem":"1997-02-01T00:00:00","Designacao_no_plano":"Espaço urbano - Área urbanizada mista habitacional e equipamento industrial","Escala_origem":"1/25000","Fonte":"AML - Vectorial","ID1":36949,"Municipio":"MONTIJO"},"geometry":{"type":"Polygon","coordinates":[[[-8.97005328048179,38.7174734065353],[-8.97021556658027,38.7185861243217],[-8.97077218711767,38.7186027604508],[-8.9711092758285,38.7207352860771],[-8.97046412323454,38.7208198327434],[-8.9702255286074,38.7208445135084],[-8.9701838044891,38.7206900129378],[-8.97005178706266,38.7196048675404],[-8.9682093178181,38.7196003608779],[-8.96807661810672,38.7190449273953],[-8.9689417577877,38.7187499525678],[-8.96866386305449,38.7181950009179],[-8.96964501725122,38.7176854423082],[-8.97005328048179,38.7174734065353]]]}},{"type":"Feature","id":"CRUS_Montijo_V.36950","properties":{"AREA_HA":192.440084738312,"Autor":"DGT","Categoria_2021":"Não Atribuída","Classe_2021":"Solo Urbano (urbanizável – transitório)","DTCC":"1507","Data_Pub_Origem":"1997-02-01T00:00:00","Designacao_no_plano":"Espaço urbanizável - Área urbanizável mista habitacional e equipamento industrial","Escala_origem":"1/25000","Fonte":"AML - Vectorial","ID1":36950,"Municipio":"MONTIJO"},"geometry":{"type":"Polygon","coordinates":[[[-8.99043407181956,38.7108986991812],[-8.99155229956736,38.7127333830099],[-8.99214142897487,38.7137794974042],[-8.99321575344663,38.7144680873269],[-8.99325400218182,38.7144314497721],[-8.99294021346286,38.7131307150508],[-8.99357421780578,38.7130851302838],[-8.99409511926545,38.7142374182597],[-8.99576626641208,38.7153605373111],[-8.99610289807689,38.7156304476664],[-8.99494759196468,38.7161240027411],[-8.99356116540511,38.7167162643161],[-8.99301906629189,38.7169497703039],[-8.98948864433582,38.7184703266807],[-8.9892999166699,38.7181287170731],[-8.98815795966494,38.7158784367154],[-8.98937326484475,38.7155674232137],[-8.98888644859496,38.7147452564295],[-8.98780411995802,38.7150955656902],[-8.98758757428323,38.7147144861942],[-8.9867631661684,38.715035244287],[-8.98839590746889,38.7185194570109],[-8.98858503014084,38.7188597500159],[-8.986417466743,38.7197942282247],[-8.98580072842763,38.7200419196445],[-8.98535601367973,38.7202501241488],[-8.98447811321769,38.7206271225626],[-8.98271882555788,38.7213969258626],[-8.98228082562438,38.7215929622863],[-8.98132403023271,38.721978248822],[-8.98082493694439,38.7221729043234],[-8.9797935585508,38.7224158185672],[-8.97662229052702,38.7224514237791],[-8.97633302509175,38.7224444529676],[-8.97502334467245,38.7224128766875],[-8.97162632720557,38.7217110264093],[-8.9699369132197,38.7209718472769],[-8.96889497463466,38.7205159421072],[-8.96863162281653,38.7203742103272],[-8.96572621048868,38.7188104950737],[-8.96296353642019,38.7176530597944],[-8.96141345049252,38.7171433355528],[-8.96140555658611,38.7170004374871],[-8.96141924198603,38.716756635844],[-8.9610452617199,38.7153053032162],[-8.96103264960092,38.7143748035384],[-8.96599417893847,38.714120145356],[-8.96649965021665,38.7141382022619],[-8.96680582502605,38.7141253693139],[-8.972544000144,38.7137791646911],[-8.97304617392449,38.7137699867384],[-8.97905615291502,38.7134403697345],[-8.97947391689884,38.7134239748756],[-8.98273159043547,38.7132353528175],[-8.98283171349472,38.7133841378204],[-8.9855183966873,38.712676800429],[-8.98629782186028,38.7137027376518],[-8.98682696616191,38.7135344039048],[-8.98633832249081,38.7121475157706],[-8.98737498724005,38.7117502807424],[-8.98990382901428,38.710910356284],[-8.99043407181956,38.7108986991812]],[[-8.98314649720107,38.7197857509257],[-8.98186719746629,38.7200987498773],[-8.98218835281913,38.7205759318642],[-8.98330002069535,38.7202159487064],[-8.98314649720107,38.7197857509257]],[[-8.97346820955188,38.7203032279033],[-8.97348105361188,38.7213983968066],[-8.97450648411178,38.7213910115078],[-8.9744201303778,38.7203314758486],[-8.97346820955188,38.7203032279033]],[[-8.9746979904634,38.7143283190991],[-8.97436898980343,38.7144288855215],[-8.97440065417773,38.7146796083072],[-8.97368318595274,38.7147065932497],[-8.97325691224149,38.7150806247031],[-8.97327843311966,38.7156914678109],[-8.97349361338714,38.715679000944],[-8.97351628870271,38.7163880307094],[-8.9736740571462,38.7163759860812],[-8.97418672571839,38.7160231562172],[-8.97473181258955,38.7159864941844],[-8.9746979904634,38.7143283190991]],[[-8.98408315804922,38.7160834198475],[-8.98269193770119,38.7165911659446],[-8.98410679921368,38.719650554518],[-8.98581007418579,38.7189952788385],[-8.98547883735716,38.7183370498079],[-8.9848836379083,38.7185465297175],[-8.98407518573664,38.7170358917044],[-8.98454550656787,38.7168639527085],[-8.98408315804922,38.7160834198475]],[[-8.97005328048179,38.7174734065353],[-8.96964501725122,38.7176854423082],[-8.96866386305449,38.7181950009179],[-8.9689417577877,38.7187499525678],[-8.96807661810672,38.7190449273953],[-8.9682093178181,38.7196003608779],[-8.97005178706266,38.7196048675404],[-8.9701838044891,38.7206900129378],[-8.9702255286074,38.7208445135084],[-8.97046412323454,38.7208198327434],[-8.9711092758285,38.7207352860771],[-8.97077218711767,38.7186027604508],[-8.97021556658027,38.7185861243217],[-8.97005328048179,38.7174734065353]],[[-8.97255991096722,38.7141569866574],[-8.96789232708868,38.7144711658248],[-8.9679030972047,38.715395787224],[-8.97009753955453,38.7153965873108],[-8.97032405975788,38.7161875596745],[-8.9695655834871,38.7163581201053],[-8.96966095374066,38.7165153998925],[-8.96975361507686,38.7166682030983],[-8.97116927568908,38.7165797532662],[-8.97285137183819,38.71645134757],[-8.97259981936929,38.7157088697896],[-8.97224943736433,38.715711388696],[-8.97207841333164,38.7157126178542],[-8.97181210060685,38.7152356706226],[-8.97263746289921,38.7152132272544],[-8.97255991096722,38.7141569866574]]]}},{"type":"Feature","id":"CRUS_Montijo_V.36951","properties":{"AREA_HA":400.02537226948,"Autor":"DGT","Categoria_2021":"Espaço Agrícola","Classe_2021":"Solo Rústico","DTCC":"1507","Data_Pub_Origem":"1997-02-01T00:00:00","Designacao_no_plano":"Espaço agrícola - Área agrícola não incluído na RAN","Escala_origem":"1/25000","Fonte":"AML - Vectorial","ID1":36951,"Municipio":"MONTIJO"},"geometry":{"type":"Polygon","coordinates":[[[-8.92989921643169,38.7161120434042],[-8.92671668482758,38.7127267960831],[-8.92514246463998,38.7110304755072],[-8.92516399672714,38.7110113569752],[-8.92540867834412,38.7108092817753],[-8.9264220325802,38.7101166992195],[-8.92719039144363,38.7092543495482],[-8.92766514342786,38.7082225696553],[-8.92786660648168,38.7068667608562],[-8.92828642822139,38.706899249468],[-8.92901638784293,38.7064826932318],[-8.929011012235,38.7044567809377],[-8.92941223956054,38.702917865732],[-8.92950303364399,38.7027048031231],[-8.92957948552186,38.7025192225152],[-8.9297321442262,38.7021486663433],[-8.93020279084041,38.7010061738831],[-8.93051211148199,38.7000898991557],[-8.92972409143704,38.699626792679],[-8.92919397142316,38.6994650399637],[-8.92835900127202,38.6993255490865],[-8.92808714169345,38.700413822307],[-8.92773532776809,38.7019806101039],[-8.92766382581918,38.7022990143221],[-8.92758146650542,38.7027653301005],[-8.92435922389677,38.7025407547535],[-8.92241161128562,38.7022967243204],[-8.92113336037373,38.7021450435036],[-8.92117458678739,38.7015607167894],[-8.92120348505356,38.7014518861252],[-8.92122470483391,38.7006455940433],[-8.9207962432273,38.6999852568879],[-8.92097946964777,38.6988633947623],[-8.92059890895798,38.6984543074831],[-8.91983895007112,38.6991112197892],[-8.91942467882358,38.6983707455159],[-8.91899887882436,38.6979505178511],[-8.91877792728335,38.6970054033087],[-8.91883296901348,38.6967174717913],[-8.91908351049817,38.6960656808566],[-8.9195049117949,38.6955491103813],[-8.91981404202701,38.6955051229799],[-8.92083907750147,38.6957040442986],[-8.92155978844207,38.6955848327505],[-8.92167192159436,38.6954545852209],[-8.92088904456943,38.6934052890103],[-8.92088221504947,38.6928107098421],[-8.91967853598777,38.6927502206946],[-8.91924060689014,38.6925930800475],[-8.91906953012339,38.6921776675496],[-8.91997832726939,38.6913825388064],[-8.92014977629739,38.6905580724277],[-8.92086264057182,38.6897299462887],[-8.9210852656622,38.6890035906512],[-8.92155756405266,38.6886389396173],[-8.92211301037265,38.6885437121532],[-8.92444979583773,38.6890424701925],[-8.92479367765403,38.6888571784711],[-8.92486434115629,38.6884450441586],[-8.92469134920116,38.6879726767638],[-8.92421357727083,38.6876100020983],[-8.92241243077039,38.6872619886978],[-8.9217693718067,38.6869118515309],[-8.92151651964473,38.6864847436324],[-8.92187037529734,38.6858941426808],[-8.92207513979601,38.6856262762781],[-8.92232333349133,38.6852643876683],[-8.92250018259329,38.6842511998589],[-8.92268569941261,38.6840269621448],[-8.9224725019655,38.6837450756083],[-8.92302585499626,38.6816084428713],[-8.92324291655249,38.6813327893459],[-8.92382432199039,38.6816514742799],[-8.92391452882172,38.681700921197],[-8.9264335670438,38.6829273319352],[-8.92643374401127,38.6839118575941],[-8.92772766298789,38.6839542890838],[-8.92773423193696,38.6833240367436],[-8.92823932180568,38.6835094241352],[-8.92823286375145,38.6841087952191],[-8.92822449481731,38.6848852585484],[-8.92821322451551,38.6915204706226],[-8.92695885901653,38.6915468502218],[-8.92697711487572,38.6931960754307],[-8.92651362274662,38.6935019559434],[-8.92700345588744,38.6957396177541],[-8.92871555656826,38.6958780102554],[-8.92914864775766,38.6959187733525],[-8.92943930846135,38.6974558999708],[-8.93071402918975,38.6976940896794],[-8.93003296670575,38.6949159752858],[-8.92978500315264,38.693990135672],[-8.92967620089032,38.6928436874566],[-8.9296655402482,38.6927313497002],[-8.92966050039098,38.692655302161],[-8.93005218325187,38.6926764381039],[-8.9319303869322,38.6927758702359],[-8.93324647106028,38.6927340607051],[-8.93406948911055,38.6925308739077],[-8.93417929031611,38.6928416069686],[-8.93446231048159,38.6940290938124],[-8.93709742658376,38.6932727141373],[-8.93608128303057,38.6916596247776],[-8.93586320811189,38.6913738521821],[-8.9369659336165,38.6906781659374],[-8.93856084053281,38.6900964847576],[-8.93903587718813,38.6899950927557],[-8.93951503864071,38.6899361847058],[-8.93954291358851,38.6924154392038],[-8.94092101187582,38.6984417336557],[-8.94139353088031,38.7006674586906],[-8.94156602604323,38.7017932826158],[-8.94127749545842,38.7045502152617],[-8.9408503798371,38.70635640102],[-8.94064950864862,38.7083864225542],[-8.94071222701169,38.7111158768425],[-8.94144138418145,38.7134149539848],[-8.94212703282914,38.7146874907515],[-8.9416150467119,38.714729886519],[-8.94120016911991,38.71480502948],[-8.94063416231795,38.7149327244085],[-8.93816146094316,38.7153210178145],[-8.93631438384914,38.7156148142861],[-8.93604529039019,38.7154143925148],[-8.9319731751134,38.7132990626682],[-8.93188582214171,38.7134844136294],[-8.93143288276152,38.7144454767156],[-8.93119533012599,38.7147128174277],[-8.93099307434036,38.7149404320089],[-8.93017072037868,38.7158658769101],[-8.92997481611339,38.7160667493999],[-8.9299579374261,38.7160491493046],[-8.92989921643169,38.7161120434042]]]}},{"type":"Feature","id":"CRUS_Montijo_V.36952","properties":{"AREA_HA":10.7532431466715,"Autor":"DGT","Categoria_2021":"Não Atribuída","Classe_2021":"Solo Urbano (urbanizável – transitório)","DTCC":"1507","Data_Pub_Origem":"1997-02-01T00:00:00","Designacao_no_plano":"Espaço urbanizável - Área urbanizável mista habitacional e equipamento industrial","Escala_origem":"1/25000","Fonte":"AML - Vectorial","ID1":36952,"Municipio":"MONTIJO"},"geometry":{"type":"Polygon","coordinates":[[[-8.92291628323361,38.7084588439631],[-8.92297455046772,38.708420535626],[-8.92326467558067,38.7082297664693],[-8.92347147663319,38.7084489885578],[-8.92369073552485,38.7083008728812],[-8.92529158715485,38.7073195602097],[-8.92738592076629,38.7071016619525],[-8.9273789679699,38.7068290293572],[-8.92786660648168,38.7068667608562],[-8.92766514342786,38.7082225696553],[-8.92719039144363,38.7092543495482],[-8.9264220325802,38.7101166992195],[-8.92540867834412,38.7108092817753],[-8.92516399672714,38.7110113569752],[-8.92514246463998,38.7110304755072],[-8.92371345504535,38.7094905382865],[-8.92305839462189,38.7087846010245],[-8.92295041746925,38.7086112713139],[-8.92291628323361,38.7084588439631]]]}},{"type":"Feature","id":"CRUS_Montijo_V.36953","properties":{"AREA_HA":64.6839883158941,"Autor":"DGT","Categoria_2021":"Espaço de Atividades Económicas","Classe_2021":"Solo Urbano","DTCC":"1507","Data_Pub_Origem":"1997-02-01T00:00:00","Designacao_no_plano":"Espaço industrial - Área industrial existente","Escala_origem":"1/25000","Fonte":"AML - Vectorial","ID1":36953,"Municipio":"MONTIJO"},"geometry":{"type":"Polygon","coordinates":[[[-8.61660950371281,38.6631799746535],[-8.61669711946523,38.6634761147263],[-8.61576956910409,38.6636084036955],[-8.61577833590555,38.6649143602797],[-8.6154788229152,38.6650440536701],[-8.61545826655478,38.6660503948155],[-8.61627877914992,38.6662396954589],[-8.61728088283471,38.6663311079058],[-8.61659246490253,38.668727652913],[-8.61637193639275,38.6691665894942],[-8.61559988517473,38.6706765843792],[-8.61534158234976,38.670658984663],[-8.6143924886394,38.6705937686228],[-8.60676375074639,38.6700692755116],[-8.60575302731768,38.6643245096921],[-8.6057231873562,38.6641800972366],[-8.61339081838583,38.6634912740838],[-8.61660950371281,38.6631799746535]]]}},{"type":"Feature","id":"CRUS_Montijo_V.36954","properties":{"AREA_HA":5.77969119678516,"Autor":"DGT","Categoria_2021":"Não Atribuída","Classe_2021":"Solo Urbano","DTCC":"1507","Data_Pub_Origem":"1997-02-01T00:00:00","Designacao_no_plano":"Espaço urbano - Área urbanizada mista habitacional e equipamento industrial","Escala_origem":"1/25000","Fonte":"AML - Vectorial","ID1":36954,"Municipio":"MONTIJO"},"geometry":{"type":"Polygon","coordinates":[[[-8.61660950371281,38.6631799746535],[-8.61739865324394,38.6631036372632],[-8.61792332179953,38.6633358193806],[-8.61801132973659,38.6637282968316],[-8.61757504885121,38.6653069945656],[-8.61728088283471,38.6663311079058],[-8.61627877914992,38.6662396954589],[-8.61545826655478,38.6660503948155],[-8.6154788229152,38.6650440536701],[-8.61577833590555,38.6649143602797],[-8.61576956910409,38.6636084036955],[-8.61669711946523,38.6634761147263],[-8.61660950371281,38.6631799746535]]]}},{"type":"Feature","id":"CRUS_Montijo_V.45044","properties":{"AREA_HA":2.32725904385573,"Autor":"DGT","Categoria_2021":"Não Atribuída","Classe_2021":"Solo Urbano (urbanizável – transitório)","DTCC":"1507","Data_Pub_Origem":"1997-02-01T00:00:00","Designacao_no_plano":"Espaço urbanizável - Área urbanizável mista habitacional e equipamento industrial","Escala_origem":"1/25000","Fonte":"AML - Vectorial","ID1":45044,"Municipio":"MONTIJO"},"geometry":{"type":"Polygon","coordinates":[[[-8.92129529383734,38.7098481995169],[-8.9206248570357,38.7089895411657],[-8.92054540537118,38.7090419849572],[-8.92054441277341,38.7089514998221],[-8.92034433267755,38.7082735967609],[-8.92040808552034,38.7074995770119],[-8.92044781531785,38.7074576978531],[-8.92110511717252,38.7073816724083],[-8.92116292994331,38.7075193639719],[-8.92191254774393,38.7091187873174],[-8.9219233044742,38.7091117146205],[-8.92191898463835,38.7091309155211],[-8.9215044375427,38.7099904591854],[-8.92147163682946,38.7100584683546],[-8.92140990929826,38.7100499882278],[-8.92143880437527,38.7100319962798],[-8.92129529383734,38.7098481995169]]]}},{"type":"Feature","id":"CRUS_Montijo_V.45045","properties":{"AREA_HA":1.40046756828213,"Autor":"DGT","Categoria_2021":"Não Atribuída","Classe_2021":"Solo Urbano","DTCC":"1507","Data_Pub_Origem":"1997-02-01T00:00:00","Designacao_no_plano":"Espaço urbano - Área urbanizada mista habitacional e equipamento industrial","Escala_origem":"1/25000","Fonte":"AML - Vectorial","ID1":45045,"Municipio":"MONTIJO"},"geometry":{"type":"Polygon","coordinates":[[[-9.00085309960837,38.7191340170731],[-8.99979999799761,38.7191063390223],[-8.99975995216452,38.7191229150661],[-8.99978695558573,38.7191079580518],[-9.00210936423745,38.718543440361],[-9.00349362743445,38.7182069352109],[-9.0039764552963,38.7183194910556],[-9.00225767004393,38.7185997970078],[-9.00226719024439,38.7186316720623],[-9.00260906697218,38.7197762593144],[-9.00135725104012,38.7191960358175],[-9.00085309960837,38.7191340170731]]]}}]}