{"type":"FeatureCollection","features":[{"type":"Feature","id":"CRUS_Odivelas_V.399157","properties":{"Area_Ha":3.63739981350934,"Autor":"DGT","Categoria":"Espaço Verde","Classe":"Solo Urbano","DTCC":"1116","Data_PublicacaoPDM":"2024-09-06T00:00:00","Designacao_PlantaOrdenamento":"Espaço Verde","Escala_PlantaOrdenamento":"1/10000","Fonte":"CM_Vetor","ID":399157,"Municipio":"ODIVELAS"},"geometry":{"type":"Polygon","coordinates":[[[-9.17016510271591,38.7943917446124],[-9.17080507381378,38.7945066842502],[-9.17098475490144,38.794462432731],[-9.17106053712346,38.7945924125379],[-9.17071563167321,38.7947632523614],[-9.17049037950363,38.7950638480033],[-9.1710960347605,38.7953410396372],[-9.17193677968267,38.7953473028362],[-9.17210897475534,38.7953151682768],[-9.17230529067184,38.7953137212574],[-9.1725645766692,38.7952997022254],[-9.17277142245739,38.7952636756484],[-9.17274324777625,38.7953159533103],[-9.17272180842374,38.795353436337],[-9.17267004950846,38.7954273996945],[-9.17259166215984,38.7955302449635],[-9.17253864709558,38.795588997165],[-9.17271802094625,38.7957926234211],[-9.17231151635429,38.795851008763],[-9.1722563245468,38.7958549234946],[-9.1721217330776,38.795908095927],[-9.17207334733963,38.7959448279533],[-9.1720641328102,38.795992554995],[-9.1720441101944,38.7960540672605],[-9.17199949147036,38.7961021668893],[-9.17194238672361,38.7961367750751],[-9.17168692218108,38.7962332158268],[-9.1716495249114,38.7962303771968],[-9.17160952151261,38.7962090338673],[-9.17148666885776,38.7960561360115],[-9.1713833624493,38.7959335820117],[-9.17127437452524,38.7956807197954],[-9.17100720284627,38.7958062421983],[-9.17089279182002,38.796672565945],[-9.17085825652511,38.7969340620784],[-9.17086283783838,38.7970594906731],[-9.17086491305773,38.7971162602752],[-9.17089165185828,38.7971809027535],[-9.17099579531468,38.797432682357],[-9.17131890920785,38.7974033697772],[-9.17199549931196,38.7977313265157],[-9.17054454115472,38.7978733539357],[-9.17016009217641,38.7979109811067],[-9.170262503421,38.7975215100831],[-9.1699729017173,38.7974392550445],[-9.17068874827249,38.795342395343],[-9.16978916258883,38.7951078226236],[-9.16957538101101,38.7947354113743],[-9.16957355067814,38.7946782648397],[-9.16961235661075,38.7946232507798],[-9.16966004967537,38.79455563802],[-9.16975496048974,38.7945023861753],[-9.16988967517109,38.794426798647],[-9.17001691633605,38.7943961730329],[-9.17009078169015,38.794378395482],[-9.17016510271591,38.7943917446124]]]}},{"type":"Feature","id":"CRUS_Odivelas_V.399158","properties":{"Area_Ha":0.82942354663047,"Autor":"DGT","Categoria":"Espaço Verde","Classe":"Solo Urbano","DTCC":"1116","Data_PublicacaoPDM":"2024-09-06T00:00:00","Designacao_PlantaOrdenamento":"Espaço Verde","Escala_PlantaOrdenamento":"1/10000","Fonte":"CM_Vetor","ID":399158,"Municipio":"ODIVELAS"},"geometry":{"type":"Polygon","coordinates":[[[-9.15877621063686,38.7999235821603],[-9.15878110674661,38.7999130626339],[-9.15888103230737,38.7996754306443],[-9.15897686405467,38.7995457565563],[-9.16051867499009,38.7985102568363],[-9.16047046825325,38.7985725287336],[-9.16044494832434,38.798598748107],[-9.16042764327614,38.7986383649587],[-9.16041688805621,38.798695873307],[-9.16040248661168,38.7987477479077],[-9.1603840568397,38.7988053074743],[-9.16036929637047,38.7988610298482],[-9.16035742057892,38.798900607982],[-9.16033425540608,38.7989379143124],[-9.16018218758043,38.7990118538154],[-9.16011652029546,38.7990401126752],[-9.16007771747861,38.7990569482318],[-9.16001133359013,38.7990858507907],[-9.16001344605419,38.7990991014918],[-9.16003194286304,38.7991428956228],[-9.15998631042349,38.7991844913704],[-9.15997431335848,38.7991954589026],[-9.1599201512936,38.7992439393877],[-9.1598751940037,38.7992861178604],[-9.15984516256839,38.7993134141991],[-9.15982851854487,38.7993286942502],[-9.15978664136809,38.7993671373444],[-9.15977860089573,38.7993747383226],[-9.15974401671945,38.7994168562947],[-9.15971683116124,38.7994515134537],[-9.15971301100921,38.799462946346],[-9.15971595301827,38.799498630859],[-9.15971789098053,38.7996014461313],[-9.15968008525669,38.7996556345894],[-9.15964964310572,38.7996993558368],[-9.15958758913832,38.7997939867704],[-9.15953908504721,38.7998680593053],[-9.1595082607074,38.799910567642],[-9.15947121373603,38.7999583910264],[-9.15946660939282,38.7999647907167],[-9.15943005892538,38.8000087813607],[-9.15940062496816,38.8000513785822],[-9.15936620276866,38.8000951735394],[-9.15933122115022,38.8001396289163],[-9.15927820029089,38.80020717771],[-9.15917550657302,38.8003346197893],[-9.15912588562022,38.8003962001725],[-9.15910054503166,38.8003545436149],[-9.15891888306247,38.8001454195999],[-9.15877621063686,38.7999235821603]]]}},{"type":"Feature","id":"CRUS_Odivelas_V.399159","properties":{"Area_Ha":1.95483596298862,"Autor":"DGT","Categoria":"Espaço de Uso Especial Equipamentos e Infraestruturas","Classe":"Solo Urbano","DTCC":"1116","Data_PublicacaoPDM":"2024-09-06T00:00:00","Designacao_PlantaOrdenamento":"Espaço de Uso Especial - Equipamentos","Escala_PlantaOrdenamento":"1/10000","Fonte":"CM_Vetor","ID":399159,"Municipio":"ODIVELAS"},"geometry":{"type":"Polygon","coordinates":[[[-9.20083960908361,38.8002920418446],[-9.20040082239263,38.7993453598617],[-9.20086026583398,38.7995916195974],[-9.20101316000155,38.7996614585498],[-9.20135767716433,38.7998307648266],[-9.20195367519417,38.8001785096833],[-9.20212921605176,38.8003198638616],[-9.20220057301477,38.8003818388706],[-9.2023429692259,38.8005194021874],[-9.20282036410092,38.8010241385456],[-9.20269533228695,38.8010703919093],[-9.2021259871272,38.8012270204383],[-9.20163613535393,38.801336085064],[-9.20137780599575,38.8014003800283],[-9.20132936453114,38.8013006220556],[-9.20083960908361,38.8002920418446]]]}},{"type":"Feature","id":"CRUS_Odivelas_V.399160","properties":{"Area_Ha":1.23600714391982,"Autor":"DGT","Categoria":"Espaço de Atividades Económicas","Classe":"Solo Urbano","DTCC":"1116","Data_PublicacaoPDM":"2024-09-06T00:00:00","Designacao_PlantaOrdenamento":"Espaço de Atividades Económicas a Requalificar","Escala_PlantaOrdenamento":"1/10000","Fonte":"CM_Vetor","ID":399160,"Municipio":"ODIVELAS"},"geometry":{"type":"Polygon","coordinates":[[[-9.20708706908302,38.8066888046702],[-9.20706489611608,38.8065481712467],[-9.20708066646701,38.8051920866787],[-9.20727770044526,38.8051761790062],[-9.20757248681876,38.8051905397021],[-9.20771636887151,38.8052566107078],[-9.20793065017813,38.8053017264848],[-9.20791301604457,38.8053478171879],[-9.20764806312779,38.8060403452945],[-9.20826606566039,38.8061611721945],[-9.20820418045201,38.8063359560086],[-9.20816182619203,38.8064555826111],[-9.2081615681894,38.8064563055088],[-9.2081381662306,38.8066541693588],[-9.20799420764146,38.80665524833],[-9.20786291071171,38.8066640425109],[-9.20734608406892,38.8066867646568],[-9.20708706908302,38.8066888046702]]]}},{"type":"Feature","id":"CRUS_Odivelas_V.399161","properties":{"Area_Ha":1.243546932582,"Autor":"DGT","Categoria":"Espaço Agrícola","Classe":"Solo Rústico","DTCC":"1116","Data_PublicacaoPDM":"2024-09-06T00:00:00","Designacao_PlantaOrdenamento":"Espaços Agrícolas","Escala_PlantaOrdenamento":"1/10000","Fonte":"CM_Vetor","ID":399161,"Municipio":"ODIVELAS"},"geometry":{"type":"Polygon","coordinates":[[[-9.19746656093431,38.7849169924352],[-9.19775607358594,38.784913004214],[-9.19782174001158,38.784939534928],[-9.19788740535987,38.7849660674206],[-9.19806847162867,38.7850987045206],[-9.19844680466115,38.7857772467514],[-9.19850610226188,38.7861535969923],[-9.19843031113762,38.7863958605945],[-9.19831510770756,38.7866097995885],[-9.19815595147843,38.7867890842683],[-9.19800184836747,38.7865510967491],[-9.19798109438262,38.786463685838],[-9.19796746040642,38.7863888237811],[-9.19795203105015,38.7862995901061],[-9.19793441627018,38.7861986898966],[-9.19792983913107,38.7861784006354],[-9.19790185185062,38.7861034544701],[-9.19786789705436,38.7860194405066],[-9.19780988138398,38.7858951743444],[-9.19773774867923,38.7857776244517],[-9.19765369904587,38.7856930176427],[-9.19755444278665,38.7856172597321],[-9.19723923182482,38.7854895644803],[-9.19711238980162,38.7854192988344],[-9.19703362708886,38.7853649579503],[-9.19700088556786,38.7853166890749],[-9.19699014383991,38.7852498247691],[-9.19700099458616,38.7851829904999],[-9.19701578274257,38.7850605937113],[-9.19746656093431,38.7849169924352]]]}},{"type":"Feature","id":"CRUS_Odivelas_V.399162","properties":{"Area_Ha":7.12342152729417,"Autor":"DGT","Categoria":"Espaço Agrícola","Classe":"Solo Rústico","DTCC":"1116","Data_PublicacaoPDM":"2024-09-06T00:00:00","Designacao_PlantaOrdenamento":"Espaços Agrícolas","Escala_PlantaOrdenamento":"1/10000","Fonte":"CM_Vetor","ID":399162,"Municipio":"ODIVELAS"},"geometry":{"type":"Polygon","coordinates":[[[-9.22972892304465,38.8145952891903],[-9.2297434214937,38.8145950501598],[-9.23003571421573,38.8145577317614],[-9.22994972075047,38.8143071960679],[-9.22983827664216,38.8140670036972],[-9.22983733689956,38.8140649502725],[-9.22979366584167,38.8139603526822],[-9.2309619109072,38.8135135884663],[-9.23118222045431,38.8134484929564],[-9.23151657106582,38.8133703215588],[-9.23175971689711,38.8133209023708],[-9.23192375636064,38.8133286234344],[-9.2320445789912,38.8133275709181],[-9.23228190629259,38.8133258004854],[-9.23237408429994,38.8133525378375],[-9.23251654645238,38.813363332355],[-9.23266317686453,38.8133639044447],[-9.23301131617072,38.8133748561775],[-9.23291908424791,38.8137887733889],[-9.23333760744184,38.8137959076379],[-9.23337144990767,38.8138806367166],[-9.23353308516107,38.8138735460516],[-9.234301915311,38.813839808305],[-9.23430611853038,38.814122196216],[-9.23424294547893,38.8144511718993],[-9.23403108288525,38.8146534015655],[-9.23380166543067,38.8148237592012],[-9.23352305138834,38.8149955874554],[-9.23345375206825,38.8149030292021],[-9.23341285906461,38.8147796967451],[-9.23335079276902,38.8143130886058],[-9.23336546410912,38.8140468709766],[-9.23292159121748,38.8140595261983],[-9.23292045792124,38.8140596009755],[-9.23293920514277,38.8145214733365],[-9.23296350495451,38.8147712305361],[-9.23297776784434,38.8148474381917],[-9.23301609374274,38.814940177298],[-9.23314706133371,38.8152113060054],[-9.23223397110328,38.8155032371428],[-9.23203879338177,38.8154966852841],[-9.23174068584622,38.8154866768703],[-9.23122295950883,38.8156654314946],[-9.23088995599107,38.8157847043284],[-9.23068111251848,38.8158387130932],[-9.23034485656889,38.8159256708955],[-9.2302827275887,38.8158559177335],[-9.23006565881792,38.8156122130041],[-9.22985625251469,38.814840605504],[-9.22972892304465,38.8145952891903]]]}},{"type":"Feature","id":"CRUS_Odivelas_V.399163","properties":{"Area_Ha":4.19519508455209,"Autor":"DGT","Categoria":"Espaço Agrícola","Classe":"Solo Rústico","DTCC":"1116","Data_PublicacaoPDM":"2024-09-06T00:00:00","Designacao_PlantaOrdenamento":"Espaços Agrícolas","Escala_PlantaOrdenamento":"1/10000","Fonte":"CM_Vetor","ID":399163,"Municipio":"ODIVELAS"},"geometry":{"type":"Polygon","coordinates":[[[-9.2231502010743,38.8182494647522],[-9.22301576176446,38.8181942050776],[-9.22324998576132,38.8170473687705],[-9.22326768022144,38.8170384833433],[-9.22327425109772,38.8170351850904],[-9.22329314128962,38.8170256988991],[-9.22339784858629,38.8169373832067],[-9.22349109152868,38.8168295225843],[-9.22359476497001,38.8166735287937],[-9.22367076524885,38.8165330777142],[-9.22375580308185,38.8164362114667],[-9.22380072601668,38.8161441980711],[-9.22381069575229,38.81593375306],[-9.22450813315221,38.8159137101833],[-9.22496632765123,38.8159748860239],[-9.22492426882519,38.8163496970389],[-9.22533925144302,38.8163636819485],[-9.22532476372372,38.816546430987],[-9.22560422847923,38.816558509964],[-9.22556115351897,38.8171675518588],[-9.2256034229703,38.8172488943075],[-9.22566872970994,38.8173310542146],[-9.22568107958397,38.8173465888526],[-9.22571745857855,38.8173923548076],[-9.22531821780862,38.8174638894966],[-9.22544935071782,38.8177325459133],[-9.22483930419143,38.8179868585781],[-9.22478632517121,38.81800894406],[-9.22471855310071,38.8180371946738],[-9.22439603129063,38.8180329052549],[-9.22424599366064,38.818130429649],[-9.22404503662118,38.8182035406658],[-9.22395647782407,38.818235328432],[-9.22380312186702,38.8184081100975],[-9.22343141391387,38.8183147582254],[-9.2231502010743,38.8182494647522]]]}},{"type":"Feature","id":"CRUS_Odivelas_V.399164","properties":{"Area_Ha":15.8490757593089,"Autor":"DGT","Categoria":"Espaço Florestal","Classe":"Solo Rústico","DTCC":"1116","Data_PublicacaoPDM":"2024-09-06T00:00:00","Designacao_PlantaOrdenamento":"Espaços Florestais com Funções Predominantes de Recreio e Valorização da Paisagem Grande Lisboa","Escala_PlantaOrdenamento":"1/10000","Fonte":"CM_Vetor","ID":399164,"Municipio":"ODIVELAS"},"geometry":{"type":"Polygon","coordinates":[[[-9.19818243273636,38.8138111617429],[-9.19824101002517,38.8138019669521],[-9.19829846145504,38.813789785631],[-9.19863960786267,38.8137174510273],[-9.19886655088839,38.8136161508466],[-9.19906781623015,38.813495240316],[-9.19944318720251,38.8131345918496],[-9.19979169122496,38.8126749610284],[-9.19991730415155,38.8123971255609],[-9.19997188392783,38.8122764034524],[-9.20006830544571,38.8118938455276],[-9.20009116941214,38.8118031305673],[-9.20007750619051,38.8112741648494],[-9.19995024195012,38.8109253752949],[-9.19992809972783,38.8106146820826],[-9.19986808105393,38.8097724820528],[-9.19986753869997,38.8097649016339],[-9.19986232808911,38.8096896011363],[-9.19976295640396,38.8082534132271],[-9.19956591786764,38.8072113360672],[-9.19962018677137,38.8066172347873],[-9.19962036148921,38.8066153316567],[-9.20045065577864,38.8069411291585],[-9.20077064147395,38.8068792722427],[-9.2010876155376,38.8066632803884],[-9.20110937987761,38.8067206042301],[-9.20121265026863,38.8069926071864],[-9.20137173458862,38.8074116131317],[-9.20166433119095,38.8076680760927],[-9.20185254168951,38.8078049859775],[-9.20188879586521,38.8078351005497],[-9.2021223224985,38.8082284949185],[-9.20221417239399,38.808354822496],[-9.20224057618745,38.808388766056],[-9.20224192205413,38.8083943463827],[-9.20227198317684,38.8084595776102],[-9.20237002438551,38.8084864602645],[-9.20254612297366,38.8083735616941],[-9.20256264797544,38.8083924727233],[-9.20259395049395,38.8084452404327],[-9.20258926007507,38.8084490557393],[-9.20256459934117,38.8084664837823],[-9.20251572647007,38.8085052580015],[-9.20244160413546,38.8085506487076],[-9.20233477360312,38.8085958303808],[-9.20233570624448,38.8085978524961],[-9.20256161475567,38.8090292993703],[-9.20257125495105,38.809045259494],[-9.20249195566993,38.809070762212],[-9.20213802114648,38.8093126222787],[-9.20220087606882,38.8095410853752],[-9.20209941088421,38.80995375557],[-9.2022050966761,38.8103304786409],[-9.2021610192241,38.8108006312799],[-9.20171451556155,38.8114289502456],[-9.2017156493487,38.8116496378619],[-9.20171800281028,38.812108186581],[-9.20155887555068,38.8126025066452],[-9.20097887077035,38.8144041996302],[-9.20092991256612,38.8144021108612],[-9.20051415186061,38.8144182323969],[-9.19941035679892,38.8144740810386],[-9.19878162086223,38.8145025173018],[-9.19859122581791,38.8145003443304],[-9.19838970716554,38.8144764382577],[-9.19826067852212,38.8143590199446],[-9.19823495097318,38.8142596289832],[-9.19823817951122,38.814069843502],[-9.19824775795073,38.8138989784351],[-9.19818243273636,38.8138111617429]]]}},{"type":"Feature","id":"CRUS_Odivelas_V.399165","properties":{"Area_Ha":0.519170359240868,"Autor":"DGT","Categoria":"Aglomerado Rural","Classe":"Solo Rústico","DTCC":"1116","Data_PublicacaoPDM":"2024-09-06T00:00:00","Designacao_PlantaOrdenamento":"Aglomerado Rural","Escala_PlantaOrdenamento":"1/10000","Fonte":"CM_Vetor","ID":399165,"Municipio":"ODIVELAS"},"geometry":{"type":"Polygon","coordinates":[[[-9.22954633509925,38.8263241193126],[-9.22975199066734,38.8260048399411],[-9.22981682099791,38.8259824323744],[-9.23100553195561,38.8259753787613],[-9.23119185260626,38.8260656211531],[-9.23114911192997,38.8262431997291],[-9.23103567326369,38.826287915297],[-9.23072300885677,38.8263648397437],[-9.23023664326052,38.8263226823879],[-9.22996346577462,38.8263758702701],[-9.22980398461816,38.8263715276583],[-9.22954633509925,38.8263241193126]]]}},{"type":"Feature","id":"CRUS_Odivelas_V.399166","properties":{"Area_Ha":1.6384816692533,"Autor":"DGT","Categoria":"Espaço Florestal","Classe":"Solo Rústico","DTCC":"1116","Data_PublicacaoPDM":"2024-09-06T00:00:00","Designacao_PlantaOrdenamento":"Espaços Florestais com Funções Predominantes de Recreio e Valorização da Paisagem Grande Lisboa","Escala_PlantaOrdenamento":"1/10000","Fonte":"CM_Vetor","ID":399166,"Municipio":"ODIVELAS"},"geometry":{"type":"Polygon","coordinates":[[[-9.2089023872436,38.8227204261996],[-9.20999892283476,38.8217133625841],[-9.2104243853056,38.8224620704712],[-9.21094856466384,38.8228380754617],[-9.21140681283763,38.8235180229061],[-9.21115041598572,38.8234552353772],[-9.21074056712645,38.823328889574],[-9.21011193572234,38.8231394959214],[-9.20977379044944,38.823040370172],[-9.20942804640905,38.8228943043334],[-9.2089023872436,38.8227204261996]]]}},{"type":"Feature","id":"CRUS_Odivelas_V.399167","properties":{"Area_Ha":276.150380571774,"Autor":"DGT","Categoria":"Espaço Habitacional","Classe":"Solo Urbano","DTCC":"1116","Data_PublicacaoPDM":"2024-09-06T00:00:00","Designacao_PlantaOrdenamento":"Espaço Habitacional - Nivel 2","Escala_PlantaOrdenamento":"1/10000","Fonte":"CM_Vetor","ID":399167,"Municipio":"ODIVELAS"},"geometry":{"type":"Polygon","coordinates":[[[-9.22237442055428,38.8027470932691],[-9.22232772415361,38.8028119008592],[-9.22232770312959,38.8028122631241],[-9.22232770216454,38.8028122644631],[-9.22232745452445,38.8028164523003],[-9.22232731601211,38.8028189982681],[-9.22230750898922,38.8029225553396],[-9.22229170353841,38.8030031423875],[-9.22225024735751,38.803085498064],[-9.22217103241192,38.8033603922692],[-9.22214494737452,38.8034413903833],[-9.2220946181533,38.8035249898019],[-9.22220384912575,38.8038324818559],[-9.22239388014682,38.8043746782118],[-9.22258236048872,38.8048576459052],[-9.2226431361186,38.8050613413803],[-9.22272082017464,38.8051793735238],[-9.22283145469284,38.8052685970122],[-9.2230170925493,38.8054368974146],[-9.22310236773535,38.8055256356944],[-9.22319768788302,38.8056010415693],[-9.22328506183514,38.8056991272354],[-9.22328322189395,38.8057561334168],[-9.22328529171594,38.8057587399712],[-9.22328015572992,38.805760736605],[-9.22327415258493,38.8057635084329],[-9.22325319798558,38.805773183781],[-9.22280340457685,38.8060060811924],[-9.22276376466173,38.805756649488],[-9.22245795006948,38.8052894300053],[-9.22056058499477,38.8063328717746],[-9.21975467593274,38.8066695341611],[-9.21971628599601,38.8064284110097],[-9.21967206743873,38.8061506504013],[-9.21961815976445,38.8061182749129],[-9.21954897615609,38.8061185589319],[-9.21844823722488,38.8062797630498],[-9.21839561100894,38.8063090755929],[-9.21829372816838,38.80641487175],[-9.21822565955568,38.8064809904029],[-9.21817047028098,38.8065082553684],[-9.21809834200936,38.8065267604609],[-9.21828568783856,38.8069767536979],[-9.21805725579059,38.8070503967417],[-9.21826659668287,38.8074249713281],[-9.21802554108048,38.8075825226992],[-9.21776681606664,38.8077072786246],[-9.21751321117282,38.8077402235067],[-9.21707931829865,38.8078933181398],[-9.2170220135782,38.8078875447791],[-9.21679890670837,38.8079330310229],[-9.21596714993625,38.8081076601535],[-9.21601490741312,38.8082355754663],[-9.2160665002018,38.8082975209582],[-9.21610816799301,38.808337992379],[-9.21610625983886,38.8083388651249],[-9.21575684109488,38.8084614117829],[-9.2154023133873,38.8084944891269],[-9.2145555578098,38.8085013840928],[-9.21497856899477,38.809177583406],[-9.21520030054502,38.8096940622551],[-9.21543689777233,38.8104509683895],[-9.21573681602102,38.8110443061826],[-9.21599461833213,38.8114734729198],[-9.21625242378489,38.8119026390125],[-9.21625264206109,38.8119028022209],[-9.21606882463538,38.8119471869558],[-9.21571474205996,38.8119957036848],[-9.21547391167951,38.8119843797668],[-9.21441928886572,38.811833259665],[-9.21334252740003,38.8119119072338],[-9.21277351789523,38.8119534624598],[-9.21085963942686,38.8120005718457],[-9.21062822867893,38.8121118540374],[-9.20929309788379,38.8123145622745],[-9.20879076294068,38.8123190450885],[-9.20878730558736,38.8120895765808],[-9.2080347825898,38.8120732467469],[-9.20761511442411,38.8119736815433],[-9.20741091181328,38.8118729995475],[-9.20716427558389,38.8117346369322],[-9.20680419206248,38.8114382983105],[-9.20653633251962,38.8115059870494],[-9.20645708390924,38.8116089194142],[-9.20623850523367,38.8116199357702],[-9.20612244226687,38.8115579496712],[-9.20597306715037,38.8115773382505],[-9.20587041263673,38.8116413348922],[-9.20567446839084,38.8116970225038],[-9.20560913325069,38.8117155893675],[-9.20553203503671,38.8115364541739],[-9.20542135420903,38.8112703670228],[-9.20528382599854,38.8106372602348],[-9.20515466367094,38.8100875470817],[-9.20509543588139,38.8099322803743],[-9.20505201737189,38.8098825978202],[-9.20494401391398,38.8097945552547],[-9.20485784432091,38.8097396992866],[-9.20473712200845,38.809751936902],[-9.2046309233627,38.8097760779128],[-9.20452357656511,38.8097964542809],[-9.20441146847236,38.8099271640714],[-9.2044596499008,38.810259313669],[-9.20449141601538,38.8104783036749],[-9.20449381916137,38.8104915093036],[-9.2045304782812,38.8106930742572],[-9.20457876157905,38.8108945307755],[-9.20458153473234,38.8109060879002],[-9.20458198783461,38.8109137621116],[-9.2046016289052,38.8112462564102],[-9.20465364152988,38.8115032484082],[-9.20466218349084,38.8116994839519],[-9.20467130488347,38.811909046574],[-9.2046961472458,38.8121742550276],[-9.20470511088941,38.8123363872968],[-9.2046597602546,38.8123460734708],[-9.20462558085593,38.8123453702873],[-9.20450867549657,38.8123398376753],[-9.20448148789176,38.8124490983015],[-9.20441595062573,38.8126067698987],[-9.20432838326336,38.812739236421],[-9.20424528490561,38.8128416337533],[-9.20412693705964,38.8129559033352],[-9.20386922697797,38.8131615364548],[-9.20368165028586,38.8133187884653],[-9.20362353301902,38.813380917693],[-9.20366087732462,38.8135089704805],[-9.20372571661664,38.813620789742],[-9.20385486245685,38.8138717768126],[-9.20395653542541,38.8141465770406],[-9.20399054774296,38.8144608108788],[-9.20363066292004,38.8153104672055],[-9.20339630079449,38.8158590603719],[-9.20334071789908,38.8161262897013],[-9.20329511334738,38.816303553566],[-9.20326892785286,38.8164714262103],[-9.20323239814947,38.8169720578248],[-9.20310895125,38.8170160741625],[-9.20305276158139,38.816892187457],[-9.20302434995819,38.8166585899577],[-9.20297121393022,38.8164639339159],[-9.20292984604161,38.8163054165621],[-9.2028572460462,38.816168038833],[-9.20313090757181,38.8154851533835],[-9.20272641350408,38.8154420452224],[-9.20148081858806,38.8144908802794],[-9.20138351351885,38.8144327693231],[-9.20126039525693,38.8144162133651],[-9.20097887077035,38.8144041996302],[-9.20155887555068,38.8126025066452],[-9.20171800281028,38.812108186581],[-9.2017156493487,38.8116496378619],[-9.20236098826666,38.8116438785505],[-9.20270666780339,38.8117116334593],[-9.20418552450524,38.8116228736924],[-9.20411139097243,38.8106693474297],[-9.20422686163417,38.8106699619023],[-9.20416885574786,38.8102666895902],[-9.20403765919169,38.8097191481209],[-9.20401910821467,38.8096366547189],[-9.20376873317699,38.8096485899242],[-9.20367706719786,38.809431000943],[-9.20379091735764,38.8092169677384],[-9.20375151609099,38.8091208778886],[-9.2035722234666,38.8089550594153],[-9.20339714467414,38.8087600777018],[-9.2031480161272,38.8085912586751],[-9.20296336392693,38.808378163053],[-9.20279019819288,38.8083105810385],[-9.20268523479158,38.8081367994946],[-9.20256253287581,38.8080214280426],[-9.20229278579361,38.8077180975225],[-9.20221935232792,38.8074748584221],[-9.20204504477981,38.807330834273],[-9.20186706829244,38.8072523732389],[-9.20166107070285,38.8071668880347],[-9.20157722256947,38.8071603738039],[-9.20138858019782,38.8069909977397],[-9.20121265026863,38.8069926071864],[-9.20110937987761,38.8067206042301],[-9.2010876155376,38.8066632803884],[-9.20077064147395,38.8068792722427],[-9.20045065577864,38.8069411291585],[-9.19962036148921,38.8066153316567],[-9.19962018677137,38.8066172347873],[-9.19961743782692,38.8066149746073],[-9.19965319567329,38.8064539539875],[-9.19971447663465,38.8061959134468],[-9.19992269563928,38.8062458467834],[-9.2000616683562,38.8062764713131],[-9.200261805158,38.8063205737023],[-9.20064348882289,38.8063937386407],[-9.20074501867831,38.8063856941115],[-9.20085127470564,38.8063624734755],[-9.20102303991163,38.8063580982],[-9.20118336563814,38.8063802031542],[-9.20224525848264,38.8065746689134],[-9.20247928537066,38.8066398365262],[-9.20253965511743,38.8066919147439],[-9.20285215290617,38.8069729965077],[-9.20301824513276,38.8070914167495],[-9.20369415672116,38.8076764125917],[-9.20388386508877,38.8077506279528],[-9.20404461346332,38.8077136818029],[-9.2040453701565,38.807713506926],[-9.20415299698733,38.8076941514393],[-9.20427121671665,38.8076558874465],[-9.20431759340888,38.8076185150341],[-9.20436000076752,38.8076762430827],[-9.20448778619193,38.8076824715806],[-9.20463682612322,38.8076787354805],[-9.2047208746978,38.8076696099292],[-9.20476774802827,38.8076561572655],[-9.20491962265928,38.8075902409924],[-9.2050898235491,38.8075302058877],[-9.20513748892706,38.807515175643],[-9.20527621762189,38.8076205880573],[-9.20558660386164,38.8078402042429],[-9.20578805894588,38.8076033563443],[-9.20593586716227,38.8074233497212],[-9.20597603732565,38.8073644693801],[-9.20601044796102,38.8072968159459],[-9.20603591300967,38.8072740092671],[-9.20606109395466,38.8072530344919],[-9.20622630598533,38.8072169409446],[-9.20662187982324,38.8072614004661],[-9.20720260420712,38.8071847960315],[-9.20804789370212,38.8075412449194],[-9.20802240884489,38.8068565722652],[-9.20802558617475,38.8068454715144],[-9.20818013664207,38.8068488800292],[-9.20862269619669,38.8069182767713],[-9.20870386969579,38.8069177254079],[-9.20873792603216,38.8069035097186],[-9.20876039547101,38.8068784718422],[-9.2087560492154,38.8068427592256],[-9.20873795373428,38.8068220938254],[-9.2085433410848,38.8067488885814],[-9.20835470497313,38.8067010811157],[-9.2081381662306,38.8066541693588],[-9.2081615681894,38.8064563055088],[-9.20816182619203,38.8064555826111],[-9.20820418045201,38.8063359560086],[-9.20856568760774,38.806423416683],[-9.2087751055625,38.806483953158],[-9.20884870111809,38.8065052271507],[-9.20897116485679,38.8065458095318],[-9.20906954331596,38.8065886027194],[-9.2091885583854,38.80665305443],[-9.20916223194212,38.8066950728754],[-9.20911296848701,38.8067749151998],[-9.20909694960429,38.8068068443549],[-9.20911271627839,38.8068424526812],[-9.20917462132761,38.8069074294669],[-9.20926080516504,38.80698310873],[-9.2094334855831,38.8071274539613],[-9.20973669837102,38.807350330507],[-9.2099553021668,38.8074202986891],[-9.21025511730261,38.8074519294885],[-9.21035068867223,38.8075048122257],[-9.21035850032408,38.8075091346723],[-9.21036932466821,38.8075151222998],[-9.21038531338984,38.8075239705875],[-9.21047111673745,38.8078007157029],[-9.21056483170248,38.8084083394714],[-9.2111766285363,38.8083905459779],[-9.21121102083948,38.8084048070316],[-9.21130451108613,38.8084233830616],[-9.21207418676359,38.8085403636333],[-9.21256881252681,38.8085407560009],[-9.21273345779919,38.8085392337113],[-9.21280523810049,38.8085604397988],[-9.213211581116,38.8087219176152],[-9.2135758514276,38.808772004403],[-9.21359617872684,38.8088004892854],[-9.21370479701908,38.8088629404379],[-9.21380370085125,38.8088684678695],[-9.21387315172993,38.8088323870132],[-9.21412596028097,38.8086689649159],[-9.21411779530652,38.8086155591782],[-9.21411257867245,38.8085784101762],[-9.214043286754,38.807882494308],[-9.21415133142529,38.8078815605132],[-9.21493407694947,38.8078748034809],[-9.21469096249835,38.8072679832676],[-9.21462541454165,38.8069729648572],[-9.21461518129032,38.8068968763615],[-9.21457791234416,38.8066978483813],[-9.21454739870576,38.8066101691113],[-9.21449135293294,38.8063749491988],[-9.21444235344289,38.8063914664425],[-9.21432936492702,38.8049625984977],[-9.2143547066442,38.8040805875622],[-9.21435842930229,38.8039510465276],[-9.21417944027735,38.8039499869144],[-9.21416393547569,38.8039878739416],[-9.21366832909123,38.8051989235016],[-9.21364415249416,38.805258002563],[-9.21359486702196,38.8054618872966],[-9.21352426490517,38.8057539498394],[-9.21356511574649,38.8057985912769],[-9.21378958104148,38.8060438870483],[-9.21395934428555,38.8062294027966],[-9.21408891317089,38.8064568458358],[-9.21410664428787,38.8064879713026],[-9.21393336910237,38.8067785623875],[-9.21366074149108,38.8069305848328],[-9.21352629479099,38.8070055555506],[-9.21345695103024,38.8069962900519],[-9.21323491732251,38.8069666291291],[-9.2128581935064,38.8071587704688],[-9.21279309646755,38.8071631272937],[-9.21271537284273,38.807168326705],[-9.2127094097427,38.807163776053],[-9.21067412115758,38.8056101418093],[-9.21067884712543,38.8054057383583],[-9.2106093506864,38.8052938249208],[-9.21036010464587,38.8051534477935],[-9.21031030539304,38.805083303686],[-9.21011718265327,38.8049960280338],[-9.21000114632383,38.8049435874202],[-9.20992405921093,38.8049087511631],[-9.20982690048282,38.8048648422691],[-9.20969198729438,38.8048038703262],[-9.20959579565206,38.8047021342946],[-9.20945382045941,38.8045495607066],[-9.20934102052221,38.8044326685735],[-9.20921225879914,38.8041575253075],[-9.20918736501205,38.8041043328353],[-9.2088363546325,38.8042325808029],[-9.20896801778676,38.8045473555149],[-9.20905386822472,38.8047608009003],[-9.20903016000685,38.8050449772382],[-9.20892946926519,38.8050937380905],[-9.20873470739955,38.8051964752127],[-9.20853169387405,38.8054207541357],[-9.20852597761762,38.8054270684551],[-9.20851986081183,38.8054443496296],[-9.20826606566039,38.8061611721945],[-9.20764806312779,38.8060403452945],[-9.20791301604457,38.8053478171879],[-9.20793065017813,38.8053017264848],[-9.20794171451771,38.805125129582],[-9.20763435475503,38.8050856977962],[-9.20762078421069,38.8050146911159],[-9.20758872165195,38.8049702349137],[-9.20735043731099,38.8041887507964],[-9.20711854446241,38.8042099829765],[-9.20692337609965,38.8042223166476],[-9.2063565630838,38.8042376483392],[-9.205991533084,38.8042475209418],[-9.20563832512551,38.8042683445648],[-9.20529065609287,38.8043089009271],[-9.20494810804671,38.8043164412026],[-9.20465039179568,38.8043169771316],[-9.20434679807743,38.8042999828566],[-9.20420157859837,38.8042856695029],[-9.20411272536242,38.8043179794779],[-9.20406064894143,38.8043369151082],[-9.2040570567487,38.8043382211437],[-9.20397192413473,38.8043691795565],[-9.203931638483,38.8043770258239],[-9.20386182356297,38.8043956228297],[-9.20372102044667,38.8044953686647],[-9.2036751257114,38.8045382324685],[-9.20361690420385,38.8045861463323],[-9.20356947363547,38.8046486832996],[-9.20332269122456,38.8049048325502],[-9.20313872295089,38.8050256534075],[-9.20304322240817,38.8050942691016],[-9.20294607397438,38.80519282687],[-9.20296466938478,38.8053121743214],[-9.20322698100699,38.8052871512931],[-9.20368919855684,38.8053320415103],[-9.20423184653991,38.8053998091299],[-9.20428169987867,38.805477028778],[-9.20403624219393,38.806196639894],[-9.20403221911044,38.8062749945497],[-9.20403638385241,38.8063130024238],[-9.2040313785296,38.8063174283358],[-9.20379028562832,38.8063012845329],[-9.20356727137163,38.8063015448505],[-9.20332959192647,38.8063099226417],[-9.2031048428548,38.8062995878355],[-9.20291167279908,38.8062806972673],[-9.2027775631707,38.8063004891054],[-9.20265680883063,38.8063031223625],[-9.20242559308861,38.8063164024541],[-9.20231837615507,38.8063704073057],[-9.20222676774016,38.8064333949692],[-9.20194950871132,38.806427888683],[-9.20178180603128,38.8064160163539],[-9.20174443067222,38.8063200724642],[-9.20167513497537,38.8061945395053],[-9.20167256012717,38.8061945124923],[-9.20123675175218,38.8061510793847],[-9.20107430381575,38.8061882132744],[-9.20084081485106,38.8062171855825],[-9.2006075699774,38.8061318535928],[-9.20001410860763,38.8056067281037],[-9.19956583905516,38.8051973704219],[-9.19951238664387,38.8051590411732],[-9.19943329260676,38.8050811355719],[-9.19893324977984,38.8045885893508],[-9.19865533032366,38.8046783891891],[-9.19853709482389,38.8044579466252],[-9.1980345561508,38.8046292748235],[-9.19788074915147,38.8043429731345],[-9.19751188747052,38.8040704931496],[-9.19735213180306,38.8038057423928],[-9.19716250689091,38.803647851524],[-9.19689269656456,38.802878301677],[-9.19677936741312,38.8028492059588],[-9.19687561385979,38.8026748031408],[-9.19641852784441,38.8024589472799],[-9.19639096470972,38.8024406026118],[-9.19637790084304,38.8024238595799],[-9.19637225987941,38.8023970221333],[-9.1963811439076,38.8023677735442],[-9.19639854182007,38.8023274608101],[-9.19645969767016,38.8022642049649],[-9.19649716966459,38.8022246765362],[-9.19653012219821,38.8021507042284],[-9.19654044457369,38.8020507100438],[-9.19623499047815,38.8019734501529],[-9.1956843624008,38.801103494616],[-9.19537773982075,38.8011923811319],[-9.19465880818841,38.8013960929921],[-9.1944749894236,38.8014499216557],[-9.19417051646367,38.8013932916575],[-9.19413786119178,38.801299249006],[-9.19407883603582,38.8012333991379],[-9.19379544192803,38.8010927176509],[-9.19360206483387,38.8010001374456],[-9.19351272211775,38.8009974540772],[-9.19333943463057,38.8010549324687],[-9.19303734738505,38.8011590029638],[-9.19259509781668,38.8011455464084],[-9.19264956155503,38.8009039652821],[-9.19305676961003,38.8009631606639],[-9.19328523763577,38.8010134965269],[-9.19341824150203,38.8009493970521],[-9.19347565717595,38.8009069464335],[-9.1935403453887,38.800752620964],[-9.19425833647886,38.8010297978456],[-9.19440816240737,38.8007394844626],[-9.19479305996923,38.8009194317846],[-9.19498846377306,38.8008477740258],[-9.19481787036142,38.8005391542665],[-9.19502473847972,38.8004380042058],[-9.19492179372062,38.8002376946078],[-9.1952008154591,38.8001095784523],[-9.19530696936981,38.8000469506762],[-9.19534383098393,38.7999788563251],[-9.19535434938604,38.7997889201929],[-9.19537141531659,38.7997389936702],[-9.19630016987349,38.7992539189473],[-9.19637794971734,38.799388632083],[-9.19638354031236,38.7993870977191],[-9.19709701449976,38.7991912893862],[-9.19797690072221,38.7992259306183],[-9.19845019543695,38.7990417662639],[-9.19958817807064,38.7987230580949],[-9.1992782276483,38.7980353712101],[-9.19901072965859,38.7964663699898],[-9.19903045156822,38.7964712662572],[-9.19936400001148,38.7965540701783],[-9.19960340825698,38.7966135027576],[-9.2001162127834,38.7967557115192],[-9.20080532208002,38.7970509266723],[-9.20213031267289,38.7979067513002],[-9.20245441305803,38.7979566321503],[-9.20349280028767,38.7978391840469],[-9.20389479456981,38.7977676917238],[-9.20433382460681,38.7976204813682],[-9.20459892991229,38.7970965036443],[-9.20486181477524,38.7957700009003],[-9.20478241944516,38.7949145999022],[-9.20479253486968,38.7949158596891],[-9.20514464002984,38.7949597202076],[-9.20538159293139,38.7949892363824],[-9.20571646761756,38.7950993863818],[-9.20592782704087,38.7947995129493],[-9.20604148678464,38.794769857726],[-9.20617565427914,38.7947838911878],[-9.20675363103223,38.795165336971],[-9.20686578340391,38.7952640341699],[-9.20769273108134,38.7962058001308],[-9.20790049856752,38.7964424110675],[-9.20814351141194,38.7975257798348],[-9.20864419219351,38.797945176821],[-9.20883114803746,38.798699381578],[-9.20882914756286,38.7987421439406],[-9.20881265725112,38.7987549672582],[-9.20869729803926,38.7988446837038],[-9.20872248520302,38.7988760980602],[-9.20872761903404,38.7988824994083],[-9.20877291956148,38.7989390011462],[-9.20878621513949,38.7989555817444],[-9.20887442534047,38.7990620366633],[-9.20889781673239,38.7990902666857],[-9.20891454151065,38.7991104517266],[-9.20901622416218,38.7989577906741],[-9.20928430334462,38.7991040397678],[-9.20919490746977,38.799226502799],[-9.20920156682785,38.7992282310385],[-9.20927483271611,38.7992507854864],[-9.20974185223555,38.7993945526457],[-9.20996385238698,38.7994614369802],[-9.21009890025664,38.7995021235132],[-9.21018013421618,38.7995305983841],[-9.21029126150768,38.7995695540092],[-9.21066009082113,38.7997932718847],[-9.21241239171061,38.800428711443],[-9.21271242550882,38.8002809640218],[-9.21278692222186,38.8001148049996],[-9.21242141577399,38.7999784336228],[-9.21047641299182,38.7992527272549],[-9.21040640167118,38.7991797501352],[-9.21045445588956,38.7988670090325],[-9.21051864806944,38.7985308907232],[-9.21057985459278,38.7982154477299],[-9.21061387139039,38.7980654381272],[-9.20982675218536,38.7977036202413],[-9.20930944063717,38.79773678029],[-9.20915681404519,38.7976762434252],[-9.20911774624177,38.7977101564112],[-9.20882633303341,38.7977318659869],[-9.20872241080354,38.7977396090445],[-9.20847597080683,38.797581858559],[-9.2083375028358,38.7973663324022],[-9.20838890488406,38.7972755245989],[-9.20835126642273,38.7968648797935],[-9.20850768991136,38.7966625516773],[-9.20830504300086,38.796545521833],[-9.20846331006657,38.7963603393996],[-9.20885016686733,38.7959345683039],[-9.20865964783891,38.7958290641512],[-9.20873830699018,38.795716963751],[-9.20858779211365,38.795640543354],[-9.20855392829396,38.7955812374227],[-9.20845290636046,38.7954676054445],[-9.20892025903843,38.7952463680963],[-9.20920780450656,38.795094731157],[-9.20953667660065,38.7949283013713],[-9.20972117114509,38.7948343001878],[-9.21016869465899,38.7946225180201],[-9.21159089404249,38.7951932263989],[-9.21162978257601,38.7952203088086],[-9.21171479251147,38.7952795136965],[-9.21311674165485,38.7959828287767],[-9.21486427338999,38.7963547013973],[-9.21574487374876,38.796764576989],[-9.21587403746423,38.7965687308333],[-9.21658899786904,38.7969061013957],[-9.21671622003041,38.7970829643959],[-9.21661418991694,38.7971904679705],[-9.21688649417258,38.7973440571013],[-9.21649703342548,38.7974176222672],[-9.21643530398319,38.7974292815159],[-9.21643686869626,38.7975324745488],[-9.21659673528752,38.7982121537378],[-9.21670053659672,38.7988761669734],[-9.2167234886713,38.7990229863244],[-9.21673313711129,38.7990847039667],[-9.21681904704403,38.7990839071489],[-9.21824518568964,38.7990087378052],[-9.21851776908376,38.7989993247378],[-9.21875369803502,38.7989484160497],[-9.21940514047923,38.7985771958617],[-9.22064912377527,38.7976335730404],[-9.22082738765705,38.7974825491727],[-9.2209652969569,38.797295494405],[-9.22103904940214,38.7970970958492],[-9.22111102928066,38.7968493794647],[-9.22136629185955,38.7969020510059],[-9.22152104319744,38.7964496187258],[-9.22170524128673,38.7960849098113],[-9.22186158204201,38.7957369600245],[-9.22201691481407,38.7953230209427],[-9.22185570069293,38.7952347790979],[-9.22224083248315,38.7948248831026],[-9.22327452090324,38.7951466871911],[-9.2241619035052,38.795422935692],[-9.2241895865144,38.7954311841306],[-9.22419663044184,38.7954332829401],[-9.22419661424433,38.7954334485176],[-9.22419916635554,38.7954342708267],[-9.22419766380543,38.7954496310286],[-9.22414660397881,38.7956107198775],[-9.2241036740754,38.79573182231],[-9.22405387796647,38.795968199295],[-9.22405086575903,38.7959724743311],[-9.22400993534875,38.7960305815507],[-9.22384401424593,38.7962229143765],[-9.22366798438419,38.796425267046],[-9.22341467281095,38.7967316501747],[-9.22311897306167,38.7970298342781],[-9.22294843208546,38.797213832597],[-9.22282216554521,38.7973273372325],[-9.22261566728558,38.7974777723508],[-9.22232726659857,38.7976728468302],[-9.22200255690231,38.7978753865929],[-9.22182785203853,38.7979976908102],[-9.22149489919215,38.7981749133486],[-9.22133999638049,38.7982449983912],[-9.22121880643215,38.7982912528932],[-9.22108704844727,38.7983393221162],[-9.22101474582743,38.7983684606083],[-9.22081348386771,38.7984858134255],[-9.22069079201196,38.7985623515269],[-9.22069278537199,38.798563764991],[-9.2208678937308,38.7986878898916],[-9.22109476975772,38.7988464723141],[-9.22138423726873,38.7990413092301],[-9.22154005517722,38.7991670457345],[-9.22163064508033,38.7992197967552],[-9.22184622957829,38.7993399262835],[-9.22208796706884,38.7994917034465],[-9.22250888697514,38.7997539509863],[-9.22276104860854,38.7998871619303],[-9.22286010284516,38.7999364110119],[-9.22295205063116,38.7999423064409],[-9.22306292302246,38.7999211822822],[-9.22323959717679,38.7998743125723],[-9.2234454389412,38.7997704227408],[-9.22354680775536,38.8001075341835],[-9.22368164956278,38.8006686222751],[-9.22370321150376,38.8008141629999],[-9.22369183541277,38.800906239674],[-9.22367323250682,38.8009465849873],[-9.22367037837306,38.800950715776],[-9.2236313303565,38.8010072369017],[-9.22355531931206,38.8010648749946],[-9.2233652940884,38.8010816954228],[-9.22328044405404,38.8011259976353],[-9.22317907112282,38.8012039547108],[-9.22305638694866,38.8012887803297],[-9.22295772470991,38.8014030667981],[-9.22295698058387,38.8014049680511],[-9.22291390214928,38.8015151071039],[-9.22284316374919,38.8016535244628],[-9.22276064754245,38.8018158040421],[-9.22269337771353,38.8019826911385],[-9.22269048138111,38.8019868508729],[-9.22264476917871,38.802052513504],[-9.22264340677832,38.8020546561794],[-9.22264340359993,38.8020546607427],[-9.22255696747663,38.8021905188999],[-9.2225154806252,38.8022628737086],[-9.22249513235119,38.8023250400567],[-9.22249804367489,38.8023802292421],[-9.22250507474792,38.8024186238804],[-9.22250563566917,38.8024554583618],[-9.22248287463896,38.8025025124577],[-9.22246422435474,38.802547905933],[-9.22244554240858,38.8025832083686],[-9.2224298943763,38.802619310322],[-9.22237714676802,38.802743309453],[-9.22237442055428,38.8027470932691]],[[-9.20832554019205,38.7985371464123],[-9.20762701005115,38.7988677142649],[-9.20804450302876,38.7995224367826],[-9.20829709372811,38.7992680036994],[-9.20843313398799,38.7991329796068],[-9.20849732356688,38.7990294873308],[-9.20853552909086,38.7989468152089],[-9.20854743675742,38.7988643851373],[-9.20851997914402,38.7987874622061],[-9.20836560456796,38.7985779370412],[-9.20832554019205,38.7985371464123]],[[-9.20040082239263,38.7993453598617],[-9.20083960908361,38.8002920418446],[-9.20132936453114,38.8013006220556],[-9.20137780599575,38.8014003800283],[-9.20163613535393,38.801336085064],[-9.2021259871272,38.8012270204383],[-9.20269533228695,38.8010703919093],[-9.20282036410092,38.8010241385456],[-9.2023429692259,38.8005194021874],[-9.20220057301477,38.8003818388706],[-9.20212921605176,38.8003198638616],[-9.20195367519417,38.8001785096833],[-9.20135767716433,38.7998307648266],[-9.20101316000155,38.7996614585498],[-9.20086026583398,38.7995916195974],[-9.20040082239263,38.7993453598617]],[[-9.21519270120673,38.8045816421626],[-9.21521524883695,38.8053172113623],[-9.21525049263267,38.8058005308973],[-9.21546003610149,38.8057911778153],[-9.21595015199686,38.8056926529874],[-9.21615714338405,38.8056510413863],[-9.21625519003361,38.8056379647853],[-9.21644392331047,38.8056127933337],[-9.21635993255036,38.8051536565173],[-9.21625357235749,38.8045722351631],[-9.21519270120673,38.8045816421626]],[[-9.20970678215373,38.8099208708661],[-9.20962636308671,38.8099249256098],[-9.20950363978006,38.8099326828631],[-9.20941076492557,38.8099534134343],[-9.20934369984366,38.810000407547],[-9.20920598381225,38.8101374921812],[-9.20915197455536,38.8102075536138],[-9.20907245205531,38.8102712262344],[-9.20898007373336,38.8103250779325],[-9.20889576943349,38.8103523556425],[-9.20886418460407,38.8103731732875],[-9.20884415761515,38.8104244796809],[-9.20885128279832,38.8104815819558],[-9.20885429428576,38.8105057170584],[-9.20890256577898,38.8105540722558],[-9.20895080350669,38.8106001018439],[-9.20900763794128,38.8106251389897],[-9.20906422542253,38.810633912419],[-9.20912364656436,38.8106333642439],[-9.2092245907467,38.8106277862802],[-9.20934017984654,38.8106081314515],[-9.20949110589498,38.8105672367867],[-9.20958593503092,38.8105500943722],[-9.2097255031035,38.8105441609805],[-9.20992445374952,38.8105353551001],[-9.2101566120483,38.8105610996579],[-9.21023707394518,38.810576623798],[-9.21037154071763,38.8106265041277],[-9.21047031863891,38.8106743929391],[-9.21048324701083,38.8106789860134],[-9.21056591661735,38.8107083664218],[-9.2106792005748,38.8107328830248],[-9.2107924122525,38.8107527510875],[-9.21086965936398,38.8107520375844],[-9.21102390615592,38.8107343476496],[-9.21111541031731,38.8106940009432],[-9.21121869509581,38.8106465713574],[-9.21134303470964,38.8105705914109],[-9.21142828198066,38.8105093862499],[-9.21149000619692,38.810464665023],[-9.21154299202781,38.8104316430982],[-9.21158136728604,38.8104150237924],[-9.2116317695942,38.8104075862143],[-9.21173855158901,38.8103949826091],[-9.21181257834655,38.8103780313523],[-9.21186266405935,38.8103496842533],[-9.21189641753798,38.8103172379412],[-9.21190659827282,38.8103074502676],[-9.2119093568551,38.8102944779395],[-9.2119204692681,38.8102422574403],[-9.21191153067179,38.8101925525093],[-9.21190905794924,38.810178802324],[-9.21186903878508,38.8100532941879],[-9.21181696655288,38.8099709608111],[-9.211782734309,38.8099480891996],[-9.21171043489836,38.8099288818217],[-9.21164690785609,38.8099294683132],[-9.21149443927269,38.8099308766877],[-9.21122353555166,38.8099433153254],[-9.21085123819674,38.8099732526639],[-9.2106312073799,38.809988533395],[-9.21047026825825,38.8099900185583],[-9.21031780293388,38.8099914244655],[-9.21019059556882,38.80998265896],[-9.21006318993012,38.8099606476152],[-9.20995706054664,38.8099450637839],[-9.20982975243976,38.8099296750479],[-9.20970678215373,38.8099208708661]]]}},{"type":"Feature","id":"CRUS_Odivelas_V.399168","properties":{"Area_Ha":53.2948553298702,"Autor":"DGT","Categoria":"Espaço Florestal","Classe":"Solo Rústico","DTCC":"1116","Data_PublicacaoPDM":"2024-09-06T00:00:00","Designacao_PlantaOrdenamento":"Espaços Florestais com Funções Predominantes de Recreio e Valorização da Paisagem Grande Lisboa","Escala_PlantaOrdenamento":"1/10000","Fonte":"CM_Vetor","ID":399168,"Municipio":"ODIVELAS"},"geometry":{"type":"Polygon","coordinates":[[[-9.17000687926387,38.8055966797872],[-9.17000687753274,38.8055966825929],[-9.17000607975323,38.8055962566463],[-9.16990140862884,38.8055403710512],[-9.16990163893672,38.8054248193176],[-9.16989435000335,38.8052876760777],[-9.16996919607189,38.8050591882485],[-9.16987651517501,38.8050377845643],[-9.17017767028679,38.8042460647564],[-9.17015466188119,38.804129579795],[-9.17013770790211,38.8039408051325],[-9.1698453678556,38.8038711654551],[-9.169802098089,38.8038270961612],[-9.16980605471362,38.8037118724957],[-9.16982589180792,38.8036541681097],[-9.16984899131153,38.8035897206877],[-9.16991951867605,38.8033913752683],[-9.16995040323978,38.8033037513217],[-9.16997569875316,38.8032328005459],[-9.16997371390147,38.8032058020196],[-9.16995379013946,38.8031792507243],[-9.16992628171072,38.8031671014223],[-9.16975346177118,38.8031304894604],[-9.16983491035245,38.8029027484635],[-9.16984740009795,38.8028666013658],[-9.16984819041874,38.8028485206881],[-9.1698361201041,38.802827537488],[-9.16981153432183,38.8028120223369],[-9.16943981910298,38.8027338174638],[-9.1694678788882,38.8026540523861],[-9.16947547012362,38.8026326130337],[-9.16950384944516,38.8025524487315],[-9.16953308753719,38.8024731842343],[-9.16955889309627,38.8023936242276],[-9.16958393839051,38.8023126443516],[-9.16959644111428,38.802271258442],[-9.16960894728179,38.8022298725025],[-9.16962242113141,38.8021775472766],[-9.16963589613813,38.8021252238445],[-9.16965040136849,38.8020646061152],[-9.16965813397135,38.8020299955632],[-9.16967283608855,38.8019593166953],[-9.16968738943765,38.8018755053331],[-9.16969604989142,38.8018271297182],[-9.16970910065166,38.801743066223],[-9.16971411475007,38.8017014532933],[-9.16972108984833,38.8016402107268],[-9.16972915734611,38.801550279147],[-9.16973458166999,38.8014855361884],[-9.16974053675828,38.8013277818543],[-9.1697417426749,38.8013018303788],[-9.16968698145562,38.801177763487],[-9.16964426739027,38.8011278066783],[-9.16932640721544,38.8010542981942],[-9.16899020224858,38.8010451659768],[-9.16866642552861,38.8010437608498],[-9.16857967281047,38.8010665094214],[-9.16853329144209,38.8010910156876],[-9.16850735309237,38.8011200702494],[-9.16849432229966,38.8011502726958],[-9.16850662127337,38.8012523999903],[-9.16848043422093,38.8014629609345],[-9.16852430464987,38.8015986777209],[-9.16855835274646,38.801733945203],[-9.16758561452091,38.8012245897127],[-9.16736459191389,38.8011130237061],[-9.16714416197023,38.8009780692104],[-9.16699464278398,38.800905041766],[-9.16690940288932,38.8008624253436],[-9.16682416195315,38.8008198097694],[-9.16553634473344,38.8002562457056],[-9.16563181811422,38.8001799200133],[-9.1660171130517,38.8000791105113],[-9.16682587213886,38.7998675014421],[-9.16692542440343,38.7998233311896],[-9.16698524416165,38.7996253846165],[-9.16718852846485,38.7989009626141],[-9.16717852044819,38.7988688089433],[-9.16703564223883,38.7985098358708],[-9.16710067386665,38.7979450332009],[-9.16779375620034,38.7979693737209],[-9.16794759787723,38.7979552006723],[-9.16803981502432,38.7979209696386],[-9.168058638932,38.7978730720211],[-9.16808754575605,38.7976790283851],[-9.16815589191485,38.7976812860958],[-9.16822895619617,38.7976629010198],[-9.16828959303628,38.7976476435523],[-9.16829228273827,38.7976648022261],[-9.16831488709899,38.797709469684],[-9.16834597562343,38.7977502417246],[-9.16842309122738,38.7978731758363],[-9.16857137988049,38.7980944830561],[-9.16863349530678,38.7982992006954],[-9.16886362185504,38.7982905063982],[-9.16891194154542,38.798288681231],[-9.1689407135729,38.798292696049],[-9.16894389983471,38.7983051686809],[-9.16878188035989,38.7986144236246],[-9.16881122234904,38.7986711953454],[-9.16888235818568,38.7986861201928],[-9.16891639047216,38.7987562739631],[-9.1690463759805,38.7990275530775],[-9.16923555842264,38.7993700365616],[-9.16949780296146,38.7999675079973],[-9.16964009264561,38.8000410893764],[-9.1697332203921,38.8000892481578],[-9.16979957769518,38.8001199571768],[-9.16994345282245,38.8001725602073],[-9.17051098153526,38.8003800526722],[-9.17062309913971,38.8004210427155],[-9.17066218984362,38.8004220328025],[-9.17073037864818,38.8004532730918],[-9.17074430201553,38.800465354154],[-9.17102311389034,38.8005672890811],[-9.17120906891888,38.8006352726022],[-9.17146252241208,38.8004875551966],[-9.17149974966611,38.8004952214695],[-9.1717877338247,38.8005386796649],[-9.17215396304627,38.8006304913348],[-9.1725205829656,38.8008039310017],[-9.17312226125421,38.8010692194499],[-9.17354487894396,38.8012077987378],[-9.17439824194007,38.8013965290514],[-9.17478918472987,38.8014642760771],[-9.17505074573971,38.8015355684151],[-9.17527713989153,38.8015629987079],[-9.17550281794752,38.8015413497503],[-9.17563394864456,38.8014935477677],[-9.17574617897887,38.8014410069594],[-9.17585812299889,38.8013688337953],[-9.17592323866204,38.8013142582742],[-9.17603767764114,38.8011978857177],[-9.17611142143448,38.8010892414276],[-9.17614508887025,38.8009209046596],[-9.17598683537274,38.8005958519145],[-9.17575115257754,38.8002615750087],[-9.17545650675151,38.7998154422237],[-9.17524257972547,38.7994350397003],[-9.17509886803347,38.7992024084305],[-9.17494362314626,38.7989357504858],[-9.17487324604447,38.7988370536343],[-9.17444128220367,38.7982250099215],[-9.17398768637468,38.797467434663],[-9.17365355093722,38.7968793916152],[-9.17353770444083,38.7966727804639],[-9.17335192981182,38.7963206114123],[-9.17343809119499,38.7960888150242],[-9.17352278846526,38.795795162859],[-9.17332133400097,38.7951183587014],[-9.17322005588163,38.794803590693],[-9.17301219703423,38.7943878346013],[-9.17287090507392,38.7941410607632],[-9.17279441381107,38.7940526813133],[-9.17265474346942,38.7938979803581],[-9.17251214340845,38.7937592580298],[-9.17236715989379,38.7936359216581],[-9.17224567952356,38.7935545233417],[-9.17171085724229,38.7932373443581],[-9.17160891031103,38.7931675042415],[-9.17153177438771,38.7931146630655],[-9.1713932473811,38.7931500957126],[-9.17107084801655,38.7929652472852],[-9.17072570892447,38.7928204059014],[-9.17036661569837,38.7926538304461],[-9.17078955980694,38.7926062935247],[-9.17093006558552,38.7926568423688],[-9.17112506212525,38.7927322094195],[-9.17124569265597,38.7927879763367],[-9.1713529882545,38.7926390267324],[-9.17146028107462,38.7924900752467],[-9.17178286492372,38.7927249173078],[-9.17213796539577,38.7929596029427],[-9.17228166645396,38.7930545732461],[-9.17264288270779,38.79333365714],[-9.17277895978076,38.7934463918196],[-9.17289932125692,38.7935548545415],[-9.17300685958446,38.7936600055951],[-9.1731048754342,38.7937673143992],[-9.1732467503608,38.7939618779309],[-9.17334052763488,38.7941100288819],[-9.1734521558804,38.7943299029195],[-9.17350856633061,38.7944729815615],[-9.17358451842812,38.794685426998],[-9.17389589279642,38.7956982661865],[-9.1740657244213,38.7962233404877],[-9.17411462343237,38.7963641444376],[-9.17415253853352,38.7964704482769],[-9.17422846660727,38.7964064276327],[-9.17426847725366,38.7963043494429],[-9.17438925682646,38.7963293376097],[-9.17475124646469,38.7964024011193],[-9.17493823036581,38.7965151705199],[-9.17480390445211,38.7966689538299],[-9.17493203740535,38.7967593607812],[-9.17501310794061,38.7968887083915],[-9.17470544177938,38.7971300616424],[-9.17547221970801,38.7983631720875],[-9.17555506669013,38.7984022506441],[-9.17563824504559,38.7985173580335],[-9.17573113076559,38.7986429952247],[-9.17589094941176,38.7987901916351],[-9.1760254986411,38.7988862455918],[-9.1761905536368,38.798987003018],[-9.17639713161372,38.7990305256041],[-9.17625173369186,38.7991898007007],[-9.17605487992267,38.7994025857667],[-9.17597753290053,38.7994898405284],[-9.17600087796892,38.7995119702908],[-9.17608118953317,38.7995647583898],[-9.1761962876905,38.7996585803925],[-9.17628832423777,38.7997495463976],[-9.17635532054782,38.7998364118515],[-9.17644768175148,38.7999416986847],[-9.1765344590634,38.8000273950839],[-9.17666014053606,38.80012841856],[-9.17677649358348,38.8002133115696],[-9.17692181845154,38.8003037089418],[-9.17693398909545,38.8003251302353],[-9.17720101537477,38.8004095759015],[-9.17739978142488,38.8004624737437],[-9.17761332996281,38.8005314283721],[-9.17761340301525,38.8005314530007],[-9.17761550447573,38.8005336860857],[-9.17761564716713,38.8005358725735],[-9.1776162534168,38.8005453893031],[-9.177635402975,38.8005718793976],[-9.17765651421278,38.8005774341059],[-9.17842386678588,38.800586635041],[-9.17844046447696,38.8007802377722],[-9.17871017168206,38.8009435897537],[-9.17921772794224,38.8010430947505],[-9.17944165650553,38.8010738554593],[-9.17965407416247,38.8010979000276],[-9.17989159568044,38.8011160498902],[-9.18033527678767,38.801125371161],[-9.18072277766261,38.8010826908772],[-9.18106831409909,38.8011550731164],[-9.18184183539289,38.8012072165324],[-9.1822959890573,38.8012172787673],[-9.18233258309139,38.8012477540023],[-9.18267963725293,38.8012592026584],[-9.18268296276635,38.8011904672586],[-9.1827158018826,38.8011909505613],[-9.18303060100795,38.8011955783841],[-9.18317856566092,38.8011975533075],[-9.18377504446419,38.8012710623392],[-9.18447948361031,38.8013651431287],[-9.18481976394372,38.8014112614306],[-9.18547489557013,38.8014375124414],[-9.18581693159305,38.8014416571706],[-9.18601761265444,38.8014097817621],[-9.18611890348638,38.8013211055645],[-9.18627703208242,38.8013898882441],[-9.18653573767301,38.8011549262447],[-9.18664598045772,38.8012114515049],[-9.18672293110448,38.8012509057114],[-9.18664346229122,38.8013666428537],[-9.18661269049065,38.8014607151283],[-9.18660867003266,38.8016546225594],[-9.18691870132972,38.8016652863628],[-9.18720927583815,38.8017569041604],[-9.18732118544687,38.8018743713183],[-9.18737153150774,38.8020193197221],[-9.18731634031382,38.8022459987785],[-9.18709483367944,38.8024014791999],[-9.18683673554659,38.802555335315],[-9.18673265724974,38.8026881979167],[-9.18669040596761,38.8028096011094],[-9.18641439902211,38.8027837300912],[-9.18608010052154,38.8027643132277],[-9.18609290980187,38.8021249304931],[-9.18606748463373,38.8021103852402],[-9.18582789633894,38.8020767861114],[-9.18485076727888,38.801824192368],[-9.1841847738364,38.8016480559868],[-9.18411371206036,38.8016301033263],[-9.18412619861609,38.8015944026051],[-9.1841335713676,38.8015733209353],[-9.183682840579,38.8015094791264],[-9.18302448429145,38.8014647842338],[-9.18290440688991,38.8014631219673],[-9.18260525735892,38.8014495073786],[-9.18198661734381,38.8014404752766],[-9.1816148411333,38.8014353483295],[-9.18127819865236,38.8014397224079],[-9.18108344656041,38.8014535043813],[-9.18006358753532,38.8026565923753],[-9.18178553249234,38.8034916284511],[-9.1818673076094,38.8036590740641],[-9.18278661918163,38.8042462932565],[-9.18313896951525,38.8045612654463],[-9.18323815995695,38.8045478026547],[-9.18402496796755,38.8052313067979],[-9.18381194825006,38.8053983287779],[-9.18431724999253,38.8058001165413],[-9.18390308031916,38.8060911786071],[-9.1841148293675,38.8062645494679],[-9.18402699134113,38.8063880348426],[-9.18412591229115,38.8065098402106],[-9.18397514650321,38.8066304822223],[-9.1840447032353,38.8070647271576],[-9.18401045543891,38.8079085241035],[-9.18396500260596,38.8090283666686],[-9.18437868009304,38.8090350330047],[-9.18436038959477,38.8094272139067],[-9.18436585502206,38.8095168800557],[-9.1844047828768,38.8096665976565],[-9.18435843671994,38.8096776428969],[-9.18450788897957,38.809918323135],[-9.18450558387441,38.809919384037],[-9.18434156411952,38.8099948330371],[-9.18427950085927,38.811161745589],[-9.18420777771639,38.8126007917133],[-9.1846511253488,38.8130560472095],[-9.18546267087838,38.8131198386951],[-9.18551606535226,38.8132082016642],[-9.18552762917997,38.8132371496274],[-9.18528246565103,38.8132552564174],[-9.18509527617293,38.8132407330709],[-9.18482738076774,38.8132259428005],[-9.18476673428871,38.813212079161],[-9.18419757359017,38.813293860485],[-9.1831471999297,38.8121873592409],[-9.1828703693883,38.8121521107056],[-9.18262134080088,38.8119778131738],[-9.18262962775105,38.8119710373029],[-9.18265519061485,38.8119507349819],[-9.18301373669398,38.8116659839623],[-9.18300362346127,38.8113431062511],[-9.18271481134985,38.8113100353836],[-9.1823581201211,38.8110610782186],[-9.18182183854283,38.8105783949218],[-9.18223202639915,38.8103474378714],[-9.18269733105618,38.8101559959494],[-9.18270941931459,38.8101141645993],[-9.18269791510159,38.8100228759164],[-9.18266112205539,38.8099397645769],[-9.18279097503421,38.8099584629491],[-9.18280972455566,38.8098510084518],[-9.18293237530748,38.8097906986973],[-9.18292781265446,38.8096912656716],[-9.18240338495986,38.8091506341013],[-9.18289245268402,38.8089207621413],[-9.18288073862734,38.8088806696657],[-9.18284222029368,38.8086237620062],[-9.18286504073045,38.8080271848902],[-9.18264978816671,38.8074921349534],[-9.18247898726374,38.807160192263],[-9.18230733907052,38.8068882230618],[-9.18255016658501,38.8067700591374],[-9.18231131048827,38.806456452553],[-9.18255915136669,38.806334418843],[-9.1826390815897,38.8062948484248],[-9.18276209183089,38.8058345643664],[-9.182153204039,38.8056869837805],[-9.18237653668609,38.8047055289683],[-9.18179636985618,38.804705445979],[-9.18180065310545,38.804519602126],[-9.18107943572793,38.804238280271],[-9.18106708273169,38.8041929645232],[-9.18100777431198,38.803975420875],[-9.17968457135478,38.8035291621903],[-9.1790034350997,38.8034856844257],[-9.17660288206047,38.8037483966419],[-9.17618963902881,38.8038724282063],[-9.17574201552163,38.804105196221],[-9.17521466096192,38.804379420476],[-9.17510559854629,38.8044361328804],[-9.17507511561534,38.8043882892957],[-9.17499711555182,38.804289178464],[-9.17491447225076,38.8041791259194],[-9.17487281870669,38.8040778886722],[-9.17484095223923,38.8040495955425],[-9.17472765841969,38.8039829854293],[-9.17465662965349,38.8038801228949],[-9.17457923783814,38.8038227120057],[-9.17446214011224,38.8037421448658],[-9.17439381196193,38.8036664629329],[-9.17429516636313,38.8035802396332],[-9.17419236000519,38.8035321518376],[-9.17409858288417,38.8034639902435],[-9.17402045285994,38.8033557839218],[-9.17401253920753,38.8032868554341],[-9.17399062353149,38.8032126477441],[-9.17393653817015,38.8031587235075],[-9.17385218315942,38.8031049849124],[-9.17378314248579,38.8029803944129],[-9.1738097552875,38.8028948490049],[-9.17382938725218,38.8028122560047],[-9.17380029061673,38.8027272158509],[-9.1737363133705,38.8026260849071],[-9.17366998766002,38.8025377718642],[-9.17359962203857,38.8024802977271],[-9.17357121107737,38.802442453121],[-9.17362169354732,38.8021857308139],[-9.17354193229582,38.8021156426093],[-9.17347097408261,38.8020254763792],[-9.17329935436249,38.80186000838],[-9.1731801347806,38.8017993653785],[-9.17294684838134,38.8016998394633],[-9.17279769235464,38.80164667228],[-9.17246800531327,38.8016224079765],[-9.17226608179314,38.8016133040928],[-9.1721939425698,38.8015921465924],[-9.17214435955674,38.8015308895082],[-9.17205069289827,38.8014700171933],[-9.17196193305949,38.8014218079048],[-9.17190098488538,38.801378756132],[-9.17181385717092,38.8012924228511],[-9.17175247606248,38.8012112708945],[-9.17174230604122,38.8011532604712],[-9.17173223224838,38.801093452389],[-9.1717015995761,38.8010610283048],[-9.17164785064669,38.8010379959592],[-9.17153387916637,38.8010135151446],[-9.17144281741826,38.8009653250105],[-9.17138404778996,38.8009132443059],[-9.1713204801113,38.8008484145969],[-9.17124122165587,38.8008201126854],[-9.17112971410083,38.8008066034881],[-9.17100918072711,38.8008058729716],[-9.17090177616784,38.8007578284929],[-9.17082428497769,38.800693123085],[-9.17074158350509,38.8005867563978],[-9.17068284190409,38.8005364718886],[-9.17062235860636,38.8005170166298],[-9.17051113342424,38.8005234975984],[-9.17043255977732,38.8005423005057],[-9.17034654308808,38.800532168676],[-9.17025399591214,38.8005402849003],[-9.1701472456175,38.8005376334364],[-9.17012607226141,38.8005142200442],[-9.17007121712519,38.8004544480992],[-9.1700723066888,38.8004636256009],[-9.17009049941664,38.800616951315],[-9.17007231355665,38.8007201621768],[-9.17006245852063,38.8007790710902],[-9.17002042766134,38.8008649275747],[-9.17000750165907,38.801085007707],[-9.17001068302106,38.8011615479664],[-9.16999470165788,38.8017654704772],[-9.17000026077527,38.8019264804163],[-9.17002574412536,38.8020406489343],[-9.1700354417617,38.8021536135904],[-9.17004076367872,38.802250756253],[-9.17007533573087,38.8024199750498],[-9.1701394982546,38.8026924282944],[-9.17020850828789,38.8030138387484],[-9.17028938999477,38.8037400369976],[-9.17028482893368,38.8037671024974],[-9.17027117400126,38.80378577695],[-9.17025872979884,38.8038090364001],[-9.17026993647706,38.8038352413069],[-9.17028699399729,38.8038528324196],[-9.17031108983825,38.8038789228996],[-9.17032342489865,38.8039120492362],[-9.17033189272874,38.8039560209881],[-9.17032435288188,38.803991850437],[-9.1703215751072,38.8040619561808],[-9.17032627389444,38.8041083016019],[-9.17032360985044,38.8041307545138],[-9.17030332868168,38.8041610194978],[-9.17028988365868,38.8041866334491],[-9.17028329106982,38.804208401517],[-9.17029440648832,38.8042283864876],[-9.17032746132931,38.8042613333845],[-9.17035978367787,38.8042994148786],[-9.17040013003309,38.8043742712636],[-9.17043290282751,38.8044512684573],[-9.1704489389887,38.8045407503356],[-9.17041537780767,38.8047427332934],[-9.17037474512403,38.804798669064],[-9.17034208194387,38.8049273210649],[-9.17033257589366,38.8049544250579],[-9.17016730296883,38.8053380020849],[-9.17000750032039,38.8055970084812],[-9.17000687926387,38.8055966797872]]]}},{"type":"Feature","id":"CRUS_Odivelas_V.399169","properties":{"Area_Ha":3.85801488703189,"Autor":"DGT","Categoria":"Espaço de Atividades Económicas","Classe":"Solo Urbano","DTCC":"1116","Data_PublicacaoPDM":"2024-09-06T00:00:00","Designacao_PlantaOrdenamento":"Espaço de Atividades Económicas a Requalificar","Escala_PlantaOrdenamento":"1/10000","Fonte":"CM_Vetor","ID":399169,"Municipio":"ODIVELAS"},"geometry":{"type":"Polygon","coordinates":[[[-9.15756645323498,38.804660090347],[-9.15759386342057,38.8043511310055],[-9.15757071388206,38.8039693940744],[-9.15758370353105,38.8032753356558],[-9.15761076023785,38.8030686727401],[-9.15764063005563,38.8030707728432],[-9.15766212621093,38.8030721590265],[-9.15783989575483,38.8030836245584],[-9.15790418568562,38.8030928509913],[-9.15796082625977,38.8031143871332],[-9.15802866484806,38.8031529569518],[-9.15810297769538,38.8032061603797],[-9.15817417574961,38.8032606154442],[-9.15824215240708,38.8032881078488],[-9.15926894281901,38.8034207769755],[-9.15959267631146,38.8033891463919],[-9.15991640834811,38.8033575149272],[-9.16001015217705,38.8034654590182],[-9.16009054998987,38.803558033527],[-9.16013575133761,38.8036240655499],[-9.16058432769048,38.8042793487137],[-9.16031866654689,38.8043233895176],[-9.16019668542268,38.8043505850877],[-9.16009597663443,38.8044620125932],[-9.16009142633584,38.804467048426],[-9.16006308679609,38.804602532692],[-9.16030249728567,38.8047359918722],[-9.16005329617225,38.8051066905992],[-9.15891863529036,38.8046045164268],[-9.15867687763935,38.8049035348195],[-9.15859379392762,38.8048651434561],[-9.15844557419653,38.8048171324726],[-9.15836848363707,38.8047994743819],[-9.15826408395097,38.8047802572607],[-9.15778513028848,38.8046920905311],[-9.15766978110239,38.8046760785486],[-9.15758008668852,38.8046615687773],[-9.15756645323498,38.804660090347]]]}},{"type":"Feature","id":"CRUS_Odivelas_V.399170","properties":{"Area_Ha":0.440005701011745,"Autor":"DGT","Categoria":"Espaço de Atividades Económicas","Classe":"Solo Urbano","DTCC":"1116","Data_PublicacaoPDM":"2024-09-06T00:00:00","Designacao_PlantaOrdenamento":"Espaço de Atividades Económicas Consolidados","Escala_PlantaOrdenamento":"1/10000","Fonte":"CM_Vetor","ID":399170,"Municipio":"ODIVELAS"},"geometry":{"type":"Polygon","coordinates":[[[-9.20479253486968,38.7949158596891],[-9.20478926415596,38.7949117128048],[-9.20474533971149,38.794680996584],[-9.20469813658822,38.7944151463907],[-9.20468252669715,38.7943653222473],[-9.20497612297156,38.794467689712],[-9.20592782704087,38.7947995129493],[-9.20571646761756,38.7950993863818],[-9.20538159293139,38.7949892363824],[-9.20514464002984,38.7949597202076],[-9.20479253486968,38.7949158596891]]]}},{"type":"Feature","id":"CRUS_Odivelas_V.399171","properties":{"Area_Ha":12.0948598171171,"Autor":"DGT","Categoria":"Espaço de Atividades Económicas","Classe":"Solo Urbano","DTCC":"1116","Data_PublicacaoPDM":"2024-09-06T00:00:00","Designacao_PlantaOrdenamento":"Espaço de Atividades Económicas Consolidados","Escala_PlantaOrdenamento":"1/10000","Fonte":"CM_Vetor","ID":399171,"Municipio":"ODIVELAS"},"geometry":{"type":"Polygon","coordinates":[[[-9.19627311097649,38.7963783253945],[-9.19605782255915,38.7959919783099],[-9.19577981535819,38.7954930713808],[-9.19542542512538,38.7948570805698],[-9.19498049632771,38.7937021056938],[-9.19469565426775,38.7929626698288],[-9.19463876748327,38.7926850877262],[-9.19461899442474,38.7925886048193],[-9.19461367865315,38.7925626653903],[-9.19461206481379,38.7924540195587],[-9.19461119160007,38.7923952269094],[-9.19463943907362,38.7923108212414],[-9.19487022457347,38.7916212252501],[-9.19489919222595,38.7911848473201],[-9.19512798535464,38.7907362002236],[-9.1952629186674,38.7907784626661],[-9.19528708892776,38.790799786524],[-9.19529776555719,38.7908378990655],[-9.19529467735022,38.7909309626952],[-9.19529214710205,38.7910096946834],[-9.19529619228598,38.7911090599255],[-9.1953170462713,38.7912296804962],[-9.19539124923032,38.7914880651128],[-9.1954369919163,38.7916068630217],[-9.19548532563009,38.7917027096092],[-9.19550928665941,38.7917368811015],[-9.19554487263522,38.7917640675712],[-9.1955919440055,38.7917751020691],[-9.19562415528767,38.7917725166588],[-9.19569140574395,38.7917604407778],[-9.19577310904771,38.791734480203],[-9.19622993623717,38.7915604906478],[-9.19632250377956,38.7916365090796],[-9.19667281371894,38.7920663006244],[-9.19745325949576,38.7932645203895],[-9.19776179070301,38.793896986326],[-9.19889215466534,38.7962140458855],[-9.19901072965859,38.7964663699898],[-9.19627311097649,38.7963783253945]]]}},{"type":"Feature","id":"CRUS_Odivelas_V.399172","properties":{"Area_Ha":7.21485732662669,"Autor":"DGT","Categoria":"Espaço Agrícola","Classe":"Solo Rústico","DTCC":"1116","Data_PublicacaoPDM":"2024-09-06T00:00:00","Designacao_PlantaOrdenamento":"Espaços Agrícolas","Escala_PlantaOrdenamento":"1/10000","Fonte":"CM_Vetor","ID":399172,"Municipio":"ODIVELAS"},"geometry":{"type":"Polygon","coordinates":[[[-9.22625730773957,38.8284365524696],[-9.22619400110957,38.8285084647207],[-9.22610728075358,38.8285606182722],[-9.22576837393695,38.828695667726],[-9.22535029630554,38.8288646871549],[-9.22498578440206,38.8290003647231],[-9.22496147546353,38.8289690605813],[-9.22495839153592,38.828965987916],[-9.2247654446001,38.828773676802],[-9.22460069982608,38.8285828254903],[-9.22484750396929,38.8284393565576],[-9.22485846380986,38.8282411298248],[-9.22547549966382,38.827660176002],[-9.22584437151406,38.827590626681],[-9.22602851483667,38.8274915929709],[-9.22619688433991,38.827402444448],[-9.22636139528799,38.8273451827953],[-9.22667124214895,38.827230476243],[-9.22684890559201,38.827156938644],[-9.22710773792227,38.8270467039588],[-9.22732613485218,38.8269647970131],[-9.22764120882997,38.8268580251584],[-9.22784926958546,38.8267682296695],[-9.22809904601967,38.8267339436476],[-9.22824887794762,38.8268443425801],[-9.22831570430139,38.8268716664845],[-9.22841250163132,38.8268547873453],[-9.22847323987284,38.8268182802473],[-9.22853822720182,38.826725831501],[-9.22865860179642,38.8265809541607],[-9.2289066610255,38.8264348780741],[-9.22906918194762,38.8263734580458],[-9.22929840287427,38.8263313760946],[-9.22954633509925,38.8263241193126],[-9.22980398461816,38.8263715276583],[-9.22996346577462,38.8263758702701],[-9.23023664326052,38.8263226823879],[-9.23072300885677,38.8263648397437],[-9.23103567326369,38.826287915297],[-9.23114911192997,38.8262431997291],[-9.23119185260626,38.8260656211531],[-9.23160199983878,38.8261963975616],[-9.23177138354306,38.8262504056685],[-9.23209810443384,38.8263642634283],[-9.23225425684889,38.8264555310236],[-9.23267654654485,38.8267459002902],[-9.23275802332295,38.8268100605336],[-9.23277681766746,38.8268238036932],[-9.23277841720661,38.8269879023937],[-9.23269494064537,38.8269958020045],[-9.23261655599444,38.8270055508592],[-9.23241116188733,38.8270377512644],[-9.23213201142619,38.8271037964432],[-9.23206129491087,38.827110497699],[-9.231831619952,38.8270693330833],[-9.23179031444481,38.8270566619268],[-9.23152044747127,38.8271648626966],[-9.23142555960872,38.8271869217908],[-9.23132573407699,38.8272029967046],[-9.23098959190872,38.8272021024335],[-9.23088287252628,38.8272040995115],[-9.23063106678,38.8272286239306],[-9.23034847738796,38.8272584887422],[-9.22998273994694,38.8273253366782],[-9.22966570563211,38.8273766874464],[-9.2295428504767,38.8274150441033],[-9.22941897011128,38.8274766493083],[-9.22930275672433,38.8275351215727],[-9.22924625206777,38.8275447486164],[-9.22895526604491,38.8275303677955],[-9.22890236431565,38.827519695999],[-9.22889203865869,38.8275148395066],[-9.22884472608889,38.8275384320901],[-9.2288536606597,38.8276178865769],[-9.22873856837694,38.8276594108096],[-9.22839183434608,38.8277039199688],[-9.22814740817425,38.8277898082471],[-9.22802027169864,38.8278645039692],[-9.22786400887729,38.8279092919158],[-9.22777020932551,38.8279201733859],[-9.22766353441,38.8279252270655],[-9.22736644119941,38.8278505491238],[-9.22732943106957,38.8278699932338],[-9.22719270067499,38.8279346861229],[-9.22698010950771,38.8280010860808],[-9.22662155974783,38.8281092021886],[-9.22618217206514,38.828239788624],[-9.22607745632758,38.8282900419836],[-9.2260800133976,38.8282920243191],[-9.22626100634402,38.8284323520041],[-9.22625730773957,38.8284365524696]]]}},{"type":"Feature","id":"CRUS_Odivelas_V.399173","properties":{"Area_Ha":44.9234454299823,"Autor":"DGT","Categoria":"Espaço Central","Classe":"Solo Urbano","DTCC":"1116","Data_PublicacaoPDM":"2024-09-06T00:00:00","Designacao_PlantaOrdenamento":"Espaços Centrais - Nivel 2","Escala_PlantaOrdenamento":"1/10000","Fonte":"CM_Vetor","ID":399173,"Municipio":"ODIVELAS"},"geometry":{"type":"Polygon","coordinates":[[[-9.22585198168201,38.8067990044591],[-9.22599508861799,38.8068731224216],[-9.22609434970836,38.8069666143106],[-9.22606396435921,38.8070723795912],[-9.22608425547684,38.8070986570759],[-9.22646531188823,38.80696723543],[-9.2268492055883,38.806846265536],[-9.22718208081724,38.8067173878034],[-9.22757168046452,38.8066194182057],[-9.22785730530001,38.8065538621071],[-9.22827650156086,38.8064509144146],[-9.2285204305771,38.8063751274762],[-9.22867650860078,38.8063511420293],[-9.22875632839482,38.8063462454538],[-9.22896329372166,38.8063569484272],[-9.22916117187233,38.8063890124609],[-9.22932516599126,38.8064235064011],[-9.22964452784358,38.8065148163514],[-9.22980212504255,38.8065565821187],[-9.23016078173313,38.8066495997171],[-9.2301630600349,38.80665565423],[-9.23017162271334,38.8066777989876],[-9.23019155120942,38.8067315797658],[-9.23020955215342,38.806786306832],[-9.23022847624858,38.8068424608565],[-9.23023992864422,38.8068819956309],[-9.23024971411725,38.8069068195747],[-9.2302683631568,38.8069434579395],[-9.23029969253608,38.8070060189852],[-9.23034958958124,38.8071044182527],[-9.23040398059326,38.8072129176916],[-9.23046662943552,38.8073357788945],[-9.23064989418628,38.8076019177193],[-9.23066084124194,38.8076177467447],[-9.23093603363699,38.8080156780491],[-9.23118762837723,38.8083970959099],[-9.23104248430447,38.808450512859],[-9.23039310667322,38.8086661343076],[-9.2301660096778,38.808731770588],[-9.22972739955143,38.8088933362922],[-9.22947004108631,38.8089314726971],[-9.22918953025411,38.808948395163],[-9.22915803589931,38.8089482572424],[-9.2288406657026,38.8089557028021],[-9.22728645768525,38.8091241128361],[-9.22678093452136,38.8091957791397],[-9.22664231812342,38.809184733003],[-9.22672535952916,38.8089329165763],[-9.22703325724613,38.8082137878695],[-9.2264649609836,38.8084354010406],[-9.22624159983591,38.8085648314768],[-9.22619696986498,38.8085799430388],[-9.22599298468469,38.8086120538028],[-9.22589503328798,38.8086195008168],[-9.22523804942309,38.8088542189682],[-9.22514507662564,38.8089701695253],[-9.2253447400385,38.8093673184804],[-9.22504340389979,38.8095072992789],[-9.22487603914048,38.8095330876483],[-9.22470683049598,38.8095483117903],[-9.22453909416094,38.8095633016211],[-9.22438138503418,38.8095718013261],[-9.22417339875557,38.8095972557285],[-9.22386793595383,38.8096950049597],[-9.22365216654368,38.8097688178961],[-9.22342300930194,38.8098200083342],[-9.22332175850844,38.8098459711002],[-9.22324803248677,38.8098900800809],[-9.22321804687371,38.8099295209489],[-9.22319683339682,38.8099971663628],[-9.22320610520624,38.8100579992755],[-9.22324076394967,38.8101425278647],[-9.22325301437951,38.8102163872671],[-9.22324262431253,38.8102643502539],[-9.22285851326138,38.8104224084081],[-9.2226891271441,38.8104762199135],[-9.2226016503178,38.8105052715719],[-9.22248301124132,38.810595131375],[-9.2223192439613,38.8107031621413],[-9.22212214420454,38.8108266921712],[-9.22196274122227,38.8109024911655],[-9.22190259667803,38.8109305706426],[-9.22183452413142,38.81095107902],[-9.22179338135438,38.8109438183843],[-9.22173844910251,38.8109290439886],[-9.2216541197994,38.8109020860129],[-9.22136090230942,38.8108073457549],[-9.22091012535158,38.8105307159208],[-9.22077590569593,38.810312629456],[-9.22062353609907,38.8100972354177],[-9.2205596154313,38.8101030537629],[-9.2204465340505,38.8102298538683],[-9.22031584662358,38.8103554326413],[-9.2203075075391,38.810448790929],[-9.22019271289233,38.8105330931466],[-9.21978929227918,38.8105237324279],[-9.21971247941627,38.8105272531378],[-9.21949927625203,38.8105095759462],[-9.21925402350024,38.8104715007044],[-9.2191290596698,38.8104292016902],[-9.21906965961461,38.8104033798106],[-9.21892239026951,38.8103516610712],[-9.21880591251403,38.8102974438609],[-9.21813767915096,38.8103707175391],[-9.21722105953454,38.8111027797397],[-9.21667678812291,38.8117061145612],[-9.21661504487072,38.8117654288308],[-9.2165067998032,38.8118306856906],[-9.21629207998586,38.8118932774322],[-9.21625264206109,38.8119028022209],[-9.21625242378489,38.8119026390125],[-9.21599461833213,38.8114734729198],[-9.21573681602102,38.8110443061826],[-9.21543689777233,38.8104509683895],[-9.21520030054502,38.8096940622551],[-9.21497856899477,38.809177583406],[-9.2145555578098,38.8085013840928],[-9.2154023133873,38.8084944891269],[-9.21575684109488,38.8084614117829],[-9.21610625983886,38.8083388651249],[-9.21610816799301,38.808337992379],[-9.21611978160537,38.8083492713444],[-9.217125222905,38.8092413378781],[-9.21720764450032,38.8093042319733],[-9.2173102910246,38.8092454732053],[-9.21739867360064,38.809193153574],[-9.21872733637367,38.810214212312],[-9.21931213380286,38.8101366538385],[-9.21935069335605,38.8100744783878],[-9.21852359882745,38.8091392450816],[-9.21819844544263,38.808771572393],[-9.21802314803386,38.8088495921621],[-9.21788137569951,38.8089126912753],[-9.21784687025533,38.8088807253384],[-9.21775247982967,38.8087449559318],[-9.21730576025528,38.8081583822694],[-9.21717685381463,38.8079557352621],[-9.21714109365841,38.8079207252974],[-9.21707931829865,38.8078933181398],[-9.21751321117282,38.8077402235067],[-9.21776681606664,38.8077072786246],[-9.21802554108048,38.8075825226992],[-9.21826659668287,38.8074249713281],[-9.21844319265213,38.807310945447],[-9.21855581246115,38.8072755316271],[-9.21930933189583,38.8068946478577],[-9.21975467593274,38.8066695341611],[-9.22056058499477,38.8063328717746],[-9.22245795006948,38.8052894300053],[-9.22276376466173,38.805756649488],[-9.22280340457685,38.8060060811924],[-9.22325319798558,38.805773183781],[-9.22327413291982,38.8057635175128],[-9.22327415258493,38.8057635084329],[-9.22328015572992,38.805760736605],[-9.22328529171594,38.8057587399712],[-9.22341704781115,38.8059246616976],[-9.22341236096529,38.805927223298],[-9.22338980140212,38.8059395563256],[-9.22339152567502,38.8059415437954],[-9.22354864432117,38.8061225541048],[-9.22370357980823,38.8062699249981],[-9.22396466586416,38.8065273929253],[-9.22405158841391,38.8066062291533],[-9.22411456750688,38.8067616219408],[-9.22443857465832,38.806729680173],[-9.22469051393077,38.8066966779205],[-9.22467893699547,38.8066401933102],[-9.22473929246195,38.8065578854277],[-9.2248369391344,38.8064877389396],[-9.22492627489376,38.8064803302838],[-9.22511049614324,38.8065273338659],[-9.22543165707232,38.8066394463237],[-9.22564020460641,38.8067181160075],[-9.2256593047551,38.8067253210647],[-9.22585198168201,38.8067990044591]]]}},{"type":"Feature","id":"CRUS_Odivelas_V.399174","properties":{"Area_Ha":171.906840025214,"Autor":"DGT","Categoria":"Espaço Florestal","Classe":"Solo Rústico","DTCC":"1116","Data_PublicacaoPDM":"2024-09-06T00:00:00","Designacao_PlantaOrdenamento":"Espaços Florestais com Funções Predominantes de Recreio e Valorização da Paisagem Grande Lisboa","Escala_PlantaOrdenamento":"1/10000","Fonte":"CM_Vetor","ID":399174,"Municipio":"ODIVELAS"},"geometry":{"type":"Polygon","coordinates":[[[-9.21251796090037,38.7730077517951],[-9.21249805943654,38.7730161304988],[-9.21236812481637,38.773066879079],[-9.21244897737037,38.7732483167123],[-9.21239444242882,38.7744288440502],[-9.21234109011048,38.7755837679357],[-9.21221796993978,38.7758808983289],[-9.2122080726684,38.7759047839408],[-9.21199811905301,38.7764114697872],[-9.2120647994362,38.7764292248892],[-9.21206614052177,38.7764295817999],[-9.21241547965848,38.7765225986092],[-9.21225454842987,38.7767889402303],[-9.21246356942773,38.7768436533741],[-9.21227905374493,38.7773003310373],[-9.21236098330813,38.7773214087249],[-9.21254937530669,38.777369877137],[-9.21292627532183,38.7766372227679],[-9.21331714004908,38.7766576676447],[-9.21345162691728,38.7766909067872],[-9.21345641088247,38.7766920896247],[-9.21352048957183,38.7767079275747],[-9.21336109852782,38.7771031017842],[-9.21314012007985,38.7776509693177],[-9.21291886812141,38.7779757056294],[-9.21323559439473,38.7786799121216],[-9.21320073594907,38.7787740581938],[-9.21312193125249,38.7788021277783],[-9.21287455935426,38.7788574023756],[-9.21270389463265,38.7789119686983],[-9.21263335325749,38.7790221270232],[-9.21258112663181,38.7791497798753],[-9.21256473098709,38.7792594370559],[-9.21261596631029,38.7793649381699],[-9.21266252896044,38.7794598848932],[-9.21273181222102,38.7795652192128],[-9.21279578480921,38.7796176140005],[-9.21286453576064,38.7796876283533],[-9.2129878074227,38.7797818652054],[-9.21310678175727,38.7798902722844],[-9.21324831726704,38.7799984688902],[-9.2133357052904,38.7801071676924],[-9.21337773148205,38.7801737539104],[-9.21375304607455,38.7808439170259],[-9.21365595581197,38.7808803157275],[-9.21363081723331,38.7813480980717],[-9.21315144727559,38.7812134490567],[-9.21270361518287,38.782166769036],[-9.21305601075447,38.7823140369665],[-9.21261204322725,38.783345605368],[-9.21261085623003,38.7833483611974],[-9.21235892289269,38.7839337228484],[-9.21235620225672,38.7839400412991],[-9.21232921341214,38.7843279367313],[-9.21232938030399,38.7843290593188],[-9.21232925703392,38.7843308301736],[-9.21235428236866,38.7844999652801],[-9.21258339108496,38.7848095336888],[-9.2128465464382,38.7851323786131],[-9.21284680660944,38.7851325721399],[-9.21284718550256,38.7851329884947],[-9.21343807557199,38.7856419992105],[-9.21389649655296,38.7860519471805],[-9.21389685652792,38.7860521795105],[-9.21421279762872,38.7860702902112],[-9.21434093117179,38.7860776326618],[-9.21434103164458,38.7860776398586],[-9.21620409688012,38.7861965307227],[-9.21688035959077,38.786393253734],[-9.21677535459077,38.7866143845298],[-9.21667498991719,38.7868263644879],[-9.21656139024022,38.7870687571731],[-9.21644778864447,38.7873111488536],[-9.21634041557239,38.7875402513623],[-9.21669720867239,38.787621396426],[-9.21765062992442,38.7878382264037],[-9.21793380955011,38.7880533401125],[-9.21798134495556,38.7880894487725],[-9.21809933688909,38.7885550644858],[-9.21823224547132,38.7890795316381],[-9.21865185343087,38.7892833315376],[-9.21883136229465,38.7897190517957],[-9.21917466354306,38.7899497008697],[-9.21937495878797,38.790270574025],[-9.21958776623592,38.7902665476218],[-9.21967769079778,38.7907366643749],[-9.21969616108593,38.7908332245398],[-9.21982249673411,38.7908889485752],[-9.21984468053716,38.7909969502165],[-9.2205182883295,38.7909307766668],[-9.22071413330165,38.7909115384604],[-9.22082533155139,38.7909200020126],[-9.22121027578143,38.7909493065362],[-9.22141218550976,38.7911114639424],[-9.22155702582604,38.7912277870802],[-9.22197200532504,38.7921237413703],[-9.22233625557484,38.7922567549829],[-9.22360703677643,38.7933485287245],[-9.2239436661766,38.7936377300364],[-9.22394425526565,38.7936380620459],[-9.22391167606034,38.7937024831832],[-9.22391059763164,38.7937031189739],[-9.22387951116513,38.7937214286328],[-9.22381202708615,38.7937647564935],[-9.22381412902506,38.7937660316515],[-9.22392901769057,38.7938357219694],[-9.22398626996134,38.7938992323197],[-9.22402808293257,38.7939616230122],[-9.22404653293371,38.7939939713065],[-9.22408056645575,38.7940518388777],[-9.22412268446551,38.7941342256173],[-9.22416977448797,38.7942031453154],[-9.22421447050787,38.7942281314967],[-9.22427464829512,38.7942569337719],[-9.2243279585721,38.7942884123916],[-9.22435758054101,38.7943362351389],[-9.22440306913984,38.7944131829593],[-9.22445187132399,38.7944808290695],[-9.22449719691964,38.7945550760582],[-9.22454266777237,38.7946307656079],[-9.22458836128498,38.7947210464577],[-9.22463911052722,38.7948033505654],[-9.22469467195458,38.794913096733],[-9.2246910819302,38.7949167108414],[-9.22463558922832,38.79497258238],[-9.22426920943986,38.7943339869738],[-9.22390575119748,38.7939922058425],[-9.22331151221137,38.7938088010354],[-9.22324845339672,38.7937893401966],[-9.22320995436687,38.7937774585865],[-9.22308973263493,38.7936257593038],[-9.22302067334981,38.7935494779725],[-9.2230327332872,38.7934301655085],[-9.2229492320958,38.7933725385118],[-9.22288113791691,38.7933248316349],[-9.222720860213,38.793255730295],[-9.2224490290881,38.7931385349549],[-9.2217283226236,38.7925089595138],[-9.22157980162805,38.7923020860652],[-9.2214223912322,38.7922657735169],[-9.22127712466188,38.7921764016801],[-9.22113597945744,38.7919738046777],[-9.22111963653156,38.7918700278319],[-9.22116014593963,38.7917982644153],[-9.2212041584101,38.7917216765951],[-9.22120564465318,38.7916429295426],[-9.2210865346128,38.7915126095948],[-9.2205235366797,38.7913222070802],[-9.22048899593408,38.7914418694166],[-9.21956086472981,38.7912835543274],[-9.21959771844724,38.7911692530175],[-9.21946468414175,38.7910965828286],[-9.21926430999828,38.7910064278232],[-9.21907484612575,38.7909044404042],[-9.21924994771858,38.7906259567162],[-9.21927187839241,38.7905910764275],[-9.2191413644505,38.7905305239154],[-9.21913651945151,38.7905282755465],[-9.21905433669117,38.7904575032668],[-9.21897272071138,38.7903812666423],[-9.21874580334028,38.7902391933113],[-9.21859055932414,38.790120547987],[-9.21857566967734,38.7900888125208],[-9.21853392712979,38.7899344615023],[-9.21853069014323,38.7899250443764],[-9.21780738454201,38.7896202628829],[-9.21797394877625,38.7893985696606],[-9.21624010034486,38.7886709428756],[-9.21581365911497,38.7885705433971],[-9.21580740479862,38.7885690718133],[-9.2157999964253,38.788567954931],[-9.21541363352199,38.7885097631838],[-9.21521338574643,38.7885092549061],[-9.21510811970627,38.7885341641891],[-9.21504307681997,38.7885532617815],[-9.21496045879777,38.7886051597327],[-9.21489078836732,38.7886498959195],[-9.21477044516995,38.7886839113358],[-9.21450767974207,38.7886822325232],[-9.21448196533311,38.7886767776253],[-9.21411757411857,38.7885994784294],[-9.21391473761065,38.788547958211],[-9.21371139644501,38.7884963086749],[-9.21343681876287,38.7884083701457],[-9.21333424976933,38.7883661076126],[-9.21318300903233,38.788303789693],[-9.21292882778932,38.7881745345378],[-9.21269547678955,38.7880327489348],[-9.21237756580228,38.7878588435059],[-9.21224342802668,38.7877639670699],[-9.21233668428297,38.7876043046311],[-9.21224797646241,38.7874936797883],[-9.21196979223626,38.7873885867904],[-9.2118555953174,38.7873561700505],[-9.21170845912525,38.7873518778882],[-9.21168343991654,38.7871938431062],[-9.21143146862687,38.7870515595446],[-9.21135062572891,38.7870072338347],[-9.21129253743993,38.7869741849985],[-9.21100705148805,38.7869874263515],[-9.21089072087927,38.7869858493625],[-9.21075667849896,38.7869631195808],[-9.21062273919567,38.7869034729889],[-9.21052697487706,38.7866587368165],[-9.21008549739319,38.7866733346975],[-9.20965252740418,38.7868987709166],[-9.20956292554505,38.7868273956565],[-9.20924519357725,38.7869124596407],[-9.20922746624039,38.7868708269374],[-9.20918444243526,38.7867880826855],[-9.20914926066512,38.7867294065534],[-9.20910305914298,38.7866647967976],[-9.20905800473876,38.7866076535038],[-9.20889465353195,38.7864291847674],[-9.20884342172435,38.7863797892969],[-9.20897623613781,38.7862983668136],[-9.2090748296897,38.7862379234295],[-9.20881586284361,38.7859198150892],[-9.20884667768846,38.7857957317127],[-9.20895340148154,38.7856973046568],[-9.2090421469295,38.7856328644697],[-9.20904750696305,38.7856289741105],[-9.2090333116124,38.7856199059132],[-9.20882244029016,38.785485217251],[-9.2086181854036,38.785409092731],[-9.20835207540955,38.7852714272735],[-9.20804522563038,38.7848609551349],[-9.20802569746309,38.784834831029],[-9.20784165745784,38.7849775377077],[-9.2073543613132,38.7842379913723],[-9.20725109377079,38.7840713486192],[-9.20741762263373,38.7840075986401],[-9.20736807466133,38.7838986460039],[-9.20715965124568,38.7839417087427],[-9.20709456312705,38.7837194482992],[-9.20708286030943,38.7836255785292],[-9.20711118947119,38.7834561603976],[-9.20722365429373,38.7831785651924],[-9.2073841772189,38.7829032142349],[-9.20747109779524,38.7827520515303],[-9.20748555813604,38.7825283230693],[-9.20746682852877,38.7823687196971],[-9.20738907761743,38.7823566528408],[-9.20727372462335,38.7822874131091],[-9.20715356865097,38.7821702842817],[-9.20715179278613,38.7820520673006],[-9.20713042250418,38.781988352582],[-9.2073129132406,38.7819067850644],[-9.2074849805286,38.7816751246713],[-9.20756268276398,38.7816839964945],[-9.2074850287791,38.7822215584621],[-9.20755106257592,38.7822688835301],[-9.20793596512081,38.7823358886203],[-9.20801746974359,38.7823348924002],[-9.20803216497158,38.7822261092864],[-9.20794757121351,38.7820531518629],[-9.2078936819553,38.7816553692674],[-9.20787566283516,38.7812561379906],[-9.20786090039758,38.7811986983892],[-9.20778961237233,38.7811263541316],[-9.20758006806459,38.7810362242279],[-9.20751219211635,38.7810106565253],[-9.20730644984744,38.7809939019015],[-9.20724274985802,38.7809358899739],[-9.20710039564583,38.780806245714],[-9.20689166438361,38.7806161514967],[-9.20657146187002,38.7804332000318],[-9.20528290102838,38.7799364468314],[-9.20457336892238,38.7795729123751],[-9.20451090386323,38.7796485301601],[-9.20431342815564,38.7795226383176],[-9.20407267380245,38.7797548965929],[-9.20397088847274,38.7798697937903],[-9.20393578868672,38.7801430112784],[-9.2041653986885,38.780726734818],[-9.20479296657438,38.7812148060452],[-9.20516298663345,38.7817774901505],[-9.20523511594475,38.7818666279614],[-9.20550335738586,38.7821981228813],[-9.20567712086048,38.782592649293],[-9.20592387346656,38.7831528920536],[-9.20491367779499,38.7835611692262],[-9.20338326834037,38.7841796677213],[-9.20314523538349,38.7842758647828],[-9.2024550478664,38.7845582036683],[-9.20260251150075,38.7847760081399],[-9.20274558651847,38.7849021677484],[-9.20297263605909,38.7848120475616],[-9.20299675899197,38.784802866149],[-9.20312246603181,38.7849616622152],[-9.20350947735693,38.7848039275277],[-9.20413425379895,38.7857708402185],[-9.20432317840947,38.7860632143682],[-9.20447552614519,38.7862551229172],[-9.20454066467142,38.7863463305458],[-9.2048508999444,38.7867807116919],[-9.2053778471574,38.7867482534868],[-9.20537790249819,38.7867482511729],[-9.2053877158488,38.7867633842809],[-9.20538773828107,38.7867634183874],[-9.2056538556671,38.7871714280213],[-9.20600123340103,38.7877309351382],[-9.20808770569289,38.7873366837423],[-9.20823890147014,38.787308113101],[-9.20872415762966,38.7871904621977],[-9.20857065775849,38.7877710322653],[-9.20871372498103,38.7883086629491],[-9.20865942614772,38.7884967660341],[-9.20889370098714,38.7886081825593],[-9.20872504622661,38.788823262971],[-9.20885404424823,38.7888528269132],[-9.20883539888511,38.7890375165512],[-9.20910675613418,38.7890584802797],[-9.20903923667793,38.7892646118744],[-9.20901033467019,38.7893989735663],[-9.20829209138346,38.7892223390899],[-9.20841283985355,38.7893920270108],[-9.20850178840247,38.7895228209548],[-9.2085183669333,38.7895603831439],[-9.20851887694439,38.7895824249325],[-9.20851457251712,38.7896228068039],[-9.20849541531939,38.7896556406629],[-9.20844195951958,38.7896945534821],[-9.20837850602027,38.7897220325666],[-9.20831869352927,38.7897465969098],[-9.2081942276932,38.7898005708467],[-9.208119895265,38.7898396774075],[-9.20804070755555,38.7898826668819],[-9.20791572013484,38.7899633968948],[-9.20672469921253,38.7898626007786],[-9.2061234650058,38.7898117130362],[-9.20539724426834,38.7899247459559],[-9.20522570998806,38.7895005050518],[-9.20538089821051,38.789343003044],[-9.20537185342752,38.789250826135],[-9.20524884250215,38.7890885669187],[-9.20512661218372,38.7888991289627],[-9.20490079582137,38.7885124185792],[-9.20461986996048,38.7881704189518],[-9.20471603116261,38.7876883416664],[-9.20404547480038,38.7875966801492],[-9.20385175277489,38.7886586574471],[-9.20360528994743,38.7886411725348],[-9.20337817099023,38.7887136687685],[-9.20311741280664,38.7891016118801],[-9.20333735191657,38.7892514851745],[-9.20354366839829,38.7897395380648],[-9.20358922461975,38.7898163515946],[-9.2037545146331,38.7899550319684],[-9.20375491783365,38.7899559952961],[-9.20376037673567,38.78996006167],[-9.20403723781842,38.7906147783181],[-9.20403125454253,38.7906695037839],[-9.20398773151869,38.7907060508978],[-9.20387673640801,38.7907393184447],[-9.20387025989869,38.7907735775248],[-9.20390958512451,38.7909029173292],[-9.20391914313311,38.790934353221],[-9.20408945694245,38.7914574817943],[-9.20439059773354,38.791690990629],[-9.20439972611373,38.7919529735669],[-9.20440635958971,38.7921433908328],[-9.20495654655085,38.7924745978743],[-9.20499040803588,38.7929134100527],[-9.20527958418974,38.7934687790935],[-9.20521216587431,38.7937009854622],[-9.20528105922269,38.7939122123447],[-9.20566809517525,38.7940119626418],[-9.20572466030619,38.7940265401202],[-9.20607925130828,38.7941324133997],[-9.2065291441008,38.79436318973],[-9.20680438763662,38.7946041795446],[-9.2070272449682,38.7947770223695],[-9.20795013449245,38.7956956722646],[-9.20845290636046,38.7954676054445],[-9.20855392829396,38.7955812374227],[-9.20858779211365,38.795640543354],[-9.20873830699018,38.795716963751],[-9.20865964783891,38.7958290641512],[-9.20885016686733,38.7959345683039],[-9.20846331006657,38.7963603393996],[-9.20830504300086,38.796545521833],[-9.20850768991136,38.7966625516773],[-9.20835126642273,38.7968648797935],[-9.20838890488406,38.7972755245989],[-9.2083375028358,38.7973663324022],[-9.20847597080683,38.797581858559],[-9.20872241080354,38.7977396090445],[-9.20882633303341,38.7977318659869],[-9.20911774624177,38.7977101564112],[-9.20915681404519,38.7976762434252],[-9.20930944063717,38.79773678029],[-9.20982675218536,38.7977036202413],[-9.21061387139039,38.7980654381272],[-9.21057985459278,38.7982154477299],[-9.21051864806944,38.7985308907232],[-9.21045445588956,38.7988670090325],[-9.21040640167118,38.7991797501352],[-9.21038815164423,38.7993474233515],[-9.21018013421618,38.7995305983841],[-9.21009890025664,38.7995021235132],[-9.20996385238698,38.7994614369802],[-9.20974185223555,38.7993945526457],[-9.20927483271611,38.7992507854864],[-9.20920156682785,38.7992282310385],[-9.20919490746977,38.799226502799],[-9.20928430334462,38.7991040397678],[-9.20901622416218,38.7989577906741],[-9.20891454151065,38.7991104517266],[-9.20889781673239,38.7990902666857],[-9.20887442534047,38.7990620366633],[-9.20878621513949,38.7989555817444],[-9.20877291956148,38.7989390011462],[-9.20872761903404,38.7988824994083],[-9.20872248520302,38.7988760980602],[-9.20869729803926,38.7988446837038],[-9.20881265725112,38.7987549672582],[-9.20882914756286,38.7987421439406],[-9.20883114803746,38.798699381578],[-9.20864419219351,38.797945176821],[-9.20814351141194,38.7975257798348],[-9.20790049856752,38.7964424110675],[-9.20769273108134,38.7962058001308],[-9.20686578340391,38.7952640341699],[-9.20675363103223,38.795165336971],[-9.20617565427914,38.7947838911878],[-9.20604148678464,38.794769857726],[-9.20592782704087,38.7947995129493],[-9.20497612297156,38.794467689712],[-9.20468252669715,38.7943653222473],[-9.20465977802551,38.7943321808139],[-9.20465056624458,38.7943187585919],[-9.20459363156519,38.7942358125638],[-9.20458096953886,38.794216573796],[-9.20453621153157,38.7941202098152],[-9.20451859734983,38.794080452566],[-9.20451202922247,38.7940551101848],[-9.20450349762886,38.7940019624873],[-9.20448142671105,38.7938508589023],[-9.20448108853979,38.7938485388024],[-9.20448089542121,38.7938473532391],[-9.20448052295561,38.793845054221],[-9.20445713356524,38.7937008194536],[-9.2044503493474,38.7936609619817],[-9.2044427602074,38.7936445578859],[-9.20443730287384,38.7936327571649],[-9.20441419977577,38.7936362610241],[-9.20439063159826,38.7936398341511],[-9.204389423541,38.7936365911212],[-9.20433417602525,38.7934883324792],[-9.20429459576058,38.7933821107481],[-9.20454378433329,38.7930864454131],[-9.20457915694604,38.7930444749915],[-9.20457993227384,38.793005639826],[-9.20458144846005,38.7929297512617],[-9.2045467098625,38.7928417602098],[-9.20446531505697,38.7926355746785],[-9.20428415613595,38.7925265788588],[-9.20421106814454,38.7924897517161],[-9.20411899542759,38.7924377155837],[-9.20400960779553,38.7923613916448],[-9.20383999409289,38.7919350635877],[-9.20376492459229,38.791746374037],[-9.20355770163903,38.7915282015058],[-9.20352196001246,38.7914905712833],[-9.20352514832627,38.7914511198892],[-9.2035415789856,38.7912478441108],[-9.2035965185883,38.7910211803459],[-9.2035398279851,38.7910364389024],[-9.20344429800055,38.7910354901403],[-9.20295441951941,38.7910306332001],[-9.20210829096242,38.7910222369006],[-9.20011647081358,38.7910110069493],[-9.20053700477152,38.7919280585139],[-9.20060348119969,38.7923432934116],[-9.20061536911753,38.7924175434943],[-9.20067597607058,38.7925212367569],[-9.20085616432025,38.7927471032776],[-9.20154294984489,38.7936079777438],[-9.20156045895689,38.7937726447908],[-9.20142920644775,38.794037381485],[-9.20019897617123,38.7941174823959],[-9.19997089485766,38.7937438269616],[-9.1997770501665,38.7934359239118],[-9.19972056195255,38.7930329330525],[-9.19949531925943,38.7923124228009],[-9.19924597704864,38.7916672012076],[-9.19847498017182,38.7908826474026],[-9.1985048979361,38.7905389424739],[-9.19861357123017,38.7902595230007],[-9.19869718394486,38.7901593657307],[-9.19875570614882,38.7900070626947],[-9.1987500237383,38.7899992790157],[-9.19874143598575,38.7899875183039],[-9.19864352444415,38.789937397372],[-9.19850793257085,38.7898578941385],[-9.19844278077344,38.7897672846394],[-9.19841579395208,38.7896577659048],[-9.19844160818827,38.7895526388042],[-9.19848383748675,38.7894791789811],[-9.19853480158672,38.7893832733645],[-9.19853632517334,38.7893747205969],[-9.19850324776622,38.7892798241553],[-9.19848992845344,38.7891546425285],[-9.19846271586814,38.7890435854783],[-9.19840780149393,38.7888499736489],[-9.19837479029268,38.7887622872463],[-9.19835121801123,38.7886491482559],[-9.1983217618709,38.788538470975],[-9.19828970904651,38.7884664052841],[-9.19819495380871,38.788347116182],[-9.1981385873245,38.7882417476919],[-9.19809936109851,38.7881480285809],[-9.1980876681708,38.7880217566844],[-9.1981044636543,38.7879074379765],[-9.19812778238718,38.7878311493266],[-9.19813517427204,38.787799702906],[-9.19812818532948,38.7877594532028],[-9.19809941043169,38.7877222688268],[-9.19799264330059,38.7875482892248],[-9.19784864084944,38.7873229803363],[-9.19786552423498,38.7872061010791],[-9.19783149025775,38.7870725141267],[-9.19777652402117,38.7869524404172],[-9.19769776239705,38.7868410781159],[-9.19760990223022,38.7867408006849],[-9.19751316136047,38.7866043492773],[-9.19747919398524,38.7865180789331],[-9.19747292776137,38.7864319029748],[-9.19747545860864,38.7863625305186],[-9.19747203011746,38.7863244424202],[-9.19745579585543,38.7862591613536],[-9.1974358085182,38.7861979667587],[-9.19741191007859,38.7861303076886],[-9.19738522313745,38.7860353201512],[-9.19734412412603,38.7859683423219],[-9.19730969834079,38.785933686805],[-9.19728206719182,38.785912598018],[-9.19698361099318,38.7857916902152],[-9.19682094147937,38.7856861394197],[-9.19674281284622,38.7856470708215],[-9.19662689153851,38.7855556374883],[-9.19656107589092,38.7854903407363],[-9.19650861075455,38.7853865060544],[-9.19644966924072,38.7852109014488],[-9.19600049194735,38.7853083632645],[-9.19566018832216,38.7854096919801],[-9.19568901354812,38.7853125505043],[-9.19570883813251,38.7852603956276],[-9.19572897487908,38.7851904928878],[-9.19575032896975,38.7850398709525],[-9.19574897684407,38.784941248617],[-9.1957409205959,38.7848561100078],[-9.19571838869752,38.7847648873583],[-9.19568777525739,38.7846796820941],[-9.19604232647782,38.7841051891585],[-9.19611149274733,38.784015429426],[-9.19627094790083,38.7838411839155],[-9.19629812928474,38.7838114807436],[-9.19631809445095,38.7837896633906],[-9.1965493739598,38.7836523090494],[-9.19702470985412,38.7833700092264],[-9.19736480558487,38.7831680257848],[-9.19745256953191,38.7831159010062],[-9.19745439910166,38.7831148152889],[-9.19752581114512,38.7827798218689],[-9.19755577303393,38.782639264525],[-9.19701601667361,38.7819707222206],[-9.19746010401238,38.781718455335],[-9.19728572197606,38.7814001878445],[-9.1972877998386,38.7813313747537],[-9.19811501867765,38.780444422227],[-9.1984993442039,38.7801624988807],[-9.19890487327132,38.7802016316468],[-9.19978209621823,38.7803135529026],[-9.19989648150837,38.780317771812],[-9.20092292022772,38.7797424716699],[-9.20127033716468,38.7794579302913],[-9.20144964631114,38.7791709222863],[-9.20105927651778,38.7786009619663],[-9.20089458053739,38.77794538959],[-9.20098180418865,38.7779056641561],[-9.20106152999258,38.7778667060364],[-9.20138783607239,38.7777636458869],[-9.20228272124243,38.7786234595527],[-9.20334083969798,38.7788281883204],[-9.20411055349881,38.7790960754556],[-9.20504451586108,38.7795743998429],[-9.20530333521516,38.7795823267211],[-9.20565629445608,38.7795931343026],[-9.2056570073498,38.7795929047402],[-9.20566260561288,38.7795930763756],[-9.20666756547702,38.7792693304189],[-9.20713862060622,38.7791175762599],[-9.20655383037821,38.7787543554849],[-9.20622576565113,38.7784160894771],[-9.2060424405831,38.7771039172377],[-9.20602945476113,38.7770867492112],[-9.20565020660151,38.7761080506346],[-9.20579170868594,38.7760349418843],[-9.20613080403402,38.7758727644358],[-9.20637692374188,38.7757419703181],[-9.20713178020675,38.7753429241066],[-9.20718307740803,38.7753150906186],[-9.20758186287535,38.7755292949742],[-9.20827847173226,38.7752059032819],[-9.20886614116639,38.7751985987524],[-9.20896598775782,38.7749669010818],[-9.20925642016275,38.7746149973435],[-9.20878477329717,38.7743488437311],[-9.20869720504422,38.7742984696784],[-9.20901746940488,38.7739376609326],[-9.20985710147403,38.7730117415802],[-9.21021210193397,38.7726120666302],[-9.21049453349697,38.7722914898053],[-9.2106800459709,38.7721004149205],[-9.21072990793048,38.7720440536889],[-9.21073091728288,38.7720429130253],[-9.21073496004578,38.7720386656406],[-9.21077673390631,38.7720524191465],[-9.21089289594802,38.7720867465533],[-9.21092562915097,38.7720982484231],[-9.21100070452058,38.7721247557988],[-9.21111985057764,38.7721663544405],[-9.21126372005625,38.7722224921821],[-9.21140002259669,38.7722876190473],[-9.21150433824358,38.7723455662955],[-9.21166564389956,38.7724361324197],[-9.21178237193816,38.772500634199],[-9.21193589396492,38.7725862292482],[-9.21203273463565,38.7726443305978],[-9.21223874342562,38.7727690783723],[-9.21234230812128,38.7728381104337],[-9.21240504347812,38.7728853586194],[-9.21244130952575,38.7729174533897],[-9.21248428308459,38.7729590299117],[-9.21252303605023,38.7730055168349],[-9.21251796090037,38.7730077517951]],[[-9.21032160138176,38.7789766266028],[-9.20956310603681,38.7800144338401],[-9.20947614207908,38.7800509488828],[-9.20903793164607,38.7801558267614],[-9.20861203311502,38.780270489263],[-9.20844098317228,38.7802799585554],[-9.20825869299326,38.7802796558187],[-9.20815311443559,38.7802301848349],[-9.20770751346437,38.7798258075304],[-9.20770606946572,38.7798242840452],[-9.20758426788496,38.7797024927151],[-9.20737360297874,38.7794411272926],[-9.20730538690483,38.779332044574],[-9.20725539097305,38.7792694209604],[-9.20718968938629,38.7793276228551],[-9.20683854910684,38.7799781428574],[-9.20719990732027,38.7802408672506],[-9.2072410260422,38.7802931654536],[-9.2073488683895,38.7805237605149],[-9.2073941256923,38.7806877989958],[-9.20742244995953,38.7807904566506],[-9.20745051622174,38.7808251803146],[-9.20772835324798,38.7809441834344],[-9.20778505412007,38.7809684687134],[-9.20783096585422,38.7809881327456],[-9.20786283093976,38.7809981870976],[-9.20795334984252,38.7810388200593],[-9.20802072403265,38.7810736741036],[-9.20804256789352,38.7810947576165],[-9.20807492832402,38.7811370288332],[-9.20808131270176,38.7811848607958],[-9.20808319323298,38.7812345075203],[-9.20808497967963,38.7813533302551],[-9.20812697726062,38.7814336492862],[-9.2081914189479,38.7814995706697],[-9.20819822169543,38.7815012037585],[-9.20837118837723,38.7815427364668],[-9.20843832238646,38.7816629298209],[-9.20833576772885,38.7820070368653],[-9.20821261653385,38.7821114076481],[-9.20836624357631,38.7822504382282],[-9.20856665418749,38.7824318073746],[-9.2089729532146,38.7821992691553],[-9.2090150106076,38.7823967605581],[-9.20877895569857,38.7826803610607],[-9.20868603506248,38.7828412140723],[-9.20866080647986,38.7829458595281],[-9.20867751736939,38.7830259623291],[-9.20873560334926,38.7830822626239],[-9.20888383570579,38.783130846463],[-9.20905498810861,38.7832394977561],[-9.2091365134388,38.7833903123741],[-9.20918463080708,38.7835155994473],[-9.20920820006904,38.7837651208764],[-9.20931046501856,38.7839662435515],[-9.20955622430661,38.7839884073259],[-9.20987390095638,38.7839770110477],[-9.21005850880569,38.7839637379892],[-9.21018685614461,38.7838960155144],[-9.21030372132513,38.7838023595523],[-9.21049306185702,38.7836125681403],[-9.21071939916132,38.7834253272786],[-9.21081113676484,38.7833810861818],[-9.21092600133142,38.783378925186],[-9.21092616074337,38.7833760280635],[-9.21092685758272,38.7832987247954],[-9.21093410132628,38.783217922836],[-9.21102914847998,38.7828684816448],[-9.21117631535748,38.7823871617355],[-9.21145981174217,38.7817274955371],[-9.21146187152641,38.7817164374743],[-9.21048441055322,38.7813851743311],[-9.21129230120316,38.7802273088834],[-9.21097831894509,38.7792865357529],[-9.21032160138176,38.7789766266028]],[[-9.21249420588705,38.7795886237378],[-9.21198522327157,38.7796445176723],[-9.21218133619432,38.7805425498183],[-9.21312306263759,38.7804065204738],[-9.21300760690175,38.7800876562392],[-9.21258266074158,38.7797383526249],[-9.21249420588705,38.7795886237378]],[[-9.19775607358594,38.784913004214],[-9.19746656093431,38.7849169924352],[-9.19701578274257,38.7850605937113],[-9.19700099458616,38.7851829904999],[-9.19699014383991,38.7852498247691],[-9.19700088556786,38.7853166890749],[-9.19703362708886,38.7853649579503],[-9.19711238980162,38.7854192988344],[-9.19723923182482,38.7854895644803],[-9.19755444278665,38.7856172597321],[-9.19765369904587,38.7856930176427],[-9.19773774867923,38.7857776244517],[-9.19780988138398,38.7858951743444],[-9.19786789705436,38.7860194405066],[-9.19790185185062,38.7861034544701],[-9.19792983913107,38.7861784006354],[-9.19793441627018,38.7861986898966],[-9.19795203105015,38.7862995901061],[-9.19796746040642,38.7863888237811],[-9.19798109438262,38.786463685838],[-9.19800184836747,38.7865510967491],[-9.19815595147843,38.7867890842683],[-9.19831510770756,38.7866097995885],[-9.19843031113762,38.7863958605945],[-9.19850610226188,38.7861535969923],[-9.19844680466115,38.7857772467514],[-9.19806847162867,38.7850987045206],[-9.19788740535987,38.7849660674206],[-9.19782174001158,38.784939534928],[-9.19775607358594,38.784913004214]]]}},{"type":"Feature","id":"CRUS_Odivelas_V.399175","properties":{"Area_Ha":2.90633534118962,"Autor":"DGT","Categoria":"Espaço Habitacional","Classe":"Solo Urbano","DTCC":"1116","Data_PublicacaoPDM":"2024-09-06T00:00:00","Designacao_PlantaOrdenamento":"Espaço Habitacional - Nivel 1","Escala_PlantaOrdenamento":"1/10000","Fonte":"CM_Vetor","ID":399175,"Municipio":"ODIVELAS"},"geometry":{"type":"Polygon","coordinates":[[[-9.20636553423141,38.7697079202599],[-9.20600472777008,38.770100401064],[-9.20572744354174,38.7703361946235],[-9.2056632816712,38.7703134593241],[-9.20540880987867,38.7705981443581],[-9.2054244247215,38.7706342324841],[-9.2047994751862,38.7708127414087],[-9.20435406450662,38.7703987830237],[-9.20390589365118,38.7701800248501],[-9.20467528481695,38.7691196467103],[-9.20474063234864,38.7687296818964],[-9.20465370165927,38.7685205982695],[-9.20499446153345,38.7683514865493],[-9.20504411291155,38.7684209670851],[-9.20510616696285,38.7684851628226],[-9.20538738374338,38.7688082082308],[-9.20547063772535,38.7688973400128],[-9.20553959323719,38.7689762449177],[-9.20563415684014,38.769074821925],[-9.20572082829932,38.7691461750581],[-9.20590018771594,38.7693212610563],[-9.2060983299057,38.7695058981978],[-9.20618111197923,38.7695707137242],[-9.20624469088599,38.7696139049403],[-9.20636978189366,38.7697041723607],[-9.20636553423141,38.7697079202599]]]}},{"type":"Feature","id":"CRUS_Odivelas_V.399176","properties":{"Area_Ha":2.27536537198564,"Autor":"DGT","Categoria":"Espaço Habitacional","Classe":"Solo Urbano","DTCC":"1116","Data_PublicacaoPDM":"2024-09-06T00:00:00","Designacao_PlantaOrdenamento":"Espaço Habitacional - Nivel 1","Escala_PlantaOrdenamento":"1/10000","Fonte":"CM_Vetor","ID":399176,"Municipio":"ODIVELAS"},"geometry":{"type":"Polygon","coordinates":[[[-9.19838304704368,38.8057984968294],[-9.19885583470796,38.8059471430343],[-9.19909624875882,38.805433702932],[-9.19915454969667,38.8054487850572],[-9.19961058790265,38.8056212337714],[-9.1997383250816,38.8056695364701],[-9.19979421055058,38.8057158395983],[-9.19971447663465,38.8061959134468],[-9.19965319567329,38.8064539539875],[-9.19956056533227,38.806422250446],[-9.19941953350742,38.8063943862599],[-9.19925590500757,38.8063432812588],[-9.19861138227391,38.8061852145976],[-9.19738862325847,38.8057254750131],[-9.19707319419992,38.8061721932228],[-9.19619732171859,38.8060105359976],[-9.19614680164521,38.8056996782802],[-9.19598079205461,38.805637325579],[-9.19611717066738,38.8053434856807],[-9.19612481993365,38.805322434173],[-9.19635419377834,38.8048409114838],[-9.1970607855044,38.80518038699],[-9.19758421483155,38.8054711842847],[-9.19791789387908,38.8056095696645],[-9.19815251138773,38.8057173581315],[-9.19838304704368,38.8057984968294]]]}},{"type":"Feature","id":"CRUS_Odivelas_V.399177","properties":{"Area_Ha":10.0074727277569,"Autor":"DGT","Categoria":"Espaço Habitacional","Classe":"Solo Urbano","DTCC":"1116","Data_PublicacaoPDM":"2024-09-06T00:00:00","Designacao_PlantaOrdenamento":"Espaço Habitacional - Nivel 1","Escala_PlantaOrdenamento":"1/10000","Fonte":"CM_Vetor","ID":399177,"Municipio":"ODIVELAS"},"geometry":{"type":"Polygon","coordinates":[[[-9.22340819378664,38.8153650361928],[-9.22206320895591,38.8144491650837],[-9.22204445444278,38.81430921267],[-9.22203367888255,38.8142288041733],[-9.22200932216417,38.8140670688759],[-9.22219410761345,38.8140383213422],[-9.22228817276945,38.8140613931904],[-9.22258585632983,38.8141301631669],[-9.22272205895474,38.8141291402815],[-9.22291507987025,38.8140871521637],[-9.22298768329076,38.8140714675708],[-9.22346142892076,38.8139025085919],[-9.22368755764693,38.8138260837772],[-9.2241291116428,38.8136535419007],[-9.22444819389634,38.8135515664244],[-9.22465902667584,38.8135006833097],[-9.22512346715476,38.8134545850563],[-9.22584685854236,38.8133441911446],[-9.22629643876305,38.8132738612864],[-9.22631718844306,38.8133679833536],[-9.22645792914735,38.8133490432477],[-9.22648909022817,38.8134481738009],[-9.22673080107141,38.8134108477018],[-9.22697553423939,38.8134159286966],[-9.22702426379823,38.8134054853195],[-9.22717217683074,38.8138806175355],[-9.22743783029821,38.8141804147462],[-9.22742409086713,38.8142445002018],[-9.22740841915739,38.8143176129961],[-9.22737785729878,38.814338897352],[-9.22726860112932,38.8144149868535],[-9.22729621862908,38.8145597545521],[-9.22736657466116,38.8149285466017],[-9.22778594779511,38.8163340811813],[-9.22705362654682,38.8161222905902],[-9.22445161006264,38.8156238749013],[-9.22432313362058,38.8155996409642],[-9.22390016280659,38.8155072315865],[-9.22360366682427,38.8154287061034],[-9.22340819378664,38.8153650361928]]]}},{"type":"Feature","id":"CRUS_Odivelas_V.399178","properties":{"Area_Ha":3.79462942749609,"Autor":"DGT","Categoria":"Espaço Verde","Classe":"Solo Urbano","DTCC":"1116","Data_PublicacaoPDM":"2024-09-06T00:00:00","Designacao_PlantaOrdenamento":"Espaço Verde","Escala_PlantaOrdenamento":"1/10000","Fonte":"CM_Vetor","ID":399178,"Municipio":"ODIVELAS"},"geometry":{"type":"Polygon","coordinates":[[[-9.1941775555509,38.7832482831726],[-9.1943512755027,38.7828189639163],[-9.19460040152255,38.7825225992927],[-9.19455722007332,38.782241952227],[-9.1925188255025,38.7808632858985],[-9.19209394102845,38.7807161549],[-9.19238718830809,38.7804689877823],[-9.19254945339748,38.7803322172339],[-9.1937785158246,38.7812723274242],[-9.19401974562987,38.7813086885137],[-9.19514061431439,38.7820435228267],[-9.19532127090989,38.7823439968754],[-9.19530549610826,38.7826497858707],[-9.19530051401548,38.7827463584208],[-9.195320818923,38.7827922190094],[-9.19534224091019,38.7828416052625],[-9.19574423621261,38.7832321548393],[-9.19583909209492,38.783324309802],[-9.19629310490417,38.7837653846937],[-9.19631809445095,38.7837896633906],[-9.19629812928474,38.7838114807436],[-9.19627094790083,38.7838411839155],[-9.19611149274733,38.784015429426],[-9.19604232647782,38.7841051891585],[-9.19568777525739,38.7846796820941],[-9.19562385882798,38.7845445837892],[-9.19552149464026,38.7844225471888],[-9.19531793722773,38.7842571622036],[-9.194615816478,38.783744708415],[-9.19435128191018,38.7834886177903],[-9.1941775555509,38.7832482831726]]]}},{"type":"Feature","id":"CRUS_Odivelas_V.399179","properties":{"Area_Ha":1.6563745841193,"Autor":"DGT","Categoria":"Espaço Verde","Classe":"Solo Urbano","DTCC":"1116","Data_PublicacaoPDM":"2024-09-06T00:00:00","Designacao_PlantaOrdenamento":"Espaço Verde","Escala_PlantaOrdenamento":"1/10000","Fonte":"CM_Vetor","ID":399179,"Municipio":"ODIVELAS"},"geometry":{"type":"Polygon","coordinates":[[[-9.21235620225672,38.7839400412991],[-9.21235735540015,38.7839401651835],[-9.21235743283009,38.783940174401],[-9.21235753218555,38.7839401843181],[-9.21261345907589,38.7839681799025],[-9.21334812654871,38.7840476081081],[-9.21339353266025,38.7840822286922],[-9.21356729513222,38.7841725886123],[-9.21380091925726,38.7842012320418],[-9.21369803327597,38.7849455748134],[-9.21400734987767,38.7852816386629],[-9.21343813613069,38.7856419607281],[-9.21343807557199,38.7856419992105],[-9.21284718550256,38.7851329884947],[-9.21284680660944,38.7851325721399],[-9.2128465464382,38.7851323786131],[-9.21258339108496,38.7848095336888],[-9.21235428236866,38.7844999652801],[-9.21232925703392,38.7843308301736],[-9.21232938030399,38.7843290593188],[-9.21232921341214,38.7843279367313],[-9.21235620225672,38.7839400412991]]]}},{"type":"Feature","id":"CRUS_Odivelas_V.399180","properties":{"Area_Ha":1.53063848825223,"Autor":"DGT","Categoria":"Espaço Verde","Classe":"Solo Urbano","DTCC":"1116","Data_PublicacaoPDM":"2024-09-06T00:00:00","Designacao_PlantaOrdenamento":"Espaço Verde","Escala_PlantaOrdenamento":"1/10000","Fonte":"CM_Vetor","ID":399180,"Municipio":"ODIVELAS"},"geometry":{"type":"Polygon","coordinates":[[[-9.17997869518927,38.7891542969243],[-9.18021703087573,38.7890270414085],[-9.18036882091737,38.7891370911087],[-9.1807458468747,38.7894406137625],[-9.180879924597,38.7900839092124],[-9.18085754212574,38.7900958198472],[-9.18040800545013,38.790247190652],[-9.18031948109008,38.7902669263652],[-9.18018271800922,38.790259330504],[-9.1799407240589,38.7902079043559],[-9.1793538298175,38.790182719976],[-9.17888975987367,38.7901744475184],[-9.17882990404443,38.7901269724085],[-9.17882091575544,38.7900630983284],[-9.17877967729189,38.7900450930199],[-9.17874309482278,38.7899676846499],[-9.17901697996616,38.7897996699807],[-9.17957946764996,38.7894317088782],[-9.17976347839475,38.7893233756634],[-9.17997869518927,38.7891542969243]]]}},{"type":"Feature","id":"CRUS_Odivelas_V.399181","properties":{"Area_Ha":0.360618158675334,"Autor":"DGT","Categoria":"Espaço Verde","Classe":"Solo Urbano","DTCC":"1116","Data_PublicacaoPDM":"2024-09-06T00:00:00","Designacao_PlantaOrdenamento":"Espaço Verde","Escala_PlantaOrdenamento":"1/10000","Fonte":"CM_Vetor","ID":399181,"Municipio":"ODIVELAS"},"geometry":{"type":"Polygon","coordinates":[[[-9.1713932473811,38.7931500957126],[-9.17153177438771,38.7931146630655],[-9.17160891031103,38.7931675042415],[-9.17171085724229,38.7932373443581],[-9.17224567952356,38.7935545233417],[-9.17236715989379,38.7936359216581],[-9.17251214340845,38.7937592580298],[-9.17265474346942,38.7938979803581],[-9.17279441381107,38.7940526813133],[-9.17287090507392,38.7941410607632],[-9.17255777598162,38.7942530501107],[-9.17243401748082,38.7939691272444],[-9.17203469256128,38.7935408513223],[-9.17162994018834,38.7936427374681],[-9.1713932473811,38.7931500957126]]]}},{"type":"Feature","id":"CRUS_Odivelas_V.399182","properties":{"Area_Ha":4.21948533952809,"Autor":"DGT","Categoria":"Espaço Verde","Classe":"Solo Urbano","DTCC":"1116","Data_PublicacaoPDM":"2024-09-06T00:00:00","Designacao_PlantaOrdenamento":"Espaço Verde","Escala_PlantaOrdenamento":"1/10000","Fonte":"CM_Vetor","ID":399182,"Municipio":"ODIVELAS"},"geometry":{"type":"Polygon","coordinates":[[[-9.19106924245093,38.7933316205951],[-9.19061608372804,38.7922097532575],[-9.19007515135034,38.7912157010695],[-9.18994074844437,38.7910310000107],[-9.19019424701488,38.7909208517521],[-9.19023165897059,38.7909045966753],[-9.19043017028564,38.791170219036],[-9.19053790302903,38.791136964864],[-9.19109814378949,38.7915044095313],[-9.19136300275236,38.7915524903456],[-9.19131512439673,38.7918926353055],[-9.19170276620444,38.7920332717885],[-9.1917111452097,38.792476021082],[-9.19196265020987,38.7924984360213],[-9.19196370736976,38.7925697297111],[-9.19263306939376,38.7926197934894],[-9.19315012624736,38.7928113443483],[-9.19417956823351,38.79291374611],[-9.19448976615688,38.792816083766],[-9.19449353840134,38.7927119713075],[-9.19463876748327,38.7926850877262],[-9.19469565426775,38.7929626698288],[-9.19381182654337,38.7931737397524],[-9.19331487164043,38.7931763521391],[-9.19312830287913,38.7931743456299],[-9.19279650305166,38.7932379219939],[-9.19256255374989,38.7933696453459],[-9.19233100170685,38.7935279924468],[-9.1921224840629,38.793730532102],[-9.19196359758151,38.7938928716597],[-9.19193247507264,38.7939557817357],[-9.19194344535385,38.7940272383922],[-9.19196853665722,38.7940969201585],[-9.19207510516245,38.7942139627211],[-9.19221555173458,38.7943246196729],[-9.192457490101,38.7944055235123],[-9.19277172037874,38.7944382381526],[-9.19278652632658,38.7945959985239],[-9.19250127978636,38.7946076134301],[-9.19179063047223,38.7943919825662],[-9.19151513554871,38.7939168802892],[-9.19125509436255,38.7939807259323],[-9.19106924245093,38.7933316205951]]]}},{"type":"Feature","id":"CRUS_Odivelas_V.399183","properties":{"Area_Ha":1.98353078413196,"Autor":"DGT","Categoria":"Espaço Verde","Classe":"Solo Urbano","DTCC":"1116","Data_PublicacaoPDM":"2024-09-06T00:00:00","Designacao_PlantaOrdenamento":"Espaço Verde","Escala_PlantaOrdenamento":"1/10000","Fonte":"CM_Vetor","ID":399183,"Municipio":"ODIVELAS"},"geometry":{"type":"Polygon","coordinates":[[[-9.18035231476206,38.794614277837],[-9.18054664574336,38.794342034807],[-9.1806275486406,38.7942389820096],[-9.18066553318246,38.7941848872384],[-9.18100671561143,38.7936989924036],[-9.18107658028555,38.7936831426324],[-9.18113895475863,38.7936824919818],[-9.18123954036617,38.793673751509],[-9.18166731922753,38.7936154133271],[-9.18173574816797,38.7936037195301],[-9.18202481122801,38.7935675237923],[-9.18205657481421,38.7935594925214],[-9.18211291004541,38.7935551123471],[-9.18216888323447,38.7935671973691],[-9.18217776322871,38.7935742569994],[-9.18220431565749,38.7935953653459],[-9.18222422565334,38.7936264437373],[-9.18223707814539,38.7936944253848],[-9.18232740977883,38.7941005803165],[-9.18241931268912,38.7941901920087],[-9.18285790095803,38.7945225950198],[-9.18253400956726,38.7947908020702],[-9.18196761305234,38.7944064645885],[-9.18186411856401,38.7944921638773],[-9.18182212007972,38.7945302240529],[-9.18178290212349,38.794565766304],[-9.1817569402538,38.7946085149305],[-9.18175097267342,38.7946410861144],[-9.18174431878229,38.7948149942247],[-9.18172946730953,38.7948933155433],[-9.18170979613404,38.7949544452484],[-9.18167785567385,38.7949976140953],[-9.18162836765172,38.7950242527054],[-9.18158106755548,38.7950327302714],[-9.18140644554163,38.7950076186389],[-9.18035231476206,38.794614277837]]]}},{"type":"Feature","id":"CRUS_Odivelas_V.399184","properties":{"Area_Ha":5.72513639488933,"Autor":"DGT","Categoria":"Espaço Verde","Classe":"Solo Urbano","DTCC":"1116","Data_PublicacaoPDM":"2024-09-06T00:00:00","Designacao_PlantaOrdenamento":"Espaço Verde","Escala_PlantaOrdenamento":"1/10000","Fonte":"CM_Vetor","ID":399184,"Municipio":"ODIVELAS"},"geometry":{"type":"Polygon","coordinates":[[[-9.20956180778103,38.7920883590388],[-9.20967148761694,38.7920199269748],[-9.20946142064837,38.791707488988],[-9.2096601198127,38.7914940873962],[-9.20968564183378,38.7914442975631],[-9.20959770058319,38.7911391722212],[-9.20899768610846,38.790658765991],[-9.20862387646836,38.7905088445337],[-9.20856910889884,38.7904393862572],[-9.20842600466933,38.790257889183],[-9.20791572013484,38.7899633968948],[-9.20804070755555,38.7898826668819],[-9.208119895265,38.7898396774075],[-9.2081942276932,38.7898005708467],[-9.20831869352927,38.7897465969098],[-9.20837850602027,38.7897220325666],[-9.20844195951958,38.7896945534821],[-9.20849541531939,38.7896556406629],[-9.20851457251712,38.7896228068039],[-9.20851887694439,38.7895824249325],[-9.2085183669333,38.7895603831439],[-9.20850178840247,38.7895228209548],[-9.20841283985355,38.7893920270108],[-9.20829209138346,38.7892223390899],[-9.20901033467019,38.7893989735663],[-9.20903923667793,38.7892646118744],[-9.20996849657283,38.7892132695138],[-9.21006256549285,38.7893682204194],[-9.21053880221669,38.7893925436361],[-9.21098377686982,38.789322935905],[-9.21132135500168,38.7892120845977],[-9.21174111398958,38.7890694983073],[-9.21211722062577,38.788867100924],[-9.21222900203119,38.7884351333914],[-9.21224604518999,38.7883692663358],[-9.21225243441701,38.7881949808001],[-9.21226203151473,38.7879331334115],[-9.21224342802668,38.7877639670699],[-9.21237756580228,38.7878588435059],[-9.21269547678955,38.7880327489348],[-9.21292882778932,38.7881745345378],[-9.21318300903233,38.788303789693],[-9.21333424976933,38.7883661076126],[-9.21343681876287,38.7884083701457],[-9.21371139644501,38.7884963086749],[-9.21391473761065,38.788547958211],[-9.21384921942416,38.788557069684],[-9.21374667512767,38.7885790533094],[-9.21346974632163,38.7886384210258],[-9.21314463662565,38.7887338642806],[-9.21310136073551,38.7887465692069],[-9.21274713696685,38.788880606491],[-9.21241677766352,38.7892224999632],[-9.21233314049637,38.7895326870449],[-9.21237299689928,38.7897548143339],[-9.21168340653748,38.7896883734661],[-9.21164259394779,38.7896910417902],[-9.21059717797529,38.7897593825601],[-9.21008503163591,38.7897928584254],[-9.2095109470122,38.7898303806811],[-9.20988840119467,38.7901810216967],[-9.21099528787835,38.7903598177808],[-9.2114475358984,38.7906288543741],[-9.21204660229616,38.7911327758204],[-9.21300709913963,38.7914667475087],[-9.21311208802448,38.7915349855435],[-9.21317973102873,38.7915789498285],[-9.21313140016316,38.7916270478986],[-9.21209400086493,38.7913225533908],[-9.21144780779484,38.7909021064307],[-9.21126981191442,38.7907061857844],[-9.21093464258916,38.7905509103392],[-9.21079599801593,38.7905611036554],[-9.21064718158637,38.7903649580504],[-9.20988437766789,38.7903417045277],[-9.20952200017227,38.7900274285806],[-9.20938211808399,38.7901727709284],[-9.2091238274431,38.790347232776],[-9.20899071215008,38.7904108102567],[-9.20953761169616,38.7907112583117],[-9.20994604237708,38.791256925937],[-9.21004457276637,38.791705186406],[-9.21044545827465,38.7922539735397],[-9.21045065388559,38.7923020537002],[-9.21070113856393,38.7934203792455],[-9.21068748354511,38.7937926332881],[-9.21048121283743,38.7938391394261],[-9.21047873326132,38.7933207764593],[-9.20993477888825,38.7927419761375],[-9.20986323025679,38.7924318594714],[-9.20958377705631,38.7921570219544],[-9.20956180778103,38.7920883590388]]]}},{"type":"Feature","id":"CRUS_Odivelas_V.399185","properties":{"Area_Ha":6.76181820312512,"Autor":"DGT","Categoria":"Espaço Central","Classe":"Solo Urbano","DTCC":"1116","Data_PublicacaoPDM":"2024-09-06T00:00:00","Designacao_PlantaOrdenamento":"Espaços Centrais - Nivel 2","Escala_PlantaOrdenamento":"1/10000","Fonte":"CM_Vetor","ID":399185,"Municipio":"ODIVELAS"},"geometry":{"type":"Polygon","coordinates":[[[-9.22417408912311,38.7878811615907],[-9.22415916027908,38.7878780143804],[-9.22390179907552,38.7878259154654],[-9.22377652505068,38.7876589919618],[-9.22346006731706,38.7875298724668],[-9.223272796048,38.7871667673546],[-9.22255019549738,38.7880474153994],[-9.22248908398205,38.7881603230975],[-9.2223720516115,38.7881103434959],[-9.22219902824976,38.7878298018112],[-9.22199734620595,38.7875089806327],[-9.2218503054075,38.7872912955554],[-9.22200715157829,38.7871595831389],[-9.22219389005634,38.7870039102529],[-9.22230598587893,38.7869140583143],[-9.22249708997489,38.7867524247392],[-9.22154128192063,38.7865801187524],[-9.22165795532984,38.7859011368878],[-9.22022490167417,38.7851226830975],[-9.22014026901915,38.784601179126],[-9.21981534090115,38.7844181006413],[-9.21929791173958,38.7844325258416],[-9.21918863095168,38.7839330510895],[-9.21918711773707,38.7839283327305],[-9.21926835378274,38.7839308642683],[-9.21940186314892,38.7839393452293],[-9.21954218880481,38.7839494813381],[-9.21967675560555,38.7839669679942],[-9.21979897453071,38.7839898793883],[-9.21988952356274,38.7840108314731],[-9.21995308010463,38.7840282585104],[-9.22004668572861,38.7840535967333],[-9.22023054325505,38.7841263785065],[-9.2204055999794,38.7842027557967],[-9.22054541093945,38.7842784393564],[-9.22064231995252,38.7843308911597],[-9.22080288437775,38.7844306363729],[-9.22098779746148,38.7845651127857],[-9.22115296671538,38.7846799512306],[-9.22138093487702,38.7848151925947],[-9.22158136887065,38.7849028589405],[-9.22187867345689,38.7850036735251],[-9.22208246618031,38.7851158096359],[-9.2223586769191,38.7852971676254],[-9.22259138631323,38.7854486663859],[-9.22284660637583,38.7856044595061],[-9.22297984019072,38.7856624895469],[-9.22317890637681,38.7857584493826],[-9.22338988569642,38.7858506991294],[-9.22352749578574,38.7859088633554],[-9.22365743024987,38.7859542189033],[-9.22391659269667,38.7860891641036],[-9.22409550192415,38.7862142334405],[-9.2243292082257,38.7863552695087],[-9.22446129212585,38.7864354603815],[-9.22451109108907,38.7864635497478],[-9.22448673607809,38.7865266547702],[-9.2244252084606,38.7866727916023],[-9.22436044372533,38.7869084981395],[-9.22433712037292,38.7870321200119],[-9.22429851319145,38.7872245270868],[-9.22427496330338,38.7873329243964],[-9.2242436020141,38.7875252637798],[-9.22421180501161,38.7876814808333],[-9.22417629019773,38.7878816059857],[-9.22417408912311,38.7878811615907]]]}},{"type":"Feature","id":"CRUS_Odivelas_V.399186","properties":{"Area_Ha":20.2085882216828,"Autor":"DGT","Categoria":"Espaço Habitacional","Classe":"Solo Urbano","DTCC":"1116","Data_PublicacaoPDM":"2024-09-06T00:00:00","Designacao_PlantaOrdenamento":"Espaço Habitacional a Reconverter","Escala_PlantaOrdenamento":"1/10000","Fonte":"CM_Vetor","ID":399186,"Municipio":"ODIVELAS"},"geometry":{"type":"Polygon","coordinates":[[[-9.18039689446867,38.7805637443004],[-9.18039595628655,38.7804997655889],[-9.18040653326741,38.7803982152635],[-9.18045550966709,38.7803001139371],[-9.18059466517979,38.7802166856982],[-9.18284506507205,38.7798478800541],[-9.18345856466341,38.779700637935],[-9.18381310080575,38.7796155433165],[-9.18399632109591,38.7795715696408],[-9.18456478103566,38.7788692667242],[-9.18456207493732,38.7784835146481],[-9.18494199764477,38.7782072787234],[-9.18511710731812,38.7780799574701],[-9.185318296535,38.7777490087997],[-9.18523697107539,38.7775750425584],[-9.1862172652546,38.7771410478211],[-9.18661519761076,38.7770184021644],[-9.18712228805404,38.776862109364],[-9.18735472573158,38.7767904689353],[-9.18754678213217,38.7771170427073],[-9.18788047877796,38.7777444036886],[-9.18809165670046,38.7781414139092],[-9.18840115093045,38.7787013008714],[-9.1885193221499,38.7789150730901],[-9.18856075948554,38.7791280728377],[-9.18858573418247,38.7793509321419],[-9.18857835943886,38.779503649698],[-9.18848183048781,38.7795276290144],[-9.18840745720669,38.7795444213914],[-9.1883970349293,38.7795469849939],[-9.1883214962941,38.7795671250254],[-9.1883192087765,38.7795677443153],[-9.18830517705376,38.7795720235437],[-9.18829153298692,38.7795770125732],[-9.18827990705076,38.7795819662229],[-9.18820891891437,38.779614314078],[-9.18820734695924,38.7796150379645],[-9.18819465135747,38.7796213773111],[-9.18818251076766,38.7796283545237],[-9.18817098122279,38.7796359365903],[-9.18816168987758,38.77964284022],[-9.18811470770496,38.7796797459026],[-9.18811312740916,38.7796809998758],[-9.18810296041076,38.7796896955742],[-9.18809354022037,38.7796988937725],[-9.18808761219373,38.7797053841953],[-9.18805182381241,38.7797464487601],[-9.187995618239,38.7797676347894],[-9.18754511772439,38.7800600169288],[-9.18721530948233,38.7802836169036],[-9.18695481655056,38.7804926046501],[-9.18694142075183,38.7804991966727],[-9.18694012098386,38.7804998413403],[-9.18678692664544,38.7805763482871],[-9.18678065766671,38.7805795930192],[-9.18677178909296,38.780584593889],[-9.18670562085623,38.7806193587294],[-9.18668872160474,38.7806274314935],[-9.18668113287801,38.7806312181321],[-9.18666234622961,38.7806410008806],[-9.18664356516904,38.7806506932855],[-9.18664350906794,38.7806507217812],[-9.18662397936434,38.7806608064794],[-9.18662111420311,38.7806623103869],[-9.18660218907864,38.7806724040756],[-9.18658335852217,38.7806824183553],[-9.18658309184297,38.7806825607133],[-9.18656653479741,38.7806913924375],[-9.18655112129935,38.780699153827],[-9.18653334393837,38.7807078376347],[-9.18651456431026,38.7807169241482],[-9.18649593372442,38.7807258702655],[-9.18643729425827,38.7807538087419],[-9.18643510883041,38.780754863185],[-9.18641692829526,38.7807637438347],[-9.18639910003898,38.780772185196],[-9.18639855591584,38.7807724438201],[-9.18637957262158,38.7807814888066],[-9.18636092753079,38.7807902354895],[-9.18634738869754,38.7807965217401],[-9.18633165787596,38.780803103137],[-9.1863311866779,38.7808033006094],[-9.18629092831643,38.7808202374198],[-9.1862900777011,38.7808205981266],[-9.18627083361132,38.780828775938],[-9.18625421085895,38.7808356551992],[-9.18623615653648,38.7808426891176],[-9.1862347790928,38.7808432297402],[-9.18621522523827,38.7808509742219],[-9.18619590055314,38.7808584574992],[-9.18617552685124,38.7808663023652],[-9.18617459663678,38.7808666628865],[-9.18615590342115,38.780873944533],[-9.18613596511967,38.7808813547745],[-9.1861353903432,38.7808815685286],[-9.18611478053885,38.7808892827825],[-9.1860930898067,38.7808973850953],[-9.18608804743119,38.7808993275639],[-9.18608554183073,38.7809003388364],[-9.18606529461417,38.7809086285843],[-9.18606168319162,38.7809101392047],[-9.18604164989813,38.7809186997018],[-9.18602173406765,38.7809271688448],[-9.18601423202766,38.7809305013936],[-9.1860064241142,38.7809342917696],[-9.18598563561913,38.7809448391607],[-9.18598074748856,38.7809473869948],[-9.18597989601012,38.780947846126],[-9.18594199031545,38.7809683651661],[-9.18593070305882,38.7809748829977],[-9.18592693809013,38.7809772482522],[-9.18590801305082,38.7809893995785],[-9.18590427703561,38.7809918512535],[-9.18588684128849,38.7810035376993],[-9.18588673163907,38.7810036118243],[-9.18586918418182,38.7810153895662],[-9.18586526366883,38.7810180812727],[-9.18586290061361,38.7810197657369],[-9.18584434124034,38.7810331733297],[-9.18583582988507,38.7810396471806],[-9.18583023316496,38.7810442925508],[-9.18581532416521,38.7810571128629],[-9.18580030773542,38.7810698447506],[-9.18579811373906,38.7810717299424],[-9.18578277460635,38.7810851094196],[-9.18577929619698,38.7810882142873],[-9.18577362732312,38.7810936016],[-9.18575808894616,38.781108964774],[-9.18575530520141,38.7811117717411],[-9.18574157828659,38.7811259077788],[-9.18572784777446,38.7811399562674],[-9.18572645017137,38.7811414017882],[-9.18572590032108,38.7811419773846],[-9.18571218833114,38.7811564229859],[-9.18570725109205,38.7811618307928],[-9.1856924237715,38.7811787189007],[-9.18568932328869,38.7811823440558],[-9.18567703573485,38.7811970919398],[-9.18566462721604,38.7812118508469],[-9.18566410463636,38.781212476761],[-9.18565155180905,38.7812275421516],[-9.18565150873756,38.7812275940072],[-9.18564826286401,38.7812316087235],[-9.18563572327875,38.7812475751054],[-9.18563116600933,38.7812536422284],[-9.18562754822063,38.7812588801364],[-9.1856171972607,38.781274479179],[-9.18560673550749,38.7812900747042],[-9.1856062671355,38.7812907786852],[-9.18559568367822,38.781306727444],[-9.1855947055242,38.7813082215549],[-9.1855827772085,38.7813266148855],[-9.1855804280231,38.7813303425224],[-9.18557751318003,38.7813352969024],[-9.18556820408315,38.7813517750282],[-9.18556577570933,38.7813562365487],[-9.18555704479162,38.7813728891465],[-9.18555633138145,38.7813742662006],[-9.18555610268368,38.7813747170114],[-9.18552086248569,38.7814464786883],[-9.18546059356492,38.781543812471],[-9.1853625595184,38.7816781826918],[-9.18532064622305,38.7817269050469],[-9.1852184836699,38.7817828975092],[-9.18511497163518,38.781807040766],[-9.18502250306099,38.781817720429],[-9.18491226409762,38.781826129319],[-9.18472526012264,38.7818344064164],[-9.18468417318242,38.7818440825454],[-9.1846492712585,38.7818443126552],[-9.18405149557676,38.7818482628936],[-9.18350104124539,38.7818863664725],[-9.18284892340392,38.7820291603871],[-9.18192803004432,38.782202980476],[-9.18118754622302,38.782336349849],[-9.18111202102925,38.7823491597381],[-9.18105515603262,38.7821368383719],[-9.18103146124397,38.7818112319376],[-9.18102516512672,38.7813817990863],[-9.18101190736814,38.781122743408],[-9.1809318921264,38.7808272612772],[-9.18075032316112,38.7807030070818],[-9.18039689446867,38.7805637443004]]]}},{"type":"Feature","id":"CRUS_Odivelas_V.399187","properties":{"Area_Ha":5.00222967741142,"Autor":"DGT","Categoria":"Espaço Central","Classe":"Solo Urbano","DTCC":"1116","Data_PublicacaoPDM":"2024-09-06T00:00:00","Designacao_PlantaOrdenamento":"Espaços Centrais - Nivel1","Escala_PlantaOrdenamento":"1/10000","Fonte":"CM_Vetor","ID":399187,"Municipio":"ODIVELAS"},"geometry":{"type":"Polygon","coordinates":[[[-9.18106735566693,38.7859273298871],[-9.18062284489247,38.7857132140508],[-9.18010723784269,38.7856239777475],[-9.17941007433115,38.7856283371044],[-9.17953462685147,38.785479612772],[-9.1796734448036,38.7853304445168],[-9.17984992780332,38.7851701804363],[-9.180139215586,38.784963183412],[-9.18031312715866,38.784862111679],[-9.18042857716615,38.7847954068567],[-9.18063995009306,38.7847310880246],[-9.18080378441718,38.7846782223953],[-9.18147587904954,38.7844613495479],[-9.18337454942502,38.7843436973642],[-9.18342252625158,38.7843702010735],[-9.18503481778809,38.785327331905],[-9.18385340994168,38.7859427869776],[-9.18370905518943,38.7860179860492],[-9.18294659997964,38.7854712456816],[-9.18238097533985,38.7853053081573],[-9.18176691296314,38.7854300707444],[-9.18122246133226,38.7858594614191],[-9.18116242815776,38.7859068053308],[-9.18106735566693,38.7859273298871]]]}},{"type":"Feature","id":"CRUS_Odivelas_V.399188","properties":{"Area_Ha":132.58906074663,"Autor":"DGT","Categoria":"Espaço Central","Classe":"Solo Urbano","DTCC":"1116","Data_PublicacaoPDM":"2024-09-06T00:00:00","Designacao_PlantaOrdenamento":"Espaços Centrais - Nivel1","Escala_PlantaOrdenamento":"1/10000","Fonte":"CM_Vetor","ID":399188,"Municipio":"ODIVELAS"},"geometry":{"type":"Polygon","coordinates":[[[-9.18268296276635,38.8011904672586],[-9.18267963725293,38.8012592026584],[-9.18233258309139,38.8012477540023],[-9.1822959890573,38.8012172787673],[-9.18184183539289,38.8012072165324],[-9.18106831409909,38.8011550731164],[-9.18072277766261,38.8010826908772],[-9.18030045553876,38.8004406503708],[-9.1800293201473,38.8007229424653],[-9.17931347331438,38.8007132132414],[-9.17930128343943,38.8008209616567],[-9.17844046447696,38.8007802377722],[-9.17842386678588,38.800586635041],[-9.17765651421278,38.8005774341059],[-9.177635402975,38.8005718793976],[-9.1776162534168,38.8005453893031],[-9.17761564716713,38.8005358725735],[-9.17761550447573,38.8005336860857],[-9.17761340301525,38.8005314530007],[-9.17761332996281,38.8005314283721],[-9.17759516933427,38.8005126087297],[-9.1775466561612,38.8004775542166],[-9.17751986988927,38.8004722073241],[-9.17748076856125,38.80045895623],[-9.17744826236179,38.800440151027],[-9.17743727336312,38.8004286296278],[-9.17737370384658,38.8003636226652],[-9.17737344373315,38.8003381338754],[-9.17714760422678,38.800330786222],[-9.1771051336967,38.8001580379619],[-9.17708699827359,38.7999015714958],[-9.17729679450292,38.7998981644631],[-9.17725687279566,38.7991042253136],[-9.17704657288648,38.7991072728896],[-9.17695725495938,38.7989317061493],[-9.17687659941461,38.7988002849653],[-9.17677336471344,38.7986183775189],[-9.17639713161372,38.7990305256041],[-9.1761905536368,38.798987003018],[-9.1760254986411,38.7988862455918],[-9.17589094941176,38.7987901916351],[-9.17573113076559,38.7986429952247],[-9.17563824504559,38.7985173580335],[-9.17555506669013,38.7984022506441],[-9.17547221970801,38.7983631720875],[-9.17470544177938,38.7971300616424],[-9.17501310794061,38.7968887083915],[-9.17493203740535,38.7967593607812],[-9.17480390445211,38.7966689538299],[-9.17493823036581,38.7965151705199],[-9.17475124646469,38.7964024011193],[-9.17438925682646,38.7963293376097],[-9.17426847725366,38.7963043494429],[-9.17422846660727,38.7964064276327],[-9.17415253853352,38.7964704482769],[-9.17411462343237,38.7963641444376],[-9.1740657244213,38.7962233404877],[-9.17389589279642,38.7956982661865],[-9.17358451842812,38.794685426998],[-9.17350856633061,38.7944729815615],[-9.1734521558804,38.7943299029195],[-9.17334052763488,38.7941100288819],[-9.1732467503608,38.7939618779309],[-9.1731048754342,38.7937673143992],[-9.17300685958446,38.7936600055951],[-9.17289932125692,38.7935548545415],[-9.17277895978076,38.7934463918196],[-9.17264288270779,38.79333365714],[-9.17228166645396,38.7930545732461],[-9.17213796539577,38.7929596029427],[-9.17178286492372,38.7927249173078],[-9.17146028107462,38.7924900752467],[-9.1713529882545,38.7926390267324],[-9.17124569265597,38.7927879763367],[-9.17112506212525,38.7927322094195],[-9.17093006558552,38.7926568423688],[-9.17078955980694,38.7926062935247],[-9.17036661569837,38.7926538304461],[-9.17024229598451,38.7926006578406],[-9.1699331940385,38.7925053117706],[-9.16970988445751,38.7924499208427],[-9.1695602944064,38.7924179356289],[-9.16928869823091,38.7923829140354],[-9.16902982289955,38.7923675547246],[-9.16936965151839,38.7921872309682],[-9.16951066374626,38.7921138624658],[-9.16952662056059,38.792105559458],[-9.16983084398782,38.7918730554642],[-9.16990808251287,38.7918140227015],[-9.16996943029141,38.791767136091],[-9.1700658889005,38.7916934164643],[-9.17024065903898,38.7915598434326],[-9.17033618827193,38.7914868343023],[-9.1704584581719,38.7913933867211],[-9.17053314770959,38.7913363039055],[-9.17086647368042,38.7911736575844],[-9.17111433160732,38.7911058788891],[-9.17116126975376,38.7911123078213],[-9.17126115372853,38.7911189850496],[-9.17144820146504,38.791088316787],[-9.17162506534243,38.7910380117984],[-9.17181295604231,38.791045736537],[-9.17195025651255,38.7910286290839],[-9.17201059298545,38.7910111620266],[-9.17227330278091,38.7909044260873],[-9.17326742353066,38.7905903015745],[-9.17368596948964,38.790278057997],[-9.17401379129145,38.7899625164951],[-9.17394716546201,38.7899243143472],[-9.17425881347544,38.7895285168414],[-9.17438313015961,38.7893706364044],[-9.17440625368458,38.7893221377954],[-9.17458944719055,38.7889379001166],[-9.17503328358295,38.7884391932105],[-9.17600760132036,38.7877886965421],[-9.17698431434281,38.7867793472643],[-9.17772418029969,38.7862922900687],[-9.17767326750499,38.7860806669828],[-9.17764893005959,38.7859795076421],[-9.17915478491083,38.7859347434972],[-9.17956412895672,38.786026134767],[-9.18060295544831,38.7859737594847],[-9.18159072415211,38.7866224537662],[-9.18210220642299,38.7869691566869],[-9.18264067679989,38.7875858472189],[-9.18279356946622,38.7877218770683],[-9.18286049227913,38.7877630032732],[-9.18292043728418,38.7878601684834],[-9.18304049349075,38.7879865979417],[-9.18366750875301,38.7883996764839],[-9.18340980849003,38.7885437159143],[-9.18404412177639,38.7892075742408],[-9.18408471402877,38.7895819675011],[-9.18416930271423,38.7899997455989],[-9.18363163648537,38.7902086282767],[-9.18298774997569,38.7904587727634],[-9.18350240640191,38.7916916325572],[-9.18354205004306,38.7917655880054],[-9.18399935188844,38.7916729269289],[-9.18415488078494,38.7921681203464],[-9.18309436278109,38.7924108713196],[-9.18320446764784,38.7926270567266],[-9.18307258563228,38.7927224630395],[-9.18334370558772,38.7928911697117],[-9.18355199183242,38.7926689686079],[-9.18427004516237,38.7931583772829],[-9.18420706097832,38.7932192054319],[-9.18499348548501,38.7938124284803],[-9.18540194578143,38.7940645394782],[-9.18544216104161,38.7942223302654],[-9.18550372378571,38.7945430242855],[-9.1856285786805,38.7948730323499],[-9.1857363799289,38.7950855574962],[-9.18554291913585,38.7954954534349],[-9.18536238186668,38.7956661983207],[-9.1851801302256,38.7957271484451],[-9.18509427756424,38.795764329736],[-9.1850169660489,38.7957978106648],[-9.18495622307929,38.7959614539142],[-9.18495913335321,38.7961591202315],[-9.18506968694403,38.7964562830674],[-9.18514343855943,38.7965439675262],[-9.18560950593609,38.796927096549],[-9.18573477693391,38.7968358886521],[-9.18583809378576,38.7968169428351],[-9.1859899691461,38.7969687025079],[-9.18630403403831,38.7971910608966],[-9.18642057262119,38.7972127936231],[-9.18678593330521,38.7974361663215],[-9.18702541856148,38.7976817212149],[-9.18684709224089,38.7978012133642],[-9.18658324401461,38.7979666447273],[-9.18671187704979,38.7980994856125],[-9.18687633793975,38.7982760591772],[-9.18696973243365,38.798405549033],[-9.18704692916692,38.7985498690367],[-9.18706941899012,38.7986432840366],[-9.18708091182862,38.798786361059],[-9.1870814654234,38.7988248031],[-9.18707262943154,38.7989869398456],[-9.18706448744094,38.7991040780604],[-9.18705649819806,38.7991840418744],[-9.18701540904485,38.7995952705355],[-9.18703921787839,38.7996959601506],[-9.18705781190466,38.7997745943417],[-9.18695061937655,38.799990822528],[-9.18682457498216,38.8000458417129],[-9.18662752394051,38.8000723414079],[-9.18647882268243,38.8000643821277],[-9.18642992574365,38.8000617647854],[-9.18627189901223,38.8000570097871],[-9.18626141656956,38.800057104275],[-9.18610607085885,38.8000585062439],[-9.1858532856921,38.800054605559],[-9.18573158502255,38.8000659736265],[-9.18541292928103,38.8000957364944],[-9.18534063978544,38.8001024885542],[-9.185088036195,38.8001109454871],[-9.18488181431426,38.8000510038637],[-9.18471470875874,38.7999659879908],[-9.18452751239646,38.7998659412606],[-9.18447589954044,38.7998383566506],[-9.18418436605014,38.7997059829947],[-9.18399356113341,38.7999032933647],[-9.18409867748715,38.799965355993],[-9.18440193502804,38.8001789282674],[-9.18462513512469,38.8003190611364],[-9.18492802886333,38.8005079134734],[-9.18519924961961,38.8006908733814],[-9.18561452416175,38.801002315541],[-9.18590406225794,38.8008204818839],[-9.18574448826225,38.8007106778284],[-9.18614175747231,38.8003362905998],[-9.18630813320079,38.8003718691661],[-9.18652924028902,38.8003698740292],[-9.18667220155984,38.8004242036421],[-9.1869269017572,38.800557868476],[-9.18664598045772,38.8012114515049],[-9.18653573767301,38.8011549262447],[-9.18627703208242,38.8013898882441],[-9.18611890348638,38.8013211055645],[-9.18601761265444,38.8014097817621],[-9.1855860956071,38.8012832824984],[-9.18530942864699,38.8012205812608],[-9.18509172302667,38.8012426035386],[-9.18478778341608,38.8010698185236],[-9.18489548879572,38.8009810865392],[-9.18404124089386,38.8004521746754],[-9.1840294627701,38.8005695566643],[-9.18399706776738,38.8010612596307],[-9.18324977146117,38.8010419694636],[-9.1832559044983,38.8008626820581],[-9.18269919299597,38.8008551033436],[-9.18268296276635,38.8011904672586]],[[-9.18095049253078,38.7997619255157],[-9.18096425518486,38.7998456468194],[-9.18096990704274,38.7998800188819],[-9.18100791566914,38.7998915143129],[-9.18127635055058,38.7998936652637],[-9.18133278050289,38.7999348628659],[-9.18139850300086,38.7999343625949],[-9.18086933890105,38.7994949469689],[-9.18073041054545,38.7993857589507],[-9.18068842677338,38.799340737697],[-9.18062635158794,38.7992366255661],[-9.1806131270534,38.7991826089216],[-9.1806151816794,38.7991422346859],[-9.18075695100595,38.7985817680325],[-9.18075280839782,38.7985504577493],[-9.18072825257714,38.7985047384803],[-9.18070675638266,38.7984791701331],[-9.18068132422918,38.7984639050299],[-9.18050489682089,38.798317041975],[-9.18008314873381,38.7983020440216],[-9.18008186456314,38.7980415995299],[-9.18028328608377,38.7980365051284],[-9.18028496317255,38.7979939744997],[-9.18040735614305,38.7979136538406],[-9.1806759190812,38.7977273313123],[-9.18060363126015,38.7976715679422],[-9.18048388115391,38.7975511297624],[-9.18047856924937,38.7975457842632],[-9.18046950628948,38.7975441409358],[-9.18044630749817,38.7975399363392],[-9.18043034456225,38.7975423764482],[-9.18008733971778,38.7976219726867],[-9.17977273983001,38.797361860418],[-9.17980338514743,38.7972929480237],[-9.17985822128852,38.7972530029516],[-9.17981302472213,38.7972438595159],[-9.17976491791989,38.797228617655],[-9.17935521380813,38.7970688908938],[-9.17932526395387,38.797130232317],[-9.17933919600923,38.7973347606999],[-9.17933744693391,38.7975377202722],[-9.1792887702045,38.79755444835],[-9.17925137145986,38.7975668849941],[-9.17920657212638,38.7975772651324],[-9.17906893308799,38.7975791285141],[-9.17907473157226,38.7978572343097],[-9.17908114334109,38.7978863618612],[-9.17909155045081,38.7979053653662],[-9.17911616659267,38.7979277522006],[-9.1791410250371,38.7979431139789],[-9.17916045764814,38.797949515035],[-9.17917052701244,38.797952833392],[-9.17918170664745,38.7979542781892],[-9.17920384864073,38.7979571435398],[-9.17923549533969,38.7979565884168],[-9.17926266961012,38.797949229225],[-9.17942377712631,38.7979042344394],[-9.17949129909311,38.7979158200166],[-9.17957635351191,38.7979503812298],[-9.1798505867739,38.798079254752],[-9.17985694106786,38.7981907124447],[-9.17996269050921,38.7982427589331],[-9.18003852659676,38.798280083156],[-9.17990904399635,38.7984411921347],[-9.18020575573288,38.7985781548814],[-9.18010094954364,38.798715669135],[-9.18028150544158,38.7987984339186],[-9.18040146346928,38.7988551525493],[-9.18012162113104,38.7992175880895],[-9.18052915042711,38.7994060758501],[-9.18033345740628,38.7996805385255],[-9.18039363102756,38.7997491787535],[-9.18094987777344,38.7997356281963],[-9.18095049253078,38.7997619255157]],[[-9.17686554268898,38.7961482319611],[-9.17688869710201,38.7960906709689],[-9.17714733852706,38.7956497739459],[-9.1771851502642,38.7956063786992],[-9.17747544809358,38.7953784109285],[-9.17741511789229,38.795172494714],[-9.17739124879999,38.7950908279743],[-9.1771050850979,38.7949085510142],[-9.17683943122345,38.7950348713246],[-9.17660275818807,38.7951437280419],[-9.176539473111,38.7951768126547],[-9.17650591336044,38.7952038648621],[-9.17648096282942,38.795237235539],[-9.17646810526247,38.795263112366],[-9.17646235181438,38.7952948705575],[-9.17646767910195,38.7953286028972],[-9.1764923125816,38.7954470126057],[-9.17649911566605,38.7955186533509],[-9.1764957986427,38.7956226312252],[-9.17648569445949,38.7956242528021],[-9.17648843108619,38.7956777342886],[-9.17649820478234,38.7957636705649],[-9.17641780834734,38.7958704098226],[-9.17641441854927,38.7958747623523],[-9.17639333686332,38.7958988291215],[-9.17633087607186,38.7958658389659],[-9.1760649744475,38.7961638167778],[-9.17688228672464,38.7968182792067],[-9.17667848252954,38.7970065311167],[-9.17732313333931,38.797282103074],[-9.17837316859678,38.7979031706082],[-9.17854795174701,38.7977234714443],[-9.17783020387421,38.7971734829368],[-9.17754943989728,38.7972297824711],[-9.17740544673374,38.7969026437334],[-9.17722826663751,38.7965001044823],[-9.17713634197687,38.7962912579201],[-9.17686554268898,38.7961482319611]],[[-9.18273696195306,38.7974331693455],[-9.18269937989473,38.7974747512485],[-9.18267316964002,38.7974927326046],[-9.18264548246127,38.7975199143881],[-9.18229697910197,38.7978440796904],[-9.18220873925418,38.7979413449657],[-9.18211307860188,38.798058493994],[-9.18206022541172,38.7981434597494],[-9.18198323881748,38.7982861136181],[-9.18196686789613,38.7983234616096],[-9.18194916376094,38.7983485726112],[-9.18192671073333,38.7983716531474],[-9.18192870716442,38.7984126844807],[-9.18186116484934,38.7984156699484],[-9.18179716470214,38.7984205413779],[-9.1816625505128,38.7984160214382],[-9.18163593501576,38.7985981869657],[-9.18164555936093,38.7986303319759],[-9.18167516013648,38.798651553011],[-9.18194361080301,38.798822593579],[-9.18219816079827,38.7990696059473],[-9.18272237351431,38.7991519858639],[-9.18275425360447,38.7990247937865],[-9.18279792849775,38.7989238247494],[-9.18285126328347,38.7987711221338],[-9.18288391862382,38.7986294782076],[-9.18289988674436,38.7985341936172],[-9.1829214030328,38.7983437225656],[-9.18292204130032,38.7982652561741],[-9.18294140428612,38.7982671191705],[-9.18325903458069,38.7982976807287],[-9.18358488707836,38.7983539294878],[-9.18369533656903,38.7984013344818],[-9.18371802716831,38.7983323950991],[-9.18373255231281,38.7982475926792],[-9.18372914253126,38.7981801556814],[-9.18371566724134,38.7981092065581],[-9.18369405616913,38.7980486897406],[-9.18366577451346,38.7979961586881],[-9.18361397234383,38.7979254656767],[-9.18350118254966,38.7978246931388],[-9.18344507303432,38.7977898881346],[-9.18334251958889,38.7977356833905],[-9.18330521211428,38.7977171920356],[-9.18342080113431,38.7975999604109],[-9.18345821760449,38.7975856360843],[-9.1834955931722,38.7975683695095],[-9.18356739891668,38.7975257636538],[-9.18361692516836,38.7975032339561],[-9.18370116594429,38.797474501475],[-9.18377270543447,38.7974533800583],[-9.18376684024476,38.7972811916972],[-9.18376959724194,38.7972420209951],[-9.18380531721375,38.7971764559959],[-9.18383827902467,38.7971500626042],[-9.18388128006247,38.7971261874396],[-9.18396111450764,38.7971124205001],[-9.18437750002599,38.7970799638816],[-9.18462091546517,38.7970777707798],[-9.18478123821349,38.7970945956159],[-9.18494156101624,38.7971114193269],[-9.18499391394364,38.7970430948055],[-9.18464501052398,38.7966756571121],[-9.18457942876682,38.7965248834194],[-9.18458091993896,38.7963996030763],[-9.18442753632681,38.7964009842127],[-9.18424713341446,38.7963791215813],[-9.18417515721805,38.7964737201841],[-9.18412897480189,38.7965080617812],[-9.18406251657552,38.7965243188478],[-9.18398559410576,38.7965093523581],[-9.18390871116146,38.7964969966964],[-9.1838419835228,38.7964949882674],[-9.18376207195056,38.7965035360607],[-9.18367886467264,38.7965147237631],[-9.18362632045115,38.7965700004863],[-9.18327727915109,38.7966462148124],[-9.18304961620031,38.7965856291852],[-9.18223405964642,38.7969139569914],[-9.18283685549008,38.7973226452942],[-9.18273696195306,38.7974331693455]],[[-9.18147111371159,38.7971437865311],[-9.18142794275781,38.7971586404001],[-9.18121941680346,38.7972574951722],[-9.18103953321768,38.7973390059023],[-9.18094093750769,38.7973775381451],[-9.18089810819493,38.7973913928384],[-9.18086383348487,38.7974018029262],[-9.18063694133823,38.7974717610115],[-9.18061392354484,38.7974784999727],[-9.18059297829019,38.7974952698022],[-9.18058558313332,38.7975164417609],[-9.18058973789558,38.7975370063431],[-9.18059498410545,38.7975557544076],[-9.18061268954788,38.797589270825],[-9.1809480484521,38.7978623988705],[-9.18098711961721,38.7978856199853],[-9.18101720897236,38.7978973787675],[-9.18106181171074,38.7979122605741],[-9.18110401210139,38.7979248488372],[-9.18114788061241,38.7979300118897],[-9.18156219246966,38.79797491591],[-9.18159513992089,38.7979710826276],[-9.18163293212911,38.7979562200824],[-9.18165339040428,38.7979389018537],[-9.18166145654125,38.7979240108117],[-9.18170958519685,38.7978521925535],[-9.18179405733201,38.7977436732153],[-9.1818405482109,38.7976860056508],[-9.18188713660174,38.7976350747497],[-9.1819592440855,38.7975637093013],[-9.1819974751558,38.7975296900493],[-9.18200563601138,38.7974993086137],[-9.18200059136926,38.7974488420828],[-9.18197423087181,38.7974120357],[-9.18194642410791,38.7973865242266],[-9.18188330145554,38.7973399712788],[-9.18181777734611,38.7972943301283],[-9.18175242059598,38.7972523875873],[-9.18169154024934,38.797209157004],[-9.18163070930893,38.7971692929199],[-9.18158298279088,38.7971427818099],[-9.1815441608121,38.7971363944252],[-9.18150528217078,38.7971343288907],[-9.18147111371159,38.7971437865311]],[[-9.18100671561143,38.7936989924036],[-9.18102369075408,38.7935221999077],[-9.18133425311004,38.7931940527595],[-9.18136054035908,38.7927814459248],[-9.18101372800436,38.7927643838487],[-9.18079606138274,38.7927634536674],[-9.18043757812148,38.7928063046265],[-9.18000328425279,38.7929382888868],[-9.17978891283122,38.7931309035977],[-9.17874950496157,38.7939450544837],[-9.17871359275764,38.7939923058507],[-9.1787210940249,38.7940015170933],[-9.18035231476206,38.794614277837],[-9.18140644554163,38.7950076186389],[-9.18158106755548,38.7950327302714],[-9.18162836765172,38.7950242527054],[-9.18167785567385,38.7949976140953],[-9.18170979613404,38.7949544452484],[-9.18172946730953,38.7948933155433],[-9.18174431878229,38.7948149942247],[-9.18175097267342,38.7946410861144],[-9.1817569402538,38.7946085149305],[-9.18178290212349,38.794565766304],[-9.18182212007972,38.7945302240529],[-9.18186411856401,38.7944921638773],[-9.18196761305234,38.7944064645885],[-9.18253400956726,38.7947908020702],[-9.18285790095803,38.7945225950198],[-9.18241931268912,38.7941901920087],[-9.18232740977883,38.7941005803165],[-9.18223707814539,38.7936944253848],[-9.18222422565334,38.7936264437373],[-9.18220431565749,38.7935953653459],[-9.18217776322871,38.7935742569994],[-9.18216888323447,38.7935671973691],[-9.18211291004541,38.7935551123471],[-9.18205657481421,38.7935594925214],[-9.18202481122801,38.7935675237923],[-9.18173574816797,38.7936037195301],[-9.18166731922753,38.7936154133271],[-9.18123954036617,38.793673751509],[-9.18113895475863,38.7936824919818],[-9.18107658028555,38.7936831426324],[-9.18100671561143,38.7936989924036]],[[-9.17997869518927,38.7891542969243],[-9.17976347839475,38.7893233756634],[-9.17957946764996,38.7894317088782],[-9.17901697996616,38.7897996699807],[-9.17874309482278,38.7899676846499],[-9.17877967729189,38.7900450930199],[-9.17882091575544,38.7900630983284],[-9.17882990404443,38.7901269724085],[-9.17888975987367,38.7901744475184],[-9.1793538298175,38.790182719976],[-9.1799407240589,38.7902079043559],[-9.18018271800922,38.790259330504],[-9.18031948109008,38.7902669263652],[-9.18040800545013,38.790247190652],[-9.18085754212574,38.7900958198472],[-9.180879924597,38.7900839092124],[-9.1807458468747,38.7894406137625],[-9.18036882091737,38.7891370911087],[-9.18021703087573,38.7890270414085],[-9.17997869518927,38.7891542969243]]]}},{"type":"Feature","id":"CRUS_Odivelas_V.399189","properties":{"Area_Ha":0.954369563531131,"Autor":"DGT","Categoria":"Espaço Habitacional","Classe":"Solo Urbano","DTCC":"1116","Data_PublicacaoPDM":"2024-09-06T00:00:00","Designacao_PlantaOrdenamento":"Espaço Habitacional - Nivel 2","Escala_PlantaOrdenamento":"1/10000","Fonte":"CM_Vetor","ID":399189,"Municipio":"ODIVELAS"},"geometry":{"type":"Polygon","coordinates":[[[-9.19435904801978,38.7987333814817],[-9.19442931187758,38.798656731363],[-9.19432627395094,38.7985012679819],[-9.1954025320243,38.7986110777424],[-9.19647879319016,38.7987208784433],[-9.19704911462829,38.7986635214212],[-9.19704082282178,38.7987419383196],[-9.19698781633695,38.798831881771],[-9.19690453033509,38.7989053265484],[-9.19681392863723,38.7989676552698],[-9.1967291131699,38.7990344042855],[-9.19654646890606,38.7991315744322],[-9.19641566087371,38.7991906842204],[-9.19632811441203,38.7992386166811],[-9.19630016987349,38.7992539189473],[-9.19628907472419,38.7992501978719],[-9.19598473358147,38.7991481547362],[-9.19435904801978,38.7987333814817]]]}},{"type":"Feature","id":"CRUS_Odivelas_V.399190","properties":{"Area_Ha":2.06395569401737,"Autor":"DGT","Categoria":"Espaço Verde","Classe":"Solo Urbano","DTCC":"1116","Data_PublicacaoPDM":"2024-09-06T00:00:00","Designacao_PlantaOrdenamento":"Espaço Verde","Escala_PlantaOrdenamento":"1/10000","Fonte":"CM_Vetor","ID":399190,"Municipio":"ODIVELAS"},"geometry":{"type":"Polygon","coordinates":[[[-9.19512798535464,38.7907362002236],[-9.19523922895587,38.7905180549205],[-9.19538331073062,38.7903528631545],[-9.19570988421931,38.7901831784064],[-9.19666532702928,38.7906140783768],[-9.19746172698856,38.7907374089995],[-9.19738051806755,38.7911050395239],[-9.19705579975888,38.7912459451289],[-9.19643865134693,38.7914809984699],[-9.19622993623717,38.7915604906478],[-9.19577310904771,38.791734480203],[-9.19569140574395,38.7917604407778],[-9.19562415528767,38.7917725166588],[-9.1955919440055,38.7917751020691],[-9.19554487263522,38.7917640675712],[-9.19550928665941,38.7917368811015],[-9.19548532563009,38.7917027096092],[-9.1954369919163,38.7916068630217],[-9.19539124923032,38.7914880651128],[-9.1953170462713,38.7912296804962],[-9.19529619228598,38.7911090599255],[-9.19529214710205,38.7910096946834],[-9.19529467735022,38.7909309626952],[-9.19529776555719,38.7908378990655],[-9.19528708892776,38.790799786524],[-9.1952629186674,38.7907784626661],[-9.19512798535464,38.7907362002236]]]}},{"type":"Feature","id":"CRUS_Odivelas_V.399191","properties":{"Area_Ha":1.97466970911752,"Autor":"DGT","Categoria":"Espaço de Atividades Económicas","Classe":"Solo Urbano","DTCC":"1116","Data_PublicacaoPDM":"2024-09-06T00:00:00","Designacao_PlantaOrdenamento":"Espaço de Atividades Económicas a Requalificar","Escala_PlantaOrdenamento":"1/10000","Fonte":"CM_Vetor","ID":399191,"Municipio":"ODIVELAS"},"geometry":{"type":"Polygon","coordinates":[[[-9.22364587693035,38.811216483428],[-9.22397452124228,38.8110310298398],[-9.22432674394928,38.8109684092375],[-9.22569188746469,38.8107930548023],[-9.22606996663733,38.8107461433803],[-9.22613299892332,38.8107369344801],[-9.22613724112557,38.8108505757986],[-9.22616254231986,38.811011211627],[-9.2262191191624,38.8112251777892],[-9.22630474206821,38.8115172086671],[-9.22634487815362,38.8116497849052],[-9.22639338422678,38.8118101177331],[-9.22640386686681,38.8118555985704],[-9.22640909763241,38.8118644757951],[-9.22650180405356,38.8120501287767],[-9.22640571750065,38.8120930513059],[-9.22633513207241,38.8121283818192],[-9.22619819433656,38.8121818496116],[-9.2258919728552,38.8122484572028],[-9.22588442345629,38.812079761151],[-9.22583543920429,38.8119234938792],[-9.22574514353231,38.8118004075897],[-9.22571178200414,38.8117614547209],[-9.22561379828567,38.8117828581128],[-9.22516742791643,38.8119071412567],[-9.22479827217739,38.8114707699961],[-9.22479680910749,38.811469348944],[-9.22475585111547,38.8114295521316],[-9.22467242354157,38.811507526946],[-9.22462600341527,38.8114833698825],[-9.22457562269147,38.8114787960209],[-9.2243240988688,38.8114356588084],[-9.2240877268582,38.8113518442676],[-9.22370494602971,38.811229683356],[-9.22370409366112,38.8112294105078],[-9.22364587693035,38.811216483428]]]}},{"type":"Feature","id":"CRUS_Odivelas_V.399192","properties":{"Area_Ha":2.11045137930437,"Autor":"DGT","Categoria":"Espaço de Atividades Económicas","Classe":"Solo Urbano","DTCC":"1116","Data_PublicacaoPDM":"2024-09-06T00:00:00","Designacao_PlantaOrdenamento":"Espaço de Atividades Económicas a Requalificar","Escala_PlantaOrdenamento":"1/10000","Fonte":"CM_Vetor","ID":399192,"Municipio":"ODIVELAS"},"geometry":{"type":"Polygon","coordinates":[[[-9.23301131617072,38.8133748561775],[-9.23302488497269,38.8133139688919],[-9.23306283960327,38.8131579913569],[-9.23308547698061,38.8130737786734],[-9.23309630673631,38.8130220203079],[-9.23319458597765,38.8130010367445],[-9.2333176224498,38.812975067929],[-9.23333857775195,38.8129060643062],[-9.23313287705783,38.8120938002292],[-9.23340170314318,38.8120339798966],[-9.23376965251776,38.8119507146503],[-9.23377767396856,38.811948900071],[-9.23435542330366,38.8119465135321],[-9.23435796233848,38.8120056527929],[-9.23434044599943,38.8122608792201],[-9.23428446818795,38.8130765794635],[-9.234301915311,38.813839808305],[-9.23353308516107,38.8138735460516],[-9.23337144990767,38.8138806367166],[-9.23333760744184,38.8137959076379],[-9.23291908424791,38.8137887733889],[-9.23301131617072,38.8133748561775]]]}},{"type":"Feature","id":"CRUS_Odivelas_V.399193","properties":{"Area_Ha":3.27446568858886,"Autor":"DGT","Categoria":"Espaço Verde","Classe":"Solo Urbano","DTCC":"1116","Data_PublicacaoPDM":"2024-09-06T00:00:00","Designacao_PlantaOrdenamento":"Espaço Verde","Escala_PlantaOrdenamento":"1/10000","Fonte":"CM_Vetor","ID":399193,"Municipio":"ODIVELAS"},"geometry":{"type":"Polygon","coordinates":[[[-9.19847498017182,38.7908826474026],[-9.19924597704864,38.7916672012076],[-9.19949531925943,38.7923124228009],[-9.19972056195255,38.7930329330525],[-9.1997770501665,38.7934359239118],[-9.19997089485766,38.7937438269616],[-9.20019897617123,38.7941174823959],[-9.19944830075009,38.794166351991],[-9.19859370056115,38.7942219819919],[-9.19850467694814,38.7936199054911],[-9.1984195098753,38.7930438906573],[-9.19843146559973,38.7913825885898],[-9.19847498017182,38.7908826474026]]]}},{"type":"Feature","id":"CRUS_Odivelas_V.399194","properties":{"Area_Ha":4.59335824374175,"Autor":"DGT","Categoria":"Espaço Verde","Classe":"Solo Urbano","DTCC":"1116","Data_PublicacaoPDM":"2024-09-06T00:00:00","Designacao_PlantaOrdenamento":"Espaço Verde","Escala_PlantaOrdenamento":"1/10000","Fonte":"CM_Vetor","ID":399194,"Municipio":"ODIVELAS"},"geometry":{"type":"Polygon","coordinates":[[[-9.20019897617123,38.7941174823959],[-9.20142920644775,38.794037381485],[-9.20156045895689,38.7937726447908],[-9.20154294984489,38.7936079777438],[-9.20180670904604,38.7935924841315],[-9.20219050003419,38.7938992870105],[-9.20229692454755,38.7939843628066],[-9.20448089542121,38.7938473532391],[-9.20448108853979,38.7938485388024],[-9.20448142671105,38.7938508589023],[-9.20450349762886,38.7940019624873],[-9.20451202922247,38.7940551101848],[-9.20451859734983,38.794080452566],[-9.20453621153157,38.7941202098152],[-9.20458096953886,38.794216573796],[-9.20459363156519,38.7942358125638],[-9.20465056624458,38.7943187585919],[-9.20465977802551,38.7943321808139],[-9.20432519239168,38.7944577201845],[-9.2043656634068,38.7945003946958],[-9.20441952060402,38.7946318673113],[-9.20360794549974,38.7946827540422],[-9.20353730375716,38.7946871817447],[-9.20360473824709,38.7951071019263],[-9.20040568650518,38.7952334293988],[-9.20019897617123,38.7941174823959]]]}},{"type":"Feature","id":"CRUS_Odivelas_V.399195","properties":{"Area_Ha":0.788019932722813,"Autor":"DGT","Categoria":"Espaço de Atividades Económicas","Classe":"Solo Urbano","DTCC":"1116","Data_PublicacaoPDM":"2024-09-06T00:00:00","Designacao_PlantaOrdenamento":"Espaço de Atividades Económicas Consolidados","Escala_PlantaOrdenamento":"1/10000","Fonte":"CM_Vetor","ID":399195,"Municipio":"ODIVELAS"},"geometry":{"type":"Polygon","coordinates":[[[-9.20180670904604,38.7935924841315],[-9.2035047425646,38.7934927186102],[-9.20359438496958,38.793686569449],[-9.20392278536769,38.7936065930602],[-9.20398841907141,38.7937418089091],[-9.20439063159826,38.7936398341511],[-9.20441419977577,38.7936362610241],[-9.20443730287384,38.7936327571649],[-9.2044427602074,38.7936445578859],[-9.2044503493474,38.7936609619817],[-9.20445713356524,38.7937008194536],[-9.20448052295561,38.793845054221],[-9.20448089542121,38.7938473532391],[-9.20229692454755,38.7939843628066],[-9.20219050003419,38.7938992870105],[-9.20180670904604,38.7935924841315]]]}},{"type":"Feature","id":"CRUS_Odivelas_V.399196","properties":{"Area_Ha":0.617814238516975,"Autor":"DGT","Categoria":"Espaço de Atividades Económicas","Classe":"Solo Urbano","DTCC":"1116","Data_PublicacaoPDM":"2024-09-06T00:00:00","Designacao_PlantaOrdenamento":"Espaço de Atividades Económicas a Requalificar","Escala_PlantaOrdenamento":"1/10000","Fonte":"CM_Vetor","ID":399196,"Municipio":"ODIVELAS"},"geometry":{"type":"Polygon","coordinates":[[[-9.20407973688865,38.8066843596058],[-9.20408023488144,38.8066851730809],[-9.20426359318575,38.8069843978013],[-9.20439676530091,38.8071654522919],[-9.20440339202157,38.8072966299206],[-9.20438245119804,38.8074535802606],[-9.20435851305261,38.8075256743346],[-9.2043260116108,38.8075927048302],[-9.20431759340888,38.8076185150341],[-9.20427121671665,38.8076558874465],[-9.20415299698733,38.8076941514393],[-9.2040453701565,38.807713506926],[-9.20394210837489,38.8075241889294],[-9.20394544286412,38.807475598808],[-9.20396032270184,38.8074115903602],[-9.20397774736617,38.8073729647505],[-9.2039882614223,38.8073245823997],[-9.20398631574848,38.8073049988985],[-9.20398290961737,38.8073014004087],[-9.2039228550081,38.8072522861325],[-9.20383325617957,38.8071949570174],[-9.20325804194574,38.8068250127832],[-9.20332444348213,38.8067507187065],[-9.20338278107049,38.8066854472349],[-9.20354963536705,38.8065351645532],[-9.20355196520548,38.8065357824691],[-9.2040244932653,38.8066609686049],[-9.20407973688865,38.8066843596058]]]}},{"type":"Feature","id":"CRUS_Odivelas_V.399197","properties":{"Area_Ha":1.14893758156798,"Autor":"DGT","Categoria":"Espaço de Atividades Económicas","Classe":"Solo Urbano","DTCC":"1116","Data_PublicacaoPDM":"2024-09-06T00:00:00","Designacao_PlantaOrdenamento":"Espaço de Atividades Económicas a Requalificar","Escala_PlantaOrdenamento":"1/10000","Fonte":"CM_Vetor","ID":399197,"Municipio":"ODIVELAS"},"geometry":{"type":"Polygon","coordinates":[[[-9.18913852133562,38.7961245159106],[-9.18876273473441,38.7959578503085],[-9.18884112349851,38.7958873069357],[-9.18830734216882,38.7955491418242],[-9.18838034074576,38.795376984543],[-9.18815903250668,38.7952252301136],[-9.18829956935596,38.7950228952171],[-9.18806951118083,38.7949017444976],[-9.18836916752901,38.7945902205432],[-9.18916621266877,38.7946783464177],[-9.18919028263112,38.7958857948325],[-9.1895083748621,38.7960248585015],[-9.18938816432937,38.7962032598645],[-9.18919549729643,38.7961474171465],[-9.18913852133562,38.7961245159106]]]}},{"type":"Feature","id":"CRUS_Odivelas_V.399198","properties":{"Area_Ha":1.0823337275615,"Autor":"DGT","Categoria":"Aglomerado Rural","Classe":"Solo Rústico","DTCC":"1116","Data_PublicacaoPDM":"2024-09-06T00:00:00","Designacao_PlantaOrdenamento":"Aglomerado Rural","Escala_PlantaOrdenamento":"1/10000","Fonte":"CM_Vetor","ID":399198,"Municipio":"ODIVELAS"},"geometry":{"type":"Polygon","coordinates":[[[-9.22722263065894,38.8217701714377],[-9.22722694033341,38.8217442238954],[-9.2274937941092,38.8215531028496],[-9.2276150637414,38.8214494593946],[-9.22765139167959,38.821490915593],[-9.2276803412865,38.8215239517594],[-9.22794577266865,38.8218312453105],[-9.22797565122769,38.8218658347289],[-9.22801680264107,38.8219927267223],[-9.22799190443444,38.8220064486469],[-9.22798483559049,38.8220380643547],[-9.22805339970148,38.8222591003563],[-9.22807808166555,38.8223218315687],[-9.22814300597462,38.8225007456979],[-9.22824466385995,38.8228226242428],[-9.22822956551107,38.8228238203837],[-9.22809003765683,38.82283488608],[-9.22795277906343,38.8228458093523],[-9.2278969629743,38.8228552505022],[-9.22785531206435,38.8228610465603],[-9.22781365995297,38.8228668399067],[-9.22764920142196,38.8229024314751],[-9.22760814697876,38.8229128122466],[-9.22756374904444,38.8229240396554],[-9.22752648149447,38.8229341158505],[-9.22750278994348,38.8229390771795],[-9.22748634570999,38.8229436636178],[-9.22742327802879,38.8229621067633],[-9.22732634008805,38.8230156201141],[-9.22710436623528,38.8228897912337],[-9.22721810006766,38.8224200629256],[-9.22722356482017,38.8223974886726],[-9.22721468228247,38.8218180197144],[-9.22722263065894,38.8217701714377]]]}},{"type":"Feature","id":"CRUS_Odivelas_V.399199","properties":{"Area_Ha":4.38613789608055,"Autor":"DGT","Categoria":"Espaço Habitacional","Classe":"Solo Urbano","DTCC":"1116","Data_PublicacaoPDM":"2024-09-06T00:00:00","Designacao_PlantaOrdenamento":"Espaço Habitacional a Reconverter","Escala_PlantaOrdenamento":"1/10000","Fonte":"CM_Vetor","ID":399199,"Municipio":"ODIVELAS"},"geometry":{"type":"Polygon","coordinates":[[[-9.1857363799289,38.7950855574962],[-9.1856285786805,38.7948730323499],[-9.18550372378571,38.7945430242855],[-9.18544216104161,38.7942223302654],[-9.18540194578143,38.7940645394782],[-9.1855024123291,38.7941540851458],[-9.1856517846702,38.7941796465572],[-9.18589836664738,38.7941908766678],[-9.18631276616605,38.7943127087678],[-9.18655441205494,38.7943777993871],[-9.1867106386558,38.7944795371569],[-9.18700057074547,38.7947101220864],[-9.18763412969329,38.7953143163793],[-9.18806951118083,38.7949017444976],[-9.18829956935596,38.7950228952171],[-9.18815903250668,38.7952252301136],[-9.18838034074576,38.795376984543],[-9.18830734216882,38.7955491418242],[-9.18884112349851,38.7958873069357],[-9.18876273473441,38.7959578503085],[-9.18913852133562,38.7961245159106],[-9.18872961071206,38.7962985144437],[-9.18942319781618,38.7974250012599],[-9.18916571888912,38.7976076987609],[-9.18892677319091,38.7977772442995],[-9.18892105504407,38.7977727958418],[-9.18846294483532,38.7973531838188],[-9.18825729664521,38.797112870211],[-9.18824806214785,38.7969152620668],[-9.18805190508486,38.7964623440259],[-9.18829482124821,38.7962328026743],[-9.18816553455799,38.7960313378701],[-9.18785451111044,38.7959254177649],[-9.18748585323939,38.7957656532848],[-9.18730418681283,38.7958661401136],[-9.18700593139231,38.7963101127317],[-9.1867821463181,38.7962206747266],[-9.18620567860338,38.7955256264344],[-9.1857363799289,38.7950855574962]]]}},{"type":"Feature","id":"CRUS_Odivelas_V.399200","properties":{"Area_Ha":0.95969585726111,"Autor":"DGT","Categoria":"Espaço Verde","Classe":"Solo Urbano","DTCC":"1116","Data_PublicacaoPDM":"2024-09-06T00:00:00","Designacao_PlantaOrdenamento":"Espaço Verde","Escala_PlantaOrdenamento":"1/10000","Fonte":"CM_Vetor","ID":399200,"Municipio":"ODIVELAS"},"geometry":{"type":"Polygon","coordinates":[[[-9.1856510387374,38.7936305936043],[-9.18568128123786,38.7935776901859],[-9.18575072189968,38.7934672095113],[-9.18580876762343,38.7933684646312],[-9.18587643319003,38.7932320861788],[-9.1859552105442,38.7930479796307],[-9.18599390035942,38.7929318825571],[-9.18601423085084,38.7928473137069],[-9.18613302844423,38.7928855308221],[-9.18628740357676,38.7929278929609],[-9.18652885580726,38.7931882410422],[-9.18679224128654,38.7935140219774],[-9.18704004033482,38.7937305573111],[-9.18814176640299,38.7945081846475],[-9.18836916752901,38.7945902205432],[-9.18806951118083,38.7949017444976],[-9.18730448528105,38.7944988718717],[-9.18749306997534,38.7943172849991],[-9.18751025720218,38.7942934662799],[-9.187509349603,38.7942319479723],[-9.18724871061903,38.7940326325418],[-9.18704570389907,38.7938909038412],[-9.18686468525906,38.7937592308976],[-9.18671890559456,38.793647747843],[-9.1865781502316,38.7935806554136],[-9.18652873694366,38.7935385058544],[-9.1862827884117,38.7934031890051],[-9.18614342209692,38.7937191213174],[-9.18596594008545,38.7936849652485],[-9.18575231535029,38.7936438534105],[-9.18567801061034,38.7936295542594],[-9.1856510387374,38.7936305936043]]]}},{"type":"Feature","id":"CRUS_Odivelas_V.399201","properties":{"Area_Ha":11.9834697313717,"Autor":"DGT","Categoria":"Espaço Florestal","Classe":"Solo Rústico","DTCC":"1116","Data_PublicacaoPDM":"2024-09-06T00:00:00","Designacao_PlantaOrdenamento":"Espaços Florestais com Funções Predominantes de Recreio e Valorização da Paisagem Grande Lisboa","Escala_PlantaOrdenamento":"1/10000","Fonte":"CM_Vetor","ID":399201,"Municipio":"ODIVELAS"},"geometry":{"type":"Polygon","coordinates":[[[-9.23031089143734,38.817164081571],[-9.23057300399341,38.8172010657869],[-9.2319432623397,38.8171085302544],[-9.23194613082463,38.8171084129815],[-9.23231797158935,38.8179681757993],[-9.23261296100958,38.8176792018036],[-9.23233744127043,38.8171850137962],[-9.23252814038704,38.8169111825066],[-9.23225014051224,38.8158817500557],[-9.2322264731839,38.8157941132848],[-9.23221555480714,38.8157536780666],[-9.23220197495405,38.8157033972753],[-9.23203879338177,38.8154966852841],[-9.23223397110328,38.8155032371428],[-9.23314706133371,38.8152113060054],[-9.23325107786506,38.8152284063718],[-9.23335251881949,38.8152570764105],[-9.233427750782,38.8153072116008],[-9.23347282906643,38.8153369622568],[-9.23352233738458,38.8153908249078],[-9.23355256864724,38.8154560615954],[-9.2336011252882,38.8155858308702],[-9.2336394115104,38.8157385242392],[-9.23367798631356,38.8159099556666],[-9.23376393453396,38.8160465823257],[-9.23385881001206,38.8162014231667],[-9.23393026379387,38.816359364915],[-9.23412383665311,38.8166039022928],[-9.23460039062249,38.8170850036711],[-9.23470399643901,38.8174137611456],[-9.23441337558672,38.8176120633455],[-9.2342701160259,38.8177520185405],[-9.23391890560332,38.8182486782652],[-9.2338338538872,38.8184693742351],[-9.23369219870359,38.8187472510551],[-9.23363636779608,38.8190230722765],[-9.23303211235761,38.8194031564191],[-9.23265089629047,38.8196463502232],[-9.23160886198349,38.8203146507623],[-9.23123883782246,38.8205644036146],[-9.23114142945577,38.8206308523982],[-9.23113759006594,38.8206215695611],[-9.23101475239609,38.8203496437316],[-9.23038092017653,38.8189464942765],[-9.23040825956963,38.8188823476002],[-9.23045327865997,38.8187767294417],[-9.22977665291378,38.8184958434657],[-9.22990001302864,38.8183039926294],[-9.23054349369119,38.8180303224545],[-9.2304806627628,38.8179063969339],[-9.23035629901003,38.8176657035937],[-9.23024070445079,38.8174203779876],[-9.23031089143734,38.817164081571]]]}},{"type":"Feature","id":"CRUS_Odivelas_V.399202","properties":{"Area_Ha":16.246943503266,"Autor":"DGT","Categoria":"Espaço Agrícola","Classe":"Solo Rústico","DTCC":"1116","Data_PublicacaoPDM":"2024-09-06T00:00:00","Designacao_PlantaOrdenamento":"Espaços Agrícolas","Escala_PlantaOrdenamento":"1/10000","Fonte":"CM_Vetor","ID":399202,"Municipio":"ODIVELAS"},"geometry":{"type":"Polygon","coordinates":[[[-9.19746172698856,38.7907374089995],[-9.19666532702928,38.7906140783768],[-9.19570988421931,38.7901831784064],[-9.19606319210888,38.7897551663428],[-9.19592924929796,38.7896591641668],[-9.19580670618205,38.7895172333565],[-9.1957362367252,38.7894544759884],[-9.19526114106128,38.7891693758126],[-9.19429078994422,38.7883425117695],[-9.1942054948502,38.7881046473681],[-9.19417611359029,38.7879327361369],[-9.19420986498849,38.7876762623059],[-9.19429988589608,38.7872345000819],[-9.19431323671597,38.7870496023725],[-9.19418785034331,38.7869163599739],[-9.19400844060862,38.7867584102486],[-9.19393227424216,38.7866877117507],[-9.1938575371869,38.7867291000391],[-9.19381279775977,38.7866678739852],[-9.19373461785005,38.7865712763135],[-9.19363288330371,38.7864388524511],[-9.19359130796535,38.7863873138784],[-9.19356812892111,38.7863087149602],[-9.19356715727998,38.7862665683997],[-9.19357544386321,38.786235506899],[-9.19357316678724,38.7862106007412],[-9.19356666412864,38.786177994034],[-9.19369370373272,38.7861389510225],[-9.19389271593571,38.7860553537976],[-9.19396437195486,38.7860292112154],[-9.1939886488762,38.7860209729049],[-9.19404351625726,38.7860070519882],[-9.19409138097137,38.785994908366],[-9.19420910907638,38.7859789755257],[-9.19433834719678,38.7859707753523],[-9.19460016587032,38.7859936165777],[-9.19470106784124,38.7859838720934],[-9.19487291224686,38.7859541153548],[-9.1949492767845,38.7859350443695],[-9.19502361536945,38.7859112189311],[-9.19510592165355,38.7858814656117],[-9.1951603485539,38.7858575501781],[-9.19523334892309,38.7858212160217],[-9.19530195355151,38.7857833001408],[-9.19537400030787,38.7857369765683],[-9.19544237104493,38.7856833889998],[-9.19556873740092,38.7855595544608],[-9.19560903581543,38.7855065832068],[-9.19564846354353,38.7854492054949],[-9.19566018832216,38.7854096919801],[-9.19600049194735,38.7853083632645],[-9.19644966924072,38.7852109014488],[-9.19650861075455,38.7853865060544],[-9.19656107589092,38.7854903407363],[-9.19662689153851,38.7855556374883],[-9.19674281284622,38.7856470708215],[-9.19682094147937,38.7856861394197],[-9.19698361099318,38.7857916902152],[-9.19728206719182,38.785912598018],[-9.19730969834079,38.785933686805],[-9.19734412412603,38.7859683423219],[-9.19738522313745,38.7860353201512],[-9.19741191007859,38.7861303076886],[-9.1974358085182,38.7861979667587],[-9.19745579585543,38.7862591613536],[-9.19747203011746,38.7863244424202],[-9.19747545860864,38.7863625305186],[-9.19747292776137,38.7864319029748],[-9.19747919398524,38.7865180789331],[-9.19751316136047,38.7866043492773],[-9.19760990223022,38.7867408006849],[-9.19769776239705,38.7868410781159],[-9.19777652402117,38.7869524404172],[-9.19783149025775,38.7870725141267],[-9.19786552423498,38.7872061010791],[-9.19784864084944,38.7873229803363],[-9.19799264330059,38.7875482892248],[-9.19809941043169,38.7877222688268],[-9.19812818532948,38.7877594532028],[-9.19813517427204,38.787799702906],[-9.19812778238718,38.7878311493266],[-9.1981044636543,38.7879074379765],[-9.1980876681708,38.7880217566844],[-9.19809936109851,38.7881480285809],[-9.1981385873245,38.7882417476919],[-9.19819495380871,38.788347116182],[-9.19828970904651,38.7884664052841],[-9.1983217618709,38.788538470975],[-9.19835121801123,38.7886491482559],[-9.19837479029268,38.7887622872463],[-9.19840780149393,38.7888499736489],[-9.19846271586814,38.7890435854783],[-9.19848992845344,38.7891546425285],[-9.19850324776622,38.7892798241553],[-9.19853632517334,38.7893747205969],[-9.19853480158672,38.7893832733645],[-9.19848383748675,38.7894791789811],[-9.19844160818827,38.7895526388042],[-9.19841579395208,38.7896577659048],[-9.19844278077344,38.7897672846394],[-9.19850793257085,38.7898578941385],[-9.19864352444415,38.789937397372],[-9.19874143598575,38.7899875183039],[-9.1987500237383,38.7899992790157],[-9.19875570614882,38.7900070626947],[-9.19869718394486,38.7901593657307],[-9.19861357123017,38.7902595230007],[-9.1985048979361,38.7905389424739],[-9.19847498017182,38.7908826474026],[-9.19832795641306,38.7908715474695],[-9.19763130906042,38.79076367033],[-9.19746172698856,38.7907374089995]]]}},{"type":"Feature","id":"CRUS_Odivelas_V.399203","properties":{"Area_Ha":6.13907486396479,"Autor":"DGT","Categoria":"Espaço Florestal","Classe":"Solo Rústico","DTCC":"1116","Data_PublicacaoPDM":"2024-09-06T00:00:00","Designacao_PlantaOrdenamento":"Espaços Florestais com Funções Predominantes de Recreio e Valorização da Paisagem Grande Lisboa","Escala_PlantaOrdenamento":"1/10000","Fonte":"CM_Vetor","ID":399203,"Municipio":"ODIVELAS"},"geometry":{"type":"Polygon","coordinates":[[[-9.19513115841047,38.8079873091329],[-9.19529442660309,38.8078014905697],[-9.19536340539951,38.8077140202957],[-9.19515488487721,38.8076617349171],[-9.19498107730523,38.8076430416745],[-9.1939377446214,38.8077218275497],[-9.19377870267439,38.807200933354],[-9.19357539602645,38.8066565071486],[-9.1934872225035,38.8061519358058],[-9.19417267579941,38.8062019514025],[-9.19416551883202,38.8065314580117],[-9.19414901993741,38.806605999813],[-9.19413766766409,38.8066521497032],[-9.19413851031198,38.8066525564893],[-9.19413856718282,38.8066525785441],[-9.19407362436602,38.806961455544],[-9.19455119993687,38.8069426854278],[-9.1946498390321,38.8069388086997],[-9.19474685445775,38.8069395939413],[-9.19491879153119,38.80694947134],[-9.19507502652579,38.8070095406156],[-9.19527574979508,38.8071684986243],[-9.19543288525399,38.8072260545478],[-9.19551724382094,38.8071104955475],[-9.19566668523078,38.8070299699383],[-9.19579894901829,38.8069862153373],[-9.19596158777264,38.8069498093635],[-9.19622746335496,38.806920674882],[-9.19643519943905,38.8069252555506],[-9.19651276705516,38.8069450438783],[-9.19654778103773,38.8069797834963],[-9.19658240475902,38.8070808646109],[-9.19664728473777,38.807036077298],[-9.19669873202536,38.8070148437454],[-9.19673150746532,38.8070013158748],[-9.19684510059208,38.8069736159265],[-9.19686284879535,38.8069440003906],[-9.19683343383847,38.8068921240578],[-9.19682842270949,38.8068570842715],[-9.1968246187147,38.8068312847475],[-9.19682518362414,38.806798969748],[-9.19682996760878,38.806742925691],[-9.1968554362771,38.8066962786295],[-9.19686159001023,38.8066850084141],[-9.19697147877382,38.8066618331648],[-9.19708306995924,38.8066382983005],[-9.19717384004041,38.8066262998766],[-9.19726358399898,38.8066325911152],[-9.19745264859302,38.8066775892187],[-9.19780553921398,38.8068175858054],[-9.19793608470865,38.8068590532901],[-9.19797779207002,38.8068678133412],[-9.19805974136207,38.8068741768174],[-9.19812205180782,38.8068705614865],[-9.19829791321921,38.8068393354405],[-9.19857473694794,38.8068024336828],[-9.19885976160398,38.8067482667959],[-9.19875202013221,38.80706750396],[-9.1986511687609,38.807279350678],[-9.19868086746057,38.8075920783013],[-9.19869578184048,38.8077096171455],[-9.19870225980441,38.807849786801],[-9.19869122404441,38.8079169188288],[-9.19870255292461,38.8079954059665],[-9.19871127571033,38.8081600710373],[-9.19864972577892,38.8081508267834],[-9.19845263178178,38.8080869237317],[-9.19816576786109,38.8079926115004],[-9.19785494734485,38.8078907951786],[-9.19764280703298,38.8078216988839],[-9.19763864667645,38.8079629461051],[-9.1976402323329,38.8080693291471],[-9.19764583797153,38.808277171127],[-9.19770941248283,38.8087844895037],[-9.19770985104877,38.8087879815882],[-9.19637492102492,38.8084055672075],[-9.19592216914286,38.8082556146143],[-9.19513115841047,38.8079873091329]]]}},{"type":"Feature","id":"CRUS_Odivelas_V.399204","properties":{"Area_Ha":15.4994338353759,"Autor":"DGT","Categoria":"Espaço Habitacional","Classe":"Solo Urbano","DTCC":"1116","Data_PublicacaoPDM":"2024-09-06T00:00:00","Designacao_PlantaOrdenamento":"Espaço Habitacional - Nivel 2","Escala_PlantaOrdenamento":"1/10000","Fonte":"CM_Vetor","ID":399204,"Municipio":"ODIVELAS"},"geometry":{"type":"Polygon","coordinates":[[[-9.22779834003312,38.8172658512283],[-9.22782647356784,38.8172356714817],[-9.22804226751812,38.8171461589296],[-9.22804121421962,38.8171454320255],[-9.22795530210091,38.8170862135812],[-9.22788766792208,38.8170575272366],[-9.22781099575364,38.8170509168203],[-9.22769721751038,38.8170703075134],[-9.22767629583232,38.8170747643741],[-9.22753522997618,38.8171048121039],[-9.22737482224385,38.8171405215058],[-9.22720896945707,38.8172288156936],[-9.22697432329939,38.8173856517491],[-9.22680787848523,38.8174477611051],[-9.22655914627242,38.8175204072519],[-9.22625572381101,38.8176111443025],[-9.2260073199689,38.8177052718475],[-9.22600126325685,38.8177092074119],[-9.22596946869249,38.8176609129501],[-9.22606846182835,38.8174189540999],[-9.22604207346541,38.8173723345352],[-9.22577650439916,38.8173547335722],[-9.22568107958397,38.8173465888526],[-9.22566872970994,38.8173310542146],[-9.2256034229703,38.8172488943075],[-9.22556115351897,38.8171675518588],[-9.22560422847923,38.816558509964],[-9.22532476372372,38.816546430987],[-9.22533925144302,38.8163636819485],[-9.22492426882519,38.8163496970389],[-9.22496632765123,38.8159748860239],[-9.22450813315221,38.8159137101833],[-9.22381069575229,38.81593375306],[-9.22380072601668,38.8161441980711],[-9.22375580308185,38.8164362114667],[-9.22367076524885,38.8165330777142],[-9.22359476497001,38.8166735287937],[-9.22349109152868,38.8168295225843],[-9.22339784858629,38.8169373832067],[-9.22329314128962,38.8170256988991],[-9.22327425109772,38.8170351850904],[-9.22326768022144,38.8170384833433],[-9.22321699091886,38.8169875780567],[-9.22316100975262,38.8169250691656],[-9.22313283005324,38.8168954123668],[-9.22325537195485,38.816752223056],[-9.22332700289504,38.8165950025885],[-9.22341964510805,38.816325458958],[-9.2234471553648,38.8162524908265],[-9.22347109810923,38.8161465166926],[-9.22347686220453,38.816071700109],[-9.22347980311057,38.8159928558066],[-9.22347709067372,38.8159433393332],[-9.22301553276523,38.8159654834103],[-9.22292833591372,38.815719231702],[-9.22304229302143,38.8156763457417],[-9.22259553421408,38.8154324564773],[-9.22340819378664,38.8153650361928],[-9.22360366682427,38.8154287061034],[-9.22390016280659,38.8155072315865],[-9.22432313362058,38.8155996409642],[-9.22445161006264,38.8156238749013],[-9.22705362654682,38.8161222905902],[-9.22778594779511,38.8163340811813],[-9.22780692393096,38.8163615398531],[-9.22786547824468,38.8164386305722],[-9.22805288627076,38.8166853595317],[-9.22869566650144,38.8162259756778],[-9.22907062329025,38.8162909154487],[-9.2292959588857,38.8164494072535],[-9.22969631991629,38.8161087759085],[-9.22964321004399,38.8157962012271],[-9.22913527990976,38.8158284920551],[-9.22917297310648,38.8155900771444],[-9.22925052799362,38.8152543003031],[-9.22925651186099,38.8151543172878],[-9.22923582256034,38.8150310718601],[-9.22914768986707,38.8147420221562],[-9.22939053859568,38.8146718328976],[-9.22962305774175,38.8146187951628],[-9.22972892304465,38.8145952891903],[-9.22985625251469,38.814840605504],[-9.23006565881792,38.8156122130041],[-9.2302827275887,38.8158559177335],[-9.23034485656889,38.8159256708955],[-9.23068111251848,38.8158387130932],[-9.23088995599107,38.8157847043284],[-9.23122295950883,38.8156654314946],[-9.23174068584622,38.8154866768703],[-9.23203879338177,38.8154966852841],[-9.23220197495405,38.8157033972753],[-9.23221555480714,38.8157536780666],[-9.2322264731839,38.8157941132848],[-9.23225014051224,38.8158817500557],[-9.23252814038704,38.8169111825066],[-9.23233744127043,38.8171850137962],[-9.23261296100958,38.8176792018036],[-9.23231797158935,38.8179681757993],[-9.23194613082463,38.8171084129815],[-9.23145920485801,38.8159825065983],[-9.23045357759048,38.8166430427232],[-9.23031089143734,38.817164081571],[-9.23024070445079,38.8174203779876],[-9.23035629901003,38.8176657035937],[-9.2304806627628,38.8179063969339],[-9.23054349369119,38.8180303224545],[-9.22990001302864,38.8183039926294],[-9.22977665291378,38.8184958434657],[-9.23045327865997,38.8187767294417],[-9.23040825956963,38.8188823476002],[-9.23038092017653,38.8189464942765],[-9.23101475239609,38.8203496437316],[-9.23113759006594,38.8206215695611],[-9.23114142945577,38.8206308523982],[-9.23105126365767,38.8206923609323],[-9.23082408925339,38.8208339375582],[-9.23066567969257,38.8209032525392],[-9.23063896000861,38.8209228438953],[-9.23041067311886,38.8208320989957],[-9.23036304244518,38.8208266765827],[-9.2301440009712,38.8208214392076],[-9.22987714583572,38.8207983953216],[-9.22977227407234,38.820774853261],[-9.22968696263817,38.820749083305],[-9.22952386567072,38.8206770307048],[-9.22942832887446,38.8205808402145],[-9.22933303430762,38.8204521814629],[-9.22944575625556,38.8199365429289],[-9.23008581748067,38.8197668394531],[-9.23014677892323,38.8192233168429],[-9.22996565158537,38.8190360973885],[-9.22946556769774,38.8185191881482],[-9.22919690261438,38.8188609775604],[-9.22915810615421,38.8190364003902],[-9.22916715801822,38.8193243562443],[-9.2290390006803,38.8194960812036],[-9.22874467733278,38.8195938389331],[-9.22874332315538,38.8195933640627],[-9.22851662142239,38.8195135916561],[-9.22825784901162,38.8193727423826],[-9.22813096036829,38.819252556439],[-9.22798457621406,38.8191074964282],[-9.22799581414148,38.8189055158542],[-9.22799246785337,38.8188999112555],[-9.2279621332286,38.8185418225818],[-9.22814908417355,38.8185068540509],[-9.22829592853939,38.8184443035345],[-9.22828992529121,38.8182109937686],[-9.22829034603837,38.818165375727],[-9.2282832829556,38.8180849944885],[-9.22828124192354,38.8180120991458],[-9.2282751822519,38.8179504330423],[-9.22822699442189,38.8178557533048],[-9.22803708605194,38.8176600327376],[-9.22802942640993,38.8176521381565],[-9.22789136238652,38.8175379038871],[-9.22779834003312,38.8172658512283]]]}},{"type":"Feature","id":"CRUS_Odivelas_V.399205","properties":{"Area_Ha":2.50098517580943,"Autor":"DGT","Categoria":"Espaço de Uso Especial Equipamentos e Infraestruturas","Classe":"Solo Urbano","DTCC":"1116","Data_PublicacaoPDM":"2024-09-06T00:00:00","Designacao_PlantaOrdenamento":"Espaço de Uso Especial - Equipamentos","Escala_PlantaOrdenamento":"1/10000","Fonte":"CM_Vetor","ID":399205,"Municipio":"ODIVELAS"},"geometry":{"type":"Polygon","coordinates":[[[-9.21610816799301,38.808337992379],[-9.2160665002018,38.8082975209582],[-9.21601490741312,38.8082355754663],[-9.21596714993625,38.8081076601535],[-9.21679890670837,38.8079330310229],[-9.2170220135782,38.8078875447791],[-9.21707931829865,38.8078933181398],[-9.21714109365841,38.8079207252974],[-9.21717685381463,38.8079557352621],[-9.21730576025528,38.8081583822694],[-9.21775247982967,38.8087449559318],[-9.21784687025533,38.8088807253384],[-9.21788137569951,38.8089126912753],[-9.21802314803386,38.8088495921621],[-9.21819844544263,38.808771572393],[-9.21852359882745,38.8091392450816],[-9.21935069335605,38.8100744783878],[-9.21931213380286,38.8101366538385],[-9.21872733637367,38.810214212312],[-9.21739867360064,38.809193153574],[-9.2173102910246,38.8092454732053],[-9.21720764450032,38.8093042319733],[-9.217125222905,38.8092413378781],[-9.21611978160537,38.8083492713444],[-9.21610816799301,38.808337992379]]]}},{"type":"Feature","id":"CRUS_Odivelas_V.399206","properties":{"Area_Ha":1.2591530597085,"Autor":"DGT","Categoria":"Espaço Verde","Classe":"Solo Urbano","DTCC":"1116","Data_PublicacaoPDM":"2024-09-06T00:00:00","Designacao_PlantaOrdenamento":"Espaço Verde","Escala_PlantaOrdenamento":"1/10000","Fonte":"CM_Vetor","ID":399206,"Municipio":"ODIVELAS"},"geometry":{"type":"Polygon","coordinates":[[[-9.21975467593274,38.8066695341611],[-9.21930933189583,38.8068946478577],[-9.21855581246115,38.8072755316271],[-9.21844319265213,38.807310945447],[-9.21826659668287,38.8074249713281],[-9.21805725579059,38.8070503967417],[-9.21828568783856,38.8069767536979],[-9.21809834200936,38.8065267604609],[-9.21817047028098,38.8065082553684],[-9.21822565955568,38.8064809904029],[-9.21829372816838,38.80641487175],[-9.21839561100894,38.8063090755929],[-9.21844823722488,38.8062797630498],[-9.21954897615609,38.8061185589319],[-9.21961815976445,38.8061182749129],[-9.21967206743873,38.8061506504013],[-9.21971628599601,38.8064284110097],[-9.21975467593274,38.8066695341611]]]}},{"type":"Feature","id":"CRUS_Odivelas_V.399207","properties":{"Area_Ha":1.25426768135945,"Autor":"DGT","Categoria":"Espaço Verde","Classe":"Solo Urbano","DTCC":"1116","Data_PublicacaoPDM":"2024-09-06T00:00:00","Designacao_PlantaOrdenamento":"Espaço Verde","Escala_PlantaOrdenamento":"1/10000","Fonte":"CM_Vetor","ID":399207,"Municipio":"ODIVELAS"},"geometry":{"type":"Polygon","coordinates":[[[-9.21521524883695,38.8053172113623],[-9.21519270120673,38.8045816421626],[-9.21625357235749,38.8045722351631],[-9.21635993255036,38.8051536565173],[-9.21644392331047,38.8056127933337],[-9.21625519003361,38.8056379647853],[-9.21615714338405,38.8056510413863],[-9.21595015199686,38.8056926529874],[-9.21546003610149,38.8057911778153],[-9.21525049263267,38.8058005308973],[-9.21521524883695,38.8053172113623]]]}},{"type":"Feature","id":"CRUS_Odivelas_V.399208","properties":{"Area_Ha":7.56826444663489,"Autor":"DGT","Categoria":"Espaço Habitacional","Classe":"Solo Urbano","DTCC":"1116","Data_PublicacaoPDM":"2024-09-06T00:00:00","Designacao_PlantaOrdenamento":"Espaço Habitacional - Nivel 1","Escala_PlantaOrdenamento":"1/10000","Fonte":"CM_Vetor","ID":399208,"Municipio":"ODIVELAS"},"geometry":{"type":"Polygon","coordinates":[[[-9.20903923667793,38.7892646118744],[-9.20910675613418,38.7890584802797],[-9.20883539888511,38.7890375165512],[-9.20885404424823,38.7888528269132],[-9.20872504622661,38.788823262971],[-9.20889370098714,38.7886081825593],[-9.20865942614772,38.7884967660341],[-9.20871372498103,38.7883086629491],[-9.20857065775849,38.7877710322653],[-9.20872415762966,38.7871904621977],[-9.2092221766848,38.7869186218336],[-9.20924519357725,38.7869124596407],[-9.20956292554505,38.7868273956565],[-9.20965252740418,38.7868987709166],[-9.21008549739319,38.7866733346975],[-9.21052697487706,38.7866587368165],[-9.21062273919567,38.7869034729889],[-9.21075667849896,38.7869631195808],[-9.21089072087927,38.7869858493625],[-9.21100705148805,38.7869874263515],[-9.21129253743993,38.7869741849985],[-9.21135062572891,38.7870072338347],[-9.21143146862687,38.7870515595446],[-9.21168343991654,38.7871938431062],[-9.21170845912525,38.7873518778882],[-9.2118555953174,38.7873561700505],[-9.21196979223626,38.7873885867904],[-9.21224797646241,38.7874936797883],[-9.21233668428297,38.7876043046311],[-9.21224342802668,38.7877639670699],[-9.21226203151473,38.7879331334115],[-9.21225243441701,38.7881949808001],[-9.21224604518999,38.7883692663358],[-9.21222900203119,38.7884351333914],[-9.21211722062577,38.788867100924],[-9.21174111398958,38.7890694983073],[-9.21132135500168,38.7892120845977],[-9.21098377686982,38.789322935905],[-9.21053880221669,38.7893925436361],[-9.21006256549285,38.7893682204194],[-9.20996849657283,38.7892132695138],[-9.20903923667793,38.7892646118744]]]}},{"type":"Feature","id":"CRUS_Odivelas_V.399209","properties":{"Area_Ha":5.06283406813965,"Autor":"DGT","Categoria":"Aglomerado Rural","Classe":"Solo Rústico","DTCC":"1116","Data_PublicacaoPDM":"2024-09-06T00:00:00","Designacao_PlantaOrdenamento":"Aglomerado Rural","Escala_PlantaOrdenamento":"1/10000","Fonte":"CM_Vetor","ID":399209,"Municipio":"ODIVELAS"},"geometry":{"type":"Polygon","coordinates":[[[-9.22619688433991,38.827402444448],[-9.22602851483667,38.8274915929709],[-9.22584437151406,38.827590626681],[-9.22547549966382,38.827660176002],[-9.22485846380986,38.8282411298248],[-9.22484750396929,38.8284393565576],[-9.22460069982608,38.8285828254903],[-9.2247654446001,38.828773676802],[-9.22495839153592,38.828965987916],[-9.22496147546353,38.8289690605813],[-9.22498578440206,38.8290003647231],[-9.22496452861927,38.8290082760509],[-9.22457783931961,38.8291367431561],[-9.22457440007242,38.8291385964587],[-9.22411934962942,38.8287950544308],[-9.22430054713067,38.8285618390264],[-9.22475866831738,38.8281924846979],[-9.22457740028801,38.8279077678783],[-9.22454192036556,38.8278130989657],[-9.22500760571934,38.8276636395527],[-9.22511710155433,38.8275826598252],[-9.22512434319888,38.8274993060348],[-9.22469686050402,38.8271168521758],[-9.22442597195986,38.8269066760423],[-9.2242546990397,38.8266416308324],[-9.22425408611451,38.8266015564389],[-9.22435479721985,38.8264861006396],[-9.22417538723702,38.8262415704506],[-9.22406986683376,38.8260421562819],[-9.22403029966682,38.825847851434],[-9.22468042397077,38.8257616151407],[-9.22469922853558,38.8255553134526],[-9.22429408597291,38.825387327501],[-9.22388188819092,38.8252365838513],[-9.22357630434967,38.825326158605],[-9.22321315036145,38.8254644779391],[-9.2231082652266,38.8255726048879],[-9.22303209273867,38.8256682222054],[-9.22310798691076,38.8258450124102],[-9.2232180285421,38.825861162485],[-9.22322178636271,38.8261073335213],[-9.22304692757198,38.8261604978158],[-9.22300432582141,38.8262467809057],[-9.22314740060057,38.8265088298238],[-9.22312859136463,38.8267151312973],[-9.22320614819372,38.8270006946541],[-9.22326070076547,38.8272177630841],[-9.22335942874477,38.8274515961155],[-9.22348594468668,38.8275878325054],[-9.22357717978208,38.8278102836854],[-9.22363581846007,38.8282517623794],[-9.2235677668112,38.828305019187],[-9.22345079850242,38.8283334023688],[-9.22341822505531,38.8283218810186],[-9.22320538666592,38.8282465983415],[-9.22316193328175,38.8282254902429],[-9.22316446947167,38.8281061490106],[-9.22320278669377,38.8277393450712],[-9.22304415997092,38.8276485281493],[-9.22287634685525,38.8276133653251],[-9.22275622190505,38.8276402007804],[-9.22274766200235,38.8276421126307],[-9.2223931331783,38.827925152048],[-9.22228895456118,38.8279175557831],[-9.22190596456345,38.8278896273794],[-9.22181228277644,38.827783719855],[-9.22181777537516,38.8276797835946],[-9.22194239121021,38.8276480414653],[-9.22217685221472,38.8276630326923],[-9.22235988989548,38.8271860890442],[-9.22249083996986,38.827133336172],[-9.22263730128507,38.827137694633],[-9.22278216919668,38.8265580437856],[-9.2227496603879,38.8263464957202],[-9.22245744130243,38.8263835768877],[-9.22236542524049,38.8261095994109],[-9.22266505097967,38.8260781756439],[-9.2225807901165,38.8258327554271],[-9.22217479419418,38.825850359406],[-9.22217316563192,38.8258433960063],[-9.2221718267081,38.8256477156006],[-9.22252658976563,38.8256385856145],[-9.22261397513129,38.8256091411756],[-9.22290243430731,38.825325888576],[-9.22311891787112,38.8251781753277],[-9.22324845865885,38.8251188904769],[-9.22338468729692,38.8250699969415],[-9.22344599799828,38.8250319015934],[-9.22358570399906,38.8249450974294],[-9.22371367873625,38.8248605389099],[-9.22391423836142,38.8246898033115],[-9.22403688877113,38.82461415982],[-9.22430920931557,38.8245693989834],[-9.22445463817668,38.8244713171673],[-9.22447724433697,38.8245554132917],[-9.22451179243757,38.8247388523627],[-9.22458766441419,38.8248802288313],[-9.22462780731493,38.8249746817557],[-9.22474589513721,38.8251261075867],[-9.22514027046177,38.8256834149768],[-9.22540160668301,38.8260059510232],[-9.22526946542176,38.8262520418831],[-9.22527174729866,38.8262572474882],[-9.22525598851324,38.8262771405376],[-9.22525551213844,38.8263400894679],[-9.22478361948515,38.8262874186061],[-9.22461642931084,38.8263634158596],[-9.22523245488768,38.826918776963],[-9.22539828242467,38.8272321402121],[-9.2255407542914,38.827454110724],[-9.22570106529636,38.8274068059206],[-9.22583498348642,38.8272815884209],[-9.22608371651491,38.8272937729083],[-9.22619688433991,38.827402444448]]]}},{"type":"Feature","id":"CRUS_Odivelas_V.399210","properties":{"Area_Ha":13.3382763721326,"Autor":"DGT","Categoria":"Espaço Florestal","Classe":"Solo Rústico","DTCC":"1116","Data_PublicacaoPDM":"2024-09-06T00:00:00","Designacao_PlantaOrdenamento":"Espaços Florestais com Funções Predominantes de Recreio e Valorização da Paisagem Grande Lisboa","Escala_PlantaOrdenamento":"1/10000","Fonte":"CM_Vetor","ID":399210,"Municipio":"ODIVELAS"},"geometry":{"type":"Polygon","coordinates":[[[-9.23805927548985,38.8126602462307],[-9.23800036544989,38.812736013088],[-9.23792506004675,38.812809782431],[-9.23780259310306,38.8129383059228],[-9.23780070147982,38.8129418081376],[-9.23772805136818,38.8130763301966],[-9.23776116760045,38.813215322622],[-9.23774255614096,38.8133888045436],[-9.23774361586612,38.8136956852271],[-9.23776608043855,38.8137709580529],[-9.23779660389605,38.8138239930781],[-9.23782093553647,38.8138788890826],[-9.23781383538364,38.8139260690808],[-9.23779152337118,38.8140017599016],[-9.23777570229122,38.8140582083913],[-9.23775055070952,38.8141815784692],[-9.23775706605643,38.8143869801804],[-9.23778213865824,38.8144969087897],[-9.23778088101493,38.8146089734804],[-9.23778975112412,38.8147061698113],[-9.23776259595868,38.8147521000133],[-9.23774373546019,38.8148055119204],[-9.23776243687361,38.8148901882979],[-9.23779317674385,38.8149572741413],[-9.2378022146608,38.8150578008178],[-9.23782143036471,38.8151388674465],[-9.23787875397251,38.815331899413],[-9.2379476523912,38.8154762696048],[-9.23800287233472,38.81560725851],[-9.23803992722976,38.8156881572707],[-9.23813526807096,38.8158150725783],[-9.23816318380677,38.8158632698077],[-9.23815828080389,38.8158649000948],[-9.23801931368788,38.815911110236],[-9.23796594486342,38.8157857192904],[-9.23782832322562,38.8156314314222],[-9.23767959116012,38.8155301480979],[-9.23736291436551,38.815371329674],[-9.23758576839205,38.8151559015298],[-9.2364593830141,38.8145810887415],[-9.23587308550691,38.8144854698562],[-9.23559305467985,38.8141852643047],[-9.23546125698761,38.8141776549997],[-9.23545038412161,38.8140472175948],[-9.23473011951017,38.8140194881072],[-9.23464099785238,38.8131418773864],[-9.23532228091066,38.8130309939319],[-9.23518904919899,38.8126213753127],[-9.23543910662727,38.812560912022],[-9.23529728195899,38.8121314328995],[-9.23434044599943,38.8122608792201],[-9.23435796233848,38.8120056527929],[-9.23435542330366,38.8119465135321],[-9.23433595553627,38.8114932311047],[-9.23433474626286,38.811441604156],[-9.23492747221144,38.8113444134192],[-9.23471751455417,38.8106269607202],[-9.23741806934482,38.8101767583005],[-9.23745868464827,38.8101689948898],[-9.23746337004658,38.8101682515618],[-9.23760700532182,38.8105271974745],[-9.23770642760231,38.8107100160063],[-9.23850949423493,38.8106691710517],[-9.23854140514623,38.8106705796675],[-9.23856760205944,38.8106897001024],[-9.23856489031475,38.8107302603315],[-9.23855426326437,38.8107652161143],[-9.23852306512403,38.8108469425636],[-9.23849795614294,38.8108984356552],[-9.23849101703694,38.8109410184708],[-9.23852797508511,38.8110897423047],[-9.23861592954733,38.8114094006343],[-9.23864754384593,38.8115329525763],[-9.23864683063419,38.8115688125975],[-9.23863752734412,38.8115998861568],[-9.23863445202891,38.8116046011927],[-9.2386121083675,38.8116388588225],[-9.23856532262341,38.811674542857],[-9.23856283799483,38.8116764371988],[-9.23846051252178,38.8117148806876],[-9.23837774874299,38.8117755663969],[-9.23828477383529,38.8118977763262],[-9.23823537723411,38.8119064754426],[-9.23823454328294,38.8119108335519],[-9.23821977847613,38.8119879567367],[-9.23824063195291,38.8120646967709],[-9.23827360479015,38.8121984767828],[-9.23822768311128,38.8123176153019],[-9.23816679364581,38.812465020063],[-9.23807936013677,38.8126252857074],[-9.23806075804047,38.8126583396821],[-9.23805927548985,38.8126602462307]]]}},{"type":"Feature","id":"CRUS_Odivelas_V.399211","properties":{"Area_Ha":6.35457641491331,"Autor":"DGT","Categoria":"Espaço de Uso Especial Equipamentos e Infraestruturas","Classe":"Solo Urbano","DTCC":"1116","Data_PublicacaoPDM":"2024-09-06T00:00:00","Designacao_PlantaOrdenamento":"Espaço de Uso Especial - Equipamentos","Escala_PlantaOrdenamento":"1/10000","Fonte":"CM_Vetor","ID":399211,"Municipio":"ODIVELAS"},"geometry":{"type":"Polygon","coordinates":[[[-9.1818673076094,38.8036590740641],[-9.18191771875286,38.803383176512],[-9.18202567676149,38.8031850459253],[-9.18286962389718,38.8023178359537],[-9.18264618570506,38.8022015488184],[-9.18307324966981,38.8017718409699],[-9.18260525735892,38.8014495073786],[-9.18290440688991,38.8014631219673],[-9.18302448429145,38.8014647842338],[-9.183682840579,38.8015094791264],[-9.1841335713676,38.8015733209353],[-9.18412619861609,38.8015944026051],[-9.18411371206036,38.8016301033263],[-9.1841847738364,38.8016480559868],[-9.18485076727888,38.801824192368],[-9.18582789633894,38.8020767861114],[-9.18606748463373,38.8021103852402],[-9.18609290980187,38.8021249304931],[-9.18608010052154,38.8027643132277],[-9.18607890437317,38.8038922666826],[-9.18595569613617,38.8039681690653],[-9.18595573011175,38.8039704775121],[-9.18367766328477,38.8024367498844],[-9.18355604027566,38.8023905261857],[-9.18356531710971,38.8030213572884],[-9.18356902817902,38.803273691332],[-9.18353196529251,38.803494844116],[-9.18336621489991,38.803874884852],[-9.18331779847922,38.8040093902744],[-9.18332973113257,38.8041354662485],[-9.18340212894697,38.8042609977678],[-9.18343363681202,38.8043474647568],[-9.18323815995695,38.8045478026547],[-9.18313896951525,38.8045612654463],[-9.18278661918163,38.8042462932565],[-9.1818673076094,38.8036590740641]]]}},{"type":"Feature","id":"CRUS_Odivelas_V.399212","properties":{"Area_Ha":62.3901822921543,"Autor":"DGT","Categoria":"Espaço Central","Classe":"Solo Urbano","DTCC":"1116","Data_PublicacaoPDM":"2024-09-06T00:00:00","Designacao_PlantaOrdenamento":"Espaços Centrais - Nivel1","Escala_PlantaOrdenamento":"1/10000","Fonte":"CM_Vetor","ID":399212,"Municipio":"ODIVELAS"},"geometry":{"type":"Polygon","coordinates":[[[-9.15801991478663,38.8021326562831],[-9.15802096444711,38.802131393013],[-9.15853589542528,38.8015397500615],[-9.15916581615012,38.8005878664992],[-9.15917395291721,38.8004752148684],[-9.15912588562022,38.8003962001725],[-9.15917550657302,38.8003346197893],[-9.15927820029089,38.80020717771],[-9.15933122115022,38.8001396289163],[-9.15936620276866,38.8000951735394],[-9.15940062496816,38.8000513785822],[-9.15943005892538,38.8000087813607],[-9.15946660939282,38.7999647907167],[-9.15947121373603,38.7999583910264],[-9.1595082607074,38.799910567642],[-9.15953908504721,38.7998680593053],[-9.15958758913832,38.7997939867704],[-9.15964964310572,38.7996993558368],[-9.15968008525669,38.7996556345894],[-9.15971789098053,38.7996014461313],[-9.15971595301827,38.799498630859],[-9.15971301100921,38.799462946346],[-9.15971683116124,38.7994515134537],[-9.15974401671945,38.7994168562947],[-9.15977860089573,38.7993747383226],[-9.15978664136809,38.7993671373444],[-9.15982851854487,38.7993286942502],[-9.15984516256839,38.7993134141991],[-9.1598751940037,38.7992861178604],[-9.1599201512936,38.7992439393877],[-9.15997431335848,38.7991954589026],[-9.15998631042349,38.7991844913704],[-9.16003194286304,38.7991428956228],[-9.16001344605419,38.7990991014918],[-9.16001133359013,38.7990858507907],[-9.16007771747861,38.7990569482318],[-9.16011652029546,38.7990401126752],[-9.16018218758043,38.7990118538154],[-9.16033425540608,38.7989379143124],[-9.16035742057892,38.798900607982],[-9.16036929637047,38.7988610298482],[-9.1603840568397,38.7988053074743],[-9.16040248661168,38.7987477479077],[-9.16041688805621,38.798695873307],[-9.16042764327614,38.7986383649587],[-9.16044494832434,38.798598748107],[-9.16047046825325,38.7985725287336],[-9.16051867499009,38.7985102568363],[-9.16051951779378,38.7985091677296],[-9.16058354920813,38.7983445401274],[-9.16063503946562,38.7982881335491],[-9.16103259086817,38.7980001220927],[-9.16311970147284,38.7956932043467],[-9.16361865758599,38.795141673013],[-9.16421292367927,38.7948257815621],[-9.16439700875195,38.7949700457671],[-9.16492194206523,38.7945936053603],[-9.16536477990281,38.7944457201282],[-9.16607443769455,38.7955041800882],[-9.16611432623785,38.7955636637515],[-9.16615280361578,38.7956587799573],[-9.16617640169684,38.795717113747],[-9.16618047572714,38.7958539346657],[-9.16618654663256,38.796057701864],[-9.16609530207476,38.7964743370685],[-9.16597303184302,38.7964222352828],[-9.16591177835641,38.7963932946992],[-9.16589944611907,38.7963866209971],[-9.16571198198268,38.7962912197418],[-9.16567750780502,38.7962915244091],[-9.16563404338141,38.7962975896682],[-9.16557183151238,38.7963068832668],[-9.16550020507449,38.7963692197141],[-9.16548547319229,38.7963757542722],[-9.16544981503248,38.7963870045619],[-9.16537922628877,38.7964057163614],[-9.16535085637892,38.7964147135591],[-9.16533544912719,38.7964254607552],[-9.16532502213506,38.7964374433847],[-9.1653162777389,38.7964544909625],[-9.16530831885305,38.7964788822441],[-9.1653042737328,38.7965064009673],[-9.16530320156353,38.7965652481213],[-9.16530177027016,38.7966031191704],[-9.16529833684961,38.7966260926222],[-9.16529397592843,38.7966453172301],[-9.16527679878434,38.7966865444734],[-9.1653464042614,38.7968092797495],[-9.1653586882024,38.7968285198322],[-9.16537127873763,38.7968443784914],[-9.16538269870621,38.7968555550299],[-9.16543328009002,38.7968956337565],[-9.16564753940167,38.7970701442793],[-9.16590403433325,38.7972694128562],[-9.16597848889023,38.7973213505047],[-9.16600054473788,38.7973413962151],[-9.16602482076683,38.7973358029318],[-9.16606606849232,38.7973338355974],[-9.16607150151733,38.7977263983574],[-9.16607761363665,38.7979110440649],[-9.16606526932751,38.797979159984],[-9.16602187168083,38.7982185854274],[-9.16598931628155,38.7983519523115],[-9.16594436869105,38.7985360724196],[-9.16591867418863,38.7988435683978],[-9.1657837156282,38.7993610282306],[-9.16568172144158,38.7996745238735],[-9.16551031758105,38.7999932692317],[-9.16538291877004,38.8001263109792],[-9.16528374302013,38.8000814255568],[-9.16484027928815,38.8003212230049],[-9.16479731333065,38.8003511476402],[-9.16478308789437,38.8003704593235],[-9.16465537708239,38.8003828481159],[-9.16457555544079,38.8003395961457],[-9.16452455024895,38.8003228431545],[-9.16443751460615,38.8003062267008],[-9.16437367121011,38.8003012047919],[-9.16430837334756,38.8003071868865],[-9.16427477534919,38.8003162209395],[-9.16397080557847,38.8004387085586],[-9.16337487921746,38.800678799072],[-9.16313221623809,38.8007741701628],[-9.16306015291577,38.8008059714133],[-9.16303976891282,38.8008212848855],[-9.16301842940722,38.8008502976985],[-9.16300578261452,38.8008832870765],[-9.16300427075855,38.8009062705987],[-9.16300755492926,38.8009263288322],[-9.16305570851052,38.8009927400367],[-9.16339667612876,38.8014558779477],[-9.16363477593701,38.8017781426508],[-9.16368021026601,38.8018316062731],[-9.1637018613808,38.8018402431053],[-9.16375148752241,38.8018489925233],[-9.16377125929081,38.8018486799618],[-9.16390726956275,38.80169160422],[-9.16460009016796,38.8008668678278],[-9.16503134174538,38.8010608643247],[-9.16504501379831,38.8012662084932],[-9.16507593348587,38.8013745670612],[-9.1655019415399,38.8014080786197],[-9.16669719676202,38.8015020939128],[-9.16675319869894,38.8024556466895],[-9.16639609313908,38.8027426000921],[-9.16681554061119,38.8032060367796],[-9.16660543816946,38.8035439905785],[-9.16643333464386,38.803919834668],[-9.16645028939706,38.8039726623926],[-9.16654304438967,38.8042616680122],[-9.1665845408996,38.8044294383078],[-9.16692074334009,38.8044317224563],[-9.16707295529815,38.8044327564844],[-9.16756291907326,38.804543054402],[-9.16787693784058,38.804640176726],[-9.16801526330679,38.8046829587284],[-9.16843216132826,38.8048118979877],[-9.16945674620385,38.8052232467278],[-9.16990140862884,38.8055403710512],[-9.17000607975323,38.8055962566463],[-9.17000687753274,38.8055966825929],[-9.17000687926387,38.8055966797872],[-9.17000750032039,38.8055970084812],[-9.17000714501535,38.8055975843534],[-9.16993778194303,38.8057125107755],[-9.16994560101514,38.805807109058],[-9.16994284190002,38.805815152228],[-9.16993986996746,38.8058180193008],[-9.16948259183726,38.8062592627032],[-9.16948050747911,38.8062621867749],[-9.16922411192035,38.8066219564799],[-9.169222398451,38.8066237549718],[-9.16922239707359,38.8066237569042],[-9.16894368672225,38.8069162943276],[-9.16852389316598,38.8072298824475],[-9.16825550512567,38.80740971697],[-9.16798631518911,38.8075507308234],[-9.1677162335406,38.8076136570159],[-9.16766110897446,38.8076150471762],[-9.16759090858647,38.807616570801],[-9.16728847340958,38.8076239317554],[-9.16650452007498,38.8075940378278],[-9.16597392569172,38.8075464944016],[-9.16473537965436,38.8074945728607],[-9.16423610819495,38.807423504801],[-9.16419915711696,38.8074159033208],[-9.16346251847037,38.8072664712331],[-9.16347044968346,38.8072653603926],[-9.163472694222,38.8072645649941],[-9.16443554108755,38.8069234624638],[-9.16524849505748,38.8066255986999],[-9.16544755156229,38.8065546595019],[-9.16544822564314,38.8065533921719],[-9.16589496489737,38.8057138849633],[-9.16589260343075,38.8057098535531],[-9.16547149738657,38.8049933222152],[-9.16539565069979,38.8048589667611],[-9.16536472512013,38.8048041621415],[-9.1652929823881,38.8046770180601],[-9.16469048839882,38.8044565219024],[-9.16453783248873,38.8044001318211],[-9.16449813493358,38.8043855299855],[-9.16438334508846,38.8047032536479],[-9.16440502985335,38.804730085604],[-9.16439146230517,38.8047551565397],[-9.16437734628197,38.8047821239253],[-9.16436356859716,38.8048085483766],[-9.16431197337102,38.8048948475984],[-9.16430242419107,38.8049111455413],[-9.16429501577783,38.8049083288209],[-9.16427030586966,38.8049031420591],[-9.16354093107914,38.8048046276736],[-9.16344432634191,38.8051062120262],[-9.16337231256619,38.8051296457097],[-9.16337258380449,38.8051286889362],[-9.16333113083436,38.8051010189351],[-9.16233958698795,38.8048819885026],[-9.16238176391,38.8046243861264],[-9.16181352440833,38.8046472080296],[-9.16161109182298,38.8043764026141],[-9.16147604455585,38.8043300203403],[-9.16142227635829,38.8042715584578],[-9.16137413668316,38.8042504801068],[-9.16127171602226,38.8042768671835],[-9.16116367957695,38.8042666686707],[-9.16106397985053,38.8042699368376],[-9.16058432769048,38.8042793487137],[-9.16013575133761,38.8036240655499],[-9.16009054998987,38.803558033527],[-9.16001015217705,38.8034654590182],[-9.15991640834811,38.8033575149272],[-9.15959267631146,38.8033891463919],[-9.15926894281901,38.8034207769755],[-9.15824215240708,38.8032881078488],[-9.15817417574961,38.8032606154442],[-9.15810297769538,38.8032061603797],[-9.15802866484806,38.8031529569518],[-9.15796082625977,38.8031143871332],[-9.15790418568562,38.8030928509913],[-9.15783989575483,38.8030836245584],[-9.15766212621093,38.8030721590265],[-9.15764063005563,38.8030707728432],[-9.15761076023785,38.8030686727401],[-9.1576452276572,38.8028054078069],[-9.15770802414921,38.8025525515481],[-9.15783390687711,38.8023565159829],[-9.15801990800645,38.8021326640731],[-9.15801991478663,38.8021326562831]],[[-9.16344134377833,38.8031523137535],[-9.16306675728883,38.8031633364594],[-9.16296820370383,38.8031676353963],[-9.1629181091015,38.8031732930987],[-9.1628862299075,38.8031820768477],[-9.16286558671482,38.8031942630635],[-9.1628123962857,38.8032290282274],[-9.16278421979621,38.8032507108788],[-9.16275608032035,38.8032749665077],[-9.16269555114916,38.8033168787687],[-9.16254335485726,38.8034165989063],[-9.16228494628381,38.8035817841131],[-9.16218762716968,38.8036511654507],[-9.16214048428744,38.8037078711748],[-9.16213040984216,38.8037314763569],[-9.16212334745183,38.8037666583834],[-9.1621282472904,38.803809519092],[-9.16216721410922,38.8039283535813],[-9.16221133577993,38.8039485424142],[-9.16234221038817,38.8042860616285],[-9.16303095837841,38.8044043101349],[-9.1634338702455,38.8036976858841],[-9.16348481175703,38.8036021956953],[-9.16349352966508,38.8035796957929],[-9.16350043309078,38.8035264757296],[-9.16341368193625,38.8035135236765],[-9.16344134377833,38.8031523137535]]]}},{"type":"Feature","id":"CRUS_Odivelas_V.399213","properties":{"Area_Ha":1.69418277830653,"Autor":"DGT","Categoria":"Espaço de Uso Especial Equipamentos e Infraestruturas","Classe":"Solo Urbano","DTCC":"1116","Data_PublicacaoPDM":"2024-09-06T00:00:00","Designacao_PlantaOrdenamento":"Espaço de Uso Especial - Equipamentos","Escala_PlantaOrdenamento":"1/10000","Fonte":"CM_Vetor","ID":399213,"Municipio":"ODIVELAS"},"geometry":{"type":"Polygon","coordinates":[[[-9.18273696195306,38.7974331693455],[-9.18283685549008,38.7973226452942],[-9.18223405964642,38.7969139569914],[-9.18304961620031,38.7965856291852],[-9.18327727915109,38.7966462148124],[-9.18362632045115,38.7965700004863],[-9.18367886467264,38.7965147237631],[-9.18376207195056,38.7965035360607],[-9.1838419835228,38.7964949882674],[-9.18390871116146,38.7964969966964],[-9.18398559410576,38.7965093523581],[-9.18406251657552,38.7965243188478],[-9.18412897480189,38.7965080617812],[-9.18417515721805,38.7964737201841],[-9.18424713341446,38.7963791215813],[-9.18442753632681,38.7964009842127],[-9.18458091993896,38.7963996030763],[-9.18457942876682,38.7965248834194],[-9.18464501052398,38.7966756571121],[-9.18499391394364,38.7970430948055],[-9.18494156101624,38.7971114193269],[-9.18478123821349,38.7970945956159],[-9.18462091546517,38.7970777707798],[-9.18437750002599,38.7970799638816],[-9.18396111450764,38.7971124205001],[-9.18388128006247,38.7971261874396],[-9.18383827902467,38.7971500626042],[-9.18380531721375,38.7971764559959],[-9.18376959724194,38.7972420209951],[-9.18376684024476,38.7972811916972],[-9.18377270543447,38.7974533800583],[-9.18370116594429,38.797474501475],[-9.18361692516836,38.7975032339561],[-9.18356739891668,38.7975257636538],[-9.1834955931722,38.7975683695095],[-9.18345821760449,38.7975856360843],[-9.18342080113431,38.7975999604109],[-9.18330521211428,38.7977171920356],[-9.18300034547376,38.7975660849972],[-9.18281692151356,38.7974759453554],[-9.18278993826535,38.7974647496389],[-9.18273696195306,38.7974331693455]]]}},{"type":"Feature","id":"CRUS_Odivelas_V.399214","properties":{"Area_Ha":3.01986266186176,"Autor":"DGT","Categoria":"Espaço Habitacional","Classe":"Solo Urbano","DTCC":"1116","Data_PublicacaoPDM":"2024-09-06T00:00:00","Designacao_PlantaOrdenamento":"Espaço Habitacional - Nivel 2","Escala_PlantaOrdenamento":"1/10000","Fonte":"CM_Vetor","ID":399214,"Municipio":"ODIVELAS"},"geometry":{"type":"Polygon","coordinates":[[[-9.19615781461979,38.7738824360164],[-9.19611905551823,38.773916502665],[-9.19472186116543,38.7729424122226],[-9.19430562049361,38.7726522114868],[-9.19424738795198,38.7726119184125],[-9.19388098136738,38.772358395241],[-9.19374969542803,38.7721384331598],[-9.19405837639051,38.7720826388386],[-9.19452125483645,38.7719989715109],[-9.19537216148404,38.771845161209],[-9.19547724295757,38.771826165662],[-9.19557770394414,38.771836949659],[-9.19564209131435,38.7718792023309],[-9.19612010322126,38.7721955384763],[-9.19656428521027,38.7724894829239],[-9.1966059256812,38.7725169301262],[-9.1966608170776,38.7725748647566],[-9.19666262897614,38.7726276708101],[-9.19643222061964,38.7732460780742],[-9.19641115127923,38.7732949425096],[-9.19631531950303,38.7735171775474],[-9.19629244472103,38.7735702244525],[-9.19620762434192,38.7737669249024],[-9.19618236544686,38.7738254994686],[-9.19615781461979,38.7738824360164]]]}},{"type":"Feature","id":"CRUS_Odivelas_V.399215","properties":{"Area_Ha":2.9663644963129,"Autor":"DGT","Categoria":"Espaço de Uso Especial Equipamentos e Infraestruturas","Classe":"Solo Urbano","DTCC":"1116","Data_PublicacaoPDM":"2024-09-06T00:00:00","Designacao_PlantaOrdenamento":"Espaço de Uso Especial - Equipamentos","Escala_PlantaOrdenamento":"1/10000","Fonte":"CM_Vetor","ID":399215,"Municipio":"ODIVELAS"},"geometry":{"type":"Polygon","coordinates":[[[-9.19278652632658,38.7945959985239],[-9.19277172037874,38.7944382381526],[-9.192457490101,38.7944055235123],[-9.19221555173458,38.7943246196729],[-9.19207510516245,38.7942139627211],[-9.19196853665722,38.7940969201585],[-9.19194344535385,38.7940272383922],[-9.19193247507264,38.7939557817357],[-9.19196359758151,38.7938928716597],[-9.1921224840629,38.793730532102],[-9.19233100170685,38.7935279924468],[-9.19256255374989,38.7933696453459],[-9.19279650305166,38.7932379219939],[-9.19312830287913,38.7931743456299],[-9.19331487164043,38.7931763521391],[-9.19381182654337,38.7931737397524],[-9.19469565426775,38.7929626698288],[-9.19498049632771,38.7937021056938],[-9.1940979816403,38.7937040966627],[-9.19403459637178,38.7937332115726],[-9.19399903389614,38.7937941797044],[-9.19401201354762,38.7943612770145],[-9.19362009148317,38.7943684050703],[-9.19361701007668,38.7947751161147],[-9.19340316044392,38.7948020297557],[-9.19288740273172,38.794936287246],[-9.19278652632658,38.7945959985239]]]}},{"type":"Feature","id":"CRUS_Odivelas_V.399216","properties":{"Area_Ha":1.37234245441563,"Autor":"DGT","Categoria":"Espaço de Atividades Económicas","Classe":"Solo Urbano","DTCC":"1116","Data_PublicacaoPDM":"2024-09-06T00:00:00","Designacao_PlantaOrdenamento":"Espaço de Atividades Económicas Consolidados","Escala_PlantaOrdenamento":"1/10000","Fonte":"CM_Vetor","ID":399216,"Municipio":"ODIVELAS"},"geometry":{"type":"Polygon","coordinates":[[[-9.18695061937655,38.799990822528],[-9.18703751210693,38.8000253806462],[-9.18707128603822,38.8001733987477],[-9.18705768244016,38.8003218433215],[-9.18698126754082,38.8004955753771],[-9.1869269017572,38.800557868476],[-9.18667220155984,38.8004242036421],[-9.18652924028902,38.8003698740292],[-9.18630813320079,38.8003718691661],[-9.18614175747231,38.8003362905998],[-9.18574448826225,38.8007106778284],[-9.18590406225794,38.8008204818839],[-9.18561452416175,38.801002315541],[-9.18519924961961,38.8006908733814],[-9.18492802886333,38.8005079134734],[-9.18462513512469,38.8003190611364],[-9.18440193502804,38.8001789282674],[-9.18409867748715,38.799965355993],[-9.18399356113341,38.7999032933647],[-9.18418436605014,38.7997059829947],[-9.18447589954044,38.7998383566506],[-9.18452751239646,38.7998659412606],[-9.18471470875874,38.7999659879908],[-9.18488181431426,38.8000510038637],[-9.185088036195,38.8001109454871],[-9.18534063978544,38.8001024885542],[-9.18541292928103,38.8000957364944],[-9.18573158502255,38.8000659736265],[-9.1858532856921,38.800054605559],[-9.18610607085885,38.8000585062439],[-9.18626141656956,38.800057104275],[-9.18627189901223,38.8000570097871],[-9.18642992574365,38.8000617647854],[-9.18647882268243,38.8000643821277],[-9.18662752394051,38.8000723414079],[-9.18682457498216,38.8000458417129],[-9.18695061937655,38.799990822528]]]}},{"type":"Feature","id":"CRUS_Odivelas_V.399217","properties":{"Area_Ha":0.630936080150632,"Autor":"DGT","Categoria":"Espaço de Uso Especial Equipamentos e Infraestruturas","Classe":"Solo Urbano","DTCC":"1116","Data_PublicacaoPDM":"2024-09-06T00:00:00","Designacao_PlantaOrdenamento":"Espaço de Uso Especial - Equipamentos","Escala_PlantaOrdenamento":"1/10000","Fonte":"CM_Vetor","ID":399217,"Municipio":"ODIVELAS"},"geometry":{"type":"Polygon","coordinates":[[[-9.22355020818697,38.8116632312009],[-9.22349717113182,38.8115653531723],[-9.22356652563665,38.8115206844076],[-9.22366935929993,38.8114549641145],[-9.22375752259145,38.8114121575258],[-9.22377000439517,38.811407760298],[-9.22383853683396,38.8113878288766],[-9.22383953691916,38.8113875721422],[-9.22388800542071,38.8113800471095],[-9.22389729223067,38.8113793906631],[-9.22394103950188,38.8113826778075],[-9.22401720274494,38.8114021168939],[-9.22407918012394,38.8114262047665],[-9.22410613601657,38.8114408916992],[-9.22412291025134,38.8114556737128],[-9.22415184217962,38.8114886875277],[-9.22429022033908,38.8117088602293],[-9.22430390823106,38.811729655536],[-9.22457007343211,38.8122179508929],[-9.22458490995746,38.8122568297672],[-9.22426256487242,38.8123661830672],[-9.22412244392523,38.8124109090962],[-9.22406254112502,38.8124386723058],[-9.22397806249416,38.8124618659977],[-9.22396198307526,38.8124230447005],[-9.22383170636096,38.8121827044283],[-9.22355020818697,38.8116632312009]]]}},{"type":"Feature","id":"CRUS_Odivelas_V.399218","properties":{"Area_Ha":5.75919290428473,"Autor":"DGT","Categoria":"Espaço Habitacional","Classe":"Solo Urbano","DTCC":"1116","Data_PublicacaoPDM":"2024-09-06T00:00:00","Designacao_PlantaOrdenamento":"Espaço Habitacional - Nivel 1","Escala_PlantaOrdenamento":"1/10000","Fonte":"CM_Vetor","ID":399218,"Municipio":"ODIVELAS"},"geometry":{"type":"Polygon","coordinates":[[[-9.16643333464386,38.803919834668],[-9.16763841982416,38.8042192594599],[-9.16865735671242,38.8044102663452],[-9.16865991832239,38.8043310281454],[-9.16861620112247,38.803086198262],[-9.16842661388927,38.8024276184943],[-9.16855522656259,38.8019451080733],[-9.16854545024292,38.8019280004864],[-9.16857719218979,38.8019413911291],[-9.16856858176866,38.8018102349227],[-9.16855948274394,38.8017384344197],[-9.16855835274646,38.801733945203],[-9.16852430464987,38.8015986777209],[-9.16848043422093,38.8014629609345],[-9.16850662127337,38.8012523999903],[-9.16849432229966,38.8011502726958],[-9.16850735309237,38.8011200702494],[-9.16853329144209,38.8010910156876],[-9.16857967281047,38.8010665094214],[-9.16866642552861,38.8010437608498],[-9.16899020224858,38.8010451659768],[-9.16932640721544,38.8010542981942],[-9.16964426739027,38.8011278066783],[-9.16968698145562,38.801177763487],[-9.1697417426749,38.8013018303788],[-9.16974053675828,38.8013277818543],[-9.16973458166999,38.8014855361884],[-9.16972915734611,38.801550279147],[-9.16972108984833,38.8016402107268],[-9.16971411475007,38.8017014532933],[-9.16970910065166,38.801743066223],[-9.16969604989142,38.8018271297182],[-9.16968738943765,38.8018755053331],[-9.16967283608855,38.8019593166953],[-9.16965813397135,38.8020299955632],[-9.16965040136849,38.8020646061152],[-9.16963589613813,38.8021252238445],[-9.16962242113141,38.8021775472766],[-9.16960894728179,38.8022298725025],[-9.16959644111428,38.802271258442],[-9.16958393839051,38.8023126443516],[-9.16955889309627,38.8023936242276],[-9.16953308753719,38.8024731842343],[-9.16950384944516,38.8025524487315],[-9.16947547012362,38.8026326130337],[-9.1694678788882,38.8026540523861],[-9.16943981910298,38.8027338174638],[-9.16981153432183,38.8028120223369],[-9.1698361201041,38.802827537488],[-9.16984819041874,38.8028485206881],[-9.16984740009795,38.8028666013658],[-9.16983491035245,38.8029027484635],[-9.16975346177118,38.8031304894604],[-9.16992628171072,38.8031671014223],[-9.16995379013946,38.8031792507243],[-9.16997371390147,38.8032058020196],[-9.16997569875316,38.8032328005459],[-9.16995040323978,38.8033037513217],[-9.16991951867605,38.8033913752683],[-9.16984899131153,38.8035897206877],[-9.16982589180792,38.8036541681097],[-9.16980605471362,38.8037118724957],[-9.169802098089,38.8038270961612],[-9.1698453678556,38.8038711654551],[-9.17013770790211,38.8039408051325],[-9.17015466188119,38.804129579795],[-9.17017767028679,38.8042460647564],[-9.16987651517501,38.8050377845643],[-9.16996919607189,38.8050591882485],[-9.16989435000335,38.8052876760777],[-9.16990163893672,38.8054248193176],[-9.16990140862884,38.8055403710512],[-9.16945674620385,38.8052232467278],[-9.16843216132826,38.8048118979877],[-9.16801526330679,38.8046829587284],[-9.16787693784058,38.804640176726],[-9.16756291907326,38.804543054402],[-9.16707295529815,38.8044327564844],[-9.16692074334009,38.8044317224563],[-9.1665845408996,38.8044294383078],[-9.16654304438967,38.8042616680122],[-9.16645028939706,38.8039726623926],[-9.16643333464386,38.803919834668]]]}},{"type":"Feature","id":"CRUS_Odivelas_V.399219","properties":{"Area_Ha":8.1722108294932,"Autor":"DGT","Categoria":"Espaço Central","Classe":"Solo Urbano","DTCC":"1116","Data_PublicacaoPDM":"2024-09-06T00:00:00","Designacao_PlantaOrdenamento":"Espaços Centrais - Nivel1","Escala_PlantaOrdenamento":"1/10000","Fonte":"CM_Vetor","ID":399219,"Municipio":"ODIVELAS"},"geometry":{"type":"Polygon","coordinates":[[[-9.18339580373898,38.7876734396285],[-9.18335021447023,38.7877002046492],[-9.18318800503577,38.7877954376641],[-9.18306375872392,38.787668999055],[-9.18309032294449,38.7875271522364],[-9.18308890513967,38.7875258954738],[-9.18224345831211,38.7865898460488],[-9.18211322078299,38.7866605444766],[-9.18202385147027,38.7866220490765],[-9.18175207600372,38.7862350754458],[-9.18155140301061,38.786400839676],[-9.1810030833395,38.7860324740812],[-9.18106735566693,38.7859273298871],[-9.18116242815776,38.7859068053308],[-9.18122246133226,38.7858594614191],[-9.18176691296314,38.7854300707444],[-9.18238097533985,38.7853053081573],[-9.18294659997964,38.7854712456816],[-9.18370905518943,38.7860179860492],[-9.18385340994168,38.7859427869776],[-9.18503481778809,38.785327331905],[-9.18548262757298,38.7857724189262],[-9.18592508035421,38.7867805411721],[-9.18637511418935,38.7871409587847],[-9.18673667388842,38.7875653197376],[-9.18677490278033,38.7876101885857],[-9.18650127694085,38.7877847633789],[-9.18611711611334,38.7873762926722],[-9.18600278218418,38.7875932907912],[-9.18580306208714,38.7879110444004],[-9.18558865932509,38.7882729227358],[-9.1854190032147,38.7885504101652],[-9.18530297574862,38.7888123303053],[-9.18522759525483,38.7887522048441],[-9.18512623210232,38.7886713565675],[-9.18495003077571,38.7885308128792],[-9.18492559900888,38.7884064898582],[-9.18477324741831,38.7876312360401],[-9.1847673534052,38.7876012391036],[-9.18456067562614,38.7877385835857],[-9.18451657984325,38.7878958947225],[-9.18408288442122,38.7880697921666],[-9.18401781270695,38.7880631134608],[-9.18393304620096,38.7879796065562],[-9.18379839578081,38.7877861286071],[-9.18360932255872,38.7875524570477],[-9.18339742953947,38.7876725175831],[-9.18339580373898,38.7876734396285]],[[-9.18387822472412,38.7867602791932],[-9.18388011232177,38.7871676061159],[-9.18409467090212,38.7871461156782],[-9.18466279945003,38.7870691980029],[-9.18458634322737,38.7866801327807],[-9.18469697073917,38.7863449251134],[-9.18470293126971,38.7862853863756],[-9.18402117915683,38.7861656170791],[-9.18387822472412,38.7867602791932]]]}},{"type":"Feature","id":"CRUS_Odivelas_V.399220","properties":{"Area_Ha":4.07604969061132,"Autor":"DGT","Categoria":"Espaço Habitacional","Classe":"Solo Urbano","DTCC":"1116","Data_PublicacaoPDM":"2024-09-06T00:00:00","Designacao_PlantaOrdenamento":"Espaço Habitacional - Nivel 1","Escala_PlantaOrdenamento":"1/10000","Fonte":"CM_Vetor","ID":399220,"Municipio":"ODIVELAS"},"geometry":{"type":"Polygon","coordinates":[[[-9.20730644984744,38.7809939019015],[-9.20708412154176,38.7811552010281],[-9.20691773816785,38.781324368322],[-9.20685659214501,38.7814820981911],[-9.20681027913042,38.7816320476405],[-9.20654510828954,38.7813628106938],[-9.20602978996262,38.7816715364629],[-9.20562601063033,38.7817624784924],[-9.20523511594475,38.7818666279614],[-9.20516298663345,38.7817774901505],[-9.20479296657438,38.7812148060452],[-9.2041653986885,38.780726734818],[-9.20393578868672,38.7801430112784],[-9.20397088847274,38.7798697937903],[-9.20407267380245,38.7797548965929],[-9.20431342815564,38.7795226383176],[-9.20451090386323,38.7796485301601],[-9.20457336892238,38.7795729123751],[-9.20528290102838,38.7799364468314],[-9.20657146187002,38.7804332000318],[-9.20689166438361,38.7806161514967],[-9.20710039564583,38.780806245714],[-9.20724274985802,38.7809358899739],[-9.20730644984744,38.7809939019015]]]}},{"type":"Feature","id":"CRUS_Odivelas_V.399221","properties":{"Area_Ha":54.6201303925892,"Autor":"DGT","Categoria":"Espaço Central","Classe":"Solo Urbano","DTCC":"1116","Data_PublicacaoPDM":"2024-09-06T00:00:00","Designacao_PlantaOrdenamento":"Espaços Centrais - Nivel1","Escala_PlantaOrdenamento":"1/10000","Fonte":"CM_Vetor","ID":399221,"Municipio":"ODIVELAS"},"geometry":{"type":"Polygon","coordinates":[[[-9.19023165897059,38.7909045966753],[-9.1903608700122,38.7908378551132],[-9.19045183394395,38.7906919577391],[-9.18988272892229,38.7901188758958],[-9.1897133619241,38.7897724253695],[-9.1895581997242,38.7893443940369],[-9.18953279776534,38.7883191957431],[-9.18936375793686,38.7883207248243],[-9.18857155804749,38.7883035235381],[-9.18855784619799,38.7882868928706],[-9.18856624942175,38.7881701673425],[-9.18834146393107,38.7879667343308],[-9.18821474840887,38.7880212951717],[-9.18804062612862,38.7881156483517],[-9.18791721952523,38.7882150368062],[-9.1878840759408,38.788249542097],[-9.18762393776088,38.7881119135734],[-9.18762515748157,38.7876419487747],[-9.18744122781276,38.7876086168949],[-9.18729479931332,38.7875830067422],[-9.18709053792758,38.7875378299807],[-9.18691868807547,38.7874977265941],[-9.18679505344108,38.7872725795706],[-9.18614180483457,38.7867094934343],[-9.18576556451438,38.7858767748955],[-9.18571476599748,38.7857643425643],[-9.18565752784654,38.7856897029366],[-9.18554056074018,38.7855371711463],[-9.18532978493183,38.7853154916555],[-9.18505339639192,38.7850215541826],[-9.18493267410112,38.7849480608423],[-9.18378109265886,38.7842216538543],[-9.18385553782806,38.7841942644085],[-9.18409959934081,38.7840939340933],[-9.18431891910313,38.7839810269946],[-9.18448114557218,38.7838814329584],[-9.18461875818835,38.7837777948093],[-9.18472429842405,38.7836802725742],[-9.18480228848555,38.7836081056353],[-9.18486331260481,38.7835709502974],[-9.18495178290064,38.7835279272104],[-9.18500861048098,38.7834871825503],[-9.18502968667252,38.7834561166471],[-9.18503620343236,38.7834111468544],[-9.18503081188049,38.7833700277604],[-9.18502748375184,38.7833064336223],[-9.18503524240192,38.7832566410016],[-9.18543621730497,38.7828267180318],[-9.18613738753209,38.782341188675],[-9.18622631920307,38.7824109258704],[-9.18669688620895,38.7821184654215],[-9.18676274619288,38.7821904201271],[-9.1872851737771,38.7819126451563],[-9.18785364314942,38.7823360852872],[-9.18812844295868,38.7822842781496],[-9.1884848180432,38.7820323549584],[-9.18884764393595,38.7819746866124],[-9.18892896088303,38.7819860753801],[-9.18968341699079,38.7820866770905],[-9.18974173089403,38.7822128616506],[-9.18978681687636,38.7822979187177],[-9.18984373932711,38.7823924107564],[-9.18991853883927,38.7824948068483],[-9.19000136475221,38.78259929188],[-9.19023618638604,38.7828684204207],[-9.19083767943852,38.7835457237273],[-9.19088852963844,38.7836034501266],[-9.19095377818572,38.7836775216871],[-9.19099045039954,38.7837168584591],[-9.19106515470211,38.7838304020591],[-9.19110147135649,38.7839244281005],[-9.19115701935791,38.7840306960127],[-9.19120592429417,38.7841171589671],[-9.19125102894526,38.7841614458347],[-9.19130540178598,38.7841882657917],[-9.19135302015321,38.7841878345518],[-9.19142570563476,38.784164828159],[-9.19147904848697,38.7841221336436],[-9.19155106964078,38.7840544378848],[-9.19160880094348,38.7839448298968],[-9.19165377711785,38.783996333888],[-9.19192403586294,38.7841807268765],[-9.19204427314168,38.7842627616717],[-9.19200224486488,38.7854326639202],[-9.19255963605451,38.7856034338071],[-9.19308807595132,38.7859530362197],[-9.19353816800297,38.78611682812],[-9.19355548137974,38.7861404131938],[-9.1935654615032,38.7861719608227],[-9.19356666412864,38.786177994034],[-9.19357316678724,38.7862106007412],[-9.19357544386321,38.786235506899],[-9.19356715727998,38.7862665683997],[-9.19356812892111,38.7863087149602],[-9.19359130796535,38.7863873138784],[-9.19363288330371,38.7864388524511],[-9.19373461785005,38.7865712763135],[-9.19381279775977,38.7866678739852],[-9.1938575371869,38.7867291000391],[-9.19393227424216,38.7866877117507],[-9.19400844060862,38.7867584102486],[-9.19418785034331,38.7869163599739],[-9.19431323671597,38.7870496023725],[-9.19429988589608,38.7872345000819],[-9.19420986498849,38.7876762623059],[-9.19417611359029,38.7879327361369],[-9.1942054948502,38.7881046473681],[-9.19429078994422,38.7883425117695],[-9.19526114106128,38.7891693758126],[-9.1957362367252,38.7894544759884],[-9.19580670618205,38.7895172333565],[-9.19592924929796,38.7896591641668],[-9.19606319210888,38.7897551663428],[-9.19570988421931,38.7901831784064],[-9.19538331073062,38.7903528631545],[-9.19523922895587,38.7905180549205],[-9.19512798535464,38.7907362002236],[-9.19489919222595,38.7911848473201],[-9.19487022457347,38.7916212252501],[-9.19463943907362,38.7923108212414],[-9.19461119160007,38.7923952269094],[-9.19461206481379,38.7924540195587],[-9.19461367865315,38.7925626653903],[-9.19461899442474,38.7925886048193],[-9.19463876748327,38.7926850877262],[-9.19449353840134,38.7927119713075],[-9.19448976615688,38.792816083766],[-9.19417956823351,38.79291374611],[-9.19315012624736,38.7928113443483],[-9.19263306939376,38.7926197934894],[-9.19196370736976,38.7925697297111],[-9.19196265020987,38.7924984360213],[-9.1917111452097,38.792476021082],[-9.19170276620444,38.7920332717885],[-9.19131512439673,38.7918926353055],[-9.19136300275236,38.7915524903456],[-9.19109814378949,38.7915044095313],[-9.19053790302903,38.791136964864],[-9.19043017028564,38.791170219036],[-9.19023165897059,38.7909045966753]],[[-9.19209391213406,38.7903205117104],[-9.19211863901926,38.7903891954626],[-9.19211834341893,38.7903925308057],[-9.19218360908871,38.790649288437],[-9.19236073855196,38.7913090246309],[-9.19236442084835,38.7913322314064],[-9.19236809797289,38.7913551664504],[-9.19240515122951,38.7914943599598],[-9.1924118633553,38.7915201504978],[-9.19245391741548,38.7915308489128],[-9.19250304974783,38.7915299528978],[-9.19255934396505,38.791522955932],[-9.19291344597147,38.7913022069313],[-9.19313997607666,38.7911561179661],[-9.19320888538275,38.7910996447234],[-9.19328978488841,38.7910133377491],[-9.19340116000772,38.7908556820411],[-9.19359232752412,38.7905683123682],[-9.19381728249201,38.7902466778887],[-9.19380834076348,38.7902257707741],[-9.19375495372866,38.7901881541444],[-9.19371302041581,38.7902010555182],[-9.1936655866746,38.790215538149],[-9.19356381877917,38.7901751172762],[-9.19348800656246,38.790146530954],[-9.19326062771852,38.7900566276787],[-9.19321871458989,38.7900398931779],[-9.19318849895822,38.7900280077399],[-9.19315376712167,38.7900143610448],[-9.19317111257469,38.78998880194],[-9.19317320289681,38.7899744600157],[-9.19316792218117,38.7899676620142],[-9.19290078062095,38.7898663194542],[-9.19253315360393,38.7897331991294],[-9.19252366450454,38.7897297628883],[-9.19212269297462,38.7898395111514],[-9.1918711451696,38.7899127726099],[-9.19195376467311,38.790020296254],[-9.19199634053238,38.7900972849347],[-9.19204646818334,38.7902024005264],[-9.19209391213406,38.7903205117104]],[[-9.18839977937714,38.7861371733092],[-9.18898388440739,38.7866878714309],[-9.18915313356341,38.786832625311],[-9.18956813796977,38.7871122516375],[-9.18977447910605,38.7872357712201],[-9.18990528602807,38.7873257449285],[-9.18995653978118,38.7873358156991],[-9.19000076934839,38.7873372350279],[-9.1901599512715,38.7872975827752],[-9.19029494315383,38.7872532183402],[-9.19073830384438,38.7871699355052],[-9.19083064294163,38.7871412654632],[-9.19089767813013,38.7870982323795],[-9.19095348931753,38.7870433200681],[-9.19099828706069,38.7869761004614],[-9.19101096330764,38.7869530823085],[-9.19104563906067,38.7869137334619],[-9.19106338956141,38.7868899759222],[-9.19107702819614,38.7868686167356],[-9.19109695030756,38.7867835459217],[-9.19114830841271,38.7863495841913],[-9.19115920183654,38.7862147044394],[-9.19095761893571,38.7860022014656],[-9.19084139286265,38.78592559824],[-9.19032257007742,38.7859986344155],[-9.18954225205263,38.7855646123649],[-9.18931476079409,38.785746832451],[-9.1888759428012,38.7858626262054],[-9.18839977937714,38.7861371733092]]]}},{"type":"Feature","id":"CRUS_Odivelas_V.399222","properties":{"Area_Ha":0.334298140334245,"Autor":"DGT","Categoria":"Espaço Habitacional","Classe":"Solo Urbano","DTCC":"1116","Data_PublicacaoPDM":"2024-09-06T00:00:00","Designacao_PlantaOrdenamento":"Espaço Habitacional - Nivel 1","Escala_PlantaOrdenamento":"1/10000","Fonte":"CM_Vetor","ID":399222,"Municipio":"ODIVELAS"},"geometry":{"type":"Polygon","coordinates":[[[-9.22772771680713,38.810838279432],[-9.22778104350987,38.8112925768624],[-9.22722648095674,38.8113615679281],[-9.22702552886416,38.8114047470826],[-9.22702008839154,38.811292382916],[-9.22699502888947,38.8112528551711],[-9.22697761717145,38.8112209513222],[-9.2268561445566,38.8110133491816],[-9.22772771680713,38.810838279432]]]}},{"type":"Feature","id":"CRUS_Odivelas_V.399223","properties":{"Area_Ha":48.540712431441,"Autor":"DGT","Categoria":"Espaço Habitacional","Classe":"Solo Urbano","DTCC":"1116","Data_PublicacaoPDM":"2024-09-06T00:00:00","Designacao_PlantaOrdenamento":"Espaço Habitacional - Nivel 2","Escala_PlantaOrdenamento":"1/10000","Fonte":"CM_Vetor","ID":399223,"Municipio":"ODIVELAS"},"geometry":{"type":"Polygon","coordinates":[[[-9.18427950085927,38.811161745589],[-9.18434156411952,38.8099948330371],[-9.18450558387441,38.809919384037],[-9.1850314058512,38.8106817011772],[-9.18509801866352,38.8107740879315],[-9.18643642588835,38.8104318762393],[-9.18618540120565,38.8091871007501],[-9.18618230267696,38.8091717349031],[-9.18824693440732,38.8089046679469],[-9.19016520551475,38.808666549661],[-9.1903978406557,38.8084296373739],[-9.19053802332381,38.8083140868792],[-9.19063843721545,38.808188701406],[-9.19062270202079,38.8080213939845],[-9.19067502238737,38.8079735011616],[-9.19088044160517,38.807904956796],[-9.19069211882898,38.8073722740235],[-9.19035526102117,38.8068826190504],[-9.19032044549755,38.8068487651336],[-9.19073815152777,38.8064942250632],[-9.19089944617507,38.8064234770039],[-9.1911345242759,38.8063520587553],[-9.19139636282922,38.8063075347122],[-9.19259757692403,38.8061254641971],[-9.19264696869455,38.8061016759535],[-9.1928490164553,38.8059870685753],[-9.19306085622217,38.8058995054767],[-9.19310129259121,38.8058893085891],[-9.19309556758152,38.8058497289327],[-9.19302121621305,38.8053357678462],[-9.1931543122475,38.8053252232761],[-9.19343364889177,38.8052576019055],[-9.19371577852821,38.8051706709796],[-9.19389575881251,38.8050509204847],[-9.19397788886268,38.8049695761391],[-9.19401225216059,38.8049355393682],[-9.19406925449885,38.8049095342857],[-9.19422606076141,38.8048888257814],[-9.19439204592883,38.8048859754893],[-9.19482496076336,38.8049191113004],[-9.19505655243739,38.8049472884031],[-9.19511211651951,38.8049557862955],[-9.19519118794277,38.8049784024156],[-9.19566073348251,38.8045463432499],[-9.19549825030423,38.8044573669476],[-9.19542926016561,38.8044008867731],[-9.19531780523205,38.8042679573739],[-9.19526451716845,38.8041526024946],[-9.19524651211787,38.8040358343064],[-9.1948265043996,38.8040468652473],[-9.19472615179607,38.80402264003],[-9.19409648052724,38.8039536446721],[-9.19392911725382,38.8039364849271],[-9.19371248674664,38.8040847788435],[-9.19356940860606,38.8040954200613],[-9.19285935834391,38.8031678757393],[-9.19270976554197,38.8030073427122],[-9.19267160446069,38.802848910414],[-9.1940910739895,38.8027862059001],[-9.19482916527781,38.8027501209737],[-9.19487751541539,38.8027640334065],[-9.1949627522153,38.8027919596925],[-9.19500760545072,38.802822695349],[-9.19512806554371,38.8028949730453],[-9.19523851032981,38.8029995188136],[-9.19532631702752,38.8031119008214],[-9.19535372062942,38.8032329572806],[-9.19537127848163,38.8033508518567],[-9.19537826879832,38.8034946875199],[-9.19539545279248,38.8035481571509],[-9.1954380642209,38.8036083895512],[-9.19549311631524,38.8036918789317],[-9.19553803419557,38.8037990915084],[-9.19557833581258,38.8040556518975],[-9.19556809477897,38.8042013949806],[-9.19590669613457,38.8039694085667],[-9.19607714796411,38.8038689328322],[-9.19623143988466,38.8037307113087],[-9.19632827525767,38.8036202994304],[-9.19640792283305,38.8037135805712],[-9.19680728064084,38.8042524512205],[-9.19667069900403,38.8044197766133],[-9.19659195532604,38.8045273920895],[-9.19666507081019,38.8046051518121],[-9.19677953994263,38.8046986213146],[-9.19686374366897,38.8047442454809],[-9.19704294333313,38.8048413410371],[-9.19720415900997,38.8049292432172],[-9.19739870406188,38.8050308087317],[-9.19755936612297,38.8051198341675],[-9.19773562712486,38.8052207828696],[-9.19795505866929,38.805344239339],[-9.19807506329381,38.8054080686156],[-9.19835600536095,38.8055349454637],[-9.19834316650761,38.8056681312154],[-9.19834664669393,38.8057423578021],[-9.19838304704368,38.8057984968294],[-9.19815251138773,38.8057173581315],[-9.19791789387908,38.8056095696645],[-9.19758421483155,38.8054711842847],[-9.1970607855044,38.80518038699],[-9.19635419377834,38.8048409114838],[-9.19612481993365,38.805322434173],[-9.19611717066738,38.8053434856807],[-9.19598079205461,38.805637325579],[-9.19614680164521,38.8056996782802],[-9.19619732171859,38.8060105359976],[-9.19707319419992,38.8061721932228],[-9.19738862325847,38.8057254750131],[-9.19861138227391,38.8061852145976],[-9.19925590500757,38.8063432812588],[-9.19941953350742,38.8063943862599],[-9.19956056533227,38.806422250446],[-9.19965319567329,38.8064539539875],[-9.19961743782692,38.8066149746073],[-9.19962018677137,38.8066172347873],[-9.19956591786764,38.8072113360672],[-9.19976295640396,38.8082534132271],[-9.19986232808911,38.8096896011363],[-9.19986753869997,38.8097649016339],[-9.19986808105393,38.8097724820528],[-9.19941114841202,38.8098637113768],[-9.19873758413091,38.8098867208415],[-9.19852976410292,38.8099062952915],[-9.19880086733407,38.8104020463253],[-9.19883382887376,38.810518256613],[-9.19883271117305,38.8105185250413],[-9.19867521258433,38.8105563923958],[-9.1986991015135,38.810613299992],[-9.19757982025166,38.8109062535393],[-9.19749622688964,38.8109277523702],[-9.19738160981404,38.8109590116409],[-9.19737276353684,38.8110052599657],[-9.19735365173912,38.8111101024289],[-9.19734239071162,38.8111831495308],[-9.19732517913839,38.8112766449267],[-9.19730821408391,38.8113868645307],[-9.19728862876049,38.8115027069613],[-9.19727843264113,38.8115583723128],[-9.19727883115506,38.8115850759376],[-9.19734080067603,38.8117291914651],[-9.19746954781202,38.8120270885288],[-9.19666525753198,38.8123194538654],[-9.19640872378462,38.812412705092],[-9.19631550544733,38.8124474470251],[-9.19629844353553,38.8124176815807],[-9.19624219880582,38.8123043361426],[-9.19618447047344,38.8121562321041],[-9.1961370706451,38.8121704409604],[-9.19611606497354,38.8121358248091],[-9.1960121017351,38.8119192373818],[-9.19584424313443,38.8117955584539],[-9.19510556421465,38.811330639135],[-9.19441643821087,38.8111161284497],[-9.19408676235664,38.8109263708419],[-9.19374272089138,38.810324439177],[-9.1934418917513,38.8100309448568],[-9.19348129971638,38.8098711399323],[-9.1935435298024,38.8096598640389],[-9.19364723798052,38.8096034043162],[-9.1937796825591,38.8096222493244],[-9.1939780365846,38.8096960131294],[-9.19419820226859,38.8097772866625],[-9.19431101381325,38.80980247718],[-9.19441330451211,38.8098055894226],[-9.19449772041324,38.809754081519],[-9.19467324402033,38.8096162434699],[-9.19471101955796,38.8096001100692],[-9.19474626217224,38.809601165859],[-9.1948012446898,38.8096479833761],[-9.19514545633299,38.8101734228417],[-9.19548917699518,38.8104950204402],[-9.19607860681354,38.8101609651872],[-9.19608799122948,38.810140391802],[-9.19608155485427,38.8101131065464],[-9.19592920805943,38.809710728834],[-9.19564834080812,38.8093857383468],[-9.19534810738,38.8090840441368],[-9.1951972180403,38.8088811806036],[-9.19501079930425,38.8086092789093],[-9.19484468878653,38.8083856679556],[-9.19468497697845,38.8082522475128],[-9.19457670560812,38.8081770867818],[-9.19455454733952,38.8081733008357],[-9.19444936519508,38.8081888790956],[-9.19432247710547,38.8082312380029],[-9.19420086852353,38.8082855124269],[-9.19412953138629,38.8082714699165],[-9.19399835581279,38.8082509587252],[-9.19392429224757,38.8082485324497],[-9.19373102187908,38.8082626878042],[-9.19360195239535,38.8082948637164],[-9.19357575739226,38.8083025875488],[-9.1934463674625,38.808378076247],[-9.19330615459949,38.8084822483568],[-9.19326060114927,38.8085200793711],[-9.19321204937763,38.8085860010248],[-9.19313712542978,38.8087163067207],[-9.19311409057493,38.8087753152486],[-9.1930803926679,38.8088063570645],[-9.19302409786246,38.808810877644],[-9.1928957001558,38.8087906614541],[-9.19256999498334,38.8086830122728],[-9.19223126248524,38.8085687490551],[-9.19210735175147,38.8084753246257],[-9.19197884963124,38.8083521220503],[-9.19180048010631,38.8082431912264],[-9.19159289496937,38.8081506472486],[-9.19125967539586,38.8081283327178],[-9.19111343491595,38.808142870395],[-9.1911915765042,38.80838009942],[-9.19154976650044,38.8089100993482],[-9.19154902347773,38.8091183116055],[-9.19126681674581,38.8092639689376],[-9.19140373450742,38.8094930971748],[-9.1915386003694,38.8097208334777],[-9.19164368581313,38.8099788279034],[-9.18587802782752,38.8115640299719],[-9.18574841342575,38.8115996612071],[-9.1861182442596,38.8120970904339],[-9.18611897663649,38.8121043495778],[-9.18612634363397,38.8121772900395],[-9.1861283776182,38.8123152675608],[-9.18609672379562,38.8125139798084],[-9.18606678509052,38.8125945222533],[-9.18596709836368,38.8127920445043],[-9.18588260230946,38.8129253915601],[-9.18581138017425,38.8130207363144],[-9.18576695750058,38.8130572142986],[-9.18570973854843,38.8130856903711],[-9.18560519051477,38.8131100845735],[-9.18550046985088,38.8131227532007],[-9.18549985866664,38.8131227063392],[-9.18546267087838,38.8131198386951],[-9.1846511253488,38.8130560472095],[-9.18420777771639,38.8126007917133],[-9.18427950085927,38.811161745589]],[[-9.19513115841047,38.8079873091329],[-9.19592216914286,38.8082556146143],[-9.19637492102492,38.8084055672075],[-9.19770941248283,38.8087844895037],[-9.19764583797153,38.808277171127],[-9.1976402323329,38.8080693291471],[-9.19763864667645,38.8079629461051],[-9.19764280703298,38.8078216988839],[-9.19785494734485,38.8078907951786],[-9.19816576786109,38.8079926115004],[-9.19845263178178,38.8080869237317],[-9.19864972577892,38.8081508267834],[-9.19871127571033,38.8081600710373],[-9.19870255292461,38.8079954059665],[-9.19869122404441,38.8079169188288],[-9.19870225980441,38.807849786801],[-9.19869578184048,38.8077096171455],[-9.19868086746057,38.8075920783013],[-9.1986511687609,38.807279350678],[-9.19875202013221,38.80706750396],[-9.19885976160398,38.8067482667959],[-9.19857473694794,38.8068024336828],[-9.19829791321921,38.8068393354405],[-9.19812205180782,38.8068705614865],[-9.19805974136207,38.8068741768174],[-9.19797779207002,38.8068678133412],[-9.19793608470865,38.8068590532901],[-9.19780553921398,38.8068175858054],[-9.19745264859302,38.8066775892187],[-9.19726358399898,38.8066325911152],[-9.19717384004041,38.8066262998766],[-9.19708306995924,38.8066382983005],[-9.19697147877382,38.8066618331648],[-9.19686159001023,38.8066850084141],[-9.1968554362771,38.8066962786295],[-9.19682996760878,38.806742925691],[-9.19682518362414,38.806798969748],[-9.1968246187147,38.8068312847475],[-9.19682842270949,38.8068570842715],[-9.19683343383847,38.8068921240578],[-9.19686284879535,38.8069440003906],[-9.19684510059208,38.8069736159265],[-9.19673150746532,38.8070013158748],[-9.19669873202536,38.8070148437454],[-9.19664728473777,38.807036077298],[-9.19658240475902,38.8070808646109],[-9.19654778103773,38.8069797834963],[-9.19651276705516,38.8069450438783],[-9.19643519943905,38.8069252555506],[-9.19622746335496,38.806920674882],[-9.19596158777264,38.8069498093635],[-9.19579894901829,38.8069862153373],[-9.19566668523078,38.8070299699383],[-9.19551724382094,38.8071104955475],[-9.19543288525399,38.8072260545478],[-9.19527574979508,38.8071684986243],[-9.19507502652579,38.8070095406156],[-9.19491879153119,38.80694947134],[-9.19474685445775,38.8069395939413],[-9.1946498390321,38.8069388086997],[-9.19464767069289,38.806886009763],[-9.19466014198899,38.8068221308818],[-9.19475934837717,38.8067815391519],[-9.19472398646669,38.8063450416984],[-9.19469160948596,38.8063279647394],[-9.19417267579941,38.8062019514025],[-9.1934872225035,38.8061519358058],[-9.19357539602645,38.8066565071486],[-9.19377870267439,38.807200933354],[-9.1939377446214,38.8077218275497],[-9.19498107730523,38.8076430416745],[-9.19515488487721,38.8076617349171],[-9.19536340539951,38.8077140202957],[-9.19529442660309,38.8078014905697],[-9.19513115841047,38.8079873091329]]]}},{"type":"Feature","id":"CRUS_Odivelas_V.399224","properties":{"Area_Ha":16.7615443031549,"Autor":"DGT","Categoria":"Espaço de Uso Especial Equipamentos e Infraestruturas","Classe":"Solo Urbano","DTCC":"1116","Data_PublicacaoPDM":"2024-09-06T00:00:00","Designacao_PlantaOrdenamento":"Espaço de Uso Especial - Equipamentos","Escala_PlantaOrdenamento":"1/10000","Fonte":"CM_Vetor","ID":399224,"Municipio":"ODIVELAS"},"geometry":{"type":"Polygon","coordinates":[[[-9.18601423085084,38.7928473137069],[-9.18603500381255,38.7927609061396],[-9.18606469277122,38.792619848669],[-9.18608026495917,38.7924581097968],[-9.18608725128537,38.792307439495],[-9.18604072038067,38.791742988018],[-9.18603774558431,38.7916425789162],[-9.18593778691011,38.7914926203622],[-9.18589372920619,38.791472310752],[-9.18563522626796,38.7913531467842],[-9.18558327367255,38.7897237626841],[-9.18498844243041,38.7890100143964],[-9.18530297574862,38.7888123303053],[-9.1854190032147,38.7885504101652],[-9.18558865932509,38.7882729227358],[-9.18580306208714,38.7879110444004],[-9.18600278218418,38.7875932907912],[-9.18611711611334,38.7873762926722],[-9.18650127694085,38.7877847633789],[-9.18677490278033,38.7876101885857],[-9.18701590379894,38.7878930461468],[-9.18713942934095,38.7880982060172],[-9.18719871974243,38.7882398119538],[-9.18726725233481,38.7884384430631],[-9.18741597147405,38.7891180178878],[-9.18742287165644,38.7891102709048],[-9.18745836204559,38.7890506796009],[-9.1876949831893,38.7885430327596],[-9.18775821852982,38.7884060854698],[-9.18785498978625,38.788279823927],[-9.1878840759408,38.788249542097],[-9.18791721952523,38.7882150368062],[-9.18804062612862,38.7881156483517],[-9.18821474840887,38.7880212951717],[-9.18834146393107,38.7879667343308],[-9.18856624942175,38.7881701673425],[-9.18855784619799,38.7882868928706],[-9.18857155804749,38.7883035235381],[-9.18936375793686,38.7883207248243],[-9.18953279776534,38.7883191957431],[-9.1895581997242,38.7893443940369],[-9.1897133619241,38.7897724253695],[-9.18988272892229,38.7901188758958],[-9.19045183394395,38.7906919577391],[-9.1903608700122,38.7908378551132],[-9.19023165897059,38.7909045966753],[-9.19019424701488,38.7909208517521],[-9.18994074844437,38.7910310000107],[-9.18976763302047,38.7911236338033],[-9.189501706922,38.7911590083326],[-9.18936099388537,38.7912791836737],[-9.18934709401245,38.7913043508045],[-9.18930304211778,38.7914076164544],[-9.18908184077844,38.7913151725182],[-9.1887588465655,38.7911572618469],[-9.18851939904084,38.7910722772437],[-9.1883192295745,38.7910205367622],[-9.18780860175758,38.7909970022529],[-9.18664260523344,38.7909485175109],[-9.18657188381532,38.7911126579749],[-9.18643163050567,38.7912272438369],[-9.18642522608563,38.7912428281219],[-9.18642488137887,38.7912636181733],[-9.18681673358609,38.7917313749495],[-9.18693849856201,38.7918485904449],[-9.18708744691359,38.7919446761546],[-9.18727252948828,38.7920205173407],[-9.18747404094031,38.792063674297],[-9.18743412098947,38.7922662507387],[-9.18755836329948,38.7922768638857],[-9.18768333995084,38.7922774921463],[-9.18773599702311,38.7922774258989],[-9.1877884277126,38.7922812568508],[-9.18787012956375,38.7922952739028],[-9.18794821861364,38.7923187255785],[-9.18802997205699,38.792357995714],[-9.18810177051131,38.7924077789404],[-9.18819717011016,38.7924859244995],[-9.18832231969354,38.7925885511426],[-9.18808336311798,38.7927670204481],[-9.18815170760233,38.7928230532069],[-9.18793829779344,38.7929824070455],[-9.18788271642678,38.7930409310966],[-9.18786558516899,38.7930589689008],[-9.18781376053523,38.7932300038857],[-9.18780718742875,38.7932360125316],[-9.18827993674487,38.7936229199615],[-9.18835279981995,38.7936473909867],[-9.1884146674913,38.7936609673722],[-9.18847841881033,38.7936672383735],[-9.18854265453141,38.7936660658407],[-9.18860596285009,38.7936574760675],[-9.18878421638977,38.7936343609272],[-9.18884323158101,38.7941574033623],[-9.18857832009452,38.7943122684804],[-9.18855702842399,38.7943405631654],[-9.18836916752901,38.7945902205432],[-9.18814176640299,38.7945081846475],[-9.18704004033482,38.7937305573111],[-9.18679224128654,38.7935140219774],[-9.18652885580726,38.7931882410422],[-9.18628740357676,38.7929278929609],[-9.18613302844423,38.7928855308221],[-9.18601423085084,38.7928473137069]]]}},{"type":"Feature","id":"CRUS_Odivelas_V.399225","properties":{"Area_Ha":18.5986080282553,"Autor":"DGT","Categoria":"Espaço Verde","Classe":"Solo Urbano","DTCC":"1116","Data_PublicacaoPDM":"2024-09-06T00:00:00","Designacao_PlantaOrdenamento":"Espaço Verde","Escala_PlantaOrdenamento":"1/10000","Fonte":"CM_Vetor","ID":399225,"Municipio":"ODIVELAS"},"geometry":{"type":"Polygon","coordinates":[[[-9.18790644377092,38.814506114738],[-9.18793488587666,38.8145014110863],[-9.18837251191065,38.8144312473582],[-9.18850641855048,38.8144067145711],[-9.1885720579889,38.8143848353908],[-9.1886567553723,38.8143565954154],[-9.1887414516815,38.8143283653211],[-9.18881916963431,38.8142902345832],[-9.18889037412641,38.8142457086388],[-9.18893272359301,38.8141919827154],[-9.18897915468267,38.8141462892186],[-9.18901742604343,38.8140789200902],[-9.18903903046874,38.8140089079824],[-9.18906949259807,38.8138924909573],[-9.18910941761057,38.8137518228273],[-9.18914298269121,38.8136042173031],[-9.18915466371227,38.8134557874935],[-9.19021097250041,38.8131564252971],[-9.19089989495335,38.8129608838744],[-9.19246479383024,38.8125166855048],[-9.19263978464918,38.8124680450876],[-9.19291598930979,38.8122487756675],[-9.19299128510323,38.8121890005477],[-9.19324458865425,38.8119879087902],[-9.19351422349038,38.8114079206422],[-9.19305899013934,38.8107506228218],[-9.19300230327492,38.8107806524439],[-9.19272624267808,38.8109341670384],[-9.19231391317349,38.8111330554453],[-9.19207110001841,38.8112106155803],[-9.19195204347962,38.8108156345485],[-9.1918483517494,38.810477487947],[-9.19164368581313,38.8099788279034],[-9.1915386003694,38.8097208334777],[-9.19140373450742,38.8094930971748],[-9.19126681674581,38.8092639689376],[-9.19154902347773,38.8091183116055],[-9.19154976650044,38.8089100993482],[-9.1911915765042,38.80838009942],[-9.19111343491595,38.808142870395],[-9.19125967539586,38.8081283327178],[-9.19159289496937,38.8081506472486],[-9.19180048010631,38.8082431912264],[-9.19197884963124,38.8083521220503],[-9.19210735175147,38.8084753246257],[-9.19223126248524,38.8085687490551],[-9.19256999498334,38.8086830122728],[-9.1928957001558,38.8087906614541],[-9.19302409786246,38.808810877644],[-9.1930803926679,38.8088063570645],[-9.19311409057493,38.8087753152486],[-9.19313712542978,38.8087163067207],[-9.19321204937763,38.8085860010248],[-9.19326060114927,38.8085200793711],[-9.19330615459949,38.8084822483568],[-9.1934463674625,38.808378076247],[-9.19357575739226,38.8083025875488],[-9.19360195239535,38.8082948637164],[-9.19373102187908,38.8082626878042],[-9.19392429224757,38.8082485324497],[-9.19399835581279,38.8082509587252],[-9.19412953138629,38.8082714699165],[-9.19420086852353,38.8082855124269],[-9.19432247710547,38.8082312380029],[-9.19444936519508,38.8081888790956],[-9.19455454733952,38.8081733008357],[-9.19457670560812,38.8081770867818],[-9.19468497697845,38.8082522475128],[-9.19484468878653,38.8083856679556],[-9.19501079930425,38.8086092789093],[-9.1951972180403,38.8088811806036],[-9.19534810738,38.8090840441368],[-9.19564834080812,38.8093857383468],[-9.19592920805943,38.809710728834],[-9.19608155485427,38.8101131065464],[-9.19608799122948,38.810140391802],[-9.19607860681354,38.8101609651872],[-9.19548917699518,38.8104950204402],[-9.19514545633299,38.8101734228417],[-9.1948012446898,38.8096479833761],[-9.19474626217224,38.809601165859],[-9.19471101955796,38.8096001100692],[-9.19467324402033,38.8096162434699],[-9.19449772041324,38.809754081519],[-9.19441330451211,38.8098055894226],[-9.19431101381325,38.80980247718],[-9.19419820226859,38.8097772866625],[-9.1939780365846,38.8096960131294],[-9.1937796825591,38.8096222493244],[-9.19364723798052,38.8096034043162],[-9.1935435298024,38.8096598640389],[-9.19348129971638,38.8098711399323],[-9.1934418917513,38.8100309448568],[-9.19374272089138,38.810324439177],[-9.19408676235664,38.8109263708419],[-9.19441643821087,38.8111161284497],[-9.19510556421465,38.811330639135],[-9.19584424313443,38.8117955584539],[-9.1960121017351,38.8119192373818],[-9.19611606497354,38.8121358248091],[-9.1961370706451,38.8121704409604],[-9.19605894635316,38.8121938591578],[-9.19570848737816,38.8124026956148],[-9.1952819023845,38.812663927576],[-9.19486784664121,38.8129164881095],[-9.1942899983477,38.8131868390013],[-9.19362112320574,38.8134608079149],[-9.19265033414831,38.8138331761126],[-9.19208268166215,38.8139616419771],[-9.19125864831865,38.8141694469273],[-9.18850352249667,38.8149950904614],[-9.18817200212219,38.8150929377689],[-9.18813314086308,38.8151044577579],[-9.18801752361856,38.8149312062546],[-9.18796924799237,38.814788960273],[-9.18791146616399,38.8145483528011],[-9.18790644377092,38.814506114738]]]}},{"type":"Feature","id":"CRUS_Odivelas_V.399226","properties":{"Area_Ha":3.96471295943304,"Autor":"DGT","Categoria":"Espaço Verde","Classe":"Solo Urbano","DTCC":"1116","Data_PublicacaoPDM":"2024-09-06T00:00:00","Designacao_PlantaOrdenamento":"Espaço Verde","Escala_PlantaOrdenamento":"1/10000","Fonte":"CM_Vetor","ID":399226,"Municipio":"ODIVELAS"},"geometry":{"type":"Polygon","coordinates":[[[-9.22778594779511,38.8163340811813],[-9.22736657466116,38.8149285466017],[-9.22729621862908,38.8145597545521],[-9.22726860112932,38.8144149868535],[-9.22737785729878,38.814338897352],[-9.22740841915739,38.8143176129961],[-9.22742409086713,38.8142445002018],[-9.22743783029821,38.8141804147462],[-9.22778998228829,38.8142341956607],[-9.22823174850934,38.8142579155017],[-9.22849267107055,38.8142719239122],[-9.22878943326206,38.814258356607],[-9.2292785244913,38.8142031503638],[-9.22951782969426,38.8141449459179],[-9.22960389430945,38.8143543988641],[-9.22968851481503,38.8145174367448],[-9.22972892304465,38.8145952891903],[-9.22962305774175,38.8146187951628],[-9.22939053859568,38.8146718328976],[-9.22914768986707,38.8147420221562],[-9.22923582256034,38.8150310718601],[-9.22925651186099,38.8151543172878],[-9.22925052799362,38.8152543003031],[-9.22917297310648,38.8155900771444],[-9.22913527990976,38.8158284920551],[-9.22964321004399,38.8157962012271],[-9.22969631991629,38.8161087759085],[-9.2292959588857,38.8164494072535],[-9.22907062329025,38.8162909154487],[-9.22869566650144,38.8162259756778],[-9.22805288627076,38.8166853595317],[-9.22786547824468,38.8164386305722],[-9.22780692393096,38.8163615398531],[-9.22778594779511,38.8163340811813]]]}},{"type":"Feature","id":"CRUS_Odivelas_V.399227","properties":{"Area_Ha":0.987879281013593,"Autor":"DGT","Categoria":"Espaço Verde","Classe":"Solo Urbano","DTCC":"1116","Data_PublicacaoPDM":"2024-09-06T00:00:00","Designacao_PlantaOrdenamento":"Espaço Verde","Escala_PlantaOrdenamento":"1/10000","Fonte":"CM_Vetor","ID":399227,"Municipio":"ODIVELAS"},"geometry":{"type":"Polygon","coordinates":[[[-9.18292204130032,38.7982652561741],[-9.18289230007907,38.7982623938938],[-9.18253093257225,38.798322704457],[-9.18232683534323,38.7983748135902],[-9.18211615078657,38.7984070993096],[-9.18192870716442,38.7984126844807],[-9.18192671073333,38.7983716531474],[-9.18194916376094,38.7983485726112],[-9.18196686789613,38.7983234616096],[-9.18198323881748,38.7982861136181],[-9.18206022541172,38.7981434597494],[-9.18211307860188,38.798058493994],[-9.18220873925418,38.7979413449657],[-9.18229697910197,38.7978440796904],[-9.18264548246127,38.7975199143881],[-9.18267316964002,38.7974927326046],[-9.18269937989473,38.7974747512485],[-9.18273696195306,38.7974331693455],[-9.18278993826535,38.7974647496389],[-9.18281692151356,38.7974759453554],[-9.18300034547376,38.7975660849972],[-9.18330521211428,38.7977171920356],[-9.18334251958889,38.7977356833905],[-9.18344507303432,38.7977898881346],[-9.18350118254966,38.7978246931388],[-9.18361397234383,38.7979254656767],[-9.18366577451346,38.7979961586881],[-9.18369405616913,38.7980486897406],[-9.18371566724134,38.7981092065581],[-9.18372914253126,38.7981801556814],[-9.18373255231281,38.7982475926792],[-9.18371802716831,38.7983323950991],[-9.18369533656903,38.7984013344818],[-9.18358488707836,38.7983539294878],[-9.18325903458069,38.7982976807287],[-9.18294140428612,38.7982671191705],[-9.18292204130032,38.7982652561741]]]}},{"type":"Feature","id":"CRUS_Odivelas_V.399228","properties":{"Area_Ha":0.747429844289681,"Autor":"DGT","Categoria":"Espaço Verde","Classe":"Solo Urbano","DTCC":"1116","Data_PublicacaoPDM":"2024-09-06T00:00:00","Designacao_PlantaOrdenamento":"Espaço Verde","Escala_PlantaOrdenamento":"1/10000","Fonte":"CM_Vetor","ID":399228,"Municipio":"ODIVELAS"},"geometry":{"type":"Polygon","coordinates":[[[-9.19630016987349,38.7992539189473],[-9.19632811441203,38.7992386166811],[-9.19641566087371,38.7991906842204],[-9.19654646890606,38.7991315744322],[-9.1967291131699,38.7990344042855],[-9.19681392863723,38.7989676552698],[-9.19690453033509,38.7989053265484],[-9.19698781633695,38.798831881771],[-9.19704082282178,38.7987419383196],[-9.19704911462829,38.7986635214212],[-9.19709591170271,38.7986588145535],[-9.1974157697359,38.7986266459833],[-9.1975596983563,38.7986202775861],[-9.19778025396454,38.798744373578],[-9.19835755041462,38.7990006417049],[-9.19845019543695,38.7990417662639],[-9.19797690072221,38.7992259306183],[-9.19709701449976,38.7991912893862],[-9.19638354031236,38.7993870977191],[-9.19637794971734,38.799388632083],[-9.19630016987349,38.7992539189473]]]}},{"type":"Feature","id":"CRUS_Odivelas_V.399229","properties":{"Area_Ha":1.56109639118536,"Autor":"DGT","Categoria":"Espaço Verde","Classe":"Solo Urbano","DTCC":"1116","Data_PublicacaoPDM":"2024-09-06T00:00:00","Designacao_PlantaOrdenamento":"Espaço Verde","Escala_PlantaOrdenamento":"1/10000","Fonte":"CM_Vetor","ID":399229,"Municipio":"ODIVELAS"},"geometry":{"type":"Polygon","coordinates":[[[-9.18095049253078,38.7997619255157],[-9.18094987777344,38.7997356281963],[-9.18039363102756,38.7997491787535],[-9.18033345740628,38.7996805385255],[-9.18052915042711,38.7994060758501],[-9.18012162113104,38.7992175880895],[-9.18040146346928,38.7988551525493],[-9.18028150544158,38.7987984339186],[-9.18010094954364,38.798715669135],[-9.18020575573288,38.7985781548814],[-9.17990904399635,38.7984411921347],[-9.18003852659676,38.798280083156],[-9.17996269050921,38.7982427589331],[-9.17985694106786,38.7981907124447],[-9.1798505867739,38.798079254752],[-9.17957635351191,38.7979503812298],[-9.17949129909311,38.7979158200166],[-9.17942377712631,38.7979042344394],[-9.17926266961012,38.797949229225],[-9.17923549533969,38.7979565884168],[-9.17920384864073,38.7979571435398],[-9.17918170664745,38.7979542781892],[-9.17917052701244,38.797952833392],[-9.17916045764814,38.797949515035],[-9.1791410250371,38.7979431139789],[-9.17911616659267,38.7979277522006],[-9.17909155045081,38.7979053653662],[-9.17908114334109,38.7978863618612],[-9.17907473157226,38.7978572343097],[-9.17906893308799,38.7975791285141],[-9.17920657212638,38.7975772651324],[-9.17925137145986,38.7975668849941],[-9.1792887702045,38.79755444835],[-9.17933744693391,38.7975377202722],[-9.17933919600923,38.7973347606999],[-9.17932526395387,38.797130232317],[-9.17935521380813,38.7970688908938],[-9.17976491791989,38.797228617655],[-9.17981302472213,38.7972438595159],[-9.17985822128852,38.7972530029516],[-9.17980338514743,38.7972929480237],[-9.17977273983001,38.797361860418],[-9.18008733971778,38.7976219726867],[-9.18043034456225,38.7975423764482],[-9.18044630749817,38.7975399363392],[-9.18046950628948,38.7975441409358],[-9.18047856924937,38.7975457842632],[-9.18048388115391,38.7975511297624],[-9.18060363126015,38.7976715679422],[-9.1806759190812,38.7977273313123],[-9.18040735614305,38.7979136538406],[-9.18028496317255,38.7979939744997],[-9.18028328608377,38.7980365051284],[-9.18008186456314,38.7980415995299],[-9.18008314873381,38.7983020440216],[-9.18050489682089,38.798317041975],[-9.18068132422918,38.7984639050299],[-9.18070675638266,38.7984791701331],[-9.18072825257714,38.7985047384803],[-9.18075280839782,38.7985504577493],[-9.18075695100595,38.7985817680325],[-9.1806151816794,38.7991422346859],[-9.1806131270534,38.7991826089216],[-9.18062635158794,38.7992366255661],[-9.18068842677338,38.799340737697],[-9.18073041054545,38.7993857589507],[-9.18086933890105,38.7994949469689],[-9.18139850300086,38.7999343625949],[-9.18133278050289,38.7999348628659],[-9.18127635055058,38.7998936652637],[-9.18100791566914,38.7998915143129],[-9.18096990704274,38.7998800188819],[-9.18096425518486,38.7998456468194],[-9.18095049253078,38.7997619255157]]]}},{"type":"Feature","id":"CRUS_Odivelas_V.399230","properties":{"Area_Ha":1.22748116515493,"Autor":"DGT","Categoria":"Espaço Verde","Classe":"Solo Urbano","DTCC":"1116","Data_PublicacaoPDM":"2024-09-06T00:00:00","Designacao_PlantaOrdenamento":"Espaço Verde","Escala_PlantaOrdenamento":"1/10000","Fonte":"CM_Vetor","ID":399230,"Municipio":"ODIVELAS"},"geometry":{"type":"Polygon","coordinates":[[[-9.17639713161372,38.7990305256041],[-9.17677336471344,38.7986183775189],[-9.17687659941461,38.7988002849653],[-9.17695725495938,38.7989317061493],[-9.17704657288648,38.7991072728896],[-9.17725687279566,38.7991042253136],[-9.17729679450292,38.7998981644631],[-9.17708699827359,38.7999015714958],[-9.1771051336967,38.8001580379619],[-9.17714760422678,38.800330786222],[-9.17737344373315,38.8003381338754],[-9.17737370384658,38.8003636226652],[-9.17743727336312,38.8004286296278],[-9.17744826236179,38.800440151027],[-9.17748076856125,38.80045895623],[-9.17751986988927,38.8004722073241],[-9.1775466561612,38.8004775542166],[-9.17759516933427,38.8005126087297],[-9.17761332996281,38.8005314283721],[-9.17739978142488,38.8004624737437],[-9.17720101537477,38.8004095759015],[-9.17693398909545,38.8003251302353],[-9.17692181845154,38.8003037089418],[-9.17677649358348,38.8002133115696],[-9.17666014053606,38.80012841856],[-9.1765344590634,38.8000273950839],[-9.17644768175148,38.7999416986847],[-9.17635532054782,38.7998364118515],[-9.17628832423777,38.7997495463976],[-9.1761962876905,38.7996585803925],[-9.17608118953317,38.7995647583898],[-9.17600087796892,38.7995119702908],[-9.17597753290053,38.7994898405284],[-9.17605487992267,38.7994025857667],[-9.17625173369186,38.7991898007007],[-9.17639713161372,38.7990305256041]]]}},{"type":"Feature","id":"CRUS_Odivelas_V.399231","properties":{"Area_Ha":2.53106819783879,"Autor":"DGT","Categoria":"Espaço Central","Classe":"Solo Urbano","DTCC":"1116","Data_PublicacaoPDM":"2024-09-06T00:00:00","Designacao_PlantaOrdenamento":"Espaços Centrais - Nivel1","Escala_PlantaOrdenamento":"1/10000","Fonte":"CM_Vetor","ID":399231,"Municipio":"ODIVELAS"},"geometry":{"type":"Polygon","coordinates":[[[-9.16940680498787,38.7855188926556],[-9.1694067310335,38.7855189588388],[-9.16940587179138,38.7855185154472],[-9.16951811992007,38.7854180651946],[-9.16951853674216,38.7854176922039],[-9.16958820649614,38.7853271697579],[-9.16962748619382,38.7853828122066],[-9.16965474080584,38.7854061158439],[-9.16969058397396,38.7854212874493],[-9.16977636657334,38.7854409739263],[-9.16988682483688,38.7854697324348],[-9.16991927865874,38.785469444477],[-9.16997300511573,38.7854621516183],[-9.17001410360879,38.7854574502103],[-9.17006714530274,38.785457598016],[-9.17009887849226,38.7854622734239],[-9.17012432636703,38.7854701034215],[-9.17016425398787,38.7854939120652],[-9.17018428513564,38.7855104635563],[-9.17024120408217,38.7855500190526],[-9.17029279113065,38.7855925229233],[-9.1703363158444,38.7856197550466],[-9.17037168810962,38.7856255790955],[-9.17040465483042,38.7856007351975],[-9.17044272260325,38.785522143134],[-9.17053498427713,38.7855305311049],[-9.17066651540556,38.7855431706904],[-9.17080586558413,38.7855542066315],[-9.17094733242873,38.7855759665263],[-9.17106725869547,38.7855994489429],[-9.17113207844963,38.7856080792978],[-9.17123812633333,38.7856209455148],[-9.17131080962425,38.7856310399666],[-9.17136351151233,38.78561522751],[-9.17140209120359,38.7855719211507],[-9.1714021120406,38.7855296147304],[-9.17135210392727,38.7851949093542],[-9.17267329595351,38.7849325533098],[-9.17280553584724,38.7851754527153],[-9.17302964660041,38.785587089764],[-9.17315001395957,38.7858081769678],[-9.17100776521943,38.7863970248343],[-9.17100090771072,38.7863989096394],[-9.17072608538312,38.7862708705713],[-9.1703971591839,38.7860721386187],[-9.16940925345201,38.7855202604731],[-9.16940680498787,38.7855188926556]]]}},{"type":"Feature","id":"CRUS_Odivelas_V.399232","properties":{"Area_Ha":2.52552995269222,"Autor":"DGT","Categoria":"Espaço Central","Classe":"Solo Urbano","DTCC":"1116","Data_PublicacaoPDM":"2024-09-06T00:00:00","Designacao_PlantaOrdenamento":"Espaços Centrais - Nivel 2","Escala_PlantaOrdenamento":"1/10000","Fonte":"CM_Vetor","ID":399232,"Municipio":"ODIVELAS"},"geometry":{"type":"Polygon","coordinates":[[[-9.16503134174538,38.8010608643247],[-9.16504785431603,38.8008730897574],[-9.16505902525717,38.8008176829523],[-9.16510847728047,38.8006232202675],[-9.16535822337114,38.800165765397],[-9.1654187518481,38.8002047837727],[-9.16553634473344,38.8002562457056],[-9.16682416195315,38.8008198097694],[-9.16690940288932,38.8008624253436],[-9.1667758415653,38.8010124193844],[-9.16671924892555,38.8011017661047],[-9.1673152140769,38.80140129331],[-9.16731601324202,38.8016827035155],[-9.16731645480293,38.8018381645995],[-9.16729793177147,38.8021169837988],[-9.16728507724775,38.8023104471133],[-9.16690045757445,38.8028935455952],[-9.16681554061119,38.8032060367796],[-9.16639609313908,38.8027426000921],[-9.16675319869894,38.8024556466895],[-9.16669719676202,38.8015020939128],[-9.1655019415399,38.8014080786197],[-9.16507593348587,38.8013745670612],[-9.16504501379831,38.8012662084932],[-9.16503134174538,38.8010608643247]]]}},{"type":"Feature","id":"CRUS_Odivelas_V.399233","properties":{"Area_Ha":2.28920541128193,"Autor":"DGT","Categoria":"Espaço Verde","Classe":"Solo Urbano","DTCC":"1116","Data_PublicacaoPDM":"2024-09-06T00:00:00","Designacao_PlantaOrdenamento":"Espaço Verde","Escala_PlantaOrdenamento":"1/10000","Fonte":"CM_Vetor","ID":399233,"Municipio":"ODIVELAS"},"geometry":{"type":"Polygon","coordinates":[[[-9.16940587179138,38.7855185154472],[-9.1694067310335,38.7855189588388],[-9.16940680498787,38.7855188926556],[-9.16940925345201,38.7855202604731],[-9.1703971591839,38.7860721386187],[-9.17072608538312,38.7862708705713],[-9.17100090771072,38.7863989096394],[-9.17112450214829,38.7864571939872],[-9.17131140912751,38.7865444375005],[-9.17152706606701,38.7866301638415],[-9.17157703040217,38.7867057500217],[-9.17159852627107,38.7867799567198],[-9.17160161279224,38.7868340655448],[-9.17155208679537,38.7869661087096],[-9.17149031358555,38.7870404161464],[-9.17143082610961,38.787135753869],[-9.17134615470441,38.7871932446958],[-9.17120177713863,38.7872352644007],[-9.17103465045163,38.7872678735357],[-9.17066775996458,38.7870869212892],[-9.17029888394985,38.786911007532],[-9.17009155398532,38.7868232529173],[-9.16992445792785,38.7868784945428],[-9.16986471189422,38.7869686212291],[-9.16965554328686,38.787295909375],[-9.16956163155283,38.7871029698661],[-9.16933909282717,38.7866615863752],[-9.16922413626476,38.7864166986923],[-9.16901787545349,38.7860024635974],[-9.16889190459467,38.7857727600581],[-9.16888945562468,38.7857685400731],[-9.16903402553779,38.7857672570901],[-9.16925249398763,38.7855707505714],[-9.16925996345359,38.7855686233609],[-9.1692685721797,38.7855661707759],[-9.16929697491707,38.7855580803572],[-9.1693918623231,38.7855310524186],[-9.16940587179138,38.7855185154472]]]}},{"type":"Feature","id":"CRUS_Odivelas_V.399234","properties":{"Area_Ha":29.8472958579587,"Autor":"DGT","Categoria":"Espaço Habitacional","Classe":"Solo Urbano","DTCC":"1116","Data_PublicacaoPDM":"2024-09-06T00:00:00","Designacao_PlantaOrdenamento":"Espaço Habitacional - Nivel 2","Escala_PlantaOrdenamento":"1/10000","Fonte":"CM_Vetor","ID":399234,"Municipio":"ODIVELAS"},"geometry":{"type":"Polygon","coordinates":[[[-9.17900283266833,38.80859940775],[-9.17901947326814,38.8085900282822],[-9.179089481626,38.8085578112532],[-9.17917792188358,38.8085171114989],[-9.17789704954044,38.8068949398371],[-9.17782904128947,38.8068097006759],[-9.17766068834861,38.8064793035761],[-9.17723950232359,38.8060358728694],[-9.17721378311406,38.8060036871747],[-9.17622801512872,38.8047699877344],[-9.17572869698314,38.8046256533455],[-9.17537835005238,38.8045243797534],[-9.17521466096192,38.804379420476],[-9.17574201552163,38.804105196221],[-9.17618963902881,38.8038724282063],[-9.17660288206047,38.8037483966419],[-9.1790034350997,38.8034856844257],[-9.17968457135478,38.8035291621903],[-9.18100777431198,38.803975420875],[-9.18106708273169,38.8041929645232],[-9.18107943572793,38.804238280271],[-9.18180065310545,38.804519602126],[-9.18179636985618,38.804705445979],[-9.18237653668609,38.8047055289683],[-9.182153204039,38.8056869837805],[-9.18276209183089,38.8058345643664],[-9.1826390815897,38.8062948484248],[-9.18255915136669,38.806334418843],[-9.18231131048827,38.806456452553],[-9.18255016658501,38.8067700591374],[-9.18230733907052,38.8068882230618],[-9.18247898726374,38.807160192263],[-9.18264978816671,38.8074921349534],[-9.18286504073045,38.8080271848902],[-9.18284222029368,38.8086237620062],[-9.18288073862734,38.8088806696657],[-9.18289245268402,38.8089207621413],[-9.18240338495986,38.8091506341013],[-9.18292781265446,38.8096912656716],[-9.18293237530748,38.8097906986973],[-9.18280972455566,38.8098510084518],[-9.18279097503421,38.8099584629491],[-9.18266112205539,38.8099397645769],[-9.18269791510159,38.8100228759164],[-9.18270941931459,38.8101141645993],[-9.18269733105618,38.8101559959494],[-9.18223202639915,38.8103474378714],[-9.18182183854283,38.8105783949218],[-9.1823581201211,38.8110610782186],[-9.18271481134985,38.8113100353836],[-9.18300362346127,38.8113431062511],[-9.18301373669398,38.8116659839623],[-9.18265519061485,38.8119507349819],[-9.18262962775105,38.8119710373029],[-9.18262134080088,38.8119778131738],[-9.18245726071158,38.8118629710352],[-9.18196343476252,38.8114992614972],[-9.18156319346238,38.8111487629459],[-9.18095545251913,38.8106090261564],[-9.18046734428148,38.8101440909525],[-9.17980172052059,38.8093294618186],[-9.17974275076489,38.8091411067989],[-9.1795004420175,38.8089865557845],[-9.17946867836111,38.8090105282296],[-9.17934630764303,38.8089326318014],[-9.17924867047683,38.8088372121276],[-9.17920111619838,38.8087581011229],[-9.17914141649554,38.8086986478398],[-9.17908382653071,38.8086572754583],[-9.17900283266833,38.80859940775]]]}},{"type":"Feature","id":"CRUS_Odivelas_V.399235","properties":{"Area_Ha":9.25076058402443,"Autor":"DGT","Categoria":"Espaço Habitacional","Classe":"Solo Urbano","DTCC":"1116","Data_PublicacaoPDM":"2024-09-06T00:00:00","Designacao_PlantaOrdenamento":"Espaço Habitacional - Nivel 1","Escala_PlantaOrdenamento":"1/10000","Fonte":"CM_Vetor","ID":399235,"Municipio":"ODIVELAS"},"geometry":{"type":"Polygon","coordinates":[[[-9.19758447883401,38.7669751237634],[-9.19758568065793,38.7669732907612],[-9.19773489443964,38.7667778491506],[-9.19773671335643,38.7667754568394],[-9.19773684811321,38.7667755224286],[-9.19773875964177,38.7667758661825],[-9.19774160978861,38.7667759657229],[-9.19837603627998,38.7668899016427],[-9.19849624760405,38.7668735916292],[-9.19878461877562,38.7669674004931],[-9.19878696376399,38.7669688942086],[-9.20084497147694,38.7679138447191],[-9.20077141176933,38.7680306384796],[-9.20077096785091,38.7680313422984],[-9.20076899450563,38.768030568467],[-9.20076753624979,38.7680299966983],[-9.20071749282147,38.7680706599557],[-9.20071607639769,38.7680718114774],[-9.20068548613128,38.7681013337647],[-9.20057705676011,38.7681523089267],[-9.20048993592799,38.7681586892292],[-9.20048856727816,38.768158790216],[-9.2004864581697,38.7681583480869],[-9.20044996257042,38.7681507095393],[-9.20043398875067,38.7681473674541],[-9.20016871601298,38.7680508209279],[-9.20009439097121,38.7681375350906],[-9.19997607681116,38.7683339852597],[-9.19989630750745,38.7684815642015],[-9.19985324659162,38.7685251619451],[-9.19979350374859,38.7685665896339],[-9.19976320315645,38.7686190106732],[-9.19974827141933,38.7687049341947],[-9.19976750775439,38.7688543912562],[-9.19970671711503,38.768867765739],[-9.19964936758792,38.7689033404588],[-9.19963392042252,38.7689658929975],[-9.19966184797772,38.7692487077213],[-9.19935041908279,38.7692882315333],[-9.19930341566906,38.7690560359487],[-9.19926883424169,38.769020578695],[-9.19920764410049,38.7690089113989],[-9.19911056849561,38.7690051234278],[-9.19904464987142,38.7689851760714],[-9.19892830309282,38.7689571280237],[-9.19883845534011,38.7689459611669],[-9.19880479731666,38.7689563455808],[-9.19838611055822,38.7698087703684],[-9.19838238482185,38.7698119230134],[-9.19822846700359,38.7699716013202],[-9.19814629710873,38.7700155783514],[-9.19806629999298,38.7700523383602],[-9.19799740660514,38.7700619754794],[-9.19791714270528,38.7700807218757],[-9.1977793546461,38.7700999950099],[-9.19760691836296,38.7701105751711],[-9.19745954453631,38.770111917496],[-9.19745735690507,38.7701119374202],[-9.19730998423388,38.770113280448],[-9.19730779660523,38.7701133003694],[-9.19711208270422,38.7701060767367],[-9.19692774057735,38.7700897408333],[-9.19672284377044,38.7700916076591],[-9.19672065614203,38.7700916275695],[-9.19662875376855,38.7701014732931],[-9.19655986009378,38.7701111077643],[-9.19647972948397,38.7701388612868],[-9.19637685628028,38.7701848358176],[-9.1962283664552,38.7702582505137],[-9.19589055910264,38.7704479880617],[-9.19605743692594,38.7706952380231],[-9.19588020569855,38.7707676216208],[-9.19587869930839,38.7707682375686],[-9.19566649646061,38.7705829975059],[-9.19559497243573,38.7705424024674],[-9.19559453857636,38.7705421563023],[-9.19549430008562,38.7705573680337],[-9.19537013558731,38.7706013971214],[-9.19528118604719,38.7706050146041],[-9.19527911007165,38.7706050984812],[-9.19510074312368,38.7705013660393],[-9.19518831098013,38.7702479407128],[-9.19528943435742,38.7700873413041],[-9.19548208801891,38.7699402083923],[-9.19575103345894,38.7697079007419],[-9.19575158461527,38.7697074244071],[-9.1957515335127,38.7697074429434],[-9.195750893475,38.769704384009],[-9.19584735468581,38.7696693976802],[-9.19591400625212,38.7696401459303],[-9.19598034236921,38.7695901836422],[-9.19603357941476,38.7695429484312],[-9.196036553957,38.7695403092327],[-9.19604206470532,38.7695004430861],[-9.19602293956609,38.769444857267],[-9.1959789116343,38.7693545504521],[-9.19597825374169,38.7693179891132],[-9.19598776397287,38.7692764676606],[-9.19604953106569,38.7691898777423],[-9.19626962997639,38.7689570091349],[-9.19638168363538,38.768839786726],[-9.19654204143501,38.7686902416564],[-9.19674888643844,38.7685179294947],[-9.19689939683358,38.7683876565112],[-9.19700431280059,38.7682907214882],[-9.19700563710173,38.7682894977148],[-9.19705523170132,38.7682046449353],[-9.19706831262815,38.7681248955914],[-9.19705286291524,38.7680454068948],[-9.19702132429094,38.7679902963115],[-9.1969283459126,38.7678527297167],[-9.19692829172178,38.7678526497697],[-9.19699458102512,38.7677638268955],[-9.1971054796729,38.7676437210026],[-9.19724886370885,38.7674665410083],[-9.19724886669013,38.7674665367921],[-9.1972493242392,38.7674659719121],[-9.19743142231265,38.7672084768665],[-9.19758447883401,38.7669751237634]]]}},{"type":"Feature","id":"CRUS_Odivelas_V.399236","properties":{"Area_Ha":0.199255775799256,"Autor":"DGT","Categoria":"Espaço Habitacional","Classe":"Solo Urbano","DTCC":"1116","Data_PublicacaoPDM":"2024-09-06T00:00:00","Designacao_PlantaOrdenamento":"Espaço Habitacional - Nivel 2","Escala_PlantaOrdenamento":"1/10000","Fonte":"CM_Vetor","ID":399236,"Municipio":"ODIVELAS"},"geometry":{"type":"Polygon","coordinates":[[[-9.22199738999426,38.8139865637062],[-9.22199773664408,38.8139901540589],[-9.22199792894803,38.8139902019275],[-9.22200932216417,38.8140670688759],[-9.22184698392989,38.8140920747371],[-9.22139599974867,38.8141775577481],[-9.22137704777654,38.8140572986364],[-9.22136089702014,38.8139114989688],[-9.22135613931755,38.8138398693245],[-9.22181297290771,38.8137123411894],[-9.22193168014365,38.8138024108079],[-9.2219391717339,38.8138708890706],[-9.22193080403439,38.8139337500604],[-9.22193395010113,38.8140028791882],[-9.22197700712749,38.8139946144295],[-9.22199738999426,38.8139865637062]]]}},{"type":"Feature","id":"CRUS_Odivelas_V.399237","properties":{"Area_Ha":1.81464081703243,"Autor":"DGT","Categoria":"Espaço Central","Classe":"Solo Urbano","DTCC":"1116","Data_PublicacaoPDM":"2024-09-06T00:00:00","Designacao_PlantaOrdenamento":"Espaços Centrais - Nivel 2","Escala_PlantaOrdenamento":"1/10000","Fonte":"CM_Vetor","ID":399237,"Municipio":"ODIVELAS"},"geometry":{"type":"Polygon","coordinates":[[[-9.22743783029821,38.8141804147462],[-9.22717217683074,38.8138806175355],[-9.22702426379823,38.8134054853195],[-9.22699830285538,38.813322091806],[-9.22714906953741,38.8133020087072],[-9.22714511049444,38.813238829405],[-9.22774687885528,38.8133000944678],[-9.22824968207325,38.8132204360529],[-9.2286579304381,38.8135569026131],[-9.22900017616836,38.8134654999297],[-9.2291484908177,38.8136617800001],[-9.22936619782178,38.8137801439793],[-9.22937250158919,38.8138158445884],[-9.22946646046584,38.8140286185137],[-9.22951782969426,38.8141449459179],[-9.2292785244913,38.8142031503638],[-9.22878943326206,38.814258356607],[-9.22849267107055,38.8142719239122],[-9.22823174850934,38.8142579155017],[-9.22778998228829,38.8142341956607],[-9.22743783029821,38.8141804147462]]]}},{"type":"Feature","id":"CRUS_Odivelas_V.399238","properties":{"Area_Ha":2.86890372402715,"Autor":"DGT","Categoria":"Espaço de Atividades Económicas","Classe":"Solo Urbano","DTCC":"1116","Data_PublicacaoPDM":"2024-09-06T00:00:00","Designacao_PlantaOrdenamento":"Espaço de Atividades Económicas Consolidados","Escala_PlantaOrdenamento":"1/10000","Fonte":"CM_Vetor","ID":399238,"Municipio":"ODIVELAS"},"geometry":{"type":"Polygon","coordinates":[[[-9.18839977937714,38.7861371733092],[-9.1888759428012,38.7858626262054],[-9.18931476079409,38.785746832451],[-9.18954225205263,38.7855646123649],[-9.19032257007742,38.7859986344155],[-9.19084139286265,38.78592559824],[-9.19095761893571,38.7860022014656],[-9.19115920183654,38.7862147044394],[-9.19114830841271,38.7863495841913],[-9.19109695030756,38.7867835459217],[-9.19107702819614,38.7868686167356],[-9.19106338956141,38.7868899759222],[-9.19104563906067,38.7869137334619],[-9.19101096330764,38.7869530823085],[-9.19099828706069,38.7869761004614],[-9.19095348931753,38.7870433200681],[-9.19089767813013,38.7870982323795],[-9.19083064294163,38.7871412654632],[-9.19073830384438,38.7871699355052],[-9.19029494315383,38.7872532183402],[-9.1901599512715,38.7872975827752],[-9.19000076934839,38.7873372350279],[-9.18995653978118,38.7873358156991],[-9.18990528602807,38.7873257449285],[-9.18977447910605,38.7872357712201],[-9.18956813796977,38.7871122516375],[-9.18915313356341,38.786832625311],[-9.18898388440739,38.7866878714309],[-9.18839977937714,38.7861371733092]]]}},{"type":"Feature","id":"CRUS_Odivelas_V.399239","properties":{"Area_Ha":29.8957113522393,"Autor":"DGT","Categoria":"Espaço Central","Classe":"Solo Urbano","DTCC":"1116","Data_PublicacaoPDM":"2024-09-06T00:00:00","Designacao_PlantaOrdenamento":"Espaços Centrais - Nivel1","Escala_PlantaOrdenamento":"1/10000","Fonte":"CM_Vetor","ID":399239,"Municipio":"ODIVELAS"},"geometry":{"type":"Polygon","coordinates":[[[-9.20127870165178,38.7602211794005],[-9.20128714957635,38.7602474967904],[-9.20135315791109,38.7604154227559],[-9.20139014759576,38.7605195740127],[-9.20147751025016,38.760753610977],[-9.20152358902088,38.7608964107506],[-9.20159966372675,38.7611678376009],[-9.20162063231796,38.7612779893955],[-9.20165136014146,38.7613863404783],[-9.20169378169879,38.7614921525312],[-9.20171930275628,38.7615449768033],[-9.20175245489138,38.7616078182034],[-9.20180306219398,38.7616839179675],[-9.20189601259407,38.7617908883791],[-9.20205649174785,38.7619520092791],[-9.2021164165073,38.7620046043553],[-9.20217090024211,38.7620631078304],[-9.20231124882781,38.7622395428731],[-9.20236188157031,38.7623173536269],[-9.20240506319427,38.7624046060245],[-9.20244444143109,38.7625221548329],[-9.20246037252412,38.7626026295731],[-9.20248136873032,38.762806462707],[-9.20248115299462,38.7629925608456],[-9.20247593059978,38.7630663841231],[-9.2024663112211,38.7631385307499],[-9.20243686681081,38.7632702245216],[-9.20242302662876,38.7633525020746],[-9.20240171409526,38.7634505233254],[-9.20237608593109,38.7635910953535],[-9.20235808478638,38.763672333635],[-9.2022499712988,38.7642289160105],[-9.20224666888375,38.7642927203674],[-9.20224726029648,38.7643323473647],[-9.20226331575287,38.764398321154],[-9.20230721871731,38.7644722318434],[-9.2023824110905,38.7645844086129],[-9.20244169888565,38.7646867340298],[-9.20258061032493,38.7649050706427],[-9.20263546719179,38.7649956327146],[-9.20272686570426,38.7651372974086],[-9.20278098782463,38.7652251683035],[-9.20289005716644,38.7653790135714],[-9.20301875851884,38.7655146580534],[-9.2030834481558,38.7655782011462],[-9.20316251769367,38.765648996209],[-9.20321996942899,38.7657057604888],[-9.2032751815219,38.7657663249092],[-9.20336583409286,38.7658807050584],[-9.20341333641088,38.7659492677556],[-9.20351374947523,38.7661394011263],[-9.20354563478868,38.7662173839072],[-9.20358003483588,38.7663095786242],[-9.20361288413761,38.766405477117],[-9.20365349573574,38.7664823926784],[-9.20369053896125,38.7665668155612],[-9.2037677607805,38.7666986989028],[-9.20384544895811,38.7668158096772],[-9.20388010812741,38.7668634098547],[-9.20398465924693,38.7669994609487],[-9.20410132703552,38.7671301718937],[-9.20417960636973,38.7672098019924],[-9.20431598554405,38.7673352877078],[-9.20439236075217,38.7674104303272],[-9.20445068160753,38.7674710620489],[-9.20450332205135,38.7675287651466],[-9.20455682918939,38.7675907903078],[-9.2046172982942,38.7676720228306],[-9.20470876598746,38.7678177369337],[-9.20476376857878,38.7679100143826],[-9.20483988047262,38.7680293881513],[-9.20491696852555,38.7682135178605],[-9.20494985042977,38.7682810420689],[-9.20499122855924,38.768346962424],[-9.20499446153345,38.7683514865493],[-9.20465370165927,38.7685205982695],[-9.20401272402979,38.7686919850445],[-9.20331654272774,38.7687268649731],[-9.20292966245683,38.7685774600495],[-9.20287212209145,38.7685414456563],[-9.20286974833784,38.7685398114334],[-9.20292280581498,38.7684883469434],[-9.20300049268355,38.7684128713622],[-9.20308250429475,38.7681727856285],[-9.20314220952591,38.7679798350904],[-9.20317344615079,38.7678605561082],[-9.20278358661905,38.7676809120889],[-9.20274975534818,38.7675806058743],[-9.20272656893735,38.7675765852066],[-9.20270326469866,38.7675724744205],[-9.20262755158629,38.7678490731951],[-9.20243341985998,38.7677625767114],[-9.20230210832711,38.7677298193657],[-9.20209970835595,38.7676288952806],[-9.20196682946688,38.7675604820779],[-9.20175419808225,38.7674371312599],[-9.20168864681022,38.767531591801],[-9.20173043394724,38.7675715638655],[-9.20170826242762,38.7676046445895],[-9.20170073742696,38.767616964204],[-9.20168691865284,38.7676392499965],[-9.20166680877673,38.7676716816253],[-9.2015813558099,38.767674083674],[-9.20151527720383,38.7677642257618],[-9.20148031767995,38.7677885052239],[-9.20130403811009,38.7679110915199],[-9.20128430252298,38.7679379351071],[-9.20120682651273,38.7680429529501],[-9.20118643079059,38.7680706233076],[-9.20084665880734,38.7679146193563],[-9.20084497147694,38.7679138447191],[-9.19878696376399,38.7669688942086],[-9.19878461877562,38.7669674004931],[-9.19849624760405,38.7668735916292],[-9.19837603627998,38.7668899016427],[-9.19774160978861,38.7667759657229],[-9.19773875964177,38.7667758661825],[-9.19773684811321,38.7667755224286],[-9.19773671335643,38.7667754568394],[-9.19773757419741,38.7667743248618],[-9.19785475317769,38.7666202007479],[-9.19785476785843,38.7666201798467],[-9.19785646576242,38.7666179459045],[-9.19795569968073,38.7664714803128],[-9.19802145077943,38.7663563684357],[-9.19802149302061,38.7663563031042],[-9.19802255446252,38.7663546412532],[-9.19810014838654,38.7662331557626],[-9.19816077275549,38.7661482601917],[-9.19816099333384,38.7661479513035],[-9.19816100476608,38.7661479352943],[-9.19822632756011,38.7660536672132],[-9.19827822261369,38.7659847405488],[-9.19841389760947,38.7658249805485],[-9.198474479783,38.7657537636728],[-9.19847721597276,38.7657505460054],[-9.19850821637168,38.765669200188],[-9.19850262305764,38.7656026003692],[-9.19840232049195,38.7654295130865],[-9.19828628057493,38.7652472636581],[-9.19805566513775,38.764896357186],[-9.19784895177968,38.7645896371538],[-9.19769448937107,38.7643690054982],[-9.19738531934772,38.7642123901485],[-9.19744783543461,38.7641069683565],[-9.19747040612499,38.7640544295672],[-9.19751161909933,38.763893446451],[-9.19755859514816,38.7637335783016],[-9.1976011152228,38.7635601554526],[-9.19763476971859,38.7633786137927],[-9.1976813966805,38.763388366962],[-9.19771889112289,38.7633641511974],[-9.19777100847487,38.7633489072723],[-9.1978378304296,38.7633471248005],[-9.19805625661443,38.763366751506],[-9.19813206880328,38.7633820008228],[-9.19820790542701,38.7633984271842],[-9.19830110599631,38.7634066720068],[-9.19837680028468,38.763413908919],[-9.19843917818466,38.7634076627214],[-9.19852201912733,38.7634079893823],[-9.19864517695268,38.7633806548393],[-9.19903613817914,38.7631732409266],[-9.19979539518068,38.7628052763563],[-9.20035447839352,38.7626702737101],[-9.20041224109306,38.7626401079174],[-9.200438764015,38.7626157441178],[-9.20044095971481,38.762613726807],[-9.20066407002165,38.7620683407141],[-9.20070183713717,38.7619698979864],[-9.20060245925613,38.7619332478888],[-9.19945110205769,38.761457534462],[-9.19890005905223,38.7615525549899],[-9.19817591564356,38.7609554667681],[-9.19813206497155,38.7605830325378],[-9.19812441161819,38.7605421033791],[-9.19812369027799,38.7605382522624],[-9.19882121862219,38.7604226249124],[-9.19940174397601,38.7603303101789],[-9.1997820308213,38.7602723383825],[-9.20000121982609,38.7602588041042],[-9.20024194361015,38.7602618290637],[-9.20060054961336,38.7602700814125],[-9.20084925687693,38.7602688832158],[-9.20107782840486,38.7602594092831],[-9.20118332203919,38.7602438517327],[-9.20127870165178,38.7602211794005]]]}},{"type":"Feature","id":"CRUS_Odivelas_V.399240","properties":{"Area_Ha":3.21614144354864,"Autor":"DGT","Categoria":"Espaço Habitacional","Classe":"Solo Urbano","DTCC":"1116","Data_PublicacaoPDM":"2024-09-06T00:00:00","Designacao_PlantaOrdenamento":"Espaço Habitacional - Nivel 2","Escala_PlantaOrdenamento":"1/10000","Fonte":"CM_Vetor","ID":399240,"Municipio":"ODIVELAS"},"geometry":{"type":"Polygon","coordinates":[[[-9.23345329837013,38.8076336157474],[-9.23331707750333,38.8077582137201],[-9.23299267895782,38.8078722450058],[-9.23210760847123,38.8080805201748],[-9.23210167697514,38.8080822418421],[-9.23182589113418,38.8081621963138],[-9.23118762837723,38.8083970959099],[-9.23093603363699,38.8080156780491],[-9.23066084124194,38.8076177467447],[-9.23064989418628,38.8076019177193],[-9.23046662943552,38.8073357788945],[-9.23040398059326,38.8072129176916],[-9.23034958958124,38.8071044182527],[-9.23029969253608,38.8070060189852],[-9.2302683631568,38.8069434579395],[-9.23024971411725,38.8069068195747],[-9.23023992864422,38.8068819956309],[-9.23022847624858,38.8068424608565],[-9.23020955215342,38.806786306832],[-9.23019155120942,38.8067315797658],[-9.23017162271334,38.8066777989876],[-9.2301630600349,38.80665565423],[-9.23016078173313,38.8066495997171],[-9.23019209519513,38.806657720798],[-9.23054456996872,38.8067592112858],[-9.23081063000317,38.8068153995826],[-9.23105194183807,38.806829900752],[-9.23131665107533,38.8067980684064],[-9.23148480940941,38.806758759766],[-9.23189780108963,38.8066144436649],[-9.23204805149992,38.8065704817223],[-9.23223001288067,38.8067094665462],[-9.23258015491858,38.8069679309471],[-9.23280872697767,38.8071438590109],[-9.23308089119825,38.8073471144781],[-9.23345637314101,38.807628914337],[-9.23345842837493,38.8076309052098],[-9.23345329837013,38.8076336157474]]]}},{"type":"Feature","id":"CRUS_Odivelas_V.399241","properties":{"Area_Ha":3.32977930329491,"Autor":"DGT","Categoria":"Espaço de Uso Especial Equipamentos e Infraestruturas","Classe":"Solo Urbano","DTCC":"1116","Data_PublicacaoPDM":"2024-09-06T00:00:00","Designacao_PlantaOrdenamento":"Espaço de Uso Especial - Equipamentos","Escala_PlantaOrdenamento":"1/10000","Fonte":"CM_Vetor","ID":399241,"Municipio":"ODIVELAS"},"geometry":{"type":"Polygon","coordinates":[[[-9.235856316019,38.8092922026126],[-9.23585830455169,38.8092966486311],[-9.23612606281653,38.8098696812274],[-9.23470452096209,38.8101173893667],[-9.23372554446076,38.8103065149475],[-9.23325107314436,38.8094688816143],[-9.23321788987416,38.8094241541947],[-9.23287249070273,38.8090599422259],[-9.23554065895268,38.8085891208234],[-9.23554556254346,38.8085884320034],[-9.23565355629646,38.8088272883718],[-9.23586138562783,38.8092919213805],[-9.235856316019,38.8092922026126]]]}},{"type":"Feature","id":"CRUS_Odivelas_V.399242","properties":{"Area_Ha":0.11149059964607,"Autor":"DGT","Categoria":"Espaço Florestal","Classe":"Solo Rústico","DTCC":"1116","Data_PublicacaoPDM":"2024-09-06T00:00:00","Designacao_PlantaOrdenamento":"Espaços Florestais com Funções Predominantes de Recreio e Valorização da Paisagem Grande Lisboa","Escala_PlantaOrdenamento":"1/10000","Fonte":"CM_Vetor","ID":399242,"Municipio":"ODIVELAS"},"geometry":{"type":"Polygon","coordinates":[[[-9.2368714904633,38.8090834810711],[-9.23691310330602,38.8090866018125],[-9.23701860996155,38.8092763840966],[-9.2372355303296,38.8096867046094],[-9.23723017089608,38.8096871429094],[-9.23723015307732,38.8096871092032],[-9.23722932778914,38.8096872470229],[-9.2370342510877,38.8097061970512],[-9.23682049577334,38.8092370752764],[-9.2367676029912,38.8091605169645],[-9.2367368488239,38.8091159942375],[-9.23673594581525,38.8091142357701],[-9.23673407776182,38.8091104728313],[-9.2368714904633,38.8090834810711]]]}},{"type":"Feature","id":"CRUS_Odivelas_V.399243","properties":{"Area_Ha":10.7319194477626,"Autor":"DGT","Categoria":"Espaço Habitacional","Classe":"Solo Urbano","DTCC":"1116","Data_PublicacaoPDM":"2024-09-06T00:00:00","Designacao_PlantaOrdenamento":"Espaço Habitacional - Nivel 2","Escala_PlantaOrdenamento":"1/10000","Fonte":"CM_Vetor","ID":399243,"Municipio":"ODIVELAS"},"geometry":{"type":"Polygon","coordinates":[[[-9.23745868464827,38.8101689948898],[-9.23741806934482,38.8101767583005],[-9.23471751455417,38.8106269607202],[-9.23492747221144,38.8113444134192],[-9.23433474626286,38.811441604156],[-9.23433595553627,38.8114932311047],[-9.23435542330366,38.8119465135321],[-9.23377767396856,38.811948900071],[-9.23376965251776,38.8119507146503],[-9.23340170314318,38.8120339798966],[-9.23313287705783,38.8120938002292],[-9.23306423407615,38.8119664120556],[-9.23273525867508,38.8119869135268],[-9.23224699499365,38.8120667153479],[-9.23252022433795,38.8130369453601],[-9.23254984090699,38.8130943797607],[-9.23257878823303,38.813096573179],[-9.23272953956211,38.813090863683],[-9.23296780515404,38.8130494561067],[-9.23309630673631,38.8130220203079],[-9.23308547698061,38.8130737786734],[-9.23306283960327,38.8131579913569],[-9.23302488497269,38.8133139688919],[-9.23301131617072,38.8133748561775],[-9.23266317686453,38.8133639044447],[-9.23251654645238,38.813363332355],[-9.23237408429994,38.8133525378375],[-9.23228190629259,38.8133258004854],[-9.2320445789912,38.8133275709181],[-9.23192375636064,38.8133286234344],[-9.23175971689711,38.8133209023708],[-9.23151657106582,38.8133703215588],[-9.23118222045431,38.8134484929564],[-9.2309619109072,38.8135135884663],[-9.22979366584167,38.8139603526822],[-9.22967431661508,38.8136744956168],[-9.23054892625934,38.8133746012663],[-9.23082230418594,38.8132659995721],[-9.23106019843211,38.8131957089478],[-9.23095533797233,38.812258776385],[-9.23068534897255,38.8122700118981],[-9.23056818022653,38.8122711135476],[-9.23051536428281,38.8119723896636],[-9.23045454334804,38.811628392249],[-9.23099557971826,38.8112435412251],[-9.23144459265978,38.8109241444075],[-9.23099099603211,38.8104887338314],[-9.23121820543987,38.8103433001521],[-9.23255127358586,38.8100653057652],[-9.23285018141001,38.8101539644733],[-9.23302487531244,38.8099472192037],[-9.23305291071966,38.8099103855616],[-9.23307530918911,38.8099444067275],[-9.23312517389812,38.8100749793542],[-9.23323813094532,38.8103794760212],[-9.23327476701816,38.8104537303953],[-9.23365250266459,38.8103778991397],[-9.23375394154917,38.8103575345427],[-9.23372554446076,38.8103065149475],[-9.23470452096209,38.8101173893667],[-9.23612606281653,38.8098696812274],[-9.23585830455169,38.8092966486311],[-9.235856316019,38.8092922026126],[-9.23586138562783,38.8092919213805],[-9.23631301616117,38.8091946044996],[-9.23671585862733,38.8091140515735],[-9.23673407776182,38.8091104728313],[-9.23673594581525,38.8091142357701],[-9.2367368488239,38.8091159942375],[-9.2367676029912,38.8091605169645],[-9.23682049577334,38.8092370752764],[-9.2370342510877,38.8097061970512],[-9.23722932778914,38.8096872470229],[-9.23723015307732,38.8096871092032],[-9.23723017089608,38.8096871429094],[-9.2372355303296,38.8096867046094],[-9.23727262966391,38.8097568801474],[-9.23733557136138,38.8098887891875],[-9.23744929590368,38.8101330799345],[-9.23746337004658,38.8101682515618],[-9.23745868464827,38.8101689948898]]]}},{"type":"Feature","id":"CRUS_Odivelas_V.399244","properties":{"Area_Ha":11.7801708102553,"Autor":"DGT","Categoria":"Espaço Habitacional","Classe":"Solo Urbano","DTCC":"1116","Data_PublicacaoPDM":"2024-09-06T00:00:00","Designacao_PlantaOrdenamento":"Espaço Habitacional - Nivel 2","Escala_PlantaOrdenamento":"1/10000","Fonte":"CM_Vetor","ID":399244,"Municipio":"ODIVELAS"},"geometry":{"type":"Polygon","coordinates":[[[-9.23529728195899,38.8121314328995],[-9.23543910662727,38.812560912022],[-9.23518904919899,38.8126213753127],[-9.23532228091066,38.8130309939319],[-9.23464099785238,38.8131418773864],[-9.23473011951017,38.8140194881072],[-9.23545038412161,38.8140472175948],[-9.23546125698761,38.8141776549997],[-9.23559305467985,38.8141852643047],[-9.23587308550691,38.8144854698562],[-9.2364593830141,38.8145810887415],[-9.23758576839205,38.8151559015298],[-9.23736291436551,38.815371329674],[-9.23767959116012,38.8155301480979],[-9.23782832322562,38.8156314314222],[-9.23796594486342,38.8157857192904],[-9.23801931368788,38.815911110236],[-9.23804010202498,38.8159747762278],[-9.23804984181978,38.8159810154739],[-9.23805022784308,38.8159880054383],[-9.23808710060659,38.8165513592608],[-9.238086764075,38.8165513895316],[-9.23782443614416,38.8166003504924],[-9.23756387283296,38.8166964052854],[-9.23721955117535,38.8168262181803],[-9.23684489081566,38.8169829931712],[-9.23630657459859,38.8171700286969],[-9.23622966794295,38.8171967487988],[-9.23549971677588,38.8173145157252],[-9.23505331235456,38.8173865332163],[-9.23470399643901,38.8174137611456],[-9.23460039062249,38.8170850036711],[-9.23412383665311,38.8166039022928],[-9.23393026379387,38.816359364915],[-9.23385881001206,38.8162014231667],[-9.23376393453396,38.8160465823257],[-9.23367798631356,38.8159099556666],[-9.2336394115104,38.8157385242392],[-9.2336011252882,38.8155858308702],[-9.23355256864724,38.8154560615954],[-9.23352233738458,38.8153908249078],[-9.23347282906643,38.8153369622568],[-9.233427750782,38.8153072116008],[-9.23335251881949,38.8152570764105],[-9.23325107786506,38.8152284063718],[-9.23314706133371,38.8152113060054],[-9.23301609374274,38.814940177298],[-9.23297776784434,38.8148474381917],[-9.23296350495451,38.8147712305361],[-9.23293920514277,38.8145214733365],[-9.23292045792124,38.8140596009755],[-9.23292159121748,38.8140595261983],[-9.23336546410912,38.8140468709766],[-9.23335079276902,38.8143130886058],[-9.23341285906461,38.8147796967451],[-9.23345375206825,38.8149030292021],[-9.23352305138834,38.8149955874554],[-9.23380166543067,38.8148237592012],[-9.23403108288525,38.8146534015655],[-9.23424294547893,38.8144511718993],[-9.23430611853038,38.814122196216],[-9.234301915311,38.813839808305],[-9.23428446818795,38.8130765794635],[-9.23434044599943,38.8122608792201],[-9.23529728195899,38.8121314328995]]]}},{"type":"Feature","id":"CRUS_Odivelas_V.399245","properties":{"Area_Ha":23.1661028005894,"Autor":"DGT","Categoria":"Espaço Florestal","Classe":"Solo Rústico","DTCC":"1116","Data_PublicacaoPDM":"2024-09-06T00:00:00","Designacao_PlantaOrdenamento":"Espaços Florestais de Produção - Grande Lisboa","Escala_PlantaOrdenamento":"1/10000","Fonte":"CM_Vetor","ID":399245,"Municipio":"ODIVELAS"},"geometry":{"type":"Polygon","coordinates":[[[-9.24111526800136,38.8197657853425],[-9.24059192436503,38.8200936281689],[-9.24025886125089,38.8202817163186],[-9.23999184570185,38.8204376517594],[-9.23975629534983,38.8205734669655],[-9.23953334383867,38.8206824100874],[-9.23932910313343,38.8207956793125],[-9.23918808572212,38.8208720499337],[-9.23895118782149,38.8209430257712],[-9.2386278167885,38.8210216608516],[-9.2382571541138,38.8211248889398],[-9.23790003427839,38.8212251029815],[-9.23744449408031,38.8213572342265],[-9.23710824766972,38.8214522897509],[-9.23702088433474,38.8214765368125],[-9.23669829054391,38.8215685827676],[-9.23655689412412,38.8214566955353],[-9.23644787287527,38.8213687300983],[-9.23627376290579,38.8212261645653],[-9.23613355834764,38.8211021945641],[-9.2359269029151,38.8209324638963],[-9.2358166565707,38.8208396481588],[-9.23571761950863,38.8207640217304],[-9.23553090896692,38.8206031961854],[-9.23535923678095,38.8204615985427],[-9.23520693005661,38.8203440438931],[-9.23501780449423,38.8201909014725],[-9.23443282942663,38.819675727395],[-9.23363879569559,38.8190215451562],[-9.23363636779608,38.8190230722765],[-9.23369219870359,38.8187472510551],[-9.2338338538872,38.8184693742351],[-9.23391890560332,38.8182486782652],[-9.2342701160259,38.8177520185405],[-9.23441337558672,38.8176120633455],[-9.23470399643901,38.8174137611456],[-9.23505331235456,38.8173865332163],[-9.23549971677588,38.8173145157252],[-9.23622966794295,38.8171967487988],[-9.23630657459859,38.8171700286969],[-9.23684489081566,38.8169829931712],[-9.23721955117535,38.8168262181803],[-9.23756387283296,38.8166964052854],[-9.23782443614416,38.8166003504924],[-9.238086764075,38.8165513895316],[-9.23808710060659,38.8165513592608],[-9.23805022784308,38.8159880054383],[-9.23804984181978,38.8159810154739],[-9.23826361087907,38.8161179539896],[-9.23834396072667,38.8161171938356],[-9.2385305491737,38.8161066873455],[-9.23864172426397,38.8161038328634],[-9.23870275651217,38.8162087333322],[-9.23875733520489,38.8162981989448],[-9.23879148654816,38.8163472377676],[-9.23882033805294,38.8163740795908],[-9.23892905073432,38.8164427663643],[-9.23913303819819,38.8165221727422],[-9.23925861748327,38.8165644916911],[-9.23954443046323,38.8166567205124],[-9.23965909521591,38.8167079663166],[-9.23978624584857,38.8167773783993],[-9.23993199477511,38.8168437352805],[-9.23992155396639,38.8168451745957],[-9.23967532830766,38.8168791388074],[-9.23967546695899,38.8168834741677],[-9.23967755934988,38.8169488349279],[-9.23970932284342,38.8170812143539],[-9.23973038569102,38.8171700097275],[-9.23974246801888,38.8172289864999],[-9.23972327926069,38.8174247212179],[-9.23969540768685,38.8175430785094],[-9.23967278353196,38.8176807453735],[-9.23965904561614,38.8177524909916],[-9.23965080334357,38.8178600269745],[-9.23966053241347,38.8179228056576],[-9.23969909908143,38.8180192727948],[-9.23974746207289,38.8181832956209],[-9.23984318112152,38.8183789307843],[-9.24011604858301,38.8186678308296],[-9.24030202467089,38.818854773586],[-9.24055608303091,38.8191262849763],[-9.24077253665944,38.819363290887],[-9.24092997520295,38.8195515850121],[-9.24112001209137,38.8197628140111],[-9.24111526800136,38.8197657853425]]]}},{"type":"Feature","id":"CRUS_Odivelas_V.399246","properties":{"Area_Ha":0.40325983525631,"Autor":"DGT","Categoria":"Espaço Verde","Classe":"Solo Urbano","DTCC":"1116","Data_PublicacaoPDM":"2024-09-06T00:00:00","Designacao_PlantaOrdenamento":"Espaço Verde","Escala_PlantaOrdenamento":"1/10000","Fonte":"CM_Vetor","ID":399246,"Municipio":"ODIVELAS"},"geometry":{"type":"Polygon","coordinates":[[[-9.20884342172435,38.7863797892969],[-9.20889465353195,38.7864291847674],[-9.20905800473876,38.7866076535038],[-9.20910305914298,38.7866647967976],[-9.20914926066512,38.7867294065534],[-9.20918444243526,38.7867880826855],[-9.20922746624039,38.7868708269374],[-9.20924519357725,38.7869124596407],[-9.2092221766848,38.7869186218336],[-9.20872415762966,38.7871904621977],[-9.20823890147014,38.787308113101],[-9.20828694185687,38.7871606204128],[-9.20856592291649,38.7867784690789],[-9.20883924259937,38.7863823523231],[-9.20884342172435,38.7863797892969]]]}},{"type":"Feature","id":"CRUS_Odivelas_V.399247","properties":{"Area_Ha":8.87803218912827,"Autor":"DGT","Categoria":"Espaço de Equipamentos e Infraestruturas","Classe":"Solo Rústico","DTCC":"1116","Data_PublicacaoPDM":"2024-09-06T00:00:00","Designacao_PlantaOrdenamento":"Espaço de Equipamentos e Infraestruturas e Outras Estruturas ou Ocupações","Escala_PlantaOrdenamento":"1/10000","Fonte":"CM_Vetor","ID":399247,"Municipio":"ODIVELAS"},"geometry":{"type":"Polygon","coordinates":[[[-9.15983156760351,38.7951120205934],[-9.16038366900314,38.7944732971282],[-9.16038725435998,38.7944665099778],[-9.15955763624043,38.7939064238097],[-9.15886221489976,38.7934369234762],[-9.16192767447991,38.7914318831309],[-9.16198928257903,38.7913854263761],[-9.16207416715357,38.7914366634915],[-9.16262775226094,38.7917708084686],[-9.16484505029777,38.7931091143298],[-9.16428466398895,38.7936702168881],[-9.16309507852075,38.792913914638],[-9.16120044064275,38.7946688958823],[-9.16084033698457,38.7948396706416],[-9.16059262877411,38.7949458174389],[-9.16002638465713,38.7952159760525],[-9.15983156760351,38.7951120205934]]]}},{"type":"Feature","id":"CRUS_Odivelas_V.399248","properties":{"Area_Ha":3.50352549659973,"Autor":"DGT","Categoria":"Espaço de Equipamentos e Infraestruturas","Classe":"Solo Rústico","DTCC":"1116","Data_PublicacaoPDM":"2024-09-06T00:00:00","Designacao_PlantaOrdenamento":"Espaço de Equipamentos e Infraestruturas e Outras Estruturas ou Ocupações","Escala_PlantaOrdenamento":"1/10000","Fonte":"CM_Vetor","ID":399248,"Municipio":"ODIVELAS"},"geometry":{"type":"Polygon","coordinates":[[[-9.22157591209474,38.7932704090505],[-9.2224497581871,38.7939876219776],[-9.22262222801078,38.7938771441448],[-9.22275424017966,38.7937928025927],[-9.22292124462783,38.7937448794926],[-9.22308973263493,38.7936257593038],[-9.22320995436687,38.7937774585865],[-9.22324845339672,38.7937893401966],[-9.22331151221137,38.7938088010354],[-9.22390575119748,38.7939922058425],[-9.22426920943986,38.7943339869738],[-9.22463558922832,38.79497258238],[-9.22450436242502,38.7951047035928],[-9.22421061056764,38.7953172824143],[-9.22421035998569,38.7953198409022],[-9.22419916635554,38.7954342708267],[-9.22419661424433,38.7954334485176],[-9.22419663044184,38.7954332829401],[-9.2241895865144,38.7954311841306],[-9.2241619035052,38.795422935692],[-9.22327452090324,38.7951466871911],[-9.22224083248315,38.7948248831026],[-9.22142416429716,38.7945706325146],[-9.22142786755959,38.7941008806162],[-9.22143121845013,38.7936760058787],[-9.22157591209474,38.7932704090505]]]}},{"type":"Feature","id":"CRUS_Odivelas_V.399249","properties":{"Area_Ha":2.06617798680142,"Autor":"DGT","Categoria":"Espaço de Equipamentos e Infraestruturas","Classe":"Solo Rústico","DTCC":"1116","Data_PublicacaoPDM":"2024-09-06T00:00:00","Designacao_PlantaOrdenamento":"Espaço de Equipamentos e Infraestruturas e Outras Estruturas ou Ocupações","Escala_PlantaOrdenamento":"1/10000","Fonte":"CM_Vetor","ID":399249,"Municipio":"ODIVELAS"},"geometry":{"type":"Polygon","coordinates":[[[-9.23006160413554,38.8102883743725],[-9.22853178523382,38.8104268491476],[-9.22853163193836,38.8104268614196],[-9.22850032943662,38.8101199042698],[-9.23010052641398,38.8098993292635],[-9.2313430577376,38.8097037135506],[-9.23205600726508,38.8095631979167],[-9.23244940618436,38.8095161217808],[-9.23254946469603,38.809534836557],[-9.23265952440586,38.8095792632142],[-9.2327594558574,38.8096318101686],[-9.23285621649211,38.8097004316088],[-9.23295668280219,38.8097877381278],[-9.2330228106698,38.8098646710727],[-9.23305291071966,38.8099103855616],[-9.23302487531244,38.8099472192037],[-9.23285018141001,38.8101539644733],[-9.23255127358586,38.8100653057652],[-9.23121820543987,38.8103433001521],[-9.23099099603211,38.8104887338314],[-9.23080799562625,38.8103134052859],[-9.23006160413554,38.8102883743725]]]}},{"type":"Feature","id":"CRUS_Odivelas_V.399250","properties":{"Area_Ha":9.6448005897616,"Autor":"DGT","Categoria":"Espaço de Equipamentos e Infraestruturas","Classe":"Solo Rústico","DTCC":"1116","Data_PublicacaoPDM":"2024-09-06T00:00:00","Designacao_PlantaOrdenamento":"Espaço de Equipamentos e Infraestruturas e Outras Estruturas ou Ocupações","Escala_PlantaOrdenamento":"1/10000","Fonte":"CM_Vetor","ID":399250,"Municipio":"ODIVELAS"},"geometry":{"type":"Polygon","coordinates":[[[-9.20138783607239,38.7777636458869],[-9.20230897833587,38.7774537281571],[-9.20334204503685,38.7770907484649],[-9.20466673970787,38.7766191203655],[-9.20498360591326,38.7764524530941],[-9.20565020660151,38.7761080506346],[-9.20602945476113,38.7770867492112],[-9.2060424405831,38.7771039172377],[-9.20622576565113,38.7784160894771],[-9.20655383037821,38.7787543554849],[-9.20713862060622,38.7791175762599],[-9.20666756547702,38.7792693304189],[-9.20566260561288,38.7795930763756],[-9.2056570073498,38.7795929047402],[-9.20565629445608,38.7795931343026],[-9.20530333521516,38.7795823267211],[-9.20504451586108,38.7795743998429],[-9.20411055349881,38.7790960754556],[-9.20334083969798,38.7788281883204],[-9.20228272124243,38.7786234595527],[-9.20138783607239,38.7777636458869]]]}},{"type":"Feature","id":"CRUS_Odivelas_V.399251","properties":{"Area_Ha":2.32866622676169,"Autor":"DGT","Categoria":"Espaço de Equipamentos e Infraestruturas","Classe":"Solo Rústico","DTCC":"1116","Data_PublicacaoPDM":"2024-09-06T00:00:00","Designacao_PlantaOrdenamento":"Espaço de Equipamentos e Infraestruturas e Outras Estruturas ou Ocupações","Escala_PlantaOrdenamento":"1/10000","Fonte":"CM_Vetor","ID":399251,"Municipio":"ODIVELAS"},"geometry":{"type":"Polygon","coordinates":[[[-9.20091911893677,38.7721997476219],[-9.20047448625167,38.7719363750658],[-9.20017255629763,38.7720983909473],[-9.20006976304122,38.772165086352],[-9.19987048319664,38.7720059694488],[-9.19925343353128,38.771513270736],[-9.19923997126728,38.7712277606662],[-9.19928136656301,38.7707628557329],[-9.19929969779039,38.7705260569697],[-9.19939302018608,38.7704416123894],[-9.19977463265842,38.7704229048273],[-9.20016044562523,38.7703075941204],[-9.2005687623934,38.7711373430147],[-9.20077503146758,38.771288767948],[-9.2015840592192,38.7715975360808],[-9.20091911893677,38.7721997476219]]]}},{"type":"Feature","id":"CRUS_Odivelas_V.399252","properties":{"Area_Ha":8.98359666297388,"Autor":"DGT","Categoria":"Espaço de Equipamentos e Infraestruturas","Classe":"Solo Rústico","DTCC":"1116","Data_PublicacaoPDM":"2024-09-06T00:00:00","Designacao_PlantaOrdenamento":"Espaço de Equipamentos e Infraestruturas e Outras Estruturas ou Ocupações","Escala_PlantaOrdenamento":"1/10000","Fonte":"CM_Vetor","ID":399252,"Municipio":"ODIVELAS"},"geometry":{"type":"Polygon","coordinates":[[[-9.18404412177639,38.7892075742408],[-9.18480607067574,38.7891246343836],[-9.18498844243041,38.7890100143964],[-9.18558327367255,38.7897237626841],[-9.18563522626796,38.7913531467842],[-9.18589372920619,38.791472310752],[-9.18593778691011,38.7914926203622],[-9.18603774558431,38.7916425789162],[-9.18604072038067,38.791742988018],[-9.18608725128537,38.792307439495],[-9.18608026495917,38.7924581097968],[-9.18606469277122,38.792619848669],[-9.18603500381255,38.7927609061396],[-9.18601423085084,38.7928473137069],[-9.18599390035942,38.7929318825571],[-9.1859552105442,38.7930479796307],[-9.18587643319003,38.7932320861788],[-9.18580876762343,38.7933684646312],[-9.18575072189968,38.7934672095113],[-9.18568128123786,38.7935776901859],[-9.1856510387374,38.7936305936043],[-9.18540194578143,38.7940645394782],[-9.18499348548501,38.7938124284803],[-9.18420706097832,38.7932192054319],[-9.18427004516237,38.7931583772829],[-9.18355199183242,38.7926689686079],[-9.18334370558772,38.7928911697117],[-9.18307258563228,38.7927224630395],[-9.18320446764784,38.7926270567266],[-9.18309436278109,38.7924108713196],[-9.18415488078494,38.7921681203464],[-9.18399935188844,38.7916729269289],[-9.18354205004306,38.7917655880054],[-9.18350240640191,38.7916916325572],[-9.18298774997569,38.7904587727634],[-9.18363163648537,38.7902086282767],[-9.18416930271423,38.7899997455989],[-9.18408471402877,38.7895819675011],[-9.18404412177639,38.7892075742408]]]}},{"type":"Feature","id":"CRUS_Odivelas_V.399253","properties":{"Area_Ha":7.82507471711097,"Autor":"DGT","Categoria":"Espaço de Equipamentos e Infraestruturas","Classe":"Solo Rústico","DTCC":"1116","Data_PublicacaoPDM":"2024-09-06T00:00:00","Designacao_PlantaOrdenamento":"Espaço de Equipamentos e Infraestruturas e Outras Estruturas ou Ocupações","Escala_PlantaOrdenamento":"1/10000","Fonte":"CM_Vetor","ID":399253,"Municipio":"ODIVELAS"},"geometry":{"type":"Polygon","coordinates":[[[-9.19192403586294,38.7841807268765],[-9.19268896780127,38.783521785803],[-9.19281855727596,38.7834102723567],[-9.19290109043454,38.7833602074099],[-9.1929485251029,38.7833314328107],[-9.19302922984199,38.7833074028202],[-9.19328404510566,38.7832315323393],[-9.19349587339664,38.7831861302855],[-9.19354950733883,38.7831910204374],[-9.1941775555509,38.7832482831726],[-9.19435128191018,38.7834886177903],[-9.194615816478,38.783744708415],[-9.19531793722773,38.7842571622036],[-9.19552149464026,38.7844225471888],[-9.19562385882798,38.7845445837892],[-9.19568777525739,38.7846796820941],[-9.19571838869752,38.7847648873583],[-9.1957409205959,38.7848561100078],[-9.19574897684407,38.784941248617],[-9.19575032896975,38.7850398709525],[-9.19572897487908,38.7851904928878],[-9.19570883813251,38.7852603956276],[-9.19568901354812,38.7853125505043],[-9.19566018832216,38.7854096919801],[-9.19564846354353,38.7854492054949],[-9.19560903581543,38.7855065832068],[-9.19556873740092,38.7855595544608],[-9.19544237104493,38.7856833889998],[-9.19537400030787,38.7857369765683],[-9.19530195355151,38.7857833001408],[-9.19523334892309,38.7858212160217],[-9.1951603485539,38.7858575501781],[-9.19510592165355,38.7858814656117],[-9.19502361536945,38.7859112189311],[-9.1949492767845,38.7859350443695],[-9.19487291224686,38.7859541153548],[-9.19470106784124,38.7859838720934],[-9.19460016587032,38.7859936165777],[-9.19433834719678,38.7859707753523],[-9.19420910907638,38.7859789755257],[-9.19409138097137,38.785994908366],[-9.19404351625726,38.7860070519882],[-9.1939886488762,38.7860209729049],[-9.19396437195486,38.7860292112154],[-9.19389271593571,38.7860553537976],[-9.19369370373272,38.7861389510225],[-9.19356666412864,38.786177994034],[-9.1935654615032,38.7861719608227],[-9.19355548137974,38.7861404131938],[-9.19353816800297,38.78611682812],[-9.19308807595132,38.7859530362197],[-9.19255963605451,38.7856034338071],[-9.19200224486488,38.7854326639202],[-9.19204427314168,38.7842627616717],[-9.19192403586294,38.7841807268765]]]}},{"type":"Feature","id":"CRUS_Odivelas_V.399254","properties":{"Area_Ha":5.88991265018218,"Autor":"DGT","Categoria":"Espaço de Equipamentos e Infraestruturas","Classe":"Solo Rústico","DTCC":"1116","Data_PublicacaoPDM":"2024-09-06T00:00:00","Designacao_PlantaOrdenamento":"Espaço de Equipamentos e Infraestruturas e Outras Estruturas ou Ocupações","Escala_PlantaOrdenamento":"1/10000","Fonte":"CM_Vetor","ID":399254,"Municipio":"ODIVELAS"},"geometry":{"type":"Polygon","coordinates":[[[-9.17146252241208,38.8004875551966],[-9.17177756893245,38.8003039396365],[-9.17212740280467,38.800160162941],[-9.17226814775196,38.8000380468904],[-9.17226786984805,38.8000357550524],[-9.17226983007845,38.8000385249207],[-9.17248264100262,38.7999778629687],[-9.17274501916003,38.7998985947221],[-9.17300569056062,38.7998428493983],[-9.17321718210519,38.7997936630824],[-9.17339653168205,38.7998516660205],[-9.17366188621678,38.799762864223],[-9.17419493117005,38.7995844804605],[-9.17468330274914,38.7991760114901],[-9.17487324604447,38.7988370536343],[-9.17494362314626,38.7989357504858],[-9.17509886803347,38.7992024084305],[-9.17524257972547,38.7994350397003],[-9.17545650675151,38.7998154422237],[-9.17575115257754,38.8002615750087],[-9.17598683537274,38.8005958519145],[-9.17614508887025,38.8009209046596],[-9.17611142143448,38.8010892414276],[-9.17603767764114,38.8011978857177],[-9.17592323866204,38.8013142582742],[-9.17585812299889,38.8013688337953],[-9.17574617897887,38.8014410069594],[-9.17563394864456,38.8014935477677],[-9.17550281794752,38.8015413497503],[-9.17527713989153,38.8015629987079],[-9.17505074573971,38.8015355684151],[-9.17478918472987,38.8014642760771],[-9.17439824194007,38.8013965290514],[-9.17354487894396,38.8012077987378],[-9.17312226125421,38.8010692194499],[-9.1725205829656,38.8008039310017],[-9.17215396304627,38.8006304913348],[-9.1717877338247,38.8005386796649],[-9.17149974966611,38.8004952214695],[-9.17146252241208,38.8004875551966]]]}},{"type":"Feature","id":"CRUS_Odivelas_V.399255","properties":{"Area_Ha":7.24328343233586,"Autor":"DGT","Categoria":"Espaço de Equipamentos e Infraestruturas","Classe":"Solo Rústico","DTCC":"1116","Data_PublicacaoPDM":"2024-09-06T00:00:00","Designacao_PlantaOrdenamento":"Espaço de Equipamentos e Infraestruturas e Outras Estruturas ou Ocupações","Escala_PlantaOrdenamento":"1/10000","Fonte":"CM_Vetor","ID":399255,"Municipio":"ODIVELAS"},"geometry":{"type":"Polygon","coordinates":[[[-9.19631550544733,38.8124474470251],[-9.19640872378462,38.812412705092],[-9.19666525753198,38.8123194538654],[-9.19746954781202,38.8120270885288],[-9.19734080067603,38.8117291914651],[-9.19727883115506,38.8115850759376],[-9.19729833544439,38.8116074133031],[-9.19733306994913,38.8116177611992],[-9.19735301832011,38.8116154215161],[-9.19741416547908,38.8116029947836],[-9.19746985675422,38.8115943937045],[-9.19752624606471,38.8115863261813],[-9.1976005962649,38.8115813319203],[-9.197665943444,38.8115794877467],[-9.19800279439203,38.8115932868946],[-9.19842664162747,38.8115030942982],[-9.19889773337908,38.8113415643462],[-9.19908551615762,38.8112725606169],[-9.19908622888881,38.8112722976875],[-9.1989863027209,38.8110310021842],[-9.19890304549089,38.8107532086659],[-9.19883271117305,38.8105185250413],[-9.19883382887376,38.810518256613],[-9.19880086733407,38.8104020463253],[-9.19852976410292,38.8099062952915],[-9.19873758413091,38.8098867208415],[-9.19941114841202,38.8098637113768],[-9.19986808105393,38.8097724820528],[-9.19992809972783,38.8106146820826],[-9.19995024195012,38.8109253752949],[-9.20007750619051,38.8112741648494],[-9.20009116941214,38.8118031305673],[-9.20006830544571,38.8118938455276],[-9.19997188392783,38.8122764034524],[-9.19991730415155,38.8123971255609],[-9.19979169122496,38.8126749610284],[-9.19944318720251,38.8131345918496],[-9.19906781623015,38.813495240316],[-9.19886655088839,38.8136161508466],[-9.19863960786267,38.8137174510273],[-9.19829846145504,38.813789785631],[-9.19824101002517,38.8138019669521],[-9.19818243273636,38.8138111617429],[-9.19814260833341,38.8137576245546],[-9.19796409545406,38.8136470433046],[-9.19779136458902,38.8135466679746],[-9.19750606153662,38.8133808601203],[-9.1971564508539,38.8131548432933],[-9.19692758704225,38.81300281485],[-9.19669090776946,38.8128438766831],[-9.19642288056785,38.8126347704017],[-9.19631550544733,38.8124474470251]]]}},{"type":"Feature","id":"CRUS_Odivelas_V.399256","properties":{"Area_Ha":0.527951767958573,"Autor":"DGT","Categoria":"Espaço de Uso Especial Equipamentos e Infraestruturas","Classe":"Solo Urbano","DTCC":"1116","Data_PublicacaoPDM":"2024-09-06T00:00:00","Designacao_PlantaOrdenamento":"Espaço de Uso Especial - Equipamentos","Escala_PlantaOrdenamento":"1/10000","Fonte":"CM_Vetor","ID":399256,"Municipio":"ODIVELAS"},"geometry":{"type":"Polygon","coordinates":[[[-9.16609530207476,38.7964743370685],[-9.16605605834134,38.7966535347029],[-9.16603642067292,38.796743202728],[-9.16606266486824,38.7970878371055],[-9.16606606849232,38.7973338355974],[-9.16602482076683,38.7973358029318],[-9.16600054473788,38.7973413962151],[-9.16597848889023,38.7973213505047],[-9.16590403433325,38.7972694128562],[-9.16564753940167,38.7970701442793],[-9.16543328009002,38.7968956337565],[-9.16538269870621,38.7968555550299],[-9.16537127873763,38.7968443784914],[-9.1653586882024,38.7968285198322],[-9.1653464042614,38.7968092797495],[-9.16527679878434,38.7966865444734],[-9.16529397592843,38.7966453172301],[-9.16529833684961,38.7966260926222],[-9.16530177027016,38.7966031191704],[-9.16530320156353,38.7965652481213],[-9.1653042737328,38.7965064009673],[-9.16530831885305,38.7964788822441],[-9.1653162777389,38.7964544909625],[-9.16532502213506,38.7964374433847],[-9.16533544912719,38.7964254607552],[-9.16535085637892,38.7964147135591],[-9.16537922628877,38.7964057163614],[-9.16544981503248,38.7963870045619],[-9.16548547319229,38.7963757542722],[-9.16550020507449,38.7963692197141],[-9.16557183151238,38.7963068832668],[-9.16563404338141,38.7962975896682],[-9.16567750780502,38.7962915244091],[-9.16571198198268,38.7962912197418],[-9.16589944611907,38.7963866209971],[-9.16591177835641,38.7963932946992],[-9.16597303184302,38.7964222352828],[-9.16609530207476,38.7964743370685]]]}},{"type":"Feature","id":"CRUS_Odivelas_V.399257","properties":{"Area_Ha":2.98412031518382,"Autor":"DGT","Categoria":"Espaço Habitacional","Classe":"Solo Urbano","DTCC":"1116","Data_PublicacaoPDM":"2024-09-06T00:00:00","Designacao_PlantaOrdenamento":"Espaço Habitacional a Reconverter","Escala_PlantaOrdenamento":"1/10000","Fonte":"CM_Vetor","ID":399257,"Municipio":"ODIVELAS"},"geometry":{"type":"Polygon","coordinates":[[[-9.20431759340888,38.8076185150341],[-9.2043260116108,38.8075927048302],[-9.20435851305261,38.8075256743346],[-9.20438245119804,38.8074535802606],[-9.20440339202157,38.8072966299206],[-9.20439676530091,38.8071654522919],[-9.20426359318575,38.8069843978013],[-9.20408023488144,38.8066851730809],[-9.20407973688865,38.8066843596058],[-9.2040808156433,38.8066834991729],[-9.20408249193913,38.8066821628444],[-9.20422218773298,38.8065707945142],[-9.20438195415954,38.8065184766887],[-9.20470787332971,38.8065576420357],[-9.20481361098899,38.8065767583383],[-9.20497692015483,38.806634979733],[-9.2052281708277,38.8067153631192],[-9.20531437543806,38.8067369100808],[-9.20538188471802,38.8067478197931],[-9.20545285738447,38.806751672113],[-9.20552687759839,38.8067514423358],[-9.20557978307779,38.8067480745913],[-9.20574582471918,38.8067198854343],[-9.20586817037815,38.8066796686792],[-9.20588683491604,38.8066730116725],[-9.20591267537672,38.8066612441954],[-9.20600678022827,38.8066416436879],[-9.20611416629287,38.8066324590244],[-9.20639314713895,38.8066199860807],[-9.20668864664451,38.8066188908746],[-9.20677644830394,38.8066241181814],[-9.20684703624509,38.8066330168599],[-9.20686239339471,38.8066361180778],[-9.2069204754179,38.8066477446811],[-9.20707060720476,38.8066985900758],[-9.20708706908302,38.8066888046702],[-9.20734608406892,38.8066867646568],[-9.20786291071171,38.8066640425109],[-9.20799420764146,38.80665524833],[-9.2081381662306,38.8066541693588],[-9.20835470497313,38.8067010811157],[-9.2085433410848,38.8067488885814],[-9.20873795373428,38.8068220938254],[-9.2087560492154,38.8068427592256],[-9.20876039547101,38.8068784718422],[-9.20873792603216,38.8069035097186],[-9.20870386969579,38.8069177254079],[-9.20862269619669,38.8069182767713],[-9.20818013664207,38.8068488800292],[-9.20802558617475,38.8068454715144],[-9.20802240884489,38.8068565722652],[-9.20804789370212,38.8075412449194],[-9.20720260420712,38.8071847960315],[-9.20662187982324,38.8072614004661],[-9.20622630598533,38.8072169409446],[-9.20606109395466,38.8072530344919],[-9.20603591300967,38.8072740092671],[-9.20601044796102,38.8072968159459],[-9.20597603732565,38.8073644693801],[-9.20593586716227,38.8074233497212],[-9.20578805894588,38.8076033563443],[-9.20558660386164,38.8078402042429],[-9.20527621762189,38.8076205880573],[-9.20513748892706,38.807515175643],[-9.2050898235491,38.8075302058877],[-9.20491962265928,38.8075902409924],[-9.20476774802827,38.8076561572655],[-9.2047208746978,38.8076696099292],[-9.20463682612322,38.8076787354805],[-9.20448778619193,38.8076824715806],[-9.20436000076752,38.8076762430827],[-9.20431759340888,38.8076185150341]]]}},{"type":"Feature","id":"CRUS_Odivelas_V.399258","properties":{"Area_Ha":0.741446091286512,"Autor":"DGT","Categoria":"Espaço de Uso Especial Equipamentos e Infraestruturas","Classe":"Solo Urbano","DTCC":"1116","Data_PublicacaoPDM":"2024-09-06T00:00:00","Designacao_PlantaOrdenamento":"Espaço de Uso Especial - Equipamentos","Escala_PlantaOrdenamento":"1/10000","Fonte":"CM_Vetor","ID":399258,"Municipio":"ODIVELAS"},"geometry":{"type":"Polygon","coordinates":[[[-9.17639333686332,38.7958988291215],[-9.17641441854927,38.7958747623523],[-9.17641780834734,38.7958704098226],[-9.17649820478234,38.7957636705649],[-9.17648843108619,38.7956777342886],[-9.17648569445949,38.7956242528021],[-9.1764957986427,38.7956226312252],[-9.17649911566605,38.7955186533509],[-9.1764923125816,38.7954470126057],[-9.17646767910195,38.7953286028972],[-9.17646235181438,38.7952948705575],[-9.17646810526247,38.795263112366],[-9.17648096282942,38.795237235539],[-9.17650591336044,38.7952038648621],[-9.176539473111,38.7951768126547],[-9.17660275818807,38.7951437280419],[-9.17683943122345,38.7950348713246],[-9.1771050850979,38.7949085510142],[-9.17739124879999,38.7950908279743],[-9.17741511789229,38.795172494714],[-9.17747544809358,38.7953784109285],[-9.1771851502642,38.7956063786992],[-9.17714733852706,38.7956497739459],[-9.17688869710201,38.7960906709689],[-9.17686554268898,38.7961482319611],[-9.17639333686332,38.7958988291215]]]}},{"type":"Feature","id":"CRUS_Odivelas_V.399259","properties":{"Area_Ha":5.46520246221145,"Autor":"DGT","Categoria":"Espaço Habitacional","Classe":"Solo Urbano","DTCC":"1116","Data_PublicacaoPDM":"2024-09-06T00:00:00","Designacao_PlantaOrdenamento":"Espaço Habitacional a Reconverter","Escala_PlantaOrdenamento":"1/10000","Fonte":"CM_Vetor","ID":399259,"Municipio":"ODIVELAS"},"geometry":{"type":"Polygon","coordinates":[[[-9.15886221489976,38.7934369234762],[-9.15955763624043,38.7939064238097],[-9.16038725435998,38.7944665099778],[-9.16038366900314,38.7944732971282],[-9.15983156760351,38.7951120205934],[-9.15973620592621,38.7952185405049],[-9.15959252906808,38.795372783242],[-9.15954794087555,38.7954340252703],[-9.15952120451268,38.7954776218532],[-9.15949454874304,38.7955294938635],[-9.15921505235133,38.7956416234226],[-9.15902955271668,38.7957122659359],[-9.1587143762753,38.7958069056637],[-9.158520334258,38.7958602357728],[-9.15822084628932,38.7959264137712],[-9.15811410851933,38.7959486166062],[-9.15806875586517,38.7959580517617],[-9.15784661079782,38.7959933702877],[-9.15777350689726,38.7960029367519],[-9.15762415740341,38.7960224808294],[-9.15705884279789,38.7954519808157],[-9.1569077630816,38.7949238491265],[-9.15701117321419,38.7946026392242],[-9.15729658025921,38.794519402528],[-9.15769260999153,38.7942455932508],[-9.15766140850491,38.7942211386393],[-9.15763360110603,38.794198357162],[-9.15760584502425,38.7941791589091],[-9.15757809893094,38.7941531624953],[-9.15757911630536,38.7941239721731],[-9.15759515047517,38.7941036170617],[-9.15763528434876,38.794081984289],[-9.15764955104193,38.794073159578],[-9.15765668132761,38.7940684930783],[-9.1576715897736,38.7940586397307],[-9.15768904135286,38.7940436481503],[-9.15785655239881,38.7939093662581],[-9.15787917310874,38.7938907781374],[-9.15788388380691,38.7938817509845],[-9.15788518763511,38.7938712837601],[-9.15788426248038,38.7938256123575],[-9.15788336399742,38.7937629505168],[-9.15788542996712,38.7937090236859],[-9.15789720720342,38.7936900773985],[-9.15791477319784,38.7936730947493],[-9.15816962426483,38.793475555388],[-9.15819192318555,38.7934661716665],[-9.15836817116035,38.7934351043872],[-9.15854363835019,38.7934074504017],[-9.15861620806157,38.7933969482164],[-9.15864958489299,38.793393668419],[-9.15867804099273,38.7934138137641],[-9.15870278381356,38.7934315854196],[-9.15875311719124,38.7934685569099],[-9.15876717468425,38.7934716379682],[-9.1587901311762,38.7934685344764],[-9.15886221489976,38.7934369234762]]]}},{"type":"Feature","id":"CRUS_Odivelas_V.399260","properties":{"Area_Ha":1.58138881227947,"Autor":"DGT","Categoria":"Espaço Habitacional","Classe":"Solo Urbano","DTCC":"1116","Data_PublicacaoPDM":"2024-09-06T00:00:00","Designacao_PlantaOrdenamento":"Espaço Habitacional - Nivel 1","Escala_PlantaOrdenamento":"1/10000","Fonte":"CM_Vetor","ID":399260,"Municipio":"ODIVELAS"},"geometry":{"type":"Polygon","coordinates":[[[-9.22458490995746,38.8122568297672],[-9.22457007343211,38.8122179508929],[-9.22430390823106,38.811729655536],[-9.22429022033908,38.8117088602293],[-9.22415184217962,38.8114886875277],[-9.22412291025134,38.8114556737128],[-9.22410613601657,38.8114408916992],[-9.22407918012394,38.8114262047665],[-9.22401720274494,38.8114021168939],[-9.22394103950188,38.8113826778075],[-9.22389729223067,38.8113793906631],[-9.22388800542071,38.8113800471095],[-9.22383953691916,38.8113875721422],[-9.22383853683396,38.8113878288766],[-9.22377000439517,38.811407760298],[-9.22375752259145,38.8114121575258],[-9.22366935929993,38.8114549641145],[-9.22356652563665,38.8115206844076],[-9.22349717113182,38.8115653531723],[-9.22302676155736,38.8118286154986],[-9.22288436490731,38.8116389402818],[-9.22279529865139,38.8115410458758],[-9.22364587693035,38.811216483428],[-9.22370409366112,38.8112294105078],[-9.22370494602971,38.811229683356],[-9.2240877268582,38.8113518442676],[-9.2243240988688,38.8114356588084],[-9.22457562269147,38.8114787960209],[-9.22462600341527,38.8114833698825],[-9.22467242354157,38.811507526946],[-9.22475585111547,38.8114295521316],[-9.22479680910749,38.811469348944],[-9.22479827217739,38.8114707699961],[-9.22516742791643,38.8119071412567],[-9.22561379828567,38.8117828581128],[-9.22571178200414,38.8117614547209],[-9.22574514353231,38.8118004075897],[-9.22583543920429,38.8119234938792],[-9.22588442345629,38.812079761151],[-9.2258919728552,38.8122484572028],[-9.22619819433656,38.8121818496116],[-9.22633513207241,38.8121283818192],[-9.22640571750065,38.8120930513059],[-9.22650180405356,38.8120501287767],[-9.22640909763241,38.8118644757951],[-9.22640386686681,38.8118555985704],[-9.22639338422678,38.8118101177331],[-9.22634487815362,38.8116497849052],[-9.22630474206821,38.8115172086671],[-9.22658064555429,38.8114535085422],[-9.22687635259955,38.8114195276698],[-9.22692816563166,38.8114192014768],[-9.22698401237565,38.8114229755334],[-9.22702469196831,38.8120813168089],[-9.2268709327421,38.8121282387837],[-9.22681950034847,38.8120126068826],[-9.22662435934045,38.8120992006855],[-9.22656969037381,38.8121139946321],[-9.22658670149049,38.8121575841446],[-9.22658820392787,38.8121855016251],[-9.22656654013784,38.812217338777],[-9.22651580285515,38.8122482083395],[-9.22634047370885,38.8123145914881],[-9.22601322547066,38.8123774423159],[-9.22532968063215,38.8123137554938],[-9.22511607818116,38.81206593313],[-9.22502411808111,38.8121078290728],[-9.22458490995746,38.8122568297672]]]}},{"type":"Feature","id":"CRUS_Odivelas_V.399261","properties":{"Area_Ha":18.9328115307055,"Autor":"DGT","Categoria":"Espaço de Atividades Económicas","Classe":"Solo Urbano","DTCC":"1116","Data_PublicacaoPDM":"2024-09-06T00:00:00","Designacao_PlantaOrdenamento":"Espaço de Atividades Económicas a Requalificar","Escala_PlantaOrdenamento":"1/10000","Fonte":"CM_Vetor","ID":399261,"Municipio":"ODIVELAS"},"geometry":{"type":"Polygon","coordinates":[[[-9.16710067386665,38.7979450332009],[-9.16717981761548,38.7972576619136],[-9.16606266486824,38.7970878371055],[-9.16603642067292,38.796743202728],[-9.16605605834134,38.7966535347029],[-9.16609530207476,38.7964743370685],[-9.16618654663256,38.796057701864],[-9.16618047572714,38.7958539346657],[-9.16617640169684,38.795717113747],[-9.16615280361578,38.7956587799573],[-9.16611432623785,38.7955636637515],[-9.16607443769455,38.7955041800882],[-9.16536477990281,38.7944457201282],[-9.16550522373604,38.794398817849],[-9.16589120991266,38.794289517993],[-9.16603490517287,38.7942488263997],[-9.16619866005841,38.7942232048342],[-9.16733202490611,38.7940132138725],[-9.16757000591116,38.7939733570958],[-9.16774154754869,38.7939201353904],[-9.16779083949036,38.7939048423035],[-9.16789774603625,38.7938716749592],[-9.16816659929603,38.7937882631205],[-9.16823088037435,38.7937623523919],[-9.16814498599484,38.7935870724367],[-9.16815583985426,38.793558637329],[-9.16816520230415,38.7934978431378],[-9.16815889642952,38.7934279987557],[-9.16813180116016,38.7933821511688],[-9.16808207496576,38.7933133812264],[-9.16801593250639,38.7932286657768],[-9.16795248778985,38.7931472319772],[-9.16902982289955,38.7923675547246],[-9.16928869823091,38.7923829140354],[-9.1695602944064,38.7924179356289],[-9.16970988445751,38.7924499208427],[-9.1699331940385,38.7925053117706],[-9.17024229598451,38.7926006578406],[-9.17036661569837,38.7926538304461],[-9.17072570892447,38.7928204059014],[-9.17107084801655,38.7929652472852],[-9.1713932473811,38.7931500957126],[-9.17065029722493,38.7933467756073],[-9.17034019463778,38.7934268673013],[-9.17060868394307,38.7940151448421],[-9.17035536294127,38.7940899315691],[-9.17016510271591,38.7943917446124],[-9.17009078169015,38.794378395482],[-9.17001691633605,38.7943961730329],[-9.16988967517109,38.794426798647],[-9.16975496048974,38.7945023861753],[-9.16966004967537,38.79455563802],[-9.16961235661075,38.7946232507798],[-9.16957355067814,38.7946782648397],[-9.16957538101101,38.7947354113743],[-9.16978916258883,38.7951078226236],[-9.17068874827249,38.795342395343],[-9.1699729017173,38.7974392550445],[-9.170262503421,38.7975215100831],[-9.17016009217641,38.7979109811067],[-9.17014598059691,38.7979126205487],[-9.16962001203749,38.7980570113569],[-9.16934829153378,38.7981316043047],[-9.16912276133048,38.7982239772162],[-9.1689982218882,38.7982749856379],[-9.1689407135729,38.798292696049],[-9.16891194154542,38.798288681231],[-9.16886362185504,38.7982905063982],[-9.16863349530678,38.7982992006954],[-9.16857137988049,38.7980944830561],[-9.16842309122738,38.7978731758363],[-9.16834597562343,38.7977502417246],[-9.16831488709899,38.797709469684],[-9.16829228273827,38.7976648022261],[-9.16828959303628,38.7976476435523],[-9.16822895619617,38.7976629010198],[-9.16815589191485,38.7976812860958],[-9.16808754575605,38.7976790283851],[-9.168058638932,38.7978730720211],[-9.16803981502432,38.7979209696386],[-9.16794759787723,38.7979552006723],[-9.16779375620034,38.7979693737209],[-9.16710067386665,38.7979450332009]]]}},{"type":"Feature","id":"CRUS_Odivelas_V.399262","properties":{"Area_Ha":0.628148959366087,"Autor":"DGT","Categoria":"Espaço Habitacional","Classe":"Solo Urbano","DTCC":"1116","Data_PublicacaoPDM":"2024-09-06T00:00:00","Designacao_PlantaOrdenamento":"Espaço Habitacional a Reconverter","Escala_PlantaOrdenamento":"1/10000","Fonte":"CM_Vetor","ID":399262,"Municipio":"ODIVELAS"},"geometry":{"type":"Polygon","coordinates":[[[-9.18387822472412,38.7867602791932],[-9.18402117915683,38.7861656170791],[-9.18470293126971,38.7862853863756],[-9.18469697073917,38.7863449251134],[-9.18458634322737,38.7866801327807],[-9.18466279945003,38.7870691980029],[-9.18409467090212,38.7871461156782],[-9.18388011232177,38.7871676061159],[-9.18387822472412,38.7867602791932]]]}},{"type":"Feature","id":"CRUS_Odivelas_V.399263","properties":{"Area_Ha":0.776925166349637,"Autor":"DGT","Categoria":"Espaço Verde","Classe":"Solo Urbano","DTCC":"1116","Data_PublicacaoPDM":"2024-09-06T00:00:00","Designacao_PlantaOrdenamento":"Espaço Verde","Escala_PlantaOrdenamento":"1/10000","Fonte":"CM_Vetor","ID":399263,"Municipio":"ODIVELAS"},"geometry":{"type":"Polygon","coordinates":[[[-9.17510559854629,38.8044361328804],[-9.17521466096192,38.804379420476],[-9.17537835005238,38.8045243797534],[-9.17572869698314,38.8046256533455],[-9.17622801512872,38.8047699877344],[-9.17721378311406,38.8060036871747],[-9.17723950232359,38.8060358728694],[-9.17766068834861,38.8064793035761],[-9.17782904128947,38.8068097006759],[-9.17789704954044,38.8068949398371],[-9.17917792188358,38.8085171114989],[-9.179089481626,38.8085578112532],[-9.17901947326814,38.8085900282822],[-9.17900283266833,38.80859940775],[-9.17897388025917,38.8085787229362],[-9.17893169713435,38.8084967737275],[-9.17889829509851,38.808409245345],[-9.17881641220097,38.8082969334042],[-9.17876542515107,38.8082192064047],[-9.17819415550637,38.8074853339762],[-9.17801962415606,38.8072566627034],[-9.17790710230259,38.8071195826789],[-9.17778026504046,38.8069797475418],[-9.17768392605349,38.8067523539188],[-9.17765247488371,38.8066800389682],[-9.1775706973173,38.8065747462245],[-9.17744554425349,38.8064240895623],[-9.177323991134,38.8062828568124],[-9.17714235609484,38.8060287249504],[-9.17708773166226,38.8060209568211],[-9.17695839008103,38.8059741641221],[-9.17671666391895,38.8056531432812],[-9.17656933205321,38.8054015365107],[-9.17647167728681,38.8053546345148],[-9.17633067408991,38.8052380244185],[-9.1762864948725,38.8051297873839],[-9.17621253159138,38.8049680413434],[-9.17614877892996,38.8048906022714],[-9.17608560817856,38.8048530641061],[-9.17595124132367,38.804859671091],[-9.17588180165906,38.8048420953385],[-9.17576941287176,38.8047686963826],[-9.17568048646189,38.8047095923787],[-9.17557584761512,38.8046942194396],[-9.17553624555457,38.804678178561],[-9.17546865456891,38.8046533844175],[-9.17539216269479,38.8046577615642],[-9.17535027493239,38.8046508387854],[-9.17514639327686,38.8045001604345],[-9.17510559854629,38.8044361328804]]]}},{"type":"Feature","id":"CRUS_Odivelas_V.399264","properties":{"Area_Ha":1.60622294799362,"Autor":"DGT","Categoria":"Espaço Habitacional","Classe":"Solo Urbano","DTCC":"1116","Data_PublicacaoPDM":"2024-09-06T00:00:00","Designacao_PlantaOrdenamento":"Espaço Habitacional a Reconverter","Escala_PlantaOrdenamento":"1/10000","Fonte":"CM_Vetor","ID":399264,"Municipio":"ODIVELAS"},"geometry":{"type":"Polygon","coordinates":[[[-9.1895083748621,38.7960248585015],[-9.18919028263112,38.7958857948325],[-9.18916621266877,38.7946783464177],[-9.18836916752901,38.7945902205432],[-9.18855702842399,38.7943405631654],[-9.18857832009452,38.7943122684804],[-9.1899614181381,38.7949859759669],[-9.19029132985968,38.7950609626646],[-9.19027857906298,38.7952092293314],[-9.19047880895964,38.795273693305],[-9.190740826522,38.7952560065906],[-9.19056686783848,38.7955790344095],[-9.19020808300708,38.7962364938706],[-9.18963180860016,38.7960055649281],[-9.1895083748621,38.7960248585015]]]}},{"type":"Feature","id":"CRUS_Odivelas_V.399265","properties":{"Area_Ha":1.77892085500516,"Autor":"DGT","Categoria":"Espaço Urbano de Baixa Densidade","Classe":"Solo Urbano","DTCC":"1116","Data_PublicacaoPDM":"2024-09-06T00:00:00","Designacao_PlantaOrdenamento":"Espaço Urbano de Baixa Densidade","Escala_PlantaOrdenamento":"1/10000","Fonte":"CM_Vetor","ID":399265,"Municipio":"ODIVELAS"},"geometry":{"type":"Polygon","coordinates":[[[-9.2231502010743,38.8182494647522],[-9.22343141391387,38.8183147582254],[-9.22380312186702,38.8184081100975],[-9.22395647782407,38.818235328432],[-9.22404503662118,38.8182035406658],[-9.22424599366064,38.818130429649],[-9.22439603129063,38.8180329052549],[-9.22471855310071,38.8180371946738],[-9.22478632517121,38.81800894406],[-9.22488949089509,38.8181448547676],[-9.224914359399,38.8182398838634],[-9.2248929078784,38.8183683210368],[-9.22488115758189,38.8185186506881],[-9.22485959175268,38.8186397618034],[-9.22477325370699,38.81881277163],[-9.2246719706551,38.8189273005158],[-9.22452717216512,38.8190210202058],[-9.22394537684202,38.8190833611525],[-9.22384254297898,38.81912244943],[-9.22316360731846,38.8194632994153],[-9.22296414561703,38.8193062284446],[-9.22285751704578,38.8192049216797],[-9.22282596312416,38.8191311286538],[-9.22285939040586,38.8188551033371],[-9.22289581970748,38.8186967668894],[-9.2229265060897,38.8185688082366],[-9.22301336151199,38.8184037965111],[-9.2231502010743,38.8182494647522]]]}},{"type":"Feature","id":"CRUS_Odivelas_V.399266","properties":{"Area_Ha":0.449857474415761,"Autor":"DGT","Categoria":"Espaço Habitacional","Classe":"Solo Urbano","DTCC":"1116","Data_PublicacaoPDM":"2024-09-06T00:00:00","Designacao_PlantaOrdenamento":"Espaço Habitacional a Reconverter","Escala_PlantaOrdenamento":"1/10000","Fonte":"CM_Vetor","ID":399266,"Municipio":"ODIVELAS"},"geometry":{"type":"Polygon","coordinates":[[[-9.2059461657449,38.8165644312833],[-9.20677937225376,38.8160410579094],[-9.20702075123646,38.8160397457566],[-9.20730804698503,38.8160381842629],[-9.20753200197485,38.8163950618156],[-9.20719511834398,38.8163672566382],[-9.20712316989642,38.8163613196496],[-9.20695041814301,38.8163811113276],[-9.20684196048424,38.8164075929069],[-9.20659508295235,38.8165030548427],[-9.20644904759363,38.8165675435981],[-9.20610618975626,38.8167260003015],[-9.20602758354641,38.816785401575],[-9.2059461657449,38.8165644312833]]]}},{"type":"Feature","id":"CRUS_Odivelas_V.399267","properties":{"Area_Ha":1.43986434908472,"Autor":"DGT","Categoria":"Espaço Habitacional","Classe":"Solo Urbano","DTCC":"1116","Data_PublicacaoPDM":"2024-09-06T00:00:00","Designacao_PlantaOrdenamento":"Espaço Habitacional - Nivel 2","Escala_PlantaOrdenamento":"1/10000","Fonte":"CM_Vetor","ID":399267,"Municipio":"ODIVELAS"},"geometry":{"type":"Polygon","coordinates":[[[-9.19207110001841,38.8112106155803],[-9.19231391317349,38.8111330554453],[-9.19272624267808,38.8109341670384],[-9.19300230327492,38.8107806524439],[-9.19305899013934,38.8107506228218],[-9.19351422349038,38.8114079206422],[-9.19324458865425,38.8119879087902],[-9.19299128510323,38.8121890005477],[-9.19291598930979,38.8122487756675],[-9.19263978464918,38.8124680450876],[-9.19246479383024,38.8125166855048],[-9.19234405796306,38.8121161519416],[-9.19207110001841,38.8112106155803]]]}},{"type":"Feature","id":"CRUS_Odivelas_V.399268","properties":{"Area_Ha":6.02643675173733,"Autor":"DGT","Categoria":"Espaço Habitacional","Classe":"Solo Urbano","DTCC":"1116","Data_PublicacaoPDM":"2024-09-06T00:00:00","Designacao_PlantaOrdenamento":"Espaço Habitacional a Reconverter","Escala_PlantaOrdenamento":"1/10000","Fonte":"CM_Vetor","ID":399268,"Municipio":"ODIVELAS"},"geometry":{"type":"Polygon","coordinates":[[[-9.20402171675295,38.8134319432213],[-9.20409409427506,38.8133033813358],[-9.20427739475103,38.8131389211026],[-9.20442398018271,38.8130038638183],[-9.20451112811467,38.8128693514679],[-9.20457572479268,38.812717607037],[-9.20457587135202,38.8127168364127],[-9.20460326354305,38.8125720163125],[-9.20463018903527,38.8123857351474],[-9.20464976629798,38.8123594776734],[-9.20465354482677,38.8123544074767],[-9.2046597602546,38.8123460734708],[-9.20470511088941,38.8123363872968],[-9.20494085908014,38.8123294987892],[-9.20518140213731,38.8123440027436],[-9.20535081822861,38.8124085356888],[-9.20558239607235,38.8124959265133],[-9.20576403149822,38.8126092881209],[-9.20582308407589,38.8126461436155],[-9.20606024759381,38.8128813620198],[-9.20623437705358,38.8130382110477],[-9.20629876308548,38.8133234499038],[-9.2063938684906,38.8135660915268],[-9.20643901574321,38.8137154346024],[-9.20651093849633,38.8137131521569],[-9.20704131706311,38.8138199579982],[-9.20721503653379,38.813854940579],[-9.20725175340256,38.8138695561111],[-9.2072954096451,38.8138939260877],[-9.20732361454234,38.8139166341101],[-9.20743855790001,38.81410533667],[-9.20752529542229,38.8142477389741],[-9.20756393938802,38.8143415879486],[-9.20760415112107,38.8144394594075],[-9.2075954313417,38.8144813453205],[-9.20750007915064,38.8145433990616],[-9.20731746008688,38.8147793848818],[-9.20723689767127,38.814894892023],[-9.20723546789486,38.8148955922836],[-9.20720072988023,38.8149140231797],[-9.20690841116592,38.8150691165006],[-9.20661789154349,38.8152270529835],[-9.20533868753214,38.8158930081539],[-9.20522352693011,38.8157557661071],[-9.20494770739699,38.8157226031536],[-9.20487915418745,38.815703822213],[-9.20483354865275,38.815691328969],[-9.20478486794621,38.815629508058],[-9.20485396508739,38.8154607493153],[-9.20513157427225,38.8148666514484],[-9.20528521558879,38.8144978575096],[-9.20528523644567,38.814497709241],[-9.2052854302567,38.8144963187838],[-9.20531396226342,38.8142921081076],[-9.20528361604473,38.8142103742365],[-9.20527248923019,38.8141804048767],[-9.20519899905894,38.8140565442987],[-9.20503853360735,38.8139708415358],[-9.20462210775266,38.8138003139665],[-9.20453158789812,38.813725625529],[-9.20435285115191,38.813615386613],[-9.20414316561007,38.8134804295228],[-9.20410229035149,38.8134544103312],[-9.20410270638857,38.8134533699743],[-9.2041028788768,38.8134529431204],[-9.20410227059754,38.8134530913578],[-9.20404348596456,38.8134376586424],[-9.20402171675295,38.8134319432213]]]}},{"type":"Feature","id":"CRUS_Odivelas_V.399269","properties":{"Area_Ha":19.9281218255566,"Autor":"DGT","Categoria":"Espaço de Atividades Económicas","Classe":"Solo Urbano","DTCC":"1116","Data_PublicacaoPDM":"2024-09-06T00:00:00","Designacao_PlantaOrdenamento":"Espaço de Atividades Económicas a Requalificar","Escala_PlantaOrdenamento":"1/10000","Fonte":"CM_Vetor","ID":399269,"Municipio":"ODIVELAS"},"geometry":{"type":"Polygon","coordinates":[[[-9.20390958512451,38.7909029173292],[-9.20394889871366,38.7908891324925],[-9.20402369909774,38.7908651905578],[-9.20413030577068,38.7908348587445],[-9.20506456585132,38.7906401003132],[-9.20500881964399,38.790483046672],[-9.20482713352667,38.7899442199549],[-9.2050161876463,38.7896863584501],[-9.20522570998806,38.7895005050518],[-9.20539724426834,38.7899247459559],[-9.2061234650058,38.7898117130362],[-9.20672469921253,38.7898626007786],[-9.20791572013484,38.7899633968948],[-9.20842600466933,38.790257889183],[-9.20856910889884,38.7904393862572],[-9.20764233555084,38.79033743296],[-9.20647790038648,38.7903743562369],[-9.20563619852026,38.7905345913194],[-9.20574821946661,38.7905904764784],[-9.20644133357156,38.7912292734357],[-9.20724305900948,38.7914170891852],[-9.20802073709728,38.7910960065527],[-9.20833861531207,38.7913460921367],[-9.20870808590428,38.7915200186773],[-9.20873992773414,38.7914957332976],[-9.20888475220453,38.7913644831675],[-9.20909162492385,38.7916058940423],[-9.20956180778103,38.7920883590388],[-9.20958377705631,38.7921570219544],[-9.20986323025679,38.7924318594714],[-9.20993477888825,38.7927419761375],[-9.21047873326132,38.7933207764593],[-9.21048121283743,38.7938391394261],[-9.21041904288965,38.793973909239],[-9.2102941489205,38.7941030605986],[-9.21002852294682,38.7943490766637],[-9.20985683811593,38.7944437087996],[-9.20951064522538,38.7946215593013],[-9.20891883815789,38.7948870203247],[-9.20892025903843,38.7952463680963],[-9.20845290636046,38.7954676054445],[-9.20795013449245,38.7956956722646],[-9.2070272449682,38.7947770223695],[-9.20680438763662,38.7946041795446],[-9.2065291441008,38.79436318973],[-9.20607925130828,38.7941324133997],[-9.20572466030619,38.7940265401202],[-9.20566809517525,38.7940119626418],[-9.20528105922269,38.7939122123447],[-9.20521216587431,38.7937009854622],[-9.20527958418974,38.7934687790935],[-9.20499040803588,38.7929134100527],[-9.20495654655085,38.7924745978743],[-9.20440635958971,38.7921433908328],[-9.20439972611373,38.7919529735669],[-9.20439059773354,38.791690990629],[-9.20408945694245,38.7914574817943],[-9.20391914313311,38.790934353221],[-9.20390958512451,38.7909029173292]]]}},{"type":"Feature","id":"CRUS_Odivelas_V.399270","properties":{"Area_Ha":58.5414455494478,"Autor":"DGT","Categoria":"Espaço Agrícola","Classe":"Solo Rústico","DTCC":"1116","Data_PublicacaoPDM":"2024-09-06T00:00:00","Designacao_PlantaOrdenamento":"Espaços Agrícolas","Escala_PlantaOrdenamento":"1/10000","Fonte":"CM_Vetor","ID":399270,"Municipio":"ODIVELAS"},"geometry":{"type":"Polygon","coordinates":[[[-9.21073091728288,38.7720429130253],[-9.21072990793048,38.7720440536889],[-9.2106800459709,38.7721004149205],[-9.21049453349697,38.7722914898053],[-9.21021210193397,38.7726120666302],[-9.20985710147403,38.7730117415802],[-9.20901746940488,38.7739376609326],[-9.20869720504422,38.7742984696784],[-9.2085261676673,38.7744911598525],[-9.20839568165576,38.7746328356128],[-9.20830981152931,38.7747037074734],[-9.20718307740803,38.7753150906186],[-9.20713178020675,38.7753429241066],[-9.20637692374188,38.7757419703181],[-9.20613080403402,38.7758727644358],[-9.20579170868594,38.7760349418843],[-9.20565020660151,38.7761080506346],[-9.20498360591326,38.7764524530941],[-9.20466673970787,38.7766191203655],[-9.20334204503685,38.7770907484649],[-9.20230897833587,38.7774537281571],[-9.20138783607239,38.7777636458869],[-9.20106152999258,38.7778667060364],[-9.20098180418865,38.7779056641561],[-9.20089458053739,38.77794538959],[-9.20076204909488,38.7779940208625],[-9.20063947262627,38.7780310840569],[-9.2005465882083,38.778052919072],[-9.2004500813382,38.7780633498432],[-9.19935869005115,38.7780312563133],[-9.19871835001367,38.7780487404484],[-9.19815605544196,38.778102410217],[-9.19713719203537,38.7782537136193],[-9.19682862707652,38.7783162941895],[-9.19657141261726,38.7783774621846],[-9.19622597061577,38.7784990907996],[-9.1959778936263,38.7781546794022],[-9.19587430680187,38.7780372616488],[-9.19553519458375,38.7775891535821],[-9.19555445890261,38.777561324769],[-9.19596598935587,38.7769360498608],[-9.19616477627225,38.7765992446262],[-9.19631423620346,38.7763348594459],[-9.1966108312397,38.7757971021394],[-9.19665446357427,38.7757210405012],[-9.1967291028096,38.7755943435982],[-9.19683138806262,38.7754311825625],[-9.19688059809111,38.7753588532941],[-9.19704861330661,38.7751198806157],[-9.19720374149466,38.7749353400843],[-9.19733197261318,38.7747989657794],[-9.19737633925519,38.774753932287],[-9.19740145928957,38.7747284335374],[-9.19763487180656,38.7745154372674],[-9.19765180003805,38.7745009591644],[-9.19763898985545,38.7744906281922],[-9.19807645944777,38.7741646146413],[-9.19826578853199,38.7740437156138],[-9.19838423643974,38.7739758235792],[-9.19856531580695,38.7738784525738],[-9.19889872435686,38.7737157347964],[-9.1991864969391,38.7735913233666],[-9.19950607348799,38.7734623890345],[-9.20031339084806,38.7731450310465],[-9.20038463710187,38.773117023764],[-9.20106847358741,38.7728468452086],[-9.20114898626241,38.7728137713777],[-9.20250966962191,38.7722766192212],[-9.20299143400618,38.7720833145673],[-9.20319570693821,38.7720007341799],[-9.20360560319136,38.7718415941726],[-9.20510634369363,38.7712471903202],[-9.20585859197897,38.7709376228648],[-9.20622616580552,38.7707730085709],[-9.206812003254,38.7704928884441],[-9.20699914112531,38.7704116299488],[-9.20712723813923,38.7703678449411],[-9.20721835152422,38.7703327443365],[-9.20730360783476,38.7703962117863],[-9.20880950445603,38.7712814930379],[-9.20909537875105,38.7714460389639],[-9.20932006817963,38.7715662953276],[-9.20958023955151,38.7716664028417],[-9.20970596989785,38.7717101915226],[-9.20992334669016,38.7717803354588],[-9.21009621456942,38.77182891386],[-9.21043168678972,38.7719319330769],[-9.21051205177949,38.7719583920049],[-9.21065485224522,38.7720122911215],[-9.21073496004578,38.7720386656406],[-9.21073091728288,38.7720429130253]]]}},{"type":"Feature","id":"CRUS_Odivelas_V.399271","properties":{"Area_Ha":1.72971898674614,"Autor":"DGT","Categoria":"Espaço Verde","Classe":"Solo Urbano","DTCC":"1116","Data_PublicacaoPDM":"2024-09-06T00:00:00","Designacao_PlantaOrdenamento":"Espaço Verde","Escala_PlantaOrdenamento":"1/10000","Fonte":"CM_Vetor","ID":399271,"Municipio":"ODIVELAS"},"geometry":{"type":"Polygon","coordinates":[[[-9.2101566120483,38.8105610996579],[-9.20992445374952,38.8105353551001],[-9.2097255031035,38.8105441609805],[-9.20958593503092,38.8105500943722],[-9.20949110589498,38.8105672367867],[-9.20934017984654,38.8106081314515],[-9.2092245907467,38.8106277862802],[-9.20912364656436,38.8106333642439],[-9.20906422542253,38.810633912419],[-9.20900763794128,38.8106251389897],[-9.20895080350669,38.8106001018439],[-9.20890256577898,38.8105540722558],[-9.20885429428576,38.8105057170584],[-9.20885128279832,38.8104815819558],[-9.20884415761515,38.8104244796809],[-9.20886418460407,38.8103731732875],[-9.20889576943349,38.8103523556425],[-9.20898007373336,38.8103250779325],[-9.20907245205531,38.8102712262344],[-9.20915197455536,38.8102075536138],[-9.20920598381225,38.8101374921812],[-9.20934369984366,38.810000407547],[-9.20941076492557,38.8099534134343],[-9.20950363978006,38.8099326828631],[-9.20962636308671,38.8099249256098],[-9.20970678215373,38.8099208708661],[-9.20982975243976,38.8099296750479],[-9.20995706054664,38.8099450637839],[-9.21006318993012,38.8099606476152],[-9.21019059556882,38.80998265896],[-9.21031780293388,38.8099914244655],[-9.21047026825825,38.8099900185583],[-9.2106312073799,38.809988533395],[-9.21085123819674,38.8099732526639],[-9.21122353555166,38.8099433153254],[-9.21149443927269,38.8099308766877],[-9.21164690785609,38.8099294683132],[-9.21171043489836,38.8099288818217],[-9.211782734309,38.8099480891996],[-9.21181696655288,38.8099709608111],[-9.21186903878508,38.8100532941879],[-9.21190905794924,38.810178802324],[-9.21191153067179,38.8101925525093],[-9.2119204692681,38.8102422574403],[-9.2119093568551,38.8102944779395],[-9.21190659827282,38.8103074502676],[-9.21189641753798,38.8103172379412],[-9.21186266405935,38.8103496842533],[-9.21181257834655,38.8103780313523],[-9.21173855158901,38.8103949826091],[-9.2116317695942,38.8104075862143],[-9.21158136728604,38.8104150237924],[-9.21154299202781,38.8104316430982],[-9.21149000619692,38.810464665023],[-9.21142828198066,38.8105093862499],[-9.21134303470964,38.8105705914109],[-9.21121869509581,38.8106465713574],[-9.21111541031731,38.8106940009432],[-9.21102390615592,38.8107343476496],[-9.21086965936398,38.8107520375844],[-9.2107924122525,38.8107527510875],[-9.2106792005748,38.8107328830248],[-9.21056591661735,38.8107083664218],[-9.21048324701083,38.8106789860134],[-9.21047031863891,38.8106743929391],[-9.21037154071763,38.8106265041277],[-9.21023707394518,38.810576623798],[-9.2101566120483,38.8105610996579]]]}},{"type":"Feature","id":"CRUS_Odivelas_V.399272","properties":{"Area_Ha":1.21102384580309,"Autor":"DGT","Categoria":"Espaço Verde","Classe":"Solo Urbano","DTCC":"1116","Data_PublicacaoPDM":"2024-09-06T00:00:00","Designacao_PlantaOrdenamento":"Espaço Verde","Escala_PlantaOrdenamento":"1/10000","Fonte":"CM_Vetor","ID":399272,"Municipio":"ODIVELAS"},"geometry":{"type":"Polygon","coordinates":[[[-9.19727883115506,38.8115850759376],[-9.19727843264113,38.8115583723128],[-9.19728862876049,38.8115027069613],[-9.19730821408391,38.8113868645307],[-9.19732517913839,38.8112766449267],[-9.19734239071162,38.8111831495308],[-9.19735365173912,38.8111101024289],[-9.19737276353684,38.8110052599657],[-9.19738160981404,38.8109590116409],[-9.19749622688964,38.8109277523702],[-9.19757982025166,38.8109062535393],[-9.1986991015135,38.810613299992],[-9.19867521258433,38.8105563923958],[-9.19883271117305,38.8105185250413],[-9.19890304549089,38.8107532086659],[-9.1989863027209,38.8110310021842],[-9.19908622888881,38.8112722976875],[-9.19908551615762,38.8112725606169],[-9.19889773337908,38.8113415643462],[-9.19842664162747,38.8115030942982],[-9.19800279439203,38.8115932868946],[-9.197665943444,38.8115794877467],[-9.1976005962649,38.8115813319203],[-9.19752624606471,38.8115863261813],[-9.19746985675422,38.8115943937045],[-9.19741416547908,38.8116029947836],[-9.19735301832011,38.8116154215161],[-9.19733306994913,38.8116177611992],[-9.19729833544439,38.8116074133031],[-9.19727883115506,38.8115850759376]]]}},{"type":"Feature","id":"CRUS_Odivelas_V.399273","properties":{"Area_Ha":0.991615465634922,"Autor":"DGT","Categoria":"Espaço de Atividades Económicas","Classe":"Solo Urbano","DTCC":"1116","Data_PublicacaoPDM":"2024-09-06T00:00:00","Designacao_PlantaOrdenamento":"Espaço de Atividades Económicas a Requalificar","Escala_PlantaOrdenamento":"1/10000","Fonte":"CM_Vetor","ID":399273,"Municipio":"ODIVELAS"},"geometry":{"type":"Polygon","coordinates":[[[-9.1673909138861,38.7909310416354],[-9.16837147747501,38.7895461468943],[-9.16845708929131,38.7894614350407],[-9.16857635075094,38.789327964431],[-9.16878287283621,38.789005279526],[-9.16897373735598,38.7887220957637],[-9.16901189895652,38.7886551889226],[-9.16922963537272,38.7887253184659],[-9.16903661905272,38.7890187003108],[-9.16893820787493,38.7892199943322],[-9.16881241058574,38.7894251399771],[-9.16864639450809,38.7896289498575],[-9.16829953081204,38.79021975604],[-9.16822298764565,38.7903340220983],[-9.1682185915351,38.7907154381306],[-9.16807156682939,38.7909984119815],[-9.16781972176153,38.7912617978199],[-9.167676272785,38.7911696395321],[-9.1674864748845,38.7910661119157],[-9.16743457965706,38.791019371288],[-9.1673909138861,38.7909310416354]]]}},{"type":"Feature","id":"CRUS_Odivelas_V.399274","properties":{"Area_Ha":1.0679399296595,"Autor":"DGT","Categoria":"Espaço Verde","Classe":"Solo Urbano","DTCC":"1116","Data_PublicacaoPDM":"2024-09-06T00:00:00","Designacao_PlantaOrdenamento":"Espaço Verde","Escala_PlantaOrdenamento":"1/10000","Fonte":"CM_Vetor","ID":399274,"Municipio":"ODIVELAS"},"geometry":{"type":"Polygon","coordinates":[[[-9.1861182442596,38.8120970904339],[-9.1864865226361,38.8127271026604],[-9.18704484598046,38.8137601057014],[-9.18786518192151,38.8144219195561],[-9.1878910672257,38.8144620921013],[-9.18779835828438,38.8143967817169],[-9.18758789314763,38.814287622414],[-9.18729190616078,38.8141638271721],[-9.18664556707082,38.8139231281554],[-9.1866077958836,38.8138603244533],[-9.18648075540658,38.8137006846626],[-9.18638117106989,38.8135995253679],[-9.18614745480715,38.813396624044],[-9.18593488498108,38.8132454121573],[-9.18575373122272,38.8131327375632],[-9.18572189362642,38.8131673468684],[-9.18553248709471,38.8132367907488],[-9.18552762917997,38.8132371496274],[-9.18551606535226,38.8132082016642],[-9.18546267087838,38.8131198386951],[-9.18549985866664,38.8131227063392],[-9.18550046985088,38.8131227532007],[-9.18560519051477,38.8131100845735],[-9.18570973854843,38.8130856903711],[-9.18576695750058,38.8130572142986],[-9.18581138017425,38.8130207363144],[-9.18588260230946,38.8129253915601],[-9.18596709836368,38.8127920445043],[-9.18606678509052,38.8125945222533],[-9.18609672379562,38.8125139798084],[-9.1861283776182,38.8123152675608],[-9.18612634363397,38.8121772900395],[-9.18611897663649,38.8121043495778],[-9.1861182442596,38.8120970904339]]]}},{"type":"Feature","id":"CRUS_Odivelas_V.399275","properties":{"Area_Ha":0.675498690672638,"Autor":"DGT","Categoria":"Espaço Verde","Classe":"Solo Urbano","DTCC":"1116","Data_PublicacaoPDM":"2024-09-06T00:00:00","Designacao_PlantaOrdenamento":"Espaço Verde","Escala_PlantaOrdenamento":"1/10000","Fonte":"CM_Vetor","ID":399275,"Municipio":"ODIVELAS"},"geometry":{"type":"Polygon","coordinates":[[[-9.17844046447696,38.8007802377722],[-9.17930128343943,38.8008209616567],[-9.17931347331438,38.8007132132414],[-9.1800293201473,38.8007229424653],[-9.18030045553876,38.8004406503708],[-9.18072277766261,38.8010826908772],[-9.18033527678767,38.801125371161],[-9.17989159568044,38.8011160498902],[-9.17965407416247,38.8010979000276],[-9.17944165650553,38.8010738554593],[-9.17921772794224,38.8010430947505],[-9.17871017168206,38.8009435897537],[-9.17844046447696,38.8007802377722]]]}},{"type":"Feature","id":"CRUS_Odivelas_V.399276","properties":{"Area_Ha":1.04621941902567,"Autor":"DGT","Categoria":"Espaço Verde","Classe":"Solo Urbano","DTCC":"1116","Data_PublicacaoPDM":"2024-09-06T00:00:00","Designacao_PlantaOrdenamento":"Espaço Verde","Escala_PlantaOrdenamento":"1/10000","Fonte":"CM_Vetor","ID":399276,"Municipio":"ODIVELAS"},"geometry":{"type":"Polygon","coordinates":[[[-9.18268296276635,38.8011904672586],[-9.18269919299597,38.8008551033436],[-9.1832559044983,38.8008626820581],[-9.18324977146117,38.8010419694636],[-9.18399706776738,38.8010612596307],[-9.1840294627701,38.8005695566643],[-9.18404124089386,38.8004521746754],[-9.18489548879572,38.8009810865392],[-9.18478778341608,38.8010698185236],[-9.18509172302667,38.8012426035386],[-9.18530942864699,38.8012205812608],[-9.1855860956071,38.8012832824984],[-9.18601761265444,38.8014097817621],[-9.18581693159305,38.8014416571706],[-9.18547489557013,38.8014375124414],[-9.18481976394372,38.8014112614306],[-9.18447948361031,38.8013651431287],[-9.18377504446419,38.8012710623392],[-9.18317856566092,38.8011975533075],[-9.18303060100795,38.8011955783841],[-9.1827158018826,38.8011909505613],[-9.18268296276635,38.8011904672586]]]}},{"type":"Feature","id":"CRUS_Odivelas_V.399277","properties":{"Area_Ha":1.72616332474549,"Autor":"DGT","Categoria":"Espaço Verde","Classe":"Solo Urbano","DTCC":"1116","Data_PublicacaoPDM":"2024-09-06T00:00:00","Designacao_PlantaOrdenamento":"Espaço Verde","Escala_PlantaOrdenamento":"1/10000","Fonte":"CM_Vetor","ID":399277,"Municipio":"ODIVELAS"},"geometry":{"type":"Polygon","coordinates":[[[-9.16538291877004,38.8001263109792],[-9.16535822337114,38.800165765397],[-9.16510847728047,38.8006232202675],[-9.16505902525717,38.8008176829523],[-9.16504785431603,38.8008730897574],[-9.16503134174538,38.8010608643247],[-9.16460009016796,38.8008668678278],[-9.16390726956275,38.80169160422],[-9.16377125929081,38.8018486799618],[-9.16375148752241,38.8018489925233],[-9.1637018613808,38.8018402431053],[-9.16368021026601,38.8018316062731],[-9.16363477593701,38.8017781426508],[-9.16339667612876,38.8014558779477],[-9.16305570851052,38.8009927400367],[-9.16300755492926,38.8009263288322],[-9.16300427075855,38.8009062705987],[-9.16300578261452,38.8008832870765],[-9.16301842940722,38.8008502976985],[-9.16303976891282,38.8008212848855],[-9.16306015291577,38.8008059714133],[-9.16313221623809,38.8007741701628],[-9.16337487921746,38.800678799072],[-9.16397080557847,38.8004387085586],[-9.16427477534919,38.8003162209395],[-9.16430837334756,38.8003071868865],[-9.16437367121011,38.8003012047919],[-9.16443751460615,38.8003062267008],[-9.16452455024895,38.8003228431545],[-9.16457555544079,38.8003395961457],[-9.16465537708239,38.8003828481159],[-9.16478308789437,38.8003704593235],[-9.16479731333065,38.8003511476402],[-9.16484027928815,38.8003212230049],[-9.16528374302013,38.8000814255568],[-9.16538291877004,38.8001263109792]]]}},{"type":"Feature","id":"CRUS_Odivelas_V.399278","properties":{"Area_Ha":9.76992897204768,"Autor":"DGT","Categoria":"Espaço Verde","Classe":"Solo Urbano","DTCC":"1116","Data_PublicacaoPDM":"2024-09-06T00:00:00","Designacao_PlantaOrdenamento":"Espaço Verde","Escala_PlantaOrdenamento":"1/10000","Fonte":"CM_Vetor","ID":399278,"Municipio":"ODIVELAS"},"geometry":{"type":"Polygon","coordinates":[[[-9.19971447663465,38.8061959134468],[-9.19979421055058,38.8057158395983],[-9.20001410860763,38.8056067281037],[-9.2006075699774,38.8061318535928],[-9.20084081485106,38.8062171855825],[-9.20107430381575,38.8061882132744],[-9.20123675175218,38.8061510793847],[-9.20167256012717,38.8061945124923],[-9.20167513497537,38.8061945395053],[-9.20174443067222,38.8063200724642],[-9.20178180603128,38.8064160163539],[-9.20194950871132,38.806427888683],[-9.20222676774016,38.8064333949692],[-9.20231837615507,38.8063704073057],[-9.20242559308861,38.8063164024541],[-9.20265680883063,38.8063031223625],[-9.2027775631707,38.8063004891054],[-9.20291167279908,38.8062806972673],[-9.2031048428548,38.8062995878355],[-9.20332959192647,38.8063099226417],[-9.20356727137163,38.8063015448505],[-9.20379028562832,38.8063012845329],[-9.2040313785296,38.8063174283358],[-9.20403638385241,38.8063130024238],[-9.20403221911044,38.8062749945497],[-9.20403624219393,38.806196639894],[-9.20428169987867,38.805477028778],[-9.20423184653991,38.8053998091299],[-9.20368919855684,38.8053320415103],[-9.20322698100699,38.8052871512931],[-9.20296466938478,38.8053121743214],[-9.20294607397438,38.80519282687],[-9.20304322240817,38.8050942691016],[-9.20313872295089,38.8050256534075],[-9.20332269122456,38.8049048325502],[-9.20356947363547,38.8046486832996],[-9.20361690420385,38.8045861463323],[-9.2036751257114,38.8045382324685],[-9.20372102044667,38.8044953686647],[-9.20386182356297,38.8043956228297],[-9.203931638483,38.8043770258239],[-9.20397192413473,38.8043691795565],[-9.2040570567487,38.8043382211437],[-9.20406064894143,38.8043369151082],[-9.20411272536242,38.8043179794779],[-9.20420157859837,38.8042856695029],[-9.20434679807743,38.8042999828566],[-9.20465039179568,38.8043169771316],[-9.20494810804671,38.8043164412026],[-9.20529065609287,38.8043089009271],[-9.20563832512551,38.8042683445648],[-9.205991533084,38.8042475209418],[-9.2063565630838,38.8042376483392],[-9.20692337609965,38.8042223166476],[-9.20711854446241,38.8042099829765],[-9.20735043731099,38.8041887507964],[-9.20758872165195,38.8049702349137],[-9.20762078421069,38.8050146911159],[-9.20763435475503,38.8050856977962],[-9.20794171451771,38.805125129582],[-9.20793065017813,38.8053017264848],[-9.20771636887151,38.8052566107078],[-9.20757248681876,38.8051905397021],[-9.20727770044526,38.8051761790062],[-9.20708066646701,38.8051920866787],[-9.20706489611608,38.8065481712467],[-9.20708706908302,38.8066888046702],[-9.20707060720476,38.8066985900758],[-9.2069204754179,38.8066477446811],[-9.20686239339471,38.8066361180778],[-9.20684703624509,38.8066330168599],[-9.20677644830394,38.8066241181814],[-9.20668864664451,38.8066188908746],[-9.20639314713895,38.8066199860807],[-9.20611416629287,38.8066324590244],[-9.20600678022827,38.8066416436879],[-9.20591267537672,38.8066612441954],[-9.20588683491604,38.8066730116725],[-9.20586817037815,38.8066796686792],[-9.20574582471918,38.8067198854343],[-9.20557978307779,38.8067480745913],[-9.20552687759839,38.8067514423358],[-9.20545285738447,38.806751672113],[-9.20538188471802,38.8067478197931],[-9.20531437543806,38.8067369100808],[-9.2052281708277,38.8067153631192],[-9.20497692015483,38.806634979733],[-9.20481361098899,38.8065767583383],[-9.20470787332971,38.8065576420357],[-9.20438195415954,38.8065184766887],[-9.20422218773298,38.8065707945142],[-9.20408249193913,38.8066821628444],[-9.2040808156433,38.8066834991729],[-9.20407973688865,38.8066843596058],[-9.2040244932653,38.8066609686049],[-9.20355196520548,38.8065357824691],[-9.20354963536705,38.8065351645532],[-9.20338278107049,38.8066854472349],[-9.20332444348213,38.8067507187065],[-9.20325804194574,38.8068250127832],[-9.20383325617957,38.8071949570174],[-9.2039228550081,38.8072522861325],[-9.20398290961737,38.8073014004087],[-9.20398631574848,38.8073049988985],[-9.2039882614223,38.8073245823997],[-9.20397774736617,38.8073729647505],[-9.20396032270184,38.8074115903602],[-9.20394544286412,38.807475598808],[-9.20394210837489,38.8075241889294],[-9.2040453701565,38.807713506926],[-9.20404461346332,38.8077136818029],[-9.20388386508877,38.8077506279528],[-9.20369415672116,38.8076764125917],[-9.20301824513276,38.8070914167495],[-9.20285215290617,38.8069729965077],[-9.20253965511743,38.8066919147439],[-9.20247928537066,38.8066398365262],[-9.20224525848264,38.8065746689134],[-9.20118336563814,38.8063802031542],[-9.20102303991163,38.8063580982],[-9.20085127470564,38.8063624734755],[-9.20074501867831,38.8063856941115],[-9.20064348882289,38.8063937386407],[-9.200261805158,38.8063205737023],[-9.2000616683562,38.8062764713131],[-9.19992269563928,38.8062458467834],[-9.19971447663465,38.8061959134468]]]}},{"type":"Feature","id":"CRUS_Odivelas_V.399279","properties":{"Area_Ha":0.477418393477987,"Autor":"DGT","Categoria":"Espaço Verde","Classe":"Solo Urbano","DTCC":"1116","Data_PublicacaoPDM":"2024-09-06T00:00:00","Designacao_PlantaOrdenamento":"Espaço Verde","Escala_PlantaOrdenamento":"1/10000","Fonte":"CM_Vetor","ID":399279,"Municipio":"ODIVELAS"},"geometry":{"type":"Polygon","coordinates":[[[-9.23305291071966,38.8099103855616],[-9.2330228106698,38.8098646710727],[-9.23295668280219,38.8097877381278],[-9.23285621649211,38.8097004316088],[-9.2327594558574,38.8096318101686],[-9.23265952440586,38.8095792632142],[-9.23254946469603,38.809534836557],[-9.23244940618436,38.8095161217808],[-9.23321788987416,38.8094241541947],[-9.23325107314436,38.8094688816143],[-9.23372554446076,38.8103065149475],[-9.23375394154917,38.8103575345427],[-9.23365250266459,38.8103778991397],[-9.23327476701816,38.8104537303953],[-9.23323813094532,38.8103794760212],[-9.23312517389812,38.8100749793542],[-9.23307530918911,38.8099444067275],[-9.23305291071966,38.8099103855616]]]}},{"type":"Feature","id":"CRUS_Odivelas_V.399280","properties":{"Area_Ha":2.04568558235469,"Autor":"DGT","Categoria":"Espaço Verde","Classe":"Solo Urbano","DTCC":"1116","Data_PublicacaoPDM":"2024-09-06T00:00:00","Designacao_PlantaOrdenamento":"Espaço Verde","Escala_PlantaOrdenamento":"1/10000","Fonte":"CM_Vetor","ID":399280,"Municipio":"ODIVELAS"},"geometry":{"type":"Polygon","coordinates":[[[-9.20249994512672,38.7689489098982],[-9.20254643748842,38.7688760685583],[-9.20255019931679,38.7688701732891],[-9.20261484817136,38.7687922051321],[-9.20262184923868,38.7687851190605],[-9.20272880902616,38.7686768580388],[-9.20273680648466,38.7686687633107],[-9.20286974833784,38.7685398114334],[-9.20287212209145,38.7685414456563],[-9.20292966245683,38.7685774600495],[-9.20331654272774,38.7687268649731],[-9.20401272402979,38.7686919850445],[-9.20465370165927,38.7685205982695],[-9.20474063234864,38.7687296818964],[-9.20467528481695,38.7691196467103],[-9.20390589365118,38.7701800248501],[-9.20379774597626,38.7701116409004],[-9.20339316357684,38.7698020901896],[-9.20303637357756,38.7695128315099],[-9.20282701710741,38.7693096446606],[-9.20262269688332,38.7690946869322],[-9.20249994512672,38.7689489098982]]]}},{"type":"Feature","id":"CRUS_Odivelas_V.399281","properties":{"Area_Ha":8.54808172905507,"Autor":"DGT","Categoria":"Espaço Habitacional","Classe":"Solo Urbano","DTCC":"1116","Data_PublicacaoPDM":"2024-09-06T00:00:00","Designacao_PlantaOrdenamento":"Espaço Habitacional - Nivel 2","Escala_PlantaOrdenamento":"1/10000","Fonte":"CM_Vetor","ID":399281,"Municipio":"ODIVELAS"},"geometry":{"type":"Polygon","coordinates":[[[-9.2089729532146,38.7821992691553],[-9.2096017300763,38.7824696550964],[-9.20968944073669,38.7821180839107],[-9.20992611977433,38.7811693794569],[-9.20975627674101,38.7810927816899],[-9.20933253043857,38.7811514687445],[-9.20901675564125,38.7812380065572],[-9.20874604024348,38.7813100703424],[-9.20866918725544,38.7813305281484],[-9.20850475309821,38.7810459777224],[-9.20838147547419,38.7811629274793],[-9.2083025406864,38.781254069161],[-9.20808497967963,38.7813533302551],[-9.20808319323298,38.7812345075203],[-9.20808131270176,38.7811848607958],[-9.20807492832402,38.7811370288332],[-9.20804256789352,38.7810947576165],[-9.20802072403265,38.7810736741036],[-9.20795334984252,38.7810388200593],[-9.20786283093976,38.7809981870976],[-9.20783096585422,38.7809881327456],[-9.20778505412007,38.7809684687134],[-9.20786797205978,38.7807867841812],[-9.20808532881369,38.7804780288354],[-9.20811128222715,38.7803962241961],[-9.20810568470923,38.7803253506799],[-9.20815311443559,38.7802301848349],[-9.20825869299326,38.7802796558187],[-9.20844098317228,38.7802799585554],[-9.20861203311502,38.780270489263],[-9.20903793164607,38.7801558267614],[-9.20947614207908,38.7800509488828],[-9.20956310603681,38.7800144338401],[-9.21032160138176,38.7789766266028],[-9.21097831894509,38.7792865357529],[-9.21129230120316,38.7802273088834],[-9.21048441055322,38.7813851743311],[-9.21146187152641,38.7817164374743],[-9.21145981174217,38.7817274955371],[-9.21117631535748,38.7823871617355],[-9.21102914847998,38.7828684816448],[-9.21093410132628,38.783217922836],[-9.21092685758272,38.7832987247954],[-9.21092616074337,38.7833760280635],[-9.21092600133142,38.783378925186],[-9.21081113676484,38.7833810861818],[-9.21071939916132,38.7834253272786],[-9.21049306185702,38.7836125681403],[-9.21030372132513,38.7838023595523],[-9.21018685614461,38.7838960155144],[-9.21005850880569,38.7839637379892],[-9.20987390095638,38.7839770110477],[-9.20955622430661,38.7839884073259],[-9.20931046501856,38.7839662435515],[-9.20920820006904,38.7837651208764],[-9.20918463080708,38.7835155994473],[-9.2091365134388,38.7833903123741],[-9.20905498810861,38.7832394977561],[-9.20888383570579,38.783130846463],[-9.20873560334926,38.7830822626239],[-9.20867751736939,38.7830259623291],[-9.20866080647986,38.7829458595281],[-9.20868603506248,38.7828412140723],[-9.20877895569857,38.7826803610607],[-9.2090150106076,38.7823967605581],[-9.2089729532146,38.7821992691553]]]}},{"type":"Feature","id":"CRUS_Odivelas_V.399282","properties":{"Area_Ha":3.79298682690819,"Autor":"DGT","Categoria":"Espaço Habitacional","Classe":"Solo Urbano","DTCC":"1116","Data_PublicacaoPDM":"2024-09-06T00:00:00","Designacao_PlantaOrdenamento":"Espaço Habitacional - Nivel 2","Escala_PlantaOrdenamento":"1/10000","Fonte":"CM_Vetor","ID":399282,"Municipio":"ODIVELAS"},"geometry":{"type":"Polygon","coordinates":[[[-9.20522570998806,38.7895005050518],[-9.2050161876463,38.7896863584501],[-9.20482713352667,38.7899442199549],[-9.20500881964399,38.790483046672],[-9.20506456585132,38.7906401003132],[-9.20413030577068,38.7908348587445],[-9.20402369909774,38.7908651905578],[-9.20394889871366,38.7908891324925],[-9.20390958512451,38.7909029173292],[-9.20387025989869,38.7907735775248],[-9.20387673640801,38.7907393184447],[-9.20398773151869,38.7907060508978],[-9.20403125454253,38.7906695037839],[-9.20403723781842,38.7906147783181],[-9.20376037673567,38.78996006167],[-9.20375491783365,38.7899559952961],[-9.2037545146331,38.7899550319684],[-9.20358922461975,38.7898163515946],[-9.20354366839829,38.7897395380648],[-9.20333735191657,38.7892514851745],[-9.20311741280664,38.7891016118801],[-9.20337817099023,38.7887136687685],[-9.20360528994743,38.7886411725348],[-9.20385175277489,38.7886586574471],[-9.20404547480038,38.7875966801492],[-9.20471603116261,38.7876883416664],[-9.20461986996048,38.7881704189518],[-9.20490079582137,38.7885124185792],[-9.20512661218372,38.7888991289627],[-9.20524884250215,38.7890885669187],[-9.20537185342752,38.789250826135],[-9.20538089821051,38.789343003044],[-9.20522570998806,38.7895005050518]]]}},{"type":"Feature","id":"CRUS_Odivelas_V.399283","properties":{"Area_Ha":0.322366718427138,"Autor":"DGT","Categoria":"Espaço Central","Classe":"Solo Urbano","DTCC":"1116","Data_PublicacaoPDM":"2024-09-06T00:00:00","Designacao_PlantaOrdenamento":"Espaços Centrais - Nivel 2","Escala_PlantaOrdenamento":"1/10000","Fonte":"CM_Vetor","ID":399283,"Municipio":"ODIVELAS"},"geometry":{"type":"Polygon","coordinates":[[[-9.20938211808399,38.7901727709284],[-9.2101369664564,38.7911057003872],[-9.20994604237708,38.791256925937],[-9.20953761169616,38.7907112583117],[-9.20899071215008,38.7904108102567],[-9.2091238274431,38.790347232776],[-9.20938211808399,38.7901727709284]]]}},{"type":"Feature","id":"CRUS_Odivelas_V.399284","properties":{"Area_Ha":3.68779585507344,"Autor":"DGT","Categoria":"Espaço Habitacional","Classe":"Solo Urbano","DTCC":"1116","Data_PublicacaoPDM":"2024-09-06T00:00:00","Designacao_PlantaOrdenamento":"Espaço Habitacional - Nivel 2","Escala_PlantaOrdenamento":"1/10000","Fonte":"CM_Vetor","ID":399284,"Municipio":"ODIVELAS"},"geometry":{"type":"Polygon","coordinates":[[[-9.20180670904604,38.7935924841315],[-9.20154294984489,38.7936079777438],[-9.20085616432025,38.7927471032776],[-9.20067597607058,38.7925212367569],[-9.20061536911753,38.7924175434943],[-9.20060348119969,38.7923432934116],[-9.20132868349248,38.7923368678782],[-9.20135624642684,38.7924896329492],[-9.20361275555228,38.792488615651],[-9.20400960779553,38.7923613916448],[-9.20411899542759,38.7924377155837],[-9.20421106814454,38.7924897517161],[-9.20428415613595,38.7925265788588],[-9.20446531505697,38.7926355746785],[-9.2045467098625,38.7928417602098],[-9.20458144846005,38.7929297512617],[-9.20457993227384,38.793005639826],[-9.20457915694604,38.7930444749915],[-9.20454378433329,38.7930864454131],[-9.20429459576058,38.7933821107481],[-9.20433417602525,38.7934883324792],[-9.204389423541,38.7936365911212],[-9.20439063159826,38.7936398341511],[-9.20398841907141,38.7937418089091],[-9.20392278536769,38.7936065930602],[-9.20359438496958,38.793686569449],[-9.2035047425646,38.7934927186102],[-9.20180670904604,38.7935924841315]]]}},{"type":"Feature","id":"CRUS_Odivelas_V.399285","properties":{"Area_Ha":3.20147316981535,"Autor":"DGT","Categoria":"Espaço Florestal","Classe":"Solo Rústico","DTCC":"1116","Data_PublicacaoPDM":"2024-09-06T00:00:00","Designacao_PlantaOrdenamento":"Espaços Florestais com Funções Predominantes de Recreio e Valorização da Paisagem Grande Lisboa","Escala_PlantaOrdenamento":"1/10000","Fonte":"CM_Vetor","ID":399285,"Municipio":"ODIVELAS"},"geometry":{"type":"Polygon","coordinates":[[[-9.23369666465589,38.8258177395591],[-9.23363168218871,38.8258433704765],[-9.23350683095101,38.8259239041723],[-9.23339321212604,38.826015948753],[-9.23329589580091,38.8261194673334],[-9.23318071090168,38.8262744898594],[-9.2330642626614,38.8264217817292],[-9.23297472673453,38.8265523365947],[-9.2329280207498,38.8266155212482],[-9.23169125398732,38.8245592379777],[-9.23170471456635,38.8230988525282],[-9.2317048881842,38.8230991382194],[-9.23171022242353,38.8230981486252],[-9.2317210410082,38.8231159497872],[-9.23180837734842,38.8232466349315],[-9.23188038528695,38.8233466651697],[-9.23194328602314,38.8234310167103],[-9.23199009351163,38.8234793943555],[-9.23215896780682,38.823611384831],[-9.23222146376612,38.8236543957329],[-9.23243109802183,38.8238605857678],[-9.23254529101992,38.8239630064471],[-9.23275510320249,38.824173156678],[-9.23297874984417,38.824406600694],[-9.23320473108447,38.8246199297817],[-9.23334410515661,38.8247570640497],[-9.23348010394181,38.8249144944827],[-9.23357684263129,38.8250123071754],[-9.23359340985471,38.8250489897428],[-9.23363971173119,38.8253185987872],[-9.23368215289227,38.8255844645582],[-9.23370000667789,38.8258164211175],[-9.23369666465589,38.8258177395591]]]}},{"type":"Feature","id":"CRUS_Odivelas_V.399286","properties":{"Area_Ha":1.54984471255206,"Autor":"DGT","Categoria":"Espaço Habitacional","Classe":"Solo Urbano","DTCC":"1116","Data_PublicacaoPDM":"2024-09-06T00:00:00","Designacao_PlantaOrdenamento":"Espaço Habitacional - Nivel 2","Escala_PlantaOrdenamento":"1/10000","Fonte":"CM_Vetor","ID":399286,"Municipio":"ODIVELAS"},"geometry":{"type":"Polygon","coordinates":[[[-9.16594436869105,38.7985360724196],[-9.16598931628155,38.7983519523115],[-9.16602187168083,38.7982185854274],[-9.16606526932751,38.797979159984],[-9.16607761363665,38.7979110440649],[-9.16607150151733,38.7977263983574],[-9.16606606849232,38.7973338355974],[-9.16606266486824,38.7970878371055],[-9.16717981761548,38.7972576619136],[-9.16710067386665,38.7979450332009],[-9.16703564223883,38.7985098358708],[-9.16717852044819,38.7988688089433],[-9.16715578905038,38.7988613145661],[-9.16714834241243,38.798854619432],[-9.16710257171772,38.7988257492387],[-9.16706877257113,38.7988128070786],[-9.16693455839462,38.7987732822199],[-9.16678854516487,38.7987402136129],[-9.16666684148391,38.798700080255],[-9.16666754391211,38.7986964686957],[-9.16664212537937,38.7986919306626],[-9.16649931016748,38.7986448345827],[-9.16594436869105,38.7985360724196]]]}},{"type":"Feature","id":"CRUS_Odivelas_V.399287","properties":{"Area_Ha":1.026158535761,"Autor":"DGT","Categoria":"Espaço Verde","Classe":"Solo Urbano","DTCC":"1116","Data_PublicacaoPDM":"2024-09-06T00:00:00","Designacao_PlantaOrdenamento":"Espaço Verde","Escala_PlantaOrdenamento":"1/10000","Fonte":"CM_Vetor","ID":399287,"Municipio":"ODIVELAS"},"geometry":{"type":"Polygon","coordinates":[[[-9.21018013421618,38.7995305983841],[-9.21038815164423,38.7993474233515],[-9.21040640167118,38.7991797501352],[-9.21047641299182,38.7992527272549],[-9.21242141577399,38.7999784336228],[-9.21278692222186,38.8001148049996],[-9.21271242550882,38.8002809640218],[-9.21241239171061,38.800428711443],[-9.21066009082113,38.7997932718847],[-9.21029126150768,38.7995695540092],[-9.21018013421618,38.7995305983841]]]}},{"type":"Feature","id":"CRUS_Odivelas_V.399288","properties":{"Area_Ha":3.10186118960176,"Autor":"DGT","Categoria":"Espaço Central","Classe":"Solo Urbano","DTCC":"1116","Data_PublicacaoPDM":"2024-09-06T00:00:00","Designacao_PlantaOrdenamento":"Espaços Centrais - Nivel1","Escala_PlantaOrdenamento":"1/10000","Fonte":"CM_Vetor","ID":399288,"Municipio":"ODIVELAS"},"geometry":{"type":"Polygon","coordinates":[[[-9.20856910889884,38.7904393862572],[-9.20862387646836,38.7905088445337],[-9.20899768610846,38.790658765991],[-9.20959770058319,38.7911391722212],[-9.20968564183378,38.7914442975631],[-9.2096601198127,38.7914940873962],[-9.20946142064837,38.791707488988],[-9.20967148761694,38.7920199269748],[-9.20956180778103,38.7920883590388],[-9.20909162492385,38.7916058940423],[-9.20888475220453,38.7913644831675],[-9.20873992773414,38.7914957332976],[-9.20870808590428,38.7915200186773],[-9.20833861531207,38.7913460921367],[-9.20802073709728,38.7910960065527],[-9.20724305900948,38.7914170891852],[-9.20644133357156,38.7912292734357],[-9.20574821946661,38.7905904764784],[-9.20563619852026,38.7905345913194],[-9.20647790038648,38.7903743562369],[-9.20764233555084,38.79033743296],[-9.20856910889884,38.7904393862572]]]}},{"type":"Feature","id":"CRUS_Odivelas_V.399289","properties":{"Area_Ha":4.57179763041828,"Autor":"DGT","Categoria":"Espaço Habitacional","Classe":"Solo Urbano","DTCC":"1116","Data_PublicacaoPDM":"2024-09-06T00:00:00","Designacao_PlantaOrdenamento":"Espaço Habitacional - Nivel 1","Escala_PlantaOrdenamento":"1/10000","Fonte":"CM_Vetor","ID":399289,"Municipio":"ODIVELAS"},"geometry":{"type":"Polygon","coordinates":[[[-9.20060348119969,38.7923432934116],[-9.20053700477152,38.7919280585139],[-9.20011647081358,38.7910110069493],[-9.20210829096242,38.7910222369006],[-9.20295441951941,38.7910306332001],[-9.20344429800055,38.7910354901403],[-9.2035398279851,38.7910364389024],[-9.2035965185883,38.7910211803459],[-9.2035415789856,38.7912478441108],[-9.20352514832627,38.7914511198892],[-9.20352196001246,38.7914905712833],[-9.20355770163903,38.7915282015058],[-9.20376492459229,38.791746374037],[-9.20383999409289,38.7919350635877],[-9.20400960779553,38.7923613916448],[-9.20361275555228,38.792488615651],[-9.20135624642684,38.7924896329492],[-9.20132868349248,38.7923368678782],[-9.20060348119969,38.7923432934116]]]}},{"type":"Feature","id":"CRUS_Odivelas_V.399290","properties":{"Area_Ha":4.42357829688694,"Autor":"DGT","Categoria":"Espaço Central","Classe":"Solo Urbano","DTCC":"1116","Data_PublicacaoPDM":"2024-09-06T00:00:00","Designacao_PlantaOrdenamento":"Espaços Centrais - Nivel1","Escala_PlantaOrdenamento":"1/10000","Fonte":"CM_Vetor","ID":399290,"Municipio":"ODIVELAS"},"geometry":{"type":"Polygon","coordinates":[[[-9.21044545827465,38.7922539735397],[-9.21004457276637,38.791705186406],[-9.20994604237708,38.791256925937],[-9.2101369664564,38.7911057003872],[-9.20938211808399,38.7901727709284],[-9.20952200017227,38.7900274285806],[-9.20988437766789,38.7903417045277],[-9.21064718158637,38.7903649580504],[-9.21079599801593,38.7905611036554],[-9.21093464258916,38.7905509103392],[-9.21126981191442,38.7907061857844],[-9.21144780779484,38.7909021064307],[-9.21209400086493,38.7913225533908],[-9.21313140016316,38.7916270478986],[-9.2127996733267,38.7922840640787],[-9.21190415338065,38.7919534311966],[-9.21184639596353,38.7929980850188],[-9.21100256881254,38.7930335306098],[-9.21095890517713,38.7925770929],[-9.21079520901142,38.7920508916141],[-9.21044545827465,38.7922539735397]]]}},{"type":"Feature","id":"CRUS_Odivelas_V.399291","properties":{"Area_Ha":14.4621138257287,"Autor":"DGT","Categoria":"Espaço Central","Classe":"Solo Urbano","DTCC":"1116","Data_PublicacaoPDM":"2024-09-06T00:00:00","Designacao_PlantaOrdenamento":"Espaços Centrais - Nivel1","Escala_PlantaOrdenamento":"1/10000","Fonte":"CM_Vetor","ID":399291,"Municipio":"ODIVELAS"},"geometry":{"type":"Polygon","coordinates":[[[-9.16602356513012,38.7923173262398],[-9.16328830795918,38.7909236891001],[-9.16313483352562,38.7903776137744],[-9.16313373732198,38.7903754356662],[-9.16313729961883,38.7903746133069],[-9.16321797285287,38.7901063485444],[-9.16341731681015,38.7901382237647],[-9.16353724277019,38.7898806959746],[-9.16357504341896,38.7898929727708],[-9.16381750842716,38.7899328786061],[-9.16390101872638,38.7897597586156],[-9.16414347996234,38.7897996620014],[-9.16422723388482,38.7896433573813],[-9.16445375141227,38.7896960154891],[-9.16452162513774,38.7895566694786],[-9.16479089805346,38.7895921299654],[-9.1648692108205,38.7894316689424],[-9.16498759506348,38.7894551865287],[-9.1650171673657,38.789407585378],[-9.1651790284121,38.789440342106],[-9.16523088351738,38.7893057592096],[-9.16530163097835,38.7893156523599],[-9.16534147941664,38.7891850625392],[-9.16541720560597,38.7892003661654],[-9.16545392461316,38.7891512525804],[-9.1660134311726,38.7883402811273],[-9.16634658041233,38.7880507079383],[-9.16685371849622,38.7876262634409],[-9.16720590064567,38.7878300888167],[-9.16755730248955,38.7877359200178],[-9.16793399229547,38.7876829132726],[-9.16830069438017,38.7876713826633],[-9.16865345451734,38.7876710153425],[-9.16896143758251,38.7877455409749],[-9.16929832183438,38.7878667197078],[-9.16938506343402,38.7876975409025],[-9.16949303028228,38.7879675959919],[-9.16940556462667,38.7880949761893],[-9.16931519732358,38.7882125619172],[-9.16901189895652,38.7886551889226],[-9.16897373735598,38.7887220957637],[-9.16878287283621,38.789005279526],[-9.16857635075094,38.789327964431],[-9.16845708929131,38.7894614350407],[-9.16837147747501,38.7895461468943],[-9.1673909138861,38.7909310416354],[-9.16666078345306,38.7919621973248],[-9.16662543462656,38.7920121189979],[-9.16636641909972,38.7923779144446],[-9.16633879118501,38.7924169300352],[-9.16631144946227,38.7924035296271],[-9.16602356513012,38.7923173262398]]]}},{"type":"Feature","id":"CRUS_Odivelas_V.399292","properties":{"Area_Ha":7.40061369903299,"Autor":"DGT","Categoria":"Espaço Central","Classe":"Solo Urbano","DTCC":"1116","Data_PublicacaoPDM":"2024-09-06T00:00:00","Designacao_PlantaOrdenamento":"Espaços Centrais - Nivel1","Escala_PlantaOrdenamento":"1/10000","Fonte":"CM_Vetor","ID":399292,"Municipio":"ODIVELAS"},"geometry":{"type":"Polygon","coordinates":[[[-9.18994074844437,38.7910310000107],[-9.19007515135034,38.7912157010695],[-9.19061608372804,38.7922097532575],[-9.19106924245093,38.7933316205951],[-9.18878421638977,38.7936343609272],[-9.18860596285009,38.7936574760675],[-9.18854265453141,38.7936660658407],[-9.18847841881033,38.7936672383735],[-9.1884146674913,38.7936609673722],[-9.18835279981995,38.7936473909867],[-9.18827993674487,38.7936229199615],[-9.18780718742875,38.7932360125316],[-9.18781376053523,38.7932300038857],[-9.18786558516899,38.7930589689008],[-9.18788271642678,38.7930409310966],[-9.18793829779344,38.7929824070455],[-9.18815170760233,38.7928230532069],[-9.18808336311798,38.7927670204481],[-9.18832231969354,38.7925885511426],[-9.18819717011016,38.7924859244995],[-9.18810177051131,38.7924077789404],[-9.18802997205699,38.792357995714],[-9.18794821861364,38.7923187255785],[-9.18787012956375,38.7922952739028],[-9.1877884277126,38.7922812568508],[-9.18773599702311,38.7922774258989],[-9.18768333995084,38.7922774921463],[-9.18755836329948,38.7922768638857],[-9.18743412098947,38.7922662507387],[-9.18747404094031,38.792063674297],[-9.18727252948828,38.7920205173407],[-9.18708744691359,38.7919446761546],[-9.18693849856201,38.7918485904449],[-9.18681673358609,38.7917313749495],[-9.18642488137887,38.7912636181733],[-9.18642522608563,38.7912428281219],[-9.18643163050567,38.7912272438369],[-9.18657188381532,38.7911126579749],[-9.18664260523344,38.7909485175109],[-9.18780860175758,38.7909970022529],[-9.1883192295745,38.7910205367622],[-9.18851939904084,38.7910722772437],[-9.1887588465655,38.7911572618469],[-9.18908184077844,38.7913151725182],[-9.18930304211778,38.7914076164544],[-9.18934709401245,38.7913043508045],[-9.18936099388537,38.7912791836737],[-9.189501706922,38.7911590083326],[-9.18976763302047,38.7911236338033],[-9.18994074844437,38.7910310000107]]]}},{"type":"Feature","id":"CRUS_Odivelas_V.399293","properties":{"Area_Ha":16.0495936938324,"Autor":"DGT","Categoria":"Espaço Habitacional","Classe":"Solo Urbano","DTCC":"1116","Data_PublicacaoPDM":"2024-09-06T00:00:00","Designacao_PlantaOrdenamento":"Espaço Habitacional - Nivel 1","Escala_PlantaOrdenamento":"1/10000","Fonte":"CM_Vetor","ID":399293,"Municipio":"ODIVELAS"},"geometry":{"type":"Polygon","coordinates":[[[-9.1689407135729,38.798292696049],[-9.1689982218882,38.7982749856379],[-9.16912276133048,38.7982239772162],[-9.16934829153378,38.7981316043047],[-9.16962001203749,38.7980570113569],[-9.17014598059691,38.7979126205487],[-9.17016009217641,38.7979109811067],[-9.17054454115472,38.7978733539357],[-9.17199549931196,38.7977313265157],[-9.17131890920785,38.7974033697772],[-9.17099579531468,38.797432682357],[-9.17089165185828,38.7971809027535],[-9.17086491305773,38.7971162602752],[-9.17086283783838,38.7970594906731],[-9.17085825652511,38.7969340620784],[-9.17089279182002,38.796672565945],[-9.17100720284627,38.7958062421983],[-9.17127437452524,38.7956807197954],[-9.1713833624493,38.7959335820117],[-9.17148666885776,38.7960561360115],[-9.17160952151261,38.7962090338673],[-9.1716495249114,38.7962303771968],[-9.17168692218108,38.7962332158268],[-9.17194238672361,38.7961367750751],[-9.17199949147036,38.7961021668893],[-9.1720441101944,38.7960540672605],[-9.1720641328102,38.795992554995],[-9.17207334733963,38.7959448279533],[-9.1721217330776,38.795908095927],[-9.1722563245468,38.7958549234946],[-9.17231151635429,38.795851008763],[-9.17271802094625,38.7957926234211],[-9.17262233763646,38.7960138514023],[-9.17259126752447,38.796081523326],[-9.17268064722064,38.7962281843275],[-9.17269291458239,38.7962405959238],[-9.17271657803382,38.7962531769972],[-9.17274079133187,38.7962561136339],[-9.17277384974672,38.796249694094],[-9.17287701538294,38.796212296431],[-9.1728961812504,38.7962084311362],[-9.17291702668872,38.7962091476418],[-9.17325444089198,38.7962991935388],[-9.17335192981182,38.7963206114123],[-9.17353770444083,38.7966727804639],[-9.17365355093722,38.7968793916152],[-9.17398768637468,38.797467434663],[-9.17444128220367,38.7982250099215],[-9.17487324604447,38.7988370536343],[-9.17468330274914,38.7991760114901],[-9.17419493117005,38.7995844804605],[-9.17366188621678,38.799762864223],[-9.17339653168205,38.7998516660205],[-9.17321718210519,38.7997936630824],[-9.17300569056062,38.7998428493983],[-9.17274501916003,38.7998985947221],[-9.17248264100262,38.7999778629687],[-9.17226983007845,38.8000385249207],[-9.17226786984805,38.8000357550524],[-9.17226814775196,38.8000380468904],[-9.17212740280467,38.800160162941],[-9.17177756893245,38.8003039396365],[-9.17146252241208,38.8004875551966],[-9.17120906891888,38.8006352726022],[-9.17102311389034,38.8005672890811],[-9.17074430201553,38.800465354154],[-9.17073037864818,38.8004532730918],[-9.17066218984362,38.8004220328025],[-9.17062309913971,38.8004210427155],[-9.17051098153526,38.8003800526722],[-9.16994345282245,38.8001725602073],[-9.16979957769518,38.8001199571768],[-9.1697332203921,38.8000892481578],[-9.16964009264561,38.8000410893764],[-9.16949780296146,38.7999675079973],[-9.16923555842264,38.7993700365616],[-9.1690463759805,38.7990275530775],[-9.16891639047216,38.7987562739631],[-9.16888235818568,38.7986861201928],[-9.16881122234904,38.7986711953454],[-9.16878188035989,38.7986144236246],[-9.16894389983471,38.7983051686809],[-9.1689407135729,38.798292696049]]]}},{"type":"Feature","id":"CRUS_Odivelas_V.399294","properties":{"Area_Ha":0.715366358920757,"Autor":"DGT","Categoria":"Espaço de Uso Especial Equipamentos e Infraestruturas","Classe":"Solo Urbano","DTCC":"1116","Data_PublicacaoPDM":"2024-09-06T00:00:00","Designacao_PlantaOrdenamento":"Espaço de Uso Especial - Equipamentos","Escala_PlantaOrdenamento":"1/10000","Fonte":"CM_Vetor","ID":399294,"Municipio":"ODIVELAS"},"geometry":{"type":"Polygon","coordinates":[[[-9.18192870716442,38.7984126844807],[-9.18211615078657,38.7984070993096],[-9.18232683534323,38.7983748135902],[-9.18253093257225,38.798322704457],[-9.18289230007907,38.7982623938938],[-9.18292204130032,38.7982652561741],[-9.1829214030328,38.7983437225656],[-9.18289988674436,38.7985341936172],[-9.18288391862382,38.7986294782076],[-9.18285126328347,38.7987711221338],[-9.18279792849775,38.7989238247494],[-9.18275425360447,38.7990247937865],[-9.18272237351431,38.7991519858639],[-9.18219816079827,38.7990696059473],[-9.18194361080301,38.798822593579],[-9.18167516013648,38.798651553011],[-9.18164555936093,38.7986303319759],[-9.18163593501576,38.7985981869657],[-9.1816625505128,38.7984160214382],[-9.18179716470214,38.7984205413779],[-9.18186116484934,38.7984156699484],[-9.18192870716442,38.7984126844807]]]}},{"type":"Feature","id":"CRUS_Odivelas_V.399295","properties":{"Area_Ha":1.8649866908871,"Autor":"DGT","Categoria":"Espaço de Uso Especial Equipamentos e Infraestruturas","Classe":"Solo Urbano","DTCC":"1116","Data_PublicacaoPDM":"2024-09-06T00:00:00","Designacao_PlantaOrdenamento":"Espaço de Uso Especial - Equipamentos","Escala_PlantaOrdenamento":"1/10000","Fonte":"CM_Vetor","ID":399295,"Municipio":"ODIVELAS"},"geometry":{"type":"Polygon","coordinates":[[[-9.19209391213406,38.7903205117104],[-9.19204646818334,38.7902024005264],[-9.19199634053238,38.7900972849347],[-9.19195376467311,38.790020296254],[-9.1918711451696,38.7899127726099],[-9.19212269297462,38.7898395111514],[-9.19252366450454,38.7897297628883],[-9.19253315360393,38.7897331991294],[-9.19290078062095,38.7898663194542],[-9.19316792218117,38.7899676620142],[-9.19317320289681,38.7899744600157],[-9.19317111257469,38.78998880194],[-9.19315376712167,38.7900143610448],[-9.19318849895822,38.7900280077399],[-9.19321871458989,38.7900398931779],[-9.19326062771852,38.7900566276787],[-9.19348800656246,38.790146530954],[-9.19356381877917,38.7901751172762],[-9.1936655866746,38.790215538149],[-9.19371302041581,38.7902010555182],[-9.19375495372866,38.7901881541444],[-9.19380834076348,38.7902257707741],[-9.19381728249201,38.7902466778887],[-9.19359232752412,38.7905683123682],[-9.19340116000772,38.7908556820411],[-9.19328978488841,38.7910133377491],[-9.19320888538275,38.7910996447234],[-9.19313997607666,38.7911561179661],[-9.19291344597147,38.7913022069313],[-9.19255934396505,38.791522955932],[-9.19250304974783,38.7915299528978],[-9.19245391741548,38.7915308489128],[-9.1924118633553,38.7915201504978],[-9.19240515122951,38.7914943599598],[-9.19236809797289,38.7913551664504],[-9.19236442084835,38.7913322314064],[-9.19236073855196,38.7913090246309],[-9.19218360908871,38.790649288437],[-9.19211834341893,38.7903925308057],[-9.19211863901926,38.7903891954626],[-9.19209391213406,38.7903205117104]]]}},{"type":"Feature","id":"CRUS_Odivelas_V.399296","properties":{"Area_Ha":5.89298896407858,"Autor":"DGT","Categoria":"Espaço Habitacional","Classe":"Solo Urbano","DTCC":"1116","Data_PublicacaoPDM":"2024-09-06T00:00:00","Designacao_PlantaOrdenamento":"Espaço Habitacional - Nivel 1","Escala_PlantaOrdenamento":"1/10000","Fonte":"CM_Vetor","ID":399296,"Municipio":"ODIVELAS"},"geometry":{"type":"Polygon","coordinates":[[[-9.19704911462829,38.7986635214212],[-9.19658790345202,38.7973053546473],[-9.19627311097649,38.7963783253945],[-9.19901072965859,38.7964663699898],[-9.1992782276483,38.7980353712101],[-9.19958817807064,38.7987230580949],[-9.19845019543695,38.7990417662639],[-9.19835755041462,38.7990006417049],[-9.19778025396454,38.798744373578],[-9.1975596983563,38.7986202775861],[-9.1974157697359,38.7986266459833],[-9.19709591170271,38.7986588145535],[-9.19704911462829,38.7986635214212]]]}},{"type":"Feature","id":"CRUS_Odivelas_V.399297","properties":{"Area_Ha":4.96766055784167,"Autor":"DGT","Categoria":"Espaço de Uso Especial Equipamentos e Infraestruturas","Classe":"Solo Urbano","DTCC":"1116","Data_PublicacaoPDM":"2024-09-06T00:00:00","Designacao_PlantaOrdenamento":"Espaço de Uso Especial - Equipamentos","Escala_PlantaOrdenamento":"1/10000","Fonte":"CM_Vetor","ID":399297,"Municipio":"ODIVELAS"},"geometry":{"type":"Polygon","coordinates":[[[-9.16297393582935,38.8069204525592],[-9.16357985013312,38.8059475698925],[-9.16315387654571,38.8058088109295],[-9.16323413217805,38.8057044251313],[-9.16328416258855,38.8056348170393],[-9.16332361876756,38.8055501828466],[-9.1633382298803,38.8054813583693],[-9.16333721170467,38.8054107439847],[-9.16333760081586,38.8053240696697],[-9.16334573681655,38.8052453656974],[-9.16335801428356,38.8051799639818],[-9.16337231256619,38.8051296457097],[-9.16344432634191,38.8051062120262],[-9.16354093107914,38.8048046276736],[-9.16427030586966,38.8049031420591],[-9.16429501577783,38.8049083288209],[-9.16430242419107,38.8049111455413],[-9.16431197337102,38.8048948475984],[-9.16436356859716,38.8048085483766],[-9.16437734628197,38.8047821239253],[-9.16439146230517,38.8047551565397],[-9.16440502985335,38.804730085604],[-9.16438334508846,38.8047032536479],[-9.16449813493358,38.8043855299855],[-9.16453783248873,38.8044001318211],[-9.16469048839882,38.8044565219024],[-9.1652929823881,38.8046770180601],[-9.16536472512013,38.8048041621415],[-9.16539565069979,38.8048589667611],[-9.16547149738657,38.8049933222152],[-9.16589260343075,38.8057098535531],[-9.16589496489737,38.8057138849633],[-9.16544822564314,38.8065533921719],[-9.16544755156229,38.8065546595019],[-9.16524849505748,38.8066255986999],[-9.16443554108755,38.8069234624638],[-9.163472694222,38.8072645649941],[-9.16347044968346,38.8072653603926],[-9.16346251847037,38.8072664712331],[-9.16346251719339,38.807266471412],[-9.16326601286236,38.8072266078393],[-9.16319903045511,38.8071960325015],[-9.16302529971036,38.8069558012819],[-9.16297393582935,38.8069204525592]]]}},{"type":"Feature","id":"CRUS_Odivelas_V.399298","properties":{"Area_Ha":3.91437408150597,"Autor":"DGT","Categoria":"Espaço Urbano de Baixa Densidade","Classe":"Solo Urbano","DTCC":"1116","Data_PublicacaoPDM":"2024-09-06T00:00:00","Designacao_PlantaOrdenamento":"Espaço Urbano de Baixa Densidade","Escala_PlantaOrdenamento":"1/10000","Fonte":"CM_Vetor","ID":399298,"Municipio":"ODIVELAS"},"geometry":{"type":"Polygon","coordinates":[[[-9.22483930419143,38.8179868585781],[-9.22544935071782,38.8177325459133],[-9.22531821780862,38.8174638894966],[-9.22571745857855,38.8173923548076],[-9.22568107958397,38.8173465888526],[-9.22577650439916,38.8173547335722],[-9.22604207346541,38.8173723345352],[-9.22606846182835,38.8174189540999],[-9.22596946869249,38.8176609129501],[-9.22600126325685,38.8177092074119],[-9.2260073199689,38.8177052718475],[-9.22625572381101,38.8176111443025],[-9.22655914627242,38.8175204072519],[-9.22680787848523,38.8174477611051],[-9.22697432329939,38.8173856517491],[-9.22720896945707,38.8172288156936],[-9.22737482224385,38.8171405215058],[-9.22753522997618,38.8171048121039],[-9.22767629583232,38.8170747643741],[-9.22769721751038,38.8170703075134],[-9.22781099575364,38.8170509168203],[-9.22788766792208,38.8170575272366],[-9.22795530210091,38.8170862135812],[-9.22804121421962,38.8171454320255],[-9.22804226751812,38.8171461589296],[-9.22782647356784,38.8172356714817],[-9.22779834003312,38.8172658512283],[-9.22779623372619,38.8172681101826],[-9.22765684546765,38.8174176424666],[-9.22760289562742,38.8174755179288],[-9.22725248355766,38.8178514241115],[-9.22733868406687,38.8179166429071],[-9.22672904023752,38.8187011963254],[-9.22668312695281,38.8187889293864],[-9.22665527071481,38.8189241616164],[-9.22664455784585,38.8189903332215],[-9.22636478938484,38.8192062903881],[-9.22625004719293,38.8192898521775],[-9.22598525929579,38.8194826837856],[-9.22593849459603,38.819677145732],[-9.2258163284831,38.8198269155803],[-9.22567809566803,38.8199963808551],[-9.225302294398,38.8197893798174],[-9.22533847291343,38.8197149794902],[-9.22542278392747,38.8194167961813],[-9.22492356414224,38.8189785433673],[-9.22478326477073,38.8189935778749],[-9.22486808429203,38.8188888277775],[-9.22496462819563,38.818770679911],[-9.22504684467961,38.8186343467483],[-9.22504950872492,38.8185024211573],[-9.22503723029311,38.8183120129035],[-9.22503131431134,38.8182314618178],[-9.22483930419143,38.8179868585781]]]}},{"type":"Feature","id":"CRUS_Odivelas_V.399299","properties":{"Area_Ha":1.70673126660024,"Autor":"DGT","Categoria":"Espaço de Uso Especial Equipamentos e Infraestruturas","Classe":"Solo Urbano","DTCC":"1116","Data_PublicacaoPDM":"2024-09-06T00:00:00","Designacao_PlantaOrdenamento":"Espaço de Uso Especial - Equipamentos","Escala_PlantaOrdenamento":"1/10000","Fonte":"CM_Vetor","ID":399299,"Municipio":"ODIVELAS"},"geometry":{"type":"Polygon","coordinates":[[[-9.16535822337114,38.800165765397],[-9.16538291877004,38.8001263109792],[-9.16551031758105,38.7999932692317],[-9.16568172144158,38.7996745238735],[-9.1657837156282,38.7993610282306],[-9.16591867418863,38.7988435683978],[-9.16594436869105,38.7985360724196],[-9.16649931016748,38.7986448345827],[-9.16664212537937,38.7986919306626],[-9.16666754391211,38.7986964686957],[-9.16666684148391,38.798700080255],[-9.16678854516487,38.7987402136129],[-9.16693455839462,38.7987732822199],[-9.16706877257113,38.7988128070786],[-9.16710257171772,38.7988257492387],[-9.16714834241243,38.798854619432],[-9.16715578905038,38.7988613145661],[-9.16717852044819,38.7988688089433],[-9.16718852846485,38.7989009626141],[-9.16698524416165,38.7996253846165],[-9.16692542440343,38.7998233311896],[-9.16682587213886,38.7998675014421],[-9.1660171130517,38.8000791105113],[-9.16563181811422,38.8001799200133],[-9.16553634473344,38.8002562457056],[-9.1654187518481,38.8002047837727],[-9.16535822337114,38.800165765397]]]}},{"type":"Feature","id":"CRUS_Odivelas_V.399300","properties":{"Area_Ha":6.27230784424329,"Autor":"DGT","Categoria":"Espaço Habitacional","Classe":"Solo Urbano","DTCC":"1116","Data_PublicacaoPDM":"2024-09-06T00:00:00","Designacao_PlantaOrdenamento":"Espaço Habitacional a Reconverter","Escala_PlantaOrdenamento":"1/10000","Fonte":"CM_Vetor","ID":399300,"Municipio":"ODIVELAS"},"geometry":{"type":"Polygon","coordinates":[[[-9.2017156493487,38.8116496378619],[-9.20171451556155,38.8114289502456],[-9.2021610192241,38.8108006312799],[-9.2022050966761,38.8103304786409],[-9.20209941088421,38.80995375557],[-9.20220087606882,38.8095410853752],[-9.20213802114648,38.8093126222787],[-9.20249195566993,38.809070762212],[-9.20257125495105,38.809045259494],[-9.20256161475567,38.8090292993703],[-9.20233570624448,38.8085978524961],[-9.20233477360312,38.8085958303808],[-9.20244160413546,38.8085506487076],[-9.20251572647007,38.8085052580015],[-9.20256459934117,38.8084664837823],[-9.20258926007507,38.8084490557393],[-9.20259395049395,38.8084452404327],[-9.20256264797544,38.8083924727233],[-9.20254612297366,38.8083735616941],[-9.20237002438551,38.8084864602645],[-9.20227198317684,38.8084595776102],[-9.20224192205413,38.8083943463827],[-9.20224057618745,38.808388766056],[-9.20221417239399,38.808354822496],[-9.2021223224985,38.8082284949185],[-9.20188879586521,38.8078351005497],[-9.20185254168951,38.8078049859775],[-9.20166433119095,38.8076680760927],[-9.20137173458862,38.8074116131317],[-9.20121265026863,38.8069926071864],[-9.20138858019782,38.8069909977397],[-9.20157722256947,38.8071603738039],[-9.20166107070285,38.8071668880347],[-9.20186706829244,38.8072523732389],[-9.20204504477981,38.807330834273],[-9.20221935232792,38.8074748584221],[-9.20229278579361,38.8077180975225],[-9.20256253287581,38.8080214280426],[-9.20268523479158,38.8081367994946],[-9.20279019819288,38.8083105810385],[-9.20296336392693,38.808378163053],[-9.2031480161272,38.8085912586751],[-9.20339714467414,38.8087600777018],[-9.2035722234666,38.8089550594153],[-9.20375151609099,38.8091208778886],[-9.20379091735764,38.8092169677384],[-9.20367706719786,38.809431000943],[-9.20376873317699,38.8096485899242],[-9.20401910821467,38.8096366547189],[-9.20403765919169,38.8097191481209],[-9.20416885574786,38.8102666895902],[-9.20422686163417,38.8106699619023],[-9.20411139097243,38.8106693474297],[-9.20418552450524,38.8116228736924],[-9.20270666780339,38.8117116334593],[-9.20236098826666,38.8116438785505],[-9.2017156493487,38.8116496378619]]]}},{"type":"Feature","id":"CRUS_Odivelas_V.399301","properties":{"Area_Ha":1.11424592497874,"Autor":"DGT","Categoria":"Espaço de Uso Especial Equipamentos e Infraestruturas","Classe":"Solo Urbano","DTCC":"1116","Data_PublicacaoPDM":"2024-09-06T00:00:00","Designacao_PlantaOrdenamento":"Espaço de Uso Especial - Equipamentos","Escala_PlantaOrdenamento":"1/10000","Fonte":"CM_Vetor","ID":399301,"Municipio":"ODIVELAS"},"geometry":{"type":"Polygon","coordinates":[[[-9.16306675728883,38.8031633364594],[-9.16344134377833,38.8031523137535],[-9.16341368193625,38.8035135236765],[-9.16350043309078,38.8035264757296],[-9.16349352966508,38.8035796957929],[-9.16348481175703,38.8036021956953],[-9.1634338702455,38.8036976858841],[-9.16303095837841,38.8044043101349],[-9.16234221038817,38.8042860616285],[-9.16221133577993,38.8039485424142],[-9.16216721410922,38.8039283535813],[-9.1621282472904,38.803809519092],[-9.16212334745183,38.8037666583834],[-9.16213040984216,38.8037314763569],[-9.16214048428744,38.8037078711748],[-9.16218762716968,38.8036511654507],[-9.16228494628381,38.8035817841131],[-9.16254335485726,38.8034165989063],[-9.16269555114916,38.8033168787687],[-9.16275608032035,38.8032749665077],[-9.16278421979621,38.8032507108788],[-9.1628123962857,38.8032290282274],[-9.16286558671482,38.8031942630635],[-9.1628862299075,38.8031820768477],[-9.1629181091015,38.8031732930987],[-9.16296820370383,38.8031676353963],[-9.16306675728883,38.8031633364594]]]}},{"type":"Feature","id":"CRUS_Odivelas_V.399302","properties":{"Area_Ha":1.50557429784744,"Autor":"DGT","Categoria":"Espaço Habitacional","Classe":"Solo Urbano","DTCC":"1116","Data_PublicacaoPDM":"2024-09-06T00:00:00","Designacao_PlantaOrdenamento":"Espaço Habitacional a Reconverter","Escala_PlantaOrdenamento":"1/10000","Fonte":"CM_Vetor","ID":399302,"Municipio":"ODIVELAS"},"geometry":{"type":"Polygon","coordinates":[[[-9.20466218349084,38.8116994839519],[-9.20465364152988,38.8115032484082],[-9.2046016289052,38.8112462564102],[-9.20458198783461,38.8109137621116],[-9.20458153473234,38.8109060879002],[-9.20457876157905,38.8108945307755],[-9.2045304782812,38.8106930742572],[-9.20449381916137,38.8104915093036],[-9.20449141601538,38.8104783036749],[-9.2044596499008,38.810259313669],[-9.20441146847236,38.8099271640714],[-9.20452357656511,38.8097964542809],[-9.2046309233627,38.8097760779128],[-9.20473712200845,38.809751936902],[-9.20485784432091,38.8097396992866],[-9.20494401391398,38.8097945552547],[-9.20505201737189,38.8098825978202],[-9.20509543588139,38.8099322803743],[-9.20515466367094,38.8100875470817],[-9.20528382599854,38.8106372602348],[-9.20542135420903,38.8112703670228],[-9.20553203503671,38.8115364541739],[-9.20560913325069,38.8117155893675],[-9.20541185097328,38.8117716554043],[-9.20534792215132,38.8117831971986],[-9.20537883558706,38.8118329429294],[-9.20540412301876,38.8118615913784],[-9.20509669940111,38.8119605583831],[-9.20499610838462,38.8117172851424],[-9.20480021778961,38.8117068424088],[-9.20466218349084,38.8116994839519]]]}},{"type":"Feature","id":"CRUS_Odivelas_V.399303","properties":{"Area_Ha":18.2383407881411,"Autor":"DGT","Categoria":"Espaço Habitacional","Classe":"Solo Urbano","DTCC":"1116","Data_PublicacaoPDM":"2024-09-06T00:00:00","Designacao_PlantaOrdenamento":"Espaço Habitacional a Reconverter","Escala_PlantaOrdenamento":"1/10000","Fonte":"CM_Vetor","ID":399303,"Municipio":"ODIVELAS"},"geometry":{"type":"Polygon","coordinates":[[[-9.18791792399074,38.7764742489993],[-9.18804749641151,38.776379848494],[-9.18816119396565,38.7762396894984],[-9.18840706929693,38.7760674389482],[-9.18884543359894,38.775604496107],[-9.18893685256292,38.7753867042285],[-9.18893824805966,38.7752214728499],[-9.18897572907203,38.7751814888456],[-9.19019450082234,38.7748525093985],[-9.19074783089238,38.7745664756556],[-9.19132587671949,38.7739566645025],[-9.19139035486459,38.7739256423135],[-9.19163485057297,38.7740206867004],[-9.19188956975566,38.7740443498045],[-9.19215470425966,38.7740246302383],[-9.19233329994608,38.774135557672],[-9.19273652004814,38.7744781976267],[-9.19300704734911,38.7748220406365],[-9.19326549083916,38.7750967324487],[-9.193527516567,38.7754646545022],[-9.19395586732981,38.77525923171],[-9.19418233858279,38.7755628522575],[-9.1942418901672,38.7757274110292],[-9.19427729475661,38.775772902702],[-9.19440217267559,38.7759436093343],[-9.19441785652582,38.7760316495008],[-9.19440815909205,38.7760408109987],[-9.19396875573813,38.7764322908802],[-9.19387785234897,38.7764970652686],[-9.19387765944391,38.776497202457],[-9.19383817519405,38.7765254664564],[-9.19379544938819,38.7765559693065],[-9.19379151811637,38.7765589105791],[-9.19370814014502,38.7766243433776],[-9.19370730561631,38.7766250055693],[-9.19370537282625,38.7766265914801],[-9.19361422184736,38.7767032638556],[-9.1936110699788,38.7767060273991],[-9.19360636388859,38.7767106262337],[-9.19360204763033,38.7767154562864],[-9.19359814628996,38.7767204974706],[-9.19359467336714,38.7767257270881],[-9.19359164701058,38.7767311242067],[-9.19358907723959,38.776736664358],[-9.19358799434433,38.7767394046085],[-9.19357563367525,38.7767725762272],[-9.19357004644586,38.7767747686531],[-9.19356897537322,38.7767751919096],[-9.19355577725873,38.7767808691409],[-9.19354308265406,38.7767872099597],[-9.19353109965767,38.7767940905877],[-9.19351524980608,38.7768038243091],[-9.19341774672379,38.7768633924087],[-9.19341713173506,38.7768637690886],[-9.1934056031949,38.7768713516611],[-9.1934011556612,38.7768745621591],[-9.19319889129147,38.777024394527],[-9.19319266656125,38.7770291849958],[-9.1930066104178,38.7771778794923],[-9.19300641434406,38.7771780365735],[-9.19299624715944,38.7771867336003],[-9.19298683023303,38.7771959321625],[-9.19298446364714,38.7771984492942],[-9.19291447223699,38.7772742998742],[-9.19291422019476,38.7772745721328],[-9.19290278310965,38.7772870169434],[-9.19289677135987,38.7772938866911],[-9.19289459951191,38.7772965465208],[-9.19277528905822,38.7774455355167],[-9.19277272612402,38.7774488155833],[-9.19262958010032,38.7776363458299],[-9.19257613182606,38.7776921287411],[-9.19234642472747,38.7778394933606],[-9.19233856793009,38.7778447680962],[-9.1923362005458,38.7778464545363],[-9.19221551164215,38.7779336624458],[-9.19221072086442,38.7779372263438],[-9.19206029818961,38.7780523572499],[-9.19205658659824,38.7780552657753],[-9.19204764844405,38.7780628473115],[-9.19194589612659,38.7781542968055],[-9.19194466568533,38.778155411321],[-9.19193524735578,38.7781646107152],[-9.19192661790435,38.7781742706731],[-9.19191881597969,38.7781843529201],[-9.19191598090123,38.7781884227781],[-9.19178310459231,38.7783851842705],[-9.19178029142287,38.7783894886849],[-9.19152922240944,38.778786717411],[-9.19148188238789,38.7788374179503],[-9.19146618132453,38.7788496971786],[-9.19144140312928,38.7788543142871],[-9.19128520983004,38.7788744616275],[-9.19110857363575,38.7788884914815],[-9.19089886277991,38.7788877516709],[-9.19089516134961,38.7788877626052],[-9.19089338411975,38.7788877841091],[-9.19071713012331,38.77889044669],[-9.19051218079285,38.7788901669196],[-9.19050911495146,38.7788901784086],[-9.19050021771019,38.7788903943548],[-9.19035643177067,38.7788960546309],[-9.19023758406157,38.7788992598279],[-9.19022780173914,38.7788996869163],[-9.19021944805989,38.7789003114605],[-9.19009808632067,38.7789111382142],[-9.19009147159301,38.7789118048081],[-9.19007664249171,38.7789138594465],[-9.19006313363156,38.7789164258337],[-9.19001288977939,38.7789272403581],[-9.19001228381495,38.7789273713455],[-9.18998635899633,38.7789330097846],[-9.18998584964957,38.7789331218388],[-9.18997149020154,38.7789366737681],[-9.18995745524562,38.7789409532214],[-9.18995540766136,38.7789416489288],[-9.1898553404245,38.7789760629949],[-9.18984374418235,38.7789803574014],[-9.18983665772041,38.7789832945697],[-9.18966319397265,38.7790582775427],[-9.18965708272489,38.7790610153675],[-9.18927619744287,38.7782788032474],[-9.18869664018575,38.7774694956761],[-9.18802130960323,38.7765795964889],[-9.18791792399074,38.7764742489993]]]}},{"type":"Feature","id":"CRUS_Odivelas_V.399304","properties":{"Area_Ha":7.73567411127121,"Autor":"DGT","Categoria":"Espaço Habitacional","Classe":"Solo Urbano","DTCC":"1116","Data_PublicacaoPDM":"2024-09-06T00:00:00","Designacao_PlantaOrdenamento":"Espaço Habitacional - Nivel 2","Escala_PlantaOrdenamento":"1/10000","Fonte":"CM_Vetor","ID":399304,"Municipio":"ODIVELAS"},"geometry":{"type":"Polygon","coordinates":[[[-9.21756259693307,38.792805685067],[-9.21783785156739,38.7927837661138],[-9.21818385533658,38.7924924497379],[-9.21926430999828,38.7910064278232],[-9.21946468414175,38.7910965828286],[-9.21959771844724,38.7911692530175],[-9.21956086472981,38.7912835543274],[-9.22048899593408,38.7914418694166],[-9.2205235366797,38.7913222070802],[-9.2210865346128,38.7915126095948],[-9.22120564465318,38.7916429295426],[-9.2212041584101,38.7917216765951],[-9.22116014593963,38.7917982644153],[-9.22111963653156,38.7918700278319],[-9.22113597945744,38.7919738046777],[-9.22127712466188,38.7921764016801],[-9.2214223912322,38.7922657735169],[-9.22157980162805,38.7923020860652],[-9.2217283226236,38.7925089595138],[-9.2224490290881,38.7931385349549],[-9.222720860213,38.793255730295],[-9.22288113791691,38.7933248316349],[-9.2229492320958,38.7933725385118],[-9.2230327332872,38.7934301655085],[-9.22302067334981,38.7935494779725],[-9.22308973263493,38.7936257593038],[-9.22292124462783,38.7937448794926],[-9.22275424017966,38.7937928025927],[-9.22262222801078,38.7938771441448],[-9.2224497581871,38.7939876219776],[-9.22157591209474,38.7932704090505],[-9.22143121845013,38.7936760058787],[-9.22142786755959,38.7941008806162],[-9.22106045865472,38.7940072543867],[-9.22104796926588,38.7938016652356],[-9.21971526580331,38.7934814838077],[-9.2180411839926,38.7932068059263],[-9.21796388170954,38.7930634258123],[-9.21787314729874,38.7930431454511],[-9.2177321574082,38.7930532207099],[-9.21767164818542,38.7930520298334],[-9.21756259693307,38.792805685067]]]}},{"type":"Feature","id":"CRUS_Odivelas_V.399305","properties":{"Area_Ha":2.15368937258053,"Autor":"DGT","Categoria":"Espaço Habitacional","Classe":"Solo Urbano","DTCC":"1116","Data_PublicacaoPDM":"2024-09-06T00:00:00","Designacao_PlantaOrdenamento":"Espaço Habitacional a Reconverter","Escala_PlantaOrdenamento":"1/10000","Fonte":"CM_Vetor","ID":399305,"Municipio":"ODIVELAS"},"geometry":{"type":"Polygon","coordinates":[[[-9.15464283836725,38.7950675524129],[-9.15519929633086,38.7945259203444],[-9.15554529539355,38.7947393261988],[-9.1558018125753,38.7948842550474],[-9.15605919932929,38.7950897786483],[-9.15650742809329,38.7956012145953],[-9.15663421545333,38.7958648313385],[-9.15663685774201,38.7960493148889],[-9.15667886958367,38.7961161221196],[-9.15657692192365,38.7961256055312],[-9.15606573062347,38.7961932819026],[-9.15586764973938,38.7962278126312],[-9.1555020227866,38.7963143464257],[-9.15536797603786,38.7963561948333],[-9.15466018659547,38.7954569537983],[-9.15464283836725,38.7950675524129]]]}},{"type":"Feature","id":"CRUS_Odivelas_V.399306","properties":{"Area_Ha":0.241440990716743,"Autor":"DGT","Categoria":"Espaço Central","Classe":"Solo Urbano","DTCC":"1116","Data_PublicacaoPDM":"2024-09-06T00:00:00","Designacao_PlantaOrdenamento":"Espaços Centrais - Nivel 2","Escala_PlantaOrdenamento":"1/10000","Fonte":"CM_Vetor","ID":399306,"Municipio":"ODIVELAS"},"geometry":{"type":"Polygon","coordinates":[[[-9.23068534897255,38.8122700118981],[-9.23095533797233,38.812258776385],[-9.23106019843211,38.8131957089478],[-9.23082230418594,38.8132659995721],[-9.23068534897255,38.8122700118981]]]}},{"type":"Feature","id":"CRUS_Odivelas_V.399307","properties":{"Area_Ha":0.538058116191887,"Autor":"DGT","Categoria":"Espaço Habitacional","Classe":"Solo Urbano","DTCC":"1116","Data_PublicacaoPDM":"2024-09-06T00:00:00","Designacao_PlantaOrdenamento":"Espaço Habitacional - Nivel 2","Escala_PlantaOrdenamento":"1/10000","Fonte":"CM_Vetor","ID":399307,"Municipio":"ODIVELAS"},"geometry":{"type":"Polygon","coordinates":[[[-9.16854545024292,38.8019280004864],[-9.16792451967349,38.8016660498744],[-9.16754268655998,38.8015049640799],[-9.16753290574827,38.8015688435025],[-9.16753582090293,38.8016706241902],[-9.16753904443436,38.8017831974091],[-9.16731601324202,38.8016827035155],[-9.1673152140769,38.80140129331],[-9.16671924892555,38.8011017661047],[-9.1667758415653,38.8010124193844],[-9.16690940288932,38.8008624253436],[-9.16699464278398,38.800905041766],[-9.16714416197023,38.8009780692104],[-9.16736459191389,38.8011130237061],[-9.16758561452091,38.8012245897127],[-9.16855835274646,38.801733945203],[-9.16855948274394,38.8017384344197],[-9.16856858176866,38.8018102349227],[-9.16857719218979,38.8019413911291],[-9.16854545024292,38.8019280004864]]]}},{"type":"Feature","id":"CRUS_Odivelas_V.399308","properties":{"Area_Ha":10.4332035211434,"Autor":"DGT","Categoria":"Espaço Habitacional","Classe":"Solo Urbano","DTCC":"1116","Data_PublicacaoPDM":"2024-09-06T00:00:00","Designacao_PlantaOrdenamento":"Espaço Habitacional a Reconverter","Escala_PlantaOrdenamento":"1/10000","Fonte":"CM_Vetor","ID":399308,"Municipio":"ODIVELAS"},"geometry":{"type":"Polygon","coordinates":[[[-9.17497775587763,38.7837881422257],[-9.17485772375954,38.7836382751481],[-9.17508525668471,38.7835196742678],[-9.17509961944747,38.7835124311965],[-9.17505057637062,38.7834552189834],[-9.17498009354889,38.7834050203636],[-9.17527393089154,38.7832483947271],[-9.17495409149887,38.7828183453108],[-9.17565379883588,38.7824782388665],[-9.17565730436798,38.7824334733989],[-9.1750222838985,38.7814554580501],[-9.1749936975275,38.7813021336953],[-9.17501013575622,38.7812717122669],[-9.17563246613498,38.7811649183726],[-9.1756678576431,38.7812556791182],[-9.17594883770168,38.7812110281746],[-9.17620274840089,38.7816044452162],[-9.1769927837443,38.7813164950453],[-9.17719726890397,38.7815993511283],[-9.17758249512215,38.7815552365264],[-9.17922680596162,38.7810359325348],[-9.17993658953841,38.7813397295066],[-9.18035670273242,38.7816025418812],[-9.18048444732459,38.781927215006],[-9.18045105790516,38.7822311196199],[-9.18044926932956,38.7824615630769],[-9.18008325001849,38.7825236384254],[-9.17825930507547,38.7831572707779],[-9.17775600916204,38.7834643012447],[-9.17714919125967,38.7836678871328],[-9.17683282659312,38.7837647567891],[-9.17649494324731,38.7838584597821],[-9.17618721305797,38.7839586076474],[-9.17589961682422,38.7840808572405],[-9.17615878908954,38.7844256718624],[-9.17573543150527,38.7844885379909],[-9.17557857534015,38.7845395004504],[-9.17509916387491,38.7839536426709],[-9.17498881316791,38.7838032153724],[-9.17497775587763,38.7837881422257]]]}},{"type":"Feature","id":"CRUS_Odivelas_V.399309","properties":{"Area_Ha":0.92503180143094,"Autor":"DGT","Categoria":"Espaço Habitacional","Classe":"Solo Urbano","DTCC":"1116","Data_PublicacaoPDM":"2024-09-06T00:00:00","Designacao_PlantaOrdenamento":"Espaço Habitacional a Reconverter","Escala_PlantaOrdenamento":"1/10000","Fonte":"CM_Vetor","ID":399309,"Municipio":"ODIVELAS"},"geometry":{"type":"Polygon","coordinates":[[[-9.18339580373898,38.7876734396285],[-9.18339742953947,38.7876725175831],[-9.18360932255872,38.7875524570477],[-9.18379839578081,38.7877861286071],[-9.18393304620096,38.7879796065562],[-9.18401781270695,38.7880631134608],[-9.18408288442122,38.7880697921666],[-9.18451657984325,38.7878958947225],[-9.18456067562614,38.7877385835857],[-9.1847673534052,38.7876012391036],[-9.18477324741831,38.7876312360401],[-9.18492559900888,38.7884064898582],[-9.18495003077571,38.7885308128792],[-9.18512623210232,38.7886713565675],[-9.18522759525483,38.7887522048441],[-9.18530297574862,38.7888123303053],[-9.18498844243041,38.7890100143964],[-9.18473628931757,38.7889177793617],[-9.18469761929423,38.7888944366539],[-9.18453626663503,38.7888637339942],[-9.18455567542706,38.7887825794332],[-9.18442749489544,38.7886910447591],[-9.18426988868194,38.7885415645032],[-9.18413640583703,38.7883845245214],[-9.18378570373129,38.788093759149],[-9.18367252892954,38.7879273379902],[-9.18353834168581,38.7877733058309],[-9.18352912486207,38.7877661292319],[-9.18339932365225,38.7876758864968],[-9.18339721287037,38.7876744192682],[-9.18339580373898,38.7876734396285]]]}},{"type":"Feature","id":"CRUS_Odivelas_V.399310","properties":{"Area_Ha":1.2251608649923,"Autor":"DGT","Categoria":"Aglomerado Rural","Classe":"Solo Rústico","DTCC":"1116","Data_PublicacaoPDM":"2024-09-06T00:00:00","Designacao_PlantaOrdenamento":"Aglomerado Rural","Escala_PlantaOrdenamento":"1/10000","Fonte":"CM_Vetor","ID":399310,"Municipio":"ODIVELAS"},"geometry":{"type":"Polygon","coordinates":[[[-9.21643694497702,38.8175916367973],[-9.2164824887929,38.8175607701013],[-9.21666863098646,38.8175736627314],[-9.21673978824421,38.8175785917135],[-9.21675437554109,38.8175796021943],[-9.21680732004243,38.8175841059617],[-9.21685812549889,38.8175884272988],[-9.21693408289913,38.8175948863071],[-9.21694014178995,38.8175954016351],[-9.21698760407138,38.8175994388177],[-9.21727504957969,38.8176238850041],[-9.21720123916252,38.8177964805408],[-9.21738146996724,38.8181011157291],[-9.21743262453547,38.8182189908149],[-9.21752339353048,38.8184286889142],[-9.21754799530088,38.8184758001318],[-9.21759037669726,38.8185401878092],[-9.21754746304643,38.8185756967586],[-9.21725013078459,38.8189380622437],[-9.21702676914757,38.8189080193154],[-9.21701213242114,38.8189060504387],[-9.21681737614718,38.8188441569841],[-9.21648105086474,38.8186808303942],[-9.21632621775824,38.8185929818959],[-9.21630440677602,38.8185827726762],[-9.21615250917382,38.8184952353154],[-9.2161982573786,38.8183383160174],[-9.2163412798223,38.8183208341293],[-9.21637389533868,38.8183168469139],[-9.21639730685078,38.8180634058544],[-9.21640880563605,38.8179829772055],[-9.21640992125228,38.817975179258],[-9.21644913043227,38.8177009556574],[-9.21643694497702,38.8175916367973]]]}},{"type":"Feature","id":"CRUS_Odivelas_V.399311","properties":{"Area_Ha":3.95578746266887,"Autor":"DGT","Categoria":"Espaço Florestal","Classe":"Solo Rústico","DTCC":"1116","Data_PublicacaoPDM":"2024-09-06T00:00:00","Designacao_PlantaOrdenamento":"Espaços Florestais com Funções Predominantes de Recreio e Valorização da Paisagem Grande Lisboa","Escala_PlantaOrdenamento":"1/10000","Fonte":"CM_Vetor","ID":399311,"Municipio":"ODIVELAS"},"geometry":{"type":"Polygon","coordinates":[[[-9.16643333464386,38.803919834668],[-9.16660543816946,38.8035439905785],[-9.16681554061119,38.8032060367796],[-9.16690045757445,38.8028935455952],[-9.16728507724775,38.8023104471133],[-9.16729793177147,38.8021169837988],[-9.16731645480293,38.8018381645995],[-9.16731601324202,38.8016827035155],[-9.16753904443436,38.8017831974091],[-9.16753582090293,38.8016706241902],[-9.16753290574827,38.8015688435025],[-9.16754268655998,38.8015049640799],[-9.16792451967349,38.8016660498744],[-9.16854545024292,38.8019280004864],[-9.16855522656259,38.8019451080733],[-9.16842661388927,38.8024276184943],[-9.16861620112247,38.803086198262],[-9.16865991832239,38.8043310281454],[-9.16865735671242,38.8044102663452],[-9.16763841982416,38.8042192594599],[-9.16643333464386,38.803919834668]]]}},{"type":"Feature","id":"CRUS_Odivelas_V.399312","properties":{"Area_Ha":1.01302492862144,"Autor":"DGT","Categoria":"Espaço de Atividades Económicas","Classe":"Solo Urbano","DTCC":"1116","Data_PublicacaoPDM":"2024-09-06T00:00:00","Designacao_PlantaOrdenamento":"Espaço de Atividades Económicas a Requalificar","Escala_PlantaOrdenamento":"1/10000","Fonte":"CM_Vetor","ID":399312,"Municipio":"ODIVELAS"},"geometry":{"type":"Polygon","coordinates":[[[-9.20815311443559,38.7802301848349],[-9.20810568470923,38.7803253506799],[-9.20811128222715,38.7803962241961],[-9.20808532881369,38.7804780288354],[-9.20786797205978,38.7807867841812],[-9.20778505412007,38.7809684687134],[-9.20772835324798,38.7809441834344],[-9.20745051622174,38.7808251803146],[-9.20742244995953,38.7807904566506],[-9.2073941256923,38.7806877989958],[-9.2073488683895,38.7805237605149],[-9.2072410260422,38.7802931654536],[-9.20719990732027,38.7802408672506],[-9.20683854910684,38.7799781428574],[-9.20718968938629,38.7793276228551],[-9.20725539097305,38.7792694209604],[-9.20730538690483,38.779332044574],[-9.20737360297874,38.7794411272926],[-9.20758426788496,38.7797024927151],[-9.20770606946572,38.7798242840452],[-9.20770751346437,38.7798258075304],[-9.20815311443559,38.7802301848349]]]}},{"type":"Feature","id":"CRUS_Odivelas_V.399313","properties":{"Area_Ha":0.382332940416045,"Autor":"DGT","Categoria":"Espaço Verde","Classe":"Solo Urbano","DTCC":"1116","Data_PublicacaoPDM":"2024-09-06T00:00:00","Designacao_PlantaOrdenamento":"Espaço Verde","Escala_PlantaOrdenamento":"1/10000","Fonte":"CM_Vetor","ID":399313,"Municipio":"ODIVELAS"},"geometry":{"type":"Polygon","coordinates":[[[-9.19417267579941,38.8062019514025],[-9.19469160948596,38.8063279647394],[-9.19472398646669,38.8063450416984],[-9.19475934837717,38.8067815391519],[-9.19466014198899,38.8068221308818],[-9.19464767069289,38.806886009763],[-9.1946498390321,38.8069388086997],[-9.19455119993687,38.8069426854278],[-9.19407362436602,38.806961455544],[-9.19413856718282,38.8066525785441],[-9.19413851031198,38.8066525564893],[-9.19413766766409,38.8066521497032],[-9.19414901993741,38.806605999813],[-9.19416551883202,38.8065314580117],[-9.19417267579941,38.8062019514025]]]}},{"type":"Feature","id":"CRUS_Odivelas_V.399314","properties":{"Area_Ha":3.802527969516,"Autor":"DGT","Categoria":"Espaço Habitacional","Classe":"Solo Urbano","DTCC":"1116","Data_PublicacaoPDM":"2024-09-06T00:00:00","Designacao_PlantaOrdenamento":"Espaço Habitacional - Nivel 1","Escala_PlantaOrdenamento":"1/10000","Fonte":"CM_Vetor","ID":399314,"Municipio":"ODIVELAS"},"geometry":{"type":"Polygon","coordinates":[[[-9.18942319781618,38.7974250012599],[-9.18872961071206,38.7962985144437],[-9.18913852133562,38.7961245159106],[-9.18919549729643,38.7961474171465],[-9.18938816432937,38.7962032598645],[-9.18989318754188,38.7964451277006],[-9.19012819418637,38.7964737154692],[-9.19048187934887,38.7964438088079],[-9.19097083853035,38.7963388955631],[-9.19124383284532,38.796290033584],[-9.19152168340442,38.7962931448379],[-9.19165397887486,38.7963385593507],[-9.19173153048562,38.7963947096933],[-9.19194787109032,38.796631591219],[-9.1922342375109,38.7969451424732],[-9.19228468712798,38.7971756228685],[-9.19228974503035,38.7973345271095],[-9.19229188033556,38.7974015329531],[-9.19224532571445,38.797460234537],[-9.19217952149639,38.797478125466],[-9.19007227826525,38.7975491077397],[-9.19002089846376,38.7984563720863],[-9.1900367663084,38.7984885104698],[-9.19006059704101,38.7985367633787],[-9.18987680305675,38.7985056916016],[-9.18959300796909,38.7981973121694],[-9.18965184641754,38.7977512826424],[-9.18942319781618,38.7974250012599]]]}},{"type":"Feature","id":"CRUS_Odivelas_V.399315","properties":{"Area_Ha":1.63402257419052,"Autor":"DGT","Categoria":"Espaço Central","Classe":"Solo Urbano","DTCC":"1116","Data_PublicacaoPDM":"2024-09-06T00:00:00","Designacao_PlantaOrdenamento":"Espaços Centrais - Nivel 2","Escala_PlantaOrdenamento":"1/10000","Fonte":"CM_Vetor","ID":399315,"Municipio":"ODIVELAS"},"geometry":{"type":"Polygon","coordinates":[[[-9.2089729532146,38.7821992691553],[-9.20856665418749,38.7824318073746],[-9.20836624357631,38.7822504382282],[-9.20821261653385,38.7821114076481],[-9.20833576772885,38.7820070368653],[-9.20843832238646,38.7816629298209],[-9.20837118837723,38.7815427364668],[-9.20819822169543,38.7815012037585],[-9.2081914189479,38.7814995706697],[-9.20812697726062,38.7814336492862],[-9.20808497967963,38.7813533302551],[-9.2083025406864,38.781254069161],[-9.20838147547419,38.7811629274793],[-9.20850475309821,38.7810459777224],[-9.20866918725544,38.7813305281484],[-9.20874604024348,38.7813100703424],[-9.20901675564125,38.7812380065572],[-9.20933253043857,38.7811514687445],[-9.20975627674101,38.7810927816899],[-9.20992611977433,38.7811693794569],[-9.20968944073669,38.7821180839107],[-9.2096017300763,38.7824696550964],[-9.2089729532146,38.7821992691553]]]}},{"type":"Feature","id":"CRUS_Odivelas_V.399316","properties":{"Area_Ha":4.73210687914072,"Autor":"DGT","Categoria":"Espaço Habitacional","Classe":"Solo Urbano","DTCC":"1116","Data_PublicacaoPDM":"2024-09-06T00:00:00","Designacao_PlantaOrdenamento":"Espaço Habitacional - Nivel 1","Escala_PlantaOrdenamento":"1/10000","Fonte":"CM_Vetor","ID":399316,"Municipio":"ODIVELAS"},"geometry":{"type":"Polygon","coordinates":[[[-9.16484505029777,38.7931091143298],[-9.16262775226094,38.7917708084686],[-9.16207416715357,38.7914366634915],[-9.16198928257903,38.7913854263761],[-9.16192767447991,38.7914318831309],[-9.16163512333615,38.7911523717414],[-9.16224850421662,38.7907288096795],[-9.16230437351368,38.7907780972633],[-9.16298219643984,38.7904103789497],[-9.16313373732198,38.7903754356662],[-9.16313483352562,38.7903776137744],[-9.16328830795918,38.7909236891001],[-9.16602356513012,38.7923173262398],[-9.16583510068601,38.7929135479798],[-9.16558115600106,38.7928748963568],[-9.16544903411642,38.7934737644269],[-9.16510644446367,38.7932731693609],[-9.16484505029777,38.7931091143298]]]}},{"type":"Feature","id":"CRUS_Odivelas_V.399317","properties":{"Area_Ha":24.7871425246026,"Autor":"DGT","Categoria":"Espaço Central","Classe":"Solo Urbano","DTCC":"1116","Data_PublicacaoPDM":"2024-09-06T00:00:00","Designacao_PlantaOrdenamento":"Espaços Centrais - Nivel1","Escala_PlantaOrdenamento":"1/10000","Fonte":"CM_Vetor","ID":399317,"Municipio":"ODIVELAS"},"geometry":{"type":"Polygon","coordinates":[[[-9.19006059704101,38.7985367633787],[-9.1900367663084,38.7984885104698],[-9.19002089846376,38.7984563720863],[-9.19007227826525,38.7975491077397],[-9.19217952149639,38.797478125466],[-9.19224532571445,38.797460234537],[-9.19229188033556,38.7974015329531],[-9.19228974503035,38.7973345271095],[-9.19228468712798,38.7971756228685],[-9.1922342375109,38.7969451424732],[-9.19194787109032,38.796631591219],[-9.19173153048562,38.7963947096933],[-9.19165397887486,38.7963385593507],[-9.19152168340442,38.7962931448379],[-9.19124383284532,38.796290033584],[-9.19097083853035,38.7963388955631],[-9.19048187934887,38.7964438088079],[-9.19012819418637,38.7964737154692],[-9.18989318754188,38.7964451277006],[-9.18938816432937,38.7962032598645],[-9.1895083748621,38.7960248585015],[-9.18963180860016,38.7960055649281],[-9.19020808300708,38.7962364938706],[-9.19056686783848,38.7955790344095],[-9.190740826522,38.7952560065906],[-9.19288740273172,38.794936287246],[-9.19340316044392,38.7948020297557],[-9.19361701007668,38.7947751161147],[-9.19362009148317,38.7943684050703],[-9.19401201354762,38.7943612770145],[-9.19399903389614,38.7937941797044],[-9.19403459637178,38.7937332115726],[-9.1940979816403,38.7937040966627],[-9.19498049632771,38.7937021056938],[-9.19542542512538,38.7948570805698],[-9.19577981535819,38.7954930713808],[-9.19605782255915,38.7959919783099],[-9.19627311097649,38.7963783253945],[-9.19658790345202,38.7973053546473],[-9.19704911462829,38.7986635214212],[-9.19647879319016,38.7987208784433],[-9.1954025320243,38.7986110777424],[-9.19432627395094,38.7985012679819],[-9.19442931187758,38.798656731363],[-9.19435904801978,38.7987333814817],[-9.19430860105187,38.7987884127622],[-9.19430057626191,38.7990424114787],[-9.19412108445291,38.7993575995215],[-9.19372889209775,38.7995428476213],[-9.19271711251103,38.799611214905],[-9.19257489951484,38.7997124906398],[-9.19120436015397,38.7998964255082],[-9.19045841473832,38.799894357059],[-9.19035903855748,38.7997166931863],[-9.19025652670244,38.7995984522429],[-9.19006789384742,38.7988516874314],[-9.19006059704101,38.7985367633787]],[[-9.19139392453105,38.799055734537],[-9.19142153130226,38.7990621497974],[-9.19145265878535,38.7990654704723],[-9.19150388412802,38.7990655472949],[-9.1915765501273,38.7990600232061],[-9.19160531135448,38.799051115429],[-9.19175066885716,38.7990494372993],[-9.19185597561046,38.7990482122131],[-9.19190340570411,38.7990485029339],[-9.19193956050027,38.7990492551748],[-9.19196830760958,38.7990471933387],[-9.19216406797056,38.7990445161503],[-9.19220143335339,38.7990182358046],[-9.19220012061277,38.7989141190389],[-9.19219363578944,38.7983913737938],[-9.19217395974851,38.7983763299019],[-9.19197530929831,38.7983780409845],[-9.19149709607639,38.7983821075353],[-9.19144112875808,38.7983804520258],[-9.19106969806535,38.7983897642952],[-9.19107129352676,38.7984352387093],[-9.19107133480248,38.7984380301496],[-9.19107589708158,38.7984896924646],[-9.19111805729725,38.79849957955],[-9.19118968310585,38.7985324390143],[-9.19121831086612,38.7985535273797],[-9.1912491528017,38.7985840546226],[-9.19127907765912,38.7986227859249],[-9.19129813117041,38.7986579236589],[-9.19130685539294,38.7986952262305],[-9.19131228571946,38.7987586808662],[-9.19131622490946,38.7989546517854],[-9.19131631531029,38.7989606860498],[-9.19132899547566,38.7990008357961],[-9.19134880322147,38.7990247064348],[-9.19137185815059,38.7990425125753],[-9.19139392453105,38.799055734537]]]}},{"type":"Feature","id":"CRUS_Odivelas_V.399318","properties":{"Area_Ha":7.63398947391778,"Autor":"DGT","Categoria":"Espaço de Atividades Económicas","Classe":"Solo Urbano","DTCC":"1116","Data_PublicacaoPDM":"2024-09-06T00:00:00","Designacao_PlantaOrdenamento":"Espaço de Atividades Económicas Consolidados","Escala_PlantaOrdenamento":"1/10000","Fonte":"CM_Vetor","ID":399318,"Municipio":"ODIVELAS"},"geometry":{"type":"Polygon","coordinates":[[[-9.19088852963844,38.7836034501266],[-9.19136967021975,38.7831894003652],[-9.19140585667405,38.7831384478686],[-9.19141462138914,38.7831085532539],[-9.19140684663401,38.7830498934084],[-9.19139262502513,38.7830220082955],[-9.19133634731877,38.7829674824442],[-9.1911474765019,38.7828573185585],[-9.19078592677414,38.7826267549978],[-9.19072835076883,38.7825855703698],[-9.1906901403749,38.7825464632228],[-9.19066040455623,38.7825045769341],[-9.19064175844596,38.7824577262565],[-9.19063021915432,38.7824011726153],[-9.19063265739389,38.7823559315362],[-9.19063943685454,38.7823164172],[-9.19064918873694,38.7822910174566],[-9.19067125028282,38.7822575786895],[-9.19071191295494,38.7822135230045],[-9.19093722559667,38.7820100715306],[-9.19099837372501,38.7819583532344],[-9.19089258604022,38.781855452807],[-9.19082267100164,38.781787638204],[-9.19183231855637,38.7809366650456],[-9.19209394102845,38.7807161549],[-9.1925188255025,38.7808632858985],[-9.19455722007332,38.782241952227],[-9.19460040152255,38.7825225992927],[-9.1943512755027,38.7828189639163],[-9.1941775555509,38.7832482831726],[-9.19354950733883,38.7831910204374],[-9.19349587339664,38.7831861302855],[-9.19328404510566,38.7832315323393],[-9.19302922984199,38.7833074028202],[-9.1929485251029,38.7833314328107],[-9.19290109043454,38.7833602074099],[-9.19281855727596,38.7834102723567],[-9.19268896780127,38.783521785803],[-9.19192403586294,38.7841807268765],[-9.19165377711785,38.783996333888],[-9.19160880094348,38.7839448298968],[-9.19155106964078,38.7840544378848],[-9.19147904848697,38.7841221336436],[-9.19142570563476,38.784164828159],[-9.19135302015321,38.7841878345518],[-9.19130540178598,38.7841882657917],[-9.19125102894526,38.7841614458347],[-9.19120592429417,38.7841171589671],[-9.19115701935791,38.7840306960127],[-9.19110147135649,38.7839244281005],[-9.19106515470211,38.7838304020591],[-9.19099045039954,38.7837168584591],[-9.19095377818572,38.7836775216871],[-9.19088852963844,38.7836034501266]]]}},{"type":"Feature","id":"CRUS_Odivelas_V.399319","properties":{"Area_Ha":37.0309167903108,"Autor":"DGT","Categoria":"Espaço Central","Classe":"Solo Urbano","DTCC":"1116","Data_PublicacaoPDM":"2024-09-06T00:00:00","Designacao_PlantaOrdenamento":"Espaços Centrais - Nivel1","Escala_PlantaOrdenamento":"1/10000","Fonte":"CM_Vetor","ID":399319,"Municipio":"ODIVELAS"},"geometry":{"type":"Polygon","coordinates":[[[-9.18607890437317,38.8038922666826],[-9.18608010052154,38.8027643132277],[-9.18641439902211,38.8027837300912],[-9.18669040596761,38.8028096011094],[-9.18673265724974,38.8026881979167],[-9.18683673554659,38.802555335315],[-9.18709483367944,38.8024014791999],[-9.18731634031382,38.8022459987785],[-9.18737153150774,38.8020193197221],[-9.18732118544687,38.8018743713183],[-9.18720927583815,38.8017569041604],[-9.18691870132972,38.8016652863628],[-9.18660867003266,38.8016546225594],[-9.18661269049065,38.8014607151283],[-9.18664346229122,38.8013666428537],[-9.18672293110448,38.8012509057114],[-9.18664598045772,38.8012114515049],[-9.1869269017572,38.800557868476],[-9.18698126754082,38.8004955753771],[-9.18705768244016,38.8003218433215],[-9.18707128603822,38.8001733987477],[-9.18703751210693,38.8000253806462],[-9.18695061937655,38.799990822528],[-9.18705781190466,38.7997745943417],[-9.18722688846216,38.7998928316953],[-9.18727256609375,38.7999065691603],[-9.1873090808781,38.7999175523233],[-9.18780559754493,38.7998494455651],[-9.188324979043,38.7999741914947],[-9.18842723341572,38.799883191328],[-9.1887724222514,38.8000092331196],[-9.18917360376842,38.8002820729441],[-9.18903232993739,38.8003754101122],[-9.18909126887773,38.8004176448974],[-9.18944001950907,38.8006486885809],[-9.18955153389673,38.8006966778897],[-9.18969174301585,38.8007589210523],[-9.19044575752715,38.800936837116],[-9.19057131987157,38.8009390640968],[-9.19069380148009,38.8009648677505],[-9.19083396257801,38.8010258675549],[-9.19104207872304,38.8011080455383],[-9.19123349836419,38.8011374455019],[-9.19134882417879,38.8011332868439],[-9.19151151845715,38.8011037902676],[-9.19163671029447,38.8010824362326],[-9.19171441388394,38.8011019511826],[-9.19186276240957,38.8011784427142],[-9.19198031402952,38.8012251127041],[-9.1926730032182,38.8013129806752],[-9.19290333165158,38.8013198982075],[-9.19348017352791,38.8012354832686],[-9.19429282264451,38.8015876022311],[-9.19562383309243,38.8017561813005],[-9.19559542260175,38.8018891238245],[-9.19550628924013,38.802207375541],[-9.19537044063433,38.8023727298645],[-9.19529197100282,38.8024230159857],[-9.19523293450287,38.8024612249813],[-9.19498593838412,38.8025011424121],[-9.19492266396478,38.802562709336],[-9.19484073146325,38.8026029194036],[-9.19482916527781,38.8027501209737],[-9.1940910739895,38.8027862059001],[-9.19267160446069,38.802848910414],[-9.19270976554197,38.8030073427122],[-9.19285935834391,38.8031678757393],[-9.19356940860606,38.8040954200613],[-9.19371248674664,38.8040847788435],[-9.19392911725382,38.8039364849271],[-9.19409648052724,38.8039536446721],[-9.19472615179607,38.80402264003],[-9.1948265043996,38.8040468652473],[-9.19524651211787,38.8040358343064],[-9.19526451716845,38.8041526024946],[-9.19531780523205,38.8042679573739],[-9.19542926016561,38.8044008867731],[-9.19549825030423,38.8044573669476],[-9.19566073348251,38.8045463432499],[-9.19519118794277,38.8049784024156],[-9.19511211651951,38.8049557862955],[-9.19505655243739,38.8049472884031],[-9.19482496076336,38.8049191113004],[-9.19439204592883,38.8048859754893],[-9.19422606076141,38.8048888257814],[-9.19406925449885,38.8049095342857],[-9.19401225216059,38.8049355393682],[-9.19397788886268,38.8049695761391],[-9.19389575881251,38.8050509204847],[-9.19371577852821,38.8051706709796],[-9.19343364889177,38.8052576019055],[-9.1931543122475,38.8053252232761],[-9.19302121621305,38.8053357678462],[-9.19309556758152,38.8058497289327],[-9.19310129259121,38.8058893085891],[-9.19306085622217,38.8058995054767],[-9.1928490164553,38.8059870685753],[-9.19264696869455,38.8061016759535],[-9.19259757692403,38.8061254641971],[-9.19139636282922,38.8063075347122],[-9.19120106972367,38.805844121403],[-9.19067673981479,38.8059430707665],[-9.1904487711269,38.8060471381342],[-9.19033456122582,38.8061072719268],[-9.19020873936476,38.8061735204715],[-9.19006752889252,38.8062576160485],[-9.18984987961093,38.8063911575192],[-9.18953714378308,38.8065830388344],[-9.18926205043817,38.8069929550879],[-9.18918920020549,38.8075511557337],[-9.18860538076546,38.8073246491672],[-9.18856983473978,38.8072999008959],[-9.18838014959672,38.807284854492],[-9.18831200987369,38.8072356895919],[-9.18826701116051,38.8072032245222],[-9.1882059324671,38.8071208769004],[-9.18765879384335,38.8063832115489],[-9.18760045277032,38.8063045561789],[-9.18697716394145,38.8054422150421],[-9.18679998149309,38.8050575238336],[-9.1871701178049,38.8048917263817],[-9.18699637068289,38.8045460211789],[-9.18714410294606,38.8041490367755],[-9.1864285807582,38.8039435179874],[-9.18629374860457,38.8039155901232],[-9.18618377340008,38.8038907562712],[-9.18607890437317,38.8038922666826]],[[-9.18948389001214,38.8022763338791],[-9.18952321392877,38.8022808441271],[-9.18952134931488,38.8022949130478],[-9.18950245751065,38.8024185782032],[-9.18949636987826,38.8024584472647],[-9.18956692057264,38.8026380012943],[-9.19054336269452,38.8019466331145],[-9.19056221317383,38.8018837668225],[-9.19062881296279,38.8016616456575],[-9.1908119933559,38.8015164050935],[-9.1906678118274,38.8014918977462],[-9.19070340597489,38.8012730106099],[-9.19052136571064,38.8010888655343],[-9.19037565604506,38.8011390634646],[-9.19028731423298,38.8013767641944],[-9.19030514252866,38.8018891378653],[-9.19008312930758,38.802103766706],[-9.18983113732729,38.8020716505073],[-9.18955618170375,38.8020366046828],[-9.18961025319832,38.8016374762084],[-9.18961093162709,38.8016324724424],[-9.18961997194186,38.801376645516],[-9.18961364030759,38.8013467729534],[-9.18947530543203,38.8010919237486],[-9.18944316742882,38.8010327212637],[-9.18940295342537,38.8010049220228],[-9.18827202055873,38.8002231014286],[-9.18775371956358,38.8001419490964],[-9.18782293819149,38.800685563501],[-9.18785929778972,38.8009711080656],[-9.18789516849333,38.8013225508433],[-9.18792223188694,38.8015290433112],[-9.18794915137214,38.8016767753717],[-9.18798303272764,38.8019428573191],[-9.18812446375301,38.8020097160438],[-9.18846391628808,38.8022100778942],[-9.18854546922259,38.8022447399781],[-9.18859234365041,38.8021996385021],[-9.18874505214803,38.8021651995198],[-9.18879835104366,38.8021417477876],[-9.18876199908526,38.8021045140952],[-9.18861191690269,38.8019349067676],[-9.18877898904737,38.8018910596267],[-9.18891713816066,38.8018298667832],[-9.18924035024263,38.8020844839117],[-9.18948389001214,38.8022763338791]]]}},{"type":"Feature","id":"CRUS_Odivelas_V.399320","properties":{"Area_Ha":7.0989838126831,"Autor":"DGT","Categoria":"Espaço de Atividades Económicas","Classe":"Solo Urbano","DTCC":"1116","Data_PublicacaoPDM":"2024-09-06T00:00:00","Designacao_PlantaOrdenamento":"Espaço de Atividades Económicas Consolidados","Escala_PlantaOrdenamento":"1/10000","Fonte":"CM_Vetor","ID":399320,"Municipio":"ODIVELAS"},"geometry":{"type":"Polygon","coordinates":[[[-9.20447552614519,38.7862551229172],[-9.20455900060222,38.7862272754589],[-9.20494128883202,38.7860749137801],[-9.20613885383534,38.7855491629534],[-9.2073446135948,38.7853629455887],[-9.20775190470851,38.7850471319737],[-9.20784165745784,38.7849775377077],[-9.20802569746309,38.784834831029],[-9.20804522563038,38.7848609551349],[-9.20835207540955,38.7852714272735],[-9.2086181854036,38.785409092731],[-9.20882244029016,38.785485217251],[-9.2090333116124,38.7856199059132],[-9.20904750696305,38.7856289741105],[-9.2090421469295,38.7856328644697],[-9.20895340148154,38.7856973046568],[-9.20884667768846,38.7857957317127],[-9.20881586284361,38.7859198150892],[-9.2090748296897,38.7862379234295],[-9.20897623613781,38.7862983668136],[-9.20884342172435,38.7863797892969],[-9.20883924259937,38.7863823523231],[-9.20856592291649,38.7867784690789],[-9.20828694185687,38.7871606204128],[-9.20823890147014,38.787308113101],[-9.20808770569289,38.7873366837423],[-9.20600123340103,38.7877309351382],[-9.2056538556671,38.7871714280213],[-9.20538773828107,38.7867634183874],[-9.2053877158488,38.7867633842809],[-9.20537790249819,38.7867482511729],[-9.2053778471574,38.7867482534868],[-9.2048508999444,38.7867807116919],[-9.20454066467142,38.7863463305458],[-9.20447552614519,38.7862551229172]]]}},{"type":"Feature","id":"CRUS_Odivelas_V.399321","properties":{"Area_Ha":1.41724917401099,"Autor":"DGT","Categoria":"Espaço de Uso Especial Equipamentos e Infraestruturas","Classe":"Solo Urbano","DTCC":"1116","Data_PublicacaoPDM":"2024-09-06T00:00:00","Designacao_PlantaOrdenamento":"Espaço de Uso Especial - Equipamentos","Escala_PlantaOrdenamento":"1/10000","Fonte":"CM_Vetor","ID":399321,"Municipio":"ODIVELAS"},"geometry":{"type":"Polygon","coordinates":[[[-9.19441785652582,38.7760316495008],[-9.19440217267559,38.7759436093343],[-9.19427729475661,38.775772902702],[-9.1942418901672,38.7757274110292],[-9.19418233858279,38.7755628522575],[-9.19436596776886,38.7754215213571],[-9.19495044065492,38.7746550554202],[-9.19611905551823,38.773916502665],[-9.19615781461979,38.7738824360164],[-9.1961915185019,38.7738974916681],[-9.19637050918719,38.7740575434206],[-9.19653553942871,38.7742044571595],[-9.196530303212,38.7742546565074],[-9.19649062197731,38.7742898530927],[-9.19571675295971,38.774656718093],[-9.19534939666696,38.774936015943],[-9.19532478501968,38.7749642716616],[-9.19532055195228,38.7749969343848],[-9.19533301367116,38.7750264016169],[-9.19539021790692,38.7750726220977],[-9.19546306590607,38.7751221558027],[-9.19546815297955,38.7751650216496],[-9.19544498181117,38.7752038419861],[-9.19538966182075,38.7752600784083],[-9.19527882205331,38.7753532675584],[-9.19503689524915,38.7755685071276],[-9.19489276988728,38.775696732747],[-9.19451617448703,38.7760317795364],[-9.19447556320792,38.7760224158415],[-9.19441785652582,38.7760316495008]]]}},{"type":"Feature","id":"CRUS_Odivelas_V.399322","properties":{"Area_Ha":22.4390371548936,"Autor":"DGT","Categoria":"Espaço de Atividades Económicas","Classe":"Solo Urbano","DTCC":"1116","Data_PublicacaoPDM":"2024-09-06T00:00:00","Designacao_PlantaOrdenamento":"Espaço de Atividades Económicas a Requalificar","Escala_PlantaOrdenamento":"1/10000","Fonte":"CM_Vetor","ID":399322,"Municipio":"ODIVELAS"},"geometry":{"type":"Polygon","coordinates":[[[-9.19254945339748,38.7803322172339],[-9.19329364753392,38.7798773000325],[-9.19353947848988,38.7797129668015],[-9.19438601170993,38.7792899421953],[-9.19491792237741,38.7790242328629],[-9.19516100763995,38.7788915846998],[-9.19534285478972,38.7788157607419],[-9.19566464877993,38.7787028579548],[-9.19619111996996,38.7785113615819],[-9.19622597061577,38.7784990907996],[-9.19657141261726,38.7783774621846],[-9.19682862707652,38.7783162941895],[-9.19713719203537,38.7782537136193],[-9.19815605544196,38.778102410217],[-9.19871835001367,38.7780487404484],[-9.19935869005115,38.7780312563133],[-9.2004500813382,38.7780633498432],[-9.2005465882083,38.778052919072],[-9.20063947262627,38.7780310840569],[-9.20076204909488,38.7779940208625],[-9.20089458053739,38.77794538959],[-9.20105927651778,38.7786009619663],[-9.20144964631114,38.7791709222863],[-9.20127033716468,38.7794579302913],[-9.20092292022772,38.7797424716699],[-9.19989648150837,38.780317771812],[-9.19978209621823,38.7803135529026],[-9.19890487327132,38.7802016316468],[-9.1984993442039,38.7801624988807],[-9.19811501867765,38.780444422227],[-9.1972877998386,38.7813313747537],[-9.19728572197606,38.7814001878445],[-9.19746010401238,38.781718455335],[-9.19701601667361,38.7819707222206],[-9.19755577303393,38.782639264525],[-9.19752581114512,38.7827798218689],[-9.19745439910166,38.7831148152889],[-9.19745256953191,38.7831159010062],[-9.19736480558487,38.7831680257848],[-9.19702470985412,38.7833700092264],[-9.1965493739598,38.7836523090494],[-9.19631809445095,38.7837896633906],[-9.19629310490417,38.7837653846937],[-9.19583909209492,38.783324309802],[-9.19574423621261,38.7832321548393],[-9.19534224091019,38.7828416052625],[-9.195320818923,38.7827922190094],[-9.19530051401548,38.7827463584208],[-9.19530549610826,38.7826497858707],[-9.19532127090989,38.7823439968754],[-9.19514061431439,38.7820435228267],[-9.19401974562987,38.7813086885137],[-9.1937785158246,38.7812723274242],[-9.19254945339748,38.7803322172339]]]}},{"type":"Feature","id":"CRUS_Odivelas_V.399323","properties":{"Area_Ha":11.4896813523214,"Autor":"DGT","Categoria":"Espaço Florestal","Classe":"Solo Rústico","DTCC":"1116","Data_PublicacaoPDM":"2024-09-06T00:00:00","Designacao_PlantaOrdenamento":"Espaços Florestais com Funções Predominantes de Recreio e Valorização da Paisagem Grande Lisboa","Escala_PlantaOrdenamento":"1/10000","Fonte":"CM_Vetor","ID":399323,"Municipio":"ODIVELAS"},"geometry":{"type":"Polygon","coordinates":[[[-9.15922041301272,38.8068387775275],[-9.15894592695404,38.8068234727603],[-9.15888803480783,38.8067913334353],[-9.15888778551004,38.8067911959703],[-9.15891309746105,38.8067645315427],[-9.15891693068759,38.8067604934527],[-9.15879616415522,38.8066878703977],[-9.15877313445887,38.8065274664161],[-9.15834603539274,38.8062542348325],[-9.15825162701591,38.806341720614],[-9.15802271514499,38.806161506088],[-9.15801266871538,38.806095293099],[-9.15744174077329,38.8061000400947],[-9.15751465529476,38.8052439383602],[-9.15756645323498,38.804660090347],[-9.15758008668852,38.8046615687773],[-9.15766978110239,38.8046760785486],[-9.15778513028848,38.8046920905311],[-9.15826408395097,38.8047802572607],[-9.15836848363707,38.8047994743819],[-9.15844557419653,38.8048171324726],[-9.15859379392762,38.8048651434561],[-9.15867687763935,38.8049035348195],[-9.15891863529036,38.8046045164268],[-9.16005329617225,38.8051066905992],[-9.16030249728567,38.8047359918722],[-9.16006308679609,38.804602532692],[-9.16009142633584,38.804467048426],[-9.16009597663443,38.8044620125932],[-9.16019668542268,38.8043505850877],[-9.16031866654689,38.8043233895176],[-9.16058432769048,38.8042793487137],[-9.16106397985053,38.8042699368376],[-9.16116367957695,38.8042666686707],[-9.16127171602226,38.8042768671835],[-9.16137413668316,38.8042504801068],[-9.16142227635829,38.8042715584578],[-9.16147604455585,38.8043300203403],[-9.16161109182298,38.8043764026141],[-9.16181352440833,38.8046472080296],[-9.16238176391,38.8046243861264],[-9.16233958698795,38.8048819885026],[-9.16333113083436,38.8051010189351],[-9.16337258380449,38.8051286889362],[-9.16337231256619,38.8051296457097],[-9.16335801428356,38.8051799639818],[-9.16334573681655,38.8052453656974],[-9.16333760081586,38.8053240696697],[-9.16333721170467,38.8054107439847],[-9.1633382298803,38.8054813583693],[-9.16332361876756,38.8055501828466],[-9.16328416258855,38.8056348170393],[-9.16323413217805,38.8057044251313],[-9.16315387654571,38.8058088109295],[-9.16357985013312,38.8059475698925],[-9.16297393582935,38.8069204525592],[-9.16286298444826,38.8068440967231],[-9.1627171797637,38.8067761136848],[-9.162451363089,38.8067281039675],[-9.16224367156322,38.8067589452273],[-9.16179943773299,38.8069118458121],[-9.16138959976022,38.8069436562516],[-9.16118869782062,38.8069984778179],[-9.16087325198347,38.8071735755746],[-9.16032102006368,38.8067097657196],[-9.15984601341351,38.8070765954377],[-9.15959215522441,38.8069233566648],[-9.15948268370598,38.8069157046155],[-9.15947887447837,38.8069154387167],[-9.15953745200457,38.8068843654089],[-9.15953931416341,38.8068833775121],[-9.1595666692832,38.8068325161086],[-9.15956331776608,38.8067832734395],[-9.15954478778844,38.8067356042729],[-9.15949142924338,38.8066913958703],[-9.15943262986714,38.8066693034032],[-9.15936455909664,38.8066746777849],[-9.15926672495896,38.8067323756755],[-9.15926557581713,38.8067351243135],[-9.15922220877596,38.8068388773474],[-9.15922041301272,38.8068387775275]]]}},{"type":"Feature","id":"CRUS_Odivelas_V.399324","properties":{"Area_Ha":3.3162987685164,"Autor":"DGT","Categoria":"Espaço Verde","Classe":"Solo Urbano","DTCC":"1116","Data_PublicacaoPDM":"2024-09-06T00:00:00","Designacao_PlantaOrdenamento":"Espaço Verde","Escala_PlantaOrdenamento":"1/10000","Fonte":"CM_Vetor","ID":399324,"Municipio":"ODIVELAS"},"geometry":{"type":"Polygon","coordinates":[[[-9.20892025903843,38.7952463680963],[-9.20891883815789,38.7948870203247],[-9.20951064522538,38.7946215593013],[-9.20985683811593,38.7944437087996],[-9.21002852294682,38.7943490766637],[-9.2102941489205,38.7941030605986],[-9.21041904288965,38.793973909239],[-9.21048121283743,38.7938391394261],[-9.21068748354511,38.7937926332881],[-9.21141761190135,38.7944812859468],[-9.21152621932193,38.7945837241542],[-9.21175503821499,38.7947389104925],[-9.21267032131945,38.7953596466949],[-9.21357844666188,38.7957453003819],[-9.2136517614238,38.7957764347564],[-9.21377311531652,38.7958195226883],[-9.21383764116921,38.7958424323284],[-9.21418405602325,38.7959240581728],[-9.21508678944132,38.7961367696668],[-9.21527775117398,38.796181763947],[-9.21538683177048,38.796207467202],[-9.21582989008079,38.7963469148017],[-9.2161529873083,38.7964486068281],[-9.21706081131803,38.7971616568632],[-9.21707718290563,38.7973294649656],[-9.21688649417258,38.7973440571013],[-9.21661418991694,38.7971904679705],[-9.21671622003041,38.7970829643959],[-9.21658899786904,38.7969061013957],[-9.21587403746423,38.7965687308333],[-9.21574487374876,38.796764576989],[-9.21486427338999,38.7963547013973],[-9.21311674165485,38.7959828287767],[-9.21171479251147,38.7952795136965],[-9.21162978257601,38.7952203088086],[-9.21159089404249,38.7951932263989],[-9.21016869465899,38.7946225180201],[-9.20972117114509,38.7948343001878],[-9.20953667660065,38.7949283013713],[-9.20920780450656,38.795094731157],[-9.20892025903843,38.7952463680963]]]}},{"type":"Feature","id":"CRUS_Odivelas_V.399325","properties":{"Area_Ha":236.77187375943,"Autor":"DGT","Categoria":"Espaço Florestal","Classe":"Solo Rústico","DTCC":"1116","Data_PublicacaoPDM":"2024-09-06T00:00:00","Designacao_PlantaOrdenamento":"Espaços Florestais com Funções Predominantes de Recreio e Valorização da Paisagem Grande Lisboa","Escala_PlantaOrdenamento":"1/10000","Fonte":"CM_Vetor","ID":399325,"Municipio":"ODIVELAS"},"geometry":{"type":"Polygon","coordinates":[[[-9.18494313169556,38.7766455551906],[-9.1849462433336,38.7766412921684],[-9.18519542737377,38.7764727611039],[-9.18567191393031,38.7762265814196],[-9.18567451483112,38.7762252370244],[-9.18573876936669,38.7759391426951],[-9.18573952738127,38.7759357705993],[-9.18587348300216,38.7758818675398],[-9.18603441588544,38.7758862690469],[-9.18657355304576,38.775778807952],[-9.18676413359774,38.7757491665563],[-9.18737307086697,38.7756777304159],[-9.18745304812121,38.7756389050997],[-9.18755108102098,38.775560373612],[-9.18758793324729,38.7755233767642],[-9.18769834642501,38.7753949222856],[-9.1877790283217,38.7752870917888],[-9.18792295728417,38.7751035179393],[-9.18792597449349,38.7750996677472],[-9.18812716788031,38.7746508841394],[-9.18819551592819,38.7745391782533],[-9.18819660864497,38.7745373908481],[-9.18823335258098,38.7744931020831],[-9.18833790706103,38.7744745901627],[-9.18874130729844,38.7744255458503],[-9.18905342589515,38.7743904727435],[-9.18909045060505,38.7743651875648],[-9.18912550557942,38.7743311817382],[-9.18927261225601,38.774155461003],[-9.18937067425183,38.7740296562296],[-9.18937380083418,38.7740256442922],[-9.1894599640839,38.7737594055016],[-9.18956534344364,38.7735474046222],[-9.18965417560658,38.7733779525147],[-9.18965644079125,38.7733736309826],[-9.18974250479336,38.7733653772894],[-9.18983767025061,38.7733499232927],[-9.18989333274387,38.7733245548965],[-9.19029451528673,38.7731187036459],[-9.19033080432881,38.7730854452768],[-9.19033323282988,38.7730832183777],[-9.19037329339333,38.7729764424372],[-9.1903746365164,38.7729728627327],[-9.19069999177865,38.7728293011319],[-9.19113129784524,38.7726376742017],[-9.19146545221465,38.7724588122347],[-9.19162525633426,38.772379717882],[-9.19172154229984,38.7723157904071],[-9.19177565726975,38.7722716143019],[-9.19198516670536,38.7721375703511],[-9.19215255417734,38.7720421025037],[-9.1922010473386,38.7720225656576],[-9.19223561012445,38.7720254024342],[-9.19229496683847,38.7720551305699],[-9.1924450991807,38.7721700555336],[-9.19257903488898,38.772286662965],[-9.19261385881997,38.7723070642124],[-9.1926931024166,38.7723047243373],[-9.19290232694694,38.7722916556711],[-9.19311159821924,38.7722818281027],[-9.19317664736199,38.7722764657337],[-9.19319094459277,38.7722650115803],[-9.19319268517216,38.7722636161302],[-9.19320843239138,38.7722315848956],[-9.19318126028344,38.7721760770446],[-9.19301322249733,38.7718161203459],[-9.19298536388517,38.7717293225949],[-9.19298318525232,38.7717225348168],[-9.19301191124056,38.7717349734375],[-9.19306236439939,38.7717154184586],[-9.19316512711382,38.7716539523274],[-9.193372626192,38.771524701854],[-9.19355408721364,38.7714163997597],[-9.19370492421267,38.7713146870646],[-9.19389996841296,38.7711680673131],[-9.19397857319257,38.7711227671099],[-9.19420068863618,38.7710171593918],[-9.19441602740251,38.7708735099296],[-9.19452790016082,38.7707515195325],[-9.19487531111022,38.7703199522594],[-9.19504728125275,38.7701304902946],[-9.1951794599029,38.7699971442115],[-9.19523765826193,38.7699488722947],[-9.19529210599059,38.7699196408356],[-9.19538276299823,38.7698646810071],[-9.19552757224868,38.7697678840491],[-9.195612503307,38.7697304466698],[-9.19574825022394,38.7697053427104],[-9.195750893475,38.769704384009],[-9.1957515335127,38.7697074429434],[-9.19575158461527,38.7697074244071],[-9.19575103345894,38.7697079007419],[-9.19548208801891,38.7699402083923],[-9.19528943435742,38.7700873413041],[-9.19518831098013,38.7702479407128],[-9.19510074312368,38.7705013660393],[-9.19527911007165,38.7706050984812],[-9.19528118604719,38.7706050146041],[-9.19537013558731,38.7706013971214],[-9.19549430008562,38.7705573680337],[-9.19559453857636,38.7705421563023],[-9.19559497243573,38.7705424024674],[-9.19566649646061,38.7705829975059],[-9.19587869930839,38.7707682375686],[-9.19588020569855,38.7707676216208],[-9.19605743692594,38.7706952380231],[-9.19589055910264,38.7704479880617],[-9.1962283664552,38.7702582505137],[-9.19637685628028,38.7701848358176],[-9.19647972948397,38.7701388612868],[-9.19655986009378,38.7701111077643],[-9.19662875376855,38.7701014732931],[-9.19672065614203,38.7700916275695],[-9.19672284377044,38.7700916076591],[-9.19692774057735,38.7700897408333],[-9.19711208270422,38.7701060767367],[-9.19730779660523,38.7701133003694],[-9.19730998423388,38.770113280448],[-9.19745735690507,38.7701119374202],[-9.19745954453631,38.770111917496],[-9.19760691836296,38.7701105751711],[-9.1977793546461,38.7700999950099],[-9.19791714270528,38.7700807218757],[-9.19799740660514,38.7700619754794],[-9.19806629999298,38.7700523383602],[-9.19814629710873,38.7700155783514],[-9.19822846700359,38.7699716013202],[-9.19838238482185,38.7698119230134],[-9.19838611055822,38.7698087703684],[-9.19880479731666,38.7689563455808],[-9.19883845534011,38.7689459611669],[-9.19892830309282,38.7689571280237],[-9.19904464987142,38.7689851760714],[-9.19911056849561,38.7690051234278],[-9.19920764410049,38.7690089113989],[-9.19926883424169,38.769020578695],[-9.19930341566906,38.7690560359487],[-9.19935041908279,38.7692882315333],[-9.19966184797772,38.7692487077213],[-9.19963392042252,38.7689658929975],[-9.19964936758792,38.7689033404588],[-9.19970671711503,38.768867765739],[-9.19976750775439,38.7688543912562],[-9.19974827141933,38.7687049341947],[-9.19976320315645,38.7686190106732],[-9.19979350374859,38.7685665896339],[-9.19985324659162,38.7685251619451],[-9.19989630750745,38.7684815642015],[-9.19997607681116,38.7683339852597],[-9.20009439097121,38.7681375350906],[-9.20016871601298,38.7680508209279],[-9.20043398875067,38.7681473674541],[-9.20044996257042,38.7681507095393],[-9.2004864581697,38.7681583480869],[-9.20048856727816,38.768158790216],[-9.20048993592799,38.7681586892292],[-9.20057705676011,38.7681523089267],[-9.20068548613128,38.7681013337647],[-9.20071607639769,38.7680718114774],[-9.20071749282147,38.7680706599557],[-9.20076753624979,38.7680299966983],[-9.20076899450563,38.768030568467],[-9.20077096785091,38.7680313422984],[-9.20077141176933,38.7680306384796],[-9.20084497147694,38.7679138447191],[-9.20084665880734,38.7679146193563],[-9.20118643079059,38.7680706233076],[-9.20111797236896,38.7681634965797],[-9.20111572504003,38.7681665473124],[-9.20097800613132,38.7683533791467],[-9.20097911485556,38.7683538683286],[-9.20128134759689,38.7684872510587],[-9.20131163670864,38.7684813896504],[-9.20151022860706,38.7684429103232],[-9.20195198799375,38.7684767004181],[-9.20197560232766,38.7684784654417],[-9.20202075740496,38.7684819250548],[-9.20223642731338,38.7686621774858],[-9.20249994512672,38.7689489098982],[-9.20262269688332,38.7690946869322],[-9.20282701710741,38.7693096446606],[-9.20303637357756,38.7695128315099],[-9.20339316357684,38.7698020901896],[-9.20379774597626,38.7701116409004],[-9.20390589365118,38.7701800248501],[-9.20435406450662,38.7703987830237],[-9.2047994751862,38.7708127414087],[-9.2054244247215,38.7706342324841],[-9.20540880987867,38.7705981443581],[-9.2056632816712,38.7703134593241],[-9.20572744354174,38.7703361946235],[-9.20600472777008,38.770100401064],[-9.20636553423141,38.7697079202599],[-9.20636978189366,38.7697041723607],[-9.20650722884001,38.769803355576],[-9.20721835152422,38.7703327443365],[-9.20712723813923,38.7703678449411],[-9.20699914112531,38.7704116299488],[-9.206812003254,38.7704928884441],[-9.20622616580552,38.7707730085709],[-9.20585859197897,38.7709376228648],[-9.20510634369363,38.7712471903202],[-9.20360560319136,38.7718415941726],[-9.20319570693821,38.7720007341799],[-9.20299143400618,38.7720833145673],[-9.20250966962191,38.7722766192212],[-9.20114898626241,38.7728137713777],[-9.20106847358741,38.7728468452086],[-9.20038463710187,38.773117023764],[-9.20031339084806,38.7731450310465],[-9.19950607348799,38.7734623890345],[-9.1991864969391,38.7735913233666],[-9.19889872435686,38.7737157347964],[-9.19856531580695,38.7738784525738],[-9.19838423643974,38.7739758235792],[-9.19826578853199,38.7740437156138],[-9.19807645944777,38.7741646146413],[-9.19763898985545,38.7744906281922],[-9.19765180003805,38.7745009591644],[-9.19763487180656,38.7745154372674],[-9.19740145928957,38.7747284335374],[-9.19737633925519,38.774753932287],[-9.19733197261318,38.7747989657794],[-9.19720374149466,38.7749353400843],[-9.19704861330661,38.7751198806157],[-9.19688059809111,38.7753588532941],[-9.19683138806262,38.7754311825625],[-9.1967291028096,38.7755943435982],[-9.19665446357427,38.7757210405012],[-9.1966108312397,38.7757971021394],[-9.19631423620346,38.7763348594459],[-9.19616477627225,38.7765992446262],[-9.19596598935587,38.7769360498608],[-9.19555445890261,38.777561324769],[-9.19553519458375,38.7775891535821],[-9.19587430680187,38.7780372616488],[-9.1959778936263,38.7781546794022],[-9.19622597061577,38.7784990907996],[-9.19619111996996,38.7785113615819],[-9.19566464877993,38.7787028579548],[-9.19534285478972,38.7788157607419],[-9.19516100763995,38.7788915846998],[-9.19491792237741,38.7790242328629],[-9.19438601170993,38.7792899421953],[-9.19353947848988,38.7797129668015],[-9.19329364753392,38.7798773000325],[-9.19254945339748,38.7803322172339],[-9.19238718830809,38.7804689877823],[-9.19209394102845,38.7807161549],[-9.19183231855637,38.7809366650456],[-9.19082267100164,38.781787638204],[-9.19089258604022,38.781855452807],[-9.19099837372501,38.7819583532344],[-9.19093722559667,38.7820100715306],[-9.19071191295494,38.7822135230045],[-9.19067125028282,38.7822575786895],[-9.19064918873694,38.7822910174566],[-9.19063943685454,38.7823164172],[-9.19063265739389,38.7823559315362],[-9.19063021915432,38.7824011726153],[-9.19064175844596,38.7824577262565],[-9.19066040455623,38.7825045769341],[-9.1906901403749,38.7825464632228],[-9.19072835076883,38.7825855703698],[-9.19078592677414,38.7826267549978],[-9.1911474765019,38.7828573185585],[-9.19133634731877,38.7829674824442],[-9.19139262502513,38.7830220082955],[-9.19140684663401,38.7830498934084],[-9.19141462138914,38.7831085532539],[-9.19140585667405,38.7831384478686],[-9.19136967021975,38.7831894003652],[-9.19088852963844,38.7836034501266],[-9.19083767943852,38.7835457237273],[-9.19023618638604,38.7828684204207],[-9.19000136475221,38.78259929188],[-9.18991853883927,38.7824948068483],[-9.18984373932711,38.7823924107564],[-9.18978681687636,38.7822979187177],[-9.18974173089403,38.7822128616506],[-9.18968341699079,38.7820866770905],[-9.18892896088303,38.7819860753801],[-9.18884764393595,38.7819746866124],[-9.1884848180432,38.7820323549584],[-9.18812844295868,38.7822842781496],[-9.18785364314942,38.7823360852872],[-9.1872851737771,38.7819126451563],[-9.18676274619288,38.7821904201271],[-9.18669688620895,38.7821184654215],[-9.18622631920307,38.7824109258704],[-9.18613738753209,38.782341188675],[-9.18543621730497,38.7828267180318],[-9.18503524240192,38.7832566410016],[-9.18491197349735,38.7832569343931],[-9.18479077516629,38.78325722166],[-9.18442929782034,38.7833714899923],[-9.18429750559216,38.7834131507534],[-9.1841001281715,38.7834457265089],[-9.1832041510187,38.7835935994316],[-9.18230412609717,38.7837421320769],[-9.17986815957172,38.7840978292453],[-9.1789518385395,38.7842316146489],[-9.17884451090355,38.7842864243322],[-9.17807060456556,38.7846816250045],[-9.17756525376263,38.7849396824841],[-9.17744539918427,38.7850008862603],[-9.1773414483791,38.7850761940315],[-9.1770849054053,38.7853072505387],[-9.17642533737386,38.7859012823398],[-9.17620115264492,38.7861213646563],[-9.17617801290086,38.7861711323796],[-9.1759617178503,38.7866363194036],[-9.17520254384046,38.7877480867797],[-9.17439784342369,38.7883261529045],[-9.17421230142851,38.7885717456688],[-9.17398445327457,38.7890401731345],[-9.17395016129714,38.7890981407247],[-9.1738800998738,38.7892165729608],[-9.17371225379684,38.7894410767628],[-9.17352522848304,38.7896876811591],[-9.17342035162277,38.7898457496795],[-9.17330454253772,38.7899892493408],[-9.17310110763762,38.7902021767451],[-9.17293159367545,38.7903377740466],[-9.17268752065695,38.7905054614227],[-9.17246990291634,38.7906498650997],[-9.17224126255369,38.7907734169104],[-9.17203621706284,38.7908611411003],[-9.17184410889075,38.7909173247828],[-9.17172653051003,38.7909393212709],[-9.17147990996614,38.7909738240799],[-9.17120416915012,38.7909909429805],[-9.17104793427508,38.7909892926064],[-9.17089022590238,38.7909876262164],[-9.1707351382207,38.7910099557497],[-9.17059381104475,38.7910573037329],[-9.17050323584388,38.7910937253138],[-9.17048201766232,38.7911066674031],[-9.17050184694474,38.7912289630775],[-9.17053314770959,38.7913363039055],[-9.1704584581719,38.7913933867211],[-9.17033618827193,38.7914868343023],[-9.17024065903898,38.7915598434326],[-9.1700658889005,38.7916934164643],[-9.16996943029141,38.791767136091],[-9.16990808251287,38.7918140227015],[-9.16983084398782,38.7918730554642],[-9.16952662056059,38.792105559458],[-9.16951066374626,38.7921138624658],[-9.16936965151839,38.7921872309682],[-9.16902982289955,38.7923675547246],[-9.16795248778985,38.7931472319772],[-9.16801593250639,38.7932286657768],[-9.16808207496576,38.7933133812264],[-9.16813180116016,38.7933821511688],[-9.16815889642952,38.7934279987557],[-9.16816520230415,38.7934978431378],[-9.16815583985426,38.793558637329],[-9.16814498599484,38.7935870724367],[-9.16823088037435,38.7937623523919],[-9.16816659929603,38.7937882631205],[-9.16789774603625,38.7938716749592],[-9.16779083949036,38.7939048423035],[-9.16774154754869,38.7939201353904],[-9.16757000591116,38.7939733570958],[-9.16733202490611,38.7940132138725],[-9.16619866005841,38.7942232048342],[-9.16603490517287,38.7942488263997],[-9.16589120991266,38.794289517993],[-9.16550522373604,38.794398817849],[-9.16536477990281,38.7944457201282],[-9.16492194206523,38.7945936053603],[-9.16439700875195,38.7949700457671],[-9.16421292367927,38.7948257815621],[-9.16361865758599,38.795141673013],[-9.16311970147284,38.7956932043467],[-9.16103259086817,38.7980001220927],[-9.16063503946562,38.7982881335491],[-9.16058354920813,38.7983445401274],[-9.16051951779378,38.7985091677296],[-9.16051867499009,38.7985102568363],[-9.15897686405467,38.7995457565563],[-9.15888103230737,38.7996754306443],[-9.15878110674661,38.7999130626339],[-9.15877621063686,38.7999235821603],[-9.15865550865985,38.7997359040659],[-9.15855438751351,38.7997082377708],[-9.1584442448822,38.7997071629078],[-9.15831671028432,38.7997257273025],[-9.158216125863,38.7997353500852],[-9.15811660804114,38.7996890313321],[-9.15773936924044,38.799665042314],[-9.15736020243053,38.7995771252965],[-9.15720359703807,38.7995650752967],[-9.15707988718616,38.7995674245439],[-9.15696337618153,38.7995980784262],[-9.15677203944115,38.7996845208094],[-9.1565194883593,38.7998132960185],[-9.15628775307408,38.7999646753147],[-9.15612833972887,38.80011821365],[-9.15612671865397,38.8001204788172],[-9.1559665052968,38.8003443695677],[-9.1558781458664,38.8005322367466],[-9.15570350065907,38.8008850667551],[-9.15563065829133,38.8010794618575],[-9.1556070490687,38.8012317138732],[-9.15557864871758,38.8014109463822],[-9.15551946855151,38.801723763806],[-9.15545926720644,38.8019651568805],[-9.15536497917158,38.8022217118474],[-9.15536298770696,38.8022214394772],[-9.15526335975257,38.802207828346],[-9.15507438235902,38.8020977861702],[-9.15485609510469,38.8019825996622],[-9.1547037192346,38.8019125899435],[-9.15400452666995,38.8017114432257],[-9.15376913796769,38.8016001846061],[-9.15352113856492,38.8014516575913],[-9.15282854960724,38.8009947165203],[-9.15244147105127,38.8007396666725],[-9.15218747227992,38.8005332687851],[-9.15194064687161,38.8003376157015],[-9.15182954194989,38.8002631890957],[-9.15163736948255,38.8001706450959],[-9.15137289772923,38.8000774749432],[-9.15110746694495,38.8000299802948],[-9.15089975437752,38.8000018825635],[-9.15090582652379,38.7999837239141],[-9.15097090875935,38.7999304615939],[-9.15137109710077,38.7997732995927],[-9.15211673474098,38.7995200710922],[-9.15217649035671,38.7994890118307],[-9.15223601798392,38.7994413847649],[-9.15230571370422,38.7993644782502],[-9.15246750305923,38.7991593117867],[-9.15178046400195,38.798919942354],[-9.15190316803143,38.7987584511364],[-9.15190565275793,38.7987551808313],[-9.15218077409335,38.7985462319217],[-9.15244537379257,38.798278077751],[-9.15244821614783,38.7982751970256],[-9.15256774057342,38.798084270645],[-9.15227785062921,38.7978634052153],[-9.15227762669893,38.797863234323],[-9.15263672283447,38.7974925195724],[-9.15264062074298,38.7974884955676],[-9.1522461424361,38.7972701723701],[-9.15167508432864,38.7970495652527],[-9.15139085912895,38.7969250662432],[-9.15126041307115,38.7968550919216],[-9.15127263206245,38.7968433459386],[-9.15127665112682,38.796839481642],[-9.15100751413045,38.7966189287285],[-9.15086774658879,38.7965260035486],[-9.15036692565052,38.7961782612664],[-9.15028542243332,38.7961776227747],[-9.14989161041466,38.7958569065446],[-9.1498877334045,38.7958537490347],[-9.15047514786717,38.795775663892],[-9.15111961377461,38.7956950105583],[-9.1514041430579,38.7956584329942],[-9.15140523944054,38.795658291614],[-9.15143698113966,38.795608198282],[-9.15145076422988,38.7953002047889],[-9.1514508655128,38.795297941702],[-9.15172637788867,38.795149793675],[-9.1522611251074,38.794890206463],[-9.15232525613381,38.7948462972697],[-9.15232815152919,38.7948443144877],[-9.1523497926971,38.7947800808301],[-9.15238042230888,38.7945546213603],[-9.15239363000834,38.7945287449874],[-9.1524025103737,38.7945112412001],[-9.15243220068226,38.7944527259131],[-9.15243393752838,38.7944493022278],[-9.15279686013485,38.794304893871],[-9.15291064156444,38.7944705408137],[-9.15372622040565,38.7944361152785],[-9.1537978371461,38.7945346678262],[-9.15385205964611,38.7945915699752],[-9.15392842526582,38.7945956787298],[-9.15400924958902,38.7945891121145],[-9.1541815450716,38.7945720213464],[-9.15444373414767,38.7945470311605],[-9.15450454294972,38.7945333464772],[-9.1545635818847,38.7945005807846],[-9.15469811704498,38.7944025693653],[-9.15475988989428,38.7943518560302],[-9.15481245548002,38.7942937810948],[-9.15481552564985,38.7942903890739],[-9.15485733227033,38.794227869334],[-9.15494821681557,38.7940716010994],[-9.1549975664552,38.7939971266191],[-9.15503552626571,38.7938748284612],[-9.15506726266073,38.7937652959989],[-9.15506744816505,38.7937646546569],[-9.15510804528312,38.793722415287],[-9.15515505403725,38.7937017339405],[-9.15524353402906,38.7936913198538],[-9.15546924378011,38.793683308146],[-9.15573003933616,38.7936655298852],[-9.15578211319828,38.7936769670648],[-9.1559908623512,38.7937624177834],[-9.15637754364097,38.7939036038504],[-9.15644156304642,38.7938970971525],[-9.1564855120525,38.7938715805826],[-9.15652863473344,38.7938231232175],[-9.15653059346474,38.7938209219043],[-9.15668815317594,38.7936271353481],[-9.15689054568868,38.7933629760088],[-9.15689187145011,38.7933612442103],[-9.15711136643293,38.793120254843],[-9.15722577962983,38.7930080927236],[-9.15731204572266,38.7929559031743],[-9.1573544475559,38.7929351766548],[-9.15744276086956,38.7929212484409],[-9.15766088788713,38.7929062720319],[-9.15786067059845,38.7928961419384],[-9.15791996080977,38.792881205013],[-9.15797947210021,38.7928463239675],[-9.15798205096444,38.7928448124345],[-9.15802314128621,38.7927321254017],[-9.15808703070675,38.7925162786177],[-9.15814146953378,38.7923632548616],[-9.15814235200976,38.7923607729909],[-9.15819663320262,38.7923257069886],[-9.15826459059476,38.7923052018196],[-9.15834078675376,38.7922972342857],[-9.15840751851661,38.7922871896907],[-9.15846762337392,38.7922330365894],[-9.15847091969257,38.7922300668594],[-9.15848718834045,38.792152364336],[-9.15841543528667,38.7920790179115],[-9.15841406340257,38.7920776153507],[-9.15854283688928,38.7920041538814],[-9.15874093008864,38.7919082832385],[-9.1591395941174,38.7917057053745],[-9.1592325344355,38.7916535422772],[-9.15925513800519,38.7916382440671],[-9.15925761178601,38.7916365700016],[-9.15937281196254,38.791363252589],[-9.15956321661126,38.7909247970518],[-9.15966055254706,38.7906881240922],[-9.15966141125369,38.7906860374392],[-9.15969191389191,38.7906617196293],[-9.15977563606602,38.7906253150976],[-9.15998751710294,38.7905606646067],[-9.16007537740842,38.7905316089577],[-9.16012188687215,38.7905081412037],[-9.16015366370827,38.7904848885018],[-9.16040612967735,38.7902731494754],[-9.16068496962098,38.7900307299284],[-9.16075333132013,38.7900385041362],[-9.16079084141657,38.7900362352859],[-9.16079346723633,38.790036076754],[-9.16080989033048,38.7899616239428],[-9.16086581332463,38.7895773863894],[-9.16086592847532,38.7895765901955],[-9.16099786995039,38.7894435514398],[-9.16146784382181,38.7889910124379],[-9.16171598794973,38.7887593960461],[-9.16176888418824,38.788715964257],[-9.1618050135965,38.788707361748],[-9.16193855434505,38.7886936607173],[-9.16215765773754,38.7886675887228],[-9.16237137029692,38.7886427357138],[-9.16240466878513,38.788637126915],[-9.16242463701171,38.7886254192769],[-9.1624948888476,38.7885725571775],[-9.162685352159,38.7884199945654],[-9.16303497798035,38.7881466795873],[-9.16311834210386,38.7880852360412],[-9.16313841391952,38.7880808254585],[-9.16320541438219,38.7880896920734],[-9.16340931298589,38.7881266241685],[-9.16349111284185,38.7881405846283],[-9.163552723306,38.7881431913371],[-9.16361140944717,38.7881342974694],[-9.16367519282553,38.7881043696265],[-9.16381545500726,38.7879899940594],[-9.1638919369799,38.7879173145866],[-9.16389193934032,38.7879173112827],[-9.16389333690225,38.7879159834026],[-9.16392345731873,38.7878738304041],[-9.16392704641176,38.7878350653495],[-9.16392721380327,38.7877512026188],[-9.16389897102208,38.7876520061432],[-9.1638614572376,38.7875569482535],[-9.16384480106283,38.7875109741083],[-9.16385306271925,38.7874775158226],[-9.16385360576508,38.7874753151082],[-9.16394635587597,38.7874107219326],[-9.16424042634738,38.7872122065996],[-9.1644696993031,38.787045703179],[-9.16510943491753,38.7865958774623],[-9.16525936487472,38.7866018449865],[-9.16535044538083,38.7866052776734],[-9.16538821201945,38.7865720168419],[-9.16539136180469,38.7865692432426],[-9.16542434691896,38.7864147378758],[-9.16547276090162,38.7862134694708],[-9.16547298476331,38.7862125365817],[-9.16549396675072,38.7861910037016],[-9.16569425866322,38.7861061796223],[-9.16578033715194,38.7860816348233],[-9.16579255894063,38.7860911660209],[-9.16589037950427,38.7862504595329],[-9.16593480615953,38.7862821335992],[-9.16597290007694,38.786298372972],[-9.16601232884879,38.7863027949563],[-9.16607137079138,38.7862951559993],[-9.16626331182593,38.7862613887181],[-9.16637049516207,38.7862402653899],[-9.1664249397928,38.7862326660061],[-9.16649470838574,38.7862343883291],[-9.16654484791831,38.7862398891219],[-9.16663134309978,38.7862521844708],[-9.16675314042553,38.7862784934285],[-9.16704361667023,38.7863495097584],[-9.16713167241823,38.7863665677441],[-9.16717251891433,38.7863578254551],[-9.16720126232767,38.7863403011599],[-9.16720400228361,38.7863386308913],[-9.16726027996671,38.7861317663168],[-9.16728649599803,38.7860418555334],[-9.16728769175743,38.7860377547699],[-9.16781745487404,38.7859987408153],[-9.16866229986743,38.7859426047989],[-9.16884772331269,38.7857689103925],[-9.16888945562468,38.7857685400731],[-9.16889190459467,38.7857727600581],[-9.16901787545349,38.7860024635974],[-9.16922413626476,38.7864166986923],[-9.16933909282717,38.7866615863752],[-9.16956163155283,38.7871029698661],[-9.16965554328686,38.787295909375],[-9.16973772591284,38.7874647555529],[-9.16982372239575,38.7874594518233],[-9.17033913011067,38.7876345485862],[-9.17079324686633,38.7873431620773],[-9.17103465045163,38.7872678735357],[-9.17120177713863,38.7872352644007],[-9.17134615470441,38.7871932446958],[-9.17143082610961,38.787135753869],[-9.17149031358555,38.7870404161464],[-9.17155208679537,38.7869661087096],[-9.17160161279224,38.7868340655448],[-9.17159852627107,38.7867799567198],[-9.17157703040217,38.7867057500217],[-9.17152706606701,38.7866301638415],[-9.17131140912751,38.7865444375005],[-9.17112450214829,38.7864571939872],[-9.17100090771072,38.7863989096394],[-9.17100776521943,38.7863970248343],[-9.17315001395957,38.7858081769678],[-9.17380777879257,38.7853968019983],[-9.17424452389014,38.7851236485888],[-9.17490861319571,38.784757159253],[-9.17557857534015,38.7845395004504],[-9.17573543150527,38.7844885379909],[-9.17615878908954,38.7844256718624],[-9.17589961682422,38.7840808572405],[-9.17618721305797,38.7839586076474],[-9.17649494324731,38.7838584597821],[-9.17683282659312,38.7837647567891],[-9.17714919125967,38.7836678871328],[-9.17775600916204,38.7834643012447],[-9.17825930507547,38.7831572707779],[-9.18008325001849,38.7825236384254],[-9.18044926932956,38.7824615630769],[-9.18111202102925,38.7823491597381],[-9.18118754622302,38.782336349849],[-9.18192803004432,38.782202980476],[-9.18284892340392,38.7820291603871],[-9.18350104124539,38.7818863664725],[-9.18405149557676,38.7818482628936],[-9.1846492712585,38.7818443126552],[-9.18468417318242,38.7818440825454],[-9.18472526012264,38.7818344064164],[-9.18491226409762,38.781826129319],[-9.18502250306099,38.781817720429],[-9.18511497163518,38.781807040766],[-9.1852184836699,38.7817828975092],[-9.18532064622305,38.7817269050469],[-9.1853625595184,38.7816781826918],[-9.18546059356492,38.781543812471],[-9.18552086248569,38.7814464786883],[-9.18555610268368,38.7813747170114],[-9.18555633138145,38.7813742662006],[-9.18555704479162,38.7813728891465],[-9.18556577570933,38.7813562365487],[-9.18556820408315,38.7813517750282],[-9.18557751318003,38.7813352969024],[-9.1855804280231,38.7813303425224],[-9.1855827772085,38.7813266148855],[-9.1855947055242,38.7813082215549],[-9.18559568367822,38.781306727444],[-9.1856062671355,38.7812907786852],[-9.18560673550749,38.7812900747042],[-9.1856171972607,38.781274479179],[-9.18562754822063,38.7812588801364],[-9.18563116600933,38.7812536422284],[-9.18563572327875,38.7812475751054],[-9.18564826286401,38.7812316087235],[-9.18565150873756,38.7812275940072],[-9.18565155180905,38.7812275421516],[-9.18566410463636,38.781212476761],[-9.18566462721604,38.7812118508469],[-9.18567703573485,38.7811970919398],[-9.18568932328869,38.7811823440558],[-9.1856924237715,38.7811787189007],[-9.18570725109205,38.7811618307928],[-9.18571218833114,38.7811564229859],[-9.18572590032108,38.7811419773846],[-9.18572645017137,38.7811414017882],[-9.18572784777446,38.7811399562674],[-9.18574157828659,38.7811259077788],[-9.18575530520141,38.7811117717411],[-9.18575808894616,38.781108964774],[-9.18577362732312,38.7810936016],[-9.18577929619698,38.7810882142873],[-9.18578277460635,38.7810851094196],[-9.18579811373906,38.7810717299424],[-9.18580030773542,38.7810698447506],[-9.18581532416521,38.7810571128629],[-9.18583023316496,38.7810442925508],[-9.18583582988507,38.7810396471806],[-9.18584434124034,38.7810331733297],[-9.18586290061361,38.7810197657369],[-9.18586526366883,38.7810180812727],[-9.18586918418182,38.7810153895662],[-9.18588673163907,38.7810036118243],[-9.18588684128849,38.7810035376993],[-9.18590427703561,38.7809918512535],[-9.18590801305082,38.7809893995785],[-9.18592693809013,38.7809772482522],[-9.18593070305882,38.7809748829977],[-9.18594199031545,38.7809683651661],[-9.18597989601012,38.780947846126],[-9.18598074748856,38.7809473869948],[-9.18598563561913,38.7809448391607],[-9.1860064241142,38.7809342917696],[-9.18601423202766,38.7809305013936],[-9.18602173406765,38.7809271688448],[-9.18604164989813,38.7809186997018],[-9.18606168319162,38.7809101392047],[-9.18606529461417,38.7809086285843],[-9.18608554183073,38.7809003388364],[-9.18608804743119,38.7808993275639],[-9.1860930898067,38.7808973850953],[-9.18611478053885,38.7808892827825],[-9.1861353903432,38.7808815685286],[-9.18613596511967,38.7808813547745],[-9.18615590342115,38.780873944533],[-9.18617459663678,38.7808666628865],[-9.18617552685124,38.7808663023652],[-9.18619590055314,38.7808584574992],[-9.18621522523827,38.7808509742219],[-9.1862347790928,38.7808432297402],[-9.18623615653648,38.7808426891176],[-9.18625421085895,38.7808356551992],[-9.18627083361132,38.780828775938],[-9.1862900777011,38.7808205981266],[-9.18629092831643,38.7808202374198],[-9.1863311866779,38.7808033006094],[-9.18633165787596,38.780803103137],[-9.18634738869754,38.7807965217401],[-9.18636092753079,38.7807902354895],[-9.18637957262158,38.7807814888066],[-9.18639855591584,38.7807724438201],[-9.18639910003898,38.780772185196],[-9.18641692829526,38.7807637438347],[-9.18643510883041,38.780754863185],[-9.18643729425827,38.7807538087419],[-9.18649593372442,38.7807258702655],[-9.18651456431026,38.7807169241482],[-9.18653334393837,38.7807078376347],[-9.18655112129935,38.780699153827],[-9.18656653479741,38.7806913924375],[-9.18658309184297,38.7806825607133],[-9.18658335852217,38.7806824183553],[-9.18660218907864,38.7806724040756],[-9.18662111420311,38.7806623103869],[-9.18662397936434,38.7806608064794],[-9.18664350906794,38.7806507217812],[-9.18664356516904,38.7806506932855],[-9.18666234622961,38.7806410008806],[-9.18668113287801,38.7806312181321],[-9.18668872160474,38.7806274314935],[-9.18670562085623,38.7806193587294],[-9.18677178909296,38.780584593889],[-9.18678065766671,38.7805795930192],[-9.18678692664544,38.7805763482871],[-9.18694012098386,38.7804998413403],[-9.18694142075183,38.7804991966727],[-9.18695481655056,38.7804926046501],[-9.18721530948233,38.7802836169036],[-9.18754511772439,38.7800600169288],[-9.187995618239,38.7797676347894],[-9.18805182381241,38.7797464487601],[-9.18808761219373,38.7797053841953],[-9.18809354022037,38.7796988937725],[-9.18810296041076,38.7796896955742],[-9.18811312740916,38.7796809998758],[-9.18811470770496,38.7796797459026],[-9.18816168987758,38.77964284022],[-9.18817098122279,38.7796359365903],[-9.18818251076766,38.7796283545237],[-9.18819465135747,38.7796213773111],[-9.18820734695924,38.7796150379645],[-9.18820891891437,38.779614314078],[-9.18827990705076,38.7795819662229],[-9.18829153298692,38.7795770125732],[-9.18830517705376,38.7795720235437],[-9.1883192087765,38.7795677443153],[-9.1883214962941,38.7795671250254],[-9.1883970349293,38.7795469849939],[-9.18840745720669,38.7795444213914],[-9.18848183048781,38.7795276290144],[-9.18857835943886,38.779503649698],[-9.18869949729342,38.7794609661704],[-9.18881429498391,38.779418886969],[-9.18881434087831,38.7794188703012],[-9.1888193316558,38.7794170392412],[-9.18882645698036,38.7794145415038],[-9.1888335855525,38.7794122640478],[-9.18889683482807,38.7793930157476],[-9.18894035759515,38.7793797712767],[-9.18894726184452,38.7793777703298],[-9.18895414705301,38.7793759645839],[-9.18907105167759,38.779346930412],[-9.18914938200691,38.7793248008224],[-9.18921722131564,38.7792986965444],[-9.18928169311215,38.7792713161414],[-9.18934341988501,38.7792370802784],[-9.18945482939754,38.7791717303696],[-9.18946049982187,38.7791685098687],[-9.18964211128189,38.7790685916801],[-9.18964438736557,38.779067355773],[-9.18965708272489,38.7790610153675],[-9.18966319397265,38.7790582775427],[-9.18983665772041,38.7789832945697],[-9.18984374418235,38.7789803574014],[-9.1898553404245,38.7789760629949],[-9.18995540766136,38.7789416489288],[-9.18995745524562,38.7789409532214],[-9.18997149020154,38.7789366737681],[-9.18998584964957,38.7789331218388],[-9.18998635899633,38.7789330097846],[-9.19001228381495,38.7789273713455],[-9.19001288977939,38.7789272403581],[-9.19006313363156,38.7789164258337],[-9.19007664249171,38.7789138594465],[-9.19009147159301,38.7789118048081],[-9.19009808632067,38.7789111382142],[-9.19021944805989,38.7789003114605],[-9.19022780173914,38.7788996869163],[-9.19023758406157,38.7788992598279],[-9.19035643177067,38.7788960546309],[-9.19050021771019,38.7788903943548],[-9.19050911495146,38.7788901784086],[-9.19051218079285,38.7788901669196],[-9.19071713012331,38.77889044669],[-9.19089338411975,38.7788877841091],[-9.19089516134961,38.7788877626052],[-9.19089886277991,38.7788877516709],[-9.19110857363575,38.7788884914815],[-9.19128520983004,38.7788744616275],[-9.19144140312928,38.7788543142871],[-9.19146618132453,38.7788496971786],[-9.19148188238789,38.7788374179503],[-9.19152922240944,38.778786717411],[-9.19178029142287,38.7783894886849],[-9.19178310459231,38.7783851842705],[-9.19191598090123,38.7781884227781],[-9.19191881597969,38.7781843529201],[-9.19192661790435,38.7781742706731],[-9.19193524735578,38.7781646107152],[-9.19194466568533,38.778155411321],[-9.19194589612659,38.7781542968055],[-9.19204764844405,38.7780628473115],[-9.19205658659824,38.7780552657753],[-9.19206029818961,38.7780523572499],[-9.19221072086442,38.7779372263438],[-9.19221551164215,38.7779336624458],[-9.1923362005458,38.7778464545363],[-9.19233856793009,38.7778447680962],[-9.19234642472747,38.7778394933606],[-9.19257613182606,38.7776921287411],[-9.19262958010032,38.7776363458299],[-9.19277272612402,38.7774488155833],[-9.19277528905822,38.7774455355167],[-9.19289459951191,38.7772965465208],[-9.19289677135987,38.7772938866911],[-9.19290278310965,38.7772870169434],[-9.19291422019476,38.7772745721328],[-9.19291447223699,38.7772742998742],[-9.19298446364714,38.7771984492942],[-9.19298683023303,38.7771959321625],[-9.19299624715944,38.7771867336003],[-9.19300641434406,38.7771780365735],[-9.1930066104178,38.7771778794923],[-9.19319266656125,38.7770291849958],[-9.19319889129147,38.777024394527],[-9.1934011556612,38.7768745621591],[-9.1934056031949,38.7768713516611],[-9.19341713173506,38.7768637690886],[-9.19341774672379,38.7768633924087],[-9.19351524980608,38.7768038243091],[-9.19353109965767,38.7767940905877],[-9.19354308265406,38.7767872099597],[-9.19355577725873,38.7767808691409],[-9.19356897537322,38.7767751919096],[-9.19357004644586,38.7767747686531],[-9.19357563367525,38.7767725762272],[-9.19358799434433,38.7767394046085],[-9.19358907723959,38.776736664358],[-9.19359164701058,38.7767311242067],[-9.19359467336714,38.7767257270881],[-9.19359814628996,38.7767204974706],[-9.19360204763033,38.7767154562864],[-9.19360636388859,38.7767106262337],[-9.1936110699788,38.7767060273991],[-9.19361422184736,38.7767032638556],[-9.19370537282625,38.7766265914801],[-9.19370730561631,38.7766250055693],[-9.19370814014502,38.7766243433776],[-9.19379151811637,38.7765589105791],[-9.19379544938819,38.7765559693065],[-9.19383817519405,38.7765254664564],[-9.19387765944391,38.776497202457],[-9.19387785234897,38.7764970652686],[-9.19396875573813,38.7764322908802],[-9.19440815909205,38.7760408109987],[-9.19441785652582,38.7760316495008],[-9.19447556320792,38.7760224158415],[-9.19451617448703,38.7760317795364],[-9.19489276988728,38.775696732747],[-9.19503689524915,38.7755685071276],[-9.19527882205331,38.7753532675584],[-9.19538966182075,38.7752600784083],[-9.19544498181117,38.7752038419861],[-9.19546815297955,38.7751650216496],[-9.19546306590607,38.7751221558027],[-9.19539021790692,38.7750726220977],[-9.19533301367116,38.7750264016169],[-9.19532055195228,38.7749969343848],[-9.19532478501968,38.7749642716616],[-9.19534939666696,38.774936015943],[-9.19571675295971,38.774656718093],[-9.19649062197731,38.7742898530927],[-9.196530303212,38.7742546565074],[-9.19653553942871,38.7742044571595],[-9.19637050918719,38.7740575434206],[-9.1961915185019,38.7738974916681],[-9.19615781461979,38.7738824360164],[-9.19618236544686,38.7738254994686],[-9.19620762434192,38.7737669249024],[-9.19629244472103,38.7735702244525],[-9.19631531950303,38.7735171775474],[-9.19641115127923,38.7732949425096],[-9.19643222061964,38.7732460780742],[-9.19666262897614,38.7726276708101],[-9.1966608170776,38.7725748647566],[-9.1966059256812,38.7725169301262],[-9.19656428521027,38.7724894829239],[-9.19612010322126,38.7721955384763],[-9.19564209131435,38.7718792023309],[-9.19557770394414,38.771836949659],[-9.19547724295757,38.771826165662],[-9.19537216148404,38.771845161209],[-9.19452125483645,38.7719989715109],[-9.19405837639051,38.7720826388386],[-9.19374969542803,38.7721384331598],[-9.19388098136738,38.772358395241],[-9.19424738795198,38.7726119184125],[-9.19430562049361,38.7726522114868],[-9.19472186116543,38.7729424122226],[-9.19611905551823,38.773916502665],[-9.19495044065492,38.7746550554202],[-9.19436596776886,38.7754215213571],[-9.19418233858279,38.7755628522575],[-9.19395586732981,38.77525923171],[-9.193527516567,38.7754646545022],[-9.19326549083916,38.7750967324487],[-9.19300704734911,38.7748220406365],[-9.19273652004814,38.7744781976267],[-9.19233329994608,38.774135557672],[-9.19215470425966,38.7740246302383],[-9.19188956975566,38.7740443498045],[-9.19163485057297,38.7740206867004],[-9.19139035486459,38.7739256423135],[-9.19132587671949,38.7739566645025],[-9.19074783089238,38.7745664756556],[-9.19019450082234,38.7748525093985],[-9.18897572907203,38.7751814888456],[-9.18893824805966,38.7752214728499],[-9.18893685256292,38.7753867042285],[-9.18884543359894,38.775604496107],[-9.18840706929693,38.7760674389482],[-9.18816119396565,38.7762396894984],[-9.18804749641151,38.776379848494],[-9.18791792399074,38.7764742489993],[-9.18791078567392,38.7764794492351],[-9.18783585891063,38.7766421732255],[-9.18735472573158,38.7767904689353],[-9.18712228805404,38.776862109364],[-9.18661519761076,38.7770184021644],[-9.1862172652546,38.7771410478211],[-9.18523697107539,38.7775750425584],[-9.185318296535,38.7777490087997],[-9.18511710731812,38.7780799574701],[-9.18494199764477,38.7782072787234],[-9.18456207493732,38.7784835146481],[-9.18456478103566,38.7788692667242],[-9.18399632109591,38.7795715696408],[-9.18381310080575,38.7796155433165],[-9.18345856466341,38.779700637935],[-9.18284506507205,38.7798478800541],[-9.18059466517979,38.7802166856982],[-9.18045550966709,38.7803001139371],[-9.18040653326741,38.7803982152635],[-9.18039595628655,38.7804997655889],[-9.18039689446867,38.7805637443004],[-9.18039692486911,38.7805658225467],[-9.18039837654913,38.7806649048336],[-9.18039043906084,38.7807306705088],[-9.18036172687841,38.7807743880055],[-9.18031910533375,38.7808177109669],[-9.18023874632778,38.7808881210442],[-9.18018497175999,38.7809239964032],[-9.18013705796218,38.7809480198894],[-9.18007395781992,38.780965102344],[-9.17995958152746,38.7809826432378],[-9.17988812639489,38.7809819849595],[-9.17982984642136,38.7809814469921],[-9.1795462163593,38.7809769120002],[-9.17946558271657,38.7809804493538],[-9.17938143900768,38.7809901543131],[-9.17922967196666,38.7810350274361],[-9.17922680596162,38.7810359325348],[-9.17758249512215,38.7815552365264],[-9.17719726890397,38.7815993511283],[-9.1769927837443,38.7813164950453],[-9.17620274840089,38.7816044452162],[-9.17594883770168,38.7812110281746],[-9.1756678576431,38.7812556791182],[-9.17563246613498,38.7811649183726],[-9.17501013575622,38.7812717122669],[-9.1749936975275,38.7813021336953],[-9.1750222838985,38.7814554580501],[-9.17565730436798,38.7824334733989],[-9.17565379883588,38.7824782388665],[-9.17495409149887,38.7828183453108],[-9.17527393089154,38.7832483947271],[-9.17498009354889,38.7834050203636],[-9.17505057637062,38.7834552189834],[-9.17509961944747,38.7835124311965],[-9.17508525668471,38.7835196742678],[-9.17485772375954,38.7836382751481],[-9.17497775587763,38.7837881422257],[-9.17496602271399,38.783794795707],[-9.17473366400604,38.783980676987],[-9.17455239745724,38.7841314123376],[-9.17438864809146,38.7842737070325],[-9.17387690389252,38.7845047081184],[-9.173588758466,38.7845845974281],[-9.17321815991049,38.7846418416281],[-9.17283783785726,38.7848231210854],[-9.17267329595351,38.7849325533098],[-9.17135210392727,38.7851949093542],[-9.1714021120406,38.7855296147304],[-9.17140209120359,38.7855719211507],[-9.17136351151233,38.78561522751],[-9.17131080962425,38.7856310399666],[-9.17123812633333,38.7856209455148],[-9.17113207844963,38.7856080792978],[-9.17106725869547,38.7855994489429],[-9.17094733242873,38.7855759665263],[-9.17080586558413,38.7855542066315],[-9.17066651540556,38.7855431706904],[-9.17053498427713,38.7855305311049],[-9.17044272260325,38.785522143134],[-9.17040465483042,38.7856007351975],[-9.17037168810962,38.7856255790955],[-9.1703363158444,38.7856197550466],[-9.17029279113065,38.7855925229233],[-9.17024120408217,38.7855500190526],[-9.17018428513564,38.7855104635563],[-9.17016425398787,38.7854939120652],[-9.17012432636703,38.7854701034215],[-9.17009887849226,38.7854622734239],[-9.17006714530274,38.785457598016],[-9.17001410360879,38.7854574502103],[-9.16997300511573,38.7854621516183],[-9.16991927865874,38.785469444477],[-9.16988682483688,38.7854697324348],[-9.16977636657334,38.7854409739263],[-9.16969058397396,38.7854212874493],[-9.16965474080584,38.7854061158439],[-9.16962748619382,38.7853828122066],[-9.16958820649614,38.7853271697579],[-9.16960495498017,38.7853054086618],[-9.16965494608936,38.7852688451476],[-9.16957754478975,38.7850028150395],[-9.16963060537307,38.7848757832036],[-9.16973565879064,38.7846601083771],[-9.16985640810975,38.784423932477],[-9.16994646514148,38.7842536077594],[-9.17003208331921,38.7840867471327],[-9.17012165233627,38.7838983194777],[-9.17014464508851,38.7838509959376],[-9.17023250345296,38.7836701610268],[-9.17036253673999,38.7836770228487],[-9.17047216231752,38.7836658709126],[-9.17067458990115,38.7835939905455],[-9.17076771389875,38.7835479419428],[-9.1708607567245,38.7834962226975],[-9.17096334669526,38.7834049645679],[-9.1710174954801,38.7833420675797],[-9.17102016376032,38.7833389685386],[-9.17109910454056,38.7832116203637],[-9.17112833113058,38.7831322759048],[-9.17111806113843,38.7830193208175],[-9.17119170266243,38.7828848649214],[-9.17119396439208,38.7828807340306],[-9.17139126747318,38.7828529468308],[-9.17158713021061,38.7828207618963],[-9.1717702354452,38.7828055264482],[-9.17205111627418,38.782763483563],[-9.17219638228697,38.7827339984971],[-9.17228536401697,38.7826959132577],[-9.17239809944698,38.7826055554012],[-9.17262658961909,38.7823402214676],[-9.17270033097274,38.7822513839136],[-9.17281455879552,38.7821531702157],[-9.17293345344867,38.7820832028689],[-9.1730781092818,38.7820118333238],[-9.17322703799042,38.7819257429072],[-9.17325363520263,38.7820689998845],[-9.17357933095723,38.7819979789205],[-9.17358310724398,38.7819971543409],[-9.17354164461043,38.7816313620073],[-9.17350227990114,38.7812786098701],[-9.17350194933082,38.7812756398248],[-9.17373307925667,38.7811922392944],[-9.17390091939196,38.78062686088],[-9.17390687621042,38.7805720286413],[-9.17390731571649,38.7805679819528],[-9.17400385241556,38.7805591934427],[-9.17513079878759,38.7802338732161],[-9.17521669080726,38.7802609502757],[-9.17551785386053,38.780355890309],[-9.17568320337294,38.7804098111501],[-9.17589186032962,38.7803638995452],[-9.1762636175591,38.7800282849346],[-9.17644600411841,38.7798616325334],[-9.17695703400175,38.7799701098746],[-9.17742327569509,38.7800688073689],[-9.17766749547014,38.7801887689734],[-9.17804194538467,38.780227209112],[-9.17843661501383,38.7800745088353],[-9.17851852601133,38.7800489155351],[-9.17879403766331,38.7799401560759],[-9.17901329036513,38.7798399182391],[-9.17917990655708,38.7798779682218],[-9.17932404412104,38.7798585704196],[-9.17935671847443,38.7798400303641],[-9.17935840019284,38.7798390753694],[-9.17952087046122,38.7795054937166],[-9.17952095195165,38.7795053251771],[-9.17956082302455,38.779454074253],[-9.17968864008068,38.779412212661],[-9.17995415954403,38.7793126351087],[-9.18026448659816,38.779216173871],[-9.18043981566566,38.7791659579542],[-9.18071620668267,38.7791171805224],[-9.18100981765651,38.7790659014965],[-9.18113656516694,38.7790455755769],[-9.18142053820948,38.7790271747316],[-9.18154590349205,38.7790147885035],[-9.18165098026248,38.7789923162386],[-9.18172221595245,38.778937446667],[-9.1819358760108,38.7787387995673],[-9.18286783701189,38.7785794078375],[-9.18311420114745,38.7785452838109],[-9.183115087531,38.7785451602722],[-9.1832308634423,38.7783418056591],[-9.18332849195293,38.7782041939036],[-9.1833387960428,38.7781902370872],[-9.18345870111181,38.7780278224398],[-9.18362597103721,38.7778206706292],[-9.18391781309012,38.7775478983428],[-9.18488351617863,38.7767270871966],[-9.18488375313783,38.77672688552],[-9.18494313169556,38.7766455551906]],[[-9.20016044562523,38.7703075941204],[-9.19977463265842,38.7704229048273],[-9.19939302018608,38.7704416123894],[-9.19929969779039,38.7705260569697],[-9.19928136656301,38.7707628557329],[-9.19923997126728,38.7712277606662],[-9.19925343353128,38.771513270736],[-9.19987048319664,38.7720059694488],[-9.20006976304122,38.772165086352],[-9.20017255629763,38.7720983909473],[-9.20047448625167,38.7719363750658],[-9.20091911893677,38.7721997476219],[-9.2015840592192,38.7715975360808],[-9.20077503146758,38.771288767948],[-9.2005687623934,38.7711373430147],[-9.20016044562523,38.7703075941204]],[[-9.16685371849622,38.7876262634409],[-9.16634658041233,38.7880507079383],[-9.1660134311726,38.7883402811273],[-9.16545392461316,38.7891512525804],[-9.16541720560597,38.7892003661654],[-9.16534147941664,38.7891850625392],[-9.16530163097835,38.7893156523599],[-9.16523088351738,38.7893057592096],[-9.1651790284121,38.789440342106],[-9.1650171673657,38.789407585378],[-9.16498759506348,38.7894551865287],[-9.1648692108205,38.7894316689424],[-9.16479089805346,38.7895921299654],[-9.16452162513774,38.7895566694786],[-9.16445375141227,38.7896960154891],[-9.16422723388482,38.7896433573813],[-9.16414347996234,38.7897996620014],[-9.16390101872638,38.7897597586156],[-9.16381750842716,38.7899328786061],[-9.16357504341896,38.7898929727708],[-9.16353724277019,38.7898806959746],[-9.16341731681015,38.7901382237647],[-9.16321797285287,38.7901063485444],[-9.16313729961883,38.7903746133069],[-9.16313373732198,38.7903754356662],[-9.16298219643984,38.7904103789497],[-9.16230437351368,38.7907780972633],[-9.16224850421662,38.7907288096795],[-9.16163512333615,38.7911523717414],[-9.16192767447991,38.7914318831309],[-9.15886221489976,38.7934369234762],[-9.1587901311762,38.7934685344764],[-9.15876717468425,38.7934716379682],[-9.15875311719124,38.7934685569099],[-9.15870278381356,38.7934315854196],[-9.15867804099273,38.7934138137641],[-9.15864958489299,38.793393668419],[-9.15861620806157,38.7933969482164],[-9.15854363835019,38.7934074504017],[-9.15836817116035,38.7934351043872],[-9.15819192318555,38.7934661716665],[-9.15816962426483,38.793475555388],[-9.15791477319784,38.7936730947493],[-9.15789720720342,38.7936900773985],[-9.15788542996712,38.7937090236859],[-9.15788336399742,38.7937629505168],[-9.15788426248038,38.7938256123575],[-9.15788518763511,38.7938712837601],[-9.15788388380691,38.7938817509845],[-9.15787917310874,38.7938907781374],[-9.15785655239881,38.7939093662581],[-9.15768904135286,38.7940436481503],[-9.1576715897736,38.7940586397307],[-9.15765668132761,38.7940684930783],[-9.15764955104193,38.794073159578],[-9.15763528434876,38.794081984289],[-9.15759515047517,38.7941036170617],[-9.15757911630536,38.7941239721731],[-9.15757809893094,38.7941531624953],[-9.15760584502425,38.7941791589091],[-9.15763360110603,38.794198357162],[-9.15766140850491,38.7942211386393],[-9.15769260999153,38.7942455932508],[-9.15729658025921,38.794519402528],[-9.15701117321419,38.7946026392242],[-9.1569077630816,38.7949238491265],[-9.15705884279789,38.7954519808157],[-9.15762415740341,38.7960224808294],[-9.15777350689726,38.7960029367519],[-9.15784661079782,38.7959933702877],[-9.15806875586517,38.7959580517617],[-9.15811410851933,38.7959486166062],[-9.15822084628932,38.7959264137712],[-9.158520334258,38.7958602357728],[-9.1587143762753,38.7958069056637],[-9.15902955271668,38.7957122659359],[-9.15921505235133,38.7956416234226],[-9.15949454874304,38.7955294938635],[-9.15952120451268,38.7954776218532],[-9.15954794087555,38.7954340252703],[-9.15959252906808,38.795372783242],[-9.15973620592621,38.7952185405049],[-9.15983156760351,38.7951120205934],[-9.16002638465713,38.7952159760525],[-9.16059262877411,38.7949458174389],[-9.16084033698457,38.7948396706416],[-9.16120044064275,38.7946688958823],[-9.16309507852075,38.792913914638],[-9.16428466398895,38.7936702168881],[-9.16484505029777,38.7931091143298],[-9.16510644446367,38.7932731693609],[-9.16544903411642,38.7934737644269],[-9.16558115600106,38.7928748963568],[-9.16583510068601,38.7929135479798],[-9.16602356513012,38.7923173262398],[-9.16631144946227,38.7924035296271],[-9.16633879118501,38.7924169300352],[-9.16636641909972,38.7923779144446],[-9.16662543462656,38.7920121189979],[-9.16666078345306,38.7919621973248],[-9.1673909138861,38.7909310416354],[-9.16743457965706,38.791019371288],[-9.1674864748845,38.7910661119157],[-9.167676272785,38.7911696395321],[-9.16781972176153,38.7912617978199],[-9.16807156682939,38.7909984119815],[-9.1682185915351,38.7907154381306],[-9.16822298764565,38.7903340220983],[-9.16829953081204,38.79021975604],[-9.16864639450809,38.7896289498575],[-9.16881241058574,38.7894251399771],[-9.16893820787493,38.7892199943322],[-9.16903661905272,38.7890187003108],[-9.16922963537272,38.7887253184659],[-9.16901189895652,38.7886551889226],[-9.16931519732358,38.7882125619172],[-9.16940556462667,38.7880949761893],[-9.16949303028228,38.7879675959919],[-9.16938506343402,38.7876975409025],[-9.16929832183438,38.7878667197078],[-9.16896143758251,38.7877455409749],[-9.16865345451734,38.7876710153425],[-9.16830069438017,38.7876713826633],[-9.16793399229547,38.7876829132726],[-9.16755730248955,38.7877359200178],[-9.16720590064567,38.7878300888167],[-9.16685371849622,38.7876262634409]],[[-9.15519929633086,38.7945259203444],[-9.15464283836725,38.7950675524129],[-9.15466018659547,38.7954569537983],[-9.15536797603786,38.7963561948333],[-9.1555020227866,38.7963143464257],[-9.15586764973938,38.7962278126312],[-9.15606573062347,38.7961932819026],[-9.15657692192365,38.7961256055312],[-9.15667886958367,38.7961161221196],[-9.15663685774201,38.7960493148889],[-9.15663421545333,38.7958648313385],[-9.15650742809329,38.7956012145953],[-9.15605919932929,38.7950897786483],[-9.1558018125753,38.7948842550474],[-9.15554529539355,38.7947393261988],[-9.15519929633086,38.7945259203444]]]}},{"type":"Feature","id":"CRUS_Odivelas_V.399326","properties":{"Area_Ha":0.992778255485492,"Autor":"DGT","Categoria":"Espaço Verde","Classe":"Solo Urbano","DTCC":"1116","Data_PublicacaoPDM":"2024-09-06T00:00:00","Designacao_PlantaOrdenamento":"Espaço Verde","Escala_PlantaOrdenamento":"1/10000","Fonte":"CM_Vetor","ID":399326,"Municipio":"ODIVELAS"},"geometry":{"type":"Polygon","coordinates":[[[-9.22039245778431,38.8171650715436],[-9.22044970937954,38.8172500217154],[-9.22050849397243,38.8173601785827],[-9.22059217042035,38.8174711402449],[-9.22034261845912,38.817497515685],[-9.22025485910096,38.8184495150082],[-9.22001032583729,38.8184248340381],[-9.22005681616463,38.8180298676107],[-9.22005475209514,38.8178716228907],[-9.22004564288571,38.8177346115476],[-9.22002969997134,38.8176836822452],[-9.22002789887487,38.817591927193],[-9.21997787037266,38.8175571872792],[-9.21978797257608,38.8175091637937],[-9.2192743835545,38.8175033553097],[-9.21853331551257,38.8175233074128],[-9.21880114344972,38.817129871918],[-9.219410433812,38.8168729187826],[-9.21971921171964,38.8168243571186],[-9.21982424744055,38.8168188095497],[-9.22005830346595,38.817232397923],[-9.21986996463472,38.8172920519935],[-9.21990440073206,38.8174805491637],[-9.2202254157753,38.8174684239295],[-9.22038467010655,38.8171882404722],[-9.22039245778431,38.8171650715436]]]}},{"type":"Feature","id":"CRUS_Odivelas_V.399327","properties":{"Area_Ha":0.306422972179856,"Autor":"DGT","Categoria":"Espaço Habitacional","Classe":"Solo Urbano","DTCC":"1116","Data_PublicacaoPDM":"2024-09-06T00:00:00","Designacao_PlantaOrdenamento":"Espaço Habitacional - Nivel 2","Escala_PlantaOrdenamento":"1/10000","Fonte":"CM_Vetor","ID":399327,"Municipio":"ODIVELAS"},"geometry":{"type":"Polygon","coordinates":[[[-9.20344553113086,38.8183732169725],[-9.20344738004762,38.8183688985626],[-9.20342446820995,38.8182644402963],[-9.20340847231642,38.8182081882984],[-9.20380857227271,38.8181637292981],[-9.20392584046988,38.8181746685739],[-9.20426911177514,38.8181504918194],[-9.20439765929607,38.818118289931],[-9.20454373798632,38.8180293254096],[-9.20464332481411,38.8180133929667],[-9.2047556020826,38.8180754395325],[-9.20469982058853,38.8181735523239],[-9.20466815111593,38.8183385807885],[-9.20462510703682,38.8184176381404],[-9.20449542022271,38.8185472883962],[-9.20443984509029,38.8185258925458],[-9.20431607332912,38.8184250238742],[-9.20422637911131,38.8183731596311],[-9.20403382304012,38.8183375146837],[-9.20367887578798,38.8183481457338],[-9.20344553113086,38.8183732169725]]]}},{"type":"Feature","id":"CRUS_Odivelas_V.399328","properties":{"Area_Ha":26.2906968534541,"Autor":"DGT","Categoria":"Espaço Florestal","Classe":"Solo Rústico","DTCC":"1116","Data_PublicacaoPDM":"2024-09-06T00:00:00","Designacao_PlantaOrdenamento":"Espaços Florestais com Funções Predominantes de Recreio e Valorização da Paisagem Grande Lisboa","Escala_PlantaOrdenamento":"1/10000","Fonte":"CM_Vetor","ID":399328,"Municipio":"ODIVELAS"},"geometry":{"type":"Polygon","coordinates":[[[-9.19838304704368,38.8057984968294],[-9.19834664669393,38.8057423578021],[-9.19834316650761,38.8056681312154],[-9.19835600536095,38.8055349454637],[-9.19807506329381,38.8054080686156],[-9.19795505866929,38.805344239339],[-9.19773562712486,38.8052207828696],[-9.19755936612297,38.8051198341675],[-9.19739870406188,38.8050308087317],[-9.19720415900997,38.8049292432172],[-9.19704294333313,38.8048413410371],[-9.19686374366897,38.8047442454809],[-9.19677953994263,38.8046986213146],[-9.19666507081019,38.8046051518121],[-9.19659195532604,38.8045273920895],[-9.19667069900403,38.8044197766133],[-9.19680728064084,38.8042524512205],[-9.19640792283305,38.8037135805712],[-9.19632827525767,38.8036202994304],[-9.19623143988466,38.8037307113087],[-9.19607714796411,38.8038689328322],[-9.19590669613457,38.8039694085667],[-9.19556809477897,38.8042013949806],[-9.19557833581258,38.8040556518975],[-9.19553803419557,38.8037990915084],[-9.19549311631524,38.8036918789317],[-9.1954380642209,38.8036083895512],[-9.19539545279248,38.8035481571509],[-9.19537826879832,38.8034946875199],[-9.19537127848163,38.8033508518567],[-9.19535372062942,38.8032329572806],[-9.19532631702752,38.8031119008214],[-9.19523851032981,38.8029995188136],[-9.19512806554371,38.8028949730453],[-9.19500760545072,38.802822695349],[-9.1949627522153,38.8027919596925],[-9.19487751541539,38.8027640334065],[-9.19482916527781,38.8027501209737],[-9.19484073146325,38.8026029194036],[-9.19492266396478,38.802562709336],[-9.19498593838412,38.8025011424121],[-9.19523293450287,38.8024612249813],[-9.19529197100282,38.8024230159857],[-9.19537044063433,38.8023727298645],[-9.19550628924013,38.802207375541],[-9.19559542260175,38.8018891238245],[-9.19562383309243,38.8017561813005],[-9.19429282264451,38.8015876022311],[-9.19348017352791,38.8012354832686],[-9.19290333165158,38.8013198982075],[-9.1926730032182,38.8013129806752],[-9.19198031402952,38.8012251127041],[-9.19186276240957,38.8011784427142],[-9.19171441388394,38.8011019511826],[-9.19163671029447,38.8010824362326],[-9.19151151845715,38.8011037902676],[-9.19134882417879,38.8011332868439],[-9.19123349836419,38.8011374455019],[-9.19104207872304,38.8011080455383],[-9.19083396257801,38.8010258675549],[-9.19069380148009,38.8009648677505],[-9.19057131987157,38.8009390640968],[-9.19044575752715,38.800936837116],[-9.18969174301585,38.8007589210523],[-9.18955153389673,38.8006966778897],[-9.18944001950907,38.8006486885809],[-9.18909126887773,38.8004176448974],[-9.18903232993739,38.8003754101122],[-9.18917360376842,38.8002820729441],[-9.1887724222514,38.8000092331196],[-9.18842723341572,38.799883191328],[-9.188324979043,38.7999741914947],[-9.18780559754493,38.7998494455651],[-9.1873090808781,38.7999175523233],[-9.18727256609375,38.7999065691603],[-9.18722688846216,38.7998928316953],[-9.18705781190466,38.7997745943417],[-9.18703921787839,38.7996959601506],[-9.18701540904485,38.7995952705355],[-9.18705649819806,38.7991840418744],[-9.18706448744094,38.7991040780604],[-9.18707262943154,38.7989869398456],[-9.1870814654234,38.7988248031],[-9.18708091182862,38.798786361059],[-9.18706941899012,38.7986432840366],[-9.18704692916692,38.7985498690367],[-9.18696973243365,38.798405549033],[-9.18687633793975,38.7982760591772],[-9.18671187704979,38.7980994856125],[-9.18658324401461,38.7979666447273],[-9.18684709224089,38.7978012133642],[-9.18702541856148,38.7976817212149],[-9.18678593330521,38.7974361663215],[-9.18642057262119,38.7972127936231],[-9.18630403403831,38.7971910608966],[-9.1859899691461,38.7969687025079],[-9.18583809378576,38.7968169428351],[-9.18573477693391,38.7968358886521],[-9.18560950593609,38.796927096549],[-9.18514343855943,38.7965439675262],[-9.18506968694403,38.7964562830674],[-9.18495913335321,38.7961591202315],[-9.18495622307929,38.7959614539142],[-9.1850169660489,38.7957978106648],[-9.18509427756424,38.795764329736],[-9.1851801302256,38.7957271484451],[-9.18536238186668,38.7956661983207],[-9.18554291913585,38.7954954534349],[-9.1857363799289,38.7950855574962],[-9.18620567860338,38.7955256264344],[-9.1867821463181,38.7962206747266],[-9.18700593139231,38.7963101127317],[-9.18730418681283,38.7958661401136],[-9.18748585323939,38.7957656532848],[-9.18785451111044,38.7959254177649],[-9.18816553455799,38.7960313378701],[-9.18829482124821,38.7962328026743],[-9.18805190508486,38.7964623440259],[-9.18824806214785,38.7969152620668],[-9.18825729664521,38.797112870211],[-9.18846294483532,38.7973531838188],[-9.18892105504407,38.7977727958418],[-9.18892677319091,38.7977772442995],[-9.18916571888912,38.7976076987609],[-9.18942319781618,38.7974250012599],[-9.18965184641754,38.7977512826424],[-9.18959300796909,38.7981973121694],[-9.18987680305675,38.7985056916016],[-9.19006059704101,38.7985367633787],[-9.19006789384742,38.7988516874314],[-9.19025652670244,38.7995984522429],[-9.19035903855748,38.7997166931863],[-9.19045841473832,38.799894357059],[-9.19120436015397,38.7998964255082],[-9.19257489951484,38.7997124906398],[-9.19271711251103,38.799611214905],[-9.19372889209775,38.7995428476213],[-9.19412108445291,38.7993575995215],[-9.19430057626191,38.7990424114787],[-9.19430860105187,38.7987884127622],[-9.19435904801978,38.7987333814817],[-9.19598473358147,38.7991481547362],[-9.19628907472419,38.7992501978719],[-9.19630016987349,38.7992539189473],[-9.19537141531659,38.7997389936702],[-9.19535434938604,38.7997889201929],[-9.19534383098393,38.7999788563251],[-9.19530696936981,38.8000469506762],[-9.1952008154591,38.8001095784523],[-9.19492179372062,38.8002376946078],[-9.19502473847972,38.8004380042058],[-9.19481787036142,38.8005391542665],[-9.19498846377306,38.8008477740258],[-9.19479305996923,38.8009194317846],[-9.19440816240737,38.8007394844626],[-9.19425833647886,38.8010297978456],[-9.1935403453887,38.800752620964],[-9.19347565717595,38.8009069464335],[-9.19341824150203,38.8009493970521],[-9.19328523763577,38.8010134965269],[-9.19305676961003,38.8009631606639],[-9.19264956155503,38.8009039652821],[-9.19259509781668,38.8011455464084],[-9.19303734738505,38.8011590029638],[-9.19333943463057,38.8010549324687],[-9.19351272211775,38.8009974540772],[-9.19360206483387,38.8010001374456],[-9.19379544192803,38.8010927176509],[-9.19407883603582,38.8012333991379],[-9.19413786119178,38.801299249006],[-9.19417051646367,38.8013932916575],[-9.1944749894236,38.8014499216557],[-9.19465880818841,38.8013960929921],[-9.19537773982075,38.8011923811319],[-9.1956843624008,38.801103494616],[-9.19623499047815,38.8019734501529],[-9.19654044457369,38.8020507100438],[-9.19653012219821,38.8021507042284],[-9.19649716966459,38.8022246765362],[-9.19645969767016,38.8022642049649],[-9.19639854182007,38.8023274608101],[-9.1963811439076,38.8023677735442],[-9.19637225987941,38.8023970221333],[-9.19637790084304,38.8024238595799],[-9.19639096470972,38.8024406026118],[-9.19641852784441,38.8024589472799],[-9.19687561385979,38.8026748031408],[-9.19677936741312,38.8028492059588],[-9.19689269656456,38.802878301677],[-9.19716250689091,38.803647851524],[-9.19735213180306,38.8038057423928],[-9.19751188747052,38.8040704931496],[-9.19788074915147,38.8043429731345],[-9.1980345561508,38.8046292748235],[-9.19853709482389,38.8044579466252],[-9.19865533032366,38.8046783891891],[-9.19893324977984,38.8045885893508],[-9.19943329260676,38.8050811355719],[-9.19951238664387,38.8051590411732],[-9.19956583905516,38.8051973704219],[-9.20001410860763,38.8056067281037],[-9.19979421055058,38.8057158395983],[-9.1997383250816,38.8056695364701],[-9.19961058790265,38.8056212337714],[-9.19915454969667,38.8054487850572],[-9.19909624875882,38.805433702932],[-9.19885583470796,38.8059471430343],[-9.19838304704368,38.8057984968294]]]}},{"type":"Feature","id":"CRUS_Odivelas_V.399329","properties":{"Area_Ha":1.41200445392736,"Autor":"DGT","Categoria":"Aglomerado Rural","Classe":"Solo Rústico","DTCC":"1116","Data_PublicacaoPDM":"2024-09-06T00:00:00","Designacao_PlantaOrdenamento":"Aglomerado Rural","Escala_PlantaOrdenamento":"1/10000","Fonte":"CM_Vetor","ID":399329,"Municipio":"ODIVELAS"},"geometry":{"type":"Polygon","coordinates":[[[-9.22690042997585,38.8261828372463],[-9.22687010987593,38.8261654936642],[-9.22681855443626,38.82617452693],[-9.22664371446819,38.8262580278298],[-9.22660747586634,38.826251810148],[-9.22657099711144,38.8262244612222],[-9.2265745267464,38.8260331090568],[-9.22657558779561,38.8260151700677],[-9.22659013551556,38.8259469247764],[-9.22663910751943,38.8258874125003],[-9.22670743943917,38.8258491513041],[-9.22677116664814,38.8257783562321],[-9.22682729704654,38.825699832027],[-9.22686111464015,38.8256293169443],[-9.22686561546978,38.8255466685854],[-9.22632833312007,38.8251354616325],[-9.22632236688381,38.8251049756743],[-9.22659941756085,38.8248683178681],[-9.22675205497127,38.8246781593158],[-9.22672877072306,38.8245328690227],[-9.2266832067567,38.824248553326],[-9.22702590977416,38.8242174049515],[-9.22711655570606,38.8245372178299],[-9.22716968359292,38.8247246643471],[-9.22734923721831,38.8247495542441],[-9.22745293508426,38.824738985804],[-9.22747794473906,38.8247743929266],[-9.22751008619465,38.8248801953283],[-9.22750921655625,38.8250446619895],[-9.22748380163172,38.8251086942103],[-9.22746093170256,38.8251990332056],[-9.22745559737896,38.8252201074098],[-9.22746438805715,38.825305823057],[-9.22750549242713,38.8253853851172],[-9.22750846479628,38.8253917290969],[-9.22737115977414,38.8254347044989],[-9.22724720872997,38.8253243427833],[-9.22713002711836,38.8252324930758],[-9.2269802498905,38.8252005305357],[-9.22684852498159,38.8252203006817],[-9.22686327183659,38.8253207899811],[-9.22691361784848,38.8254251823927],[-9.22700661216178,38.8255291763102],[-9.22731222123443,38.8256609738407],[-9.22770590596325,38.8257893873453],[-9.22768943398354,38.8258831814453],[-9.22746136261382,38.8263064024083],[-9.22743596300711,38.8264233349742],[-9.22725293021716,38.8264563181518],[-9.22699777331627,38.8263710724361],[-9.22690042997585,38.8261828372463]]]}},{"type":"Feature","id":"CRUS_Odivelas_V.399330","properties":{"Area_Ha":3.45330939090279,"Autor":"DGT","Categoria":"Espaço Habitacional","Classe":"Solo Urbano","DTCC":"1116","Data_PublicacaoPDM":"2024-09-06T00:00:00","Designacao_PlantaOrdenamento":"Espaço Habitacional - Nivel 2","Escala_PlantaOrdenamento":"1/10000","Fonte":"CM_Vetor","ID":399330,"Municipio":"ODIVELAS"},"geometry":{"type":"Polygon","coordinates":[[[-9.21998590818426,38.8235802061219],[-9.21999752347594,38.8235161594198],[-9.22060030942685,38.8235873264419],[-9.22123645463344,38.823662428704],[-9.22123641260631,38.8236626250272],[-9.22116907581012,38.8239798610267],[-9.2213044928972,38.824139133286],[-9.22138548695426,38.8242343923204],[-9.22146929763552,38.8246087829242],[-9.22148137522145,38.8246627338937],[-9.22147739543396,38.8247405900098],[-9.22143760399455,38.8255189162988],[-9.22155701281736,38.8264838612976],[-9.22138550831182,38.8264881932398],[-9.22108983155898,38.8264719340588],[-9.22078570474093,38.8264458271303],[-9.22057664767883,38.8264152841577],[-9.2205229239771,38.8261799652115],[-9.2202947427974,38.8256611575281],[-9.21994440872886,38.8242739625705],[-9.21992833208401,38.8242103125685],[-9.21992295402754,38.824078944143],[-9.21991789003633,38.8239552493263],[-9.21993954580589,38.8238358430337],[-9.21996096933184,38.8237177156102],[-9.21998590818426,38.8235802061219]]]}},{"type":"Feature","id":"CRUS_Odivelas_V.399331","properties":{"Area_Ha":1.24433917268212,"Autor":"DGT","Categoria":"Espaço Verde","Classe":"Solo Urbano","DTCC":"1116","Data_PublicacaoPDM":"2024-09-06T00:00:00","Designacao_PlantaOrdenamento":"Espaço Verde","Escala_PlantaOrdenamento":"1/10000","Fonte":"CM_Vetor","ID":399331,"Municipio":"ODIVELAS"},"geometry":{"type":"Polygon","coordinates":[[[-9.2046597602546,38.8123460734708],[-9.20465354482677,38.8123544074767],[-9.20464976629798,38.8123594776734],[-9.20463018903527,38.8123857351474],[-9.20460326354305,38.8125720163125],[-9.20457587135202,38.8127168364127],[-9.20457572479268,38.812717607037],[-9.20451112811467,38.8128693514679],[-9.20442398018271,38.8130038638183],[-9.20427739475103,38.8131389211026],[-9.20409409427506,38.8133033813358],[-9.20402171675295,38.8134319432213],[-9.20399304495792,38.8135019713517],[-9.2039942659016,38.8135833477456],[-9.20403272157788,38.8136701984706],[-9.2041780715892,38.8139479154177],[-9.20421687595403,38.8140580164712],[-9.20424117211734,38.8141915059314],[-9.2042584713486,38.8143541260762],[-9.20426073868021,38.814505257247],[-9.20419701165048,38.8147151301834],[-9.20409001056729,38.8150126021196],[-9.20399009288954,38.8152867554297],[-9.20384629197775,38.815607818943],[-9.20363027965069,38.816069071853],[-9.20352249347752,38.8163142303029],[-9.20330804763216,38.8168801093625],[-9.20326927396355,38.8169692478533],[-9.20323239814947,38.8169720578248],[-9.20326892785286,38.8164714262103],[-9.20329511334738,38.816303553566],[-9.20334071789908,38.8161262897013],[-9.20339630079449,38.8158590603719],[-9.20363066292004,38.8153104672055],[-9.20399054774296,38.8144608108788],[-9.20395653542541,38.8141465770406],[-9.20385486245685,38.8138717768126],[-9.20372571661664,38.813620789742],[-9.20366087732462,38.8135089704805],[-9.20362353301902,38.813380917693],[-9.20368165028586,38.8133187884653],[-9.20386922697797,38.8131615364548],[-9.20412693705964,38.8129559033352],[-9.20424528490561,38.8128416337533],[-9.20432838326336,38.812739236421],[-9.20441595062573,38.8126067698987],[-9.20448148789176,38.8124490983015],[-9.20450867549657,38.8123398376753],[-9.20462558085593,38.8123453702873],[-9.2046597602546,38.8123460734708]]]}},{"type":"Feature","id":"CRUS_Odivelas_V.399332","properties":{"Area_Ha":48.4848751112744,"Autor":"DGT","Categoria":"Espaço Habitacional","Classe":"Solo Urbano","DTCC":"1116","Data_PublicacaoPDM":"2024-09-06T00:00:00","Designacao_PlantaOrdenamento":"Espaço Habitacional - Nivel 2","Escala_PlantaOrdenamento":"1/10000","Fonte":"CM_Vetor","ID":399332,"Municipio":"ODIVELAS"},"geometry":{"type":"Polygon","coordinates":[[[-9.22030396144139,38.8205838841539],[-9.21940898370184,38.8206092145629],[-9.21944281985145,38.8202520166142],[-9.2191665769616,38.8202184543199],[-9.21917591891322,38.8198860676738],[-9.21895006223073,38.8198879767388],[-9.21889538926216,38.8198305036428],[-9.21884843611235,38.8197913167378],[-9.2188470243138,38.8197910716278],[-9.21856467362791,38.8195783496379],[-9.21856345781539,38.8195492781981],[-9.21853759772283,38.819449762257],[-9.21825203534403,38.819178281747],[-9.2183155467816,38.8191374282903],[-9.21836391887291,38.8191078844436],[-9.21829537895896,38.8189845759605],[-9.21824362718958,38.8189054290362],[-9.2181317855297,38.8187209116836],[-9.21800964369827,38.8185026198995],[-9.21798823453665,38.8184576000709],[-9.21798532094532,38.8184097972571],[-9.21796773781505,38.8182603437782],[-9.21796222417224,38.818094654036],[-9.21796557495285,38.8178680808827],[-9.21797067950031,38.8177287965575],[-9.21775735078591,38.817690312619],[-9.21771620516159,38.8176799752839],[-9.21761001242849,38.8176548399705],[-9.217601175659,38.8176491578253],[-9.21758938817838,38.817631250576],[-9.21744481264366,38.8172092341141],[-9.21735386019899,38.8169593075171],[-9.21733602092553,38.8169598324462],[-9.21728426383566,38.8166828772422],[-9.21725005410321,38.8165226788732],[-9.21721934878449,38.8163962267599],[-9.21720501422004,38.8163014196227],[-9.21719689594611,38.8162217769708],[-9.21718678488879,38.8161397203648],[-9.21717605593048,38.8160926482558],[-9.21705389823373,38.8161077507074],[-9.21689635130768,38.8161000993378],[-9.21690476440777,38.8160522627233],[-9.21693320096928,38.8158905864417],[-9.2167252536815,38.8156891041299],[-9.21669411797944,38.8153449125625],[-9.21635541257231,38.8152224181816],[-9.21636974865394,38.8159690611885],[-9.21638656612476,38.816021544042],[-9.21641408306915,38.8160537494243],[-9.21644793778075,38.8160736525558],[-9.21647974891233,38.8160855784516],[-9.21651651684411,38.8160955189187],[-9.21656120512098,38.8161164863013],[-9.216584633163,38.816130943124],[-9.21660670241396,38.8161535215866],[-9.21662144368287,38.8161810870704],[-9.21664340883467,38.8165599993246],[-9.21662476132453,38.8166134259554],[-9.21656167175403,38.8166629976116],[-9.21638207913624,38.8167206399479],[-9.21639635549902,38.8166458350405],[-9.21620106199831,38.8165579362341],[-9.21616055241937,38.8164167254616],[-9.21588457596116,38.8163671351907],[-9.21560255913512,38.8164082515824],[-9.21557591072015,38.8167461158228],[-9.21568550530283,38.8167728042782],[-9.21566287756927,38.8170173289764],[-9.21547459374045,38.8169979518149],[-9.21543072681935,38.8170012213692],[-9.21537084683919,38.8169941411155],[-9.21533055245605,38.8169916521792],[-9.21520958495869,38.8169784580018],[-9.21499078044631,38.8169489910279],[-9.21460351391536,38.8169115413707],[-9.21452473790143,38.8169964968582],[-9.21459848637413,38.8174844811927],[-9.21473500335559,38.8180034383038],[-9.21480275789522,38.8184752724733],[-9.214868906345,38.8186639975892],[-9.21486080284327,38.8187482708404],[-9.21485527025637,38.8188058121918],[-9.21481712907089,38.8189509705488],[-9.21465633687582,38.8191455331856],[-9.21449551573825,38.8193382394823],[-9.21423540539193,38.8195559992864],[-9.21410125743564,38.8196296432941],[-9.2128951672889,38.8200622221537],[-9.21269842572745,38.8200770361149],[-9.21254840924626,38.8200431502123],[-9.21227297189962,38.8199121410048],[-9.21258541266439,38.8191628415942],[-9.21265560410569,38.8186831636527],[-9.21267086682472,38.8185788501887],[-9.21218048662997,38.8176038030257],[-9.21212305830097,38.8176242101559],[-9.21119673608602,38.8165479491806],[-9.21107377915574,38.8162731677281],[-9.21083538654585,38.8163110168739],[-9.21074993564231,38.8162984709664],[-9.21002679718249,38.8161923026094],[-9.2099657200989,38.8160980689804],[-9.209786340259,38.8157316180619],[-9.20971886952057,38.8157172082087],[-9.20949274214639,38.8153683185483],[-9.20984057134665,38.8153720972153],[-9.21002615182213,38.8153905215346],[-9.21030485746225,38.8154403027828],[-9.21047341781838,38.8153541799241],[-9.21093268674928,38.8150933307336],[-9.21095839011816,38.8150612226258],[-9.21095907095949,38.8150099968922],[-9.21090004384816,38.81495476955],[-9.2108441204848,38.8149346340884],[-9.21076693410751,38.8149070552123],[-9.21072986594156,38.8148735767985],[-9.21064962225244,38.8146371302714],[-9.21095623577404,38.8145160303037],[-9.21122467221761,38.814382119218],[-9.21134682030372,38.8145120630347],[-9.21158505998894,38.8145444526549],[-9.21175195919959,38.8144958023772],[-9.21204555164944,38.8144275136897],[-9.21246393605284,38.8142975401833],[-9.21275805228784,38.8144312875329],[-9.21315325240684,38.8142835118393],[-9.21360579709176,38.814166548111],[-9.21402861654161,38.8140206773879],[-9.21590310838838,38.8136608388647],[-9.2174701338299,38.8141200589857],[-9.21891259406573,38.8135433918232],[-9.21935922569648,38.8133716243209],[-9.22033366281016,38.8133301028494],[-9.22089140172549,38.8139191156899],[-9.22102905404216,38.8139311761982],[-9.22117962710277,38.8138891438052],[-9.22118677544853,38.813983651721],[-9.22116813128407,38.8141501966186],[-9.22119826286911,38.8142236892077],[-9.22132885534515,38.8144220847056],[-9.22142251709575,38.8146753138529],[-9.22166499801335,38.8148308744298],[-9.22185883138651,38.8150888761534],[-9.22180964538619,38.8152457773496],[-9.22172446122843,38.8153503237249],[-9.22158768509898,38.8154194365823],[-9.2213852374421,38.8154721682938],[-9.22182767830222,38.8159514785791],[-9.2208761673099,38.8165739647803],[-9.22086145207312,38.8166218115874],[-9.22079823796536,38.8167604931036],[-9.220794158327,38.8169997147674],[-9.22039245778431,38.8171650715436],[-9.22038467010655,38.8171882404722],[-9.2202254157753,38.8174684239295],[-9.21990440073206,38.8174805491637],[-9.21986996463472,38.8172920519935],[-9.22005830346595,38.817232397923],[-9.21982424744055,38.8168188095497],[-9.21971921171964,38.8168243571186],[-9.219410433812,38.8168729187826],[-9.21880114344972,38.817129871918],[-9.21853331551257,38.8175233074128],[-9.2192743835545,38.8175033553097],[-9.21978797257608,38.8175091637937],[-9.21997787037266,38.8175571872792],[-9.22002789887487,38.817591927193],[-9.22002969997134,38.8176836822452],[-9.22004564288571,38.8177346115476],[-9.22005475209514,38.8178716228907],[-9.22005681616463,38.8180298676107],[-9.22001032583729,38.8184248340381],[-9.22025485910096,38.8184495150082],[-9.22020362733259,38.8190052544485],[-9.22035372998307,38.8190369762736],[-9.22028626677477,38.8192976305159],[-9.2208779594658,38.8193565902015],[-9.22087418041069,38.819302783059],[-9.22125163469919,38.8193017381287],[-9.22118486878296,38.8190484851862],[-9.2213446955244,38.8185037650705],[-9.22133721535675,38.8184025986586],[-9.22131906155295,38.8183402430445],[-9.22128513013437,38.818223703581],[-9.22125367686877,38.8181135417531],[-9.22118147770397,38.8180066812488],[-9.22096846148494,38.8176650788522],[-9.22094578905051,38.8175313685189],[-9.22093595319791,38.8174348514125],[-9.22150264090333,38.8173749415861],[-9.22122432541991,38.8171464253295],[-9.22116274788847,38.8170958661526],[-9.22098128356049,38.8169240402433],[-9.22095078255323,38.8169375374642],[-9.22107105380903,38.8165950694373],[-9.22195109423435,38.8160851780227],[-9.22227417363977,38.8164351753853],[-9.22269110202453,38.8168868328325],[-9.22262802635498,38.8171639717049],[-9.22236091896954,38.8173999154176],[-9.222257254075,38.8174938293447],[-9.2222504915337,38.8175461483237],[-9.22231995743208,38.8175657917588],[-9.22256133585333,38.8176006496535],[-9.22253886847432,38.8176419289525],[-9.22238377077144,38.8182751342578],[-9.22280001964156,38.8184111753194],[-9.22271318524963,38.8187230043806],[-9.22269392967996,38.8188032910601],[-9.22261985329599,38.8192345436112],[-9.22256299266239,38.8194943959629],[-9.22280608142087,38.8199024280632],[-9.2221769647317,38.8202652566476],[-9.22230039979843,38.8205354248053],[-9.22173466296989,38.8206943933885],[-9.22168792199492,38.820581580593],[-9.2216064188244,38.820378946978],[-9.22150171160332,38.8201042903801],[-9.22141061015153,38.8198383328623],[-9.22137975875022,38.8197934016436],[-9.22136853418711,38.8197821566302],[-9.22133579006705,38.8197491334516],[-9.22131453789622,38.8197296046483],[-9.2212933103857,38.8197193539143],[-9.22124460107737,38.8197115216337],[-9.22081063774288,38.8196589054818],[-9.2205582920379,38.8196239655243],[-9.22051709903128,38.8196257891178],[-9.22049312865224,38.8196319570024],[-9.22047711744169,38.819639042195],[-9.22046073345427,38.8196518959329],[-9.22045343470395,38.8196641233592],[-9.22045006242894,38.8196770356633],[-9.22044229761426,38.8197644825397],[-9.22044689813644,38.8198321769315],[-9.22044830412569,38.8199320590974],[-9.22044075073785,38.8200634603693],[-9.22043240690192,38.8201129904125],[-9.22039225421512,38.8202736992787],[-9.22038770134085,38.8202923894535],[-9.22037970280178,38.8203222806929],[-9.22030396144139,38.8205838841539]]]}},{"type":"Feature","id":"CRUS_Odivelas_V.399333","properties":{"Area_Ha":8.42109672080185,"Autor":"DGT","Categoria":"Espaço Habitacional","Classe":"Solo Urbano","DTCC":"1116","Data_PublicacaoPDM":"2024-09-06T00:00:00","Designacao_PlantaOrdenamento":"Espaço Habitacional - Nivel 1","Escala_PlantaOrdenamento":"1/10000","Fonte":"CM_Vetor","ID":399333,"Municipio":"ODIVELAS"},"geometry":{"type":"Polygon","coordinates":[[[-9.20592387346656,38.7831528920536],[-9.20623264455907,38.7830388879343],[-9.2063987102721,38.7833325965211],[-9.20646611463405,38.7834309939028],[-9.20656307927063,38.7835419871505],[-9.20664579396036,38.7836691280664],[-9.206797763927,38.7838300941896],[-9.20702756683157,38.783932153661],[-9.20709007119278,38.7839366752547],[-9.20715965124568,38.7839417087427],[-9.20736807466133,38.7838986460039],[-9.20741762263373,38.7840075986401],[-9.20725109377079,38.7840713486192],[-9.2073543613132,38.7842379913723],[-9.20784165745784,38.7849775377077],[-9.20775190470851,38.7850471319737],[-9.2073446135948,38.7853629455887],[-9.20613885383534,38.7855491629534],[-9.20494128883202,38.7860749137801],[-9.20455900060222,38.7862272754589],[-9.20447552614519,38.7862551229172],[-9.20432317840947,38.7860632143682],[-9.20413425379895,38.7857708402185],[-9.20350947735693,38.7848039275277],[-9.20312246603181,38.7849616622152],[-9.20299675899197,38.784802866149],[-9.20297263605909,38.7848120475616],[-9.20274558651847,38.7849021677484],[-9.20260251150075,38.7847760081399],[-9.2024550478664,38.7845582036683],[-9.20314523538349,38.7842758647828],[-9.20338326834037,38.7841796677213],[-9.20491367779499,38.7835611692262],[-9.20592387346656,38.7831528920536]]]}},{"type":"Feature","id":"CRUS_Odivelas_V.399334","properties":{"Area_Ha":1.91772424273449,"Autor":"DGT","Categoria":"Espaço Central","Classe":"Solo Urbano","DTCC":"1116","Data_PublicacaoPDM":"2024-09-06T00:00:00","Designacao_PlantaOrdenamento":"Espaços Centrais - Nivel1","Escala_PlantaOrdenamento":"1/10000","Fonte":"CM_Vetor","ID":399334,"Municipio":"ODIVELAS"},"geometry":{"type":"Polygon","coordinates":[[[-9.20592387346656,38.7831528920536],[-9.20567712086048,38.782592649293],[-9.20550335738586,38.7821981228813],[-9.20523511594475,38.7818666279614],[-9.20562601063033,38.7817624784924],[-9.20602978996262,38.7816715364629],[-9.20654510828954,38.7813628106938],[-9.20681027913042,38.7816320476405],[-9.20680695280409,38.7818284472112],[-9.20678413365782,38.7819808443713],[-9.20678619836408,38.7821182845107],[-9.2068262884452,38.7822799219385],[-9.20688461895083,38.7824021157704],[-9.20692338182646,38.7824753978196],[-9.20693150278731,38.7825980557224],[-9.20690159582427,38.7826965154897],[-9.20678115854642,38.7830363611944],[-9.20661751452588,38.7834260004564],[-9.20656307927063,38.7835419871505],[-9.20646611463405,38.7834309939028],[-9.2063987102721,38.7833325965211],[-9.20623264455907,38.7830388879343],[-9.20592387346656,38.7831528920536]]]}},{"type":"Feature","id":"CRUS_Odivelas_V.399335","properties":{"Area_Ha":1.63387186327459,"Autor":"DGT","Categoria":"Espaço Habitacional","Classe":"Solo Urbano","DTCC":"1116","Data_PublicacaoPDM":"2024-09-06T00:00:00","Designacao_PlantaOrdenamento":"Espaço Habitacional - Nivel 2","Escala_PlantaOrdenamento":"1/10000","Fonte":"CM_Vetor","ID":399335,"Municipio":"ODIVELAS"},"geometry":{"type":"Polygon","coordinates":[[[-9.18540194578143,38.7940645394782],[-9.1856510387374,38.7936305936043],[-9.18567801061034,38.7936295542594],[-9.18575231535029,38.7936438534105],[-9.18596594008545,38.7936849652485],[-9.18614342209692,38.7937191213174],[-9.1862827884117,38.7934031890051],[-9.18652873694366,38.7935385058544],[-9.1865781502316,38.7935806554136],[-9.18671890559456,38.793647747843],[-9.18686468525906,38.7937592308976],[-9.18704570389907,38.7938909038412],[-9.18724871061903,38.7940326325418],[-9.187509349603,38.7942319479723],[-9.18751025720218,38.7942934662799],[-9.18749306997534,38.7943172849991],[-9.18730448528105,38.7944988718717],[-9.18806951118083,38.7949017444976],[-9.18763412969329,38.7953143163793],[-9.18700057074547,38.7947101220864],[-9.1867106386558,38.7944795371569],[-9.18655441205494,38.7943777993871],[-9.18631276616605,38.7943127087678],[-9.18589836664738,38.7941908766678],[-9.1856517846702,38.7941796465572],[-9.1855024123291,38.7941540851458],[-9.18540194578143,38.7940645394782]]]}},{"type":"Feature","id":"CRUS_Odivelas_V.399336","properties":{"Area_Ha":1.17152601185259,"Autor":"DGT","Categoria":"Espaço de Atividades Económicas","Classe":"Solo Urbano","DTCC":"1116","Data_PublicacaoPDM":"2024-09-06T00:00:00","Designacao_PlantaOrdenamento":"Espaço de Atividades Económicas Consolidados","Escala_PlantaOrdenamento":"1/10000","Fonte":"CM_Vetor","ID":399336,"Municipio":"ODIVELAS"},"geometry":{"type":"Polygon","coordinates":[[[-9.21000359012339,38.8132150423424],[-9.20997874735447,38.8130651794306],[-9.2099804618533,38.812713234822],[-9.21041520337091,38.8127444447213],[-9.21050669538431,38.8127472975086],[-9.21082233866907,38.8128106101781],[-9.21087810060624,38.813025515131],[-9.2114186023072,38.8131134731942],[-9.21158117842266,38.8131882360025],[-9.21165193094592,38.812977948425],[-9.21221066378463,38.8130951983151],[-9.21214254867922,38.8133189477448],[-9.21210963285433,38.8134186957288],[-9.21201351890358,38.8134798545544],[-9.21131281349426,38.8136279706122],[-9.21018575069314,38.8133865144038],[-9.21000359012339,38.8132150423424]]]}},{"type":"Feature","id":"CRUS_Odivelas_V.399337","properties":{"Area_Ha":13.5146260146037,"Autor":"DGT","Categoria":"Espaço Verde","Classe":"Solo Urbano","DTCC":"1116","Data_PublicacaoPDM":"2024-09-06T00:00:00","Designacao_PlantaOrdenamento":"Espaço Verde","Escala_PlantaOrdenamento":"1/10000","Fonte":"CM_Vetor","ID":399337,"Municipio":"ODIVELAS"},"geometry":{"type":"Polygon","coordinates":[[[-9.20820418045201,38.8063359560086],[-9.20826606566039,38.8061611721945],[-9.20851986081183,38.8054443496296],[-9.20852597761762,38.8054270684551],[-9.20853169387405,38.8054207541357],[-9.20873470739955,38.8051964752127],[-9.20892946926519,38.8050937380905],[-9.20903016000685,38.8050449772382],[-9.20905386822472,38.8047608009003],[-9.20896801778676,38.8045473555149],[-9.2088363546325,38.8042325808029],[-9.20918736501205,38.8041043328353],[-9.20921225879914,38.8041575253075],[-9.20934102052221,38.8044326685735],[-9.20945382045941,38.8045495607066],[-9.20959579565206,38.8047021342946],[-9.20969198729438,38.8048038703262],[-9.20982690048282,38.8048648422691],[-9.20992405921093,38.8049087511631],[-9.21000114632383,38.8049435874202],[-9.21011718265327,38.8049960280338],[-9.21031030539304,38.805083303686],[-9.21036010464587,38.8051534477935],[-9.2106093506864,38.8052938249208],[-9.21067884712543,38.8054057383583],[-9.21067412115758,38.8056101418093],[-9.2127094097427,38.807163776053],[-9.21271537284273,38.807168326705],[-9.21279309646755,38.8071631272937],[-9.2128581935064,38.8071587704688],[-9.21323491732251,38.8069666291291],[-9.21345695103024,38.8069962900519],[-9.21352629479099,38.8070055555506],[-9.21366074149108,38.8069305848328],[-9.21393336910237,38.8067785623875],[-9.21410664428787,38.8064879713026],[-9.21408891317089,38.8064568458358],[-9.21395934428555,38.8062294027966],[-9.21378958104148,38.8060438870483],[-9.21356511574649,38.8057985912769],[-9.21352426490517,38.8057539498394],[-9.21359486702196,38.8054618872966],[-9.21364415249416,38.805258002563],[-9.21366832909123,38.8051989235016],[-9.21416393547569,38.8039878739416],[-9.21417944027735,38.8039499869144],[-9.21435842930229,38.8039510465276],[-9.2143547066442,38.8040805875622],[-9.21432936492702,38.8049625984977],[-9.21444235344289,38.8063914664425],[-9.21449135293294,38.8063749491988],[-9.21454739870576,38.8066101691113],[-9.21457791234416,38.8066978483813],[-9.21461518129032,38.8068968763615],[-9.21462541454165,38.8069729648572],[-9.21469096249835,38.8072679832676],[-9.21493407694947,38.8078748034809],[-9.21415133142529,38.8078815605132],[-9.214043286754,38.807882494308],[-9.21411257867245,38.8085784101762],[-9.21411779530652,38.8086155591782],[-9.21412596028097,38.8086689649159],[-9.21387315172993,38.8088323870132],[-9.21380370085125,38.8088684678695],[-9.21370479701908,38.8088629404379],[-9.21359617872684,38.8088004892854],[-9.2135758514276,38.808772004403],[-9.213211581116,38.8087219176152],[-9.21280523810049,38.8085604397988],[-9.21273345779919,38.8085392337113],[-9.21256881252681,38.8085407560009],[-9.21207418676359,38.8085403636333],[-9.21130451108613,38.8084233830616],[-9.21121102083948,38.8084048070316],[-9.2111766285363,38.8083905459779],[-9.21056483170248,38.8084083394714],[-9.21047111673745,38.8078007157029],[-9.21038531338984,38.8075239705875],[-9.21036932466821,38.8075151222998],[-9.21035850032408,38.8075091346723],[-9.21035068867223,38.8075048122257],[-9.21025511730261,38.8074519294885],[-9.2099553021668,38.8074202986891],[-9.20973669837102,38.807350330507],[-9.2094334855831,38.8071274539613],[-9.20926080516504,38.80698310873],[-9.20917462132761,38.8069074294669],[-9.20911271627839,38.8068424526812],[-9.20909694960429,38.8068068443549],[-9.20911296848701,38.8067749151998],[-9.20916223194212,38.8066950728754],[-9.2091885583854,38.80665305443],[-9.20906954331596,38.8065886027194],[-9.20897116485679,38.8065458095318],[-9.20884870111809,38.8065052271507],[-9.2087751055625,38.806483953158],[-9.20856568760774,38.806423416683],[-9.20820418045201,38.8063359560086]]]}},{"type":"Feature","id":"CRUS_Odivelas_V.399338","properties":{"Area_Ha":1.14415914759589,"Autor":"DGT","Categoria":"Espaço de Uso Especial Equipamentos e Infraestruturas","Classe":"Solo Urbano","DTCC":"1116","Data_PublicacaoPDM":"2024-09-06T00:00:00","Designacao_PlantaOrdenamento":"Espaço de Uso Especial - Equipamentos","Escala_PlantaOrdenamento":"1/10000","Fonte":"CM_Vetor","ID":399338,"Municipio":"ODIVELAS"},"geometry":{"type":"Polygon","coordinates":[[[-9.23031089143734,38.817164081571],[-9.23045357759048,38.8166430427232],[-9.23145920485801,38.8159825065983],[-9.23194613082463,38.8171084129815],[-9.2319432623397,38.8171085302544],[-9.23057300399341,38.8172010657869],[-9.23031089143734,38.817164081571]]]}},{"type":"Feature","id":"CRUS_Odivelas_V.399339","properties":{"Area_Ha":0.262654266431695,"Autor":"DGT","Categoria":"Espaço de Uso Especial Equipamentos e Infraestruturas","Classe":"Solo Urbano","DTCC":"1116","Data_PublicacaoPDM":"2024-09-06T00:00:00","Designacao_PlantaOrdenamento":"Espaço de Uso Especial - Equipamentos","Escala_PlantaOrdenamento":"1/10000","Fonte":"CM_Vetor","ID":399339,"Municipio":"ODIVELAS"},"geometry":{"type":"Polygon","coordinates":[[[-9.21568550530283,38.8167728042782],[-9.21557591072015,38.8167461158228],[-9.21560255913512,38.8164082515824],[-9.21588457596116,38.8163671351907],[-9.21616055241937,38.8164167254616],[-9.21620106199831,38.8165579362341],[-9.21639635549902,38.8166458350405],[-9.21638207913624,38.8167206399479],[-9.21633685243895,38.816735154661],[-9.21625255249276,38.8167840542212],[-9.21604403553778,38.8168148371666],[-9.21597797566308,38.8168064800074],[-9.21583899171484,38.8168000059063],[-9.21568550530283,38.8167728042782]]]}},{"type":"Feature","id":"CRUS_Odivelas_V.399340","properties":{"Area_Ha":15.519410030239,"Autor":"DGT","Categoria":"Espaço Verde","Classe":"Solo Urbano","DTCC":"1116","Data_PublicacaoPDM":"2024-09-06T00:00:00","Designacao_PlantaOrdenamento":"Espaço Verde","Escala_PlantaOrdenamento":"1/10000","Fonte":"CM_Vetor","ID":399340,"Municipio":"ODIVELAS"},"geometry":{"type":"Polygon","coordinates":[[[-9.18503524240192,38.7832566410016],[-9.18502748375184,38.7833064336223],[-9.18503081188049,38.7833700277604],[-9.18503620343236,38.7834111468544],[-9.18502968667252,38.7834561166471],[-9.18500861048098,38.7834871825503],[-9.18495178290064,38.7835279272104],[-9.18486331260481,38.7835709502974],[-9.18480228848555,38.7836081056353],[-9.18472429842405,38.7836802725742],[-9.18461875818835,38.7837777948093],[-9.18448114557218,38.7838814329584],[-9.18431891910313,38.7839810269946],[-9.18409959934081,38.7840939340933],[-9.18385553782806,38.7841942644085],[-9.18378109265886,38.7842216538543],[-9.18493267410112,38.7849480608423],[-9.18505339639192,38.7850215541826],[-9.18532978493183,38.7853154916555],[-9.18554056074018,38.7855371711463],[-9.18565752784654,38.7856897029366],[-9.18571476599748,38.7857643425643],[-9.18576556451438,38.7858767748955],[-9.18614180483457,38.7867094934343],[-9.18679505344108,38.7872725795706],[-9.18691868807547,38.7874977265941],[-9.18709053792758,38.7875378299807],[-9.18729479931332,38.7875830067422],[-9.18744122781276,38.7876086168949],[-9.18762515748157,38.7876419487747],[-9.18762393776088,38.7881119135734],[-9.1878840759408,38.788249542097],[-9.18785498978625,38.788279823927],[-9.18775821852982,38.7884060854698],[-9.1876949831893,38.7885430327596],[-9.18745836204559,38.7890506796009],[-9.18742287165644,38.7891102709048],[-9.18741597147405,38.7891180178878],[-9.18726725233481,38.7884384430631],[-9.18719871974243,38.7882398119538],[-9.18713942934095,38.7880982060172],[-9.18701590379894,38.7878930461468],[-9.18677490278033,38.7876101885857],[-9.18673667388842,38.7875653197376],[-9.18637511418935,38.7871409587847],[-9.18592508035421,38.7867805411721],[-9.18548262757298,38.7857724189262],[-9.18503481778809,38.785327331905],[-9.18342252625158,38.7843702010735],[-9.18337454942502,38.7843436973642],[-9.18147587904954,38.7844613495479],[-9.18080378441718,38.7846782223953],[-9.18063995009306,38.7847310880246],[-9.18042857716615,38.7847954068567],[-9.18031312715866,38.784862111679],[-9.180139215586,38.784963183412],[-9.17984992780332,38.7851701804363],[-9.1796734448036,38.7853304445168],[-9.17953462685147,38.785479612772],[-9.17941007433115,38.7856283371044],[-9.18010723784269,38.7856239777475],[-9.18062284489247,38.7857132140508],[-9.18106735566693,38.7859273298871],[-9.1810030833395,38.7860324740812],[-9.18155140301061,38.786400839676],[-9.18175207600372,38.7862350754458],[-9.18202385147027,38.7866220490765],[-9.18211322078299,38.7866605444766],[-9.18224345831211,38.7865898460488],[-9.18308890513967,38.7875258954738],[-9.18309032294449,38.7875271522364],[-9.18306375872392,38.787668999055],[-9.18318800503577,38.7877954376641],[-9.18335021447023,38.7877002046492],[-9.18339580373898,38.7876734396285],[-9.18339721287037,38.7876744192682],[-9.18339932365225,38.7876758864968],[-9.18352912486207,38.7877661292319],[-9.18353834168581,38.7877733058309],[-9.18367252892954,38.7879273379902],[-9.18378570373129,38.788093759149],[-9.18413640583703,38.7883845245214],[-9.18426988868194,38.7885415645032],[-9.18442749489544,38.7886910447591],[-9.18455567542706,38.7887825794332],[-9.18453626663503,38.7888637339942],[-9.18469761929423,38.7888944366539],[-9.18473628931757,38.7889177793617],[-9.18498844243041,38.7890100143964],[-9.18480607067574,38.7891246343836],[-9.18404412177639,38.7892075742408],[-9.18340980849003,38.7885437159143],[-9.18366750875301,38.7883996764839],[-9.18304049349075,38.7879865979417],[-9.18292043728418,38.7878601684834],[-9.18286049227913,38.7877630032732],[-9.18279356946622,38.7877218770683],[-9.18264067679989,38.7875858472189],[-9.18210220642299,38.7869691566869],[-9.18159072415211,38.7866224537662],[-9.18060295544831,38.7859737594847],[-9.17956412895672,38.786026134767],[-9.17915478491083,38.7859347434972],[-9.17764893005959,38.7859795076421],[-9.17767326750499,38.7860806669828],[-9.17772418029969,38.7862922900687],[-9.17698431434281,38.7867793472643],[-9.17600760132036,38.7877886965421],[-9.17503328358295,38.7884391932105],[-9.17458944719055,38.7889379001166],[-9.17440625368458,38.7893221377954],[-9.17438313015961,38.7893706364044],[-9.17425881347544,38.7895285168414],[-9.17394716546201,38.7899243143472],[-9.17401379129145,38.7899625164951],[-9.17368596948964,38.790278057997],[-9.17326742353066,38.7905903015745],[-9.17227330278091,38.7909044260873],[-9.17201059298545,38.7910111620266],[-9.17195025651255,38.7910286290839],[-9.17181295604231,38.791045736537],[-9.17162506534243,38.7910380117984],[-9.17144820146504,38.791088316787],[-9.17126115372853,38.7911189850496],[-9.17116126975376,38.7911123078213],[-9.17111433160732,38.7911058788891],[-9.17086647368042,38.7911736575844],[-9.17053314770959,38.7913363039055],[-9.17050184694474,38.7912289630775],[-9.17048201766232,38.7911066674031],[-9.17050323584388,38.7910937253138],[-9.17059381104475,38.7910573037329],[-9.1707351382207,38.7910099557497],[-9.17089022590238,38.7909876262164],[-9.17104793427508,38.7909892926064],[-9.17120416915012,38.7909909429805],[-9.17147990996614,38.7909738240799],[-9.17172653051003,38.7909393212709],[-9.17184410889075,38.7909173247828],[-9.17203621706284,38.7908611411003],[-9.17224126255369,38.7907734169104],[-9.17246990291634,38.7906498650997],[-9.17268752065695,38.7905054614227],[-9.17293159367545,38.7903377740466],[-9.17310110763762,38.7902021767451],[-9.17330454253772,38.7899892493408],[-9.17342035162277,38.7898457496795],[-9.17352522848304,38.7896876811591],[-9.17371225379684,38.7894410767628],[-9.1738800998738,38.7892165729608],[-9.17395016129714,38.7890981407247],[-9.17398445327457,38.7890401731345],[-9.17421230142851,38.7885717456688],[-9.17439784342369,38.7883261529045],[-9.17520254384046,38.7877480867797],[-9.1759617178503,38.7866363194036],[-9.17617801290086,38.7861711323796],[-9.17620115264492,38.7861213646563],[-9.17642533737386,38.7859012823398],[-9.1770849054053,38.7853072505387],[-9.1773414483791,38.7850761940315],[-9.17744539918427,38.7850008862603],[-9.17756525376263,38.7849396824841],[-9.17807060456556,38.7846816250045],[-9.17884451090355,38.7842864243322],[-9.1789518385395,38.7842316146489],[-9.17986815957172,38.7840978292453],[-9.18230412609717,38.7837421320769],[-9.1832041510187,38.7835935994316],[-9.1841001281715,38.7834457265089],[-9.18429750559216,38.7834131507534],[-9.18442929782034,38.7833714899923],[-9.18479077516629,38.78325722166],[-9.18491197349735,38.7832569343931],[-9.18503524240192,38.7832566410016]]]}},{"type":"Feature","id":"CRUS_Odivelas_V.399341","properties":{"Area_Ha":4.53135401657838,"Autor":"DGT","Categoria":"Espaço Habitacional","Classe":"Solo Urbano","DTCC":"1116","Data_PublicacaoPDM":"2024-09-06T00:00:00","Designacao_PlantaOrdenamento":"Espaço Habitacional - Nivel 2","Escala_PlantaOrdenamento":"1/10000","Fonte":"CM_Vetor","ID":399341,"Municipio":"ODIVELAS"},"geometry":{"type":"Polygon","coordinates":[[[-9.18857832009452,38.7943122684804],[-9.18884323158101,38.7941574033623],[-9.18878421638977,38.7936343609272],[-9.19106924245093,38.7933316205951],[-9.19125509436255,38.7939807259323],[-9.19151513554871,38.7939168802892],[-9.19179063047223,38.7943919825662],[-9.19250127978636,38.7946076134301],[-9.19278652632658,38.7945959985239],[-9.19288740273172,38.794936287246],[-9.190740826522,38.7952560065906],[-9.19047880895964,38.795273693305],[-9.19027857906298,38.7952092293314],[-9.19029132985968,38.7950609626646],[-9.1899614181381,38.7949859759669],[-9.18857832009452,38.7943122684804]]]}},{"type":"Feature","id":"CRUS_Odivelas_V.399342","properties":{"Area_Ha":0.71771546484846,"Autor":"DGT","Categoria":"Espaço de Uso Especial Equipamentos e Infraestruturas","Classe":"Solo Urbano","DTCC":"1116","Data_PublicacaoPDM":"2024-09-06T00:00:00","Designacao_PlantaOrdenamento":"Espaço de Uso Especial - Equipamentos","Escala_PlantaOrdenamento":"1/10000","Fonte":"CM_Vetor","ID":399342,"Municipio":"ODIVELAS"},"geometry":{"type":"Polygon","coordinates":[[[-9.18147111371159,38.7971437865311],[-9.18150528217078,38.7971343288907],[-9.1815441608121,38.7971363944252],[-9.18158298279088,38.7971427818099],[-9.18163070930893,38.7971692929199],[-9.18169154024934,38.797209157004],[-9.18175242059598,38.7972523875873],[-9.18181777734611,38.7972943301283],[-9.18188330145554,38.7973399712788],[-9.18194642410791,38.7973865242266],[-9.18197423087181,38.7974120357],[-9.18200059136926,38.7974488420828],[-9.18200563601138,38.7974993086137],[-9.1819974751558,38.7975296900493],[-9.1819592440855,38.7975637093013],[-9.18188713660174,38.7976350747497],[-9.1818405482109,38.7976860056508],[-9.18179405733201,38.7977436732153],[-9.18170958519685,38.7978521925535],[-9.18166145654125,38.7979240108117],[-9.18165339040428,38.7979389018537],[-9.18163293212911,38.7979562200824],[-9.18159513992089,38.7979710826276],[-9.18156219246966,38.79797491591],[-9.18114788061241,38.7979300118897],[-9.18110401210139,38.7979248488372],[-9.18106181171074,38.7979122605741],[-9.18101720897236,38.7978973787675],[-9.18098711961721,38.7978856199853],[-9.1809480484521,38.7978623988705],[-9.18061268954788,38.797589270825],[-9.18059498410545,38.7975557544076],[-9.18058973789558,38.7975370063431],[-9.18058558313332,38.7975164417609],[-9.18059297829019,38.7974952698022],[-9.18061392354484,38.7974784999727],[-9.18063694133823,38.7974717610115],[-9.18086383348487,38.7974018029262],[-9.18089810819493,38.7973913928384],[-9.18094093750769,38.7973775381451],[-9.18103953321768,38.7973390059023],[-9.18121941680346,38.7972574951722],[-9.18142794275781,38.7971586404001],[-9.18147111371159,38.7971437865311]]]}},{"type":"Feature","id":"CRUS_Odivelas_V.399343","properties":{"Area_Ha":2.570392739129,"Autor":"DGT","Categoria":"Espaço Verde","Classe":"Solo Urbano","DTCC":"1116","Data_PublicacaoPDM":"2024-09-06T00:00:00","Designacao_PlantaOrdenamento":"Espaço Verde","Escala_PlantaOrdenamento":"1/10000","Fonte":"CM_Vetor","ID":399343,"Municipio":"ODIVELAS"},"geometry":{"type":"Polygon","coordinates":[[[-9.18735472573158,38.7767904689353],[-9.18783585891063,38.7766421732255],[-9.18791078567392,38.7764794492351],[-9.18791792399074,38.7764742489993],[-9.18802130960323,38.7765795964889],[-9.18869664018575,38.7774694956761],[-9.18927619744287,38.7782788032474],[-9.18965708272489,38.7790610153675],[-9.18964438736557,38.779067355773],[-9.18964211128189,38.7790685916801],[-9.18946049982187,38.7791685098687],[-9.18945482939754,38.7791717303696],[-9.18934341988501,38.7792370802784],[-9.18928169311215,38.7792713161414],[-9.18921722131564,38.7792986965444],[-9.18914938200691,38.7793248008224],[-9.18907105167759,38.779346930412],[-9.18895414705301,38.7793759645839],[-9.18894726184452,38.7793777703298],[-9.18894035759515,38.7793797712767],[-9.18889683482807,38.7793930157476],[-9.1888335855525,38.7794122640478],[-9.18882645698036,38.7794145415038],[-9.1888193316558,38.7794170392412],[-9.18881434087831,38.7794188703012],[-9.18881429498391,38.779418886969],[-9.18869949729342,38.7794609661704],[-9.18857835943886,38.779503649698],[-9.18858573418247,38.7793509321419],[-9.18856075948554,38.7791280728377],[-9.1885193221499,38.7789150730901],[-9.18840115093045,38.7787013008714],[-9.18809165670046,38.7781414139092],[-9.18788047877796,38.7777444036886],[-9.18754678213217,38.7771170427073],[-9.18735472573158,38.7767904689353]]]}},{"type":"Feature","id":"CRUS_Odivelas_V.399344","properties":{"Area_Ha":2.73968448018993,"Autor":"DGT","Categoria":"Espaço Habitacional","Classe":"Solo Urbano","DTCC":"1116","Data_PublicacaoPDM":"2024-09-06T00:00:00","Designacao_PlantaOrdenamento":"Espaço Habitacional - Nivel 2","Escala_PlantaOrdenamento":"1/10000","Fonte":"CM_Vetor","ID":399344,"Municipio":"ODIVELAS"},"geometry":{"type":"Polygon","coordinates":[[[-9.21140681283763,38.8235180229061],[-9.21094856466384,38.8228380754617],[-9.2104243853056,38.8224620704712],[-9.20999892283476,38.8217133625841],[-9.2089023872436,38.8227204261996],[-9.20887373798702,38.8227109494403],[-9.20847149013258,38.8225628377094],[-9.20798673561373,38.8224588605093],[-9.20767498316684,38.8224201180298],[-9.2077971499391,38.8222714820947],[-9.21019760412731,38.8208188034232],[-9.21008000555523,38.8206967171086],[-9.21039520139009,38.8205364569941],[-9.21066993010051,38.8209280390687],[-9.21024810826436,38.8212191117279],[-9.21020874279267,38.8214717794771],[-9.21067068571597,38.8222487489031],[-9.21117690539917,38.8226783347146],[-9.21177712077942,38.8234835421814],[-9.211605655292,38.8235822938247],[-9.21158522540283,38.8235953660644],[-9.21148518660247,38.823537215819],[-9.21140681283763,38.8235180229061]]]}},{"type":"Feature","id":"CRUS_Odivelas_V.399345","properties":{"Area_Ha":19.6220247600383,"Autor":"DGT","Categoria":"Espaço Florestal","Classe":"Solo Rústico","DTCC":"1116","Data_PublicacaoPDM":"2024-09-06T00:00:00","Designacao_PlantaOrdenamento":"Espaços Florestais com Funções Predominantes de Recreio e Valorização da Paisagem Grande Lisboa","Escala_PlantaOrdenamento":"1/10000","Fonte":"CM_Vetor","ID":399345,"Municipio":"ODIVELAS"},"geometry":{"type":"Polygon","coordinates":[[[-9.19901072965859,38.7964663699898],[-9.19889215466534,38.7962140458855],[-9.19776179070301,38.793896986326],[-9.19745325949576,38.7932645203895],[-9.19667281371894,38.7920663006244],[-9.19632250377956,38.7916365090796],[-9.19622993623717,38.7915604906478],[-9.19643865134693,38.7914809984699],[-9.19705579975888,38.7912459451289],[-9.19738051806755,38.7911050395239],[-9.19746172698856,38.7907374089995],[-9.19763130906042,38.79076367033],[-9.19832795641306,38.7908715474695],[-9.19847498017182,38.7908826474026],[-9.19843146559973,38.7913825885898],[-9.1984195098753,38.7930438906573],[-9.19850467694814,38.7936199054911],[-9.19859370056115,38.7942219819919],[-9.19944830075009,38.794166351991],[-9.20019897617123,38.7941174823959],[-9.20040568650518,38.7952334293988],[-9.20360473824709,38.7951071019263],[-9.20353730375716,38.7946871817447],[-9.20360794549974,38.7946827540422],[-9.20441952060402,38.7946318673113],[-9.2043656634068,38.7945003946958],[-9.20432519239168,38.7944577201845],[-9.20465977802551,38.7943321808139],[-9.20468252669715,38.7943653222473],[-9.20469813658822,38.7944151463907],[-9.20474533971149,38.794680996584],[-9.20478926415596,38.7949117128048],[-9.20479253486968,38.7949158596891],[-9.20478241944516,38.7949145999022],[-9.20486181477524,38.7957700009003],[-9.20459892991229,38.7970965036443],[-9.20433382460681,38.7976204813682],[-9.20389479456981,38.7977676917238],[-9.20349280028767,38.7978391840469],[-9.20245441305803,38.7979566321503],[-9.20213031267289,38.7979067513002],[-9.20080532208002,38.7970509266723],[-9.2001162127834,38.7967557115192],[-9.19960340825698,38.7966135027576],[-9.19936400001148,38.7965540701783],[-9.19903045156822,38.7964712662572],[-9.19901072965859,38.7964663699898]]]}},{"type":"Feature","id":"CRUS_Odivelas_V.399346","properties":{"Area_Ha":0.591699284383492,"Autor":"DGT","Categoria":"Espaço de Uso Especial Equipamentos e Infraestruturas","Classe":"Solo Urbano","DTCC":"1116","Data_PublicacaoPDM":"2024-09-06T00:00:00","Designacao_PlantaOrdenamento":"Espaço de Uso Especial - Equipamentos","Escala_PlantaOrdenamento":"1/10000","Fonte":"CM_Vetor","ID":399346,"Municipio":"ODIVELAS"},"geometry":{"type":"Polygon","coordinates":[[[-9.16965554328686,38.787295909375],[-9.16986471189422,38.7869686212291],[-9.16992445792785,38.7868784945428],[-9.17009155398532,38.7868232529173],[-9.17029888394985,38.786911007532],[-9.17066775996458,38.7870869212892],[-9.17103465045163,38.7872678735357],[-9.17079324686633,38.7873431620773],[-9.17033913011067,38.7876345485862],[-9.16982372239575,38.7874594518233],[-9.16973772591284,38.7874647555529],[-9.16965554328686,38.787295909375]]]}},{"type":"Feature","id":"CRUS_Odivelas_V.399347","properties":{"Area_Ha":15.990929818864,"Autor":"DGT","Categoria":"Espaço Habitacional","Classe":"Solo Urbano","DTCC":"1116","Data_PublicacaoPDM":"2024-09-06T00:00:00","Designacao_PlantaOrdenamento":"Espaço Habitacional - Nivel 1","Escala_PlantaOrdenamento":"1/10000","Fonte":"CM_Vetor","ID":399347,"Municipio":"ODIVELAS"},"geometry":{"type":"Polygon","coordinates":[[[-9.1878910672257,38.8144620921013],[-9.18786518192151,38.8144219195561],[-9.18704484598046,38.8137601057014],[-9.1864865226361,38.8127271026604],[-9.1861182442596,38.8120970904339],[-9.18574841342575,38.8115996612071],[-9.18587802782752,38.8115640299719],[-9.19164368581313,38.8099788279034],[-9.1918483517494,38.810477487947],[-9.19195204347962,38.8108156345485],[-9.19207110001841,38.8112106155803],[-9.19234405796306,38.8121161519416],[-9.19246479383024,38.8125166855048],[-9.19089989495335,38.8129608838744],[-9.19021097250041,38.8131564252971],[-9.18915466371227,38.8134557874935],[-9.18914298269121,38.8136042173031],[-9.18910941761057,38.8137518228273],[-9.18906949259807,38.8138924909573],[-9.18903903046874,38.8140089079824],[-9.18901742604343,38.8140789200902],[-9.18897915468267,38.8141462892186],[-9.18893272359301,38.8141919827154],[-9.18889037412641,38.8142457086388],[-9.18881916963431,38.8142902345832],[-9.1887414516815,38.8143283653211],[-9.1886567553723,38.8143565954154],[-9.1885720579889,38.8143848353908],[-9.18850641855048,38.8144067145711],[-9.18837251191065,38.8144312473582],[-9.18793488587666,38.8145014110863],[-9.18790644377092,38.814506114738],[-9.1879021355945,38.8144698899461],[-9.1878910672257,38.8144620921013]]]}},{"type":"Feature","id":"CRUS_Odivelas_V.399348","properties":{"Area_Ha":0.349803103956929,"Autor":"DGT","Categoria":"Aglomerado Rural","Classe":"Solo Rústico","DTCC":"1116","Data_PublicacaoPDM":"2024-09-06T00:00:00","Designacao_PlantaOrdenamento":"Aglomerado Rural","Escala_PlantaOrdenamento":"1/10000","Fonte":"CM_Vetor","ID":399348,"Municipio":"ODIVELAS"},"geometry":{"type":"Polygon","coordinates":[[[-9.22329822048938,38.8294884509471],[-9.22295178545394,38.8291991161053],[-9.22323073476709,38.8289584189184],[-9.22331810082067,38.8290936402531],[-9.22342526608461,38.8291510094313],[-9.22360026174865,38.8291951741018],[-9.2238851731294,38.8291657932703],[-9.22391301871936,38.8292660125003],[-9.22384149057511,38.8293599535702],[-9.22375882009231,38.829509142858],[-9.22362637759505,38.8296367143286],[-9.22349287245425,38.8296944393553],[-9.22331522104078,38.8296779933274],[-9.22316394129909,38.8296275664718],[-9.22329822048938,38.8294884509471]]]}},{"type":"Feature","id":"CRUS_Odivelas_V.399349","properties":{"Area_Ha":4.9587321938758,"Autor":"DGT","Categoria":"Espaço Agrícola","Classe":"Solo Rústico","DTCC":"1116","Data_PublicacaoPDM":"2024-09-06T00:00:00","Designacao_PlantaOrdenamento":"Espaços Agrícolas","Escala_PlantaOrdenamento":"1/10000","Fonte":"CM_Vetor","ID":399349,"Municipio":"ODIVELAS"},"geometry":{"type":"Polygon","coordinates":[[[-9.2191665769616,38.8202184543199],[-9.21944281985145,38.8202520166142],[-9.21940898370184,38.8206092145629],[-9.22030396144139,38.8205838841539],[-9.22016435651851,38.8210660632082],[-9.22012093694616,38.8212160288404],[-9.21998185467346,38.8213121600829],[-9.21985612141044,38.8213770138798],[-9.21929697804862,38.8212331221473],[-9.2188491509995,38.8212337133488],[-9.21817433172762,38.8213329334614],[-9.21767446588333,38.8215215577791],[-9.21721990430364,38.8218725424494],[-9.21700159262492,38.8220912973491],[-9.21684530972679,38.8223579319616],[-9.21653206543239,38.822186680718],[-9.21580904094086,38.8216428980506],[-9.21635291917783,38.8209703327297],[-9.216818767749,38.8202681455523],[-9.21720973556205,38.8201084715839],[-9.21742460953077,38.8200284559376],[-9.21821807232961,38.8201034409021],[-9.21887420971672,38.8201829329441],[-9.21893439400717,38.8201902451159],[-9.2191665769616,38.8202184543199]]]}},{"type":"Feature","id":"CRUS_Odivelas_V.399350","properties":{"Area_Ha":23.5225413492565,"Autor":"DGT","Categoria":"Espaço de Atividades Económicas","Classe":"Solo Urbano","DTCC":"1116","Data_PublicacaoPDM":"2024-09-06T00:00:00","Designacao_PlantaOrdenamento":"Espaço de Atividades Económicas Consolidados","Escala_PlantaOrdenamento":"1/10000","Fonte":"CM_Vetor","ID":399350,"Municipio":"ODIVELAS"},"geometry":{"type":"Polygon","coordinates":[[[-9.21317973102873,38.7915789498285],[-9.21311208802448,38.7915349855435],[-9.21300709913963,38.7914667475087],[-9.21204660229616,38.7911327758204],[-9.2114475358984,38.7906288543741],[-9.21099528787835,38.7903598177808],[-9.20988840119467,38.7901810216967],[-9.2095109470122,38.7898303806811],[-9.21008503163591,38.7897928584254],[-9.21059717797529,38.7897593825601],[-9.21164259394779,38.7896910417902],[-9.21168340653748,38.7896883734661],[-9.21237299689928,38.7897548143339],[-9.21233314049637,38.7895326870449],[-9.21241677766352,38.7892224999632],[-9.21274713696685,38.788880606491],[-9.21310136073551,38.7887465692069],[-9.21314463662565,38.7887338642806],[-9.21346974632163,38.7886384210258],[-9.21374667512767,38.7885790533094],[-9.21384921942416,38.788557069684],[-9.21391473761065,38.788547958211],[-9.21411757411857,38.7885994784294],[-9.21448196533311,38.7886767776253],[-9.21450767974207,38.7886822325232],[-9.21477044516995,38.7886839113358],[-9.21489078836732,38.7886498959195],[-9.21496045879777,38.7886051597327],[-9.21504307681997,38.7885532617815],[-9.21510811970627,38.7885341641891],[-9.21521338574643,38.7885092549061],[-9.21541363352199,38.7885097631838],[-9.2157999964253,38.788567954931],[-9.21580740479862,38.7885690718133],[-9.21581365911497,38.7885705433971],[-9.21624010034486,38.7886709428756],[-9.21797394877625,38.7893985696606],[-9.21780738454201,38.7896202628829],[-9.21853069014323,38.7899250443764],[-9.21853392712979,38.7899344615023],[-9.21857566967734,38.7900888125208],[-9.21859055932414,38.790120547987],[-9.21874580334028,38.7902391933113],[-9.21897272071138,38.7903812666423],[-9.21905433669117,38.7904575032668],[-9.21913651945151,38.7905282755465],[-9.2191413644505,38.7905305239154],[-9.21927187839241,38.7905910764275],[-9.21924994771858,38.7906259567162],[-9.21907484612575,38.7909044404042],[-9.21926430999828,38.7910064278232],[-9.21818385533658,38.7924924497379],[-9.21783785156739,38.7927837661138],[-9.21756259693307,38.792805685067],[-9.21742142440046,38.7928169273058],[-9.21701440530472,38.7926779268531],[-9.21677853117832,38.7929912914952],[-9.21567155372309,38.7927887668469],[-9.21555796317653,38.7927679840459],[-9.21550572636927,38.7927439818298],[-9.21500632421252,38.7925145129737],[-9.21370942063416,38.7918733631105],[-9.21338891856123,38.7917149136137],[-9.21317973102873,38.7915789498285]]]}},{"type":"Feature","id":"CRUS_Odivelas_V.399351","properties":{"Area_Ha":6.72596221745559,"Autor":"DGT","Categoria":"Espaço Habitacional","Classe":"Solo Urbano","DTCC":"1116","Data_PublicacaoPDM":"2024-09-06T00:00:00","Designacao_PlantaOrdenamento":"Espaço Habitacional - Nivel 2","Escala_PlantaOrdenamento":"1/10000","Fonte":"CM_Vetor","ID":399351,"Municipio":"ODIVELAS"},"geometry":{"type":"Polygon","coordinates":[[[-9.2182142005731,38.7967298896813],[-9.21895672992079,38.7963761695669],[-9.21926827342049,38.7962673421886],[-9.21919024974763,38.7960261218448],[-9.21875900566383,38.7958929463872],[-9.21882340635799,38.7957529082994],[-9.21857351931597,38.7956537606196],[-9.21827204783945,38.7958272766632],[-9.21794362452046,38.7959398038598],[-9.21781638625237,38.79524711759],[-9.21793299867673,38.7950727052755],[-9.21804321928456,38.7950383489902],[-9.21831547329682,38.7950158192837],[-9.21851958757237,38.7949939228614],[-9.21873100289652,38.7948919591783],[-9.21889922353887,38.7947503983439],[-9.2192850433801,38.7943534858846],[-9.21944129538121,38.7945453615385],[-9.21960799158594,38.794863803309],[-9.21964307398149,38.7949301428099],[-9.22110390598282,38.7946432126191],[-9.22138457066127,38.7946139321424],[-9.22142416429716,38.7945706325146],[-9.22224083248315,38.7948248831026],[-9.22185570069293,38.7952347790979],[-9.22201691481407,38.7953230209427],[-9.22186158204201,38.7957369600245],[-9.22170524128673,38.7960849098113],[-9.22152104319744,38.7964496187258],[-9.22136629185955,38.7969020510059],[-9.22111102928066,38.7968493794647],[-9.22103904940214,38.7970970958492],[-9.2200897363692,38.7968526091182],[-9.22005951882951,38.7965462301157],[-9.219760692332,38.7965023462328],[-9.21946288161733,38.7965251160525],[-9.21897149482681,38.796703016182],[-9.21839624748969,38.7969683575946],[-9.2182142005731,38.7967298896813]]]}},{"type":"Feature","id":"CRUS_Odivelas_V.399352","properties":{"Area_Ha":0.769927683078172,"Autor":"DGT","Categoria":"Espaço de Uso Especial Equipamentos e Infraestruturas","Classe":"Solo Urbano","DTCC":"1116","Data_PublicacaoPDM":"2024-09-06T00:00:00","Designacao_PlantaOrdenamento":"Espaço de Uso Especial - Equipamentos","Escala_PlantaOrdenamento":"1/10000","Fonte":"CM_Vetor","ID":399352,"Municipio":"ODIVELAS"},"geometry":{"type":"Polygon","coordinates":[[[-9.21794362452046,38.7959398038598],[-9.21827204783945,38.7958272766632],[-9.21857351931597,38.7956537606196],[-9.21882340635799,38.7957529082994],[-9.21875900566383,38.7958929463872],[-9.21919024974763,38.7960261218448],[-9.21926827342049,38.7962673421886],[-9.21895672992079,38.7963761695669],[-9.2182142005731,38.7967298896813],[-9.21817895249768,38.7966837169799],[-9.21803629256782,38.796265052375],[-9.21794362452046,38.7959398038598]]]}},{"type":"Feature","id":"CRUS_Odivelas_V.399353","properties":{"Area_Ha":0.938819134035753,"Autor":"DGT","Categoria":"Espaço de Uso Especial Equipamentos e Infraestruturas","Classe":"Solo Urbano","DTCC":"1116","Data_PublicacaoPDM":"2024-09-06T00:00:00","Designacao_PlantaOrdenamento":"Espaço de Uso Especial - Equipamentos","Escala_PlantaOrdenamento":"1/10000","Fonte":"CM_Vetor","ID":399353,"Municipio":"ODIVELAS"},"geometry":{"type":"Polygon","coordinates":[[[-9.20718307740803,38.7753150906186],[-9.20830981152931,38.7747037074734],[-9.20839568165576,38.7746328356128],[-9.2085261676673,38.7744911598525],[-9.20869720504422,38.7742984696784],[-9.20878477329717,38.7743488437311],[-9.20925642016275,38.7746149973435],[-9.20896598775782,38.7749669010818],[-9.20886614116639,38.7751985987524],[-9.20827847173226,38.7752059032819],[-9.20758186287535,38.7755292949742],[-9.20718307740803,38.7753150906186]]]}},{"type":"Feature","id":"CRUS_Odivelas_V.399354","properties":{"Area_Ha":1.62078636345132,"Autor":"DGT","Categoria":"Espaço de Uso Especial Equipamentos e Infraestruturas","Classe":"Solo Urbano","DTCC":"1116","Data_PublicacaoPDM":"2024-09-06T00:00:00","Designacao_PlantaOrdenamento":"Espaço de Uso Especial - Equipamentos","Escala_PlantaOrdenamento":"1/10000","Fonte":"CM_Vetor","ID":399354,"Municipio":"ODIVELAS"},"geometry":{"type":"Polygon","coordinates":[[[-9.20118643079059,38.7680706233076],[-9.20120682651273,38.7680429529501],[-9.20128430252298,38.7679379351071],[-9.20130403811009,38.7679110915199],[-9.20148031767995,38.7677885052239],[-9.20151527720383,38.7677642257618],[-9.2015813558099,38.767674083674],[-9.20166680877673,38.7676716816253],[-9.20168691865284,38.7676392499965],[-9.20170073742696,38.767616964204],[-9.20170826242762,38.7676046445895],[-9.20173043394724,38.7675715638655],[-9.20168864681022,38.767531591801],[-9.20175419808225,38.7674371312599],[-9.20196682946688,38.7675604820779],[-9.20209970835595,38.7676288952806],[-9.20230210832711,38.7677298193657],[-9.20243341985998,38.7677625767114],[-9.20262755158629,38.7678490731951],[-9.20270326469866,38.7675724744205],[-9.20272656893735,38.7675765852066],[-9.20274975534818,38.7675806058743],[-9.20278358661905,38.7676809120889],[-9.20317344615079,38.7678605561082],[-9.20314220952591,38.7679798350904],[-9.20308250429475,38.7681727856285],[-9.20300049268355,38.7684128713622],[-9.20292280581498,38.7684883469434],[-9.20286974833784,38.7685398114334],[-9.20273680648466,38.7686687633107],[-9.20272880902616,38.7686768580388],[-9.20262184923868,38.7687851190605],[-9.20261484817136,38.7687922051321],[-9.20255019931679,38.7688701732891],[-9.20254643748842,38.7688760685583],[-9.20249994512672,38.7689489098982],[-9.20223642731338,38.7686621774858],[-9.20202075740496,38.7684819250548],[-9.20197560232766,38.7684784654417],[-9.20195198799375,38.7684767004181],[-9.20151022860706,38.7684429103232],[-9.20131163670864,38.7684813896504],[-9.20128134759689,38.7684872510587],[-9.20097911485556,38.7683538683286],[-9.20097800613132,38.7683533791467],[-9.20111572504003,38.7681665473124],[-9.20111797236896,38.7681634965797],[-9.20118643079059,38.7680706233076]]]}},{"type":"Feature","id":"CRUS_Odivelas_V.399355","properties":{"Area_Ha":8.90838079371247,"Autor":"DGT","Categoria":"Espaço Habitacional","Classe":"Solo Urbano","DTCC":"1116","Data_PublicacaoPDM":"2024-09-06T00:00:00","Designacao_PlantaOrdenamento":"Espaço Habitacional - Nivel 1","Escala_PlantaOrdenamento":"1/10000","Fonte":"CM_Vetor","ID":399355,"Municipio":"ODIVELAS"},"geometry":{"type":"Polygon","coordinates":[[[-9.18437868009304,38.8090350330047],[-9.18396500260596,38.8090283666686],[-9.18401045543891,38.8079085241035],[-9.18593625295297,38.8079371554818],[-9.18713022231873,38.807763684689],[-9.18724766409323,38.8077855329187],[-9.18729920436214,38.8078767046023],[-9.18788273331486,38.8077965338653],[-9.18818620197477,38.8077682204423],[-9.18861307217353,38.8076986090464],[-9.18910020154977,38.8076550955308],[-9.18918920020549,38.8075511557337],[-9.18926205043817,38.8069929550879],[-9.18953714378308,38.8065830388344],[-9.18984987961093,38.8063911575192],[-9.19006752889252,38.8062576160485],[-9.19020873936476,38.8061735204715],[-9.19033456122582,38.8061072719268],[-9.1904487711269,38.8060471381342],[-9.19067673981479,38.8059430707665],[-9.19120106972367,38.805844121403],[-9.19139636282922,38.8063075347122],[-9.1911345242759,38.8063520587553],[-9.19089944617507,38.8064234770039],[-9.19073815152777,38.8064942250632],[-9.19032044549755,38.8068487651336],[-9.19035526102117,38.8068826190504],[-9.19069211882898,38.8073722740235],[-9.19088044160517,38.807904956796],[-9.19067502238737,38.8079735011616],[-9.19062270202079,38.8080213939845],[-9.19063843721545,38.808188701406],[-9.19053802332381,38.8083140868792],[-9.1903978406557,38.8084296373739],[-9.19016520551475,38.808666549661],[-9.18824693440732,38.8089046679469],[-9.18618230267696,38.8091717349031],[-9.18612304888033,38.8090856100315],[-9.18594982035959,38.8086982980111],[-9.18577951881034,38.8085867236819],[-9.1852731266769,38.8085582982835],[-9.18525107251244,38.8089675999703],[-9.18437868009304,38.8090350330047]]]}},{"type":"Feature","id":"CRUS_Odivelas_V.399356","properties":{"Area_Ha":3.02882446747003,"Autor":"DGT","Categoria":"Espaço de Uso Especial Equipamentos e Infraestruturas","Classe":"Solo Urbano","DTCC":"1116","Data_PublicacaoPDM":"2024-09-06T00:00:00","Designacao_PlantaOrdenamento":"Espaço de Uso Especial - Equipamentos","Escala_PlantaOrdenamento":"1/10000","Fonte":"CM_Vetor","ID":399356,"Municipio":"ODIVELAS"},"geometry":{"type":"Polygon","coordinates":[[[-9.18450558387441,38.809919384037],[-9.18450788897957,38.809918323135],[-9.18435843671994,38.8096776428969],[-9.1844047828768,38.8096665976565],[-9.18436585502206,38.8095168800557],[-9.18436038959477,38.8094272139067],[-9.18437868009304,38.8090350330047],[-9.18525107251244,38.8089675999703],[-9.1852731266769,38.8085582982835],[-9.18577951881034,38.8085867236819],[-9.18594982035959,38.8086982980111],[-9.18612304888033,38.8090856100315],[-9.18618230267696,38.8091717349031],[-9.18618540120565,38.8091871007501],[-9.18643642588835,38.8104318762393],[-9.18509801866352,38.8107740879315],[-9.1850314058512,38.8106817011772],[-9.18450558387441,38.809919384037]]]}},{"type":"Feature","id":"CRUS_Odivelas_V.399357","properties":{"Area_Ha":0.608940181182016,"Autor":"DGT","Categoria":"Espaço de Uso Especial Equipamentos e Infraestruturas","Classe":"Solo Urbano","DTCC":"1116","Data_PublicacaoPDM":"2024-09-06T00:00:00","Designacao_PlantaOrdenamento":"Espaço de Uso Especial - Equipamentos","Escala_PlantaOrdenamento":"1/10000","Fonte":"CM_Vetor","ID":399357,"Municipio":"ODIVELAS"},"geometry":{"type":"Polygon","coordinates":[[[-9.19139392453105,38.799055734537],[-9.19137185815059,38.7990425125753],[-9.19134880322147,38.7990247064348],[-9.19132899547566,38.7990008357961],[-9.19131631531029,38.7989606860498],[-9.19131622490946,38.7989546517854],[-9.19131228571946,38.7987586808662],[-9.19130685539294,38.7986952262305],[-9.19129813117041,38.7986579236589],[-9.19127907765912,38.7986227859249],[-9.1912491528017,38.7985840546226],[-9.19121831086612,38.7985535273797],[-9.19118968310585,38.7985324390143],[-9.19111805729725,38.79849957955],[-9.19107589708158,38.7984896924646],[-9.19107133480248,38.7984380301496],[-9.19107129352676,38.7984352387093],[-9.19106969806535,38.7983897642952],[-9.19144112875808,38.7983804520258],[-9.19149709607639,38.7983821075353],[-9.19197530929831,38.7983780409845],[-9.19217395974851,38.7983763299019],[-9.19219363578944,38.7983913737938],[-9.19220012061277,38.7989141190389],[-9.19220143335339,38.7990182358046],[-9.19216406797056,38.7990445161503],[-9.19196830760958,38.7990471933387],[-9.19193956050027,38.7990492551748],[-9.19190340570411,38.7990485029339],[-9.19185597561046,38.7990482122131],[-9.19175066885716,38.7990494372993],[-9.19160531135448,38.799051115429],[-9.1915765501273,38.7990600232061],[-9.19150388412802,38.7990655472949],[-9.19145265878535,38.7990654704723],[-9.19142153130226,38.7990621497974],[-9.19139392453105,38.799055734537]]]}},{"type":"Feature","id":"CRUS_Odivelas_V.399358","properties":{"Area_Ha":1.39678923695488,"Autor":"DGT","Categoria":"Espaço Verde","Classe":"Solo Urbano","DTCC":"1116","Data_PublicacaoPDM":"2024-09-06T00:00:00","Designacao_PlantaOrdenamento":"Espaço Verde","Escala_PlantaOrdenamento":"1/10000","Fonte":"CM_Vetor","ID":399358,"Municipio":"ODIVELAS"},"geometry":{"type":"Polygon","coordinates":[[[-9.17922680596162,38.7810359325348],[-9.17922967196666,38.7810350274361],[-9.17938143900768,38.7809901543131],[-9.17946558271657,38.7809804493538],[-9.1795462163593,38.7809769120002],[-9.17982984642136,38.7809814469921],[-9.17988812639489,38.7809819849595],[-9.17995958152746,38.7809826432378],[-9.18007395781992,38.780965102344],[-9.18013705796218,38.7809480198894],[-9.18018497175999,38.7809239964032],[-9.18023874632778,38.7808881210442],[-9.18031910533375,38.7808177109669],[-9.18036172687841,38.7807743880055],[-9.18039043906084,38.7807306705088],[-9.18039837654913,38.7806649048336],[-9.18039692486911,38.7805658225467],[-9.18039689446867,38.7805637443004],[-9.18075032316112,38.7807030070818],[-9.1809318921264,38.7808272612772],[-9.18101190736814,38.781122743408],[-9.18102516512672,38.7813817990863],[-9.18103146124397,38.7818112319376],[-9.18105515603262,38.7821368383719],[-9.18111202102925,38.7823491597381],[-9.18044926932956,38.7824615630769],[-9.18045105790516,38.7822311196199],[-9.18048444732459,38.781927215006],[-9.18035670273242,38.7816025418812],[-9.17993658953841,38.7813397295066],[-9.17922680596162,38.7810359325348]]]}},{"type":"Feature","id":"CRUS_Odivelas_V.399359","properties":{"Area_Ha":3.56251272294847,"Autor":"DGT","Categoria":"Espaço Habitacional","Classe":"Solo Urbano","DTCC":"1116","Data_PublicacaoPDM":"2024-09-06T00:00:00","Designacao_PlantaOrdenamento":"Espaço Habitacional - Nivel 2","Escala_PlantaOrdenamento":"1/10000","Fonte":"CM_Vetor","ID":399359,"Municipio":"ODIVELAS"},"geometry":{"type":"Polygon","coordinates":[[[-9.17016510271591,38.7943917446124],[-9.17035536294127,38.7940899315691],[-9.17060868394307,38.7940151448421],[-9.17034019463778,38.7934268673013],[-9.17065029722493,38.7933467756073],[-9.1713932473811,38.7931500957126],[-9.17162994018834,38.7936427374681],[-9.17203469256128,38.7935408513223],[-9.17243401748082,38.7939691272444],[-9.17255777598162,38.7942530501107],[-9.17229817144076,38.7943561013567],[-9.1727464680988,38.7949650367685],[-9.17279602675355,38.7950839054057],[-9.1727916155112,38.7951915578857],[-9.17277142245739,38.7952636756484],[-9.1725645766692,38.7952997022254],[-9.17230529067184,38.7953137212574],[-9.17210897475534,38.7953151682768],[-9.17193677968267,38.7953473028362],[-9.1710960347605,38.7953410396372],[-9.17049037950363,38.7950638480033],[-9.17071563167321,38.7947632523614],[-9.17106053712346,38.7945924125379],[-9.17098475490144,38.794462432731],[-9.17080507381378,38.7945066842502],[-9.17016510271591,38.7943917446124]]]}},{"type":"Feature","id":"CRUS_Odivelas_V.399360","properties":{"Area_Ha":1.35760093732794,"Autor":"DGT","Categoria":"Espaço de Uso Especial Equipamentos e Infraestruturas","Classe":"Solo Urbano","DTCC":"1116","Data_PublicacaoPDM":"2024-09-06T00:00:00","Designacao_PlantaOrdenamento":"Espaço de Uso Especial - Equipamentos","Escala_PlantaOrdenamento":"1/10000","Fonte":"CM_Vetor","ID":399360,"Municipio":"ODIVELAS"},"geometry":{"type":"Polygon","coordinates":[[[-9.17271802094625,38.7957926234211],[-9.17253864709558,38.795588997165],[-9.17259166215984,38.7955302449635],[-9.17267004950846,38.7954273996945],[-9.17272180842374,38.795353436337],[-9.17274324777625,38.7953159533103],[-9.17277142245739,38.7952636756484],[-9.1727916155112,38.7951915578857],[-9.17279602675355,38.7950839054057],[-9.1727464680988,38.7949650367685],[-9.17229817144076,38.7943561013567],[-9.17255777598162,38.7942530501107],[-9.17287090507392,38.7941410607632],[-9.17301219703423,38.7943878346013],[-9.17322005588163,38.794803590693],[-9.17332133400097,38.7951183587014],[-9.17352278846526,38.795795162859],[-9.17343809119499,38.7960888150242],[-9.17335192981182,38.7963206114123],[-9.17325444089198,38.7962991935388],[-9.17291702668872,38.7962091476418],[-9.1728961812504,38.7962084311362],[-9.17287701538294,38.796212296431],[-9.17277384974672,38.796249694094],[-9.17274079133187,38.7962561136339],[-9.17271657803382,38.7962531769972],[-9.17269291458239,38.7962405959238],[-9.17268064722064,38.7962281843275],[-9.17259126752447,38.796081523326],[-9.17262233763646,38.7960138514023],[-9.17271802094625,38.7957926234211]]]}},{"type":"Feature","id":"CRUS_Odivelas_V.399361","properties":{"Area_Ha":2.64834187250966,"Autor":"DGT","Categoria":"Espaço de Uso Especial Equipamentos e Infraestruturas","Classe":"Solo Urbano","DTCC":"1116","Data_PublicacaoPDM":"2024-09-06T00:00:00","Designacao_PlantaOrdenamento":"Espaço de Uso Especial - Equipamentos","Escala_PlantaOrdenamento":"1/10000","Fonte":"CM_Vetor","ID":399361,"Municipio":"ODIVELAS"},"geometry":{"type":"Polygon","coordinates":[[[-9.22778104350987,38.8112925768624],[-9.22772771680713,38.810838279432],[-9.2276945159402,38.8102573316676],[-9.22769015898193,38.8101810629682],[-9.22850032943662,38.8101199042698],[-9.22853163193836,38.8104268614196],[-9.22853178523382,38.8104268491476],[-9.23006160413554,38.8102883743725],[-9.23006069645962,38.8102967601018],[-9.23006593914548,38.8104956898402],[-9.23013403080576,38.8109337224248],[-9.23014152739095,38.8109870673238],[-9.22993450265671,38.8110152244705],[-9.22989579879173,38.8110214432122],[-9.22985698182543,38.8110276621008],[-9.22947879949268,38.8110883227246],[-9.22926645232552,38.81112238311],[-9.22934590049627,38.8115955294113],[-9.22934804658984,38.8116078502543],[-9.22935007843904,38.8116201712693],[-9.22937364716562,38.8117606497714],[-9.22916310893573,38.8117926217226],[-9.22916077373388,38.811783095353],[-9.22856296929845,38.8118555376556],[-9.22852345703716,38.8118603251891],[-9.22847077065172,38.8117429992787],[-9.2284434744406,38.8116822735202],[-9.22843148277226,38.8115834829181],[-9.22842646340123,38.8115489403709],[-9.22811028774576,38.8115992854417],[-9.22802531829228,38.8112559771134],[-9.22778104350987,38.8112925768624]]]}},{"type":"Feature","id":"CRUS_Odivelas_V.399362","properties":{"Area_Ha":3.60699482282037,"Autor":"DGT","Categoria":"Espaço Central","Classe":"Solo Urbano","DTCC":"1116","Data_PublicacaoPDM":"2024-09-06T00:00:00","Designacao_PlantaOrdenamento":"Espaços Centrais - Nivel1","Escala_PlantaOrdenamento":"1/10000","Fonte":"CM_Vetor","ID":399362,"Municipio":"ODIVELAS"},"geometry":{"type":"Polygon","coordinates":[[[-9.18260525735892,38.8014495073786],[-9.18307324966981,38.8017718409699],[-9.18264618570506,38.8022015488184],[-9.18286962389718,38.8023178359537],[-9.18202567676149,38.8031850459253],[-9.18191771875286,38.803383176512],[-9.1818673076094,38.8036590740641],[-9.18178553249234,38.8034916284511],[-9.18006358753532,38.8026565923753],[-9.18108344656041,38.8014535043813],[-9.18127819865236,38.8014397224079],[-9.1816148411333,38.8014353483295],[-9.18198661734381,38.8014404752766],[-9.18260525735892,38.8014495073786]]]}},{"type":"Feature","id":"CRUS_Odivelas_V.399363","properties":{"Area_Ha":12.1164807487579,"Autor":"DGT","Categoria":"Espaço Central","Classe":"Solo Urbano","DTCC":"1116","Data_PublicacaoPDM":"2024-09-06T00:00:00","Designacao_PlantaOrdenamento":"Espaços Centrais - Nivel1","Escala_PlantaOrdenamento":"1/10000","Fonte":"CM_Vetor","ID":399363,"Municipio":"ODIVELAS"},"geometry":{"type":"Polygon","coordinates":[[[-9.18401045543891,38.8079085241035],[-9.1840447032353,38.8070647271576],[-9.18397514650321,38.8066304822223],[-9.18412591229115,38.8065098402106],[-9.18402699134113,38.8063880348426],[-9.1841148293675,38.8062645494679],[-9.18390308031916,38.8060911786071],[-9.18431724999253,38.8058001165413],[-9.18381194825006,38.8053983287779],[-9.18402496796755,38.8052313067979],[-9.18323815995695,38.8045478026547],[-9.18343363681202,38.8043474647568],[-9.18340212894697,38.8042609977678],[-9.18332973113257,38.8041354662485],[-9.18331779847922,38.8040093902744],[-9.18336621489991,38.803874884852],[-9.18353196529251,38.803494844116],[-9.18356902817902,38.803273691332],[-9.18356531710971,38.8030213572884],[-9.18355604027566,38.8023905261857],[-9.18367766328477,38.8024367498844],[-9.18595573011175,38.8039704775121],[-9.18595580972915,38.8039758870604],[-9.18595619148629,38.8040018252576],[-9.18589274731899,38.8041335489221],[-9.18586584967989,38.8041518974385],[-9.18580120932521,38.8042494032442],[-9.18581535516075,38.8044553913096],[-9.18629891163899,38.8048668606156],[-9.18627845966337,38.8049519080983],[-9.18584200379689,38.8052670040149],[-9.18650726687275,38.805829537607],[-9.18623067331527,38.8060267066885],[-9.18679023970439,38.8065196456683],[-9.18691443553958,38.8066290512195],[-9.18668196120921,38.8067919650155],[-9.18717122725558,38.8071532834829],[-9.18736057193537,38.8072358539323],[-9.18750944208606,38.8072973054269],[-9.18768190397995,38.8073816809512],[-9.18775677843344,38.8074421485966],[-9.18779140178551,38.8074963702363],[-9.18781319284928,38.8075407928145],[-9.18783341081769,38.8076215863215],[-9.18788273331486,38.8077965338653],[-9.18729920436214,38.8078767046023],[-9.18724766409323,38.8077855329187],[-9.18713022231873,38.807763684689],[-9.18593625295297,38.8079371554818],[-9.18401045543891,38.8079085241035]]]}},{"type":"Feature","id":"CRUS_Odivelas_V.399364","properties":{"Area_Ha":3.02218053125021,"Autor":"DGT","Categoria":"Espaço Verde","Classe":"Solo Urbano","DTCC":"1116","Data_PublicacaoPDM":"2024-09-06T00:00:00","Designacao_PlantaOrdenamento":"Espaço Verde","Escala_PlantaOrdenamento":"1/10000","Fonte":"CM_Vetor","ID":399364,"Municipio":"ODIVELAS"},"geometry":{"type":"Polygon","coordinates":[[[-9.18948389001214,38.8022763338791],[-9.18924035024263,38.8020844839117],[-9.18891713816066,38.8018298667832],[-9.18877898904737,38.8018910596267],[-9.18861191690269,38.8019349067676],[-9.18876199908526,38.8021045140952],[-9.18879835104366,38.8021417477876],[-9.18874505214803,38.8021651995198],[-9.18859234365041,38.8021996385021],[-9.18854546922259,38.8022447399781],[-9.18846391628808,38.8022100778942],[-9.18812446375301,38.8020097160438],[-9.18798303272764,38.8019428573191],[-9.18794915137214,38.8016767753717],[-9.18792223188694,38.8015290433112],[-9.18789516849333,38.8013225508433],[-9.18785929778972,38.8009711080656],[-9.18782293819149,38.800685563501],[-9.18775371956358,38.8001419490964],[-9.18827202055873,38.8002231014286],[-9.18940295342537,38.8010049220228],[-9.18944316742882,38.8010327212637],[-9.18947530543203,38.8010919237486],[-9.18961364030759,38.8013467729534],[-9.18961997194186,38.801376645516],[-9.18961093162709,38.8016324724424],[-9.18961025319832,38.8016374762084],[-9.18955618170375,38.8020366046828],[-9.18983113732729,38.8020716505073],[-9.19008312930758,38.802103766706],[-9.19030514252866,38.8018891378653],[-9.19028731423298,38.8013767641944],[-9.19037565604506,38.8011390634646],[-9.19052136571064,38.8010888655343],[-9.19070340597489,38.8012730106099],[-9.1906678118274,38.8014918977462],[-9.1908119933559,38.8015164050935],[-9.19062881296279,38.8016616456575],[-9.19056221317383,38.8018837668225],[-9.19054336269452,38.8019466331145],[-9.18956692057264,38.8026380012943],[-9.18949636987826,38.8024584472647],[-9.18950245751065,38.8024185782032],[-9.18952134931488,38.8022949130478],[-9.18952321392877,38.8022808441271],[-9.18948389001214,38.8022763338791]]]}},{"type":"Feature","id":"CRUS_Odivelas_V.399365","properties":{"Area_Ha":15.1772122893796,"Autor":"DGT","Categoria":"Espaço Central","Classe":"Solo Urbano","DTCC":"1116","Data_PublicacaoPDM":"2024-09-06T00:00:00","Designacao_PlantaOrdenamento":"Espaços Centrais - Nivel1","Escala_PlantaOrdenamento":"1/10000","Fonte":"CM_Vetor","ID":399365,"Municipio":"ODIVELAS"},"geometry":{"type":"Polygon","coordinates":[[[-9.22951782969426,38.8141449459179],[-9.22946646046584,38.8140286185137],[-9.22937250158919,38.8138158445884],[-9.22936619782178,38.8137801439793],[-9.2291484908177,38.8136617800001],[-9.22900017616836,38.8134654999297],[-9.2286579304381,38.8135569026131],[-9.22824968207325,38.8132204360529],[-9.22774687885528,38.8133000944678],[-9.22714511049444,38.813238829405],[-9.22714906953741,38.8133020087072],[-9.22699830285538,38.813322091806],[-9.22702426379823,38.8134054853195],[-9.22697553423939,38.8134159286966],[-9.22673080107141,38.8134108477018],[-9.22648909022817,38.8134481738009],[-9.22645792914735,38.8133490432477],[-9.22631718844306,38.8133679833536],[-9.22629643876305,38.8132738612864],[-9.22584685854236,38.8133441911446],[-9.22512346715476,38.8134545850563],[-9.22465902667584,38.8135006833097],[-9.22444819389634,38.8135515664244],[-9.2241291116428,38.8136535419007],[-9.22368755764693,38.8138260837772],[-9.22346142892076,38.8139025085919],[-9.22298768329076,38.8140714675708],[-9.22291507987025,38.8140871521637],[-9.22272205895474,38.8141291402815],[-9.22258585632983,38.8141301631669],[-9.22228817276945,38.8140613931904],[-9.22219410761345,38.8140383213422],[-9.22200932216417,38.8140670688759],[-9.22199792894803,38.8139902019275],[-9.22199773664408,38.8139901540589],[-9.22199738999426,38.8139865637062],[-9.22202643859038,38.8139768358585],[-9.22203168990506,38.8139281254366],[-9.22202383362925,38.8139039889185],[-9.22201648590902,38.8138806602792],[-9.22201527676815,38.8138779528852],[-9.22198874279034,38.813818627955],[-9.22195421129413,38.8137410430502],[-9.22165751906148,38.8130687249666],[-9.22168349081295,38.8130617382181],[-9.22199003410077,38.8129091354648],[-9.2222524164309,38.8128045694666],[-9.22266696811472,38.8126890174431],[-9.22288750422566,38.8126122481541],[-9.22287150361822,38.8124769318773],[-9.2229073469846,38.8124659494899],[-9.22314008615855,38.8123946332391],[-9.22311878648911,38.8122202189258],[-9.22318485333072,38.8121272030915],[-9.22328042618979,38.8120023804261],[-9.2233332145185,38.8118684240223],[-9.22350123018817,38.8117000250994],[-9.22355020818697,38.8116632312009],[-9.22383170636096,38.8121827044283],[-9.22396198307526,38.8124230447005],[-9.22397806249416,38.8124618659977],[-9.22406254112502,38.8124386723058],[-9.22412244392523,38.8124109090962],[-9.22426256487242,38.8123661830672],[-9.22458490995746,38.8122568297672],[-9.22502411808111,38.8121078290728],[-9.22511607818116,38.81206593313],[-9.22532968063215,38.8123137554938],[-9.22601322547066,38.8123774423159],[-9.22634047370885,38.8123145914881],[-9.22651580285515,38.8122482083395],[-9.22656654013784,38.812217338777],[-9.22658820392787,38.8121855016251],[-9.22658670149049,38.8121575841446],[-9.22656969037381,38.8121139946321],[-9.22662435934045,38.8120992006855],[-9.22681950034847,38.8120126068826],[-9.2268709327421,38.8121282387837],[-9.22702469196831,38.8120813168089],[-9.22698401237565,38.8114229755334],[-9.22702650118278,38.8114248566378],[-9.22702552886416,38.8114047470826],[-9.22722648095674,38.8113615679281],[-9.22778104350987,38.8112925768624],[-9.22802531829228,38.8112559771134],[-9.22811028774576,38.8115992854417],[-9.22842646340123,38.8115489403709],[-9.22843148277226,38.8115834829181],[-9.2284434744406,38.8116822735202],[-9.22847077065172,38.8117429992787],[-9.22852345703716,38.8118603251891],[-9.22856296929845,38.8118555376556],[-9.22916077373388,38.811783095353],[-9.22916310893573,38.8117926217226],[-9.22937364716562,38.8117606497714],[-9.22935007843904,38.8116201712693],[-9.22934804658984,38.8116078502543],[-9.22934590049627,38.8115955294113],[-9.22926645232552,38.81112238311],[-9.22947879949268,38.8110883227246],[-9.22985698182543,38.8110276621008],[-9.22989579879173,38.8110214432122],[-9.22993450265671,38.8110152244705],[-9.23014152739095,38.8109870673238],[-9.23013403080576,38.8109337224248],[-9.23006593914548,38.8104956898402],[-9.23006069645962,38.8102967601018],[-9.23006160413554,38.8102883743725],[-9.23080799562625,38.8103134052859],[-9.23099099603211,38.8104887338314],[-9.23144459265978,38.8109241444075],[-9.23099557971826,38.8112435412251],[-9.23045454334804,38.811628392249],[-9.23051536428281,38.8119723896636],[-9.23056818022653,38.8122711135476],[-9.23068534897255,38.8122700118981],[-9.23082230418594,38.8132659995721],[-9.23054892625934,38.8133746012663],[-9.22967431661508,38.8136744956168],[-9.22979366584167,38.8139603526822],[-9.22983733689956,38.8140649502725],[-9.22983827664216,38.8140670036972],[-9.22994972075047,38.8143071960679],[-9.23003571421573,38.8145577317614],[-9.2297434214937,38.8145950501598],[-9.22972892304465,38.8145952891903],[-9.22968851481503,38.8145174367448],[-9.22960389430945,38.8143543988641],[-9.22951782969426,38.8141449459179]]]}},{"type":"Feature","id":"CRUS_Odivelas_V.399366","properties":{"Area_Ha":3.75614350305866,"Autor":"DGT","Categoria":"Espaço Verde","Classe":"Solo Urbano","DTCC":"1116","Data_PublicacaoPDM":"2024-09-06T00:00:00","Designacao_PlantaOrdenamento":"Espaço Verde","Escala_PlantaOrdenamento":"1/10000","Fonte":"CM_Vetor","ID":399366,"Municipio":"ODIVELAS"},"geometry":{"type":"Polygon","coordinates":[[[-9.18595573011175,38.8039704775121],[-9.18595569613617,38.8039681690653],[-9.18607890437317,38.8038922666826],[-9.18618377340008,38.8038907562712],[-9.18629374860457,38.8039155901232],[-9.1864285807582,38.8039435179874],[-9.18714410294606,38.8041490367755],[-9.18699637068289,38.8045460211789],[-9.1871701178049,38.8048917263817],[-9.18679998149309,38.8050575238336],[-9.18697716394145,38.8054422150421],[-9.18760045277032,38.8063045561789],[-9.18765879384335,38.8063832115489],[-9.1882059324671,38.8071208769004],[-9.18826701116051,38.8072032245222],[-9.18831200987369,38.8072356895919],[-9.18838014959672,38.807284854492],[-9.18856983473978,38.8072999008959],[-9.18860538076546,38.8073246491672],[-9.18918920020549,38.8075511557337],[-9.18910020154977,38.8076550955308],[-9.18861307217353,38.8076986090464],[-9.18818620197477,38.8077682204423],[-9.18788273331486,38.8077965338653],[-9.18783341081769,38.8076215863215],[-9.18781319284928,38.8075407928145],[-9.18779140178551,38.8074963702363],[-9.18775677843344,38.8074421485966],[-9.18768190397995,38.8073816809512],[-9.18750944208606,38.8072973054269],[-9.18736057193537,38.8072358539323],[-9.18717122725558,38.8071532834829],[-9.18668196120921,38.8067919650155],[-9.18691443553958,38.8066290512195],[-9.18679023970439,38.8065196456683],[-9.18623067331527,38.8060267066885],[-9.18650726687275,38.805829537607],[-9.18584200379689,38.8052670040149],[-9.18627845966337,38.8049519080983],[-9.18629891163899,38.8048668606156],[-9.18581535516075,38.8044553913096],[-9.18580120932521,38.8042494032442],[-9.18586584967989,38.8041518974385],[-9.18589274731899,38.8041335489221],[-9.18595619148629,38.8040018252576],[-9.18595580972915,38.8039758870604],[-9.18595573011175,38.8039704775121]]]}},{"type":"Feature","id":"CRUS_Odivelas_V.399367","properties":{"Area_Ha":0.865433317935711,"Autor":"DGT","Categoria":"Espaço de Uso Especial Equipamentos e Infraestruturas","Classe":"Solo Urbano","DTCC":"1116","Data_PublicacaoPDM":"2024-09-06T00:00:00","Designacao_PlantaOrdenamento":"Espaço de Uso Especial - Equipamentos","Escala_PlantaOrdenamento":"1/10000","Fonte":"CM_Vetor","ID":399367,"Municipio":"ODIVELAS"},"geometry":{"type":"Polygon","coordinates":[[[-9.23313287705783,38.8120938002292],[-9.23333857775195,38.8129060643062],[-9.2333176224498,38.812975067929],[-9.23319458597765,38.8130010367445],[-9.23309630673631,38.8130220203079],[-9.23296780515404,38.8130494561067],[-9.23272953956211,38.813090863683],[-9.23257878823303,38.813096573179],[-9.23254984090699,38.8130943797607],[-9.23252022433795,38.8130369453601],[-9.23224699499365,38.8120667153479],[-9.23273525867508,38.8119869135268],[-9.23306423407615,38.8119664120556],[-9.23313287705783,38.8120938002292]]]}},{"type":"Feature","id":"CRUS_Odivelas_V.399368","properties":{"Area_Ha":1.14202014625893,"Autor":"DGT","Categoria":"Espaço Verde","Classe":"Solo Urbano","DTCC":"1116","Data_PublicacaoPDM":"2024-09-06T00:00:00","Designacao_PlantaOrdenamento":"Espaço Verde","Escala_PlantaOrdenamento":"1/10000","Fonte":"CM_Vetor","ID":399368,"Municipio":"ODIVELAS"},"geometry":{"type":"Polygon","coordinates":[[[-9.17639333686332,38.7958988291215],[-9.17686554268898,38.7961482319611],[-9.17713634197687,38.7962912579201],[-9.17722826663751,38.7965001044823],[-9.17740544673374,38.7969026437334],[-9.17754943989728,38.7972297824711],[-9.17783020387421,38.7971734829368],[-9.17854795174701,38.7977234714443],[-9.17837316859678,38.7979031706082],[-9.17732313333931,38.797282103074],[-9.17667848252954,38.7970065311167],[-9.17688228672464,38.7968182792067],[-9.1760649744475,38.7961638167778],[-9.17633087607186,38.7958658389659],[-9.17639333686332,38.7958988291215]]]}},{"type":"Feature","id":"CRUS_Odivelas_V.399369","properties":{"Area_Ha":0.474123168884311,"Autor":"DGT","Categoria":"Espaço de Uso Especial Equipamentos e Infraestruturas","Classe":"Solo Urbano","DTCC":"1116","Data_PublicacaoPDM":"2024-09-06T00:00:00","Designacao_PlantaOrdenamento":"Espaço de Uso Especial - Equipamentos","Escala_PlantaOrdenamento":"1/10000","Fonte":"CM_Vetor","ID":399369,"Municipio":"ODIVELAS"},"geometry":{"type":"Polygon","coordinates":[[[-9.20762701005115,38.7988677142649],[-9.20832554019205,38.7985371464123],[-9.20836560456796,38.7985779370412],[-9.20851997914402,38.7987874622061],[-9.20854743675742,38.7988643851373],[-9.20853552909086,38.7989468152089],[-9.20849732356688,38.7990294873308],[-9.20843313398799,38.7991329796068],[-9.20829709372811,38.7992680036994],[-9.20804450302876,38.7995224367826],[-9.20762701005115,38.7988677142649]]]}},{"type":"Feature","id":"CRUS_Odivelas_V.399370","properties":{"Area_Ha":1.89129441121512,"Autor":"DGT","Categoria":"Espaço Central","Classe":"Solo Urbano","DTCC":"1116","Data_PublicacaoPDM":"2024-09-06T00:00:00","Designacao_PlantaOrdenamento":"Espaços Centrais - Nivel 2","Escala_PlantaOrdenamento":"1/10000","Fonte":"CM_Vetor","ID":399370,"Municipio":"ODIVELAS"},"geometry":{"type":"Polygon","coordinates":[[[-9.20656307927063,38.7835419871505],[-9.20661751452588,38.7834260004564],[-9.20678115854642,38.7830363611944],[-9.20690159582427,38.7826965154897],[-9.20693150278731,38.7825980557224],[-9.20692338182646,38.7824753978196],[-9.20688461895083,38.7824021157704],[-9.2068262884452,38.7822799219385],[-9.20678619836408,38.7821182845107],[-9.20678413365782,38.7819808443713],[-9.20680695280409,38.7818284472112],[-9.20681027913042,38.7816320476405],[-9.20685659214501,38.7814820981911],[-9.20691773816785,38.781324368322],[-9.20708412154176,38.7811552010281],[-9.20730644984744,38.7809939019015],[-9.20751219211635,38.7810106565253],[-9.20758006806459,38.7810362242279],[-9.20778961237233,38.7811263541316],[-9.20786090039758,38.7811986983892],[-9.20787566283516,38.7812561379906],[-9.2078936819553,38.7816553692674],[-9.20794757121351,38.7820531518629],[-9.20803216497158,38.7822261092864],[-9.20801746974359,38.7823348924002],[-9.20793596512081,38.7823358886203],[-9.20755106257592,38.7822688835301],[-9.2074850287791,38.7822215584621],[-9.20756268276398,38.7816839964945],[-9.2074849805286,38.7816751246713],[-9.2073129132406,38.7819067850644],[-9.20713042250418,38.781988352582],[-9.20715179278613,38.7820520673006],[-9.20715356865097,38.7821702842817],[-9.20727372462335,38.7822874131091],[-9.20738907761743,38.7823566528408],[-9.20746682852877,38.7823687196971],[-9.20748555813604,38.7825283230693],[-9.20747109779524,38.7827520515303],[-9.2073841772189,38.7829032142349],[-9.20722365429373,38.7831785651924],[-9.20711118947119,38.7834561603976],[-9.20708286030943,38.7836255785292],[-9.20709456312705,38.7837194482992],[-9.20715965124568,38.7839417087427],[-9.20709007119278,38.7839366752547],[-9.20702756683157,38.783932153661],[-9.206797763927,38.7838300941896],[-9.20664579396036,38.7836691280664],[-9.20656307927063,38.7835419871505]]]}},{"type":"Feature","id":"CRUS_Odivelas_V.399371","properties":{"Area_Ha":35.0708858325729,"Autor":"DGT","Categoria":"Espaço Central","Classe":"Solo Urbano","DTCC":"1116","Data_PublicacaoPDM":"2024-09-06T00:00:00","Designacao_PlantaOrdenamento":"Espaços Centrais - Nivel 2","Escala_PlantaOrdenamento":"1/10000","Fonte":"CM_Vetor","ID":399371,"Municipio":"ODIVELAS"},"geometry":{"type":"Polygon","coordinates":[[[-9.21688649417258,38.7973440571013],[-9.21707718290563,38.7973294649656],[-9.21706081131803,38.7971616568632],[-9.2161529873083,38.7964486068281],[-9.21582989008079,38.7963469148017],[-9.21538683177048,38.796207467202],[-9.21527775117398,38.796181763947],[-9.21508678944132,38.7961367696668],[-9.21418405602325,38.7959240581728],[-9.21383764116921,38.7958424323284],[-9.21377311531652,38.7958195226883],[-9.2136517614238,38.7957764347564],[-9.21357844666188,38.7957453003819],[-9.21267032131945,38.7953596466949],[-9.21175503821499,38.7947389104925],[-9.21152621932193,38.7945837241542],[-9.21141761190135,38.7944812859468],[-9.21068748354511,38.7937926332881],[-9.21070113856393,38.7934203792455],[-9.21045065388559,38.7923020537002],[-9.21044545827465,38.7922539735397],[-9.21079520901142,38.7920508916141],[-9.21095890517713,38.7925770929],[-9.21100256881254,38.7930335306098],[-9.21184639596353,38.7929980850188],[-9.21190415338065,38.7919534311966],[-9.2127996733267,38.7922840640787],[-9.21313140016316,38.7916270478986],[-9.21317973102873,38.7915789498285],[-9.21338891856123,38.7917149136137],[-9.21370942063416,38.7918733631105],[-9.21500632421252,38.7925145129737],[-9.21550572636927,38.7927439818298],[-9.21555796317653,38.7927679840459],[-9.21567155372309,38.7927887668469],[-9.21677853117832,38.7929912914952],[-9.21701440530472,38.7926779268531],[-9.21742142440046,38.7928169273058],[-9.21756259693307,38.792805685067],[-9.21767164818542,38.7930520298334],[-9.2177321574082,38.7930532207099],[-9.21787314729874,38.7930431454511],[-9.21796388170954,38.7930634258123],[-9.2180411839926,38.7932068059263],[-9.21971526580331,38.7934814838077],[-9.22104796926588,38.7938016652356],[-9.22106045865472,38.7940072543867],[-9.22142786755959,38.7941008806162],[-9.22142416429716,38.7945706325146],[-9.22138457066127,38.7946139321424],[-9.22110390598282,38.7946432126191],[-9.21964307398149,38.7949301428099],[-9.21960799158594,38.794863803309],[-9.21944129538121,38.7945453615385],[-9.2192850433801,38.7943534858846],[-9.21889922353887,38.7947503983439],[-9.21873100289652,38.7948919591783],[-9.21851958757237,38.7949939228614],[-9.21831547329682,38.7950158192837],[-9.21804321928456,38.7950383489902],[-9.21793299867673,38.7950727052755],[-9.21781638625237,38.79524711759],[-9.21794362452046,38.7959398038598],[-9.21803629256782,38.796265052375],[-9.21817895249768,38.7966837169799],[-9.2182142005731,38.7967298896813],[-9.21839624748969,38.7969683575946],[-9.21897149482681,38.796703016182],[-9.21946288161733,38.7965251160525],[-9.219760692332,38.7965023462328],[-9.22005951882951,38.7965462301157],[-9.2200897363692,38.7968526091182],[-9.22103904940214,38.7970970958492],[-9.2209652969569,38.797295494405],[-9.22082738765705,38.7974825491727],[-9.22064912377527,38.7976335730404],[-9.21940514047923,38.7985771958617],[-9.21875369803502,38.7989484160497],[-9.21851776908376,38.7989993247378],[-9.21824518568964,38.7990087378052],[-9.21681904704403,38.7990839071489],[-9.21673313711129,38.7990847039667],[-9.2167234886713,38.7990229863244],[-9.21670053659672,38.7988761669734],[-9.21659673528752,38.7982121537378],[-9.21643686869626,38.7975324745488],[-9.21643530398319,38.7974292815159],[-9.21649703342548,38.7974176222672],[-9.21688649417258,38.7973440571013]]]}},{"type":"Feature","id":"CRUS_Odivelas_V.399372","properties":{"Area_Ha":2.11558936305435,"Autor":"DGT","Categoria":"Espaço de Atividades Económicas","Classe":"Solo Urbano","DTCC":"1116","Data_PublicacaoPDM":"2024-09-06T00:00:00","Designacao_PlantaOrdenamento":"Espaço de Atividades Económicas a Requalificar","Escala_PlantaOrdenamento":"1/10000","Fonte":"CM_Vetor","ID":399372,"Municipio":"ODIVELAS"},"geometry":{"type":"Polygon","coordinates":[[[-9.17267329595351,38.7849325533098],[-9.17283783785726,38.7848231210854],[-9.17321815991049,38.7846418416281],[-9.173588758466,38.7845845974281],[-9.17387690389252,38.7845047081184],[-9.17438864809146,38.7842737070325],[-9.17455239745724,38.7841314123376],[-9.17473366400604,38.783980676987],[-9.17496602271399,38.783794795707],[-9.17497775587763,38.7837881422257],[-9.17498881316791,38.7838032153724],[-9.17509916387491,38.7839536426709],[-9.17557857534015,38.7845395004504],[-9.17490861319571,38.784757159253],[-9.17424452389014,38.7851236485888],[-9.17380777879257,38.7853968019983],[-9.17315001395957,38.7858081769678],[-9.17302964660041,38.785587089764],[-9.17280553584724,38.7851754527153],[-9.17267329595351,38.7849325533098]]]}},{"type":"Feature","id":"CRUS_Odivelas_V.399373","properties":{"Area_Ha":2.58775046503529,"Autor":"DGT","Categoria":"Espaço de Uso Especial Equipamentos e Infraestruturas","Classe":"Solo Urbano","DTCC":"1116","Data_PublicacaoPDM":"2024-09-06T00:00:00","Designacao_PlantaOrdenamento":"Espaço de Uso Especial - Equipamentos","Escala_PlantaOrdenamento":"1/10000","Fonte":"CM_Vetor","ID":399373,"Municipio":"ODIVELAS"},"geometry":{"type":"Polygon","coordinates":[[[-9.18100671561143,38.7936989924036],[-9.18066553318246,38.7941848872384],[-9.1806275486406,38.7942389820096],[-9.18054664574336,38.794342034807],[-9.18035231476206,38.794614277837],[-9.1787210940249,38.7940015170933],[-9.17871359275764,38.7939923058507],[-9.17874950496157,38.7939450544837],[-9.17978891283122,38.7931309035977],[-9.18000328425279,38.7929382888868],[-9.18043757812148,38.7928063046265],[-9.18079606138274,38.7927634536674],[-9.18101372800436,38.7927643838487],[-9.18136054035908,38.7927814459248],[-9.18133425311004,38.7931940527595],[-9.18102369075408,38.7935221999077],[-9.18100671561143,38.7936989924036]]]}},{"type":"Feature","id":"CRUS_Odivelas_V.399374","properties":{"Area_Ha":1.55316624629252,"Autor":"DGT","Categoria":"Espaço Habitacional","Classe":"Solo Urbano","DTCC":"1116","Data_PublicacaoPDM":"2024-09-06T00:00:00","Designacao_PlantaOrdenamento":"Espaço Habitacional a Reconverter","Escala_PlantaOrdenamento":"1/10000","Fonte":"CM_Vetor","ID":399374,"Municipio":"ODIVELAS"},"geometry":{"type":"Polygon","coordinates":[[[-9.21352048957183,38.7767079275747],[-9.21345641088247,38.7766920896247],[-9.21345162691728,38.7766909067872],[-9.21331714004908,38.7766576676447],[-9.21292627532183,38.7766372227679],[-9.21254937530669,38.777369877137],[-9.21236098330813,38.7773214087249],[-9.21227905374493,38.7773003310373],[-9.21246356942773,38.7768436533741],[-9.21225454842987,38.7767889402303],[-9.21241547965848,38.7765225986092],[-9.21206614052177,38.7764295817999],[-9.2120647994362,38.7764292248892],[-9.211998118659,38.7764114701371],[-9.2122080726684,38.7759047839408],[-9.21221796986505,38.775880898657],[-9.21227852383064,38.7758769921819],[-9.21234985066465,38.7758723898699],[-9.21248859350531,38.7758540567526],[-9.21259859226898,38.7758395218419],[-9.2126438070278,38.7758335472736],[-9.21281764793844,38.7758105757119],[-9.21289522052132,38.7757980218674],[-9.2138847156808,38.7756405016003],[-9.21390016070865,38.7756406650172],[-9.21391560573653,38.7756408284322],[-9.21391348157274,38.7756689639697],[-9.21390260284442,38.775711589274],[-9.21388328027009,38.7757401171749],[-9.21385079074132,38.7757687668459],[-9.21378878993759,38.7758054216798],[-9.21373182562535,38.7758484731505],[-9.21370468133609,38.7759041344347],[-9.21369136735055,38.7760034806197],[-9.21371087590112,38.776096079146],[-9.21372879523841,38.7761925584896],[-9.21372371121495,38.776291828568],[-9.21369152744758,38.7763704990025],[-9.21368878628188,38.7763771999933],[-9.21363741956688,38.7764640115469],[-9.21356362584365,38.7766009793091],[-9.21352048957183,38.7767079275747]]]}},{"type":"Feature","id":"CRUS_Odivelas_V.399375","properties":{"Area_Ha":196.737716251424,"Autor":"DGT","Categoria":"Espaço Florestal","Classe":"Solo Rústico","DTCC":"1116","Data_PublicacaoPDM":"2024-09-06T00:00:00","Designacao_PlantaOrdenamento":"Espaços Florestais com Funções Predominantes de Recreio e Valorização da Paisagem Grande Lisboa","Escala_PlantaOrdenamento":"1/10000","Fonte":"CM_Vetor","ID":399375,"Municipio":"ODIVELAS"},"geometry":{"type":"Polygon","coordinates":[[[-9.23055365108081,38.8210421579209],[-9.23055341222723,38.8210424748407],[-9.23053011776212,38.8210733827889],[-9.23025801010103,38.8213853864826],[-9.22974764188304,38.8216377356876],[-9.22903951468477,38.8218919372369],[-9.22859639292756,38.8213700298062],[-9.22852245300561,38.8213849864354],[-9.2276831772654,38.8214702129182],[-9.22765139167959,38.821490915593],[-9.2276150637414,38.8214494593946],[-9.2274937941092,38.8215531028496],[-9.22722694033341,38.8217442238954],[-9.22722263065894,38.8217701714377],[-9.22689984573202,38.8219804010653],[-9.22572216733856,38.8225716343364],[-9.22355625745207,38.8232107619005],[-9.22316073639874,38.8232144524313],[-9.2222778815871,38.8236868559015],[-9.22123641260631,38.8236626250272],[-9.22123645463344,38.823662428704],[-9.22060030942685,38.8235873264419],[-9.21999752347594,38.8235161594198],[-9.21998590818426,38.8235802061219],[-9.21965518493755,38.8235565476317],[-9.21921198215204,38.823676711129],[-9.21808541332698,38.8243834353114],[-9.21705946120976,38.8252052587746],[-9.21658470851067,38.8255855434694],[-9.21646493386737,38.8256294874661],[-9.21630218312755,38.8256721667017],[-9.21608898494326,38.8256839607932],[-9.21574272242019,38.825687723066],[-9.21542538913367,38.8256565824753],[-9.21503173654286,38.8255548884894],[-9.21476113152914,38.825470642056],[-9.21431668225715,38.8253980183624],[-9.21394927876614,38.8252882847336],[-9.21372340272121,38.8252075984238],[-9.21350549502368,38.8250621580438],[-9.21339096272622,38.8249809775558],[-9.21331642321015,38.8248949279401],[-9.21326573251208,38.8247792969329],[-9.21316880080254,38.8246767269636],[-9.21295928505402,38.8245710298773],[-9.21274118229447,38.8244235230788],[-9.2120292864073,38.8238818616692],[-9.21173367000092,38.8236816535993],[-9.21158522540283,38.8235953660644],[-9.211605655292,38.8235822938247],[-9.21177712077942,38.8234835421814],[-9.21117690539917,38.8226783347146],[-9.21067068571597,38.8222487489031],[-9.21020874279267,38.8214717794771],[-9.21024810826436,38.8212191117279],[-9.21066993010051,38.8209280390687],[-9.21039520139009,38.8205364569941],[-9.21008000555523,38.8206967171086],[-9.21019760412731,38.8208188034232],[-9.2077971499391,38.8222714820947],[-9.20767498316684,38.8224201180298],[-9.20765356268662,38.8224174564556],[-9.20752168572661,38.8224318989012],[-9.20711023596581,38.8226565226184],[-9.20646287774767,38.8231522671929],[-9.20622198394559,38.8233611908814],[-9.20613224739176,38.8233251629115],[-9.20568062520717,38.8231802670295],[-9.20554873371503,38.8231009229829],[-9.20539670277834,38.8229186323104],[-9.20504023365378,38.822453716771],[-9.2047252264225,38.8220795532269],[-9.20440337835158,38.8217869672151],[-9.20433138961048,38.8217546593979],[-9.20438259588929,38.8216647280824],[-9.20446330513778,38.8216445466177],[-9.20495072806458,38.8215918800401],[-9.20464641320659,38.8214317280506],[-9.20455196929913,38.8213761163471],[-9.20449092910289,38.8213367720462],[-9.20442665915445,38.821274217308],[-9.20434859236289,38.8212051264757],[-9.20428562407488,38.8211370691207],[-9.20416490787711,38.8209265878478],[-9.20401160091778,38.8206776685261],[-9.20395185471984,38.8206172390312],[-9.20386318362671,38.8205471606707],[-9.20365452210843,38.8204227883285],[-9.20358116184154,38.820352570341],[-9.20353358873086,38.8203053605573],[-9.2034996684523,38.8202546884965],[-9.20345040800823,38.8200945345504],[-9.20337919312348,38.81987585277],[-9.20330278103958,38.8196095665136],[-9.20324907615075,38.8194606230886],[-9.20307434828792,38.8191980967702],[-9.20304104808031,38.8190899620391],[-9.20312745037527,38.8189752739152],[-9.20313036217094,38.8189714098717],[-9.20317528192281,38.8188279194871],[-9.20319616843307,38.8186052100342],[-9.20327886045839,38.8185734696738],[-9.20340404486606,38.81847008037],[-9.20344553113086,38.8183732169725],[-9.20367887578798,38.8183481457338],[-9.20403382304012,38.8183375146837],[-9.20422637911131,38.8183731596311],[-9.20431607332912,38.8184250238742],[-9.20443984509029,38.8185258925458],[-9.20449542022271,38.8185472883962],[-9.20462510703682,38.8184176381404],[-9.20466815111593,38.8183385807885],[-9.20469982058853,38.8181735523239],[-9.2047556020826,38.8180754395325],[-9.20464332481411,38.8180133929667],[-9.20454373798632,38.8180293254096],[-9.20439765929607,38.818118289931],[-9.20426911177514,38.8181504918194],[-9.20392584046988,38.8181746685739],[-9.20380857227271,38.8181637292981],[-9.20340847231642,38.8182081882984],[-9.20331544947062,38.8178810651958],[-9.20320711777833,38.8175518430087],[-9.20314850693536,38.8174113514257],[-9.20315064186044,38.8173170218632],[-9.20319414113804,38.8171354424852],[-9.20311672332044,38.8170332115666],[-9.20310895125,38.8170160741625],[-9.20323239814947,38.8169720578248],[-9.20326927396355,38.8169692478533],[-9.20330804763216,38.8168801093625],[-9.20352249347752,38.8163142303029],[-9.20363027965069,38.816069071853],[-9.20384629197775,38.815607818943],[-9.20399009288954,38.8152867554297],[-9.20409001056729,38.8150126021196],[-9.20419701165048,38.8147151301834],[-9.20426073868021,38.814505257247],[-9.2042584713486,38.8143541260762],[-9.20424117211734,38.8141915059314],[-9.20421687595403,38.8140580164712],[-9.2041780715892,38.8139479154177],[-9.20403272157788,38.8136701984706],[-9.2039942659016,38.8135833477456],[-9.20399304495792,38.8135019713517],[-9.20402171675295,38.8134319432213],[-9.20404348596456,38.8134376586424],[-9.20410227059754,38.8134530913578],[-9.2041028788768,38.8134529431204],[-9.20410270638857,38.8134533699743],[-9.20410229035149,38.8134544103312],[-9.20414316561007,38.8134804295228],[-9.20435285115191,38.813615386613],[-9.20453158789812,38.813725625529],[-9.20462210775266,38.8138003139665],[-9.20503853360735,38.8139708415358],[-9.20519899905894,38.8140565442987],[-9.20527248923019,38.8141804048767],[-9.20528361604473,38.8142103742365],[-9.20531396226342,38.8142921081076],[-9.2052854302567,38.8144963187838],[-9.20528523644567,38.814497709241],[-9.20528521558879,38.8144978575096],[-9.20513157427225,38.8148666514484],[-9.20485396508739,38.8154607493153],[-9.20478486794621,38.815629508058],[-9.20483354865275,38.815691328969],[-9.20487915418745,38.815703822213],[-9.20494770739699,38.8157226031536],[-9.20522352693011,38.8157557661071],[-9.20533868753214,38.8158930081539],[-9.20661789154349,38.8152270529835],[-9.20690841116592,38.8150691165006],[-9.20720072988023,38.8149140231797],[-9.20723546789486,38.8148955922836],[-9.20723689767127,38.814894892023],[-9.20731746008688,38.8147793848818],[-9.20750007915064,38.8145433990616],[-9.2075954313417,38.8144813453205],[-9.20760415112107,38.8144394594075],[-9.20756393938802,38.8143415879486],[-9.20752529542229,38.8142477389741],[-9.20743855790001,38.81410533667],[-9.20732361454234,38.8139166341101],[-9.2072954096451,38.8138939260877],[-9.20725175340256,38.8138695561111],[-9.20721503653379,38.813854940579],[-9.20704131706311,38.8138199579982],[-9.20651093849633,38.8137131521569],[-9.20643901574321,38.8137154346024],[-9.2063938684906,38.8135660915268],[-9.20629876308548,38.8133234499038],[-9.20623437705358,38.8130382110477],[-9.20606024759381,38.8128813620198],[-9.20582308407589,38.8126461436155],[-9.20576403149822,38.8126092881209],[-9.20558239607235,38.8124959265133],[-9.20535081822861,38.8124085356888],[-9.20518140213731,38.8123440027436],[-9.20494085908014,38.8123294987892],[-9.20470511088941,38.8123363872968],[-9.2046961472458,38.8121742550276],[-9.20467130488347,38.811909046574],[-9.20466218349084,38.8116994839519],[-9.20480021778961,38.8117068424088],[-9.20499610838462,38.8117172851424],[-9.20509669940111,38.8119605583831],[-9.20540412301876,38.8118615913784],[-9.20537883558706,38.8118329429294],[-9.20534792215132,38.8117831971986],[-9.20541185097328,38.8117716554043],[-9.20560913325069,38.8117155893675],[-9.20567446839084,38.8116970225038],[-9.20587041263673,38.8116413348922],[-9.20597306715037,38.8115773382505],[-9.20612244226687,38.8115579496712],[-9.20623850523367,38.8116199357702],[-9.20645708390924,38.8116089194142],[-9.20653633251962,38.8115059870494],[-9.20680419206248,38.8114382983105],[-9.20716427558389,38.8117346369322],[-9.20741091181328,38.8118729995475],[-9.20761511442411,38.8119736815433],[-9.2080347825898,38.8120732467469],[-9.20878730558736,38.8120895765808],[-9.20879076294068,38.8123190450885],[-9.20929309788379,38.8123145622745],[-9.21062822867893,38.8121118540374],[-9.21085963942686,38.8120005718457],[-9.21277351789523,38.8119534624598],[-9.21334252740003,38.8119119072338],[-9.21441928886572,38.811833259665],[-9.21547391167951,38.8119843797668],[-9.21571474205996,38.8119957036848],[-9.21606882463538,38.8119471869558],[-9.21625264206109,38.8119028022209],[-9.21629207998586,38.8118932774322],[-9.2165067998032,38.8118306856906],[-9.21661504487072,38.8117654288308],[-9.21667678812291,38.8117061145612],[-9.21722105953454,38.8111027797397],[-9.21813767915096,38.8103707175391],[-9.21880591251403,38.8102974438609],[-9.21892239026951,38.8103516610712],[-9.21906965961461,38.8104033798106],[-9.2191290596698,38.8104292016902],[-9.21925402350024,38.8104715007044],[-9.21949927625203,38.8105095759462],[-9.21971247941627,38.8105272531378],[-9.21978929227918,38.8105237324279],[-9.22019271289233,38.8105330931466],[-9.2203075075391,38.810448790929],[-9.22031584662358,38.8103554326413],[-9.2204465340505,38.8102298538683],[-9.2205596154313,38.8101030537629],[-9.22062353609907,38.8100972354177],[-9.22077590569593,38.810312629456],[-9.22091012535158,38.8105307159208],[-9.22136090230942,38.8108073457549],[-9.2216541197994,38.8109020860129],[-9.22173844910251,38.8109290439886],[-9.22179338135438,38.8109438183843],[-9.22183452413142,38.81095107902],[-9.22190259667803,38.8109305706426],[-9.22196274122227,38.8109024911655],[-9.22212214420454,38.8108266921712],[-9.2223192439613,38.8107031621413],[-9.22248301124132,38.810595131375],[-9.2226016503178,38.8105052715719],[-9.2226891271441,38.8104762199135],[-9.22285851326138,38.8104224084081],[-9.22324262431253,38.8102643502539],[-9.22325301437951,38.8102163872671],[-9.22324076394967,38.8101425278647],[-9.22320610520624,38.8100579992755],[-9.22319683339682,38.8099971663628],[-9.22321804687371,38.8099295209489],[-9.22324803248677,38.8098900800809],[-9.22332175850844,38.8098459711002],[-9.22342300930194,38.8098200083342],[-9.22365216654368,38.8097688178961],[-9.22386793595383,38.8096950049597],[-9.22417339875557,38.8095972557285],[-9.22438138503418,38.8095718013261],[-9.22453909416094,38.8095633016211],[-9.22470683049598,38.8095483117903],[-9.22487603914048,38.8095330876483],[-9.22504340389979,38.8095072992789],[-9.2253447400385,38.8093673184804],[-9.22514507662564,38.8089701695253],[-9.22523804942309,38.8088542189682],[-9.22589503328798,38.8086195008168],[-9.22599298468469,38.8086120538028],[-9.22619696986498,38.8085799430388],[-9.22624159983591,38.8085648314768],[-9.2264649609836,38.8084354010406],[-9.22703325724613,38.8082137878695],[-9.22672535952916,38.8089329165763],[-9.22664231812342,38.809184733003],[-9.22678093452136,38.8091957791397],[-9.22728645768525,38.8091241128361],[-9.2288406657026,38.8089557028021],[-9.22915803589931,38.8089482572424],[-9.22918953025411,38.808948395163],[-9.22947004108631,38.8089314726971],[-9.22972739955143,38.8088933362922],[-9.2301660096778,38.808731770588],[-9.23039310667322,38.8086661343076],[-9.23104248430447,38.808450512859],[-9.23118762837723,38.8083970959099],[-9.23182589113418,38.8081621963138],[-9.23210167697514,38.8080822418421],[-9.23210760847123,38.8080805201748],[-9.23299267895782,38.8078722450058],[-9.23331707750333,38.8077582137201],[-9.23345329837013,38.8076336157474],[-9.23345842837493,38.8076309052098],[-9.23345637314101,38.807628914337],[-9.23355734595748,38.8075755628511],[-9.23363131011615,38.8075077939756],[-9.23374087521791,38.8074586229307],[-9.23380995702269,38.8074537105615],[-9.23388556457201,38.8074928230026],[-9.23411540202107,38.8075656129116],[-9.2341618246465,38.8075895862507],[-9.23419620792917,38.8076020522195],[-9.23428377559235,38.807606446837],[-9.23437968112896,38.8075720063085],[-9.23496131971957,38.8072971300684],[-9.2350673303267,38.8075275341375],[-9.23527498925079,38.8079815390625],[-9.23546129733223,38.8084020562804],[-9.23554556254346,38.8085884320034],[-9.23554065895268,38.8085891208234],[-9.23287249070273,38.8090599422259],[-9.23321788987416,38.8094241541947],[-9.23244940618436,38.8095161217808],[-9.23205600726508,38.8095631979167],[-9.2313430577376,38.8097037135506],[-9.23010052641398,38.8098993292635],[-9.22850032943662,38.8101199042698],[-9.22769015898193,38.8101810629682],[-9.2276945159402,38.8102573316676],[-9.22772771680713,38.810838279432],[-9.2268561445566,38.8110133491816],[-9.22697761717145,38.8112209513222],[-9.22699502888947,38.8112528551711],[-9.22702008839154,38.811292382916],[-9.22702552886416,38.8114047470826],[-9.22702650118278,38.8114248566378],[-9.22698401237565,38.8114229755334],[-9.22692816563166,38.8114192014768],[-9.22687635259955,38.8114195276698],[-9.22658064555429,38.8114535085422],[-9.22630474206821,38.8115172086671],[-9.2262191191624,38.8112251777892],[-9.22616254231986,38.811011211627],[-9.22613724112557,38.8108505757986],[-9.22613299892332,38.8107369344801],[-9.22606996663733,38.8107461433803],[-9.22569188746469,38.8107930548023],[-9.22432674394928,38.8109684092375],[-9.22397452124228,38.8110310298398],[-9.22364587693035,38.811216483428],[-9.22279529865139,38.8115410458758],[-9.22288436490731,38.8116389402818],[-9.22302676155736,38.8118286154986],[-9.22349717113182,38.8115653531723],[-9.22355020818697,38.8116632312009],[-9.22350123018817,38.8117000250994],[-9.2233332145185,38.8118684240223],[-9.22328042618979,38.8120023804261],[-9.22318485333072,38.8121272030915],[-9.22311878648911,38.8122202189258],[-9.22314008615855,38.8123946332391],[-9.2229073469846,38.8124659494899],[-9.22287150361822,38.8124769318773],[-9.22288750422566,38.8126122481541],[-9.22266696811472,38.8126890174431],[-9.2222524164309,38.8128045694666],[-9.22199003410077,38.8129091354648],[-9.22168349081295,38.8130617382181],[-9.22165751906148,38.8130687249666],[-9.22195421129413,38.8137410430502],[-9.22198874279034,38.813818627955],[-9.22201527676815,38.8138779528852],[-9.22201648590902,38.8138806602792],[-9.22202383362925,38.8139039889185],[-9.22203168990506,38.8139281254366],[-9.22202643859038,38.8139768358585],[-9.22199738999426,38.8139865637062],[-9.22197700712749,38.8139946144295],[-9.22193395010113,38.8140028791882],[-9.22193080403439,38.8139337500604],[-9.2219391717339,38.8138708890706],[-9.22193168014365,38.8138024108079],[-9.22181297290771,38.8137123411894],[-9.22135613931755,38.8138398693245],[-9.22136089702014,38.8139114989688],[-9.22137704777654,38.8140572986364],[-9.22139599974867,38.8141775577481],[-9.22184698392989,38.8140920747371],[-9.22200932216417,38.8140670688759],[-9.22203367888255,38.8142288041733],[-9.22204445444278,38.81430921267],[-9.22206320895591,38.8144491650837],[-9.22340819378664,38.8153650361928],[-9.22259553421408,38.8154324564773],[-9.22304229302143,38.8156763457417],[-9.22292833591372,38.815719231702],[-9.22301553276523,38.8159654834103],[-9.22347709067372,38.8159433393332],[-9.22347980311057,38.8159928558066],[-9.22347686220453,38.816071700109],[-9.22347109810923,38.8161465166926],[-9.2234471553648,38.8162524908265],[-9.22341964510805,38.816325458958],[-9.22332700289504,38.8165950025885],[-9.22325537195485,38.816752223056],[-9.22313283005324,38.8168954123668],[-9.22316100975262,38.8169250691656],[-9.22321699091886,38.8169875780567],[-9.22326768022144,38.8170384833433],[-9.22324998576132,38.8170473687705],[-9.22301576176446,38.8181942050776],[-9.2231502010743,38.8182494647522],[-9.22301336151199,38.8184037965111],[-9.2229265060897,38.8185688082366],[-9.22289581970748,38.8186967668894],[-9.22285939040586,38.8188551033371],[-9.22282596312416,38.8191311286538],[-9.22285751704578,38.8192049216797],[-9.22296414561703,38.8193062284446],[-9.22316360731846,38.8194632994153],[-9.22384254297898,38.81912244943],[-9.22394537684202,38.8190833611525],[-9.22452717216512,38.8190210202058],[-9.2246719706551,38.8189273005158],[-9.22477325370699,38.81881277163],[-9.22485959175268,38.8186397618034],[-9.22488115758189,38.8185186506881],[-9.2248929078784,38.8183683210368],[-9.224914359399,38.8182398838634],[-9.22488949089509,38.8181448547676],[-9.22478632517121,38.81800894406],[-9.22483930419143,38.8179868585781],[-9.22503131431134,38.8182314618178],[-9.22503723029311,38.8183120129035],[-9.22504950872492,38.8185024211573],[-9.22504684467961,38.8186343467483],[-9.22496462819563,38.818770679911],[-9.22486808429203,38.8188888277775],[-9.22478326477073,38.8189935778749],[-9.22492356414224,38.8189785433673],[-9.22542278392747,38.8194167961813],[-9.22533847291343,38.8197149794902],[-9.225302294398,38.8197893798174],[-9.22567809566803,38.8199963808551],[-9.2258163284831,38.8198269155803],[-9.22593849459603,38.819677145732],[-9.22598525929579,38.8194826837856],[-9.22625004719293,38.8192898521775],[-9.22636478938484,38.8192062903881],[-9.22664455784585,38.8189903332215],[-9.22665527071481,38.8189241616164],[-9.22668312695281,38.8187889293864],[-9.22672904023752,38.8187011963254],[-9.22733868406687,38.8179166429071],[-9.22725248355766,38.8178514241115],[-9.22760289562742,38.8174755179288],[-9.22765684546765,38.8174176424666],[-9.22779623372619,38.8172681101826],[-9.22779834003312,38.8172658512283],[-9.22789136238652,38.8175379038871],[-9.22802942640993,38.8176521381565],[-9.22803708605194,38.8176600327376],[-9.22822699442189,38.8178557533048],[-9.2282751822519,38.8179504330423],[-9.22828124192354,38.8180120991458],[-9.2282832829556,38.8180849944885],[-9.22829034603837,38.818165375727],[-9.22828992529121,38.8182109937686],[-9.22829592853939,38.8184443035345],[-9.22814908417355,38.8185068540509],[-9.2279621332286,38.8185418225818],[-9.22799246785337,38.8188999112555],[-9.22799581414148,38.8189055158542],[-9.22798457621406,38.8191074964282],[-9.22813096036829,38.819252556439],[-9.22825784901162,38.8193727423826],[-9.22851662142239,38.8195135916561],[-9.22874332315538,38.8195933640627],[-9.22874467733278,38.8195938389331],[-9.2290390006803,38.8194960812036],[-9.22916715801822,38.8193243562443],[-9.22915810615421,38.8190364003902],[-9.22919690261438,38.8188609775604],[-9.22946556769774,38.8185191881482],[-9.22996565158537,38.8190360973885],[-9.23014677892323,38.8192233168429],[-9.23008581748067,38.8197668394531],[-9.22944575625556,38.8199365429289],[-9.22933303430762,38.8204521814629],[-9.22942832887446,38.8205808402145],[-9.22952386567072,38.8206770307048],[-9.22968696263817,38.820749083305],[-9.22977227407234,38.820774853261],[-9.22987714583572,38.8207983953216],[-9.2301440009712,38.8208214392076],[-9.23036304244518,38.8208266765827],[-9.23041067311886,38.8208320989957],[-9.23063896000861,38.8209228438953],[-9.23062161978566,38.8209355590535],[-9.23061868047199,38.8209401698369],[-9.23061867886512,38.8209401710086],[-9.23055365108081,38.8210421579209]],[[-9.2099804618533,38.812713234822],[-9.20997874735447,38.8130651794306],[-9.21000359012339,38.8132150423424],[-9.21018575069314,38.8133865144038],[-9.21131281349426,38.8136279706122],[-9.21201351890358,38.8134798545544],[-9.21210963285433,38.8134186957288],[-9.21214254867922,38.8133189477448],[-9.21221066378463,38.8130951983151],[-9.21165193094592,38.812977948425],[-9.21158117842266,38.8131882360025],[-9.2114186023072,38.8131134731942],[-9.21087810060624,38.813025515131],[-9.21082233866907,38.8128106101781],[-9.21050669538431,38.8127472975086],[-9.21041520337091,38.8127444447213],[-9.2099804618533,38.812713234822]],[[-9.22033366281016,38.8133301028494],[-9.21935922569648,38.8133716243209],[-9.21891259406573,38.8135433918232],[-9.2174701338299,38.8141200589857],[-9.21590310838838,38.8136608388647],[-9.21402861654161,38.8140206773879],[-9.21360579709176,38.814166548111],[-9.21315325240684,38.8142835118393],[-9.21275805228784,38.8144312875329],[-9.21246393605284,38.8142975401833],[-9.21204555164944,38.8144275136897],[-9.21175195919959,38.8144958023772],[-9.21158505998894,38.8145444526549],[-9.21134682030372,38.8145120630347],[-9.21122467221761,38.814382119218],[-9.21095623577404,38.8145160303037],[-9.21064962225244,38.8146371302714],[-9.21072986594156,38.8148735767985],[-9.21076693410751,38.8149070552123],[-9.2108441204848,38.8149346340884],[-9.21090004384816,38.81495476955],[-9.21095907095949,38.8150099968922],[-9.21095839011816,38.8150612226258],[-9.21093268674928,38.8150933307336],[-9.21047341781838,38.8153541799241],[-9.21030485746225,38.8154403027828],[-9.21002615182213,38.8153905215346],[-9.20984057134665,38.8153720972153],[-9.20949274214639,38.8153683185483],[-9.20971886952057,38.8157172082087],[-9.209786340259,38.8157316180619],[-9.2099657200989,38.8160980689804],[-9.21002679718249,38.8161923026094],[-9.21074993564231,38.8162984709664],[-9.21083538654585,38.8163110168739],[-9.21107377915574,38.8162731677281],[-9.21119673608602,38.8165479491806],[-9.21212305830097,38.8176242101559],[-9.21218048662997,38.8176038030257],[-9.21267086682472,38.8185788501887],[-9.21265560410569,38.8186831636527],[-9.21258541266439,38.8191628415942],[-9.21227297189962,38.8199121410048],[-9.21254840924626,38.8200431502123],[-9.21269842572745,38.8200770361149],[-9.2128951672889,38.8200622221537],[-9.21410125743564,38.8196296432941],[-9.21423540539193,38.8195559992864],[-9.21449551573825,38.8193382394823],[-9.21465633687582,38.8191455331856],[-9.21481712907089,38.8189509705488],[-9.21485527025637,38.8188058121918],[-9.21486080284327,38.8187482708404],[-9.214868906345,38.8186639975892],[-9.21480275789522,38.8184752724733],[-9.21473500335559,38.8180034383038],[-9.21459848637413,38.8174844811927],[-9.21452473790143,38.8169964968582],[-9.21460351391536,38.8169115413707],[-9.21499078044631,38.8169489910279],[-9.21520958495869,38.8169784580018],[-9.21533055245605,38.8169916521792],[-9.21537084683919,38.8169941411155],[-9.21543072681935,38.8170012213692],[-9.21547459374045,38.8169979518149],[-9.21566287756927,38.8170173289764],[-9.21568550530283,38.8167728042782],[-9.21583899171484,38.8168000059063],[-9.21597797566308,38.8168064800074],[-9.21604403553778,38.8168148371666],[-9.21625255249276,38.8167840542212],[-9.21633685243895,38.816735154661],[-9.21638207913624,38.8167206399479],[-9.21656167175403,38.8166629976116],[-9.21662476132453,38.8166134259554],[-9.21664340883467,38.8165599993246],[-9.21662144368287,38.8161810870704],[-9.21660670241396,38.8161535215866],[-9.216584633163,38.816130943124],[-9.21656120512098,38.8161164863013],[-9.21651651684411,38.8160955189187],[-9.21647974891233,38.8160855784516],[-9.21644793778075,38.8160736525558],[-9.21641408306915,38.8160537494243],[-9.21638656612476,38.816021544042],[-9.21636974865394,38.8159690611885],[-9.21635541257231,38.8152224181816],[-9.21669411797944,38.8153449125625],[-9.2167252536815,38.8156891041299],[-9.21693320096928,38.8158905864417],[-9.21690476440777,38.8160522627233],[-9.21689635130768,38.8161000993378],[-9.21705389823373,38.8161077507074],[-9.21717605593048,38.8160926482558],[-9.21718678488879,38.8161397203648],[-9.21719689594611,38.8162217769708],[-9.21720501422004,38.8163014196227],[-9.21721934878449,38.8163962267599],[-9.21725005410321,38.8165226788732],[-9.21728426383566,38.8166828772422],[-9.21733602092553,38.8169598324462],[-9.21735386019899,38.8169593075171],[-9.21744481264366,38.8172092341141],[-9.21758938817838,38.817631250576],[-9.217601175659,38.8176491578253],[-9.21761001242849,38.8176548399705],[-9.21771620516159,38.8176799752839],[-9.21775735078591,38.817690312619],[-9.21797067950031,38.8177287965575],[-9.21796557495285,38.8178680808827],[-9.21796222417224,38.818094654036],[-9.21796773781505,38.8182603437782],[-9.21798532094532,38.8184097972571],[-9.21798823453665,38.8184576000709],[-9.21800964369827,38.8185026198995],[-9.2181317855297,38.8187209116836],[-9.21824362718958,38.8189054290362],[-9.21829537895896,38.8189845759605],[-9.21836391887291,38.8191078844436],[-9.2183155467816,38.8191374282903],[-9.21825203534403,38.819178281747],[-9.21853759772283,38.819449762257],[-9.21856345781539,38.8195492781981],[-9.21856467362791,38.8195783496379],[-9.2188470243138,38.8197910716278],[-9.21884843611235,38.8197913167378],[-9.21889538926216,38.8198305036428],[-9.21895006223073,38.8198879767388],[-9.21917591891322,38.8198860676738],[-9.2191665769616,38.8202184543199],[-9.21893439400717,38.8201902451159],[-9.21887420971672,38.8201829329441],[-9.21821807232961,38.8201034409021],[-9.21742460953077,38.8200284559376],[-9.21720973556205,38.8201084715839],[-9.216818767749,38.8202681455523],[-9.21635291917783,38.8209703327297],[-9.21580904094086,38.8216428980506],[-9.21653206543239,38.822186680718],[-9.21684530972679,38.8223579319616],[-9.21700159262492,38.8220912973491],[-9.21721990430364,38.8218725424494],[-9.21767446588333,38.8215215577791],[-9.21817433172762,38.8213329334614],[-9.2188491509995,38.8212337133488],[-9.21929697804862,38.8212331221473],[-9.21985612141044,38.8213770138798],[-9.21998185467346,38.8213121600829],[-9.22012093694616,38.8212160288404],[-9.22016435651851,38.8210660632082],[-9.22030396144139,38.8205838841539],[-9.22037970280178,38.8203222806929],[-9.22038770134085,38.8202923894535],[-9.22039225421512,38.8202736992787],[-9.22043240690192,38.8201129904125],[-9.22044075073785,38.8200634603693],[-9.22044830412569,38.8199320590974],[-9.22044689813644,38.8198321769315],[-9.22044229761426,38.8197644825397],[-9.22045006242894,38.8196770356633],[-9.22045343470395,38.8196641233592],[-9.22046073345427,38.8196518959329],[-9.22047711744169,38.819639042195],[-9.22049312865224,38.8196319570024],[-9.22051709903128,38.8196257891178],[-9.2205582920379,38.8196239655243],[-9.22081063774288,38.8196589054818],[-9.22124460107737,38.8197115216337],[-9.2212933103857,38.8197193539143],[-9.22131453789622,38.8197296046483],[-9.22133579006705,38.8197491334516],[-9.22136853418711,38.8197821566302],[-9.22137975875022,38.8197934016436],[-9.22141061015153,38.8198383328623],[-9.22150171160332,38.8201042903801],[-9.2216064188244,38.820378946978],[-9.22168792199492,38.820581580593],[-9.22173466296989,38.8206943933885],[-9.22230039979843,38.8205354248053],[-9.2221769647317,38.8202652566476],[-9.22280608142087,38.8199024280632],[-9.22256299266239,38.8194943959629],[-9.22261985329599,38.8192345436112],[-9.22269392967996,38.8188032910601],[-9.22271318524963,38.8187230043806],[-9.22280001964156,38.8184111753194],[-9.22238377077144,38.8182751342578],[-9.22253886847432,38.8176419289525],[-9.22256133585333,38.8176006496535],[-9.22231995743208,38.8175657917588],[-9.2222504915337,38.8175461483237],[-9.222257254075,38.8174938293447],[-9.22236091896954,38.8173999154176],[-9.22262802635498,38.8171639717049],[-9.22269110202453,38.8168868328325],[-9.22227417363977,38.8164351753853],[-9.22195109423435,38.8160851780227],[-9.22107105380903,38.8165950694373],[-9.22095078255323,38.8169375374642],[-9.22098128356049,38.8169240402433],[-9.22116274788847,38.8170958661526],[-9.22122432541991,38.8171464253295],[-9.22150264090333,38.8173749415861],[-9.22093595319791,38.8174348514125],[-9.22094578905051,38.8175313685189],[-9.22096846148494,38.8176650788522],[-9.22118147770397,38.8180066812488],[-9.22125367686877,38.8181135417531],[-9.22128513013437,38.818223703581],[-9.22131906155295,38.8183402430445],[-9.22133721535675,38.8184025986586],[-9.2213446955244,38.8185037650705],[-9.22118486878296,38.8190484851862],[-9.22125163469919,38.8193017381287],[-9.22087418041069,38.819302783059],[-9.2208779594658,38.8193565902015],[-9.22028626677477,38.8192976305159],[-9.22035372998307,38.8190369762736],[-9.22020362733259,38.8190052544485],[-9.22025485910096,38.8184495150082],[-9.22034261845912,38.817497515685],[-9.22059217042035,38.8174711402449],[-9.22050849397243,38.8173601785827],[-9.22044970937954,38.8172500217154],[-9.22039245778431,38.8171650715436],[-9.220794158327,38.8169997147674],[-9.22079823796536,38.8167604931036],[-9.22086145207312,38.8166218115874],[-9.2208761673099,38.8165739647803],[-9.22182767830222,38.8159514785791],[-9.2213852374421,38.8154721682938],[-9.22158768509898,38.8154194365823],[-9.22172446122843,38.8153503237249],[-9.22180964538619,38.8152457773496],[-9.22185883138651,38.8150888761534],[-9.22166499801335,38.8148308744298],[-9.22142251709575,38.8146753138529],[-9.22132885534515,38.8144220847056],[-9.22119826286911,38.8142236892077],[-9.22116813128407,38.8141501966186],[-9.22118677544853,38.813983651721],[-9.22117962710277,38.8138891438052],[-9.22102905404216,38.8139311761982],[-9.22089140172549,38.8139191156899],[-9.22033366281016,38.8133301028494]],[[-9.20677937225376,38.8160410579094],[-9.2059461657449,38.8165644312833],[-9.20602758354641,38.816785401575],[-9.20610618975626,38.8167260003015],[-9.20644904759363,38.8165675435981],[-9.20659508295235,38.8165030548427],[-9.20684196048424,38.8164075929069],[-9.20695041814301,38.8163811113276],[-9.20712316989642,38.8163613196496],[-9.20719511834398,38.8163672566382],[-9.20753200197485,38.8163950618156],[-9.20730804698503,38.8160381842629],[-9.20702075123646,38.8160397457566],[-9.20677937225376,38.8160410579094]],[[-9.2164824887929,38.8175607701013],[-9.21643694497702,38.8175916367973],[-9.21644913043227,38.8177009556574],[-9.21640992125228,38.817975179258],[-9.21640880563605,38.8179829772055],[-9.21639730685078,38.8180634058544],[-9.21637389533868,38.8183168469139],[-9.2163412798223,38.8183208341293],[-9.2161982573786,38.8183383160174],[-9.21615250917382,38.8184952353154],[-9.21630440677602,38.8185827726762],[-9.21632621775824,38.8185929818959],[-9.21648105086474,38.8186808303942],[-9.21681737614718,38.8188441569841],[-9.21701213242114,38.8189060504387],[-9.21702676914757,38.8189080193154],[-9.21725013078459,38.8189380622437],[-9.21754746304643,38.8185756967586],[-9.21759037669726,38.8185401878092],[-9.21754799530088,38.8184758001318],[-9.21752339353048,38.8184286889142],[-9.21743262453547,38.8182189908149],[-9.21738146996724,38.8181011157291],[-9.21720123916252,38.8177964805408],[-9.21727504957969,38.8176238850041],[-9.21698760407138,38.8175994388177],[-9.21694014178995,38.8175954016351],[-9.21693408289913,38.8175948863071],[-9.21685812549889,38.8175884272988],[-9.21680732004243,38.8175841059617],[-9.21675437554109,38.8175796021943],[-9.21673978824421,38.8175785917135],[-9.21666863098646,38.8175736627314],[-9.2164824887929,38.8175607701013]]]}},{"type":"Feature","id":"CRUS_Odivelas_V.399376","properties":{"Area_Ha":0.67402192518469,"Autor":"DGT","Categoria":"Espaço Habitacional","Classe":"Solo Urbano","DTCC":"1116","Data_PublicacaoPDM":"2024-09-06T00:00:00","Designacao_PlantaOrdenamento":"Espaço Habitacional - Nivel 2","Escala_PlantaOrdenamento":"1/10000","Fonte":"CM_Vetor","ID":399376,"Municipio":"ODIVELAS"},"geometry":{"type":"Polygon","coordinates":[[[-9.21249420588705,38.7795886237378],[-9.21258266074158,38.7797383526249],[-9.21300760690175,38.7800876562392],[-9.21312306263759,38.7804065204738],[-9.21218133619432,38.7805425498183],[-9.21198522327157,38.7796445176723],[-9.21249420588705,38.7795886237378]]]}},{"type":"Feature","id":"CRUS_Odivelas_V.399377","properties":{"Area_Ha":83.9234928298707,"Autor":"DGT","Categoria":"Espaço Habitacional","Classe":"Solo Urbano","DTCC":"1116","Data_PublicacaoPDM":"2024-09-06T00:00:00","Designacao_PlantaOrdenamento":"Espaço Habitacional - Nivel 2","Escala_PlantaOrdenamento":"1/10000","Fonte":"CM_Vetor","ID":399377,"Municipio":"ODIVELAS"},"geometry":{"type":"Polygon","coordinates":[[[-9.21252303605023,38.7730055168349],[-9.21253115621923,38.7730152575424],[-9.21257813492174,38.7730708500323],[-9.21259478592991,38.7731141090968],[-9.21263481724143,38.7732124651988],[-9.21264966773866,38.7732587161482],[-9.21266314685365,38.7733359709442],[-9.21268578551,38.7734027767975],[-9.2127012561936,38.7734365030319],[-9.21272330591118,38.7734643152446],[-9.21276351642274,38.7735059171841],[-9.2128129820136,38.7735430243032],[-9.21290043622997,38.7736040968218],[-9.21299637785467,38.7736710341586],[-9.21309703227634,38.7737379332651],[-9.21319589638065,38.7738077286092],[-9.21329390474692,38.7738820365554],[-9.21337011864946,38.7739454672543],[-9.2134568036912,38.7740168143954],[-9.21351292714755,38.7740604326175],[-9.21360765085431,38.7741305379186],[-9.21371759381705,38.7742104073329],[-9.21392082550991,38.7743564324432],[-9.21401839568285,38.7744247086259],[-9.21415317267173,38.7745330844419],[-9.21428144463133,38.7746607058931],[-9.21435781802451,38.7747652980778],[-9.21443812571837,38.7748710221096],[-9.21448580800596,38.7749652532454],[-9.21454763217598,38.7750966419732],[-9.21459548824764,38.7752100552576],[-9.21461885888888,38.7753173942108],[-9.21463941013091,38.7755045625133],[-9.21465037902212,38.7756895657537],[-9.21466014331587,38.7758024298629],[-9.21467958154082,38.7759235861436],[-9.21471131785531,38.7760366098925],[-9.21476489545189,38.7761702348613],[-9.21483721153599,38.7762800878434],[-9.21493198154149,38.7764367569599],[-9.21504920272589,38.7766399620352],[-9.21514443088408,38.7768263531921],[-9.21522383276603,38.777047113053],[-9.21523177105752,38.7770851432151],[-9.2154460660493,38.7770568505617],[-9.21562821671921,38.7770256206125],[-9.21578624481177,38.7770051493395],[-9.21588257134404,38.7769981297636],[-9.21600692657042,38.7769804004852],[-9.21612420392424,38.7769590425949],[-9.21623899844835,38.7769328506231],[-9.21637084098527,38.7768928906999],[-9.21646134752498,38.7768662895121],[-9.21655108077587,38.776842126615],[-9.21663321924526,38.7768254231249],[-9.21669352090578,38.7768254918172],[-9.21676577812912,38.7768327485877],[-9.21684586305157,38.7768474073473],[-9.21689479253958,38.7768641583577],[-9.21694155531567,38.7768974127189],[-9.21698218746083,38.7769436950793],[-9.21704858246175,38.7770346862098],[-9.21708311935308,38.777088952789],[-9.21708102205273,38.7771177943293],[-9.21707168540976,38.7771622909267],[-9.21706690008314,38.7772109789458],[-9.21707130837474,38.7772588556602],[-9.21707731311983,38.7772981674127],[-9.2170961083251,38.7773308650323],[-9.2171405292005,38.7773690997973],[-9.21721926158227,38.777439168479],[-9.21724999405769,38.7774775247871],[-9.21727898993301,38.7775230142184],[-9.21730174703701,38.7775815335796],[-9.21732362501526,38.7776356454957],[-9.21734666333955,38.7777055119964],[-9.21737830557037,38.7777431401083],[-9.21741243707501,38.7777707492186],[-9.2174760099047,38.7778044761158],[-9.21753488250657,38.7778318547005],[-9.21758477208328,38.7778664291374],[-9.21764934326882,38.7779130277484],[-9.21768935388297,38.7779563457648],[-9.217708669413,38.7779855308349],[-9.21774918492249,38.7780617179067],[-9.21779091834008,38.7781657284885],[-9.21781203273698,38.77822994057],[-9.21782854240432,38.7782941890853],[-9.21785203208145,38.778348377811],[-9.21786263857348,38.7783876458955],[-9.21787887682722,38.7784339742134],[-9.21789514779705,38.7784824604803],[-9.21790223109581,38.7785246401413],[-9.2179163690377,38.7785537876642],[-9.21795081858591,38.7786021961406],[-9.21799094717667,38.7786605531796],[-9.21803746844398,38.7787158809989],[-9.21810313659717,38.7787660731604],[-9.21815944028823,38.7788062653671],[-9.2182313316155,38.7788571193884],[-9.21828320294384,38.7789010476694],[-9.21829975022139,38.778929624197],[-9.21830041347407,38.7789733082918],[-9.21829029725289,38.7790269983058],[-9.21826230763763,38.7791089557527],[-9.21822889867684,38.7791972707379],[-9.21821970193819,38.779251043184],[-9.21822512399797,38.7793053086195],[-9.21825534961162,38.7793708745338],[-9.21829380762985,38.7794405976269],[-9.21833582278376,38.7795095625478],[-9.2183695548573,38.779563655132],[-9.21837646271499,38.7795943100778],[-9.21838512504365,38.779687186818],[-9.21839153421254,38.7798137734349],[-9.21837521277211,38.7798912141417],[-9.21835639071385,38.7799700256273],[-9.2183615198597,38.7800809506587],[-9.21836802342164,38.7802060960542],[-9.21837692378232,38.7802539363752],[-9.21837301078288,38.7804207059943],[-9.21836560180994,38.7804786945748],[-9.21835705265071,38.7805145320001],[-9.21835423890559,38.7805178200197],[-9.21833545658101,38.7805397736925],[-9.21831387811717,38.7805585326281],[-9.21827883217618,38.7805996644769],[-9.21818105023477,38.7806856930985],[-9.2180560422878,38.7807972894832],[-9.21800908875294,38.7808577187729],[-9.2180087994377,38.780858646949],[-9.21799767204095,38.7808943079797],[-9.21800310451998,38.7809336177636],[-9.21803610275624,38.7809847437875],[-9.21808945140501,38.7810347827777],[-9.21815273919239,38.7811025638763],[-9.21822792093228,38.7811730223854],[-9.21828152395018,38.7812399006929],[-9.21833743497285,38.7812993747968],[-9.21840681326541,38.7813819574541],[-9.21850154000993,38.7814737672498],[-9.21854524295855,38.7815174082452],[-9.21855389285096,38.7815416496917],[-9.21854613853182,38.7815764015151],[-9.21854304018192,38.7815808842052],[-9.21850728931818,38.7816326084523],[-9.21850707349451,38.7816329815558],[-9.21850707103623,38.7816329851123],[-9.21847353271339,38.7816909328394],[-9.21847156238413,38.7816935232454],[-9.21843303026062,38.7817441852879],[-9.2184315443756,38.7817466125819],[-9.2184315436384,38.7817466135508],[-9.21840562690043,38.781788936304],[-9.21838995238744,38.7818251164407],[-9.21838383465627,38.781854266453],[-9.21837216382478,38.7819119324921],[-9.21836919290178,38.7819665469777],[-9.21835683728343,38.7820091800549],[-9.21835476118456,38.782010159095],[-9.21832895946642,38.7820223190149],[-9.21819207809677,38.7820189058434],[-9.21812697363206,38.782028702066],[-9.21804289949779,38.7820549729148],[-9.21799723949128,38.7820870124401],[-9.21797182193506,38.7821180586171],[-9.21797118199246,38.7821195995169],[-9.21797118038296,38.7821196014826],[-9.21795427512553,38.7821602865032],[-9.2179349356613,38.7822130694367],[-9.21790359360382,38.7823012750269],[-9.21787420711266,38.7823819878331],[-9.21784068905712,38.7824484184829],[-9.2177983931265,38.7825127660454],[-9.21779773572569,38.7825135884722],[-9.21779773366031,38.7825135916144],[-9.21776270530786,38.7825574120215],[-9.21771057348807,38.7826029351564],[-9.217608313559,38.7826971148423],[-9.21741042077176,38.782859468972],[-9.21741081309658,38.7828611519779],[-9.21742999087295,38.7829435113746],[-9.21746648031554,38.7830123521868],[-9.21747653471495,38.7830379291326],[-9.21751468068937,38.7830871185898],[-9.21754784317638,38.7831184261846],[-9.21762741063039,38.7831747958808],[-9.21778339186605,38.7832763956887],[-9.21790934622995,38.7833480936261],[-9.21802449728909,38.783413142234],[-9.21837386088858,38.7836084239959],[-9.21848322519447,38.7836712703526],[-9.218616565119,38.7837444338321],[-9.2188034449326,38.7838419601612],[-9.21888948203217,38.7838847545654],[-9.21895609309608,38.7839059343107],[-9.21901759870151,38.7839166215133],[-9.21908400484499,38.7839242887852],[-9.21915700864388,38.7839273944343],[-9.21918711773707,38.7839283327305],[-9.21918863095168,38.7839330510895],[-9.21929791173958,38.7844325258416],[-9.21981534090115,38.7844181006413],[-9.22014026901915,38.784601179126],[-9.22022490167417,38.7851226830975],[-9.22165795532984,38.7859011368878],[-9.22154128192063,38.7865801187524],[-9.22249708997489,38.7867524247392],[-9.22230598587893,38.7869140583143],[-9.22219389005634,38.7870039102529],[-9.22200715157829,38.7871595831389],[-9.2218503054075,38.7872912955554],[-9.22199734620595,38.7875089806327],[-9.22219902824976,38.7878298018112],[-9.2223720516115,38.7881103434959],[-9.22248908398205,38.7881603230975],[-9.22255019549738,38.7880474153994],[-9.223272796048,38.7871667673546],[-9.22346006731706,38.7875298724668],[-9.22377652505068,38.7876589919618],[-9.22390179907552,38.7878259154654],[-9.22415916027908,38.7878780143804],[-9.22417408912311,38.7878811615907],[-9.22417629019773,38.7878816059857],[-9.22416400924083,38.7879508086461],[-9.22411686616346,38.7881722966123],[-9.22404740642467,38.7883870569671],[-9.22400859342258,38.7884759679768],[-9.22412824133592,38.7888194836922],[-9.22420018076663,38.7890538162648],[-9.22426948829845,38.7892137749688],[-9.22434613208372,38.7894621218535],[-9.22456573843958,38.7900280886807],[-9.22464632261501,38.7902402802559],[-9.22466983029113,38.7903249989609],[-9.22464245220769,38.790469557521],[-9.22462080149652,38.7906117232639],[-9.22458133253057,38.7908460197731],[-9.2245325399308,38.7911629167743],[-9.22452501658053,38.7912055899631],[-9.22450706417801,38.7915828217153],[-9.22450367727909,38.791752736242],[-9.2244974445127,38.7919250229562],[-9.22449986115429,38.7920832615054],[-9.22450544376207,38.7922530967405],[-9.22451011541634,38.7924836488992],[-9.22452009699571,38.7925796635143],[-9.22452821191792,38.7926663338417],[-9.22454274347403,38.7930599218473],[-9.22453959265678,38.7930628180244],[-9.22453959269877,38.7930628191618],[-9.22403673350041,38.7935250334534],[-9.22394966564246,38.7936273627513],[-9.22394844828619,38.7936297740611],[-9.22394425526565,38.7936380620459],[-9.2239436661766,38.7936377300364],[-9.22360703677643,38.7933485287245],[-9.22233625557484,38.7922567549829],[-9.22197200532504,38.7921237413703],[-9.22155702582604,38.7912277870802],[-9.22141218550976,38.7911114639424],[-9.22121027578143,38.7909493065362],[-9.22082533155139,38.7909200020126],[-9.22071413330165,38.7909115384604],[-9.2205182883295,38.7909307766668],[-9.21984468053716,38.7909969502165],[-9.21982249673411,38.7908889485752],[-9.21969616108593,38.7908332245398],[-9.21967769079778,38.7907366643749],[-9.21958776623592,38.7902665476218],[-9.21937495878797,38.790270574025],[-9.21917466354306,38.7899497008697],[-9.21883136229465,38.7897190517957],[-9.21865185343087,38.7892833315376],[-9.21823224547132,38.7890795316381],[-9.21809933688909,38.7885550644858],[-9.21798134495556,38.7880894487725],[-9.21793380955011,38.7880533401125],[-9.21765062992442,38.7878382264037],[-9.21669720867239,38.787621396426],[-9.21634041557239,38.7875402513623],[-9.21644778864447,38.7873111488536],[-9.21656139024022,38.7870687571731],[-9.21667498991719,38.7868263644879],[-9.21677535459077,38.7866143845298],[-9.21688035959077,38.786393253734],[-9.21620409688012,38.7861965307227],[-9.21434103164458,38.7860776398586],[-9.21434093117179,38.7860776326618],[-9.21421279762872,38.7860702902112],[-9.21389685652792,38.7860521795105],[-9.21389649655296,38.7860519471805],[-9.21343807557199,38.7856419992105],[-9.21343813613069,38.7856419607281],[-9.21400734987767,38.7852816386629],[-9.21369803327597,38.7849455748134],[-9.21380091925726,38.7842012320418],[-9.21356729513222,38.7841725886123],[-9.21339353266025,38.7840822286922],[-9.21334812654871,38.7840476081081],[-9.21261345907589,38.7839681799025],[-9.21235753218555,38.7839401843181],[-9.21235743283009,38.783940174401],[-9.21235735540015,38.7839401651835],[-9.21235620225672,38.7839400412991],[-9.21235892289269,38.7839337228484],[-9.21261085623003,38.7833483611974],[-9.21261204322725,38.783345605368],[-9.21305601075447,38.7823140369665],[-9.21270361518287,38.782166769036],[-9.21315144727559,38.7812134490567],[-9.21363081723331,38.7813480980717],[-9.21365595581197,38.7808803157275],[-9.21375304607455,38.7808439170259],[-9.21337773148205,38.7801737539104],[-9.2133357052904,38.7801071676924],[-9.21324831726704,38.7799984688902],[-9.21310678175727,38.7798902722844],[-9.2129878074227,38.7797818652054],[-9.21286453576064,38.7796876283533],[-9.21279578480921,38.7796176140005],[-9.21273181222102,38.7795652192128],[-9.21266252896044,38.7794598848932],[-9.21261596631029,38.7793649381699],[-9.21256473098709,38.7792594370559],[-9.21258112663181,38.7791497798753],[-9.21263335325749,38.7790221270232],[-9.21270389463265,38.7789119686983],[-9.21287455935426,38.7788574023756],[-9.21312193125249,38.7788021277783],[-9.21320073594907,38.7787740581938],[-9.21323559439473,38.7786799121216],[-9.21291886812141,38.7779757056294],[-9.21314012007985,38.7776509693177],[-9.21336109852782,38.7771031017842],[-9.21352048957183,38.7767079275747],[-9.21356362584365,38.7766009793091],[-9.21363741956688,38.7764640115469],[-9.21368878628188,38.7763771999933],[-9.21369152744758,38.7763704990025],[-9.21372371121495,38.776291828568],[-9.21372879523841,38.7761925584896],[-9.21371087590112,38.776096079146],[-9.21369136735055,38.7760034806197],[-9.21370468133609,38.7759041344347],[-9.21373182562535,38.7758484731505],[-9.21378878993759,38.7758054216798],[-9.21385079074132,38.7757687668459],[-9.21388328027009,38.7757401171749],[-9.21390260284442,38.775711589274],[-9.21391348157274,38.7756689639697],[-9.21391560573653,38.7756408284322],[-9.21390016070865,38.7756406650172],[-9.2138847156808,38.7756405016003],[-9.21289522052132,38.7757980218674],[-9.21281764793844,38.7758105757119],[-9.2126438070278,38.7758335472736],[-9.21259859226898,38.7758395218419],[-9.21248859350531,38.7758540567526],[-9.21234985066465,38.7758723898699],[-9.21227852383064,38.7758769921819],[-9.21221796986505,38.775880898657],[-9.21234109011048,38.7755837679357],[-9.21239444242882,38.7744288440502],[-9.21244897737037,38.7732483167123],[-9.21236812481637,38.773066879079],[-9.21249805943654,38.7730161304988],[-9.21251796090037,38.7730077517951],[-9.21252303605023,38.7730055168349]]]}},{"type":"Feature","id":"CRUS_Odivelas_V.399378","properties":{"Area_Ha":59.4379913926623,"Autor":"DGT","Categoria":"Espaço Florestal","Classe":"Solo Rústico","DTCC":"1116","Data_PublicacaoPDM":"2024-09-06T00:00:00","Designacao_PlantaOrdenamento":"Espaços Florestais com Funções Predominantes de Recreio e Valorização da Paisagem Região Saloia","Escala_PlantaOrdenamento":"1/10000","Fonte":"CM_Vetor","ID":399378,"Municipio":"ODIVELAS"},"geometry":{"type":"Polygon","coordinates":[[[-9.23055365108081,38.8210421579209],[-9.23055369818425,38.8210424918285],[-9.23058833606502,38.8212880324533],[-9.23073619359243,38.8214530464763],[-9.23079887805416,38.821538210497],[-9.23090937002578,38.8216552591499],[-9.23112053165152,38.8218342323358],[-9.2312105787955,38.8219241832238],[-9.23125961797018,38.8219759676216],[-9.23130847940668,38.8220382890398],[-9.23134981237023,38.8221277970038],[-9.23144402405885,38.8224802181613],[-9.23154163624355,38.8227409407012],[-9.23159127576112,38.8228692826854],[-9.23164614128515,38.8229927077555],[-9.23171022242353,38.8230981486252],[-9.2317048881842,38.8230991382194],[-9.23170471456635,38.8230988525282],[-9.23169125398732,38.8245592379777],[-9.2329280207498,38.8266155212482],[-9.2328983571148,38.826655651292],[-9.23285468957654,38.8267064176028],[-9.23281056768489,38.8267349341981],[-9.23277603024277,38.8267430053872],[-9.23277681766746,38.8268238036932],[-9.23275802332295,38.8268100605336],[-9.23267654654485,38.8267459002902],[-9.23225425684889,38.8264555310236],[-9.23209810443384,38.8263642634283],[-9.23177138354306,38.8262504056685],[-9.23160199983878,38.8261963975616],[-9.23119185260626,38.8260656211531],[-9.23100553195561,38.8259753787613],[-9.22981682099791,38.8259824323744],[-9.22975199066734,38.8260048399411],[-9.22954633509925,38.8263241193126],[-9.22929840287427,38.8263313760946],[-9.22906918194762,38.8263734580458],[-9.2289066610255,38.8264348780741],[-9.22865860179642,38.8265809541607],[-9.22853822720182,38.826725831501],[-9.22847323987284,38.8268182802473],[-9.22841250163132,38.8268547873453],[-9.22831570430139,38.8268716664845],[-9.22824887794762,38.8268443425801],[-9.22809904601967,38.8267339436476],[-9.22784926958546,38.8267682296695],[-9.22764120882997,38.8268580251584],[-9.22732613485218,38.8269647970131],[-9.22710773792227,38.8270467039588],[-9.22684890559201,38.827156938644],[-9.22667124214895,38.827230476243],[-9.22636139528799,38.8273451827953],[-9.22619688433991,38.827402444448],[-9.22608371651491,38.8272937729083],[-9.22583498348642,38.8272815884209],[-9.22570106529636,38.8274068059206],[-9.2255407542914,38.827454110724],[-9.22539828242467,38.8272321402121],[-9.22523245488768,38.826918776963],[-9.22461642931084,38.8263634158596],[-9.22478361948515,38.8262874186061],[-9.22525551213844,38.8263400894679],[-9.22525598851324,38.8262771405376],[-9.22527174729866,38.8262572474882],[-9.22526946542176,38.8262520418831],[-9.22540160668301,38.8260059510232],[-9.22514027046177,38.8256834149768],[-9.22474589513721,38.8251261075867],[-9.22462780731493,38.8249746817557],[-9.22458766441419,38.8248802288313],[-9.22451179243757,38.8247388523627],[-9.22447724433697,38.8245554132917],[-9.22445463817668,38.8244713171673],[-9.22430920931557,38.8245693989834],[-9.22403688877113,38.82461415982],[-9.22391423836142,38.8246898033115],[-9.22371367873625,38.8248605389099],[-9.22358570399906,38.8249450974294],[-9.22344599799828,38.8250319015934],[-9.22338468729692,38.8250699969415],[-9.22324845865885,38.8251188904769],[-9.22311891787112,38.8251781753277],[-9.22290243430731,38.825325888576],[-9.22261397513129,38.8256091411756],[-9.22252658976563,38.8256385856145],[-9.2221718267081,38.8256477156006],[-9.22217316563192,38.8258433960063],[-9.22217479419418,38.825850359406],[-9.2225807901165,38.8258327554271],[-9.22266505097967,38.8260781756439],[-9.22236542524049,38.8261095994109],[-9.22245744130243,38.8263835768877],[-9.2227496603879,38.8263464957202],[-9.22278216919668,38.8265580437856],[-9.22263730128507,38.827137694633],[-9.22249083996986,38.827133336172],[-9.22235988989548,38.8271860890442],[-9.22217685221472,38.8276630326923],[-9.22194239121021,38.8276480414653],[-9.22181777537516,38.8276797835946],[-9.22181228277644,38.827783719855],[-9.22190596456345,38.8278896273794],[-9.22228895456118,38.8279175557831],[-9.2223931331783,38.827925152048],[-9.22274766200235,38.8276421126307],[-9.22275622190505,38.8276402007804],[-9.22287634685525,38.8276133653251],[-9.22304415997092,38.8276485281493],[-9.22320278669377,38.8277393450712],[-9.22316446947167,38.8281061490106],[-9.22316193328175,38.8282254902429],[-9.22320538666592,38.8282465983415],[-9.22341822505531,38.8283218810186],[-9.22345079850242,38.8283334023688],[-9.2235677668112,38.828305019187],[-9.22363581846007,38.8282517623794],[-9.22357717978208,38.8278102836854],[-9.22348594468668,38.8275878325054],[-9.22335942874477,38.8274515961155],[-9.22326070076547,38.8272177630841],[-9.22320614819372,38.8270006946541],[-9.22312859136463,38.8267151312973],[-9.22314740060057,38.8265088298238],[-9.22300432582141,38.8262467809057],[-9.22304692757198,38.8261604978158],[-9.22322178636271,38.8261073335213],[-9.2232180285421,38.825861162485],[-9.22310798691076,38.8258450124102],[-9.22303209273867,38.8256682222054],[-9.2231082652266,38.8255726048879],[-9.22321315036145,38.8254644779391],[-9.22357630434967,38.825326158605],[-9.22388188819092,38.8252365838513],[-9.22429408597291,38.825387327501],[-9.22469922853558,38.8255553134526],[-9.22468042397077,38.8257616151407],[-9.22403029966682,38.825847851434],[-9.22406986683376,38.8260421562819],[-9.22417538723702,38.8262415704506],[-9.22435479721985,38.8264861006396],[-9.22425408611451,38.8266015564389],[-9.2242546990397,38.8266416308324],[-9.22442597195986,38.8269066760423],[-9.22469686050402,38.8271168521758],[-9.22512434319888,38.8274993060348],[-9.22511710155433,38.8275826598252],[-9.22500760571934,38.8276636395527],[-9.22454192036556,38.8278130989657],[-9.22457740028801,38.8279077678783],[-9.22475866831738,38.8281924846979],[-9.22430054713067,38.8285618390264],[-9.22411934962942,38.8287950544308],[-9.22457440007242,38.8291385964587],[-9.22449617998362,38.8291807428178],[-9.22434939410086,38.829258678101],[-9.22429989082072,38.8292974256703],[-9.22426254077302,38.8292947091995],[-9.22426195226692,38.8292995606062],[-9.22424760568352,38.8294177143681],[-9.22429296302488,38.8294394477209],[-9.22425295377066,38.8295112549355],[-9.22425246762183,38.8295112827907],[-9.22412696567774,38.8295184684296],[-9.22412540345364,38.82952305264],[-9.2240668926742,38.8296947665666],[-9.22397844548107,38.8299269913555],[-9.22385129818024,38.8301605484776],[-9.22384984705721,38.8301622314621],[-9.22373860095883,38.8302913459295],[-9.22370358337007,38.8302755469372],[-9.22367714655856,38.8303090343276],[-9.22361457052093,38.8303438459872],[-9.22318246207306,38.8305301078107],[-9.22311731799822,38.8304722587347],[-9.22304257715152,38.8303813488933],[-9.22309722700041,38.8301495463511],[-9.22309827557879,38.8301451007994],[-9.2232359775475,38.8301302737347],[-9.2232384241719,38.8301300107275],[-9.22324362864113,38.8300936607285],[-9.22328287495664,38.8298889130311],[-9.22327380190448,38.8297545113188],[-9.2232718330648,38.8297404641874],[-9.22327121777667,38.8297360720716],[-9.22339606999088,38.8297268986812],[-9.22341454150562,38.8297255416539],[-9.22324216411908,38.8296885114405],[-9.22302541724737,38.829672074078],[-9.22301301958898,38.8296372381738],[-9.22289014813227,38.8296070373972],[-9.22279113562234,38.8295932807081],[-9.22273960347446,38.829612139221],[-9.22267874248346,38.8296311750198],[-9.22259104656727,38.8295969502106],[-9.22254550462387,38.8295402678189],[-9.22250144426542,38.8294301555269],[-9.22247453147467,38.8293553396127],[-9.22247438268559,38.8293549271166],[-9.22251913347811,38.8292959980362],[-9.2225228157069,38.8292911493864],[-9.2223448447487,38.8293480282454],[-9.22224509386827,38.8292937427999],[-9.22182211593751,38.8290287265779],[-9.2217066346983,38.8289472914503],[-9.22154437329757,38.8288033359052],[-9.22144597471363,38.828678957915],[-9.22136053349916,38.8286337236642],[-9.22114224680673,38.8285160521788],[-9.2210912218636,38.8284170828828],[-9.22108358944319,38.8282186260178],[-9.22104996146605,38.828021852303],[-9.22099845996516,38.8278915411114],[-9.22091978787526,38.8278222838973],[-9.22080389058879,38.8277883275673],[-9.22073123232056,38.8278037784018],[-9.22071091555222,38.8278610766972],[-9.22059144579961,38.8279027240277],[-9.22028217455499,38.8279958603203],[-9.22009561634565,38.8280785747629],[-9.21995706874121,38.8281001351395],[-9.21982722897606,38.8280810746387],[-9.21921272703377,38.8279118711232],[-9.21893228215006,38.8278942125511],[-9.21875279909789,38.8278516590296],[-9.2185089774295,38.8277655616639],[-9.21823860769018,38.8276600748484],[-9.21783878963629,38.8275312024284],[-9.21773247331553,38.8275064260411],[-9.21749917112503,38.8274459942864],[-9.21725819050546,38.8273874301185],[-9.21713984457523,38.8273443066643],[-9.21709225600073,38.8273042094709],[-9.21705289627331,38.8271996395152],[-9.21703517391495,38.8271169340635],[-9.21698258299009,38.8270584214568],[-9.21689233945018,38.8270077378698],[-9.21676947498935,38.8269775314428],[-9.21667037098973,38.8269655707808],[-9.21647540897114,38.826987650316],[-9.21634616340413,38.8270072231251],[-9.21636171035633,38.8269389815407],[-9.2164163478607,38.8266622117127],[-9.21661695727614,38.8256160055695],[-9.21658986704206,38.8255836509787],[-9.21658470851067,38.8255855434694],[-9.21705946120976,38.8252052587746],[-9.21808541332698,38.8243834353114],[-9.21921198215204,38.823676711129],[-9.21965518493755,38.8235565476317],[-9.21998590818426,38.8235802061219],[-9.21996096933184,38.8237177156102],[-9.21993954580589,38.8238358430337],[-9.21991789003633,38.8239552493263],[-9.21992295402754,38.824078944143],[-9.21992833208401,38.8242103125685],[-9.21994440872886,38.8242739625705],[-9.2202947427974,38.8256611575281],[-9.2205229239771,38.8261799652115],[-9.22057664767883,38.8264152841577],[-9.22078570474093,38.8264458271303],[-9.22108983155898,38.8264719340588],[-9.22138550831182,38.8264881932398],[-9.22155701281736,38.8264838612976],[-9.22143760399455,38.8255189162988],[-9.22147739543396,38.8247405900098],[-9.22148137522145,38.8246627338937],[-9.22146929763552,38.8246087829242],[-9.22138548695426,38.8242343923204],[-9.2213044928972,38.824139133286],[-9.22116907581012,38.8239798610267],[-9.22123641260631,38.8236626250272],[-9.2222778815871,38.8236868559015],[-9.22316073639874,38.8232144524313],[-9.22355625745207,38.8232107619005],[-9.22572216733856,38.8225716343364],[-9.22689984573202,38.8219804010653],[-9.22722263065894,38.8217701714377],[-9.22721468228247,38.8218180197144],[-9.22722356482017,38.8223974886726],[-9.22721810006766,38.8224200629256],[-9.22710436623528,38.8228897912337],[-9.22732634008805,38.8230156201141],[-9.22742327802879,38.8229621067633],[-9.22748634570999,38.8229436636178],[-9.22750278994348,38.8229390771795],[-9.22752648149447,38.8229341158505],[-9.22756374904444,38.8229240396554],[-9.22760814697876,38.8229128122466],[-9.22764920142196,38.8229024314751],[-9.22781365995297,38.8228668399067],[-9.22785531206435,38.8228610465603],[-9.2278969629743,38.8228552505022],[-9.22795277906343,38.8228458093523],[-9.22809003765683,38.82283488608],[-9.22822956551107,38.8228238203837],[-9.22824466385995,38.8228226242428],[-9.22814300597462,38.8225007456979],[-9.22807808166555,38.8223218315687],[-9.22805339970148,38.8222591003563],[-9.22798483559049,38.8220380643547],[-9.22799190443444,38.8220064486469],[-9.22801680264107,38.8219927267223],[-9.22797565122769,38.8218658347289],[-9.22794577266865,38.8218312453105],[-9.2276803412865,38.8215239517594],[-9.22765139167959,38.821490915593],[-9.2276831772654,38.8214702129182],[-9.22852245300561,38.8213849864354],[-9.22859639292756,38.8213700298062],[-9.22903951468477,38.8218919372369],[-9.22974764188304,38.8216377356876],[-9.23025801010103,38.8213853864826],[-9.23053011776212,38.8210733827889],[-9.23055341222723,38.8210424748407],[-9.23055365108081,38.8210421579209]],[[-9.22702590977416,38.8242174049515],[-9.2266832067567,38.824248553326],[-9.22672877072306,38.8245328690227],[-9.22675205497127,38.8246781593158],[-9.22659941756085,38.8248683178681],[-9.22632236688381,38.8251049756743],[-9.22632833312007,38.8251354616325],[-9.22686561546978,38.8255466685854],[-9.22686111464015,38.8256293169443],[-9.22682729704654,38.825699832027],[-9.22677116664814,38.8257783562321],[-9.22670743943917,38.8258491513041],[-9.22663910751943,38.8258874125003],[-9.22659013551556,38.8259469247764],[-9.22657558779561,38.8260151700677],[-9.2265745267464,38.8260331090568],[-9.22657099711144,38.8262244612222],[-9.22660747586634,38.826251810148],[-9.22664371446819,38.8262580278298],[-9.22681855443626,38.82617452693],[-9.22687010987593,38.8261654936642],[-9.22690042997585,38.8261828372463],[-9.22699777331627,38.8263710724361],[-9.22725293021716,38.8264563181518],[-9.22743596300711,38.8264233349742],[-9.22746136261382,38.8263064024083],[-9.22768943398354,38.8258831814453],[-9.22770590596325,38.8257893873453],[-9.22731222123443,38.8256609738407],[-9.22700661216178,38.8255291763102],[-9.22691361784848,38.8254251823927],[-9.22686327183659,38.8253207899811],[-9.22684852498159,38.8252203006817],[-9.2269802498905,38.8252005305357],[-9.22713002711836,38.8252324930758],[-9.22724720872997,38.8253243427833],[-9.22737115977414,38.8254347044989],[-9.22750846479628,38.8253917290969],[-9.22750549242713,38.8253853851172],[-9.22746438805715,38.825305823057],[-9.22745559737896,38.8252201074098],[-9.22746093170256,38.8251990332056],[-9.22748380163172,38.8251086942103],[-9.22750921655625,38.8250446619895],[-9.22751008619465,38.8248801953283],[-9.22747794473906,38.8247743929266],[-9.22745293508426,38.824738985804],[-9.22734923721831,38.8247495542441],[-9.22716968359292,38.8247246643471],[-9.22711655570606,38.8245372178299],[-9.22702590977416,38.8242174049515]],[[-9.22323073476709,38.8289584189184],[-9.22295178545394,38.8291991161053],[-9.22329822048938,38.8294884509471],[-9.22316394129909,38.8296275664718],[-9.22331522104078,38.8296779933274],[-9.22349287245425,38.8296944393553],[-9.22362637759505,38.8296367143286],[-9.22375882009231,38.829509142858],[-9.22384149057511,38.8293599535702],[-9.22391301871936,38.8292660125003],[-9.2238851731294,38.8291657932703],[-9.22360026174865,38.8291951741018],[-9.22342526608461,38.8291510094313],[-9.22331810082067,38.8290936402531],[-9.22323073476709,38.8289584189184]]]}}]}