{"type":"FeatureCollection","features":[{"type":"Feature","id":1,"geometry":{"type":"Polygon","coordinates":[[[-9.40045,38.9292],[-9.40188,38.9295],[-9.40231,38.92939],[-9.40246,38.92918],[-9.40175,38.92858],[-9.40035,38.9284],[-9.39865,38.92764],[-9.39776,38.92705],[-9.39711,38.92717],[-9.39516,38.9271],[-9.39542,38.92731],[-9.39693,38.92749],[-9.39811,38.92798],[-9.39937,38.92911],[-9.40045,38.9292]]]},"properties":{"OBJECTID":1,"SIG_SITES.SDE.RN_RecAgrFlo_RAN.AREA":4.71131079,"SHAPE.STArea()":47113.110157585,"SHAPE.STLength()":1470.412528361982,"COD":"M","COD1":" ","excluir":1,"Regulamento":"https://cloud.cm-sintra.pt/s/H79QNwTyezCXLJd","Pag_Regulamento":"","Guiao":"https://cloud.cm-sintra.pt/s/DqxzTELFktdZGKZ","Pag_Guiao":"23","Relatorio":"https://cloud.cm-sintra.pt/s/DpQF9g5C5LiACtM","Pag_relatorio":"58"}},{"type":"Feature","id":2,"geometry":{"type":"Polygon","coordinates":[[[-9.41118,38.92771],[-9.41083,38.92862],[-9.41138,38.9284],[-9.41162,38.92779],[-9.41261,38.92751],[-9.41286,38.92778],[-9.41333,38.92775],[-9.41404,38.928],[-9.41346,38.9271],[-9.41256,38.92628],[-9.41119,38.92446],[-9.4111,38.92339],[-9.41082,38.9232],[-9.41021,38.92213],[-9.40941,38.92156],[-9.40803,38.92123],[-9.40751,38.91972],[-9.40557,38.91768],[-9.40334,38.91685],[-9.40273,38.91648],[-9.40169,38.91505],[-9.40118,38.91472],[-9.40073,38.91483],[-9.40061,38.91521],[-9.40158,38.91609],[-9.40208,38.9168],[-9.40452,38.91835],[-9.40596,38.91963],[-9.40632,38.92041],[-9.40624,38.9211],[-9.406,38.92129],[-9.40458,38.92152],[-9.40456,38.92171],[-9.40526,38.92191],[-9.40578,38.92231],[-9.4065,38.92179],[-9.40701,38.92179],[-9.40895,38.92276],[-9.40986,38.92454],[-9.40987,38.92522],[-9.40965,38.92569],[-9.41033,38.92622],[-9.41118,38.92771]]]},"properties":{"OBJECTID":2,"SIG_SITES.SDE.RN_RecAgrFlo_RAN.AREA":23.05636569,"SHAPE.STArea()":230563.64981301,"SHAPE.STLength()":4644.163868065135,"COD":"Ac","COD1":"5;2d","excluir":1,"Regulamento":"https://cloud.cm-sintra.pt/s/H79QNwTyezCXLJd","Pag_Regulamento":"","Guiao":"https://cloud.cm-sintra.pt/s/DqxzTELFktdZGKZ","Pag_Guiao":"23","Relatorio":"https://cloud.cm-sintra.pt/s/DpQF9g5C5LiACtM","Pag_relatorio":"58"}},{"type":"Feature","id":3,"geometry":{"type":"Polygon","coordinates":[[[-9.3814,38.9193],[-9.38108,38.91973],[-9.38205,38.91965],[-9.38202,38.91919],[-9.38228,38.91912],[-9.38228,38.91954],[-9.38277,38.91943],[-9.38346,38.92029],[-9.38404,38.92041],[-9.38348,38.92019],[-9.38366,38.92006],[-9.38343,38.9199],[-9.38382,38.91972],[-9.38373,38.91929],[-9.38337,38.91933],[-9.38288,38.91801],[-9.38204,38.91727],[-9.3816,38.91743],[-9.3816,38.91787],[-9.38194,38.91791],[-9.38215,38.91844],[-9.3814,38.91899],[-9.38189,38.91914],[-9.38164,38.91935],[-9.3814,38.9193]]]},"properties":{"OBJECTID":3,"SIG_SITES.SDE.RN_RecAgrFlo_RAN.AREA":3.072303,"SHAPE.STArea()":30723.03401715,"SHAPE.STLength()":1393.396392951104,"COD":"Ac","COD1":"5","excluir":1,"Regulamento":"https://cloud.cm-sintra.pt/s/H79QNwTyezCXLJd","Pag_Regulamento":"","Guiao":"https://cloud.cm-sintra.pt/s/DqxzTELFktdZGKZ","Pag_Guiao":"23","Relatorio":"https://cloud.cm-sintra.pt/s/DpQF9g5C5LiACtM","Pag_relatorio":"58"}},{"type":"Feature","id":4,"geometry":{"type":"Polygon","coordinates":[[[-9.38694,38.92075],[-9.38724,38.92094],[-9.388,38.92106],[-9.38998,38.92071],[-9.39092,38.92085],[-9.39328,38.92028],[-9.39359,38.92006],[-9.39321,38.91986],[-9.3916,38.92002],[-9.39058,38.91984],[-9.3891,38.91862],[-9.38852,38.9175],[-9.38781,38.91741],[-9.38723,38.91759],[-9.38706,38.91803],[-9.38816,38.91917],[-9.38835,38.9198],[-9.38791,38.92018],[-9.38694,38.92038],[-9.38694,38.92075]]]},"properties":{"OBJECTID":4,"SIG_SITES.SDE.RN_RecAgrFlo_RAN.AREA":8.66918146,"SHAPE.STArea()":86691.81304336,"SHAPE.STLength()":1812.293249217392,"COD":"Ta","COD1":"1","excluir":1,"Regulamento":"https://cloud.cm-sintra.pt/s/H79QNwTyezCXLJd","Pag_Regulamento":"","Guiao":"https://cloud.cm-sintra.pt/s/DqxzTELFktdZGKZ","Pag_Guiao":"23","Relatorio":"https://cloud.cm-sintra.pt/s/DpQF9g5C5LiACtM","Pag_relatorio":"58"}},{"type":"Feature","id":5,"geometry":{"type":"Polygon","coordinates":[[[-9.41396,38.91094],[-9.41482,38.91159],[-9.41545,38.91259],[-9.41689,38.91321],[-9.41746,38.91362],[-9.41783,38.9144],[-9.41835,38.91499],[-9.41824,38.91578],[-9.4193,38.91695],[-9.42035,38.91675],[-9.4239,38.91512],[-9.42531,38.91473],[-9.4257,38.91442],[-9.42553,38.91399],[-9.42562,38.9137],[-9.42733,38.91314],[-9.42757,38.91227],[-9.42821,38.91156],[-9.42788,38.91014],[-9.42817,38.90994],[-9.42898,38.90994],[-9.42918,38.9097],[-9.42852,38.90917],[-9.42834,38.90868],[-9.42892,38.90604],[-9.42892,38.90496],[-9.4286,38.9043],[-9.42777,38.90347],[-9.42725,38.90267],[-9.42664,38.9008],[-9.42671,38.9001],[-9.42713,38.89926],[-9.42741,38.89901],[-9.4281,38.89886],[-9.42818,38.89849],[-9.42691,38.89679],[-9.42619,38.89638],[-9.42422,38.89577],[-9.42308,38.8962],[-9.42241,38.89612],[-9.42163,38.89581],[-9.42038,38.896],[-9.42018,38.89571],[-9.41922,38.89522],[-9.41903,38.89422],[-9.4184,38.89419],[-9.41798,38.89513],[-9.41768,38.8951],[-9.41754,38.89533],[-9.41754,38.89629],[-9.41853,38.89774],[-9.41882,38.89757],[-9.4189,38.89784],[-9.4186,38.89829],[-9.41833,38.89816],[-9.41806,38.89857],[-9.41818,38.89879],[-9.41808,38.89908],[-9.41826,38.8991],[-9.41769,38.89969],[-9.41769,38.90001],[-9.41993,38.9015],[-9.41976,38.90201],[-9.41985,38.90237],[-9.42091,38.90341],[-9.42093,38.90397],[-9.42146,38.90407],[-9.42162,38.9045],[-9.42211,38.90478],[-9.42214,38.90531],[-9.42312,38.90563],[-9.42384,38.90532],[-9.42412,38.9056],[-9.42405,38.90623],[-9.42344,38.90759],[-9.4227,38.90773],[-9.42249,38.90819],[-9.42223,38.90833],[-9.41859,38.907],[-9.41776,38.90703],[-9.41767,38.90726],[-9.41801,38.90829],[-9.4186,38.90839],[-9.41992,38.90809],[-9.42041,38.90838],[-9.42065,38.90881],[-9.42067,38.90903],[-9.42051,38.90917],[-9.41889,38.90897],[-9.4189,38.90919],[-9.41963,38.90966],[-9.41977,38.91007],[-9.41947,38.91038],[-9.41846,38.91026],[-9.41863,38.91094],[-9.41848,38.91131],[-9.41745,38.91127],[-9.41641,38.91051],[-9.41567,38.91022],[-9.41539,38.91039],[-9.41554,38.91093],[-9.41487,38.91126],[-9.41396,38.91094]],[[-9.42277,38.91004],[-9.42344,38.91099],[-9.42283,38.91089],[-9.42239,38.91053],[-9.42185,38.90934],[-9.42193,38.90903],[-9.42227,38.90898],[-9.42255,38.9092],[-9.42277,38.91004]]]},"properties":{"OBJECTID":5,"SIG_SITES.SDE.RN_RecAgrFlo_RAN.AREA":161.916936,"SHAPE.STArea()":1619169.35530441,"SHAPE.STLength()":9672.215502352068,"COD":"M","COD1":" ","excluir":1,"Regulamento":"https://cloud.cm-sintra.pt/s/H79QNwTyezCXLJd","Pag_Regulamento":"","Guiao":"https://cloud.cm-sintra.pt/s/DqxzTELFktdZGKZ","Pag_Guiao":"23","Relatorio":"https://cloud.cm-sintra.pt/s/DpQF9g5C5LiACtM","Pag_relatorio":"58"}},{"type":"Feature","id":6,"geometry":{"type":"Polygon","coordinates":[[[-9.38011,38.91499],[-9.38058,38.91431],[-9.38166,38.91389],[-9.38215,38.91352],[-9.38206,38.91203],[-9.38187,38.91204],[-9.38156,38.91266],[-9.38095,38.91293],[-9.38034,38.91364],[-9.37957,38.91422],[-9.37894,38.91527],[-9.37922,38.91568],[-9.37945,38.91567],[-9.37967,38.91551],[-9.37966,38.91492],[-9.38011,38.91499]]]},"properties":{"OBJECTID":6,"SIG_SITES.SDE.RN_RecAgrFlo_RAN.AREA":3.53065047,"SHAPE.STArea()":35306.506685545,"SHAPE.STLength()":1105.2779166277014,"COD":"M","COD1":" ","excluir":1,"Regulamento":"https://cloud.cm-sintra.pt/s/H79QNwTyezCXLJd","Pag_Regulamento":"","Guiao":"https://cloud.cm-sintra.pt/s/DqxzTELFktdZGKZ","Pag_Guiao":"23","Relatorio":"https://cloud.cm-sintra.pt/s/DpQF9g5C5LiACtM","Pag_relatorio":"58"}},{"type":"Feature","id":7,"geometry":{"type":"Polygon","coordinates":[[[-9.40828,38.91169],[-9.40768,38.91227],[-9.40741,38.91317],[-9.40748,38.91462],[-9.4076,38.91489],[-9.40795,38.9151],[-9.40829,38.91484],[-9.40838,38.91356],[-9.40896,38.91221],[-9.40875,38.91183],[-9.40828,38.91169]]]},"properties":{"OBJECTID":7,"SIG_SITES.SDE.RN_RecAgrFlo_RAN.AREA":3.09430928,"SHAPE.STArea()":30943.09561098,"SHAPE.STLength()":865.1744118283857,"COD":"M","COD1":" ","excluir":1,"Regulamento":"https://cloud.cm-sintra.pt/s/H79QNwTyezCXLJd","Pag_Regulamento":"","Guiao":"https://cloud.cm-sintra.pt/s/DqxzTELFktdZGKZ","Pag_Guiao":"23","Relatorio":"https://cloud.cm-sintra.pt/s/DpQF9g5C5LiACtM","Pag_relatorio":"58"}},{"type":"Feature","id":8,"geometry":{"type":"Polygon","coordinates":[[[-9.39617,38.90381],[-9.39566,38.90529],[-9.39558,38.90597],[-9.39574,38.90684],[-9.39681,38.90817],[-9.39689,38.90936],[-9.39762,38.91049],[-9.39831,38.91227],[-9.39916,38.91259],[-9.40018,38.91331],[-9.40061,38.91334],[-9.40099,38.91261],[-9.40106,38.91089],[-9.40184,38.91],[-9.40158,38.90827],[-9.40227,38.90627],[-9.40256,38.90461],[-9.4025,38.9034],[-9.40175,38.90275],[-9.40025,38.90245],[-9.39972,38.90264],[-9.39891,38.9034],[-9.39824,38.90362],[-9.39748,38.90358],[-9.39652,38.90311],[-9.39617,38.90381]]]},"properties":{"OBJECTID":8,"SIG_SITES.SDE.RN_RecAgrFlo_RAN.AREA":48.26489169,"SHAPE.STArea()":482648.927918375,"SHAPE.STLength()":3108.442199098083,"COD":"M","COD1":" ","excluir":1,"Regulamento":"https://cloud.cm-sintra.pt/s/H79QNwTyezCXLJd","Pag_Regulamento":"","Guiao":"https://cloud.cm-sintra.pt/s/DqxzTELFktdZGKZ","Pag_Guiao":"23","Relatorio":"https://cloud.cm-sintra.pt/s/DpQF9g5C5LiACtM","Pag_relatorio":"58"}},{"type":"Feature","id":9,"geometry":{"type":"Polygon","coordinates":[[[-9.39086,38.90368],[-9.39069,38.90383],[-9.39068,38.90418],[-9.39089,38.90494],[-9.39185,38.90587],[-9.39203,38.9068],[-9.39248,38.9077],[-9.39367,38.90893],[-9.39443,38.91017],[-9.3955,38.91078],[-9.39554,38.91043],[-9.3949,38.90985],[-9.394,38.90822],[-9.39336,38.90751],[-9.39265,38.90575],[-9.39165,38.90458],[-9.39139,38.90393],[-9.39086,38.90368]]]},"properties":{"OBJECTID":9,"SIG_SITES.SDE.RN_RecAgrFlo_RAN.AREA":6.02564777,"SHAPE.STArea()":60256.47203428,"SHAPE.STLength()":1853.0636588784785,"COD":"Ac","COD1":"2d","excluir":1,"Regulamento":"https://cloud.cm-sintra.pt/s/H79QNwTyezCXLJd","Pag_Regulamento":"","Guiao":"https://cloud.cm-sintra.pt/s/DqxzTELFktdZGKZ","Pag_Guiao":"23","Relatorio":"https://cloud.cm-sintra.pt/s/DpQF9g5C5LiACtM","Pag_relatorio":"58"}},{"type":"Feature","id":10,"geometry":{"type":"Polygon","coordinates":[[[-9.38074,38.90642],[-9.37889,38.90705],[-9.37909,38.90776],[-9.37957,38.90852],[-9.38074,38.90838],[-9.38061,38.90801],[-9.38039,38.90805],[-9.38027,38.9077],[-9.38075,38.90742],[-9.38247,38.90754],[-9.38243,38.90809],[-9.38323,38.908],[-9.38329,38.90817],[-9.38379,38.90827],[-9.38519,38.90701],[-9.38503,38.90632],[-9.38475,38.90614],[-9.38433,38.90622],[-9.38339,38.90689],[-9.38191,38.90679],[-9.38094,38.90723],[-9.38074,38.90642]]]},"properties":{"OBJECTID":10,"SIG_SITES.SDE.RN_RecAgrFlo_RAN.AREA":6.69190744,"SHAPE.STArea()":66919.07050197,"SHAPE.STLength()":1740.4178449905285,"COD":"Ta","COD1":"3","excluir":1,"Regulamento":"https://cloud.cm-sintra.pt/s/H79QNwTyezCXLJd","Pag_Regulamento":"","Guiao":"https://cloud.cm-sintra.pt/s/DqxzTELFktdZGKZ","Pag_Guiao":"23","Relatorio":"https://cloud.cm-sintra.pt/s/DpQF9g5C5LiACtM","Pag_relatorio":"58"}},{"type":"Feature","id":11,"geometry":{"type":"Polygon","coordinates":[[[-9.41463,38.89955],[-9.4153,38.89979],[-9.41551,38.89954],[-9.41593,38.89808],[-9.4164,38.89725],[-9.41638,38.89574],[-9.41703,38.89491],[-9.41696,38.8947],[-9.41718,38.89468],[-9.4174,38.89416],[-9.41682,38.89343],[-9.41622,38.89332],[-9.41641,38.89301],[-9.41559,38.89269],[-9.41565,38.89251],[-9.41539,38.89326],[-9.41467,38.89393],[-9.41435,38.89509],[-9.41274,38.89607],[-9.41227,38.89607],[-9.41193,38.89589],[-9.4112,38.89469],[-9.41081,38.89475],[-9.41015,38.8953],[-9.40977,38.89529],[-9.40953,38.8951],[-9.40897,38.89411],[-9.40897,38.89343],[-9.40923,38.89251],[-9.40915,38.89222],[-9.4089,38.89204],[-9.40824,38.89217],[-9.40746,38.89321],[-9.40662,38.89366],[-9.40615,38.8942],[-9.4057,38.89416],[-9.40545,38.89359],[-9.40547,38.89281],[-9.40599,38.89139],[-9.40623,38.89009],[-9.40708,38.88898],[-9.40747,38.8887],[-9.408,38.88858],[-9.40969,38.88872],[-9.41187,38.88803],[-9.41201,38.88787],[-9.41193,38.8877],[-9.40927,38.88753],[-9.40604,38.88821],[-9.40463,38.88781],[-9.40287,38.88678],[-9.40244,38.8867],[-9.40238,38.88691],[-9.40268,38.88736],[-9.40272,38.88777],[-9.40398,38.88802],[-9.40464,38.8886],[-9.40565,38.88899],[-9.40582,38.88932],[-9.40538,38.89028],[-9.40464,38.89117],[-9.40462,38.89136],[-9.40495,38.89182],[-9.40478,38.89222],[-9.40357,38.89332],[-9.40195,38.89358],[-9.40117,38.89346],[-9.40058,38.89316],[-9.39985,38.89157],[-9.39789,38.88985],[-9.3971,38.88947],[-9.39569,38.88925],[-9.39523,38.889],[-9.395,38.88843],[-9.39555,38.88732],[-9.39492,38.88696],[-9.39434,38.88708],[-9.39401,38.88698],[-9.39374,38.88629],[-9.39261,38.88505],[-9.39001,38.88484],[-9.38927,38.88536],[-9.38894,38.88601],[-9.38842,38.88609],[-9.38757,38.88586],[-9.38721,38.88666],[-9.38625,38.88661],[-9.38597,38.88673],[-9.38655,38.88749],[-9.38942,38.88926],[-9.39025,38.88856],[-9.39099,38.88902],[-9.39161,38.88895],[-9.3925,38.88959],[-9.39266,38.88991],[-9.39239,38.89016],[-9.39236,38.89042],[-9.39283,38.891],[-9.39283,38.89128],[-9.39257,38.89152],[-9.39193,38.89161],[-9.39188,38.89176],[-9.39367,38.8928],[-9.39459,38.89425],[-9.39508,38.89472],[-9.39628,38.8948],[-9.39613,38.89367],[-9.39635,38.8935],[-9.39787,38.89386],[-9.39959,38.8949],[-9.40069,38.89533],[-9.40158,38.89519],[-9.4022,38.89528],[-9.4027,38.89495],[-9.4031,38.89495],[-9.4035,38.89523],[-9.40389,38.89635],[-9.40429,38.89681],[-9.40453,38.89693],[-9.40496,38.89688],[-9.40542,38.89634],[-9.40571,38.89631],[-9.40606,38.89665],[-9.4062,38.89734],[-9.40679,38.89758],[-9.40785,38.89722],[-9.40881,38.89719],[-9.40928,38.89669],[-9.41027,38.8963],[-9.41106,38.89629],[-9.4115,38.89658],[-9.41169,38.89699],[-9.41107,38.89801],[-9.41109,38.89849],[-9.41216,38.89843],[-9.41343,38.89912],[-9.41463,38.89955]]]},"properties":{"OBJECTID":11,"SIG_SITES.SDE.RN_RecAgrFlo_RAN.AREA":118.89840415,"SHAPE.STArea()":1188984.04362566,"SHAPE.STLength()":12186.144738756582,"COD":"M","COD1":" ","excluir":1,"Regulamento":"https://cloud.cm-sintra.pt/s/H79QNwTyezCXLJd","Pag_Regulamento":"","Guiao":"https://cloud.cm-sintra.pt/s/DqxzTELFktdZGKZ","Pag_Guiao":"23","Relatorio":"https://cloud.cm-sintra.pt/s/DpQF9g5C5LiACtM","Pag_relatorio":"58"}},{"type":"Feature","id":12,"geometry":{"type":"Polygon","coordinates":[[[-9.3632,38.89846],[-9.36346,38.89852],[-9.36356,38.89871],[-9.36378,38.89867],[-9.36448,38.89716],[-9.36439,38.89642],[-9.36349,38.8966],[-9.36237,38.89816],[-9.36272,38.8985],[-9.3632,38.89846]]]},"properties":{"OBJECTID":12,"SIG_SITES.SDE.RN_RecAgrFlo_RAN.AREA":2.70914661,"SHAPE.STArea()":27091.466386715,"SHAPE.STLength()":711.3908554806377,"COD":"M","COD1":" ","excluir":1,"Regulamento":"https://cloud.cm-sintra.pt/s/H79QNwTyezCXLJd","Pag_Regulamento":"","Guiao":"https://cloud.cm-sintra.pt/s/DqxzTELFktdZGKZ","Pag_Guiao":"23","Relatorio":"https://cloud.cm-sintra.pt/s/DpQF9g5C5LiACtM","Pag_relatorio":"58"}},{"type":"Feature","id":13,"geometry":{"type":"Polygon","coordinates":[[[-9.35291,38.89792],[-9.35308,38.89847],[-9.3536,38.89793],[-9.35342,38.89747],[-9.35296,38.89719],[-9.35179,38.89756],[-9.35142,38.89829],[-9.35262,38.89842],[-9.35267,38.89789],[-9.35291,38.89792]]]},"properties":{"OBJECTID":13,"SIG_SITES.SDE.RN_RecAgrFlo_RAN.AREA":1.70252262,"SHAPE.STArea()":17025.223967685,"SHAPE.STLength()":634.0126060919721,"COD":"M","COD1":" ","excluir":1,"Regulamento":"https://cloud.cm-sintra.pt/s/H79QNwTyezCXLJd","Pag_Regulamento":"","Guiao":"https://cloud.cm-sintra.pt/s/DqxzTELFktdZGKZ","Pag_Guiao":"23","Relatorio":"https://cloud.cm-sintra.pt/s/DpQF9g5C5LiACtM","Pag_relatorio":"58"}},{"type":"Feature","id":14,"geometry":{"type":"Polygon","coordinates":[[[-9.43123,38.89727],[-9.43169,38.89756],[-9.43252,38.89723],[-9.43323,38.89742],[-9.43345,38.89728],[-9.43336,38.89698],[-9.43286,38.89667],[-9.43282,38.89609],[-9.43231,38.89514],[-9.42989,38.89504],[-9.42945,38.89584],[-9.4288,38.8964],[-9.42876,38.89686],[-9.42923,38.89708],[-9.43032,38.89703],[-9.43123,38.89727]]]},"properties":{"OBJECTID":14,"SIG_SITES.SDE.RN_RecAgrFlo_RAN.AREA":7.45304179,"SHAPE.STArea()":74530.41957215,"SHAPE.STLength()":1184.0631519281494,"COD":"M","COD1":" ","excluir":1,"Regulamento":"https://cloud.cm-sintra.pt/s/H79QNwTyezCXLJd","Pag_Regulamento":"","Guiao":"https://cloud.cm-sintra.pt/s/DqxzTELFktdZGKZ","Pag_Guiao":"23","Relatorio":"https://cloud.cm-sintra.pt/s/DpQF9g5C5LiACtM","Pag_relatorio":"58"}},{"type":"Feature","id":15,"geometry":{"type":"Polygon","coordinates":[[[-9.35296,38.89582],[-9.35188,38.8965],[-9.3519,38.89707],[-9.35312,38.8966],[-9.35425,38.89581],[-9.35469,38.89589],[-9.3557,38.89691],[-9.35848,38.8958],[-9.35798,38.89544],[-9.35703,38.89513],[-9.35624,38.89455],[-9.35406,38.89499],[-9.35296,38.89582]]]},"properties":{"OBJECTID":15,"SIG_SITES.SDE.RN_RecAgrFlo_RAN.AREA":7.235255,"SHAPE.STArea()":72352.54786782,"SHAPE.STLength()":1480.6336983698238,"COD":"M","COD1":" ","excluir":1,"Regulamento":"https://cloud.cm-sintra.pt/s/H79QNwTyezCXLJd","Pag_Regulamento":"","Guiao":"https://cloud.cm-sintra.pt/s/DqxzTELFktdZGKZ","Pag_Guiao":"23","Relatorio":"https://cloud.cm-sintra.pt/s/DpQF9g5C5LiACtM","Pag_relatorio":"58"}},{"type":"Feature","id":16,"geometry":{"type":"Polygon","coordinates":[[[-9.42552,38.89231],[-9.42519,38.89244],[-9.42503,38.89281],[-9.42585,38.89346],[-9.4266,38.89354],[-9.42737,38.89308],[-9.4272,38.89285],[-9.42552,38.89231]]]},"properties":{"OBJECTID":16,"SIG_SITES.SDE.RN_RecAgrFlo_RAN.AREA":1.72940464,"SHAPE.STArea()":17294.04558652,"SHAPE.STLength()":525.9552364452805,"COD":"M","COD1":" ","excluir":1,"Regulamento":"https://cloud.cm-sintra.pt/s/H79QNwTyezCXLJd","Pag_Regulamento":"","Guiao":"https://cloud.cm-sintra.pt/s/DqxzTELFktdZGKZ","Pag_Guiao":"23","Relatorio":"https://cloud.cm-sintra.pt/s/DpQF9g5C5LiACtM","Pag_relatorio":"58"}},{"type":"Feature","id":17,"geometry":{"type":"Polygon","coordinates":[[[-9.43468,38.89201],[-9.43475,38.89286],[-9.43508,38.89308],[-9.43555,38.89295],[-9.43573,38.89211],[-9.43594,38.89196],[-9.43622,38.89211],[-9.43661,38.89264],[-9.43704,38.89268],[-9.43692,38.89121],[-9.43814,38.88986],[-9.4382,38.88938],[-9.43779,38.88925],[-9.43708,38.88956],[-9.43612,38.88941],[-9.43559,38.88958],[-9.43531,38.88991],[-9.43468,38.89201]]]},"properties":{"OBJECTID":17,"SIG_SITES.SDE.RN_RecAgrFlo_RAN.AREA":7.04706571,"SHAPE.STArea()":70470.65522147,"SHAPE.STLength()":1388.3180285280885,"COD":"M","COD1":" ","excluir":1,"Regulamento":"https://cloud.cm-sintra.pt/s/H79QNwTyezCXLJd","Pag_Regulamento":"","Guiao":"https://cloud.cm-sintra.pt/s/DqxzTELFktdZGKZ","Pag_Guiao":"23","Relatorio":"https://cloud.cm-sintra.pt/s/DpQF9g5C5LiACtM","Pag_relatorio":"58"}},{"type":"Feature","id":18,"geometry":{"type":"MultiPolygon","coordinates":[[[[-9.43381,38.88785],[-9.4335,38.88781],[-9.43313,38.88801],[-9.43142,38.89008],[-9.4304,38.89024],[-9.43031,38.89051],[-9.43187,38.89104],[-9.43243,38.891],[-9.43281,38.89079],[-9.43332,38.88997],[-9.4329,38.88965],[-9.43286,38.88934],[-9.43384,38.88828],[-9.43359,38.88808],[-9.43381,38.88785]]],[[[-9.43384,38.88788],[-9.43382,38.88786],[-9.43381,38.88785],[-9.43384,38.88788]]]]},"properties":{"OBJECTID":18,"SIG_SITES.SDE.RN_RecAgrFlo_RAN.AREA":4.04945245,"SHAPE.STArea()":40494.528438645,"SHAPE.STLength()":1125.3246055332168,"COD":"M","COD1":" ","excluir":1,"Regulamento":"https://cloud.cm-sintra.pt/s/H79QNwTyezCXLJd","Pag_Regulamento":"","Guiao":"https://cloud.cm-sintra.pt/s/DqxzTELFktdZGKZ","Pag_Guiao":"23","Relatorio":"https://cloud.cm-sintra.pt/s/DpQF9g5C5LiACtM","Pag_relatorio":"58"}},{"type":"Feature","id":19,"geometry":{"type":"MultiPolygon","coordinates":[[[[-9.34995,38.89057],[-9.34996,38.89082],[-9.34965,38.89112],[-9.35071,38.8919],[-9.35165,38.89091],[-9.35094,38.8905],[-9.35058,38.8907],[-9.35035,38.89049],[-9.34995,38.89057]]],[[[-9.3498,38.88969],[-9.34814,38.88975],[-9.34847,38.89013],[-9.34932,38.88998],[-9.34928,38.88984],[-9.34977,38.88984],[-9.3498,38.88969]]],[[[-9.34968,38.89041],[-9.3497,38.89045],[-9.34978,38.89048],[-9.34968,38.89041]]],[[[-9.3497,38.89028],[-9.34969,38.8903],[-9.3497,38.89028],[-9.3497,38.89028]]]]},"properties":{"OBJECTID":19,"SIG_SITES.SDE.RN_RecAgrFlo_RAN.AREA":1.93817821,"SHAPE.STArea()":19381.785125035,"SHAPE.STLength()":933.1664410904762,"COD":"Ac","COD1":"5","excluir":1,"Regulamento":"https://cloud.cm-sintra.pt/s/H79QNwTyezCXLJd","Pag_Regulamento":"","Guiao":"https://cloud.cm-sintra.pt/s/DqxzTELFktdZGKZ","Pag_Guiao":"23","Relatorio":"https://cloud.cm-sintra.pt/s/DpQF9g5C5LiACtM","Pag_relatorio":"58"}},{"type":"Feature","id":20,"geometry":{"type":"Polygon","coordinates":[[[-9.42201,38.88969],[-9.422,38.89026],[-9.42215,38.89047],[-9.42242,38.8905],[-9.42261,38.89028],[-9.42266,38.88979],[-9.42333,38.8896],[-9.42346,38.88924],[-9.42313,38.88893],[-9.42221,38.88855],[-9.42172,38.88772],[-9.42059,38.88641],[-9.42024,38.88469],[-9.41943,38.88328],[-9.41925,38.88156],[-9.4188,38.88089],[-9.41794,38.88028],[-9.4177,38.87941],[-9.41715,38.87856],[-9.41745,38.87748],[-9.41705,38.8769],[-9.41689,38.87578],[-9.41648,38.87472],[-9.41623,38.87435],[-9.41544,38.87378],[-9.41453,38.87256],[-9.41421,38.87195],[-9.4141,38.87105],[-9.41377,38.87036],[-9.41176,38.86811],[-9.41086,38.86597],[-9.41028,38.86501],[-9.41021,38.86377],[-9.40999,38.86362],[-9.40972,38.86382],[-9.40932,38.86378],[-9.40888,38.86327],[-9.40863,38.86194],[-9.40772,38.86042],[-9.40666,38.85761],[-9.40666,38.85607],[-9.40701,38.85481],[-9.40683,38.85407],[-9.4059,38.85321],[-9.40423,38.85281],[-9.40344,38.85282],[-9.40124,38.85337],[-9.40109,38.85373],[-9.40241,38.85454],[-9.40334,38.85552],[-9.40516,38.85863],[-9.40506,38.86061],[-9.40522,38.86208],[-9.40468,38.86282],[-9.40471,38.86322],[-9.4044,38.86354],[-9.40448,38.8639],[-9.40495,38.86424],[-9.40549,38.86428],[-9.40593,38.86405],[-9.40681,38.86395],[-9.40745,38.86338],[-9.40753,38.86293],[-9.40619,38.86158],[-9.40682,38.86042],[-9.40758,38.86201],[-9.40816,38.86264],[-9.40914,38.86417],[-9.41066,38.86716],[-9.4107,38.86762],[-9.41006,38.86779],[-9.40891,38.86767],[-9.40741,38.86704],[-9.40622,38.86691],[-9.40543,38.86634],[-9.4052,38.86644],[-9.40527,38.86675],[-9.40583,38.86714],[-9.40732,38.86758],[-9.40816,38.8681],[-9.40955,38.8686],[-9.41185,38.86987],[-9.41259,38.87084],[-9.41378,38.87324],[-9.41529,38.87503],[-9.41567,38.87573],[-9.41633,38.87741],[-9.41585,38.87795],[-9.41618,38.88032],[-9.41574,38.88054],[-9.41426,38.88077],[-9.41245,38.88074],[-9.4123,38.88103],[-9.41358,38.88141],[-9.41688,38.88116],[-9.41738,38.8813],[-9.41797,38.88174],[-9.41847,38.8824],[-9.4185,38.88369],[-9.41911,38.88468],[-9.4193,38.88558],[-9.42016,38.88738],[-9.42125,38.8884],[-9.42197,38.88942],[-9.42201,38.88969]]]},"properties":{"OBJECTID":20,"SIG_SITES.SDE.RN_RecAgrFlo_RAN.AREA":69.14440167,"SHAPE.STArea()":691444.040838385,"SHAPE.STLength()":12571.650815277975,"COD":"Ta","COD1":"2d","excluir":1,"Regulamento":"https://cloud.cm-sintra.pt/s/H79QNwTyezCXLJd","Pag_Regulamento":"","Guiao":"https://cloud.cm-sintra.pt/s/DqxzTELFktdZGKZ","Pag_Guiao":"23","Relatorio":"https://cloud.cm-sintra.pt/s/DpQF9g5C5LiACtM","Pag_relatorio":"58"}},{"type":"Feature","id":21,"geometry":{"type":"Polygon","coordinates":[[[-9.28359,38.88508],[-9.28331,38.88703],[-9.28335,38.88773],[-9.28361,38.88848],[-9.2841,38.88895],[-9.28449,38.88889],[-9.28472,38.88858],[-9.28422,38.8864],[-9.28436,38.88574],[-9.28477,38.88504],[-9.285,38.88503],[-9.28535,38.88531],[-9.28539,38.88625],[-9.28573,38.88677],[-9.28695,38.88677],[-9.2874,38.88648],[-9.2868,38.88289],[-9.28671,38.88261],[-9.28651,38.88253],[-9.28557,38.8834],[-9.2842,38.88417],[-9.28072,38.88425],[-9.27901,38.88528],[-9.27772,38.88569],[-9.27645,38.88669],[-9.27577,38.88764],[-9.27557,38.88846],[-9.27581,38.88847],[-9.27611,38.88818],[-9.27724,38.88675],[-9.27907,38.88575],[-9.28211,38.88485],[-9.28355,38.88485],[-9.28359,38.88508]]]},"properties":{"OBJECTID":21,"SIG_SITES.SDE.RN_RecAgrFlo_RAN.AREA":18.08224234,"SHAPE.STArea()":180822.404635725,"SHAPE.STLength()":3931.273865286375,"COD":"Ac","COD1":"1;2d","excluir":1,"Regulamento":"https://cloud.cm-sintra.pt/s/H79QNwTyezCXLJd","Pag_Regulamento":"","Guiao":"https://cloud.cm-sintra.pt/s/DqxzTELFktdZGKZ","Pag_Guiao":"23","Relatorio":"https://cloud.cm-sintra.pt/s/DpQF9g5C5LiACtM","Pag_relatorio":"58"}},{"type":"Feature","id":22,"geometry":{"type":"Polygon","coordinates":[[[-9.3534,38.87487],[-9.35283,38.875],[-9.35306,38.87559],[-9.35195,38.87581],[-9.35197,38.87539],[-9.35152,38.8749],[-9.35109,38.87512],[-9.35057,38.87602],[-9.35071,38.87715],[-9.3505,38.87758],[-9.35109,38.87844],[-9.35019,38.87945],[-9.35065,38.87973],[-9.3507,38.88002],[-9.35149,38.88079],[-9.35348,38.88438],[-9.3539,38.88591],[-9.35352,38.88733],[-9.35359,38.88777],[-9.35408,38.88747],[-9.35453,38.88659],[-9.35442,38.88433],[-9.35378,38.88163],[-9.35333,38.88092],[-9.35282,38.88069],[-9.35326,38.88051],[-9.3551,38.88097],[-9.35518,38.88073],[-9.35581,38.88058],[-9.35602,38.88064],[-9.35663,38.88136],[-9.35661,38.8815],[-9.35593,38.88179],[-9.35594,38.88239],[-9.35571,38.88275],[-9.35581,38.88478],[-9.35625,38.88389],[-9.35706,38.88299],[-9.35741,38.88282],[-9.35954,38.88317],[-9.36002,38.88349],[-9.35992,38.8839],[-9.3593,38.88439],[-9.35894,38.88493],[-9.35903,38.88518],[-9.35955,38.8854],[-9.35993,38.88517],[-9.36081,38.88399],[-9.36087,38.88452],[-9.36054,38.88579],[-9.36028,38.88609],[-9.35971,38.88595],[-9.35933,38.88623],[-9.35914,38.8868],[-9.35853,38.88748],[-9.35858,38.88806],[-9.35794,38.88896],[-9.35778,38.88987],[-9.35838,38.89009],[-9.35846,38.89049],[-9.35891,38.89063],[-9.35895,38.88965],[-9.35928,38.8894],[-9.35962,38.88952],[-9.35982,38.89144],[-9.35922,38.8914],[-9.35901,38.89158],[-9.35875,38.89241],[-9.35879,38.89323],[-9.35919,38.89363],[-9.35988,38.89393],[-9.36019,38.89443],[-9.36115,38.89447],[-9.36192,38.89521],[-9.36162,38.89597],[-9.36145,38.89598],[-9.36117,38.89636],[-9.36152,38.89721],[-9.36153,38.89762],[-9.36181,38.89786],[-9.36226,38.89744],[-9.36239,38.89697],[-9.3624,38.89595],[-9.36205,38.89516],[-9.36208,38.89435],[-9.36162,38.89361],[-9.36024,38.89276],[-9.36012,38.89159],[-9.3603,38.89148],[-9.36023,38.89107],[-9.36143,38.89092],[-9.36173,38.89061],[-9.36255,38.89049],[-9.3653,38.88915],[-9.36601,38.88913],[-9.36596,38.88846],[-9.36516,38.88811],[-9.36468,38.88748],[-9.364,38.8875],[-9.36372,38.88714],[-9.36499,38.887],[-9.36532,38.88659],[-9.36555,38.88591],[-9.3663,38.88589],[-9.36754,38.88424],[-9.36811,38.88374],[-9.36813,38.88316],[-9.36888,38.88157],[-9.36856,38.88127],[-9.36832,38.88054],[-9.36798,38.88042],[-9.36748,38.88054],[-9.3673,38.88017],[-9.36686,38.88025],[-9.36672,38.87982],[-9.36816,38.87938],[-9.36817,38.87898],[-9.36901,38.87897],[-9.37028,38.87961],[-9.37079,38.87954],[-9.3715,38.88089],[-9.37248,38.88065],[-9.37252,38.87984],[-9.37205,38.87998],[-9.37162,38.87989],[-9.37179,38.87841],[-9.37086,38.87736],[-9.37083,38.87691],[-9.37109,38.8762],[-9.37189,38.87571],[-9.37329,38.87583],[-9.37441,38.87645],[-9.37479,38.87648],[-9.37548,38.87622],[-9.37554,38.87519],[-9.37536,38.87498],[-9.37441,38.87513],[-9.37346,38.875],[-9.37284,38.8744],[-9.3723,38.87421],[-9.37142,38.87493],[-9.37042,38.875],[-9.36995,38.874],[-9.37029,38.87311],[-9.37013,38.8729],[-9.36891,38.87265],[-9.36741,38.87185],[-9.36671,38.87171],[-9.36674,38.87201],[-9.36643,38.87225],[-9.36561,38.87192],[-9.36523,38.87261],[-9.36482,38.87289],[-9.36449,38.87382],[-9.36374,38.87463],[-9.36348,38.87543],[-9.36285,38.87621],[-9.36239,38.87575],[-9.3614,38.87532],[-9.36041,38.87543],[-9.36021,38.87532],[-9.3603,38.8751],[-9.36089,38.87477],[-9.36061,38.8744],[-9.36065,38.87357],[-9.36043,38.87324],[-9.36014,38.87361],[-9.35993,38.87461],[-9.3597,38.87458],[-9.35905,38.87382],[-9.35769,38.87412],[-9.3574,38.87477],[-9.35705,38.87482],[-9.35707,38.87514],[-9.35663,38.8751],[-9.35499,38.87691],[-9.35465,38.87673],[-9.35483,38.87648],[-9.35398,38.87584],[-9.35429,38.87541],[-9.3534,38.87487]],[[-9.3641,38.87747],[-9.36441,38.87734],[-9.36499,38.87794],[-9.36469,38.8781],[-9.3641,38.87747]],[[-9.3516,38.8807],[-9.35161,38.8807],[-9.3516,38.8807],[-9.3516,38.8807]]]},"properties":{"OBJECTID":22,"SIG_SITES.SDE.RN_RecAgrFlo_RAN.AREA":218.83868703,"SHAPE.STArea()":2188386.87588402,"SHAPE.STLength()":15613.201292799804,"COD":"Ta","COD1":"1;20;2c;2d;21","excluir":1,"Regulamento":"https://cloud.cm-sintra.pt/s/H79QNwTyezCXLJd","Pag_Regulamento":"","Guiao":"https://cloud.cm-sintra.pt/s/DqxzTELFktdZGKZ","Pag_Guiao":"23","Relatorio":"https://cloud.cm-sintra.pt/s/DpQF9g5C5LiACtM","Pag_relatorio":"58"}},{"type":"Feature","id":23,"geometry":{"type":"Polygon","coordinates":[[[-9.4262,38.87975],[-9.42642,38.88079],[-9.4262,38.88119],[-9.42542,38.88081],[-9.42486,38.88075],[-9.42488,38.88005],[-9.42471,38.87985],[-9.42458,38.88033],[-9.42473,38.88092],[-9.42569,38.88251],[-9.42621,38.8838],[-9.4264,38.88484],[-9.42666,38.88519],[-9.42693,38.88523],[-9.42715,38.88507],[-9.42696,38.88408],[-9.42716,38.8838],[-9.42774,38.88409],[-9.42873,38.88544],[-9.42897,38.88556],[-9.42987,38.88497],[-9.43087,38.88495],[-9.43223,38.88436],[-9.43273,38.88438],[-9.43341,38.88473],[-9.43425,38.88489],[-9.43472,38.8847],[-9.43514,38.88425],[-9.43517,38.88383],[-9.43455,38.88333],[-9.43446,38.883],[-9.4354,38.88187],[-9.43545,38.88153],[-9.4351,38.88091],[-9.43386,38.87975],[-9.43333,38.87975],[-9.43315,38.88013],[-9.43445,38.88139],[-9.43453,38.88173],[-9.43436,38.88207],[-9.43303,38.88344],[-9.4315,38.88366],[-9.43037,38.88436],[-9.42989,38.88446],[-9.42949,38.88425],[-9.4289,38.88301],[-9.42801,38.88184],[-9.42773,38.88094],[-9.42797,38.88047],[-9.42873,38.87979],[-9.43054,38.87927],[-9.43061,38.8791],[-9.42934,38.87849],[-9.42821,38.87877],[-9.42821,38.87933],[-9.42795,38.87956],[-9.42629,38.87961],[-9.4262,38.87975]]]},"properties":{"OBJECTID":23,"SIG_SITES.SDE.RN_RecAgrFlo_RAN.AREA":24.71496616,"SHAPE.STArea()":247149.66110975,"SHAPE.STLength()":4896.42667577828,"COD":"M","COD1":" ","excluir":1,"Regulamento":"https://cloud.cm-sintra.pt/s/H79QNwTyezCXLJd","Pag_Regulamento":"","Guiao":"https://cloud.cm-sintra.pt/s/DqxzTELFktdZGKZ","Pag_Guiao":"23","Relatorio":"https://cloud.cm-sintra.pt/s/DpQF9g5C5LiACtM","Pag_relatorio":"58"}},{"type":"Feature","id":24,"geometry":{"type":"Polygon","coordinates":[[[-9.29806,38.88218],[-9.2978,38.88228],[-9.29774,38.88253],[-9.29842,38.88343],[-9.29849,38.88476],[-9.29813,38.88554],[-9.29724,38.8864],[-9.29803,38.88681],[-9.299,38.88645],[-9.29954,38.8859],[-9.29986,38.88376],[-9.30084,38.88238],[-9.3019,38.88188],[-9.30163,38.88126],[-9.30173,38.88075],[-9.30133,38.88111],[-9.29896,38.88204],[-9.29806,38.88218]]]},"properties":{"OBJECTID":24,"SIG_SITES.SDE.RN_RecAgrFlo_RAN.AREA":9.46509724,"SHAPE.STArea()":94650.9766642,"SHAPE.STLength()":1820.9666095140242,"COD":"Ac","COD1":"3;2d","excluir":1,"Regulamento":"https://cloud.cm-sintra.pt/s/H79QNwTyezCXLJd","Pag_Regulamento":"","Guiao":"https://cloud.cm-sintra.pt/s/DqxzTELFktdZGKZ","Pag_Guiao":"23","Relatorio":"https://cloud.cm-sintra.pt/s/DpQF9g5C5LiACtM","Pag_relatorio":"58"}},{"type":"Feature","id":25,"geometry":{"type":"Polygon","coordinates":[[[-9.33226,38.86918],[-9.33258,38.86897],[-9.33359,38.86757],[-9.3347,38.86648],[-9.33536,38.8655],[-9.33699,38.86375],[-9.33809,38.8621],[-9.33845,38.86126],[-9.3397,38.85983],[-9.34043,38.85874],[-9.34085,38.85773],[-9.34153,38.85695],[-9.34247,38.85663],[-9.34418,38.85647],[-9.34527,38.856],[-9.34623,38.85586],[-9.34846,38.85615],[-9.34918,38.85646],[-9.34954,38.85683],[-9.35001,38.85809],[-9.34997,38.85874],[-9.34971,38.85937],[-9.34898,38.86014],[-9.34742,38.86123],[-9.34677,38.86288],[-9.34457,38.86491],[-9.34409,38.86596],[-9.344,38.86755],[-9.34382,38.86826],[-9.34336,38.86899],[-9.34258,38.86976],[-9.34206,38.87074],[-9.33963,38.87256],[-9.33881,38.87369],[-9.33849,38.87492],[-9.33774,38.87674],[-9.3378,38.88065],[-9.33751,38.88199],[-9.33756,38.8839],[-9.33849,38.88416],[-9.33852,38.88355],[-9.33885,38.88393],[-9.33892,38.88374],[-9.33869,38.8828],[-9.33902,38.88075],[-9.33897,38.87999],[-9.33957,38.87949],[-9.33854,38.87901],[-9.33839,38.87802],[-9.33874,38.87671],[-9.33952,38.87501],[-9.33972,38.87377],[-9.34016,38.87309],[-9.34197,38.87165],[-9.34392,38.86963],[-9.3446,38.86785],[-9.34467,38.8662],[-9.34489,38.86543],[-9.34556,38.86461],[-9.34712,38.8633],[-9.34794,38.86169],[-9.34866,38.86129],[-9.34949,38.86129],[-9.3504,38.86198],[-9.35197,38.86383],[-9.35248,38.86492],[-9.35279,38.86615],[-9.35275,38.86691],[-9.35239,38.86805],[-9.35249,38.86873],[-9.35328,38.86831],[-9.35345,38.86749],[-9.3533,38.86743],[-9.35379,38.86689],[-9.35397,38.86697],[-9.35424,38.86676],[-9.35476,38.86566],[-9.35464,38.86541],[-9.35532,38.86404],[-9.35529,38.86344],[-9.35483,38.86333],[-9.35438,38.86367],[-9.35395,38.8657],[-9.35373,38.86602],[-9.35352,38.86606],[-9.35325,38.86537],[-9.35325,38.86422],[-9.3531,38.86367],[-9.35164,38.86184],[-9.35177,38.86036],[-9.35216,38.85947],[-9.35147,38.85845],[-9.35062,38.85668],[-9.35049,38.85599],[-9.35063,38.85548],[-9.35118,38.85503],[-9.35244,38.85465],[-9.35417,38.85455],[-9.35621,38.8547],[-9.35664,38.85461],[-9.35666,38.85432],[-9.3553,38.85338],[-9.35475,38.85215],[-9.35433,38.85196],[-9.35402,38.8522],[-9.35414,38.85314],[-9.35393,38.85357],[-9.35342,38.85368],[-9.35182,38.85359],[-9.35054,38.85391],[-9.35022,38.85414],[-9.34991,38.85497],[-9.34916,38.85548],[-9.34805,38.85562],[-9.34546,38.85549],[-9.34478,38.85568],[-9.34398,38.85623],[-9.34307,38.85625],[-9.34221,38.8559],[-9.34149,38.85502],[-9.34102,38.85381],[-9.34081,38.85198],[-9.33965,38.84999],[-9.3363,38.84899],[-9.33449,38.84899],[-9.33286,38.8495],[-9.33267,38.84986],[-9.3329,38.84998],[-9.3331,38.84985],[-9.33309,38.85003],[-9.33691,38.85026],[-9.33873,38.85074],[-9.33936,38.8515],[-9.33949,38.85251],[-9.34008,38.85342],[-9.34053,38.85486],[-9.34132,38.85612],[-9.3407,38.85708],[-9.33993,38.85767],[-9.3399,38.85785],[-9.33928,38.85785],[-9.33842,38.85849],[-9.33805,38.85912],[-9.33743,38.85915],[-9.33689,38.85967],[-9.337,38.86025],[-9.3376,38.86054],[-9.33776,38.86087],[-9.33746,38.86169],[-9.33656,38.86301],[-9.33692,38.86317],[-9.33688,38.86328],[-9.33537,38.86456],[-9.33326,38.8673],[-9.33287,38.86717],[-9.33194,38.86873],[-9.33189,38.86893],[-9.33226,38.86918]]]},"properties":{"OBJECTID":25,"SIG_SITES.SDE.RN_RecAgrFlo_RAN.AREA":79.15490501,"SHAPE.STArea()":791549.076861815,"SHAPE.STLength()":19032.522101043443,"COD":"Ac","COD1":"2d","excluir":1,"Regulamento":"https://cloud.cm-sintra.pt/s/H79QNwTyezCXLJd","Pag_Regulamento":"","Guiao":"https://cloud.cm-sintra.pt/s/DqxzTELFktdZGKZ","Pag_Guiao":"23","Relatorio":"https://cloud.cm-sintra.pt/s/DpQF9g5C5LiACtM","Pag_relatorio":"58"}},{"type":"Feature","id":26,"geometry":{"type":"Polygon","coordinates":[[[-9.31178,38.88285],[-9.31277,38.88318],[-9.31435,38.8833],[-9.31446,38.88251],[-9.31486,38.88229],[-9.31532,38.88228],[-9.31561,38.88205],[-9.31584,38.88067],[-9.31543,38.88052],[-9.31519,38.88065],[-9.31458,38.88214],[-9.31373,38.88271],[-9.31255,38.88273],[-9.3108,38.88188],[-9.31033,38.8819],[-9.31106,38.88256],[-9.31178,38.88285]]]},"properties":{"OBJECTID":26,"SIG_SITES.SDE.RN_RecAgrFlo_RAN.AREA":3.31708407,"SHAPE.STArea()":33170.84167812,"SHAPE.STLength()":1434.8965539044873,"COD":"Ac","COD1":"4;5","excluir":1,"Regulamento":"https://cloud.cm-sintra.pt/s/H79QNwTyezCXLJd","Pag_Regulamento":"","Guiao":"https://cloud.cm-sintra.pt/s/DqxzTELFktdZGKZ","Pag_Guiao":"23","Relatorio":"https://cloud.cm-sintra.pt/s/DpQF9g5C5LiACtM","Pag_relatorio":"58"}},{"type":"Feature","id":27,"geometry":{"type":"Polygon","coordinates":[[[-9.39407,38.8784],[-9.39383,38.8787],[-9.39472,38.8796],[-9.39526,38.88037],[-9.39537,38.88085],[-9.39613,38.88173],[-9.39724,38.88229],[-9.39757,38.88224],[-9.39754,38.88198],[-9.39647,38.88131],[-9.39594,38.88029],[-9.3955,38.87996],[-9.39452,38.87865],[-9.39407,38.8784]]]},"properties":{"OBJECTID":27,"SIG_SITES.SDE.RN_RecAgrFlo_RAN.AREA":2.54761193,"SHAPE.STArea()":25476.122801715,"SHAPE.STLength()":1138.7996570736984,"COD":"Ac","COD1":" 2d;3","excluir":1,"Regulamento":"https://cloud.cm-sintra.pt/s/H79QNwTyezCXLJd","Pag_Regulamento":"","Guiao":"https://cloud.cm-sintra.pt/s/DqxzTELFktdZGKZ","Pag_Guiao":"23","Relatorio":"https://cloud.cm-sintra.pt/s/DpQF9g5C5LiACtM","Pag_relatorio":"58"}},{"type":"Feature","id":28,"geometry":{"type":"Polygon","coordinates":[[[-9.40192,38.87091],[-9.40092,38.87162],[-9.40211,38.87125],[-9.40253,38.87144],[-9.40339,38.87151],[-9.40354,38.87159],[-9.40346,38.87242],[-9.4036,38.87262],[-9.40527,38.87212],[-9.40601,38.87324],[-9.40489,38.87376],[-9.40479,38.87362],[-9.4039,38.8742],[-9.40329,38.87431],[-9.40341,38.8745],[-9.40315,38.87493],[-9.40197,38.8752],[-9.4026,38.87565],[-9.40027,38.87658],[-9.40087,38.87825],[-9.39943,38.87889],[-9.39915,38.87992],[-9.39962,38.88022],[-9.40134,38.88036],[-9.40253,38.87987],[-9.40301,38.87983],[-9.40377,38.88003],[-9.40476,38.88059],[-9.40521,38.88062],[-9.40543,38.88033],[-9.40428,38.87811],[-9.40429,38.87765],[-9.4048,38.87764],[-9.40599,38.87837],[-9.40692,38.87871],[-9.40775,38.87868],[-9.40808,38.87838],[-9.40775,38.8772],[-9.40772,38.87585],[-9.4061,38.87482],[-9.40631,38.87436],[-9.40697,38.874],[-9.40698,38.87357],[-9.40729,38.87311],[-9.40682,38.87258],[-9.40685,38.87203],[-9.40659,38.87166],[-9.40456,38.87106],[-9.40438,38.87063],[-9.40448,38.86989],[-9.40432,38.86969],[-9.40293,38.86925],[-9.40121,38.86933],[-9.40074,38.86902],[-9.40003,38.86821],[-9.39949,38.86817],[-9.39924,38.86909],[-9.40046,38.86937],[-9.40102,38.87106],[-9.40192,38.87091]]]},"properties":{"OBJECTID":28,"SIG_SITES.SDE.RN_RecAgrFlo_RAN.AREA":46.81167026,"SHAPE.STArea()":468116.6890355,"SHAPE.STLength()":5645.917607013099,"COD":"M","COD1":" ","excluir":1,"Regulamento":"https://cloud.cm-sintra.pt/s/H79QNwTyezCXLJd","Pag_Regulamento":"","Guiao":"https://cloud.cm-sintra.pt/s/DqxzTELFktdZGKZ","Pag_Guiao":"23","Relatorio":"https://cloud.cm-sintra.pt/s/DpQF9g5C5LiACtM","Pag_relatorio":"58"}},{"type":"Feature","id":29,"geometry":{"type":"Polygon","coordinates":[[[-9.38414,38.87954],[-9.38376,38.87982],[-9.38411,38.88077],[-9.38507,38.8814],[-9.38557,38.88096],[-9.38475,38.88036],[-9.38454,38.87965],[-9.38414,38.87954]]]},"properties":{"OBJECTID":29,"SIG_SITES.SDE.RN_RecAgrFlo_RAN.AREA":1.38115585,"SHAPE.STArea()":13811.55895648,"SHAPE.STLength()":559.5161604095136,"COD":"Ac","COD1":"1","excluir":1,"Regulamento":"https://cloud.cm-sintra.pt/s/H79QNwTyezCXLJd","Pag_Regulamento":"","Guiao":"https://cloud.cm-sintra.pt/s/DqxzTELFktdZGKZ","Pag_Guiao":"23","Relatorio":"https://cloud.cm-sintra.pt/s/DpQF9g5C5LiACtM","Pag_relatorio":"58"}},{"type":"Feature","id":30,"geometry":{"type":"Polygon","coordinates":[[[-9.38995,38.87718],[-9.38971,38.87768],[-9.38937,38.87794],[-9.38678,38.87904],[-9.38626,38.87912],[-9.38637,38.8796],[-9.38702,38.87993],[-9.38856,38.87965],[-9.38998,38.88024],[-9.39106,38.88005],[-9.3913,38.87957],[-9.39134,38.87891],[-9.39199,38.87866],[-9.39221,38.87839],[-9.39115,38.87788],[-9.39094,38.87761],[-9.39085,38.87699],[-9.39004,38.87705],[-9.38995,38.87718]]]},"properties":{"OBJECTID":30,"SIG_SITES.SDE.RN_RecAgrFlo_RAN.AREA":9.10016871,"SHAPE.STArea()":91001.68990741,"SHAPE.STLength()":1444.5890732420628,"COD":"Ta","COD1":"1","excluir":1,"Regulamento":"https://cloud.cm-sintra.pt/s/H79QNwTyezCXLJd","Pag_Regulamento":"","Guiao":"https://cloud.cm-sintra.pt/s/DqxzTELFktdZGKZ","Pag_Guiao":"23","Relatorio":"https://cloud.cm-sintra.pt/s/DpQF9g5C5LiACtM","Pag_relatorio":"58"}},{"type":"Feature","id":31,"geometry":{"type":"Polygon","coordinates":[[[-9.43417,38.87849],[-9.43402,38.87879],[-9.43413,38.87902],[-9.43477,38.87956],[-9.43544,38.87983],[-9.4361,38.87966],[-9.43589,38.8793],[-9.43487,38.87857],[-9.43417,38.87849]]]},"properties":{"OBJECTID":31,"SIG_SITES.SDE.RN_RecAgrFlo_RAN.AREA":1.54363084,"SHAPE.STArea()":15436.308854605,"SHAPE.STLength()":507.1446384176102,"COD":"Ta","COD1":"2a","excluir":1,"Regulamento":"https://cloud.cm-sintra.pt/s/H79QNwTyezCXLJd","Pag_Regulamento":"","Guiao":"https://cloud.cm-sintra.pt/s/DqxzTELFktdZGKZ","Pag_Guiao":"23","Relatorio":"https://cloud.cm-sintra.pt/s/DpQF9g5C5LiACtM","Pag_relatorio":"58"}},{"type":"Feature","id":32,"geometry":{"type":"Polygon","coordinates":[[[-9.32786,38.87147],[-9.32743,38.86991],[-9.32491,38.87004],[-9.32429,38.87066],[-9.324,38.87172],[-9.32336,38.87281],[-9.32316,38.87359],[-9.32226,38.87322],[-9.32165,38.87267],[-9.32028,38.87297],[-9.31893,38.87112],[-9.31896,38.87032],[-9.3175,38.87048],[-9.31824,38.87242],[-9.31827,38.87461],[-9.3184,38.87502],[-9.31932,38.87493],[-9.31975,38.87519],[-9.31968,38.87564],[-9.31905,38.87638],[-9.31875,38.87753],[-9.31907,38.87804],[-9.31991,38.87855],[-9.31882,38.87903],[-9.31956,38.88001],[-9.3199,38.8802],[-9.32071,38.88012],[-9.32115,38.88029],[-9.32182,38.8801],[-9.32067,38.87934],[-9.32124,38.87899],[-9.32147,38.87901],[-9.32143,38.87823],[-9.3207,38.87809],[-9.32048,38.87776],[-9.32128,38.87709],[-9.32081,38.87652],[-9.32261,38.87626],[-9.32363,38.87642],[-9.32355,38.87652],[-9.32376,38.87661],[-9.32355,38.87696],[-9.32372,38.87703],[-9.32353,38.87751],[-9.32414,38.87749],[-9.32418,38.87731],[-9.32479,38.87757],[-9.32581,38.87744],[-9.32591,38.87772],[-9.3279,38.87764],[-9.32822,38.87749],[-9.32871,38.87661],[-9.32946,38.87598],[-9.32884,38.87521],[-9.32874,38.87365],[-9.32854,38.87333],[-9.32723,38.8729],[-9.32727,38.87275],[-9.32629,38.8722],[-9.32744,38.87106],[-9.32786,38.87147]],[[-9.32386,38.87459],[-9.3236,38.87367],[-9.32441,38.87299],[-9.32523,38.87418],[-9.32533,38.87385],[-9.32596,38.87453],[-9.32594,38.87502],[-9.32528,38.87443],[-9.32414,38.87578],[-9.32386,38.87459]]]},"properties":{"OBJECTID":32,"SIG_SITES.SDE.RN_RecAgrFlo_RAN.AREA":55.21998872,"SHAPE.STArea()":552199.8857954,"SHAPE.STLength()":6576.26070265499,"COD":"Ac","COD1":" 1","excluir":1,"Regulamento":"https://cloud.cm-sintra.pt/s/H79QNwTyezCXLJd","Pag_Regulamento":"","Guiao":"https://cloud.cm-sintra.pt/s/DqxzTELFktdZGKZ","Pag_Guiao":"23","Relatorio":"https://cloud.cm-sintra.pt/s/DpQF9g5C5LiACtM","Pag_relatorio":"58"}},{"type":"Feature","id":33,"geometry":{"type":"Polygon","coordinates":[[[-9.28786,38.87959],[-9.28851,38.87951],[-9.2896,38.8788],[-9.28938,38.87823],[-9.28897,38.87788],[-9.28847,38.8783],[-9.2877,38.87863],[-9.28718,38.87869],[-9.28614,38.87845],[-9.28583,38.87874],[-9.28733,38.87957],[-9.28786,38.87959]]]},"properties":{"OBJECTID":33,"SIG_SITES.SDE.RN_RecAgrFlo_RAN.AREA":3.10017917,"SHAPE.STArea()":31001.791522915,"SHAPE.STLength()":835.2214759105287,"COD":"Ac","COD1":" 2a;d","excluir":1,"Regulamento":"https://cloud.cm-sintra.pt/s/H79QNwTyezCXLJd","Pag_Regulamento":"","Guiao":"https://cloud.cm-sintra.pt/s/DqxzTELFktdZGKZ","Pag_Guiao":"23","Relatorio":"https://cloud.cm-sintra.pt/s/DpQF9g5C5LiACtM","Pag_relatorio":"58"}},{"type":"Feature","id":34,"geometry":{"type":"Polygon","coordinates":[[[-9.29318,38.87713],[-9.29396,38.87702],[-9.29422,38.87727],[-9.29451,38.87731],[-9.29866,38.87671],[-9.29889,38.87645],[-9.29879,38.87597],[-9.29921,38.87575],[-9.29918,38.87511],[-9.29977,38.87483],[-9.29992,38.8744],[-9.30045,38.87419],[-9.30034,38.87387],[-9.29984,38.87345],[-9.29911,38.8736],[-9.29649,38.87345],[-9.29353,38.87438],[-9.29218,38.8753],[-9.29173,38.8759],[-9.2924,38.87722],[-9.29318,38.87713]]]},"properties":{"OBJECTID":34,"SIG_SITES.SDE.RN_RecAgrFlo_RAN.AREA":22.25869465,"SHAPE.STArea()":222586.939994285,"SHAPE.STLength()":2017.782266401285,"COD":"Ac","COD1":"2a","excluir":1,"Regulamento":"https://cloud.cm-sintra.pt/s/H79QNwTyezCXLJd","Pag_Regulamento":"","Guiao":"https://cloud.cm-sintra.pt/s/DqxzTELFktdZGKZ","Pag_Guiao":"23","Relatorio":"https://cloud.cm-sintra.pt/s/DpQF9g5C5LiACtM","Pag_relatorio":"58"}},{"type":"Feature","id":35,"geometry":{"type":"MultiPolygon","coordinates":[[[[-9.37664,38.86627],[-9.37755,38.86647],[-9.3777,38.86608],[-9.37768,38.86547],[-9.37844,38.86508],[-9.37864,38.86537],[-9.37866,38.86627],[-9.37892,38.86692],[-9.38032,38.86807],[-9.38026,38.86887],[-9.38145,38.86921],[-9.38319,38.87034],[-9.38557,38.87132],[-9.38544,38.8716],[-9.38396,38.87178],[-9.38312,38.87244],[-9.38273,38.87393],[-9.38215,38.87491],[-9.38204,38.87542],[-9.38228,38.87608],[-9.38289,38.87635],[-9.38391,38.87606],[-9.3851,38.87491],[-9.38728,38.87351],[-9.38821,38.87315],[-9.38921,38.87327],[-9.38936,38.87287],[-9.38995,38.87279],[-9.39019,38.87249],[-9.39008,38.87194],[-9.389,38.87219],[-9.38861,38.87196],[-9.38928,38.87083],[-9.38856,38.86957],[-9.38827,38.8698],[-9.38824,38.86917],[-9.38841,38.86909],[-9.38857,38.86773],[-9.38843,38.86713],[-9.38799,38.86695],[-9.3876,38.86714],[-9.38741,38.86781],[-9.38742,38.86866],[-9.38722,38.86899],[-9.38645,38.8686],[-9.38622,38.86795],[-9.38586,38.86754],[-9.38581,38.86713],[-9.38609,38.86652],[-9.38698,38.86556],[-9.38766,38.86548],[-9.38825,38.86576],[-9.3887,38.86645],[-9.38899,38.86732],[-9.38962,38.86793],[-9.38998,38.86788],[-9.3902,38.86755],[-9.39005,38.86629],[-9.39015,38.86583],[-9.39063,38.86545],[-9.3912,38.86534],[-9.39196,38.86553],[-9.39271,38.86625],[-9.39356,38.86617],[-9.39403,38.86647],[-9.39446,38.86703],[-9.39516,38.86916],[-9.39566,38.86902],[-9.3959,38.86934],[-9.39694,38.86887],[-9.39731,38.86823],[-9.39507,38.86361],[-9.39455,38.86311],[-9.3941,38.86348],[-9.39301,38.86253],[-9.39234,38.86252],[-9.39136,38.86297],[-9.39062,38.86242],[-9.38927,38.86284],[-9.38882,38.86276],[-9.3883,38.86238],[-9.38782,38.86239],[-9.38723,38.86289],[-9.38629,38.86472],[-9.38597,38.8648],[-9.38584,38.86418],[-9.38671,38.86296],[-9.38635,38.86286],[-9.38567,38.86328],[-9.38539,38.86314],[-9.38524,38.86243],[-9.38557,38.86076],[-9.38556,38.86001],[-9.38529,38.85956],[-9.38452,38.85922],[-9.38398,38.85938],[-9.38344,38.85984],[-9.38295,38.86129],[-9.38266,38.86134],[-9.38259,38.86169],[-9.38167,38.86212],[-9.38132,38.86144],[-9.38089,38.86158],[-9.38043,38.86076],[-9.37991,38.86036],[-9.37978,38.8604],[-9.38022,38.86079],[-9.3795,38.86123],[-9.37911,38.86094],[-9.37838,38.86159],[-9.37889,38.86208],[-9.37924,38.86203],[-9.37947,38.86305],[-9.3803,38.86265],[-9.38031,38.86278],[-9.37897,38.86433],[-9.37861,38.86436],[-9.37696,38.86387],[-9.37641,38.86513],[-9.37696,38.86543],[-9.37664,38.86627]],[[-9.3841,38.86512],[-9.38455,38.86607],[-9.3846,38.86653],[-9.38445,38.86678],[-9.38385,38.86696],[-9.38348,38.86658],[-9.38256,38.86648],[-9.38243,38.86581],[-9.38157,38.86491],[-9.38102,38.86351],[-9.38098,38.86277],[-9.38196,38.86227],[-9.38277,38.86267],[-9.38294,38.86262],[-9.3831,38.86283],[-9.38371,38.86295],[-9.38365,38.86372],[-9.38383,38.86442],[-9.38396,38.8648],[-9.38411,38.86476],[-9.3843,38.86503],[-9.3841,38.86512]]],[[[-9.37533,38.86148],[-9.37523,38.86193],[-9.37546,38.86224],[-9.37582,38.86161],[-9.37533,38.86148]]],[[[-9.38846,38.86931],[-9.38847,38.86934],[-9.38848,38.86938],[-9.38846,38.86931]]]]},"properties":{"OBJECTID":35,"SIG_SITES.SDE.RN_RecAgrFlo_RAN.AREA":117.57870812,"SHAPE.STArea()":1175787.074704545,"SHAPE.STLength()":12441.094608644462,"COD":"M","COD1":" ","excluir":1,"Regulamento":"https://cloud.cm-sintra.pt/s/H79QNwTyezCXLJd","Pag_Regulamento":"","Guiao":"https://cloud.cm-sintra.pt/s/DqxzTELFktdZGKZ","Pag_Guiao":"23","Relatorio":"https://cloud.cm-sintra.pt/s/DpQF9g5C5LiACtM","Pag_relatorio":"58"}},{"type":"Feature","id":36,"geometry":{"type":"Polygon","coordinates":[[[-9.2791,38.87347],[-9.27951,38.87391],[-9.28012,38.87557],[-9.28049,38.87572],[-9.28155,38.87573],[-9.28024,38.87386],[-9.28008,38.87251],[-9.27983,38.87214],[-9.27881,38.87187],[-9.27818,38.87218],[-9.27675,38.87236],[-9.27632,38.8728],[-9.27638,38.8732],[-9.27696,38.87364],[-9.27775,38.87339],[-9.27846,38.87363],[-9.2791,38.87347]]]},"properties":{"OBJECTID":36,"SIG_SITES.SDE.RN_RecAgrFlo_RAN.AREA":7.23421376,"SHAPE.STArea()":72342.14073204,"SHAPE.STLength()":1497.766597864553,"COD":"Ac","COD1":"2b","excluir":1,"Regulamento":"https://cloud.cm-sintra.pt/s/H79QNwTyezCXLJd","Pag_Regulamento":"","Guiao":"https://cloud.cm-sintra.pt/s/DqxzTELFktdZGKZ","Pag_Guiao":"23","Relatorio":"https://cloud.cm-sintra.pt/s/DpQF9g5C5LiACtM","Pag_relatorio":"58"}},{"type":"Feature","id":37,"geometry":{"type":"MultiPolygon","coordinates":[[[[-9.26119,38.8725],[-9.26121,38.87319],[-9.26042,38.8739],[-9.26035,38.87435],[-9.26092,38.8747],[-9.26215,38.87484],[-9.26291,38.87537],[-9.26318,38.87536],[-9.2633,38.87507],[-9.2632,38.87454],[-9.26247,38.87404],[-9.26208,38.8735],[-9.26237,38.87282],[-9.26301,38.87231],[-9.26295,38.87204],[-9.26272,38.87185],[-9.26277,38.87197],[-9.26161,38.87255],[-9.26148,38.87233],[-9.26119,38.8725]]],[[[-9.26118,38.87144],[-9.26098,38.87141],[-9.26085,38.8715],[-9.26118,38.87144]]],[[[-9.26259,38.87178],[-9.2627,38.87184],[-9.26265,38.87181],[-9.26259,38.87178]]]]},"properties":{"OBJECTID":37,"SIG_SITES.SDE.RN_RecAgrFlo_RAN.AREA":4.60997705,"SHAPE.STArea()":46099.771100145,"SHAPE.STLength()":1280.8624853797007,"COD":"Ta","COD1":"1","excluir":1,"Regulamento":"https://cloud.cm-sintra.pt/s/H79QNwTyezCXLJd","Pag_Regulamento":"","Guiao":"https://cloud.cm-sintra.pt/s/DqxzTELFktdZGKZ","Pag_Guiao":"23","Relatorio":"https://cloud.cm-sintra.pt/s/DpQF9g5C5LiACtM","Pag_relatorio":"58"}},{"type":"Feature","id":38,"geometry":{"type":"Polygon","coordinates":[[[-9.29016,38.86742],[-9.29054,38.86718],[-9.29008,38.86683],[-9.29005,38.86658],[-9.29073,38.86607],[-9.29097,38.86553],[-9.29086,38.86414],[-9.29132,38.86296],[-9.29113,38.86181],[-9.29236,38.86028],[-9.29198,38.85897],[-9.29197,38.85839],[-9.29219,38.8577],[-9.29271,38.85691],[-9.29305,38.85555],[-9.29344,38.85471],[-9.29429,38.85407],[-9.29496,38.85386],[-9.29634,38.85373],[-9.29782,38.85283],[-9.30026,38.8525],[-9.30081,38.85194],[-9.3006,38.85158],[-9.30106,38.85089],[-9.30069,38.84821],[-9.30036,38.84742],[-9.29999,38.84721],[-9.29955,38.84719],[-9.29836,38.84813],[-9.29719,38.84863],[-9.2966,38.84859],[-9.2963,38.84807],[-9.29633,38.84719],[-9.29663,38.84682],[-9.29821,38.84681],[-9.29896,38.84622],[-9.29996,38.84588],[-9.30005,38.84524],[-9.29981,38.84492],[-9.29943,38.84485],[-9.2983,38.84578],[-9.29691,38.84581],[-9.29643,38.84598],[-9.29574,38.84683],[-9.29563,38.84822],[-9.29516,38.84906],[-9.29453,38.84936],[-9.29177,38.84977],[-9.29135,38.85005],[-9.29094,38.85072],[-9.29059,38.85098],[-9.2889,38.85113],[-9.28838,38.85103],[-9.28695,38.84986],[-9.28595,38.84935],[-9.28572,38.84905],[-9.28566,38.84844],[-9.28529,38.84805],[-9.28344,38.84729],[-9.28332,38.84695],[-9.28347,38.84669],[-9.28463,38.84598],[-9.28511,38.84547],[-9.28523,38.84504],[-9.28491,38.84481],[-9.28445,38.84493],[-9.28264,38.84603],[-9.28113,38.84596],[-9.2797,38.84651],[-9.27828,38.84638],[-9.27644,38.84547],[-9.27566,38.8456],[-9.27596,38.84643],[-9.27548,38.84718],[-9.2755,38.84814],[-9.27513,38.849],[-9.27519,38.84923],[-9.27613,38.84986],[-9.27678,38.85065],[-9.2785,38.85086],[-9.27927,38.85069],[-9.28024,38.84969],[-9.28161,38.84976],[-9.2827,38.84949],[-9.28334,38.84975],[-9.28345,38.84999],[-9.28331,38.85027],[-9.28202,38.85072],[-9.28187,38.85131],[-9.28157,38.85154],[-9.2795,38.85149],[-9.27754,38.85175],[-9.27585,38.85104],[-9.27524,38.85152],[-9.27502,38.85196],[-9.27507,38.85252],[-9.27436,38.85278],[-9.27398,38.85313],[-9.27349,38.85323],[-9.27227,38.85278],[-9.27158,38.8521],[-9.26929,38.85071],[-9.26798,38.85047],[-9.26731,38.85016],[-9.26572,38.85055],[-9.2657,38.85067],[-9.26598,38.85085],[-9.26763,38.85122],[-9.27188,38.85332],[-9.27244,38.85386],[-9.27321,38.8551],[-9.27416,38.856],[-9.27413,38.85683],[-9.2743,38.85712],[-9.27477,38.85736],[-9.27618,38.85742],[-9.2766,38.8578],[-9.2767,38.85802],[-9.27504,38.85849],[-9.27377,38.8592],[-9.27251,38.8594],[-9.27313,38.85979],[-9.27502,38.86007],[-9.27531,38.86038],[-9.27547,38.86108],[-9.27541,38.8616],[-9.27504,38.86199],[-9.27445,38.86223],[-9.27442,38.86252],[-9.27406,38.86286],[-9.27416,38.86311],[-9.27461,38.86329],[-9.27687,38.86352],[-9.27754,38.8633],[-9.27829,38.86238],[-9.27889,38.86217],[-9.27929,38.86235],[-9.27927,38.8632],[-9.27949,38.86399],[-9.27921,38.8652],[-9.27841,38.86594],[-9.2778,38.86619],[-9.27566,38.86595],[-9.27494,38.86558],[-9.2748,38.86527],[-9.27377,38.8649],[-9.27302,38.86525],[-9.2721,38.86604],[-9.27133,38.86629],[-9.27128,38.86607],[-9.27168,38.86558],[-9.27309,38.86465],[-9.27326,38.86408],[-9.27305,38.86386],[-9.27206,38.86358],[-9.27161,38.86328],[-9.27028,38.86337],[-9.27033,38.86309],[-9.27132,38.86256],[-9.2702,38.86147],[-9.27008,38.86008],[-9.26933,38.85948],[-9.2694,38.8591],[-9.26909,38.85861],[-9.26812,38.85809],[-9.26752,38.85737],[-9.26677,38.85734],[-9.26659,38.8576],[-9.26673,38.85816],[-9.26663,38.85847],[-9.26827,38.86024],[-9.26852,38.86113],[-9.26838,38.8617],[-9.2681,38.86203],[-9.26692,38.86218],[-9.2667,38.86312],[-9.26717,38.864],[-9.26724,38.86456],[-9.26668,38.86776],[-9.26621,38.86917],[-9.26644,38.86981],[-9.26705,38.87054],[-9.26677,38.87118],[-9.26716,38.87184],[-9.26711,38.87232],[-9.26727,38.87261],[-9.26821,38.8728],[-9.26887,38.8723],[-9.26929,38.87222],[-9.2702,38.87288],[-9.27101,38.87285],[-9.27261,38.87183],[-9.27285,38.87096],[-9.27311,38.87095],[-9.27356,38.87126],[-9.27377,38.87121],[-9.27382,38.87087],[-9.27341,38.87017],[-9.27391,38.86954],[-9.27457,38.86915],[-9.27534,38.86921],[-9.27588,38.86903],[-9.27623,38.86943],[-9.27639,38.87024],[-9.27724,38.87002],[-9.27926,38.8705],[-9.28042,38.87127],[-9.28114,38.87191],[-9.28116,38.87248],[-9.28152,38.87283],[-9.2825,38.87453],[-9.28325,38.87434],[-9.28443,38.87433],[-9.28466,38.8737],[-9.28409,38.87302],[-9.28438,38.87297],[-9.28485,38.87343],[-9.28575,38.87259],[-9.28616,38.87197],[-9.29082,38.87345],[-9.29282,38.87437],[-9.29323,38.87436],[-9.29493,38.87352],[-9.29508,38.87324],[-9.29535,38.87102],[-9.29471,38.871],[-9.29472,38.87082],[-9.29403,38.87085],[-9.29347,38.87019],[-9.29244,38.87003],[-9.29154,38.86941],[-9.29056,38.86945],[-9.29059,38.87109],[-9.29018,38.87159],[-9.28995,38.87168],[-9.28972,38.87155],[-9.28982,38.87061],[-9.28912,38.86984],[-9.289,38.86917],[-9.28939,38.86821],[-9.28922,38.86819],[-9.2899,38.86727],[-9.29016,38.86742]],[[-9.27931,38.86115],[-9.27861,38.86073],[-9.27777,38.85966],[-9.27726,38.85864],[-9.27736,38.85834],[-9.2782,38.85759],[-9.27903,38.85714],[-9.27972,38.85709],[-9.28171,38.85767],[-9.28143,38.85831],[-9.28351,38.85911],[-9.28607,38.85969],[-9.28636,38.86004],[-9.28606,38.8604],[-9.28395,38.8606],[-9.28259,38.86123],[-9.28103,38.86134],[-9.27931,38.86115]],[[-9.28392,38.86836],[-9.28448,38.86897],[-9.28455,38.86971],[-9.28474,38.87004],[-9.2851,38.87031],[-9.28574,38.87044],[-9.28599,38.87068],[-9.28593,38.87119],[-9.28537,38.87158],[-9.28359,38.87177],[-9.28322,38.87127],[-9.28317,38.8703],[-9.2829,38.86978],[-9.28161,38.86887],[-9.28242,38.87013],[-9.28172,38.87039],[-9.28046,38.8683],[-9.28114,38.86775],[-9.28214,38.86747],[-9.28392,38.86836]],[[-9.2868,38.85115],[-9.28744,38.85148],[-9.28817,38.85154],[-9.28911,38.85202],[-9.28926,38.85269],[-9.29024,38.85413],[-9.29025,38.85466],[-9.28993,38.85509],[-9.28937,38.85508],[-9.28832,38.85433],[-9.28678,38.8536],[-9.28641,38.85317],[-9.28605,38.85231],[-9.28541,38.85164],[-9.28514,38.85098],[-9.28537,38.85069],[-9.2858,38.85057],[-9.28629,38.85073],[-9.2868,38.85115]],[[-9.2885,38.86322],[-9.28949,38.86361],[-9.28967,38.864],[-9.28903,38.86474],[-9.28848,38.86511],[-9.28703,38.86563],[-9.2865,38.8644],[-9.28658,38.86405],[-9.28756,38.86375],[-9.2885,38.86322]],[[-9.26985,38.8676],[-9.26898,38.86976],[-9.26853,38.87023],[-9.26847,38.86993],[-9.26894,38.86827],[-9.26921,38.86595],[-9.26907,38.86538],[-9.26934,38.86519],[-9.27038,38.86513],[-9.27076,38.8653],[-9.27084,38.86555],[-9.27024,38.86603],[-9.26985,38.8676]],[[-9.29269,38.87349],[-9.29114,38.87292],[-9.2909,38.87237],[-9.29097,38.87204],[-9.29195,38.87215],[-9.29265,38.87247],[-9.29295,38.87319],[-9.29288,38.87345],[-9.29269,38.87349]],[[-9.28557,38.86696],[-9.28579,38.86729],[-9.28544,38.86826],[-9.28418,38.86804],[-9.28435,38.8675],[-9.28405,38.86749],[-9.28405,38.86728],[-9.28517,38.86682],[-9.28557,38.86696]],[[-9.27782,38.86138],[-9.27817,38.86157],[-9.27823,38.86178],[-9.27754,38.86221],[-9.27707,38.86201],[-9.27678,38.86137],[-9.27726,38.86095],[-9.27782,38.86138]],[[-9.28677,38.86826],[-9.28704,38.86813],[-9.28765,38.86851],[-9.28787,38.86875],[-9.28787,38.86908],[-9.28658,38.86917],[-9.28677,38.86826]]]},"properties":{"OBJECTID":38,"SIG_SITES.SDE.RN_RecAgrFlo_RAN.AREA":454.90716456,"SHAPE.STArea()":4549071.64303066,"SHAPE.STLength()":32804.13092084048,"COD":"Ac","COD1":"1;2a,b","excluir":1,"Regulamento":"https://cloud.cm-sintra.pt/s/H79QNwTyezCXLJd","Pag_Regulamento":"","Guiao":"https://cloud.cm-sintra.pt/s/DqxzTELFktdZGKZ","Pag_Guiao":"23","Relatorio":"https://cloud.cm-sintra.pt/s/DpQF9g5C5LiACtM","Pag_relatorio":"58"}},{"type":"Feature","id":39,"geometry":{"type":"MultiPolygon","coordinates":[[[[-9.30837,38.85043],[-9.30801,38.85037],[-9.30763,38.85062],[-9.30738,38.85173],[-9.30671,38.85297],[-9.30601,38.85335],[-9.30327,38.85336],[-9.30251,38.85352],[-9.30208,38.85387],[-9.30209,38.85476],[-9.30255,38.85664],[-9.3032,38.85778],[-9.30393,38.85834],[-9.30533,38.85874],[-9.3061,38.85925],[-9.30638,38.85973],[-9.30611,38.86026],[-9.30663,38.86156],[-9.30826,38.86311],[-9.30839,38.86432],[-9.30885,38.86544],[-9.30882,38.86846],[-9.30934,38.87071],[-9.31005,38.87204],[-9.31032,38.87224],[-9.31197,38.8726],[-9.31213,38.87233],[-9.31217,38.87113],[-9.31306,38.87031],[-9.3129,38.87014],[-9.31303,38.86983],[-9.31335,38.86966],[-9.31337,38.86921],[-9.31222,38.86901],[-9.31162,38.86926],[-9.31129,38.86899],[-9.31129,38.86849],[-9.31071,38.86817],[-9.3112,38.86712],[-9.31136,38.86703],[-9.31188,38.86719],[-9.31224,38.86674],[-9.3123,38.8663],[-9.31174,38.8664],[-9.31145,38.86663],[-9.311,38.8663],[-9.31157,38.86602],[-9.31185,38.86565],[-9.31166,38.86555],[-9.31224,38.86515],[-9.31184,38.86452],[-9.31279,38.86411],[-9.31317,38.86414],[-9.31392,38.86458],[-9.31427,38.86447],[-9.31478,38.86521],[-9.31592,38.86543],[-9.31717,38.86472],[-9.31746,38.86476],[-9.31779,38.86425],[-9.31724,38.86401],[-9.3172,38.86366],[-9.31739,38.86364],[-9.31745,38.86288],[-9.31703,38.8624],[-9.31664,38.86222],[-9.316,38.86132],[-9.31577,38.86058],[-9.31495,38.85967],[-9.31444,38.8588],[-9.31346,38.85841],[-9.31308,38.85782],[-9.31244,38.85771],[-9.31203,38.8578],[-9.31166,38.85807],[-9.31108,38.85893],[-9.31039,38.85923],[-9.31039,38.85907],[-9.30906,38.8593],[-9.30842,38.85892],[-9.30725,38.85897],[-9.30684,38.85811],[-9.30651,38.85788],[-9.30484,38.85772],[-9.30437,38.85719],[-9.30435,38.85668],[-9.30461,38.85588],[-9.30497,38.85563],[-9.30636,38.85596],[-9.30773,38.85606],[-9.30822,38.8559],[-9.30896,38.85529],[-9.30971,38.85527],[-9.31021,38.85497],[-9.31166,38.8554],[-9.31214,38.85415],[-9.31134,38.85368],[-9.31168,38.85287],[-9.31104,38.85254],[-9.31094,38.85225],[-9.31222,38.85187],[-9.31221,38.85162],[-9.31306,38.85138],[-9.31483,38.85113],[-9.31567,38.85127],[-9.316,38.8504],[-9.31585,38.85023],[-9.31519,38.8504],[-9.31443,38.85017],[-9.31328,38.85035],[-9.31198,38.8499],[-9.31119,38.85011],[-9.31047,38.85001],[-9.30988,38.85037],[-9.30962,38.8512],[-9.30931,38.85135],[-9.30837,38.85043]]],[[[-9.30697,38.85835],[-9.30702,38.85846],[-9.30692,38.85824],[-9.30697,38.85835]]],[[[-9.30707,38.85857],[-9.30708,38.85861],[-9.30702,38.85847],[-9.30707,38.85857]]],[[[-9.30732,38.85896],[-9.30732,38.85896],[-9.30732,38.85896],[-9.30732,38.85896]]]]},"properties":{"OBJECTID":39,"SIG_SITES.SDE.RN_RecAgrFlo_RAN.AREA":118.85950225,"SHAPE.STArea()":1188595.02445779,"SHAPE.STLength()":10147.806885546228,"COD":"Ac","COD1":"1","excluir":1,"Regulamento":"https://cloud.cm-sintra.pt/s/H79QNwTyezCXLJd","Pag_Regulamento":"","Guiao":"https://cloud.cm-sintra.pt/s/DqxzTELFktdZGKZ","Pag_Guiao":"23","Relatorio":"https://cloud.cm-sintra.pt/s/DpQF9g5C5LiACtM","Pag_relatorio":"58"}},{"type":"Feature","id":40,"geometry":{"type":"Polygon","coordinates":[[[-9.36142,38.86043],[-9.36124,38.86054],[-9.36112,38.86189],[-9.36228,38.86352],[-9.36257,38.86521],[-9.36321,38.86615],[-9.36312,38.86746],[-9.36353,38.86857],[-9.36368,38.86967],[-9.36346,38.87121],[-9.36364,38.87146],[-9.36398,38.87153],[-9.3645,38.87117],[-9.36467,38.87059],[-9.36472,38.86969],[-9.36444,38.86901],[-9.3644,38.86725],[-9.36544,38.86636],[-9.36423,38.86564],[-9.36385,38.86523],[-9.36286,38.8627],[-9.36213,38.8616],[-9.36191,38.86068],[-9.36142,38.86043]]]},"properties":{"OBJECTID":40,"SIG_SITES.SDE.RN_RecAgrFlo_RAN.AREA":12.11154563,"SHAPE.STArea()":121115.467038035,"SHAPE.STLength()":2750.751705778594,"COD":"M","COD1":" ","excluir":1,"Regulamento":"https://cloud.cm-sintra.pt/s/H79QNwTyezCXLJd","Pag_Regulamento":"","Guiao":"https://cloud.cm-sintra.pt/s/DqxzTELFktdZGKZ","Pag_Guiao":"23","Relatorio":"https://cloud.cm-sintra.pt/s/DpQF9g5C5LiACtM","Pag_relatorio":"58"}},{"type":"Feature","id":41,"geometry":{"type":"MultiPolygon","coordinates":[[[[-9.25718,38.86784],[-9.25783,38.86833],[-9.25814,38.86878],[-9.25815,38.86942],[-9.25785,38.87001],[-9.25845,38.87055],[-9.25913,38.86975],[-9.25917,38.86907],[-9.25596,38.86463],[-9.25585,38.86403],[-9.25643,38.86291],[-9.25673,38.86291],[-9.25701,38.86328],[-9.25725,38.86335],[-9.25787,38.86292],[-9.25809,38.86174],[-9.25886,38.86093],[-9.25792,38.86007],[-9.25823,38.85987],[-9.25904,38.86063],[-9.25987,38.85998],[-9.26009,38.85962],[-9.26015,38.8591],[-9.26072,38.85871],[-9.26067,38.8585],[-9.25988,38.85813],[-9.25992,38.85766],[-9.2611,38.85754],[-9.26161,38.85716],[-9.26112,38.85688],[-9.26003,38.85701],[-9.25985,38.85671],[-9.26211,38.85593],[-9.26214,38.85532],[-9.26256,38.8548],[-9.26211,38.85415],[-9.26221,38.85376],[-9.26291,38.85282],[-9.26434,38.85239],[-9.26218,38.85269],[-9.2622,38.85186],[-9.26414,38.85157],[-9.2642,38.85173],[-9.26408,38.85094],[-9.26354,38.85116],[-9.26318,38.85015],[-9.26181,38.84879],[-9.26078,38.84925],[-9.26147,38.85093],[-9.26192,38.851],[-9.26198,38.85147],[-9.26069,38.85159],[-9.26001,38.85188],[-9.26014,38.85212],[-9.26073,38.85223],[-9.26041,38.85298],[-9.26085,38.85416],[-9.26046,38.85426],[-9.26038,38.85458],[-9.25983,38.85477],[-9.25967,38.85524],[-9.25827,38.85524],[-9.25799,38.85484],[-9.25661,38.85481],[-9.25567,38.85427],[-9.25489,38.85428],[-9.25473,38.85449],[-9.25419,38.8542],[-9.2544,38.85414],[-9.25369,38.85381],[-9.25287,38.85369],[-9.25261,38.85411],[-9.25292,38.85507],[-9.2529,38.8559],[-9.25191,38.85709],[-9.24692,38.8597],[-9.24267,38.86149],[-9.24198,38.86211],[-9.24206,38.86238],[-9.24233,38.86248],[-9.24324,38.86247],[-9.24495,38.86147],[-9.24606,38.8612],[-9.24649,38.8613],[-9.24757,38.86193],[-9.24838,38.86195],[-9.24847,38.86179],[-9.24835,38.86147],[-9.24798,38.86126],[-9.24842,38.86104],[-9.24795,38.86048],[-9.24803,38.86011],[-9.24838,38.85984],[-9.25081,38.85915],[-9.25211,38.8581],[-9.254,38.85739],[-9.25593,38.85716],[-9.25616,38.85734],[-9.25626,38.85782],[-9.25657,38.85794],[-9.258,38.8569],[-9.25852,38.85686],[-9.25874,38.85724],[-9.25882,38.85838],[-9.25874,38.85888],[-9.25837,38.85936],[-9.25783,38.85969],[-9.25664,38.86001],[-9.25585,38.86064],[-9.2537,38.86096],[-9.25305,38.86148],[-9.25281,38.86205],[-9.25297,38.86218],[-9.25362,38.86199],[-9.25391,38.86226],[-9.25547,38.86178],[-9.256,38.86179],[-9.25596,38.86202],[-9.25479,38.86309],[-9.25354,38.8634],[-9.25349,38.86427],[-9.25387,38.86512],[-9.25479,38.86593],[-9.25461,38.86666],[-9.25539,38.86706],[-9.25569,38.86677],[-9.25594,38.8668],[-9.25687,38.86746],[-9.25703,38.86738],[-9.25718,38.86784]]],[[[-9.26431,38.85099],[-9.265,38.85103],[-9.26507,38.85075],[-9.26482,38.85061],[-9.26431,38.85099]]],[[[-9.26413,38.85096],[-9.26415,38.85096],[-9.26419,38.85097],[-9.26413,38.85096]]],[[[-9.26421,38.85097],[-9.26423,38.85098],[-9.26425,38.85098],[-9.26421,38.85097]]],[[[-9.26428,38.85098],[-9.2643,38.85099],[-9.26431,38.85099],[-9.26428,38.85098]]],[[[-9.26438,38.85218],[-9.2644,38.85221],[-9.26438,38.85218],[-9.26438,38.85218]]]]},"properties":{"OBJECTID":41,"SIG_SITES.SDE.RN_RecAgrFlo_RAN.AREA":75.1726642,"SHAPE.STArea()":751726.636741355,"SHAPE.STLength()":12306.280003705537,"COD":"M/A","COD1":" 20","excluir":1,"Regulamento":"https://cloud.cm-sintra.pt/s/H79QNwTyezCXLJd","Pag_Regulamento":"","Guiao":"https://cloud.cm-sintra.pt/s/DqxzTELFktdZGKZ","Pag_Guiao":"23","Relatorio":"https://cloud.cm-sintra.pt/s/DpQF9g5C5LiACtM","Pag_relatorio":"58"}},{"type":"Feature","id":42,"geometry":{"type":"MultiPolygon","coordinates":[[[[-9.25424,38.86866],[-9.25431,38.86975],[-9.25503,38.8697],[-9.25527,38.8694],[-9.25522,38.86868],[-9.25424,38.86866]]],[[[-9.25364,38.86805],[-9.25413,38.86837],[-9.25412,38.86829],[-9.25364,38.86805]]]]},"properties":{"OBJECTID":42,"SIG_SITES.SDE.RN_RecAgrFlo_RAN.AREA":1.03478654,"SHAPE.STArea()":10347.86677332,"SHAPE.STLength()":513.9599784652322,"COD":"M","COD1":" ","excluir":1,"Regulamento":"https://cloud.cm-sintra.pt/s/H79QNwTyezCXLJd","Pag_Regulamento":"","Guiao":"https://cloud.cm-sintra.pt/s/DqxzTELFktdZGKZ","Pag_Guiao":"23","Relatorio":"https://cloud.cm-sintra.pt/s/DpQF9g5C5LiACtM","Pag_relatorio":"58"}},{"type":"Feature","id":43,"geometry":{"type":"Polygon","coordinates":[[[-9.30111,38.86779],[-9.30174,38.86798],[-9.30253,38.86729],[-9.30288,38.86615],[-9.30455,38.8647],[-9.30551,38.86423],[-9.30571,38.86387],[-9.30568,38.86354],[-9.30541,38.86345],[-9.30473,38.8638],[-9.30427,38.86379],[-9.30241,38.86207],[-9.30191,38.8622],[-9.30206,38.86274],[-9.30279,38.8635],[-9.30232,38.86405],[-9.30292,38.86459],[-9.30301,38.86487],[-9.30199,38.86636],[-9.30118,38.86721],[-9.30111,38.86779]]]},"properties":{"OBJECTID":43,"SIG_SITES.SDE.RN_RecAgrFlo_RAN.AREA":7.49475086,"SHAPE.STArea()":74947.516600405,"SHAPE.STLength()":1868.3674175800595,"COD":"Ac","COD1":"1","excluir":1,"Regulamento":"https://cloud.cm-sintra.pt/s/H79QNwTyezCXLJd","Pag_Regulamento":"","Guiao":"https://cloud.cm-sintra.pt/s/DqxzTELFktdZGKZ","Pag_Guiao":"23","Relatorio":"https://cloud.cm-sintra.pt/s/DpQF9g5C5LiACtM","Pag_relatorio":"58"}},{"type":"Feature","id":44,"geometry":{"type":"MultiPolygon","coordinates":[[[[-9.3856,38.854],[-9.38658,38.8545],[-9.38667,38.85473],[-9.38571,38.85626],[-9.38563,38.85703],[-9.38623,38.85687],[-9.38649,38.85705],[-9.38702,38.8589],[-9.38754,38.8598],[-9.38782,38.85983],[-9.38809,38.85966],[-9.38833,38.85884],[-9.38761,38.85922],[-9.38738,38.85903],[-9.38834,38.85829],[-9.38786,38.85719],[-9.38876,38.85676],[-9.38896,38.85715],[-9.38935,38.85712],[-9.38944,38.85698],[-9.39035,38.85739],[-9.39007,38.85794],[-9.39044,38.85859],[-9.39103,38.8585],[-9.39105,38.85861],[-9.392,38.85862],[-9.39235,38.85826],[-9.39198,38.85761],[-9.39224,38.85609],[-9.39253,38.85575],[-9.393,38.85564],[-9.39379,38.85599],[-9.39436,38.85657],[-9.39456,38.85775],[-9.39579,38.85926],[-9.39606,38.85943],[-9.39623,38.85936],[-9.39652,38.85963],[-9.397,38.8594],[-9.39713,38.85909],[-9.39696,38.85805],[-9.39601,38.85823],[-9.3959,38.85804],[-9.39653,38.85796],[-9.39647,38.8577],[-9.39671,38.85717],[-9.39652,38.8567],[-9.39568,38.85661],[-9.39575,38.85619],[-9.39684,38.85636],[-9.39679,38.85567],[-9.39775,38.85558],[-9.39788,38.85579],[-9.39828,38.85547],[-9.39839,38.85557],[-9.39892,38.85486],[-9.39917,38.85269],[-9.39801,38.85321],[-9.39829,38.85348],[-9.39794,38.85367],[-9.39823,38.85391],[-9.39812,38.85415],[-9.3978,38.85426],[-9.39726,38.85412],[-9.39612,38.85476],[-9.39581,38.85442],[-9.39595,38.85431],[-9.39414,38.85434],[-9.39392,38.85421],[-9.39381,38.85388],[-9.39318,38.85405],[-9.39299,38.85378],[-9.39295,38.853],[-9.39317,38.85269],[-9.39311,38.85206],[-9.39326,38.85167],[-9.39375,38.85174],[-9.39399,38.85151],[-9.39441,38.85177],[-9.39491,38.85182],[-9.39581,38.85076],[-9.3978,38.85051],[-9.39775,38.85033],[-9.39813,38.85026],[-9.3981,38.84974],[-9.39826,38.84952],[-9.39808,38.84849],[-9.39942,38.84844],[-9.39877,38.84794],[-9.39877,38.8477],[-9.39908,38.84763],[-9.39968,38.84791],[-9.40002,38.84786],[-9.40037,38.84711],[-9.40121,38.84635],[-9.40112,38.84588],[-9.40075,38.84562],[-9.3999,38.84589],[-9.39917,38.84644],[-9.39872,38.84647],[-9.39842,38.84621],[-9.39857,38.84581],[-9.39914,38.84546],[-9.39886,38.84488],[-9.39916,38.84389],[-9.39818,38.84185],[-9.3979,38.84088],[-9.39817,38.83856],[-9.39791,38.83802],[-9.39727,38.83791],[-9.39683,38.83821],[-9.39578,38.84031],[-9.39508,38.84134],[-9.39393,38.84231],[-9.39207,38.84353],[-9.39172,38.84409],[-9.39176,38.84484],[-9.38996,38.84634],[-9.38899,38.84572],[-9.3887,38.84568],[-9.38815,38.84614],[-9.3874,38.84647],[-9.38748,38.84738],[-9.38735,38.8477],[-9.38576,38.84797],[-9.38501,38.84838],[-9.38468,38.84819],[-9.38375,38.84695],[-9.38321,38.84707],[-9.38274,38.848],[-9.38276,38.84858],[-9.38252,38.84916],[-9.38152,38.84994],[-9.3816,38.85007],[-9.3812,38.85022],[-9.38147,38.85058],[-9.38314,38.85035],[-9.38308,38.85069],[-9.38282,38.85082],[-9.38289,38.85114],[-9.38241,38.85115],[-9.38239,38.85143],[-9.38361,38.85148],[-9.38445,38.8504],[-9.38444,38.84996],[-9.38414,38.84931],[-9.38525,38.84924],[-9.38577,38.84948],[-9.38611,38.84986],[-9.38625,38.85074],[-9.38676,38.85185],[-9.38767,38.85211],[-9.39027,38.85206],[-9.39037,38.85228],[-9.39006,38.85299],[-9.39023,38.85316],[-9.39087,38.85314],[-9.39101,38.85342],[-9.39084,38.85391],[-9.3905,38.85416],[-9.3892,38.85422],[-9.38887,38.85437],[-9.38909,38.85495],[-9.38976,38.85566],[-9.38969,38.85589],[-9.38928,38.85604],[-9.38871,38.85583],[-9.3883,38.85548],[-9.38775,38.85468],[-9.38754,38.85365],[-9.38733,38.8534],[-9.38552,38.85296],[-9.3853,38.8531],[-9.38535,38.85342],[-9.38584,38.85371],[-9.3856,38.854]],[[-9.38934,38.84904],[-9.38952,38.84892],[-9.3907,38.84947],[-9.39058,38.85038],[-9.38899,38.84972],[-9.38949,38.84918],[-9.38934,38.84904]]],[[[-9.39339,38.85932],[-9.39435,38.85953],[-9.39463,38.85977],[-9.39446,38.86001],[-9.39363,38.86046],[-9.39364,38.86065],[-9.39393,38.86091],[-9.3952,38.86123],[-9.39709,38.86122],[-9.39775,38.86136],[-9.39896,38.86199],[-9.40044,38.86355],[-9.40181,38.8639],[-9.40231,38.86419],[-9.40224,38.86464],[-9.40016,38.86585],[-9.39997,38.86625],[-9.40013,38.86655],[-9.4035,38.86525],[-9.40415,38.86476],[-9.4041,38.86415],[-9.40363,38.863],[-9.40346,38.86292],[-9.40358,38.86264],[-9.40344,38.8625],[-9.40357,38.86243],[-9.40341,38.86188],[-9.40317,38.86165],[-9.40257,38.8616],[-9.40177,38.86243],[-9.40095,38.86247],[-9.40049,38.86225],[-9.39946,38.86096],[-9.39898,38.86061],[-9.39742,38.86095],[-9.39725,38.86084],[-9.39756,38.86055],[-9.3974,38.86043],[-9.39702,38.86049],[-9.39694,38.86035],[-9.39582,38.86027],[-9.39581,38.85999],[-9.39534,38.85971],[-9.39309,38.8587],[-9.39324,38.8589],[-9.39312,38.85897],[-9.3935,38.85925],[-9.39339,38.85932]]],[[[-9.39847,38.85609],[-9.3983,38.85624],[-9.39844,38.85641],[-9.39847,38.85609]]]]},"properties":{"OBJECTID":44,"SIG_SITES.SDE.RN_RecAgrFlo_RAN.AREA":172.96108021,"SHAPE.STArea()":1729610.792652815,"SHAPE.STLength()":17625.80287186232,"COD":"M","COD1":" ","excluir":1,"Regulamento":"https://cloud.cm-sintra.pt/s/H79QNwTyezCXLJd","Pag_Regulamento":"","Guiao":"https://cloud.cm-sintra.pt/s/DqxzTELFktdZGKZ","Pag_Guiao":"23","Relatorio":"https://cloud.cm-sintra.pt/s/DpQF9g5C5LiACtM","Pag_relatorio":"58"}},{"type":"Feature","id":45,"geometry":{"type":"Polygon","coordinates":[[[-9.4254,38.86443],[-9.42723,38.86455],[-9.42851,38.86512],[-9.42863,38.86379],[-9.4282,38.86362],[-9.42686,38.86398],[-9.42548,38.86372],[-9.42497,38.8638],[-9.42526,38.86399],[-9.4254,38.86443]]]},"properties":{"OBJECTID":45,"SIG_SITES.SDE.RN_RecAgrFlo_RAN.AREA":2.62358785,"SHAPE.STArea()":26235.877815385,"SHAPE.STLength()":876.5517914527077,"COD":"M","COD1":" ","excluir":1,"Regulamento":"https://cloud.cm-sintra.pt/s/H79QNwTyezCXLJd","Pag_Regulamento":"","Guiao":"https://cloud.cm-sintra.pt/s/DqxzTELFktdZGKZ","Pag_Guiao":"23","Relatorio":"https://cloud.cm-sintra.pt/s/DpQF9g5C5LiACtM","Pag_relatorio":"58"}},{"type":"Feature","id":46,"geometry":{"type":"Polygon","coordinates":[[[-9.29689,38.86606],[-9.29697,38.86578],[-9.29751,38.86526],[-9.29866,38.86474],[-9.29883,38.86429],[-9.29934,38.86398],[-9.29927,38.86376],[-9.29904,38.86366],[-9.29805,38.86386],[-9.29709,38.86385],[-9.29576,38.86347],[-9.29442,38.86354],[-9.29331,38.86335],[-9.29298,38.86358],[-9.29293,38.86439],[-9.29314,38.86451],[-9.29373,38.86445],[-9.29524,38.86626],[-9.29619,38.86631],[-9.29689,38.86606]]]},"properties":{"OBJECTID":46,"SIG_SITES.SDE.RN_RecAgrFlo_RAN.AREA":10.41473257,"SHAPE.STArea()":104147.32460245,"SHAPE.STLength()":1503.6190703786083,"COD":"M","COD1":" ","excluir":1,"Regulamento":"https://cloud.cm-sintra.pt/s/H79QNwTyezCXLJd","Pag_Regulamento":"","Guiao":"https://cloud.cm-sintra.pt/s/DqxzTELFktdZGKZ","Pag_Guiao":"23","Relatorio":"https://cloud.cm-sintra.pt/s/DpQF9g5C5LiACtM","Pag_relatorio":"58"}},{"type":"Feature","id":47,"geometry":{"type":"Polygon","coordinates":[[[-9.42958,38.86168],[-9.43016,38.86219],[-9.4305,38.86215],[-9.43189,38.86142],[-9.43264,38.8604],[-9.43208,38.86033],[-9.43044,38.861],[-9.4295,38.86118],[-9.42718,38.86115],[-9.42569,38.86068],[-9.42522,38.86073],[-9.425,38.86099],[-9.4254,38.86138],[-9.42668,38.86186],[-9.42864,38.86187],[-9.42958,38.86168]]]},"properties":{"OBJECTID":47,"SIG_SITES.SDE.RN_RecAgrFlo_RAN.AREA":5.81090535,"SHAPE.STArea()":58109.055164215,"SHAPE.STLength()":1545.7743784811871,"COD":"M","COD1":" ","excluir":1,"Regulamento":"https://cloud.cm-sintra.pt/s/H79QNwTyezCXLJd","Pag_Regulamento":"","Guiao":"https://cloud.cm-sintra.pt/s/DqxzTELFktdZGKZ","Pag_Guiao":"23","Relatorio":"https://cloud.cm-sintra.pt/s/DpQF9g5C5LiACtM","Pag_relatorio":"58"}},{"type":"Feature","id":48,"geometry":{"type":"MultiPolygon","coordinates":[[[[-9.36742,38.85709],[-9.36782,38.85697],[-9.3688,38.85713],[-9.36892,38.85694],[-9.36945,38.85751],[-9.36996,38.85774],[-9.37064,38.85734],[-9.37172,38.85861],[-9.37314,38.85904],[-9.37406,38.8591],[-9.37429,38.85905],[-9.37426,38.85891],[-9.37513,38.8587],[-9.37338,38.85832],[-9.37144,38.85684],[-9.37098,38.85626],[-9.37063,38.85515],[-9.37001,38.85459],[-9.36965,38.85464],[-9.36942,38.8549],[-9.36944,38.8554],[-9.36982,38.85642],[-9.36969,38.8569],[-9.36935,38.85699],[-9.36826,38.85657],[-9.36767,38.85675],[-9.36742,38.85709]]],[[[-9.3784,38.86022],[-9.37859,38.86011],[-9.37902,38.85922],[-9.37861,38.85878],[-9.37804,38.85944],[-9.37763,38.85956],[-9.37648,38.85935],[-9.37553,38.8589],[-9.37513,38.85904],[-9.37572,38.85976],[-9.37603,38.85956],[-9.37644,38.85957],[-9.37629,38.85973],[-9.37659,38.8599],[-9.3784,38.86022]]]]},"properties":{"OBJECTID":48,"SIG_SITES.SDE.RN_RecAgrFlo_RAN.AREA":10.1484457,"SHAPE.STArea()":101484.44924769,"SHAPE.STLength()":3040.0500165748695,"COD":"M","COD1":" ","excluir":1,"Regulamento":"https://cloud.cm-sintra.pt/s/H79QNwTyezCXLJd","Pag_Regulamento":"","Guiao":"https://cloud.cm-sintra.pt/s/DqxzTELFktdZGKZ","Pag_Guiao":"23","Relatorio":"https://cloud.cm-sintra.pt/s/DpQF9g5C5LiACtM","Pag_relatorio":"58"}},{"type":"Feature","id":49,"geometry":{"type":"Polygon","coordinates":[[[-9.31863,38.85586],[-9.31801,38.85583],[-9.31777,38.85658],[-9.31689,38.85699],[-9.31702,38.85749],[-9.31642,38.85835],[-9.31658,38.85882],[-9.31714,38.85904],[-9.31826,38.85882],[-9.31893,38.85935],[-9.32036,38.85936],[-9.32142,38.85974],[-9.3217,38.85851],[-9.31901,38.85863],[-9.31874,38.85824],[-9.31748,38.85829],[-9.31731,38.8577],[-9.31763,38.85728],[-9.31873,38.85716],[-9.31915,38.85653],[-9.31999,38.85617],[-9.31968,38.85596],[-9.31863,38.85586]]]},"properties":{"OBJECTID":49,"SIG_SITES.SDE.RN_RecAgrFlo_RAN.AREA":6.51313733,"SHAPE.STArea()":65131.373624065,"SHAPE.STLength()":2008.3281174527124,"COD":"M","COD1":" ","excluir":1,"Regulamento":"https://cloud.cm-sintra.pt/s/H79QNwTyezCXLJd","Pag_Regulamento":"","Guiao":"https://cloud.cm-sintra.pt/s/DqxzTELFktdZGKZ","Pag_Guiao":"23","Relatorio":"https://cloud.cm-sintra.pt/s/DpQF9g5C5LiACtM","Pag_relatorio":"58"}},{"type":"Feature","id":50,"geometry":{"type":"Polygon","coordinates":[[[-9.39878,38.8572],[-9.39837,38.85795],[-9.39841,38.85875],[-9.39863,38.85893],[-9.39901,38.85873],[-9.39968,38.85749],[-9.4006,38.85652],[-9.4008,38.856],[-9.40075,38.85569],[-9.4003,38.85559],[-9.39977,38.85578],[-9.39878,38.85657],[-9.39881,38.85667],[-9.39902,38.85655],[-9.39931,38.85688],[-9.39878,38.8572]]]},"properties":{"OBJECTID":50,"SIG_SITES.SDE.RN_RecAgrFlo_RAN.AREA":3.42415792,"SHAPE.STArea()":34241.577980775,"SHAPE.STLength()":987.8306224097237,"COD":"M","COD1":" ","excluir":1,"Regulamento":"https://cloud.cm-sintra.pt/s/H79QNwTyezCXLJd","Pag_Regulamento":"","Guiao":"https://cloud.cm-sintra.pt/s/DqxzTELFktdZGKZ","Pag_Guiao":"23","Relatorio":"https://cloud.cm-sintra.pt/s/DpQF9g5C5LiACtM","Pag_relatorio":"58"}},{"type":"Feature","id":51,"geometry":{"type":"Polygon","coordinates":[[[-9.29978,38.85545],[-9.29925,38.85571],[-9.29845,38.85694],[-9.2984,38.85759],[-9.29858,38.85865],[-9.29915,38.85942],[-9.2994,38.8591],[-9.29933,38.8578],[-9.30012,38.85589],[-9.30004,38.85552],[-9.29978,38.85545]]]},"properties":{"OBJECTID":51,"SIG_SITES.SDE.RN_RecAgrFlo_RAN.AREA":3.48869624,"SHAPE.STArea()":34886.967573465,"SHAPE.STLength()":983.7412681774056,"COD":"M","COD1":" ","excluir":1,"Regulamento":"https://cloud.cm-sintra.pt/s/H79QNwTyezCXLJd","Pag_Regulamento":"","Guiao":"https://cloud.cm-sintra.pt/s/DqxzTELFktdZGKZ","Pag_Guiao":"23","Relatorio":"https://cloud.cm-sintra.pt/s/DpQF9g5C5LiACtM","Pag_relatorio":"58"}},{"type":"Feature","id":52,"geometry":{"type":"Polygon","coordinates":[[[-9.43865,38.85146],[-9.43774,38.85102],[-9.43705,38.85142],[-9.43731,38.85199],[-9.438,38.85263],[-9.43802,38.8539],[-9.43869,38.85472],[-9.43881,38.8557],[-9.43871,38.85657],[-9.43897,38.85739],[-9.43972,38.85779],[-9.44056,38.85775],[-9.44096,38.85753],[-9.44101,38.85724],[-9.44017,38.85442],[-9.43921,38.85282],[-9.43906,38.85154],[-9.4387,38.85166],[-9.43865,38.85146]]]},"properties":{"OBJECTID":52,"SIG_SITES.SDE.RN_RecAgrFlo_RAN.AREA":10.83605647,"SHAPE.STArea()":108360.563384335,"SHAPE.STLength()":1841.791550911196,"COD":"M","COD1":" ","excluir":1,"Regulamento":"https://cloud.cm-sintra.pt/s/H79QNwTyezCXLJd","Pag_Regulamento":"","Guiao":"https://cloud.cm-sintra.pt/s/DqxzTELFktdZGKZ","Pag_Guiao":"23","Relatorio":"https://cloud.cm-sintra.pt/s/DpQF9g5C5LiACtM","Pag_relatorio":"58"}},{"type":"Feature","id":53,"geometry":{"type":"MultiPolygon","coordinates":[[[[-9.33379,38.85793],[-9.33455,38.85823],[-9.33483,38.85824],[-9.33504,38.85788],[-9.33545,38.85816],[-9.33573,38.85809],[-9.33664,38.85765],[-9.33705,38.85721],[-9.33833,38.85702],[-9.33876,38.85648],[-9.33854,38.85603],[-9.33775,38.85579],[-9.3375,38.85596],[-9.33738,38.85651],[-9.3371,38.85677],[-9.33528,38.85743],[-9.33453,38.85747],[-9.33438,38.85729],[-9.33442,38.85705],[-9.33519,38.85652],[-9.33504,38.85656],[-9.33369,38.85732],[-9.33379,38.85793]]],[[[-9.33534,38.85612],[-9.3355,38.85612],[-9.33537,38.85644],[-9.33596,38.85608],[-9.33677,38.85502],[-9.33694,38.85426],[-9.33639,38.85358],[-9.33595,38.85379],[-9.33635,38.85445],[-9.3365,38.85442],[-9.33654,38.85468],[-9.33572,38.85494],[-9.33534,38.85612]]]]},"properties":{"OBJECTID":53,"SIG_SITES.SDE.RN_RecAgrFlo_RAN.AREA":5.94249568,"SHAPE.STArea()":59424.9524746,"SHAPE.STLength()":2264.628843207123,"COD":"M","COD1":" ","excluir":1,"Regulamento":"https://cloud.cm-sintra.pt/s/H79QNwTyezCXLJd","Pag_Regulamento":"","Guiao":"https://cloud.cm-sintra.pt/s/DqxzTELFktdZGKZ","Pag_Guiao":"23","Relatorio":"https://cloud.cm-sintra.pt/s/DpQF9g5C5LiACtM","Pag_relatorio":"58"}},{"type":"Feature","id":54,"geometry":{"type":"Polygon","coordinates":[[[-9.42984,38.85422],[-9.43265,38.85494],[-9.43374,38.85572],[-9.43393,38.85554],[-9.43401,38.85486],[-9.43468,38.85381],[-9.43474,38.85327],[-9.43443,38.85281],[-9.43406,38.85368],[-9.43372,38.854],[-9.43255,38.85406],[-9.4304,38.85349],[-9.42831,38.85187],[-9.42781,38.8517],[-9.42757,38.85188],[-9.428,38.85274],[-9.42797,38.85306],[-9.42577,38.85359],[-9.42546,38.85388],[-9.42565,38.85405],[-9.42633,38.8541],[-9.42852,38.85366],[-9.42984,38.85422]]]},"properties":{"OBJECTID":54,"SIG_SITES.SDE.RN_RecAgrFlo_RAN.AREA":9.3612564,"SHAPE.STArea()":93612.5598531,"SHAPE.STLength()":2342.308115471502,"COD":"M","COD1":" ","excluir":1,"Regulamento":"https://cloud.cm-sintra.pt/s/H79QNwTyezCXLJd","Pag_Regulamento":"","Guiao":"https://cloud.cm-sintra.pt/s/DqxzTELFktdZGKZ","Pag_Guiao":"23","Relatorio":"https://cloud.cm-sintra.pt/s/DpQF9g5C5LiACtM","Pag_relatorio":"58"}},{"type":"Feature","id":55,"geometry":{"type":"Polygon","coordinates":[[[-9.36104,38.85113],[-9.36215,38.85289],[-9.36341,38.85324],[-9.36373,38.85307],[-9.36436,38.85114],[-9.3636,38.85094],[-9.36104,38.85113]]]},"properties":{"OBJECTID":55,"SIG_SITES.SDE.RN_RecAgrFlo_RAN.AREA":4.86661072,"SHAPE.STArea()":48666.105196715,"SHAPE.STLength()":893.231892361751,"COD":"Ta","COD1":" 1","excluir":1,"Regulamento":"https://cloud.cm-sintra.pt/s/H79QNwTyezCXLJd","Pag_Regulamento":"","Guiao":"https://cloud.cm-sintra.pt/s/DqxzTELFktdZGKZ","Pag_Guiao":"23","Relatorio":"https://cloud.cm-sintra.pt/s/DpQF9g5C5LiACtM","Pag_relatorio":"58"}},{"type":"Feature","id":56,"geometry":{"type":"Polygon","coordinates":[[[-9.24693,38.85276],[-9.25091,38.85399],[-9.25184,38.85403],[-9.25214,38.85384],[-9.25169,38.85261],[-9.25107,38.85208],[-9.24912,38.85135],[-9.24742,38.85011],[-9.24635,38.85051],[-9.2437,38.84937],[-9.24309,38.84995],[-9.2416,38.85016],[-9.24111,38.85062],[-9.24113,38.85101],[-9.24132,38.85121],[-9.2429,38.85166],[-9.24394,38.85222],[-9.24433,38.85277],[-9.24508,38.85318],[-9.24693,38.85276]]]},"properties":{"OBJECTID":56,"SIG_SITES.SDE.RN_RecAgrFlo_RAN.AREA":23.27334815,"SHAPE.STArea()":232733.48515234,"SHAPE.STLength()":2424.9326377331345,"COD":"M","COD1":" ","excluir":1,"Regulamento":"https://cloud.cm-sintra.pt/s/H79QNwTyezCXLJd","Pag_Regulamento":"","Guiao":"https://cloud.cm-sintra.pt/s/DqxzTELFktdZGKZ","Pag_Guiao":"23","Relatorio":"https://cloud.cm-sintra.pt/s/DpQF9g5C5LiACtM","Pag_relatorio":"58"}},{"type":"Feature","id":57,"geometry":{"type":"Polygon","coordinates":[[[-9.33142,38.85164],[-9.33371,38.85209],[-9.33491,38.85269],[-9.33511,38.85257],[-9.33434,38.85197],[-9.33415,38.85128],[-9.33373,38.851],[-9.33324,38.85098],[-9.33107,38.85152],[-9.33144,38.85154],[-9.33142,38.85164]]]},"properties":{"OBJECTID":57,"SIG_SITES.SDE.RN_RecAgrFlo_RAN.AREA":2.40211628,"SHAPE.STArea()":24021.163101625,"SHAPE.STLength()":865.5447778631253,"COD":"M","COD1":" ","excluir":1,"Regulamento":"https://cloud.cm-sintra.pt/s/H79QNwTyezCXLJd","Pag_Regulamento":"","Guiao":"https://cloud.cm-sintra.pt/s/DqxzTELFktdZGKZ","Pag_Guiao":"23","Relatorio":"https://cloud.cm-sintra.pt/s/DpQF9g5C5LiACtM","Pag_relatorio":"58"}},{"type":"Feature","id":58,"geometry":{"type":"Polygon","coordinates":[[[-9.25787,38.84922],[-9.25784,38.84859],[-9.25728,38.84843],[-9.25705,38.84875],[-9.25691,38.8497],[-9.25602,38.84986],[-9.25565,38.85042],[-9.25509,38.8505],[-9.25453,38.85013],[-9.25406,38.84916],[-9.2532,38.84887],[-9.25234,38.84808],[-9.25195,38.84793],[-9.25162,38.8481],[-9.25158,38.84889],[-9.25139,38.84927],[-9.25162,38.84966],[-9.25147,38.84996],[-9.25154,38.85024],[-9.25248,38.8509],[-9.25289,38.85189],[-9.25326,38.85216],[-9.25372,38.85222],[-9.25363,38.85247],[-9.25381,38.85277],[-9.25442,38.85292],[-9.25465,38.85283],[-9.25453,38.85227],[-9.25409,38.85199],[-9.25381,38.8522],[-9.25369,38.85205],[-9.25409,38.85175],[-9.25429,38.85185],[-9.25434,38.85152],[-9.25467,38.85139],[-9.25452,38.85133],[-9.25463,38.85117],[-9.25505,38.85137],[-9.25532,38.85114],[-9.25548,38.85127],[-9.25568,38.85088],[-9.25615,38.85105],[-9.25705,38.85069],[-9.25805,38.85134],[-9.25764,38.85022],[-9.25792,38.84975],[-9.25761,38.84939],[-9.25787,38.84922]]]},"properties":{"OBJECTID":58,"SIG_SITES.SDE.RN_RecAgrFlo_RAN.AREA":12.67235805,"SHAPE.STArea()":126723.57605124,"SHAPE.STLength()":2662.998811356968,"COD":"M","COD1":" ","excluir":1,"Regulamento":"https://cloud.cm-sintra.pt/s/H79QNwTyezCXLJd","Pag_Regulamento":"","Guiao":"https://cloud.cm-sintra.pt/s/DqxzTELFktdZGKZ","Pag_Guiao":"23","Relatorio":"https://cloud.cm-sintra.pt/s/DpQF9g5C5LiACtM","Pag_relatorio":"58"}},{"type":"Feature","id":59,"geometry":{"type":"Polygon","coordinates":[[[-9.34256,38.85058],[-9.34269,38.85011],[-9.34165,38.84963],[-9.34134,38.8497],[-9.34117,38.85037],[-9.34196,38.85123],[-9.3422,38.85128],[-9.34241,38.851],[-9.34222,38.85091],[-9.34219,38.85061],[-9.34256,38.85058]]]},"properties":{"OBJECTID":59,"SIG_SITES.SDE.RN_RecAgrFlo_RAN.AREA":1.53648015,"SHAPE.STArea()":15364.801914395,"SHAPE.STLength()":543.7465355408405,"COD":"M","COD1":" ","excluir":1,"Regulamento":"https://cloud.cm-sintra.pt/s/H79QNwTyezCXLJd","Pag_Regulamento":"","Guiao":"https://cloud.cm-sintra.pt/s/DqxzTELFktdZGKZ","Pag_Guiao":"23","Relatorio":"https://cloud.cm-sintra.pt/s/DpQF9g5C5LiACtM","Pag_relatorio":"58"}},{"type":"Feature","id":60,"geometry":{"type":"Polygon","coordinates":[[[-9.32991,38.85068],[-9.33141,38.85119],[-9.32976,38.85015],[-9.32932,38.85022],[-9.32863,38.85071],[-9.32913,38.85087],[-9.32991,38.85068]]]},"properties":{"OBJECTID":60,"SIG_SITES.SDE.RN_RecAgrFlo_RAN.AREA":0.98802671,"SHAPE.STArea()":9880.2646578,"SHAPE.STLength()":572.183003235021,"COD":"M","COD1":" ","excluir":1,"Regulamento":"https://cloud.cm-sintra.pt/s/H79QNwTyezCXLJd","Pag_Regulamento":"","Guiao":"https://cloud.cm-sintra.pt/s/DqxzTELFktdZGKZ","Pag_Guiao":"23","Relatorio":"https://cloud.cm-sintra.pt/s/DpQF9g5C5LiACtM","Pag_relatorio":"58"}},{"type":"Feature","id":61,"geometry":{"type":"Polygon","coordinates":[[[-9.43166,38.84845],[-9.43244,38.84995],[-9.43286,38.85013],[-9.43319,38.85002],[-9.43328,38.84968],[-9.4327,38.84837],[-9.43227,38.84826],[-9.43139,38.84741],[-9.43087,38.84613],[-9.43052,38.84623],[-9.43029,38.8461],[-9.42984,38.84521],[-9.42856,38.84423],[-9.42952,38.84611],[-9.43066,38.84695],[-9.43111,38.84782],[-9.43166,38.84845]]]},"properties":{"OBJECTID":61,"SIG_SITES.SDE.RN_RecAgrFlo_RAN.AREA":4.15119006,"SHAPE.STArea()":41511.900876015,"SHAPE.STLength()":1646.637329431582,"COD":"Ta","COD1":"2d","excluir":1,"Regulamento":"https://cloud.cm-sintra.pt/s/H79QNwTyezCXLJd","Pag_Regulamento":"","Guiao":"https://cloud.cm-sintra.pt/s/DqxzTELFktdZGKZ","Pag_Guiao":"23","Relatorio":"https://cloud.cm-sintra.pt/s/DpQF9g5C5LiACtM","Pag_relatorio":"58"}},{"type":"Feature","id":62,"geometry":{"type":"Polygon","coordinates":[[[-9.23444,38.85148],[-9.23492,38.85148],[-9.23532,38.85097],[-9.23615,38.85084],[-9.23676,38.84975],[-9.23677,38.8494],[-9.23744,38.84903],[-9.23724,38.84864],[-9.23761,38.8481],[-9.23705,38.84777],[-9.23791,38.84705],[-9.23765,38.84678],[-9.23627,38.84674],[-9.23613,38.84652],[-9.23624,38.84584],[-9.23586,38.84565],[-9.23474,38.84573],[-9.23346,38.84544],[-9.23188,38.84564],[-9.2314,38.84605],[-9.23167,38.84614],[-9.23272,38.84574],[-9.23321,38.84575],[-9.23338,38.84677],[-9.23321,38.84717],[-9.23326,38.84773],[-9.23386,38.84878],[-9.23381,38.84917],[-9.23353,38.84926],[-9.23319,38.85014],[-9.23263,38.85083],[-9.2331,38.85148],[-9.23405,38.8513],[-9.23444,38.85148]]]},"properties":{"OBJECTID":62,"SIG_SITES.SDE.RN_RecAgrFlo_RAN.AREA":19.70206475,"SHAPE.STArea()":197020.64465713,"SHAPE.STLength()":2444.5074962624235,"COD":"Ta","COD1":"1;5;2a","excluir":1,"Regulamento":"https://cloud.cm-sintra.pt/s/H79QNwTyezCXLJd","Pag_Regulamento":"","Guiao":"https://cloud.cm-sintra.pt/s/DqxzTELFktdZGKZ","Pag_Guiao":"23","Relatorio":"https://cloud.cm-sintra.pt/s/DpQF9g5C5LiACtM","Pag_relatorio":"58"}},{"type":"Feature","id":63,"geometry":{"type":"Polygon","coordinates":[[[-9.33019,38.84955],[-9.33155,38.84994],[-9.33209,38.84987],[-9.33161,38.84912],[-9.33068,38.84891],[-9.33023,38.84898],[-9.3293,38.84965],[-9.33019,38.84955]]]},"properties":{"OBJECTID":63,"SIG_SITES.SDE.RN_RecAgrFlo_RAN.AREA":1.52334338,"SHAPE.STArea()":15233.43163056,"SHAPE.STLength()":587.1130584839655,"COD":"M","COD1":" ","excluir":1,"Regulamento":"https://cloud.cm-sintra.pt/s/H79QNwTyezCXLJd","Pag_Regulamento":"","Guiao":"https://cloud.cm-sintra.pt/s/DqxzTELFktdZGKZ","Pag_Guiao":"23","Relatorio":"https://cloud.cm-sintra.pt/s/DpQF9g5C5LiACtM","Pag_relatorio":"58"}},{"type":"Feature","id":64,"geometry":{"type":"Polygon","coordinates":[[[-9.34725,38.84678],[-9.34805,38.84629],[-9.34897,38.84628],[-9.34909,38.84655],[-9.34898,38.84749],[-9.3492,38.84806],[-9.34954,38.84808],[-9.3514,38.84612],[-9.35165,38.84556],[-9.3512,38.84542],[-9.35107,38.84507],[-9.35041,38.84464],[-9.34984,38.84524],[-9.34938,38.84545],[-9.34913,38.84537],[-9.34902,38.84502],[-9.34826,38.84516],[-9.34738,38.84595],[-9.3474,38.84618],[-9.34721,38.84619],[-9.34708,38.84653],[-9.34725,38.84678]]]},"properties":{"OBJECTID":64,"SIG_SITES.SDE.RN_RecAgrFlo_RAN.AREA":6.81288385,"SHAPE.STArea()":68128.836934385,"SHAPE.STLength()":1417.3573288012105,"COD":"M","COD1":" ","excluir":1,"Regulamento":"https://cloud.cm-sintra.pt/s/H79QNwTyezCXLJd","Pag_Regulamento":"","Guiao":"https://cloud.cm-sintra.pt/s/DqxzTELFktdZGKZ","Pag_Guiao":"23","Relatorio":"https://cloud.cm-sintra.pt/s/DpQF9g5C5LiACtM","Pag_relatorio":"58"}},{"type":"Feature","id":65,"geometry":{"type":"Polygon","coordinates":[[[-9.26114,38.84666],[-9.2609,38.84663],[-9.26091,38.84712],[-9.26066,38.84749],[-9.25987,38.84801],[-9.26008,38.8486],[-9.26076,38.84871],[-9.26123,38.84819],[-9.26139,38.84819],[-9.26129,38.84745],[-9.26142,38.84745],[-9.26114,38.84666]]]},"properties":{"OBJECTID":65,"SIG_SITES.SDE.RN_RecAgrFlo_RAN.AREA":1.59028752,"SHAPE.STArea()":15902.873699,"SHAPE.STLength()":620.3468561323452,"COD":"Ac","COD1":"1;20","excluir":1,"Regulamento":"https://cloud.cm-sintra.pt/s/H79QNwTyezCXLJd","Pag_Regulamento":"","Guiao":"https://cloud.cm-sintra.pt/s/DqxzTELFktdZGKZ","Pag_Guiao":"23","Relatorio":"https://cloud.cm-sintra.pt/s/DpQF9g5C5LiACtM","Pag_relatorio":"58"}},{"type":"Feature","id":66,"geometry":{"type":"Polygon","coordinates":[[[-9.24241,38.84792],[-9.24393,38.8483],[-9.24454,38.84822],[-9.24492,38.84725],[-9.24614,38.8465],[-9.24672,38.8453],[-9.24805,38.8438],[-9.24798,38.84348],[-9.24766,38.84346],[-9.24691,38.84388],[-9.24668,38.84463],[-9.24518,38.84542],[-9.24428,38.84565],[-9.24304,38.84547],[-9.24262,38.84573],[-9.24221,38.84628],[-9.24092,38.84695],[-9.24089,38.84741],[-9.24112,38.84779],[-9.24241,38.84792]]]},"properties":{"OBJECTID":66,"SIG_SITES.SDE.RN_RecAgrFlo_RAN.AREA":11.69337494,"SHAPE.STArea()":116933.750617775,"SHAPE.STLength()":1854.0447921796717,"COD":"Ta","COD1":" 1","excluir":1,"Regulamento":"https://cloud.cm-sintra.pt/s/H79QNwTyezCXLJd","Pag_Regulamento":"","Guiao":"https://cloud.cm-sintra.pt/s/DqxzTELFktdZGKZ","Pag_Guiao":"23","Relatorio":"https://cloud.cm-sintra.pt/s/DpQF9g5C5LiACtM","Pag_relatorio":"58"}},{"type":"Feature","id":67,"geometry":{"type":"Polygon","coordinates":[[[-9.25496,38.8449],[-9.25507,38.84517],[-9.25591,38.84586],[-9.25558,38.8473],[-9.25574,38.84773],[-9.2567,38.84771],[-9.25765,38.84741],[-9.25773,38.84685],[-9.25706,38.84607],[-9.25714,38.84475],[-9.25631,38.84486],[-9.25536,38.84438],[-9.25496,38.8449]]]},"properties":{"OBJECTID":67,"SIG_SITES.SDE.RN_RecAgrFlo_RAN.AREA":5.25235634,"SHAPE.STArea()":52523.56186063,"SHAPE.STLength()":1099.7462950228746,"COD":"M","COD1":" ","excluir":1,"Regulamento":"https://cloud.cm-sintra.pt/s/H79QNwTyezCXLJd","Pag_Regulamento":"","Guiao":"https://cloud.cm-sintra.pt/s/DqxzTELFktdZGKZ","Pag_Guiao":"23","Relatorio":"https://cloud.cm-sintra.pt/s/DpQF9g5C5LiACtM","Pag_relatorio":"58"}},{"type":"Feature","id":68,"geometry":{"type":"MultiPolygon","coordinates":[[[[-9.37491,38.83975],[-9.37515,38.83892],[-9.37577,38.83871],[-9.37596,38.84069],[-9.3764,38.84076],[-9.37645,38.84119],[-9.37686,38.84122],[-9.3766,38.84128],[-9.37689,38.84303],[-9.37891,38.84324],[-9.37898,38.84292],[-9.37816,38.84279],[-9.37823,38.84248],[-9.378,38.84242],[-9.37756,38.8416],[-9.37851,38.84153],[-9.37837,38.84104],[-9.37803,38.84105],[-9.37806,38.8407],[-9.37824,38.84054],[-9.37891,38.84067],[-9.37915,38.84117],[-9.37949,38.8412],[-9.38047,38.84064],[-9.38102,38.84063],[-9.38175,38.84086],[-9.38252,38.84138],[-9.38303,38.84142],[-9.3831,38.84107],[-9.38246,38.84046],[-9.38064,38.83974],[-9.38051,38.83947],[-9.38067,38.83922],[-9.3811,38.839],[-9.38304,38.83907],[-9.38497,38.8395],[-9.38497,38.83909],[-9.38402,38.83843],[-9.3838,38.83853],[-9.38369,38.83844],[-9.3838,38.83823],[-9.38302,38.83795],[-9.38075,38.8387],[-9.38067,38.83847],[-9.38109,38.83835],[-9.38109,38.83812],[-9.38127,38.83798],[-9.38329,38.83727],[-9.38308,38.83699],[-9.38381,38.8366],[-9.3841,38.83678],[-9.38439,38.83735],[-9.38519,38.83756],[-9.38511,38.83699],[-9.38605,38.8361],[-9.38599,38.83579],[-9.38576,38.83576],[-9.38475,38.83622],[-9.38444,38.83619],[-9.38436,38.83604],[-9.38479,38.83528],[-9.38466,38.83506],[-9.38429,38.83497],[-9.38352,38.83531],[-9.38308,38.83584],[-9.38322,38.83578],[-9.3835,38.83615],[-9.38304,38.83644],[-9.38274,38.83614],[-9.3818,38.83629],[-9.38,38.83558],[-9.37771,38.8356],[-9.37716,38.83513],[-9.37623,38.83499],[-9.37547,38.83436],[-9.37451,38.83242],[-9.37456,38.83134],[-9.37481,38.83067],[-9.37506,38.83045],[-9.37571,38.83034],[-9.37755,38.83061],[-9.37867,38.83004],[-9.37941,38.82987],[-9.37965,38.82964],[-9.37951,38.82819],[-9.37844,38.82742],[-9.37871,38.82642],[-9.37842,38.8259],[-9.37809,38.82606],[-9.37787,38.82681],[-9.37808,38.82763],[-9.3786,38.82865],[-9.37845,38.82933],[-9.3776,38.8295],[-9.37717,38.8298],[-9.37685,38.82978],[-9.37619,38.82905],[-9.37467,38.82881],[-9.37454,38.82862],[-9.3745,38.82772],[-9.37424,38.82757],[-9.37385,38.82762],[-9.37322,38.82874],[-9.37458,38.8293],[-9.37368,38.83042],[-9.37324,38.83062],[-9.37286,38.83114],[-9.37248,38.83128],[-9.37183,38.83286],[-9.37289,38.83306],[-9.373,38.83388],[-9.3741,38.83397],[-9.37308,38.83636],[-9.37283,38.83653],[-9.3721,38.83647],[-9.37173,38.83701],[-9.37214,38.83722],[-9.37303,38.83731],[-9.37451,38.83816],[-9.37449,38.83841],[-9.37401,38.8384],[-9.37374,38.839],[-9.37413,38.83959],[-9.37491,38.83975]]],[[[-9.37904,38.84448],[-9.37895,38.84571],[-9.37955,38.84562],[-9.37967,38.84471],[-9.37996,38.84441],[-9.38037,38.8445],[-9.38099,38.84515],[-9.38137,38.84515],[-9.3818,38.84443],[-9.38266,38.84407],[-9.3828,38.8434],[-9.38307,38.84323],[-9.38544,38.84364],[-9.3857,38.84355],[-9.38582,38.84324],[-9.38532,38.8427],[-9.38492,38.84254],[-9.38385,38.84267],[-9.38243,38.84248],[-9.38057,38.84266],[-9.38018,38.84284],[-9.38052,38.84363],[-9.38007,38.84358],[-9.38042,38.84396],[-9.37921,38.84412],[-9.37904,38.84448]]]]},"properties":{"OBJECTID":68,"SIG_SITES.SDE.RN_RecAgrFlo_RAN.AREA":77.91888783,"SHAPE.STArea()":779188.89084191,"SHAPE.STLength()":11829.752293240184,"COD":"M","COD1":" ","excluir":1,"Regulamento":"https://cloud.cm-sintra.pt/s/H79QNwTyezCXLJd","Pag_Regulamento":"","Guiao":"https://cloud.cm-sintra.pt/s/DqxzTELFktdZGKZ","Pag_Guiao":"23","Relatorio":"https://cloud.cm-sintra.pt/s/DpQF9g5C5LiACtM","Pag_relatorio":"58"}},{"type":"Feature","id":69,"geometry":{"type":"Polygon","coordinates":[[[-9.31187,38.8423],[-9.31033,38.84264],[-9.30884,38.84333],[-9.3073,38.84512],[-9.30667,38.84635],[-9.30671,38.84662],[-9.30691,38.84667],[-9.30784,38.84605],[-9.3108,38.84468],[-9.31344,38.84377],[-9.31342,38.84344],[-9.31272,38.84306],[-9.31224,38.84321],[-9.31187,38.8423]]]},"properties":{"OBJECTID":69,"SIG_SITES.SDE.RN_RecAgrFlo_RAN.AREA":11.12528301,"SHAPE.STArea()":111252.83296326,"SHAPE.STLength()":1652.8449420510697,"COD":"M","COD1":" ","excluir":1,"Regulamento":"https://cloud.cm-sintra.pt/s/H79QNwTyezCXLJd","Pag_Regulamento":"","Guiao":"https://cloud.cm-sintra.pt/s/DqxzTELFktdZGKZ","Pag_Guiao":"23","Relatorio":"https://cloud.cm-sintra.pt/s/DpQF9g5C5LiACtM","Pag_relatorio":"58"}},{"type":"Feature","id":70,"geometry":{"type":"Polygon","coordinates":[[[-9.2735,38.8411],[-9.27369,38.84089],[-9.27444,38.84084],[-9.27476,38.84141],[-9.27441,38.84149],[-9.27534,38.84184],[-9.27627,38.84183],[-9.27668,38.84149],[-9.27583,38.84064],[-9.27572,38.8403],[-9.27585,38.83976],[-9.27538,38.83937],[-9.27468,38.8394],[-9.27388,38.83918],[-9.27269,38.83929],[-9.2713,38.83853],[-9.26978,38.8384],[-9.26626,38.8373],[-9.26513,38.83723],[-9.26382,38.83742],[-9.26366,38.83763],[-9.26377,38.83798],[-9.26523,38.83942],[-9.26537,38.84109],[-9.26457,38.84351],[-9.26421,38.84393],[-9.26335,38.84424],[-9.26271,38.84562],[-9.26341,38.84597],[-9.26415,38.847],[-9.26441,38.84698],[-9.26457,38.84652],[-9.26522,38.84652],[-9.26556,38.84487],[-9.26607,38.84402],[-9.2687,38.84313],[-9.26919,38.84325],[-9.26949,38.84358],[-9.27017,38.84477],[-9.27034,38.84544],[-9.27064,38.84554],[-9.27081,38.84518],[-9.2714,38.8452],[-9.27143,38.84535],[-9.27169,38.8452],[-9.27187,38.84537],[-9.27235,38.84489],[-9.27165,38.84372],[-9.27098,38.84351],[-9.27111,38.84336],[-9.27079,38.84254],[-9.27098,38.84229],[-9.27082,38.84218],[-9.27214,38.8414],[-9.27254,38.8417],[-9.2726,38.84092],[-9.27336,38.84083],[-9.2735,38.8411]]]},"properties":{"OBJECTID":70,"SIG_SITES.SDE.RN_RecAgrFlo_RAN.AREA":54.4976371,"SHAPE.STArea()":544976.369133345,"SHAPE.STLength()":5095.201518927666,"COD":"M","COD1":" ","excluir":1,"Regulamento":"https://cloud.cm-sintra.pt/s/H79QNwTyezCXLJd","Pag_Regulamento":"","Guiao":"https://cloud.cm-sintra.pt/s/DqxzTELFktdZGKZ","Pag_Guiao":"23","Relatorio":"https://cloud.cm-sintra.pt/s/DpQF9g5C5LiACtM","Pag_relatorio":"58"}},{"type":"Feature","id":71,"geometry":{"type":"Polygon","coordinates":[[[-9.28814,38.8415],[-9.28771,38.84214],[-9.28889,38.84299],[-9.28929,38.84364],[-9.2893,38.84386],[-9.28875,38.84476],[-9.28956,38.84508],[-9.29094,38.84628],[-9.29117,38.84541],[-9.29112,38.845],[-9.29038,38.84406],[-9.28995,38.84292],[-9.28914,38.84203],[-9.28814,38.8415]]]},"properties":{"OBJECTID":71,"SIG_SITES.SDE.RN_RecAgrFlo_RAN.AREA":5.4972438,"SHAPE.STArea()":54972.431632625,"SHAPE.STLength()":1333.1586292000118,"COD":"Ta","COD1":" 1","excluir":1,"Regulamento":"https://cloud.cm-sintra.pt/s/H79QNwTyezCXLJd","Pag_Regulamento":"","Guiao":"https://cloud.cm-sintra.pt/s/DqxzTELFktdZGKZ","Pag_Guiao":"23","Relatorio":"https://cloud.cm-sintra.pt/s/DpQF9g5C5LiACtM","Pag_relatorio":"58"}},{"type":"Feature","id":72,"geometry":{"type":"Polygon","coordinates":[[[-9.42461,38.84396],[-9.42533,38.84472],[-9.42597,38.84503],[-9.42693,38.84494],[-9.42775,38.84423],[-9.42737,38.84401],[-9.42679,38.84442],[-9.42606,38.84449],[-9.42525,38.84423],[-9.42506,38.84394],[-9.42461,38.84396]]]},"properties":{"OBJECTID":72,"SIG_SITES.SDE.RN_RecAgrFlo_RAN.AREA":1.60946949,"SHAPE.STArea()":16094.69469949,"SHAPE.STLength()":708.0667067017496,"COD":"M","COD1":" ","excluir":1,"Regulamento":"https://cloud.cm-sintra.pt/s/H79QNwTyezCXLJd","Pag_Regulamento":"","Guiao":"https://cloud.cm-sintra.pt/s/DqxzTELFktdZGKZ","Pag_Guiao":"23","Relatorio":"https://cloud.cm-sintra.pt/s/DpQF9g5C5LiACtM","Pag_relatorio":"58"}},{"type":"Feature","id":73,"geometry":{"type":"Polygon","coordinates":[[[-9.35477,38.84265],[-9.35505,38.84314],[-9.35495,38.84388],[-9.35285,38.84486],[-9.35266,38.84523],[-9.35286,38.8455],[-9.35312,38.84555],[-9.35426,38.84507],[-9.35549,38.84481],[-9.35633,38.84369],[-9.35801,38.84295],[-9.3588,38.84227],[-9.35856,38.84211],[-9.35695,38.8426],[-9.356,38.84251],[-9.3551,38.84187],[-9.35445,38.84089],[-9.35416,38.84073],[-9.35393,38.84113],[-9.35401,38.84173],[-9.35477,38.84265]]]},"properties":{"OBJECTID":73,"SIG_SITES.SDE.RN_RecAgrFlo_RAN.AREA":7.55209992,"SHAPE.STArea()":75520.993845655,"SHAPE.STLength()":1882.7386133559846,"COD":"Ta","COD1":"2d","excluir":1,"Regulamento":"https://cloud.cm-sintra.pt/s/H79QNwTyezCXLJd","Pag_Regulamento":"","Guiao":"https://cloud.cm-sintra.pt/s/DqxzTELFktdZGKZ","Pag_Guiao":"23","Relatorio":"https://cloud.cm-sintra.pt/s/DpQF9g5C5LiACtM","Pag_relatorio":"58"}},{"type":"Feature","id":74,"geometry":{"type":"Polygon","coordinates":[[[-9.44146,38.83815],[-9.44256,38.83833],[-9.44381,38.83812],[-9.44607,38.8382],[-9.44836,38.83781],[-9.45063,38.83796],[-9.45167,38.83773],[-9.45122,38.83738],[-9.44986,38.83753],[-9.44734,38.8371],[-9.44377,38.83758],[-9.4413,38.83737],[-9.43992,38.83757],[-9.44029,38.83788],[-9.44146,38.83815]]]},"properties":{"OBJECTID":74,"SIG_SITES.SDE.RN_RecAgrFlo_RAN.AREA":7.4054512,"SHAPE.STArea()":74054.51197951,"SHAPE.STLength()":2121.9644581072826,"COD":"Ac","COD1":"PPPM","excluir":1,"Regulamento":"https://cloud.cm-sintra.pt/s/H79QNwTyezCXLJd","Pag_Regulamento":"","Guiao":"https://cloud.cm-sintra.pt/s/DqxzTELFktdZGKZ","Pag_Guiao":"23","Relatorio":"https://cloud.cm-sintra.pt/s/DpQF9g5C5LiACtM","Pag_relatorio":"58"}},{"type":"Feature","id":75,"geometry":{"type":"Polygon","coordinates":[[[-9.30151,38.83607],[-9.30111,38.8362],[-9.30037,38.83719],[-9.30145,38.83803],[-9.30196,38.83886],[-9.30241,38.83902],[-9.30268,38.83862],[-9.30276,38.83735],[-9.30226,38.83641],[-9.30187,38.83612],[-9.30151,38.83607]]]},"properties":{"OBJECTID":75,"SIG_SITES.SDE.RN_RecAgrFlo_RAN.AREA":4.10633826,"SHAPE.STArea()":41063.3825963,"SHAPE.STLength()":834.668937990166,"COD":"M","COD1":" ","excluir":1,"Regulamento":"https://cloud.cm-sintra.pt/s/H79QNwTyezCXLJd","Pag_Regulamento":"","Guiao":"https://cloud.cm-sintra.pt/s/DqxzTELFktdZGKZ","Pag_Guiao":"23","Relatorio":"https://cloud.cm-sintra.pt/s/DpQF9g5C5LiACtM","Pag_relatorio":"58"}},{"type":"Feature","id":76,"geometry":{"type":"Polygon","coordinates":[[[-9.29544,38.82831],[-9.29528,38.82908],[-9.29428,38.83002],[-9.29375,38.83018],[-9.2918,38.83012],[-9.29139,38.83029],[-9.29127,38.83055],[-9.29138,38.83074],[-9.29235,38.831],[-9.29256,38.83133],[-9.29056,38.83233],[-9.29027,38.83262],[-9.29033,38.83283],[-9.29086,38.83285],[-9.29252,38.83214],[-9.29337,38.83159],[-9.29448,38.83026],[-9.29514,38.83001],[-9.2956,38.83038],[-9.29595,38.83154],[-9.29668,38.83202],[-9.29886,38.83314],[-9.29969,38.83301],[-9.30028,38.83252],[-9.3008,38.83293],[-9.30089,38.83327],[-9.3006,38.83381],[-9.30017,38.8342],[-9.29991,38.83416],[-9.29938,38.83367],[-9.29905,38.83371],[-9.29864,38.83497],[-9.29824,38.8352],[-9.2953,38.83434],[-9.2952,38.83398],[-9.29547,38.83272],[-9.29466,38.83258],[-9.29397,38.83336],[-9.29311,38.83344],[-9.29277,38.83368],[-9.29262,38.83416],[-9.29268,38.83468],[-9.29211,38.83513],[-9.292,38.83547],[-9.29206,38.83601],[-9.29261,38.83629],[-9.29312,38.83626],[-9.29463,38.83551],[-9.29524,38.83549],[-9.29723,38.83672],[-9.29735,38.83702],[-9.29703,38.83733],[-9.29713,38.83755],[-9.29815,38.83781],[-9.29917,38.83853],[-9.29969,38.83865],[-9.29923,38.83753],[-9.29963,38.83726],[-9.29952,38.8369],[-9.30003,38.83631],[-9.30057,38.8361],[-9.30078,38.83585],[-9.30095,38.83481],[-9.30116,38.83452],[-9.30178,38.83442],[-9.30295,38.83492],[-9.30415,38.83417],[-9.30511,38.83469],[-9.30622,38.83439],[-9.30736,38.83459],[-9.308,38.83413],[-9.30744,38.83293],[-9.30847,38.83282],[-9.30866,38.83333],[-9.30991,38.83329],[-9.30946,38.83179],[-9.30824,38.83181],[-9.30788,38.8316],[-9.30719,38.83187],[-9.3058,38.83124],[-9.30478,38.83138],[-9.30345,38.8303],[-9.30311,38.83151],[-9.30284,38.83163],[-9.30241,38.83154],[-9.30214,38.83229],[-9.30177,38.83256],[-9.29994,38.83188],[-9.29953,38.83188],[-9.29967,38.83136],[-9.29919,38.83117],[-9.29743,38.83098],[-9.29641,38.83132],[-9.29634,38.83087],[-9.29603,38.83057],[-9.29601,38.8296],[-9.29561,38.82896],[-9.29603,38.82867],[-9.29561,38.82815],[-9.29544,38.82831]]]},"properties":{"OBJECTID":76,"SIG_SITES.SDE.RN_RecAgrFlo_RAN.AREA":55.8009054,"SHAPE.STArea()":558009.04099811,"SHAPE.STLength()":8462.506474618098,"COD":"M","COD1":" ","excluir":1,"Regulamento":"https://cloud.cm-sintra.pt/s/H79QNwTyezCXLJd","Pag_Regulamento":"","Guiao":"https://cloud.cm-sintra.pt/s/DqxzTELFktdZGKZ","Pag_Guiao":"23","Relatorio":"https://cloud.cm-sintra.pt/s/DpQF9g5C5LiACtM","Pag_relatorio":"58"}},{"type":"Feature","id":77,"geometry":{"type":"Polygon","coordinates":[[[-9.27793,38.83708],[-9.27854,38.8373],[-9.27914,38.83839],[-9.27965,38.83857],[-9.27999,38.83822],[-9.27976,38.83728],[-9.27992,38.83704],[-9.28056,38.8369],[-9.2818,38.83709],[-9.28216,38.83695],[-9.28236,38.83665],[-9.282,38.83639],[-9.28139,38.83628],[-9.27939,38.83638],[-9.27787,38.836],[-9.27714,38.83565],[-9.27598,38.83417],[-9.27512,38.83223],[-9.2742,38.83151],[-9.2734,38.83119],[-9.27277,38.83124],[-9.27255,38.8318],[-9.27412,38.8323],[-9.27466,38.83276],[-9.275,38.83374],[-9.27466,38.8346],[-9.27412,38.83469],[-9.27335,38.8345],[-9.27207,38.83324],[-9.27129,38.83335],[-9.27083,38.83385],[-9.27008,38.83374],[-9.26984,38.834],[-9.26988,38.83426],[-9.27112,38.83498],[-9.2711,38.83602],[-9.27171,38.83661],[-9.27227,38.83654],[-9.27344,38.83553],[-9.27428,38.83514],[-9.27532,38.83523],[-9.27614,38.8357],[-9.27633,38.83609],[-9.27633,38.83653],[-9.27585,38.83713],[-9.27496,38.83732],[-9.27313,38.8372],[-9.27324,38.83756],[-9.2738,38.83806],[-9.27567,38.83804],[-9.27655,38.83745],[-9.27793,38.83708]]]},"properties":{"OBJECTID":77,"SIG_SITES.SDE.RN_RecAgrFlo_RAN.AREA":21.90413462,"SHAPE.STArea()":219041.356399625,"SHAPE.STLength()":4658.085353416638,"COD":"M","COD1":" ","excluir":1,"Regulamento":"https://cloud.cm-sintra.pt/s/H79QNwTyezCXLJd","Pag_Regulamento":"","Guiao":"https://cloud.cm-sintra.pt/s/DqxzTELFktdZGKZ","Pag_Guiao":"23","Relatorio":"https://cloud.cm-sintra.pt/s/DpQF9g5C5LiACtM","Pag_relatorio":"58"}},{"type":"Feature","id":78,"geometry":{"type":"Polygon","coordinates":[[[-9.25516,38.83729],[-9.25604,38.8371],[-9.2566,38.83713],[-9.25696,38.83736],[-9.25733,38.83727],[-9.25747,38.83702],[-9.25677,38.83635],[-9.25722,38.83588],[-9.25746,38.83588],[-9.25754,38.83557],[-9.25833,38.83524],[-9.25868,38.8349],[-9.25641,38.83469],[-9.25696,38.83549],[-9.25658,38.83566],[-9.25573,38.83532],[-9.25615,38.83615],[-9.25604,38.83642],[-9.25577,38.83653],[-9.25538,38.83644],[-9.25486,38.83603],[-9.2546,38.83534],[-9.25437,38.83546],[-9.25436,38.83577],[-9.25482,38.83665],[-9.25477,38.83679],[-9.25438,38.83686],[-9.25452,38.83707],[-9.25516,38.83729]]]},"properties":{"OBJECTID":78,"SIG_SITES.SDE.RN_RecAgrFlo_RAN.AREA":4.35191576,"SHAPE.STArea()":43519.15429581,"SHAPE.STLength()":1687.3130905121989,"COD":"M","COD1":" ","excluir":1,"Regulamento":"https://cloud.cm-sintra.pt/s/H79QNwTyezCXLJd","Pag_Regulamento":"","Guiao":"https://cloud.cm-sintra.pt/s/DqxzTELFktdZGKZ","Pag_Guiao":"23","Relatorio":"https://cloud.cm-sintra.pt/s/DpQF9g5C5LiACtM","Pag_relatorio":"58"}},{"type":"Feature","id":79,"geometry":{"type":"Polygon","coordinates":[[[-9.26288,38.83305],[-9.26276,38.83332],[-9.26371,38.83427],[-9.26463,38.83574],[-9.265,38.836],[-9.26537,38.83603],[-9.26546,38.83535],[-9.26505,38.8343],[-9.26402,38.83415],[-9.26288,38.83305]]]},"properties":{"OBJECTID":79,"SIG_SITES.SDE.RN_RecAgrFlo_RAN.AREA":2.19880222,"SHAPE.STArea()":21988.0249617,"SHAPE.STLength()":887.4405714680142,"COD":"M","COD1":" ","excluir":1,"Regulamento":"https://cloud.cm-sintra.pt/s/H79QNwTyezCXLJd","Pag_Regulamento":"","Guiao":"https://cloud.cm-sintra.pt/s/DqxzTELFktdZGKZ","Pag_Guiao":"23","Relatorio":"https://cloud.cm-sintra.pt/s/DpQF9g5C5LiACtM","Pag_relatorio":"58"}},{"type":"Feature","id":80,"geometry":{"type":"Polygon","coordinates":[[[-9.38377,38.82845],[-9.38306,38.82969],[-9.38296,38.83036],[-9.38397,38.83214],[-9.38365,38.83327],[-9.38408,38.83382],[-9.38449,38.83347],[-9.38492,38.83231],[-9.38476,38.83114],[-9.38402,38.83022],[-9.38407,38.8288],[-9.38399,38.82853],[-9.38377,38.82845]]]},"properties":{"OBJECTID":80,"SIG_SITES.SDE.RN_RecAgrFlo_RAN.AREA":4.85950867,"SHAPE.STArea()":48595.083527385,"SHAPE.STLength()":1305.447437893201,"COD":"M","COD1":" ","excluir":1,"Regulamento":"https://cloud.cm-sintra.pt/s/H79QNwTyezCXLJd","Pag_Regulamento":"","Guiao":"https://cloud.cm-sintra.pt/s/DqxzTELFktdZGKZ","Pag_Guiao":"23","Relatorio":"https://cloud.cm-sintra.pt/s/DpQF9g5C5LiACtM","Pag_relatorio":"58"}},{"type":"Feature","id":81,"geometry":{"type":"Polygon","coordinates":[[[-9.39034,38.81826],[-9.39003,38.81881],[-9.38999,38.81999],[-9.39024,38.82061],[-9.39032,38.82137],[-9.38983,38.82265],[-9.38998,38.82318],[-9.39052,38.82356],[-9.39072,38.82395],[-9.39029,38.82493],[-9.39049,38.82512],[-9.39149,38.825],[-9.39292,38.82683],[-9.39315,38.82738],[-9.3932,38.82811],[-9.39353,38.82883],[-9.39364,38.83117],[-9.39351,38.83198],[-9.39384,38.83266],[-9.39424,38.83234],[-9.39435,38.83194],[-9.39436,38.83031],[-9.39481,38.82944],[-9.39476,38.82918],[-9.39434,38.82847],[-9.39418,38.82737],[-9.39289,38.82562],[-9.39299,38.82531],[-9.39345,38.82534],[-9.39365,38.825],[-9.39344,38.82477],[-9.39249,38.82446],[-9.39208,38.82362],[-9.39159,38.82309],[-9.39113,38.82109],[-9.39093,38.81809],[-9.39056,38.81803],[-9.39034,38.81826]]]},"properties":{"OBJECTID":81,"SIG_SITES.SDE.RN_RecAgrFlo_RAN.AREA":15.74818439,"SHAPE.STArea()":157481.8362061,"SHAPE.STLength()":3716.7358451346377,"COD":"Ac","COD1":" 2d","excluir":1,"Regulamento":"https://cloud.cm-sintra.pt/s/H79QNwTyezCXLJd","Pag_Regulamento":"","Guiao":"https://cloud.cm-sintra.pt/s/DqxzTELFktdZGKZ","Pag_Guiao":"23","Relatorio":"https://cloud.cm-sintra.pt/s/DpQF9g5C5LiACtM","Pag_relatorio":"58"}},{"type":"Feature","id":82,"geometry":{"type":"Polygon","coordinates":[[[-9.2785,38.82822],[-9.279,38.82839],[-9.28101,38.82832],[-9.28338,38.82866],[-9.28388,38.82905],[-9.28453,38.83027],[-9.28559,38.83127],[-9.28688,38.83219],[-9.28708,38.83285],[-9.28783,38.83318],[-9.28828,38.83308],[-9.28448,38.82966],[-9.28378,38.82838],[-9.28182,38.82819],[-9.27938,38.8275],[-9.27911,38.82759],[-9.2785,38.82822]]]},"properties":{"OBJECTID":82,"SIG_SITES.SDE.RN_RecAgrFlo_RAN.AREA":4.6280995,"SHAPE.STArea()":46280.99038127,"SHAPE.STLength()":2333.127749891623,"COD":"Ac","COD1":" 2d","excluir":1,"Regulamento":"https://cloud.cm-sintra.pt/s/H79QNwTyezCXLJd","Pag_Regulamento":"","Guiao":"https://cloud.cm-sintra.pt/s/DqxzTELFktdZGKZ","Pag_Guiao":"23","Relatorio":"https://cloud.cm-sintra.pt/s/DpQF9g5C5LiACtM","Pag_relatorio":"58"}},{"type":"Feature","id":83,"geometry":{"type":"Polygon","coordinates":[[[-9.39903,38.82423],[-9.39956,38.82381],[-9.39969,38.82327],[-9.40002,38.82295],[-9.40023,38.82121],[-9.40051,38.82107],[-9.40087,38.82114],[-9.40126,38.82154],[-9.40167,38.82241],[-9.40185,38.82375],[-9.40143,38.82453],[-9.40146,38.82536],[-9.40124,38.8266],[-9.40154,38.82679],[-9.40181,38.82661],[-9.40194,38.82506],[-9.40215,38.82463],[-9.40242,38.82458],[-9.40306,38.82549],[-9.40375,38.826],[-9.4044,38.82723],[-9.40433,38.82759],[-9.40497,38.8295],[-9.40485,38.83],[-9.40436,38.83062],[-9.40499,38.8308],[-9.40504,38.8318],[-9.40554,38.83178],[-9.40623,38.83274],[-9.40655,38.83295],[-9.40634,38.83162],[-9.40652,38.8313],[-9.40585,38.83058],[-9.40599,38.83012],[-9.40565,38.8296],[-9.4055,38.82898],[-9.40571,38.82833],[-9.40522,38.82772],[-9.40498,38.82662],[-9.40386,38.8255],[-9.40362,38.82491],[-9.40248,38.82342],[-9.40225,38.82266],[-9.40291,38.82215],[-9.40349,38.82209],[-9.40382,38.82222],[-9.40448,38.82329],[-9.40538,38.82364],[-9.40561,38.82388],[-9.40608,38.82528],[-9.40717,38.82597],[-9.40743,38.82596],[-9.40749,38.82576],[-9.40695,38.82513],[-9.40699,38.82464],[-9.40678,38.82443],[-9.40666,38.82392],[-9.40619,38.82371],[-9.40545,38.82291],[-9.40472,38.82257],[-9.40386,38.82146],[-9.40172,38.82089],[-9.40151,38.82056],[-9.4014,38.81964],[-9.40051,38.8205],[-9.40004,38.82055],[-9.3998,38.82085],[-9.39977,38.82151],[-9.39875,38.82312],[-9.39871,38.82344],[-9.39903,38.82423]]]},"properties":{"OBJECTID":83,"SIG_SITES.SDE.RN_RecAgrFlo_RAN.AREA":20.11061517,"SHAPE.STArea()":201106.142032695,"SHAPE.STLength()":6145.080634362571,"COD":"Ac","COD1":" 1","excluir":1,"Regulamento":"https://cloud.cm-sintra.pt/s/H79QNwTyezCXLJd","Pag_Regulamento":"","Guiao":"https://cloud.cm-sintra.pt/s/DqxzTELFktdZGKZ","Pag_Guiao":"23","Relatorio":"https://cloud.cm-sintra.pt/s/DpQF9g5C5LiACtM","Pag_relatorio":"58"}},{"type":"Feature","id":84,"geometry":{"type":"Polygon","coordinates":[[[-9.45804,38.82133],[-9.45751,38.82158],[-9.45535,38.82194],[-9.45496,38.82245],[-9.45386,38.82288],[-9.45284,38.82281],[-9.45069,38.82466],[-9.44894,38.82529],[-9.44653,38.8257],[-9.4457,38.82619],[-9.44496,38.82683],[-9.44493,38.82705],[-9.44533,38.8271],[-9.44679,38.82642],[-9.44772,38.82633],[-9.4483,38.8261],[-9.44911,38.82634],[-9.4504,38.82542],[-9.45208,38.82467],[-9.45384,38.82335],[-9.4566,38.82242],[-9.45778,38.82226],[-9.4584,38.82163],[-9.45804,38.82133]]]},"properties":{"OBJECTID":84,"SIG_SITES.SDE.RN_RecAgrFlo_RAN.AREA":10.26709382,"SHAPE.STArea()":102670.9363676,"SHAPE.STLength()":2840.4196933884696,"COD":"M","COD1":" ","excluir":1,"Regulamento":"https://cloud.cm-sintra.pt/s/H79QNwTyezCXLJd","Pag_Regulamento":"","Guiao":"https://cloud.cm-sintra.pt/s/DqxzTELFktdZGKZ","Pag_Guiao":"23","Relatorio":"https://cloud.cm-sintra.pt/s/DpQF9g5C5LiACtM","Pag_relatorio":"58"}},{"type":"Feature","id":85,"geometry":{"type":"Polygon","coordinates":[[[-9.37178,38.82684],[-9.37147,38.82692],[-9.37137,38.82717],[-9.3719,38.82742],[-9.3722,38.82739],[-9.37213,38.82691],[-9.37178,38.82684]]]},"properties":{"OBJECTID":85,"SIG_SITES.SDE.RN_RecAgrFlo_RAN.AREA":0.38114714,"SHAPE.STArea()":3811.47191056,"SHAPE.STLength()":229.22523387854622,"COD":"M","COD1":" ","excluir":1,"Regulamento":"https://cloud.cm-sintra.pt/s/H79QNwTyezCXLJd","Pag_Regulamento":"","Guiao":"https://cloud.cm-sintra.pt/s/DqxzTELFktdZGKZ","Pag_Guiao":"23","Relatorio":"https://cloud.cm-sintra.pt/s/DpQF9g5C5LiACtM","Pag_relatorio":"58"}},{"type":"Feature","id":86,"geometry":{"type":"Polygon","coordinates":[[[-9.38544,38.82462],[-9.38588,38.82509],[-9.38609,38.82638],[-9.38678,38.8266],[-9.38703,38.82719],[-9.38734,38.82718],[-9.3874,38.82685],[-9.3866,38.82548],[-9.3865,38.82495],[-9.38662,38.82426],[-9.38742,38.82248],[-9.38779,38.82111],[-9.38774,38.82075],[-9.3874,38.82046],[-9.38712,38.82039],[-9.3868,38.82054],[-9.38593,38.82265],[-9.38482,38.8242],[-9.38484,38.82456],[-9.38544,38.82462]]]},"properties":{"OBJECTID":86,"SIG_SITES.SDE.RN_RecAgrFlo_RAN.AREA":7.50219756,"SHAPE.STArea()":75021.965359105,"SHAPE.STLength()":1774.3870287453265,"COD":"M","COD1":" ","excluir":1,"Regulamento":"https://cloud.cm-sintra.pt/s/H79QNwTyezCXLJd","Pag_Regulamento":"","Guiao":"https://cloud.cm-sintra.pt/s/DqxzTELFktdZGKZ","Pag_Guiao":"23","Relatorio":"https://cloud.cm-sintra.pt/s/DpQF9g5C5LiACtM","Pag_relatorio":"58"}},{"type":"Feature","id":87,"geometry":{"type":"Polygon","coordinates":[[[-9.31141,38.82587],[-9.31093,38.82618],[-9.31083,38.82652],[-9.31138,38.82715],[-9.31183,38.82729],[-9.3133,38.82668],[-9.31507,38.82631],[-9.31566,38.82586],[-9.31676,38.82571],[-9.31675,38.82493],[-9.31562,38.82492],[-9.3152,38.82477],[-9.31502,38.82446],[-9.31509,38.82357],[-9.31608,38.82287],[-9.31587,38.82231],[-9.31327,38.824],[-9.31382,38.82467],[-9.31368,38.82499],[-9.31309,38.82522],[-9.31257,38.82454],[-9.31141,38.82587]]]},"properties":{"OBJECTID":87,"SIG_SITES.SDE.RN_RecAgrFlo_RAN.AREA":11.32613175,"SHAPE.STArea()":113261.31746867,"SHAPE.STLength()":2011.207799536325,"COD":"M","COD1":" ","excluir":1,"Regulamento":"https://cloud.cm-sintra.pt/s/H79QNwTyezCXLJd","Pag_Regulamento":"","Guiao":"https://cloud.cm-sintra.pt/s/DqxzTELFktdZGKZ","Pag_Guiao":"23","Relatorio":"https://cloud.cm-sintra.pt/s/DpQF9g5C5LiACtM","Pag_relatorio":"58"}},{"type":"Feature","id":88,"geometry":{"type":"Polygon","coordinates":[[[-9.37353,38.82262],[-9.37308,38.82294],[-9.3728,38.8235],[-9.37344,38.82434],[-9.37359,38.8251],[-9.37402,38.82521],[-9.37443,38.82492],[-9.37447,38.82389],[-9.37402,38.82277],[-9.37353,38.82262]]]},"properties":{"OBJECTID":88,"SIG_SITES.SDE.RN_RecAgrFlo_RAN.AREA":2.70540534,"SHAPE.STArea()":27054.05123106,"SHAPE.STLength()":707.2433643239102,"COD":"M","COD1":" ","excluir":1,"Regulamento":"https://cloud.cm-sintra.pt/s/H79QNwTyezCXLJd","Pag_Regulamento":"","Guiao":"https://cloud.cm-sintra.pt/s/DqxzTELFktdZGKZ","Pag_Guiao":"23","Relatorio":"https://cloud.cm-sintra.pt/s/DpQF9g5C5LiACtM","Pag_relatorio":"58"}},{"type":"Feature","id":89,"geometry":{"type":"MultiPolygon","coordinates":[[[[-9.31959,38.82181],[-9.31989,38.82203],[-9.32004,38.82244],[-9.32106,38.82229],[-9.32074,38.82118],[-9.32029,38.82081],[-9.31879,38.82111],[-9.31884,38.82176],[-9.31959,38.82181]]],[[[-9.32022,38.82309],[-9.32062,38.82384],[-9.32138,38.82445],[-9.32188,38.82521],[-9.32234,38.82519],[-9.32245,38.82479],[-9.32233,38.82432],[-9.3216,38.82355],[-9.32121,38.82287],[-9.32022,38.82309]]]]},"properties":{"OBJECTID":89,"SIG_SITES.SDE.RN_RecAgrFlo_RAN.AREA":4.5653032,"SHAPE.STArea()":45653.031702535,"SHAPE.STLength()":1352.9694179537523,"COD":"M","COD1":" ","excluir":1,"Regulamento":"https://cloud.cm-sintra.pt/s/H79QNwTyezCXLJd","Pag_Regulamento":"","Guiao":"https://cloud.cm-sintra.pt/s/DqxzTELFktdZGKZ","Pag_Guiao":"23","Relatorio":"https://cloud.cm-sintra.pt/s/DpQF9g5C5LiACtM","Pag_relatorio":"58"}},{"type":"Feature","id":90,"geometry":{"type":"MultiPolygon","coordinates":[[[[-9.46654,38.81622],[-9.46675,38.81672],[-9.46682,38.81777],[-9.46649,38.81824],[-9.46654,38.81878],[-9.46626,38.81963],[-9.46642,38.8202],[-9.46568,38.82134],[-9.46588,38.8221],[-9.46625,38.82263],[-9.46703,38.82307],[-9.46791,38.82327],[-9.46775,38.8228],[-9.46712,38.82192],[-9.46692,38.82125],[-9.4671,38.82026],[-9.46741,38.8196],[-9.46734,38.81884],[-9.46665,38.81875],[-9.46729,38.81789],[-9.46804,38.81761],[-9.46752,38.81575],[-9.46696,38.81482],[-9.4662,38.81402],[-9.46497,38.81313],[-9.46422,38.81281],[-9.46393,38.81243],[-9.46376,38.81252],[-9.46324,38.81193],[-9.46278,38.8111],[-9.46248,38.81006],[-9.46085,38.80795],[-9.46045,38.8072],[-9.46034,38.80664],[-9.46091,38.80567],[-9.46227,38.80423],[-9.46259,38.80245],[-9.46372,38.80149],[-9.46425,38.8013],[-9.46498,38.8014],[-9.46701,38.80287],[-9.46755,38.80286],[-9.46746,38.80183],[-9.46792,38.80155],[-9.46799,38.80115],[-9.46853,38.80119],[-9.46859,38.80095],[-9.46777,38.80037],[-9.46736,38.80046],[-9.46691,38.80081],[-9.46594,38.80036],[-9.46553,38.8007],[-9.46582,38.80106],[-9.46563,38.80115],[-9.46491,38.80043],[-9.46508,38.80002],[-9.46464,38.79967],[-9.46419,38.79961],[-9.46435,38.79915],[-9.46409,38.79905],[-9.46455,38.79829],[-9.46565,38.79836],[-9.46599,38.79858],[-9.4662,38.79832],[-9.46666,38.79853],[-9.46681,38.79851],[-9.46692,38.79804],[-9.46464,38.79679],[-9.46398,38.79666],[-9.46328,38.79674],[-9.46272,38.7972],[-9.46242,38.79853],[-9.4618,38.79957],[-9.46,38.80127],[-9.45991,38.80202],[-9.45601,38.80227],[-9.45598,38.80258],[-9.45707,38.80255],[-9.45792,38.8029],[-9.45847,38.80278],[-9.45856,38.80325],[-9.45899,38.80342],[-9.45926,38.80396],[-9.45914,38.80406],[-9.45868,38.80379],[-9.45842,38.80382],[-9.45895,38.80422],[-9.45906,38.80445],[-9.45895,38.80459],[-9.45731,38.80403],[-9.45526,38.80283],[-9.45492,38.80289],[-9.45419,38.80343],[-9.4533,38.80326],[-9.45294,38.80358],[-9.4523,38.80371],[-9.4518,38.8034],[-9.45226,38.80274],[-9.45369,38.80189],[-9.45394,38.80199],[-9.45554,38.80179],[-9.45633,38.8016],[-9.45681,38.80122],[-9.45702,38.80133],[-9.4574,38.80114],[-9.45825,38.80036],[-9.45793,38.80013],[-9.45736,38.80023],[-9.45649,38.80092],[-9.45589,38.80114],[-9.45388,38.8013],[-9.45125,38.80212],[-9.45004,38.80206],[-9.44939,38.80305],[-9.45026,38.80323],[-9.44977,38.80368],[-9.44984,38.80435],[-9.45054,38.80463],[-9.45064,38.80515],[-9.45111,38.80542],[-9.45119,38.80568],[-9.45104,38.80613],[-9.45129,38.80639],[-9.45173,38.80665],[-9.45285,38.80646],[-9.45332,38.8066],[-9.45488,38.80778],[-9.45567,38.80789],[-9.45731,38.8089],[-9.45762,38.80868],[-9.45794,38.80923],[-9.4596,38.80986],[-9.45972,38.81009],[-9.45907,38.81034],[-9.46135,38.8127],[-9.46234,38.81347],[-9.46366,38.81379],[-9.46429,38.8142],[-9.46453,38.81406],[-9.46469,38.81423],[-9.46453,38.81432],[-9.4654,38.81519],[-9.46602,38.81562],[-9.46616,38.81557],[-9.46654,38.81622]]],[[[-9.46831,38.79945],[-9.46903,38.80027],[-9.47026,38.80085],[-9.47127,38.80087],[-9.47213,38.80053],[-9.47267,38.80059],[-9.4729,38.80037],[-9.47267,38.80005],[-9.47214,38.79981],[-9.47109,38.79966],[-9.47053,38.79932],[-9.47011,38.79947],[-9.47002,38.79917],[-9.46913,38.79878],[-9.46731,38.79839],[-9.46717,38.79855],[-9.46727,38.79876],[-9.46767,38.79913],[-9.46792,38.79898],[-9.46806,38.79908],[-9.46799,38.79925],[-9.46838,38.79933],[-9.46831,38.79945]]],[[[-9.44821,38.80161],[-9.44837,38.80148],[-9.44991,38.80201],[-9.44779,38.80034],[-9.44716,38.8003],[-9.4472,38.80055],[-9.44761,38.80082],[-9.44821,38.80161]]],[[[-9.45601,38.80263],[-9.45603,38.80264],[-9.45605,38.80265],[-9.45601,38.80263]]],[[[-9.45616,38.80273],[-9.45617,38.80274],[-9.45619,38.80275],[-9.45616,38.80273]]]]},"properties":{"OBJECTID":90,"SIG_SITES.SDE.RN_RecAgrFlo_RAN.AREA":111.34256577,"SHAPE.STArea()":1113425.653642585,"SHAPE.STLength()":14612.766324340135,"COD":"Ac","COD1":" 2a","excluir":1,"Regulamento":"https://cloud.cm-sintra.pt/s/H79QNwTyezCXLJd","Pag_Regulamento":"","Guiao":"https://cloud.cm-sintra.pt/s/DqxzTELFktdZGKZ","Pag_Guiao":"23","Relatorio":"https://cloud.cm-sintra.pt/s/DpQF9g5C5LiACtM","Pag_relatorio":"58"}},{"type":"Feature","id":91,"geometry":{"type":"Polygon","coordinates":[[[-9.39846,38.81932],[-9.39727,38.82021],[-9.39687,38.82107],[-9.39691,38.8213],[-9.39727,38.82118],[-9.39856,38.81976],[-9.39872,38.81947],[-9.39846,38.81932]]]},"properties":{"OBJECTID":91,"SIG_SITES.SDE.RN_RecAgrFlo_RAN.AREA":1.14752314,"SHAPE.STArea()":11475.23119951,"SHAPE.STLength()":572.8608736137624,"COD":"Ta","COD1":" 3","excluir":1,"Regulamento":"https://cloud.cm-sintra.pt/s/H79QNwTyezCXLJd","Pag_Regulamento":"","Guiao":"https://cloud.cm-sintra.pt/s/DqxzTELFktdZGKZ","Pag_Guiao":"23","Relatorio":"https://cloud.cm-sintra.pt/s/DpQF9g5C5LiACtM","Pag_relatorio":"58"}},{"type":"Feature","id":92,"geometry":{"type":"Polygon","coordinates":[[[-9.34818,38.82062],[-9.34825,38.82083],[-9.3499,38.8206],[-9.35,38.82043],[-9.35047,38.81594],[-9.35083,38.81499],[-9.3518,38.81338],[-9.35214,38.8124],[-9.35214,38.81015],[-9.35326,38.80918],[-9.35252,38.80876],[-9.35179,38.8099],[-9.35061,38.80944],[-9.34592,38.80925],[-9.34247,38.80842],[-9.34254,38.80947],[-9.34352,38.80949],[-9.34357,38.80909],[-9.34507,38.80955],[-9.34508,38.80943],[-9.34563,38.80952],[-9.34564,38.80991],[-9.34881,38.81031],[-9.3498,38.81081],[-9.35006,38.81114],[-9.35022,38.81244],[-9.3498,38.8136],[-9.34975,38.81441],[-9.34953,38.815],[-9.34909,38.8152],[-9.34795,38.815],[-9.34751,38.81518],[-9.34804,38.81658],[-9.34767,38.81901],[-9.34818,38.82062]]]},"properties":{"OBJECTID":92,"SIG_SITES.SDE.RN_RecAgrFlo_RAN.AREA":29.32644596,"SHAPE.STArea()":293264.451941415,"SHAPE.STLength()":4771.589199716872,"COD":"M","COD1":" ","excluir":1,"Regulamento":"https://cloud.cm-sintra.pt/s/H79QNwTyezCXLJd","Pag_Regulamento":"","Guiao":"https://cloud.cm-sintra.pt/s/DqxzTELFktdZGKZ","Pag_Guiao":"23","Relatorio":"https://cloud.cm-sintra.pt/s/DpQF9g5C5LiACtM","Pag_relatorio":"58"}},{"type":"Feature","id":93,"geometry":{"type":"Polygon","coordinates":[[[-9.29244,38.82004],[-9.29226,38.82022],[-9.2927,38.82075],[-9.29326,38.82077],[-9.29369,38.82058],[-9.29356,38.8203],[-9.29244,38.82004]]]},"properties":{"OBJECTID":93,"SIG_SITES.SDE.RN_RecAgrFlo_RAN.AREA":0.71287857,"SHAPE.STArea()":7128.784531415,"SHAPE.STLength()":333.51339416285737,"COD":"M","COD1":" ","excluir":1,"Regulamento":"https://cloud.cm-sintra.pt/s/H79QNwTyezCXLJd","Pag_Regulamento":"","Guiao":"https://cloud.cm-sintra.pt/s/DqxzTELFktdZGKZ","Pag_Guiao":"23","Relatorio":"https://cloud.cm-sintra.pt/s/DpQF9g5C5LiACtM","Pag_relatorio":"58"}},{"type":"Feature","id":94,"geometry":{"type":"Polygon","coordinates":[[[-9.35238,38.81853],[-9.3538,38.81911],[-9.35374,38.81928],[-9.35443,38.81853],[-9.3569,38.81814],[-9.35802,38.81767],[-9.35794,38.81747],[-9.35592,38.81762],[-9.35563,38.81753],[-9.35551,38.81726],[-9.35627,38.81619],[-9.35649,38.81523],[-9.35831,38.81477],[-9.35927,38.81415],[-9.35965,38.81343],[-9.35934,38.8129],[-9.35759,38.81306],[-9.35641,38.81362],[-9.35567,38.81437],[-9.35487,38.81381],[-9.35439,38.81387],[-9.35432,38.81433],[-9.35458,38.81477],[-9.35446,38.81519],[-9.35381,38.81525],[-9.35366,38.81566],[-9.35303,38.81602],[-9.35301,38.81625],[-9.35332,38.81658],[-9.35336,38.81685],[-9.35238,38.81853]]]},"properties":{"OBJECTID":94,"SIG_SITES.SDE.RN_RecAgrFlo_RAN.AREA":18.01130972,"SHAPE.STArea()":180113.093870255,"SHAPE.STLength()":2706.2294537532216,"COD":"Ta","COD1":"1","excluir":1,"Regulamento":"https://cloud.cm-sintra.pt/s/H79QNwTyezCXLJd","Pag_Regulamento":"","Guiao":"https://cloud.cm-sintra.pt/s/DqxzTELFktdZGKZ","Pag_Guiao":"23","Relatorio":"https://cloud.cm-sintra.pt/s/DpQF9g5C5LiACtM","Pag_relatorio":"58"}},{"type":"Feature","id":95,"geometry":{"type":"Polygon","coordinates":[[[-9.34642,38.81806],[-9.3465,38.81765],[-9.34627,38.81734],[-9.34587,38.8173],[-9.3455,38.81751],[-9.34573,38.81813],[-9.34642,38.81806]]]},"properties":{"OBJECTID":95,"SIG_SITES.SDE.RN_RecAgrFlo_RAN.AREA":0.65844241,"SHAPE.STArea()":6584.425014195,"SHAPE.STLength()":297.9021402463196,"COD":"M","COD1":" ","excluir":1,"Regulamento":"https://cloud.cm-sintra.pt/s/H79QNwTyezCXLJd","Pag_Regulamento":"","Guiao":"https://cloud.cm-sintra.pt/s/DqxzTELFktdZGKZ","Pag_Guiao":"23","Relatorio":"https://cloud.cm-sintra.pt/s/DpQF9g5C5LiACtM","Pag_relatorio":"58"}},{"type":"Feature","id":96,"geometry":{"type":"MultiPolygon","coordinates":[[[[-9.29224,38.81546],[-9.29178,38.81766],[-9.29191,38.81818],[-9.2928,38.8165],[-9.29309,38.81621],[-9.2941,38.81596],[-9.29578,38.81512],[-9.29822,38.81417],[-9.29898,38.81364],[-9.29906,38.81343],[-9.29877,38.81315],[-9.29842,38.81307],[-9.29671,38.81364],[-9.29662,38.81279],[-9.29609,38.81274],[-9.29442,38.8135],[-9.29223,38.81487],[-9.2924,38.81514],[-9.29224,38.81546]]],[[[-9.29161,38.81516],[-9.29097,38.81551],[-9.29086,38.81582],[-9.29123,38.81586],[-9.29171,38.81549],[-9.29161,38.81516]]]]},"properties":{"OBJECTID":96,"SIG_SITES.SDE.RN_RecAgrFlo_RAN.AREA":12.48704314,"SHAPE.STArea()":124870.432613225,"SHAPE.STLength()":2279.8887569978447,"COD":"Ac","COD1":"1;2d","excluir":1,"Regulamento":"https://cloud.cm-sintra.pt/s/H79QNwTyezCXLJd","Pag_Regulamento":"","Guiao":"https://cloud.cm-sintra.pt/s/DqxzTELFktdZGKZ","Pag_Guiao":"23","Relatorio":"https://cloud.cm-sintra.pt/s/DpQF9g5C5LiACtM","Pag_relatorio":"58"}},{"type":"Feature","id":97,"geometry":{"type":"Polygon","coordinates":[[[-9.43865,38.81428],[-9.43893,38.8153],[-9.43784,38.81646],[-9.43778,38.81667],[-9.43798,38.81683],[-9.43919,38.81632],[-9.43986,38.81541],[-9.43996,38.81427],[-9.43977,38.81427],[-9.43979,38.81366],[-9.43948,38.81364],[-9.4392,38.81309],[-9.43894,38.81317],[-9.43914,38.81429],[-9.43865,38.81428]]]},"properties":{"OBJECTID":97,"SIG_SITES.SDE.RN_RecAgrFlo_RAN.AREA":3.41112252,"SHAPE.STArea()":34111.229642495,"SHAPE.STLength()":1067.1477645018797,"COD":"M","COD1":" ","excluir":1,"Regulamento":"https://cloud.cm-sintra.pt/s/H79QNwTyezCXLJd","Pag_Regulamento":"","Guiao":"https://cloud.cm-sintra.pt/s/DqxzTELFktdZGKZ","Pag_Guiao":"23","Relatorio":"https://cloud.cm-sintra.pt/s/DpQF9g5C5LiACtM","Pag_relatorio":"58"}},{"type":"Feature","id":98,"geometry":{"type":"Polygon","coordinates":[[[-9.38998,38.81252],[-9.39032,38.81238],[-9.38921,38.8113],[-9.38601,38.81216],[-9.38464,38.81274],[-9.38342,38.81271],[-9.38057,38.81348],[-9.37976,38.81406],[-9.37761,38.81423],[-9.37508,38.81387],[-9.37429,38.81333],[-9.37436,38.81255],[-9.37379,38.81261],[-9.37353,38.81294],[-9.37375,38.81414],[-9.37505,38.81474],[-9.37655,38.81517],[-9.37713,38.8158],[-9.37756,38.81596],[-9.37824,38.81573],[-9.37983,38.81466],[-9.38488,38.81332],[-9.38646,38.81247],[-9.38878,38.81293],[-9.38942,38.81278],[-9.38949,38.81255],[-9.38998,38.81252]]]},"properties":{"OBJECTID":98,"SIG_SITES.SDE.RN_RecAgrFlo_RAN.AREA":15.6695603,"SHAPE.STArea()":156695.59816544,"SHAPE.STLength()":3549.1193383106947,"COD":"Ac","COD1":" 2a","excluir":1,"Regulamento":"https://cloud.cm-sintra.pt/s/H79QNwTyezCXLJd","Pag_Regulamento":"","Guiao":"https://cloud.cm-sintra.pt/s/DqxzTELFktdZGKZ","Pag_Guiao":"23","Relatorio":"https://cloud.cm-sintra.pt/s/DpQF9g5C5LiACtM","Pag_relatorio":"58"}},{"type":"Feature","id":99,"geometry":{"type":"Polygon","coordinates":[[[-9.39378,38.81341],[-9.39485,38.81365],[-9.39497,38.81456],[-9.39561,38.81487],[-9.39576,38.8148],[-9.39588,38.81433],[-9.39553,38.81295],[-9.39574,38.81252],[-9.39609,38.81251],[-9.39632,38.81275],[-9.39674,38.81431],[-9.39696,38.81451],[-9.39781,38.81412],[-9.39758,38.81352],[-9.39853,38.81323],[-9.39879,38.81373],[-9.39928,38.81359],[-9.40028,38.81285],[-9.40052,38.81247],[-9.40033,38.81145],[-9.39919,38.81142],[-9.39874,38.81104],[-9.39863,38.81037],[-9.39902,38.80893],[-9.39896,38.80863],[-9.39873,38.80849],[-9.39839,38.80862],[-9.39866,38.80942],[-9.39861,38.80977],[-9.39805,38.81015],[-9.39795,38.81058],[-9.39758,38.8107],[-9.39769,38.8114],[-9.39695,38.81153],[-9.39694,38.81111],[-9.39644,38.81085],[-9.3959,38.81111],[-9.39536,38.81187],[-9.39447,38.81159],[-9.39457,38.81109],[-9.39532,38.81113],[-9.39548,38.81079],[-9.39528,38.81056],[-9.39377,38.8104],[-9.39436,38.80838],[-9.39419,38.808],[-9.39487,38.80721],[-9.39589,38.80693],[-9.39603,38.80676],[-9.39604,38.80618],[-9.39636,38.80615],[-9.39586,38.80474],[-9.39462,38.80523],[-9.39424,38.80556],[-9.39409,38.80628],[-9.39457,38.80679],[-9.39455,38.80711],[-9.39362,38.80785],[-9.39211,38.80954],[-9.39005,38.81115],[-9.39079,38.81334],[-9.39184,38.81311],[-9.3919,38.81291],[-9.39257,38.81304],[-9.39262,38.81326],[-9.39378,38.81341]]]},"properties":{"OBJECTID":99,"SIG_SITES.SDE.RN_RecAgrFlo_RAN.AREA":34.3776604,"SHAPE.STArea()":343776.60846232,"SHAPE.STLength()":5401.391730507483,"COD":"M","COD1":" 2a","excluir":1,"Regulamento":"https://cloud.cm-sintra.pt/s/H79QNwTyezCXLJd","Pag_Regulamento":"","Guiao":"https://cloud.cm-sintra.pt/s/DqxzTELFktdZGKZ","Pag_Guiao":"23","Relatorio":"https://cloud.cm-sintra.pt/s/DpQF9g5C5LiACtM","Pag_relatorio":"58"}},{"type":"Feature","id":100,"geometry":{"type":"Polygon","coordinates":[[[-9.33175,38.81251],[-9.33086,38.81282],[-9.33047,38.81338],[-9.33085,38.81348],[-9.33203,38.81309],[-9.33207,38.81266],[-9.33175,38.81251]]]},"properties":{"OBJECTID":100,"SIG_SITES.SDE.RN_RecAgrFlo_RAN.AREA":1.00727949,"SHAPE.STArea()":10072.795619335,"SHAPE.STLength()":395.24451961351866,"COD":"M","COD1":" ","excluir":1,"Regulamento":"https://cloud.cm-sintra.pt/s/H79QNwTyezCXLJd","Pag_Regulamento":"","Guiao":"https://cloud.cm-sintra.pt/s/DqxzTELFktdZGKZ","Pag_Guiao":"23","Relatorio":"https://cloud.cm-sintra.pt/s/DpQF9g5C5LiACtM","Pag_relatorio":"58"}},{"type":"Feature","id":101,"geometry":{"type":"Polygon","coordinates":[[[-9.25537,38.81349],[-9.25608,38.81356],[-9.25611,38.81335],[-9.2572,38.81357],[-9.25857,38.81274],[-9.25726,38.81261],[-9.25598,38.81204],[-9.25537,38.81154],[-9.25505,38.81154],[-9.25461,38.8128],[-9.25517,38.81297],[-9.25513,38.81326],[-9.25537,38.81349]]]},"properties":{"OBJECTID":101,"SIG_SITES.SDE.RN_RecAgrFlo_RAN.AREA":3.75232607,"SHAPE.STArea()":37523.25749252,"SHAPE.STLength()":967.1478225079267,"COD":"A","COD1":" 21","excluir":1,"Regulamento":"https://cloud.cm-sintra.pt/s/H79QNwTyezCXLJd","Pag_Regulamento":"","Guiao":"https://cloud.cm-sintra.pt/s/DqxzTELFktdZGKZ","Pag_Guiao":"23","Relatorio":"https://cloud.cm-sintra.pt/s/DpQF9g5C5LiACtM","Pag_relatorio":"58"}},{"type":"Feature","id":102,"geometry":{"type":"Polygon","coordinates":[[[-9.30355,38.80907],[-9.30287,38.80949],[-9.30232,38.80962],[-9.30196,38.80998],[-9.30079,38.81219],[-9.30075,38.81271],[-9.30115,38.81272],[-9.30285,38.81184],[-9.3061,38.81185],[-9.30698,38.81172],[-9.30804,38.81133],[-9.3091,38.81142],[-9.31034,38.81071],[-9.31355,38.81015],[-9.31379,38.80992],[-9.31384,38.80961],[-9.31344,38.80839],[-9.31339,38.8075],[-9.31358,38.80678],[-9.31394,38.80639],[-9.31429,38.80657],[-9.31627,38.80894],[-9.3167,38.80974],[-9.3171,38.81104],[-9.31753,38.81167],[-9.31794,38.81164],[-9.31857,38.81089],[-9.31889,38.81079],[-9.31952,38.81118],[-9.31964,38.81187],[-9.32,38.8122],[-9.32138,38.81216],[-9.32262,38.81237],[-9.32327,38.812],[-9.32276,38.81184],[-9.32283,38.81162],[-9.32131,38.81159],[-9.32107,38.81135],[-9.32109,38.81088],[-9.32091,38.81062],[-9.31979,38.81053],[-9.31936,38.80986],[-9.31877,38.80999],[-9.31839,38.80977],[-9.31828,38.80987],[-9.3181,38.8098],[-9.31823,38.80967],[-9.31753,38.80924],[-9.31767,38.80884],[-9.31756,38.80854],[-9.31716,38.80811],[-9.31661,38.80812],[-9.31551,38.80702],[-9.31562,38.80681],[-9.31564,38.80695],[-9.31592,38.80694],[-9.31594,38.80652],[-9.31487,38.80586],[-9.31418,38.80519],[-9.31376,38.80439],[-9.31305,38.80215],[-9.31272,38.80219],[-9.31265,38.80099],[-9.31253,38.80106],[-9.31227,38.80086],[-9.31252,38.80067],[-9.31221,38.80021],[-9.31179,38.80012],[-9.30918,38.80156],[-9.30782,38.80367],[-9.30926,38.80414],[-9.30985,38.80319],[-9.30978,38.8021],[-9.31026,38.80167],[-9.31147,38.80161],[-9.31228,38.80207],[-9.31265,38.80298],[-9.31301,38.80494],[-9.31297,38.80707],[-9.31268,38.80873],[-9.31242,38.80923],[-9.31153,38.80976],[-9.30944,38.80984],[-9.30825,38.81006],[-9.30624,38.80952],[-9.305,38.80937],[-9.30472,38.80916],[-9.30355,38.80907]]]},"properties":{"OBJECTID":102,"SIG_SITES.SDE.RN_RecAgrFlo_RAN.AREA":44.88994304,"SHAPE.STArea()":448899.423110315,"SHAPE.STLength()":8445.46278027166,"COD":"M","COD1":" ","excluir":1,"Regulamento":"https://cloud.cm-sintra.pt/s/H79QNwTyezCXLJd","Pag_Regulamento":"","Guiao":"https://cloud.cm-sintra.pt/s/DqxzTELFktdZGKZ","Pag_Guiao":"23","Relatorio":"https://cloud.cm-sintra.pt/s/DpQF9g5C5LiACtM","Pag_relatorio":"58"}},{"type":"Feature","id":103,"geometry":{"type":"MultiPolygon","coordinates":[[[[-9.36408,38.80754],[-9.36387,38.80785],[-9.36313,38.80794],[-9.36302,38.80821],[-9.36382,38.8093],[-9.36382,38.80982],[-9.36422,38.81021],[-9.3644,38.81068],[-9.36483,38.81039],[-9.3656,38.8102],[-9.36595,38.8098],[-9.36651,38.80973],[-9.36655,38.80955],[-9.36699,38.80945],[-9.36824,38.80933],[-9.36869,38.80946],[-9.36846,38.80987],[-9.36914,38.80975],[-9.36966,38.80925],[-9.37013,38.80913],[-9.36997,38.80897],[-9.3696,38.80901],[-9.36954,38.80883],[-9.37024,38.80877],[-9.37036,38.80844],[-9.37024,38.80813],[-9.36846,38.80818],[-9.36699,38.80874],[-9.36676,38.80909],[-9.36583,38.80951],[-9.36499,38.80949],[-9.36491,38.80924],[-9.3643,38.80899],[-9.36384,38.80824],[-9.36445,38.80808],[-9.36408,38.80754]]],[[[-9.36492,38.80678],[-9.365,38.80672],[-9.36519,38.80699],[-9.36583,38.80618],[-9.36522,38.80566],[-9.36476,38.80471],[-9.36437,38.80462],[-9.36408,38.80493],[-9.36434,38.80579],[-9.36398,38.8064],[-9.36412,38.8066],[-9.36492,38.80678]]],[[[-9.36628,38.80653],[-9.36638,38.80798],[-9.3667,38.80771],[-9.36676,38.80704],[-9.36667,38.80679],[-9.36628,38.80653]]]]},"properties":{"OBJECTID":103,"SIG_SITES.SDE.RN_RecAgrFlo_RAN.AREA":9.76077239,"SHAPE.STArea()":97607.72060146,"SHAPE.STLength()":3245.233329615536,"COD":"M","COD1":" ","excluir":1,"Regulamento":"https://cloud.cm-sintra.pt/s/H79QNwTyezCXLJd","Pag_Regulamento":"","Guiao":"https://cloud.cm-sintra.pt/s/DqxzTELFktdZGKZ","Pag_Guiao":"23","Relatorio":"https://cloud.cm-sintra.pt/s/DpQF9g5C5LiACtM","Pag_relatorio":"58"}},{"type":"Feature","id":104,"geometry":{"type":"Polygon","coordinates":[[[-9.37174,38.80901],[-9.37174,38.80925],[-9.37194,38.80935],[-9.37268,38.80848],[-9.37394,38.80876],[-9.37503,38.80766],[-9.37657,38.80754],[-9.3771,38.80623],[-9.37572,38.80612],[-9.37548,38.80587],[-9.3747,38.80587],[-9.37438,38.80659],[-9.37385,38.80694],[-9.3737,38.80723],[-9.37291,38.80737],[-9.37232,38.80787],[-9.37194,38.80765],[-9.37134,38.80675],[-9.37077,38.80651],[-9.3702,38.80657],[-9.36986,38.80695],[-9.36986,38.80719],[-9.3703,38.80767],[-9.37081,38.80791],[-9.37115,38.80784],[-9.37131,38.80816],[-9.37109,38.80843],[-9.37183,38.80874],[-9.37174,38.80901]]]},"properties":{"OBJECTID":104,"SIG_SITES.SDE.RN_RecAgrFlo_RAN.AREA":10.03449139,"SHAPE.STArea()":100344.918389795,"SHAPE.STLength()":1985.6938901505946,"COD":"Ac","COD1":"PPSintra","excluir":1,"Regulamento":"https://cloud.cm-sintra.pt/s/H79QNwTyezCXLJd","Pag_Regulamento":"","Guiao":"https://cloud.cm-sintra.pt/s/DqxzTELFktdZGKZ","Pag_Guiao":"23","Relatorio":"https://cloud.cm-sintra.pt/s/DpQF9g5C5LiACtM","Pag_relatorio":"58"}},{"type":"Feature","id":105,"geometry":{"type":"Polygon","coordinates":[[[-9.24429,38.80904],[-9.24464,38.80902],[-9.24468,38.80879],[-9.24421,38.80783],[-9.24297,38.80696],[-9.24257,38.80633],[-9.24273,38.80551],[-9.24319,38.80455],[-9.24284,38.80392],[-9.24277,38.80329],[-9.24206,38.80254],[-9.24103,38.80206],[-9.24085,38.80173],[-9.2408,38.8011],[-9.24124,38.79919],[-9.24142,38.79752],[-9.24174,38.79709],[-9.24232,38.79689],[-9.24414,38.79687],[-9.24502,38.79716],[-9.24549,38.79799],[-9.24616,38.80021],[-9.24662,38.80028],[-9.24665,38.79986],[-9.2464,38.79928],[-9.24617,38.79781],[-9.2459,38.79738],[-9.24585,38.7968],[-9.24531,38.79596],[-9.24498,38.79476],[-9.24513,38.79407],[-9.24453,38.79345],[-9.24439,38.79354],[-9.24451,38.79431],[-9.24439,38.79487],[-9.2433,38.79596],[-9.2427,38.79619],[-9.2417,38.79616],[-9.24095,38.79646],[-9.24068,38.79781],[-9.24089,38.79849],[-9.24081,38.79912],[-9.24011,38.80009],[-9.24002,38.80101],[-9.24024,38.80219],[-9.24136,38.80353],[-9.24211,38.80397],[-9.2427,38.80459],[-9.24217,38.80626],[-9.24153,38.80719],[-9.24126,38.80793],[-9.24148,38.80799],[-9.24227,38.80768],[-9.24273,38.80791],[-9.24342,38.80792],[-9.24429,38.80904]]]},"properties":{"OBJECTID":105,"SIG_SITES.SDE.RN_RecAgrFlo_RAN.AREA":18.10910825,"SHAPE.STArea()":181091.09405561,"SHAPE.STLength()":5355.210517701728,"COD":"Ta","COD1":" 2d;5","excluir":1,"Regulamento":"https://cloud.cm-sintra.pt/s/H79QNwTyezCXLJd","Pag_Regulamento":"","Guiao":"https://cloud.cm-sintra.pt/s/DqxzTELFktdZGKZ","Pag_Guiao":"23","Relatorio":"https://cloud.cm-sintra.pt/s/DpQF9g5C5LiACtM","Pag_relatorio":"58"}},{"type":"Feature","id":106,"geometry":{"type":"MultiPolygon","coordinates":[[[[-9.44438,38.80606],[-9.44734,38.80581],[-9.4479,38.80595],[-9.44862,38.80571],[-9.44859,38.80544],[-9.44855,38.80527],[-9.44722,38.8052],[-9.44712,38.80495],[-9.44726,38.80456],[-9.44662,38.80406],[-9.44673,38.80414],[-9.44653,38.8043],[-9.4463,38.80412],[-9.44605,38.80436],[-9.44561,38.80441],[-9.44499,38.80512],[-9.44409,38.80542],[-9.44425,38.80542],[-9.44438,38.80606]]],[[[-9.44361,38.80567],[-9.4436,38.80572],[-9.44361,38.80572],[-9.44361,38.80567]]]]},"properties":{"OBJECTID":106,"SIG_SITES.SDE.RN_RecAgrFlo_RAN.AREA":4.44517526,"SHAPE.STArea()":44451.74943073,"SHAPE.STLength()":1147.8946034975847,"COD":"M","COD1":" ","excluir":1,"Regulamento":"https://cloud.cm-sintra.pt/s/H79QNwTyezCXLJd","Pag_Regulamento":"","Guiao":"https://cloud.cm-sintra.pt/s/DqxzTELFktdZGKZ","Pag_Guiao":"23","Relatorio":"https://cloud.cm-sintra.pt/s/DpQF9g5C5LiACtM","Pag_relatorio":"58"}},{"type":"Feature","id":107,"geometry":{"type":"Polygon","coordinates":[[[-9.30589,38.80623],[-9.30686,38.80544],[-9.30626,38.80483],[-9.30558,38.80551],[-9.30386,38.80611],[-9.30376,38.80629],[-9.30395,38.80696],[-9.30422,38.80706],[-9.30496,38.80689],[-9.30474,38.8062],[-9.30485,38.80597],[-9.30537,38.80579],[-9.30589,38.80623]]]},"properties":{"OBJECTID":107,"SIG_SITES.SDE.RN_RecAgrFlo_RAN.AREA":2.17532286,"SHAPE.STArea()":21753.227421075,"SHAPE.STLength()":896.4889498627532,"COD":"Ta","COD1":"1","excluir":1,"Regulamento":"https://cloud.cm-sintra.pt/s/H79QNwTyezCXLJd","Pag_Regulamento":"","Guiao":"https://cloud.cm-sintra.pt/s/DqxzTELFktdZGKZ","Pag_Guiao":"23","Relatorio":"https://cloud.cm-sintra.pt/s/DpQF9g5C5LiACtM","Pag_relatorio":"58"}},{"type":"Feature","id":108,"geometry":{"type":"Polygon","coordinates":[[[-9.44672,38.80369],[-9.44743,38.80413],[-9.44724,38.804],[-9.44744,38.80411],[-9.44814,38.80365],[-9.44841,38.80379],[-9.449,38.80327],[-9.44787,38.80245],[-9.44743,38.80236],[-9.44698,38.80259],[-9.44666,38.80251],[-9.44664,38.80228],[-9.44718,38.80163],[-9.44664,38.80117],[-9.44645,38.80112],[-9.44606,38.80139],[-9.4454,38.80087],[-9.44474,38.8009],[-9.44448,38.80045],[-9.444,38.80084],[-9.44391,38.801],[-9.4452,38.80225],[-9.4457,38.8031],[-9.44716,38.80395],[-9.44672,38.80369]],[[-9.4472,38.80398],[-9.44716,38.80395],[-9.44724,38.804],[-9.4472,38.80398]]]},"properties":{"OBJECTID":108,"SIG_SITES.SDE.RN_RecAgrFlo_RAN.AREA":6.70735377,"SHAPE.STArea()":67073.53750683,"SHAPE.STLength()":1610.0092973677747,"COD":"A","COD1":" 21","excluir":1,"Regulamento":"https://cloud.cm-sintra.pt/s/H79QNwTyezCXLJd","Pag_Regulamento":"","Guiao":"https://cloud.cm-sintra.pt/s/DqxzTELFktdZGKZ","Pag_Guiao":"23","Relatorio":"https://cloud.cm-sintra.pt/s/DpQF9g5C5LiACtM","Pag_relatorio":"58"}},{"type":"Feature","id":109,"geometry":{"type":"Polygon","coordinates":[[[-9.4814,38.80175],[-9.48166,38.80215],[-9.48105,38.80257],[-9.48143,38.80278],[-9.48194,38.80257],[-9.48248,38.80208],[-9.48354,38.80173],[-9.48386,38.80096],[-9.48323,38.80082],[-9.48206,38.80013],[-9.48173,38.80062],[-9.4828,38.80106],[-9.48298,38.80132],[-9.48232,38.80166],[-9.48146,38.80131],[-9.4812,38.80146],[-9.4814,38.80175]]]},"properties":{"OBJECTID":109,"SIG_SITES.SDE.RN_RecAgrFlo_RAN.AREA":2.67691117,"SHAPE.STArea()":26769.110818215,"SHAPE.STLength()":1111.3639947949437,"COD":"Ac","COD1":" 1","excluir":1,"Regulamento":"https://cloud.cm-sintra.pt/s/H79QNwTyezCXLJd","Pag_Regulamento":"","Guiao":"https://cloud.cm-sintra.pt/s/DqxzTELFktdZGKZ","Pag_Guiao":"23","Relatorio":"https://cloud.cm-sintra.pt/s/DpQF9g5C5LiACtM","Pag_relatorio":"58"}},{"type":"Feature","id":110,"geometry":{"type":"Polygon","coordinates":[[[-9.47426,38.8001],[-9.47422,38.80057],[-9.47314,38.80143],[-9.47283,38.80192],[-9.4735,38.80183],[-9.47575,38.80054],[-9.4771,38.80011],[-9.47965,38.80004],[-9.48077,38.79918],[-9.48168,38.79887],[-9.4826,38.79892],[-9.48365,38.7993],[-9.48399,38.79972],[-9.4843,38.80075],[-9.4846,38.80069],[-9.48489,38.79985],[-9.48478,38.79923],[-9.48455,38.79886],[-9.48332,38.79834],[-9.48247,38.79759],[-9.48035,38.79467],[-9.47899,38.79355],[-9.47849,38.79343],[-9.47763,38.79351],[-9.47726,38.79378],[-9.47695,38.79539],[-9.47609,38.79621],[-9.47595,38.79697],[-9.47534,38.79759],[-9.4751,38.79825],[-9.47441,38.79926],[-9.47426,38.8001]]]},"properties":{"OBJECTID":110,"SIG_SITES.SDE.RN_RecAgrFlo_RAN.AREA":38.7622093,"SHAPE.STArea()":387622.089250415,"SHAPE.STLength()":3452.96787756888,"COD":"M","COD1":" ","excluir":1,"Regulamento":"https://cloud.cm-sintra.pt/s/H79QNwTyezCXLJd","Pag_Regulamento":"","Guiao":"https://cloud.cm-sintra.pt/s/DqxzTELFktdZGKZ","Pag_Guiao":"23","Relatorio":"https://cloud.cm-sintra.pt/s/DpQF9g5C5LiACtM","Pag_relatorio":"58"}},{"type":"Feature","id":111,"geometry":{"type":"Polygon","coordinates":[[[-9.44456,38.79881],[-9.44357,38.79879],[-9.44201,38.79812],[-9.43941,38.79805],[-9.43804,38.79722],[-9.43753,38.7971],[-9.43683,38.79719],[-9.43628,38.79757],[-9.43632,38.79864],[-9.43778,38.79873],[-9.43883,38.79903],[-9.43929,38.79935],[-9.441,38.79954],[-9.44176,38.79987],[-9.44248,38.80055],[-9.44302,38.80031],[-9.44349,38.80048],[-9.44356,38.80024],[-9.44328,38.80003],[-9.4438,38.79918],[-9.44416,38.79913],[-9.44456,38.79881]]]},"properties":{"OBJECTID":111,"SIG_SITES.SDE.RN_RecAgrFlo_RAN.AREA":11.18761808,"SHAPE.STArea()":111876.181544265,"SHAPE.STLength()":1892.86652245499,"COD":"Ac","COD1":"2b;1","excluir":1,"Regulamento":"https://cloud.cm-sintra.pt/s/H79QNwTyezCXLJd","Pag_Regulamento":"","Guiao":"https://cloud.cm-sintra.pt/s/DqxzTELFktdZGKZ","Pag_Guiao":"23","Relatorio":"https://cloud.cm-sintra.pt/s/DpQF9g5C5LiACtM","Pag_relatorio":"58"}},{"type":"Feature","id":112,"geometry":{"type":"Polygon","coordinates":[[[-9.2879,38.7971],[-9.28773,38.79739],[-9.28781,38.79871],[-9.28726,38.79988],[-9.28751,38.80106],[-9.2878,38.80142],[-9.28809,38.80065],[-9.28799,38.7993],[-9.28886,38.79886],[-9.2888,38.79845],[-9.28849,38.79808],[-9.28842,38.79727],[-9.28828,38.7971],[-9.2879,38.7971]]]},"properties":{"OBJECTID":112,"SIG_SITES.SDE.RN_RecAgrFlo_RAN.AREA":2.84755265,"SHAPE.STArea()":28475.52455302,"SHAPE.STLength()":1086.4240232229408,"COD":"M","COD1":" ","excluir":1,"Regulamento":"https://cloud.cm-sintra.pt/s/H79QNwTyezCXLJd","Pag_Regulamento":"","Guiao":"https://cloud.cm-sintra.pt/s/DqxzTELFktdZGKZ","Pag_Guiao":"23","Relatorio":"https://cloud.cm-sintra.pt/s/DpQF9g5C5LiACtM","Pag_relatorio":"58"}},{"type":"Feature","id":113,"geometry":{"type":"Polygon","coordinates":[[[-9.45493,38.79723],[-9.4546,38.79757],[-9.45458,38.79793],[-9.45482,38.79817],[-9.45533,38.79827],[-9.45594,38.79802],[-9.45654,38.79723],[-9.45704,38.79727],[-9.45756,38.79708],[-9.4586,38.79722],[-9.45926,38.79615],[-9.45931,38.79562],[-9.4584,38.79489],[-9.45806,38.7949],[-9.45786,38.79521],[-9.45791,38.79617],[-9.45767,38.79642],[-9.45731,38.79649],[-9.45705,38.79622],[-9.45698,38.79496],[-9.45667,38.7949],[-9.45597,38.79523],[-9.45537,38.79512],[-9.4552,38.79544],[-9.4561,38.79599],[-9.45493,38.79723]]]},"properties":{"OBJECTID":113,"SIG_SITES.SDE.RN_RecAgrFlo_RAN.AREA":7.4398205,"SHAPE.STArea()":74398.20274144,"SHAPE.STLength()":1736.2762083485552,"COD":"M","COD1":" ","excluir":1,"Regulamento":"https://cloud.cm-sintra.pt/s/H79QNwTyezCXLJd","Pag_Regulamento":"","Guiao":"https://cloud.cm-sintra.pt/s/DqxzTELFktdZGKZ","Pag_Guiao":"23","Relatorio":"https://cloud.cm-sintra.pt/s/DpQF9g5C5LiACtM","Pag_relatorio":"58"}},{"type":"Feature","id":114,"geometry":{"type":"Polygon","coordinates":[[[-9.30911,38.79807],[-9.30804,38.79828],[-9.30705,38.79904],[-9.30745,38.79937],[-9.30818,38.79934],[-9.30933,38.79899],[-9.31029,38.7985],[-9.30974,38.79808],[-9.30939,38.79826],[-9.30911,38.79807]]]},"properties":{"OBJECTID":114,"SIG_SITES.SDE.RN_RecAgrFlo_RAN.AREA":2.46713259,"SHAPE.STArea()":24671.32706901,"SHAPE.STLength()":682.4987548131135,"COD":"Ac","COD1":" 2a,21","excluir":1,"Regulamento":"https://cloud.cm-sintra.pt/s/H79QNwTyezCXLJd","Pag_Regulamento":"","Guiao":"https://cloud.cm-sintra.pt/s/DqxzTELFktdZGKZ","Pag_Guiao":"23","Relatorio":"https://cloud.cm-sintra.pt/s/DpQF9g5C5LiACtM","Pag_relatorio":"58"}},{"type":"Feature","id":115,"geometry":{"type":"Polygon","coordinates":[[[-9.42417,38.79742],[-9.42434,38.7974],[-9.42436,38.79772],[-9.42462,38.79762],[-9.42485,38.79688],[-9.42424,38.79598],[-9.42414,38.79511],[-9.42397,38.79484],[-9.42361,38.79502],[-9.42357,38.79583],[-9.4242,38.79699],[-9.42417,38.79742]]]},"properties":{"OBJECTID":115,"SIG_SITES.SDE.RN_RecAgrFlo_RAN.AREA":1.56984205,"SHAPE.STArea()":15698.41925188,"SHAPE.STLength()":729.1112051130984,"COD":"Ac","COD1":"1","excluir":1,"Regulamento":"https://cloud.cm-sintra.pt/s/H79QNwTyezCXLJd","Pag_Regulamento":"","Guiao":"https://cloud.cm-sintra.pt/s/DqxzTELFktdZGKZ","Pag_Guiao":"23","Relatorio":"https://cloud.cm-sintra.pt/s/DpQF9g5C5LiACtM","Pag_relatorio":"58"}},{"type":"Feature","id":116,"geometry":{"type":"Polygon","coordinates":[[[-9.46696,38.79409],[-9.47115,38.79408],[-9.47171,38.79271],[-9.47281,38.79261],[-9.4713,38.79141],[-9.4698,38.79112],[-9.46846,38.79036],[-9.46724,38.79021],[-9.46638,38.78983],[-9.46497,38.79009],[-9.46319,38.78999],[-9.46134,38.79056],[-9.46017,38.79229],[-9.46149,38.79274],[-9.46127,38.79306],[-9.46249,38.79271],[-9.46326,38.79292],[-9.46328,38.79263],[-9.46503,38.79282],[-9.46491,38.79244],[-9.46561,38.79248],[-9.46567,38.79269],[-9.46624,38.79274],[-9.4665,38.79305],[-9.46688,38.79295],[-9.46723,38.7937],[-9.46698,38.79377],[-9.46696,38.79409]]]},"properties":{"OBJECTID":116,"SIG_SITES.SDE.RN_RecAgrFlo_RAN.AREA":30.73356828,"SHAPE.STArea()":307335.682876425,"SHAPE.STLength()":2931.045534327079,"COD":"M","COD1":" ","excluir":1,"Regulamento":"https://cloud.cm-sintra.pt/s/H79QNwTyezCXLJd","Pag_Regulamento":"","Guiao":"https://cloud.cm-sintra.pt/s/DqxzTELFktdZGKZ","Pag_Guiao":"23","Relatorio":"https://cloud.cm-sintra.pt/s/DpQF9g5C5LiACtM","Pag_relatorio":"58"}},{"type":"Feature","id":117,"geometry":{"type":"Polygon","coordinates":[[[-9.4854,38.79136],[-9.48742,38.7913],[-9.48699,38.79105],[-9.48557,38.79099],[-9.4843,38.79045],[-9.48361,38.79036],[-9.48305,38.78934],[-9.48209,38.78826],[-9.48227,38.788],[-9.48357,38.78814],[-9.48376,38.7881],[-9.48383,38.7879],[-9.48248,38.78728],[-9.48232,38.78697],[-9.48239,38.78666],[-9.48302,38.78617],[-9.48347,38.78603],[-9.48515,38.7864],[-9.48548,38.7869],[-9.48525,38.78763],[-9.48567,38.78809],[-9.48562,38.78879],[-9.48616,38.78896],[-9.48642,38.78833],[-9.48623,38.78771],[-9.48634,38.78748],[-9.48719,38.78706],[-9.48802,38.78716],[-9.48821,38.78678],[-9.4886,38.78653],[-9.48778,38.78586],[-9.48722,38.78635],[-9.48637,38.78649],[-9.48604,38.78625],[-9.48611,38.78579],[-9.4883,38.78497],[-9.48857,38.78461],[-9.4888,38.78456],[-9.48929,38.78487],[-9.48976,38.78474],[-9.4904,38.78524],[-9.49037,38.78555],[-9.48995,38.78609],[-9.49093,38.78634],[-9.49103,38.78584],[-9.49158,38.78573],[-9.49183,38.78528],[-9.49128,38.78515],[-9.49119,38.7847],[-9.49075,38.78465],[-9.49057,38.78447],[-9.49054,38.78425],[-9.49085,38.78396],[-9.49083,38.78373],[-9.49058,38.78372],[-9.49019,38.784],[-9.48997,38.78383],[-9.49004,38.78357],[-9.48943,38.78337],[-9.48866,38.7843],[-9.48804,38.78433],[-9.48763,38.78476],[-9.48711,38.78482],[-9.48678,38.78455],[-9.48603,38.78446],[-9.48578,38.78374],[-9.48508,38.78326],[-9.48491,38.78373],[-9.48531,38.78444],[-9.48524,38.78476],[-9.48436,38.78448],[-9.48385,38.78474],[-9.48329,38.78476],[-9.48333,38.78532],[-9.48315,38.78557],[-9.48238,38.78577],[-9.48221,38.78564],[-9.48224,38.78534],[-9.48202,38.78522],[-9.48183,38.78531],[-9.4817,38.78569],[-9.48099,38.78585],[-9.48132,38.78664],[-9.48061,38.78659],[-9.48038,38.78684],[-9.48099,38.78753],[-9.481,38.78791],[-9.48062,38.78814],[-9.48063,38.78859],[-9.48007,38.78872],[-9.47976,38.78917],[-9.48026,38.78932],[-9.48114,38.78888],[-9.48156,38.78915],[-9.48209,38.78919],[-9.48221,38.78932],[-9.4821,38.78949],[-9.48128,38.78961],[-9.48111,38.78982],[-9.48155,38.78997],[-9.48251,38.78991],[-9.48294,38.79064],[-9.4854,38.79136]]]},"properties":{"OBJECTID":117,"SIG_SITES.SDE.RN_RecAgrFlo_RAN.AREA":24.80923294,"SHAPE.STArea()":248092.333237185,"SHAPE.STLength()":6644.293593308466,"COD":"Ac","COD1":"1","excluir":1,"Regulamento":"https://cloud.cm-sintra.pt/s/H79QNwTyezCXLJd","Pag_Regulamento":"","Guiao":"https://cloud.cm-sintra.pt/s/DqxzTELFktdZGKZ","Pag_Guiao":"23","Relatorio":"https://cloud.cm-sintra.pt/s/DpQF9g5C5LiACtM","Pag_relatorio":"58"}},{"type":"Feature","id":118,"geometry":{"type":"Polygon","coordinates":[[[-9.35612,38.78935],[-9.35591,38.78947],[-9.3557,38.79002],[-9.35611,38.79062],[-9.35622,38.79133],[-9.35717,38.79172],[-9.35719,38.79102],[-9.3568,38.79018],[-9.35702,38.78945],[-9.35612,38.78935]]]},"properties":{"OBJECTID":118,"SIG_SITES.SDE.RN_RecAgrFlo_RAN.AREA":2.1976729,"SHAPE.STArea()":21976.73103664,"SHAPE.STLength()":685.5544033325763,"COD":"M","COD1":" ","excluir":1,"Regulamento":"https://cloud.cm-sintra.pt/s/H79QNwTyezCXLJd","Pag_Regulamento":"","Guiao":"https://cloud.cm-sintra.pt/s/DqxzTELFktdZGKZ","Pag_Guiao":"23","Relatorio":"https://cloud.cm-sintra.pt/s/DpQF9g5C5LiACtM","Pag_relatorio":"58"}},{"type":"Feature","id":119,"geometry":{"type":"Polygon","coordinates":[[[-9.32665,38.77382],[-9.32644,38.77415],[-9.32622,38.77597],[-9.32581,38.7769],[-9.32597,38.77755],[-9.32595,38.77681],[-9.32651,38.77684],[-9.32692,38.77557],[-9.32722,38.77559],[-9.32728,38.77531],[-9.32739,38.77464],[-9.32721,38.77451],[-9.32733,38.77425],[-9.32665,38.77382]]]},"properties":{"OBJECTID":119,"SIG_SITES.SDE.RN_RecAgrFlo_RAN.AREA":2.20093616,"SHAPE.STArea()":22009.361244335,"SHAPE.STLength()":974.4307680600874,"COD":"M","COD1":" ","excluir":1,"Regulamento":"https://cloud.cm-sintra.pt/s/H79QNwTyezCXLJd","Pag_Regulamento":"","Guiao":"https://cloud.cm-sintra.pt/s/DqxzTELFktdZGKZ","Pag_Guiao":"23","Relatorio":"https://cloud.cm-sintra.pt/s/DpQF9g5C5LiACtM","Pag_relatorio":"58"}},{"type":"Feature","id":120,"geometry":{"type":"Polygon","coordinates":[[[-9.30111,38.78996],[-9.30183,38.79045],[-9.30212,38.79035],[-9.302,38.78998],[-9.30083,38.78902],[-9.2998,38.78912],[-9.30009,38.7898],[-9.30111,38.78996]]]},"properties":{"OBJECTID":120,"SIG_SITES.SDE.RN_RecAgrFlo_RAN.AREA":1.54651795,"SHAPE.STArea()":15465.18359086,"SHAPE.STLength()":569.0532250173862,"COD":"M","COD1":" ","excluir":1,"Regulamento":"https://cloud.cm-sintra.pt/s/H79QNwTyezCXLJd","Pag_Regulamento":"","Guiao":"https://cloud.cm-sintra.pt/s/DqxzTELFktdZGKZ","Pag_Guiao":"23","Relatorio":"https://cloud.cm-sintra.pt/s/DpQF9g5C5LiACtM","Pag_relatorio":"58"}},{"type":"Feature","id":121,"geometry":{"type":"Polygon","coordinates":[[[-9.3562,38.78757],[-9.35613,38.788],[-9.35728,38.78816],[-9.3562,38.78757]]]},"properties":{"OBJECTID":121,"SIG_SITES.SDE.RN_RecAgrFlo_RAN.AREA":0.32938349,"SHAPE.STArea()":3293.83423624,"SHAPE.STLength()":270.660733570844,"COD":"M","COD1":" ","excluir":1,"Regulamento":"https://cloud.cm-sintra.pt/s/H79QNwTyezCXLJd","Pag_Regulamento":"","Guiao":"https://cloud.cm-sintra.pt/s/DqxzTELFktdZGKZ","Pag_Guiao":"23","Relatorio":"https://cloud.cm-sintra.pt/s/DpQF9g5C5LiACtM","Pag_relatorio":"58"}},{"type":"Feature","id":122,"geometry":{"type":"MultiPolygon","coordinates":[[[[-9.37357,38.78662],[-9.37407,38.78665],[-9.37435,38.78637],[-9.37505,38.78515],[-9.37511,38.78445],[-9.37539,38.78402],[-9.37587,38.78434],[-9.37628,38.78567],[-9.37675,38.7861],[-9.37706,38.78601],[-9.37717,38.78542],[-9.37667,38.78302],[-9.37678,38.78125],[-9.37955,38.77581],[-9.38,38.77638],[-9.38151,38.77734],[-9.38164,38.77772],[-9.38273,38.77824],[-9.38325,38.77874],[-9.38336,38.77925],[-9.38299,38.78053],[-9.38301,38.78133],[-9.3837,38.78168],[-9.38429,38.78167],[-9.38452,38.78152],[-9.38457,38.78123],[-9.38427,38.78032],[-9.38438,38.77969],[-9.38406,38.77899],[-9.3832,38.77805],[-9.38156,38.77705],[-9.38101,38.77605],[-9.38112,38.77504],[-9.38187,38.77407],[-9.3825,38.77435],[-9.38341,38.77509],[-9.38371,38.7751],[-9.38285,38.77395],[-9.38191,38.77378],[-9.38086,38.77424],[-9.38082,38.77555],[-9.3802,38.77518],[-9.37978,38.77527],[-9.37921,38.77462],[-9.37902,38.77477],[-9.37827,38.77444],[-9.37819,38.77498],[-9.37736,38.77555],[-9.37695,38.77609],[-9.37689,38.77727],[-9.37665,38.77785],[-9.37579,38.77873],[-9.37461,38.77939],[-9.3739,38.78048],[-9.37334,38.78065],[-9.37168,38.78048],[-9.37117,38.78093],[-9.37093,38.78136],[-9.37131,38.78157],[-9.37147,38.78212],[-9.37138,38.78316],[-9.37078,38.78376],[-9.37071,38.78413],[-9.37114,38.78522],[-9.37192,38.78559],[-9.37237,38.78557],[-9.37259,38.78537],[-9.37262,38.78321],[-9.37298,38.78273],[-9.37294,38.78241],[-9.37317,38.78212],[-9.37456,38.78166],[-9.37453,38.78143],[-9.37542,38.78183],[-9.37622,38.7817],[-9.37615,38.78228],[-9.37357,38.78662]]],[[[-9.37412,38.78416],[-9.37428,38.78417],[-9.37462,38.78358],[-9.37463,38.78309],[-9.37412,38.78416]]]]},"properties":{"OBJECTID":122,"SIG_SITES.SDE.RN_RecAgrFlo_RAN.AREA":38.35549895,"SHAPE.STArea()":383554.99398874,"SHAPE.STLength()":8088.418103789082,"COD":"Ac","COD1":"1;2d;21;2a","excluir":1,"Regulamento":"https://cloud.cm-sintra.pt/s/H79QNwTyezCXLJd","Pag_Regulamento":"","Guiao":"https://cloud.cm-sintra.pt/s/DqxzTELFktdZGKZ","Pag_Guiao":"23","Relatorio":"https://cloud.cm-sintra.pt/s/DpQF9g5C5LiACtM","Pag_relatorio":"58"}},{"type":"Feature","id":123,"geometry":{"type":"Polygon","coordinates":[[[-9.2787,38.78644],[-9.27771,38.78682],[-9.2778,38.78747],[-9.27818,38.78755],[-9.27843,38.7874],[-9.27879,38.78667],[-9.2787,38.78644]]]},"properties":{"OBJECTID":123,"SIG_SITES.SDE.RN_RecAgrFlo_RAN.AREA":0.77594874,"SHAPE.STArea()":7759.48582271,"SHAPE.STLength()":355.6566606662897,"COD":" M","COD1":" ","excluir":1,"Regulamento":"https://cloud.cm-sintra.pt/s/H79QNwTyezCXLJd","Pag_Regulamento":"","Guiao":"https://cloud.cm-sintra.pt/s/DqxzTELFktdZGKZ","Pag_Guiao":"23","Relatorio":"https://cloud.cm-sintra.pt/s/DpQF9g5C5LiACtM","Pag_relatorio":"58"}},{"type":"Feature","id":124,"geometry":{"type":"Polygon","coordinates":[[[-9.28095,38.7865],[-9.28242,38.78747],[-9.28286,38.7874],[-9.28298,38.78704],[-9.28271,38.787],[-9.28149,38.78593],[-9.27896,38.78501],[-9.27854,38.785],[-9.2787,38.78538],[-9.27908,38.78567],[-9.27914,38.78607],[-9.27939,38.78636],[-9.28095,38.7865]]]},"properties":{"OBJECTID":124,"SIG_SITES.SDE.RN_RecAgrFlo_RAN.AREA":3.56094485,"SHAPE.STArea()":35609.44671168,"SHAPE.STLength()":1035.4779703321894,"COD":"Ac","COD1":"1","excluir":1,"Regulamento":"https://cloud.cm-sintra.pt/s/H79QNwTyezCXLJd","Pag_Regulamento":"","Guiao":"https://cloud.cm-sintra.pt/s/DqxzTELFktdZGKZ","Pag_Guiao":"23","Relatorio":"https://cloud.cm-sintra.pt/s/DpQF9g5C5LiACtM","Pag_relatorio":"58"}},{"type":"Feature","id":125,"geometry":{"type":"Polygon","coordinates":[[[-9.36239,38.7863],[-9.36295,38.78652],[-9.36292,38.78626],[-9.36235,38.78574],[-9.36207,38.7851],[-9.36182,38.78506],[-9.36151,38.78525],[-9.36128,38.7857],[-9.36218,38.78572],[-9.36214,38.7861],[-9.36239,38.7863]]]},"properties":{"OBJECTID":125,"SIG_SITES.SDE.RN_RecAgrFlo_RAN.AREA":0.79825582,"SHAPE.STArea()":7982.558988595,"SHAPE.STLength()":506.65921480351267,"COD":"Ta","COD1":"1","excluir":1,"Regulamento":"https://cloud.cm-sintra.pt/s/H79QNwTyezCXLJd","Pag_Regulamento":"","Guiao":"https://cloud.cm-sintra.pt/s/DqxzTELFktdZGKZ","Pag_Guiao":"23","Relatorio":"https://cloud.cm-sintra.pt/s/DpQF9g5C5LiACtM","Pag_relatorio":"58"}},{"type":"Feature","id":126,"geometry":{"type":"Polygon","coordinates":[[[-9.36439,38.7846],[-9.36473,38.78542],[-9.3661,38.78593],[-9.36654,38.78583],[-9.3668,38.78505],[-9.36769,38.78427],[-9.36755,38.78389],[-9.36685,38.78388],[-9.36635,38.78397],[-9.36603,38.78439],[-9.36581,38.78446],[-9.36516,38.78377],[-9.36407,38.78344],[-9.36382,38.78306],[-9.36364,38.78164],[-9.36426,38.78061],[-9.36379,38.78016],[-9.36336,38.78006],[-9.36322,38.78045],[-9.36333,38.78105],[-9.36306,38.78145],[-9.36313,38.78231],[-9.36271,38.78337],[-9.36336,38.78369],[-9.36382,38.78432],[-9.36439,38.7846]]]},"properties":{"OBJECTID":126,"SIG_SITES.SDE.RN_RecAgrFlo_RAN.AREA":7.9324896,"SHAPE.STArea()":79324.900040095,"SHAPE.STLength()":1946.446866127454,"COD":"Ac","COD1":"1","excluir":1,"Regulamento":"https://cloud.cm-sintra.pt/s/H79QNwTyezCXLJd","Pag_Regulamento":"","Guiao":"https://cloud.cm-sintra.pt/s/DqxzTELFktdZGKZ","Pag_Guiao":"23","Relatorio":"https://cloud.cm-sintra.pt/s/DpQF9g5C5LiACtM","Pag_relatorio":"58"}},{"type":"Feature","id":127,"geometry":{"type":"Polygon","coordinates":[[[-9.48046,38.78342],[-9.48035,38.78359],[-9.48057,38.78376],[-9.48206,38.78334],[-9.48295,38.78335],[-9.48323,38.78319],[-9.48347,38.78271],[-9.4833,38.7826],[-9.48254,38.78291],[-9.48123,38.78296],[-9.48046,38.78342]]]},"properties":{"OBJECTID":127,"SIG_SITES.SDE.RN_RecAgrFlo_RAN.AREA":1.51705895,"SHAPE.STArea()":15170.590570385,"SHAPE.STLength()":651.8631717057126,"COD":"Ac","COD1":"1","excluir":1,"Regulamento":"https://cloud.cm-sintra.pt/s/H79QNwTyezCXLJd","Pag_Regulamento":"","Guiao":"https://cloud.cm-sintra.pt/s/DqxzTELFktdZGKZ","Pag_Guiao":"23","Relatorio":"https://cloud.cm-sintra.pt/s/DpQF9g5C5LiACtM","Pag_relatorio":"58"}},{"type":"Feature","id":128,"geometry":{"type":"Polygon","coordinates":[[[-9.2721,38.77577],[-9.2718,38.77637],[-9.27256,38.77689],[-9.27344,38.77868],[-9.27408,38.77955],[-9.27447,38.78054],[-9.27482,38.7819],[-9.27489,38.78372],[-9.27527,38.78373],[-9.27582,38.78422],[-9.27616,38.78421],[-9.27632,38.78404],[-9.27629,38.78367],[-9.27566,38.78228],[-9.27597,38.78229],[-9.27669,38.7827],[-9.27728,38.78265],[-9.27728,38.78251],[-9.27814,38.78221],[-9.27869,38.78179],[-9.27903,38.78135],[-9.27901,38.78094],[-9.27873,38.78079],[-9.2784,38.78086],[-9.27694,38.7818],[-9.27658,38.78187],[-9.27619,38.7817],[-9.27564,38.78099],[-9.27556,38.78026],[-9.27596,38.77987],[-9.27719,38.77951],[-9.27724,38.77922],[-9.2766,38.779],[-9.27499,38.77944],[-9.27469,38.77872],[-9.27494,38.77696],[-9.27484,38.77663],[-9.27441,38.77631],[-9.27419,38.77684],[-9.27354,38.77701],[-9.27312,38.77657],[-9.27316,38.77627],[-9.27281,38.77567],[-9.2721,38.77577]]]},"properties":{"OBJECTID":128,"SIG_SITES.SDE.RN_RecAgrFlo_RAN.AREA":14.3392879,"SHAPE.STArea()":143392.890336985,"SHAPE.STLength()":3401.5853049273574,"COD":"M","COD1":" ","excluir":1,"Regulamento":"https://cloud.cm-sintra.pt/s/H79QNwTyezCXLJd","Pag_Regulamento":"","Guiao":"https://cloud.cm-sintra.pt/s/DqxzTELFktdZGKZ","Pag_Guiao":"23","Relatorio":"https://cloud.cm-sintra.pt/s/DpQF9g5C5LiACtM","Pag_relatorio":"58"}},{"type":"Feature","id":129,"geometry":{"type":"Polygon","coordinates":[[[-9.36974,38.78052],[-9.36986,38.78043],[-9.36955,38.78022],[-9.37025,38.77971],[-9.37046,38.7791],[-9.37014,38.77835],[-9.36904,38.77727],[-9.36887,38.77685],[-9.36891,38.7764],[-9.36941,38.77596],[-9.36885,38.77566],[-9.36852,38.77585],[-9.36816,38.77575],[-9.36684,38.77458],[-9.36625,38.77565],[-9.36558,38.77772],[-9.36623,38.77927],[-9.36558,38.78019],[-9.36596,38.78153],[-9.36547,38.78248],[-9.36564,38.78327],[-9.36624,38.78334],[-9.3671,38.78306],[-9.36676,38.78261],[-9.3668,38.78171],[-9.36656,38.78115],[-9.36666,38.78054],[-9.36716,38.78],[-9.36745,38.78037],[-9.36893,38.78136],[-9.36914,38.78128],[-9.36933,38.78087],[-9.3689,38.7805],[-9.36913,38.78009],[-9.36974,38.78052]]]},"properties":{"OBJECTID":129,"SIG_SITES.SDE.RN_RecAgrFlo_RAN.AREA":21.58903076,"SHAPE.STArea()":215890.302906215,"SHAPE.STLength()":2928.7503154131923,"COD":"Ac","COD1":" 1;2a","excluir":1,"Regulamento":"https://cloud.cm-sintra.pt/s/H79QNwTyezCXLJd","Pag_Regulamento":"","Guiao":"https://cloud.cm-sintra.pt/s/DqxzTELFktdZGKZ","Pag_Guiao":"23","Relatorio":"https://cloud.cm-sintra.pt/s/DpQF9g5C5LiACtM","Pag_relatorio":"58"}},{"type":"Feature","id":130,"geometry":{"type":"Polygon","coordinates":[[[-9.308,38.77643],[-9.30707,38.77664],[-9.30544,38.77877],[-9.30539,38.77969],[-9.30569,38.78092],[-9.30609,38.78156],[-9.30645,38.78179],[-9.30686,38.78173],[-9.30695,38.78133],[-9.30626,38.77968],[-9.30628,38.77868],[-9.30698,38.77751],[-9.30739,38.77722],[-9.30818,38.77699],[-9.31153,38.7768],[-9.31163,38.77668],[-9.31141,38.77645],[-9.31061,38.77635],[-9.31062,38.77656],[-9.30876,38.77671],[-9.30866,38.77651],[-9.308,38.77643]]]},"properties":{"OBJECTID":130,"SIG_SITES.SDE.RN_RecAgrFlo_RAN.AREA":5.65291596,"SHAPE.STArea()":56529.167798815,"SHAPE.STLength()":2072.5380784850986,"COD":"Ac","COD1":" 2d;40","excluir":1,"Regulamento":"https://cloud.cm-sintra.pt/s/H79QNwTyezCXLJd","Pag_Regulamento":"","Guiao":"https://cloud.cm-sintra.pt/s/DqxzTELFktdZGKZ","Pag_Guiao":"23","Relatorio":"https://cloud.cm-sintra.pt/s/DpQF9g5C5LiACtM","Pag_relatorio":"58"}},{"type":"Feature","id":131,"geometry":{"type":"MultiPolygon","coordinates":[[[[-9.25155,38.78161],[-9.25199,38.782],[-9.25137,38.78218],[-9.25218,38.78283],[-9.25428,38.7854],[-9.25455,38.78541],[-9.25477,38.78494],[-9.25472,38.78469],[-9.25395,38.78348],[-9.2526,38.78246],[-9.25264,38.78185],[-9.24969,38.78028],[-9.2495,38.77952],[-9.2492,38.77952],[-9.24899,38.77993],[-9.24815,38.78079],[-9.24813,38.78111],[-9.24837,38.78125],[-9.24912,38.78089],[-9.24984,38.7809],[-9.25155,38.78161]]],[[[-9.24813,38.78119],[-9.24781,38.78141],[-9.24798,38.78134],[-9.24813,38.78119]]]]},"properties":{"OBJECTID":131,"SIG_SITES.SDE.RN_RecAgrFlo_RAN.AREA":6.08198212,"SHAPE.STArea()":60819.82029648,"SHAPE.STLength()":2110.77069297131,"COD":"Ac","COD1":" 2a;2d;5","excluir":1,"Regulamento":"https://cloud.cm-sintra.pt/s/H79QNwTyezCXLJd","Pag_Regulamento":"","Guiao":"https://cloud.cm-sintra.pt/s/DqxzTELFktdZGKZ","Pag_Guiao":"23","Relatorio":"https://cloud.cm-sintra.pt/s/DpQF9g5C5LiACtM","Pag_relatorio":"58"}},{"type":"Feature","id":132,"geometry":{"type":"Polygon","coordinates":[[[-9.2852,38.77929],[-9.28374,38.78017],[-9.28071,38.78123],[-9.28147,38.78167],[-9.28439,38.78059],[-9.28567,38.77948],[-9.28542,38.77926],[-9.2852,38.77929]]]},"properties":{"OBJECTID":132,"SIG_SITES.SDE.RN_RecAgrFlo_RAN.AREA":2.98697027,"SHAPE.STArea()":29869.712028785,"SHAPE.STLength()":1036.7601656107847,"COD":"Ac","COD1":" 1","excluir":1,"Regulamento":"https://cloud.cm-sintra.pt/s/H79QNwTyezCXLJd","Pag_Regulamento":"","Guiao":"https://cloud.cm-sintra.pt/s/DqxzTELFktdZGKZ","Pag_Guiao":"23","Relatorio":"https://cloud.cm-sintra.pt/s/DpQF9g5C5LiACtM","Pag_relatorio":"58"}},{"type":"Feature","id":133,"geometry":{"type":"Polygon","coordinates":[[[-9.38779,38.7746],[-9.38702,38.77701],[-9.38709,38.77739],[-9.38781,38.77665],[-9.38822,38.77545],[-9.38815,38.77484],[-9.38779,38.7746]]]},"properties":{"OBJECTID":133,"SIG_SITES.SDE.RN_RecAgrFlo_RAN.AREA":1.48170789,"SHAPE.STArea()":14817.079879715,"SHAPE.STLength()":678.7174760373958,"COD":"Ac","COD1":" 1","excluir":1,"Regulamento":"https://cloud.cm-sintra.pt/s/H79QNwTyezCXLJd","Pag_Regulamento":"","Guiao":"https://cloud.cm-sintra.pt/s/DqxzTELFktdZGKZ","Pag_Guiao":"23","Relatorio":"https://cloud.cm-sintra.pt/s/DpQF9g5C5LiACtM","Pag_relatorio":"58"}},{"type":"Feature","id":134,"geometry":{"type":"Polygon","coordinates":[[[-9.32139,38.77659],[-9.31875,38.77723],[-9.31857,38.77756],[-9.31907,38.77776],[-9.32135,38.77721],[-9.32175,38.77685],[-9.32165,38.77663],[-9.32139,38.77659]]]},"properties":{"OBJECTID":134,"SIG_SITES.SDE.RN_RecAgrFlo_RAN.AREA":1.61155674,"SHAPE.STArea()":16115.568417515,"SHAPE.STLength()":656.1019126005613,"COD":"M","COD1":" ","excluir":1,"Regulamento":"https://cloud.cm-sintra.pt/s/H79QNwTyezCXLJd","Pag_Regulamento":"","Guiao":"https://cloud.cm-sintra.pt/s/DqxzTELFktdZGKZ","Pag_Guiao":"23","Relatorio":"https://cloud.cm-sintra.pt/s/DpQF9g5C5LiACtM","Pag_relatorio":"58"}},{"type":"Feature","id":135,"geometry":{"type":"MultiPolygon","coordinates":[[[[-9.3166,38.77165],[-9.31721,38.77174],[-9.31729,38.77336],[-9.31755,38.77334],[-9.31802,38.77252],[-9.31803,38.77203],[-9.31851,38.77152],[-9.31688,38.7694],[-9.3167,38.76886],[-9.31628,38.76832],[-9.31566,38.76789],[-9.31548,38.76711],[-9.31462,38.7668],[-9.31456,38.76711],[-9.31426,38.76723],[-9.31513,38.76779],[-9.31466,38.7683],[-9.31566,38.76924],[-9.31472,38.76904],[-9.3142,38.76987],[-9.3142,38.77036],[-9.31552,38.77054],[-9.31558,38.771],[-9.316,38.77119],[-9.31647,38.77084],[-9.3166,38.77165]]],[[[-9.31886,38.77263],[-9.31935,38.77328],[-9.31941,38.77392],[-9.31991,38.77389],[-9.32071,38.77496],[-9.32129,38.77441],[-9.32145,38.77405],[-9.32133,38.77376],[-9.32048,38.77332],[-9.31979,38.77238],[-9.31943,38.7723],[-9.31886,38.77263]]]]},"properties":{"OBJECTID":135,"SIG_SITES.SDE.RN_RecAgrFlo_RAN.AREA":12.3702503,"SHAPE.STArea()":123702.496178395,"SHAPE.STLength()":2935.5501935427787,"COD":"M","COD1":" ","excluir":1,"Regulamento":"https://cloud.cm-sintra.pt/s/H79QNwTyezCXLJd","Pag_Regulamento":"","Guiao":"https://cloud.cm-sintra.pt/s/DqxzTELFktdZGKZ","Pag_Guiao":"23","Relatorio":"https://cloud.cm-sintra.pt/s/DpQF9g5C5LiACtM","Pag_relatorio":"58"}},{"type":"Feature","id":136,"geometry":{"type":"Polygon","coordinates":[[[-9.2608,38.77446],[-9.26068,38.77486],[-9.26088,38.77515],[-9.26178,38.77534],[-9.2623,38.77444],[-9.26453,38.77506],[-9.26471,38.7749],[-9.26197,38.7727],[-9.26172,38.77276],[-9.26152,38.77304],[-9.2608,38.77446]]]},"properties":{"OBJECTID":136,"SIG_SITES.SDE.RN_RecAgrFlo_RAN.AREA":4.6380044,"SHAPE.STArea()":46380.048799245,"SHAPE.STLength()":1074.5650931702867,"COD":"Ac","COD1":"2a","excluir":1,"Regulamento":"https://cloud.cm-sintra.pt/s/H79QNwTyezCXLJd","Pag_Regulamento":"","Guiao":"https://cloud.cm-sintra.pt/s/DqxzTELFktdZGKZ","Pag_Guiao":"23","Relatorio":"https://cloud.cm-sintra.pt/s/DpQF9g5C5LiACtM","Pag_relatorio":"58"}},{"type":"Feature","id":137,"geometry":{"type":"MultiPolygon","coordinates":[[[[-9.3274,38.77297],[-9.32768,38.77307],[-9.32788,38.77344],[-9.32772,38.77268],[-9.32814,38.77211],[-9.32803,38.77141],[-9.32832,38.77094],[-9.33004,38.76967],[-9.33096,38.76839],[-9.33221,38.76809],[-9.33253,38.76787],[-9.33249,38.76755],[-9.3321,38.76737],[-9.33199,38.76714],[-9.33194,38.76555],[-9.33083,38.76535],[-9.33054,38.76504],[-9.33058,38.76473],[-9.33242,38.76429],[-9.33298,38.76349],[-9.33333,38.76248],[-9.33371,38.76221],[-9.33587,38.76186],[-9.33777,38.76228],[-9.33784,38.76195],[-9.3381,38.76178],[-9.33798,38.76167],[-9.33819,38.76154],[-9.33867,38.762],[-9.33821,38.76151],[-9.33745,38.76093],[-9.33635,38.76067],[-9.33485,38.76106],[-9.33301,38.7608],[-9.33246,38.76112],[-9.33191,38.76116],[-9.33147,38.76096],[-9.331,38.76046],[-9.3311,38.75921],[-9.33093,38.75909],[-9.33073,38.76003],[-9.3316,38.76126],[-9.33168,38.76233],[-9.33188,38.76266],[-9.33153,38.76363],[-9.33013,38.76389],[-9.32975,38.76426],[-9.32965,38.76519],[-9.32982,38.7652],[-9.33006,38.76569],[-9.33026,38.7656],[-9.33041,38.76577],[-9.33032,38.76615],[-9.33072,38.76668],[-9.33048,38.76765],[-9.32929,38.76837],[-9.32847,38.76851],[-9.32775,38.76982],[-9.32682,38.77044],[-9.32681,38.77099],[-9.32743,38.77162],[-9.327,38.77212],[-9.32694,38.77244],[-9.3274,38.77297]]],[[[-9.33045,38.75862],[-9.33065,38.75876],[-9.33102,38.75866],[-9.33089,38.75828],[-9.33025,38.75761],[-9.3272,38.75553],[-9.3269,38.75478],[-9.32708,38.75327],[-9.3276,38.75269],[-9.32884,38.75183],[-9.32803,38.7507],[-9.32718,38.75029],[-9.32624,38.74889],[-9.3258,38.74846],[-9.32567,38.74849],[-9.3256,38.74867],[-9.32611,38.74943],[-9.32644,38.75037],[-9.32763,38.75142],[-9.32757,38.75173],[-9.32683,38.75237],[-9.32624,38.75332],[-9.32617,38.75432],[-9.3264,38.7552],[-9.32605,38.75548],[-9.32606,38.75578],[-9.32734,38.7568],[-9.32896,38.75751],[-9.32978,38.75808],[-9.32994,38.758],[-9.33015,38.75813],[-9.33004,38.75828],[-9.33045,38.75862]]],[[[-9.33944,38.76305],[-9.33983,38.76375],[-9.34054,38.76416],[-9.34056,38.76456],[-9.34088,38.76529],[-9.34084,38.76574],[-9.34125,38.76602],[-9.34077,38.76669],[-9.34103,38.76753],[-9.34075,38.76771],[-9.3403,38.76871],[-9.33972,38.76921],[-9.33982,38.76986],[-9.33959,38.77036],[-9.33827,38.77207],[-9.33833,38.77235],[-9.33897,38.77258],[-9.33916,38.7725],[-9.33996,38.77134],[-9.34033,38.77012],[-9.34101,38.76902],[-9.34137,38.76809],[-9.34138,38.76766],[-9.34113,38.7673],[-9.34138,38.76453],[-9.34117,38.76385],[-9.33978,38.76286],[-9.33944,38.76305]]],[[[-9.32937,38.76527],[-9.32844,38.76521],[-9.32763,38.76537],[-9.32674,38.76582],[-9.32641,38.76628],[-9.32693,38.76648],[-9.32811,38.76569],[-9.32961,38.76567],[-9.32937,38.76527]]]]},"properties":{"OBJECTID":137,"SIG_SITES.SDE.RN_RecAgrFlo_RAN.AREA":42.11642625,"SHAPE.STArea()":421164.257832265,"SHAPE.STLength()":11465.610487585851,"COD":"Ac","COD1":"2d;5","excluir":1,"Regulamento":"https://cloud.cm-sintra.pt/s/H79QNwTyezCXLJd","Pag_Regulamento":"","Guiao":"https://cloud.cm-sintra.pt/s/DqxzTELFktdZGKZ","Pag_Guiao":"23","Relatorio":"https://cloud.cm-sintra.pt/s/DpQF9g5C5LiACtM","Pag_relatorio":"58"}},{"type":"Feature","id":138,"geometry":{"type":"MultiPolygon","coordinates":[[[[-9.3924,38.76581],[-9.39488,38.76389],[-9.39507,38.76348],[-9.39449,38.76332],[-9.39339,38.76362],[-9.38846,38.76594],[-9.38877,38.76646],[-9.38827,38.76724],[-9.38869,38.76764],[-9.38874,38.76812],[-9.38782,38.76969],[-9.38715,38.77136],[-9.38754,38.77293],[-9.38788,38.77289],[-9.38806,38.77247],[-9.38868,38.77182],[-9.38833,38.76978],[-9.38847,38.76918],[-9.38924,38.76874],[-9.38923,38.76822],[-9.38937,38.76805],[-9.39036,38.76773],[-9.39066,38.76712],[-9.39098,38.76716],[-9.3917,38.76777],[-9.39219,38.76775],[-9.39269,38.7675],[-9.39286,38.76732],[-9.39122,38.76608],[-9.3912,38.76586],[-9.39223,38.76518],[-9.3924,38.76581]],[[-9.394,38.76406],[-9.39399,38.76453],[-9.39379,38.76453],[-9.394,38.76406]]],[[[-9.39298,38.76705],[-9.39294,38.76696],[-9.39293,38.76694],[-9.39298,38.76705]]],[[[-9.39288,38.76688],[-9.39292,38.76692],[-9.39286,38.76686],[-9.39288,38.76688]]],[[[-9.39286,38.76686],[-9.39284,38.76684],[-9.39281,38.7668],[-9.39286,38.76686]]]]},"properties":{"OBJECTID":138,"SIG_SITES.SDE.RN_RecAgrFlo_RAN.AREA":15.74869458,"SHAPE.STArea()":157486.947069315,"SHAPE.STLength()":3521.5990425095997,"COD":"M","COD1":" ","excluir":1,"Regulamento":"https://cloud.cm-sintra.pt/s/H79QNwTyezCXLJd","Pag_Regulamento":"","Guiao":"https://cloud.cm-sintra.pt/s/DqxzTELFktdZGKZ","Pag_Guiao":"23","Relatorio":"https://cloud.cm-sintra.pt/s/DpQF9g5C5LiACtM","Pag_relatorio":"58"}},{"type":"Feature","id":139,"geometry":{"type":"Polygon","coordinates":[[[-9.25934,38.76869],[-9.26005,38.76838],[-9.26107,38.76877],[-9.26145,38.76876],[-9.26171,38.76858],[-9.26189,38.76816],[-9.26067,38.76807],[-9.26046,38.76765],[-9.25923,38.76721],[-9.25943,38.76806],[-9.25926,38.76819],[-9.25942,38.7684],[-9.25923,38.76846],[-9.25934,38.76869]]]},"properties":{"OBJECTID":139,"SIG_SITES.SDE.RN_RecAgrFlo_RAN.AREA":1.98006907,"SHAPE.STArea()":19800.690002685,"SHAPE.STLength()":760.7689713724805,"COD":"M","COD1":" ","excluir":1,"Regulamento":"https://cloud.cm-sintra.pt/s/H79QNwTyezCXLJd","Pag_Regulamento":"","Guiao":"https://cloud.cm-sintra.pt/s/DqxzTELFktdZGKZ","Pag_Guiao":"23","Relatorio":"https://cloud.cm-sintra.pt/s/DpQF9g5C5LiACtM","Pag_relatorio":"58"}},{"type":"Feature","id":140,"geometry":{"type":"Polygon","coordinates":[[[-9.30828,38.76521],[-9.30849,38.76543],[-9.30875,38.76544],[-9.31062,38.76441],[-9.3152,38.76332],[-9.31671,38.76279],[-9.31827,38.76267],[-9.32011,38.76283],[-9.3225,38.76239],[-9.32261,38.76226],[-9.32227,38.76195],[-9.32079,38.76208],[-9.31911,38.76194],[-9.31732,38.7621],[-9.31516,38.76198],[-9.30892,38.76468],[-9.30827,38.76506],[-9.30828,38.76521]]]},"properties":{"OBJECTID":140,"SIG_SITES.SDE.RN_RecAgrFlo_RAN.AREA":10.54583133,"SHAPE.STArea()":105458.312087405,"SHAPE.STLength()":2730.850291396979,"COD":"Ta","COD1":"2d","excluir":1,"Regulamento":"https://cloud.cm-sintra.pt/s/H79QNwTyezCXLJd","Pag_Regulamento":"","Guiao":"https://cloud.cm-sintra.pt/s/DqxzTELFktdZGKZ","Pag_Guiao":"23","Relatorio":"https://cloud.cm-sintra.pt/s/DpQF9g5C5LiACtM","Pag_relatorio":"58"}},{"type":"Feature","id":141,"geometry":{"type":"Polygon","coordinates":[[[-9.26777,38.764],[-9.26712,38.76431],[-9.26663,38.76558],[-9.26749,38.76505],[-9.26794,38.76425],[-9.26795,38.76405],[-9.26777,38.764]]]},"properties":{"OBJECTID":141,"SIG_SITES.SDE.RN_RecAgrFlo_RAN.AREA":0.96176017,"SHAPE.STArea()":9617.6059173,"SHAPE.STLength()":456.20335509604996,"COD":"M","COD1":" ","excluir":1,"Regulamento":"https://cloud.cm-sintra.pt/s/H79QNwTyezCXLJd","Pag_Regulamento":"","Guiao":"https://cloud.cm-sintra.pt/s/DqxzTELFktdZGKZ","Pag_Guiao":"23","Relatorio":"https://cloud.cm-sintra.pt/s/DpQF9g5C5LiACtM","Pag_relatorio":"58"}},{"type":"Feature","id":142,"geometry":{"type":"Polygon","coordinates":[[[-9.29346,38.75774],[-9.29213,38.75722],[-9.29133,38.75638],[-9.29078,38.7554],[-9.29032,38.753],[-9.29004,38.75282],[-9.2899,38.75336],[-9.2899,38.75549],[-9.29026,38.75651],[-9.29121,38.75768],[-9.29233,38.75987],[-9.29325,38.76042],[-9.29447,38.76087],[-9.295,38.76137],[-9.29513,38.76269],[-9.29411,38.7636],[-9.29409,38.76401],[-9.29452,38.76406],[-9.2954,38.76333],[-9.29603,38.76327],[-9.29678,38.76356],[-9.29744,38.76428],[-9.29825,38.76402],[-9.29845,38.76423],[-9.29805,38.76284],[-9.29692,38.76055],[-9.29644,38.76005],[-9.29432,38.75856],[-9.29378,38.75863],[-9.29346,38.75774]]]},"properties":{"OBJECTID":142,"SIG_SITES.SDE.RN_RecAgrFlo_RAN.AREA":21.45302809,"SHAPE.STArea()":214530.287833295,"SHAPE.STLength()":3526.9616976203592,"COD":"M","COD1":" ","excluir":1,"Regulamento":"https://cloud.cm-sintra.pt/s/H79QNwTyezCXLJd","Pag_Regulamento":"","Guiao":"https://cloud.cm-sintra.pt/s/DqxzTELFktdZGKZ","Pag_Guiao":"23","Relatorio":"https://cloud.cm-sintra.pt/s/DpQF9g5C5LiACtM","Pag_relatorio":"58"}},{"type":"Feature","id":143,"geometry":{"type":"Polygon","coordinates":[[[-9.26949,38.76301],[-9.26911,38.76322],[-9.26921,38.76357],[-9.27041,38.76471],[-9.27042,38.76379],[-9.26949,38.76301]]]},"properties":{"OBJECTID":143,"SIG_SITES.SDE.RN_RecAgrFlo_RAN.AREA":1.19461688,"SHAPE.STArea()":11946.16841626,"SHAPE.STLength()":474.55340482811295,"COD":"M","COD1":" ","excluir":1,"Regulamento":"https://cloud.cm-sintra.pt/s/H79QNwTyezCXLJd","Pag_Regulamento":"","Guiao":"https://cloud.cm-sintra.pt/s/DqxzTELFktdZGKZ","Pag_Guiao":"23","Relatorio":"https://cloud.cm-sintra.pt/s/DpQF9g5C5LiACtM","Pag_relatorio":"58"}},{"type":"Feature","id":144,"geometry":{"type":"Polygon","coordinates":[[[-9.32557,38.76219],[-9.32368,38.76259],[-9.32278,38.76305],[-9.32277,38.76319],[-9.32327,38.76356],[-9.32364,38.76358],[-9.32495,38.76302],[-9.32586,38.76281],[-9.32557,38.76219]]]},"properties":{"OBJECTID":144,"SIG_SITES.SDE.RN_RecAgrFlo_RAN.AREA":2.25347084,"SHAPE.STArea()":22534.706951895,"SHAPE.STLength()":663.423477273351,"COD":"Ta","COD1":" 1","excluir":1,"Regulamento":"https://cloud.cm-sintra.pt/s/H79QNwTyezCXLJd","Pag_Regulamento":"","Guiao":"https://cloud.cm-sintra.pt/s/DqxzTELFktdZGKZ","Pag_Guiao":"23","Relatorio":"https://cloud.cm-sintra.pt/s/DpQF9g5C5LiACtM","Pag_relatorio":"58"}},{"type":"Feature","id":145,"geometry":{"type":"Polygon","coordinates":[[[-9.36277,38.75751],[-9.36256,38.75884],[-9.36265,38.75919],[-9.36293,38.75929],[-9.36317,38.75918],[-9.36357,38.75817],[-9.36382,38.75801],[-9.364,38.75928],[-9.36434,38.75939],[-9.36466,38.75925],[-9.36489,38.75804],[-9.36466,38.75637],[-9.3637,38.75641],[-9.36384,38.75645],[-9.36399,38.75691],[-9.36325,38.75746],[-9.36303,38.75731],[-9.36277,38.75751]]]},"properties":{"OBJECTID":145,"SIG_SITES.SDE.RN_RecAgrFlo_RAN.AREA":4.33288021,"SHAPE.STArea()":43328.80396805,"SHAPE.STLength()":1236.3532375002667,"COD":"M","COD1":" ","excluir":1,"Regulamento":"https://cloud.cm-sintra.pt/s/H79QNwTyezCXLJd","Pag_Regulamento":"","Guiao":"https://cloud.cm-sintra.pt/s/DqxzTELFktdZGKZ","Pag_Guiao":"23","Relatorio":"https://cloud.cm-sintra.pt/s/DpQF9g5C5LiACtM","Pag_relatorio":"58"}},{"type":"Feature","id":146,"geometry":{"type":"MultiPolygon","coordinates":[[[[-9.25471,38.74826],[-9.25481,38.74809],[-9.25435,38.74791],[-9.25446,38.74706],[-9.25357,38.74562],[-9.25353,38.74498],[-9.25372,38.74471],[-9.25408,38.74479],[-9.25452,38.74521],[-9.255,38.74614],[-9.25525,38.74635],[-9.25599,38.74653],[-9.25774,38.7475],[-9.25894,38.74738],[-9.25797,38.74598],[-9.25612,38.74504],[-9.25505,38.74348],[-9.25335,38.74293],[-9.25318,38.7435],[-9.25136,38.74329],[-9.25097,38.7429],[-9.25078,38.74198],[-9.24952,38.7425],[-9.24924,38.7432],[-9.24805,38.74402],[-9.24758,38.74493],[-9.24757,38.7464],[-9.249,38.747],[-9.25012,38.74649],[-9.251,38.74664],[-9.25204,38.74728],[-9.25244,38.7479],[-9.25213,38.7484],[-9.2505,38.74787],[-9.24822,38.74773],[-9.24728,38.74718],[-9.2473,38.74754],[-9.2476,38.74796],[-9.24772,38.74906],[-9.24896,38.74927],[-9.24876,38.74942],[-9.24893,38.74956],[-9.25077,38.75012],[-9.25125,38.75046],[-9.25136,38.75074],[-9.25137,38.75141],[-9.25062,38.75291],[-9.24881,38.75498],[-9.24887,38.75559],[-9.24866,38.75607],[-9.24882,38.7563],[-9.25138,38.75398],[-9.25163,38.75371],[-9.2515,38.75355],[-9.25286,38.75295],[-9.25298,38.75159],[-9.25335,38.75089],[-9.25265,38.75075],[-9.25349,38.74902],[-9.25439,38.74878],[-9.25436,38.7486],[-9.25471,38.74826]]],[[[-9.25342,38.75219],[-9.25373,38.7525],[-9.25371,38.75248],[-9.25342,38.75219]]]]},"properties":{"OBJECTID":146,"SIG_SITES.SDE.RN_RecAgrFlo_RAN.AREA":52.33640172,"SHAPE.STArea()":523364.00744259,"SHAPE.STLength()":6473.602906644788,"COD":"Ac","COD1":" 1;2a;5","excluir":1,"Regulamento":"https://cloud.cm-sintra.pt/s/H79QNwTyezCXLJd","Pag_Regulamento":"","Guiao":"https://cloud.cm-sintra.pt/s/DqxzTELFktdZGKZ","Pag_Guiao":"23","Relatorio":"https://cloud.cm-sintra.pt/s/DpQF9g5C5LiACtM","Pag_relatorio":"58"}},{"type":"Feature","id":147,"geometry":{"type":"Polygon","coordinates":[[[-9.33814,38.75311],[-9.33747,38.75369],[-9.33759,38.75411],[-9.33903,38.75356],[-9.33893,38.75335],[-9.33922,38.75324],[-9.33924,38.7526],[-9.33814,38.75311]]]},"properties":{"OBJECTID":147,"SIG_SITES.SDE.RN_RecAgrFlo_RAN.AREA":1.24872482,"SHAPE.STArea()":12487.24752405,"SHAPE.STLength()":517.9811132045031,"COD":"M","COD1":" ","excluir":1,"Regulamento":"https://cloud.cm-sintra.pt/s/H79QNwTyezCXLJd","Pag_Regulamento":"","Guiao":"https://cloud.cm-sintra.pt/s/DqxzTELFktdZGKZ","Pag_Guiao":"23","Relatorio":"https://cloud.cm-sintra.pt/s/DpQF9g5C5LiACtM","Pag_relatorio":"58"}},{"type":"Feature","id":148,"geometry":{"type":"Polygon","coordinates":[[[-9.36644,38.75098],[-9.36709,38.74967],[-9.36806,38.74846],[-9.36884,38.74766],[-9.37,38.74703],[-9.36906,38.74483],[-9.36859,38.74477],[-9.36825,38.74588],[-9.36773,38.74635],[-9.36629,38.7498],[-9.36523,38.75119],[-9.36529,38.75153],[-9.36561,38.75164],[-9.36644,38.75098]]]},"properties":{"OBJECTID":148,"SIG_SITES.SDE.RN_RecAgrFlo_RAN.AREA":8.31703776,"SHAPE.STArea()":83170.378307015,"SHAPE.STLength()":1828.2613308099794,"COD":"Ac","COD1":" 2a;5","excluir":1,"Regulamento":"https://cloud.cm-sintra.pt/s/H79QNwTyezCXLJd","Pag_Regulamento":"","Guiao":"https://cloud.cm-sintra.pt/s/DqxzTELFktdZGKZ","Pag_Guiao":"23","Relatorio":"https://cloud.cm-sintra.pt/s/DpQF9g5C5LiACtM","Pag_relatorio":"58"}},{"type":"Feature","id":149,"geometry":{"type":"MultiPolygon","coordinates":[[[[-9.40698,38.84859],[-9.40694,38.8482],[-9.40729,38.84793],[-9.40861,38.84733],[-9.40995,38.84707],[-9.41028,38.84682],[-9.41051,38.84616],[-9.41031,38.84485],[-9.41058,38.84437],[-9.41094,38.84419],[-9.41168,38.84419],[-9.41259,38.84381],[-9.41351,38.84377],[-9.41565,38.84434],[-9.41756,38.84555],[-9.41827,38.84564],[-9.41895,38.84606],[-9.42018,38.84561],[-9.42092,38.84555],[-9.4217,38.84563],[-9.42284,38.84602],[-9.42449,38.84717],[-9.42517,38.84888],[-9.42636,38.85024],[-9.42675,38.85034],[-9.42675,38.85009],[-9.42565,38.84859],[-9.42491,38.84669],[-9.42405,38.84596],[-9.42277,38.84522],[-9.41865,38.84485],[-9.41715,38.84445],[-9.41609,38.84373],[-9.41438,38.84304],[-9.41295,38.84174],[-9.41264,38.84187],[-9.41243,38.84296],[-9.41195,38.84335],[-9.41136,38.8434],[-9.40973,38.84298],[-9.40956,38.84247],[-9.40905,38.84182],[-9.40964,38.84035],[-9.41009,38.84003],[-9.41105,38.84014],[-9.41135,38.83983],[-9.41125,38.83945],[-9.41058,38.83892],[-9.41017,38.83831],[-9.41081,38.83731],[-9.41072,38.83617],[-9.41123,38.83546],[-9.41159,38.83533],[-9.41246,38.83574],[-9.41331,38.83576],[-9.41367,38.83599],[-9.41439,38.83684],[-9.41513,38.83828],[-9.41502,38.83853],[-9.41397,38.83797],[-9.41341,38.83814],[-9.41348,38.83867],[-9.41442,38.83939],[-9.41411,38.84042],[-9.41459,38.8405],[-9.41552,38.84],[-9.41573,38.84058],[-9.41736,38.84159],[-9.41821,38.84237],[-9.41856,38.84222],[-9.41855,38.84142],[-9.41713,38.84021],[-9.41673,38.83918],[-9.41598,38.83836],[-9.41458,38.83565],[-9.41463,38.83545],[-9.41533,38.83488],[-9.41582,38.83496],[-9.41649,38.83559],[-9.41775,38.83611],[-9.41827,38.8372],[-9.41963,38.83792],[-9.4203,38.83913],[-9.42132,38.83964],[-9.42162,38.84024],[-9.42244,38.84059],[-9.42325,38.84138],[-9.42391,38.84129],[-9.42412,38.84144],[-9.424,38.84124],[-9.42438,38.84109],[-9.42474,38.84152],[-9.4252,38.84126],[-9.426,38.84149],[-9.42697,38.84058],[-9.42703,38.84006],[-9.42749,38.83987],[-9.42771,38.83957],[-9.42964,38.83932],[-9.43007,38.83869],[-9.43044,38.83848],[-9.43324,38.83845],[-9.43373,38.83822],[-9.43476,38.83811],[-9.43536,38.83768],[-9.43533,38.83735],[-9.43488,38.8372],[-9.43287,38.83767],[-9.43081,38.83751],[-9.43017,38.83714],[-9.42763,38.83509],[-9.42728,38.83449],[-9.42742,38.83389],[-9.42803,38.83335],[-9.43021,38.83352],[-9.43158,38.83267],[-9.43289,38.83248],[-9.43353,38.83102],[-9.43412,38.83024],[-9.43409,38.83005],[-9.43358,38.82962],[-9.43368,38.82881],[-9.43181,38.82835],[-9.42939,38.82821],[-9.42833,38.82844],[-9.42761,38.82911],[-9.42697,38.82885],[-9.42667,38.82918],[-9.42671,38.8295],[-9.42776,38.83032],[-9.42756,38.83102],[-9.42768,38.83195],[-9.42755,38.83242],[-9.42722,38.83264],[-9.42676,38.83267],[-9.42512,38.83207],[-9.42482,38.8323],[-9.42456,38.83295],[-9.42406,38.83315],[-9.42326,38.83284],[-9.42308,38.83185],[-9.42275,38.83148],[-9.42231,38.83131],[-9.42169,38.83158],[-9.42126,38.83159],[-9.42034,38.83126],[-9.41987,38.83088],[-9.41966,38.83029],[-9.41984,38.82925],[-9.42045,38.82874],[-9.42066,38.8283],[-9.42134,38.82801],[-9.42172,38.82751],[-9.42155,38.82701],[-9.42057,38.82634],[-9.42037,38.82629],[-9.41784,38.82725],[-9.41372,38.82741],[-9.41323,38.82766],[-9.41297,38.82811],[-9.41303,38.82852],[-9.41515,38.83024],[-9.41683,38.83103],[-9.4183,38.83136],[-9.41907,38.83173],[-9.42084,38.83201],[-9.42291,38.83328],[-9.42359,38.8346],[-9.4235,38.83492],[-9.42309,38.83485],[-9.42089,38.83355],[-9.42041,38.83353],[-9.42018,38.83385],[-9.42056,38.83459],[-9.42052,38.83534],[-9.42271,38.83672],[-9.42332,38.83753],[-9.42433,38.83843],[-9.42435,38.83884],[-9.42351,38.83919],[-9.42315,38.84005],[-9.42236,38.83994],[-9.42194,38.83971],[-9.42051,38.83812],[-9.41946,38.83727],[-9.41859,38.83587],[-9.41773,38.83546],[-9.41722,38.83469],[-9.41599,38.83356],[-9.41602,38.83314],[-9.4167,38.83289],[-9.41678,38.8326],[-9.41468,38.83134],[-9.41363,38.8311],[-9.41134,38.83122],[-9.41021,38.83079],[-9.4098,38.83081],[-9.40928,38.83176],[-9.4104,38.83248],[-9.41102,38.8326],[-9.41126,38.83312],[-9.41053,38.83439],[-9.40917,38.83525],[-9.40887,38.83521],[-9.40776,38.83367],[-9.40507,38.83364],[-9.40491,38.83395],[-9.40508,38.83482],[-9.40441,38.8354],[-9.40461,38.83588],[-9.40398,38.83627],[-9.40272,38.83765],[-9.40256,38.83835],[-9.40264,38.83882],[-9.40313,38.83926],[-9.40422,38.83957],[-9.40544,38.84014],[-9.40602,38.84131],[-9.40674,38.84151],[-9.40736,38.8412],[-9.40883,38.84229],[-9.40892,38.84256],[-9.40608,38.84521],[-9.404,38.84464],[-9.40422,38.84426],[-9.40402,38.84381],[-9.40316,38.8435],[-9.40283,38.84315],[-9.40288,38.84266],[-9.40334,38.84199],[-9.40343,38.84148],[-9.40262,38.84069],[-9.40234,38.83975],[-9.40192,38.83961],[-9.4014,38.84013],[-9.40126,38.84066],[-9.40159,38.84305],[-9.4016,38.84425],[-9.40214,38.84504],[-9.40355,38.84519],[-9.40393,38.84534],[-9.4041,38.84559],[-9.40363,38.84627],[-9.40271,38.84676],[-9.40244,38.84751],[-9.40288,38.84741],[-9.40335,38.84789],[-9.40402,38.8477],[-9.40457,38.84815],[-9.40468,38.84806],[-9.40523,38.84859],[-9.40611,38.84846],[-9.40653,38.84887],[-9.40698,38.84859]],[[-9.4288,38.83843],[-9.42856,38.83871],[-9.42815,38.83875],[-9.42737,38.83838],[-9.42708,38.83691],[-9.4274,38.83628],[-9.42793,38.83628],[-9.42888,38.83747],[-9.429,38.83779],[-9.4288,38.83843]]],[[[-9.41116,38.85209],[-9.41134,38.85184],[-9.41205,38.8515],[-9.41269,38.85142],[-9.41277,38.85279],[-9.41239,38.85442],[-9.41244,38.85497],[-9.41269,38.85524],[-9.41351,38.85546],[-9.41397,38.85612],[-9.41455,38.85609],[-9.41493,38.85546],[-9.41484,38.85448],[-9.4153,38.85372],[-9.41526,38.85345],[-9.41475,38.85309],[-9.41469,38.85289],[-9.41501,38.85128],[-9.41524,38.85099],[-9.41561,38.85091],[-9.41627,38.85091],[-9.41665,38.85112],[-9.41674,38.85147],[-9.4162,38.85233],[-9.41636,38.85258],[-9.41676,38.85247],[-9.41704,38.85197],[-9.4176,38.85153],[-9.41784,38.85112],[-9.41777,38.8498],[-9.41807,38.84935],[-9.4182,38.84854],[-9.41871,38.8477],[-9.41831,38.84688],[-9.41803,38.84675],[-9.417,38.8469],[-9.41652,38.84676],[-9.4163,38.84618],[-9.41625,38.84532],[-9.41573,38.84501],[-9.41512,38.8451],[-9.41436,38.84587],[-9.41372,38.84628],[-9.41336,38.84692],[-9.41366,38.84775],[-9.41551,38.84753],[-9.41566,38.84808],[-9.4151,38.84818],[-9.41516,38.84867],[-9.41498,38.84871],[-9.41515,38.84925],[-9.41518,38.85029],[-9.41485,38.85057],[-9.41424,38.85068],[-9.41482,38.85117],[-9.41483,38.85142],[-9.41455,38.8517],[-9.41391,38.85196],[-9.41372,38.85194],[-9.41334,38.85141],[-9.41323,38.85146],[-9.41272,38.85094],[-9.41253,38.85107],[-9.41242,38.85087],[-9.41199,38.85093],[-9.41166,38.85071],[-9.41039,38.85157],[-9.40962,38.85167],[-9.4096,38.85125],[-9.41049,38.85055],[-9.41025,38.84991],[-9.40992,38.84963],[-9.40912,38.84994],[-9.40718,38.84905],[-9.40692,38.84935],[-9.40768,38.84968],[-9.40751,38.84989],[-9.40735,38.84982],[-9.40732,38.85039],[-9.40701,38.85073],[-9.40742,38.85119],[-9.40724,38.8517],[-9.40749,38.85223],[-9.40807,38.85221],[-9.41046,38.8535],[-9.41052,38.85213],[-9.41079,38.85185],[-9.41116,38.85209]]]]},"properties":{"OBJECTID":149,"SIG_SITES.SDE.RN_RecAgrFlo_RAN.AREA":276.15396613,"SHAPE.STArea()":2761539.668416995,"SHAPE.STLength()":32753.32031452529,"COD":"M","COD1":" ","excluir":1,"Regulamento":"https://cloud.cm-sintra.pt/s/H79QNwTyezCXLJd","Pag_Regulamento":"","Guiao":"https://cloud.cm-sintra.pt/s/DqxzTELFktdZGKZ","Pag_Guiao":"23","Relatorio":"https://cloud.cm-sintra.pt/s/DpQF9g5C5LiACtM","Pag_relatorio":"58"}},{"type":"Feature","id":150,"geometry":{"type":"MultiPolygon","coordinates":[[[[-9.2464,38.82922],[-9.24616,38.8297],[-9.24611,38.8303],[-9.24589,38.83056],[-9.24508,38.83072],[-9.24417,38.83139],[-9.24292,38.83138],[-9.24256,38.8317],[-9.24258,38.83246],[-9.24239,38.83306],[-9.24312,38.83373],[-9.24424,38.83432],[-9.2446,38.83479],[-9.24462,38.83523],[-9.24436,38.83588],[-9.24447,38.83655],[-9.24437,38.83687],[-9.24368,38.83692],[-9.24208,38.8356],[-9.24156,38.83555],[-9.24136,38.83571],[-9.2414,38.83608],[-9.24185,38.83686],[-9.24167,38.83774],[-9.24176,38.83799],[-9.2422,38.83825],[-9.24368,38.83856],[-9.24411,38.83904],[-9.24403,38.83975],[-9.24298,38.84047],[-9.24284,38.84071],[-9.24291,38.84091],[-9.24333,38.84096],[-9.24487,38.84018],[-9.24573,38.83992],[-9.24655,38.83998],[-9.24718,38.8403],[-9.24775,38.84083],[-9.24839,38.84218],[-9.24951,38.84325],[-9.24888,38.84412],[-9.24885,38.84445],[-9.24902,38.84468],[-9.24944,38.84451],[-9.2504,38.84369],[-9.2509,38.84351],[-9.25293,38.844],[-9.25408,38.84407],[-9.25753,38.84336],[-9.25864,38.84331],[-9.25961,38.84353],[-9.2602,38.84391],[-9.26075,38.84468],[-9.26071,38.8452],[-9.26088,38.84544],[-9.26188,38.84522],[-9.26187,38.84455],[-9.26156,38.84368],[-9.2631,38.84261],[-9.2634,38.84207],[-9.2634,38.84171],[-9.26271,38.84129],[-9.26085,38.84112],[-9.26038,38.83975],[-9.26042,38.83871],[-9.25958,38.83796],[-9.25946,38.83755],[-9.25896,38.83761],[-9.25898,38.83722],[-9.25883,38.83788],[-9.25867,38.83787],[-9.25856,38.83813],[-9.25848,38.83923],[-9.259,38.84004],[-9.26037,38.84137],[-9.26009,38.84177],[-9.25917,38.84207],[-9.25899,38.84249],[-9.25862,38.8425],[-9.25821,38.84225],[-9.25676,38.84305],[-9.25575,38.84331],[-9.25413,38.84298],[-9.25255,38.84293],[-9.252,38.84276],[-9.25135,38.84226],[-9.25088,38.84119],[-9.25105,38.84037],[-9.25245,38.83938],[-9.25294,38.83861],[-9.2526,38.83683],[-9.25262,38.8362],[-9.25204,38.83561],[-9.25211,38.83524],[-9.25262,38.83493],[-9.25328,38.83485],[-9.25438,38.83442],[-9.25404,38.83422],[-9.25418,38.83405],[-9.25467,38.83433],[-9.25658,38.83388],[-9.25774,38.83405],[-9.25819,38.83354],[-9.25816,38.83321],[-9.25774,38.83306],[-9.25666,38.83327],[-9.25624,38.8332],[-9.2559,38.8329],[-9.25601,38.8324],[-9.2566,38.83211],[-9.25873,38.83218],[-9.25905,38.8321],[-9.25904,38.83197],[-9.25888,38.83182],[-9.25853,38.83199],[-9.25838,38.83171],[-9.25778,38.83197],[-9.25781,38.83148],[-9.25753,38.83135],[-9.25278,38.83144],[-9.25225,38.83136],[-9.25201,38.83116],[-9.25214,38.83084],[-9.25288,38.83062],[-9.25511,38.83082],[-9.25526,38.83063],[-9.25517,38.82974],[-9.255,38.82956],[-9.25294,38.82979],[-9.25066,38.82968],[-9.2495,38.82941],[-9.24861,38.82893],[-9.24888,38.82921],[-9.24776,38.82974],[-9.24682,38.82898],[-9.2464,38.82922]],[[-9.24908,38.83203],[-9.24887,38.83172],[-9.24898,38.83154],[-9.25111,38.8309],[-9.25229,38.8322],[-9.25284,38.83371],[-9.25191,38.83387],[-9.25179,38.8341],[-9.25151,38.83391],[-9.25001,38.83485],[-9.24924,38.83401],[-9.24783,38.83398],[-9.24766,38.83412],[-9.24732,38.83367],[-9.24739,38.83339],[-9.24818,38.83279],[-9.24885,38.83296],[-9.24922,38.83283],[-9.24936,38.83254],[-9.24885,38.83243],[-9.24908,38.83203]]],[[[-9.26295,38.84716],[-9.26319,38.84707],[-9.26313,38.84637],[-9.26211,38.84577],[-9.26232,38.84618],[-9.26253,38.84625],[-9.26295,38.84716]]],[[[-9.25829,38.83706],[-9.25802,38.83728],[-9.25813,38.8374],[-9.25829,38.83706]]]]},"properties":{"OBJECTID":150,"SIG_SITES.SDE.RN_RecAgrFlo_RAN.AREA":128.35679654,"SHAPE.STArea()":1283567.974222975,"SHAPE.STLength()":13760.998977668705,"COD":"M","COD1":" ","excluir":1,"Regulamento":"https://cloud.cm-sintra.pt/s/H79QNwTyezCXLJd","Pag_Regulamento":"","Guiao":"https://cloud.cm-sintra.pt/s/DqxzTELFktdZGKZ","Pag_Guiao":"23","Relatorio":"https://cloud.cm-sintra.pt/s/DpQF9g5C5LiACtM","Pag_relatorio":"58"}},{"type":"Feature","id":151,"geometry":{"type":"Polygon","coordinates":[[[-9.33381,38.84327],[-9.33325,38.84362],[-9.33329,38.84421],[-9.33393,38.84494],[-9.33464,38.84514],[-9.33512,38.84491],[-9.33552,38.84422],[-9.33541,38.84346],[-9.33618,38.84334],[-9.33604,38.84308],[-9.33751,38.84283],[-9.33808,38.84389],[-9.33954,38.84282],[-9.34121,38.84189],[-9.34138,38.84196],[-9.34174,38.84176],[-9.34255,38.84211],[-9.34299,38.84165],[-9.34358,38.84157],[-9.34705,38.84174],[-9.34778,38.83903],[-9.34883,38.83845],[-9.3492,38.83763],[-9.34959,38.83733],[-9.35104,38.83728],[-9.35055,38.83653],[-9.35068,38.8336],[-9.3504,38.83247],[-9.34939,38.83171],[-9.34909,38.83107],[-9.34857,38.83088],[-9.34861,38.83046],[-9.34898,38.83035],[-9.34922,38.8278],[-9.34908,38.82639],[-9.34868,38.82602],[-9.34796,38.82609],[-9.34733,38.82594],[-9.34703,38.82615],[-9.34704,38.82655],[-9.34749,38.82731],[-9.34713,38.82811],[-9.34701,38.82986],[-9.34653,38.82975],[-9.34598,38.82886],[-9.3458,38.82886],[-9.34408,38.83368],[-9.34793,38.83685],[-9.34837,38.83703],[-9.34827,38.83717],[-9.3466,38.83784],[-9.34293,38.83715],[-9.34278,38.83792],[-9.34324,38.8387],[-9.34324,38.83927],[-9.34282,38.83991],[-9.34245,38.83985],[-9.34223,38.84023],[-9.342,38.8403],[-9.33939,38.83846],[-9.33847,38.83857],[-9.33768,38.83899],[-9.33579,38.83919],[-9.33401,38.83961],[-9.33383,38.83866],[-9.33329,38.83822],[-9.33251,38.83772],[-9.33172,38.83774],[-9.33088,38.83717],[-9.33065,38.83729],[-9.33057,38.83773],[-9.33143,38.83878],[-9.3315,38.83909],[-9.33137,38.83927],[-9.33094,38.83933],[-9.33015,38.83899],[-9.3296,38.83901],[-9.32934,38.83938],[-9.32929,38.84034],[-9.32882,38.84052],[-9.32817,38.84026],[-9.32757,38.83942],[-9.32749,38.83861],[-9.32823,38.8367],[-9.32795,38.83523],[-9.3282,38.83485],[-9.32908,38.83418],[-9.32847,38.8335],[-9.32887,38.83169],[-9.32836,38.83157],[-9.3284,38.83095],[-9.32812,38.83033],[-9.32866,38.82972],[-9.32937,38.82939],[-9.32967,38.82801],[-9.32888,38.82765],[-9.32833,38.82694],[-9.32845,38.8258],[-9.3286,38.82553],[-9.32919,38.82547],[-9.33009,38.82605],[-9.33027,38.82527],[-9.33054,38.82512],[-9.33107,38.82506],[-9.33178,38.82524],[-9.3321,38.82497],[-9.34025,38.82393],[-9.34044,38.8243],[-9.34259,38.82398],[-9.345,38.82408],[-9.34472,38.82272],[-9.34488,38.82103],[-9.34459,38.82108],[-9.34452,38.82088],[-9.3444,38.82091],[-9.34422,38.82029],[-9.34093,38.81884],[-9.34113,38.81879],[-9.34046,38.8184],[-9.34019,38.81803],[-9.34019,38.81724],[-9.34088,38.81626],[-9.34105,38.8151],[-9.34195,38.81383],[-9.34183,38.81341],[-9.34149,38.81304],[-9.34107,38.81296],[-9.34098,38.8133],[-9.34078,38.81339],[-9.34045,38.81299],[-9.34008,38.81302],[-9.3396,38.815],[-9.33865,38.81505],[-9.33865,38.81573],[-9.33833,38.81611],[-9.33726,38.81584],[-9.33692,38.81655],[-9.33673,38.81664],[-9.33651,38.81658],[-9.33608,38.81593],[-9.33514,38.81606],[-9.3347,38.81478],[-9.33302,38.81479],[-9.33266,38.8143],[-9.3317,38.81396],[-9.33111,38.81387],[-9.33057,38.81403],[-9.33005,38.81461],[-9.32993,38.8156],[-9.33022,38.81577],[-9.33108,38.81573],[-9.33156,38.8159],[-9.33199,38.81653],[-9.33201,38.8171],[-9.33181,38.81736],[-9.33151,38.81741],[-9.33056,38.8167],[-9.33004,38.81668],[-9.32993,38.81716],[-9.33042,38.81874],[-9.33018,38.81891],[-9.32942,38.81888],[-9.32893,38.81947],[-9.32853,38.81963],[-9.32806,38.81947],[-9.32759,38.81871],[-9.32703,38.81845],[-9.32669,38.81857],[-9.32659,38.81906],[-9.32616,38.81934],[-9.32568,38.81927],[-9.32501,38.81942],[-9.32336,38.81886],[-9.322,38.81871],[-9.3196,38.81899],[-9.31877,38.81943],[-9.31752,38.81976],[-9.31641,38.81982],[-9.31569,38.81963],[-9.31497,38.81907],[-9.31477,38.81696],[-9.31524,38.81623],[-9.31611,38.81575],[-9.31652,38.81496],[-9.31728,38.81454],[-9.31735,38.81417],[-9.31699,38.81374],[-9.3164,38.81339],[-9.31218,38.81187],[-9.31092,38.81183],[-9.30911,38.81217],[-9.30834,38.81237],[-9.30797,38.81274],[-9.30861,38.81297],[-9.31059,38.81273],[-9.31225,38.81276],[-9.31418,38.81334],[-9.31494,38.81379],[-9.31543,38.81466],[-9.31524,38.81533],[-9.31471,38.81581],[-9.31363,38.8159],[-9.31332,38.81608],[-9.31378,38.81659],[-9.31356,38.81712],[-9.31358,38.81749],[-9.31409,38.81817],[-9.31404,38.8184],[-9.3138,38.81855],[-9.3125,38.81844],[-9.31083,38.81805],[-9.3107,38.81783],[-9.31128,38.81755],[-9.31086,38.81714],[-9.31104,38.81663],[-9.31093,38.81643],[-9.30885,38.81593],[-9.30808,38.81549],[-9.30726,38.81458],[-9.305,38.81341],[-9.30396,38.81325],[-9.30361,38.81338],[-9.30342,38.81363],[-9.30384,38.8143],[-9.30502,38.81439],[-9.30562,38.81459],[-9.30702,38.81579],[-9.30911,38.81672],[-9.3094,38.817],[-9.30939,38.8172],[-9.30883,38.81729],[-9.30678,38.81709],[-9.30589,38.81635],[-9.30451,38.816],[-9.30349,38.81495],[-9.30274,38.8146],[-9.30216,38.81391],[-9.30175,38.81386],[-9.30131,38.81415],[-9.30105,38.81462],[-9.30152,38.81532],[-9.30135,38.81612],[-9.30171,38.81649],[-9.30192,38.81705],[-9.30345,38.81754],[-9.30365,38.81859],[-9.3035,38.81894],[-9.30202,38.81935],[-9.3012,38.82027],[-9.30094,38.82111],[-9.30095,38.82278],[-9.30214,38.82275],[-9.30437,38.82236],[-9.30534,38.8215],[-9.30587,38.82125],[-9.30644,38.82144],[-9.30669,38.82205],[-9.30649,38.82256],[-9.30607,38.82306],[-9.30497,38.82367],[-9.30263,38.82394],[-9.30174,38.82358],[-9.30109,38.82355],[-9.30121,38.8245],[-9.30151,38.82468],[-9.30265,38.82447],[-9.3037,38.82487],[-9.30492,38.82413],[-9.30565,38.82408],[-9.30608,38.8244],[-9.3061,38.82478],[-9.30583,38.82531],[-9.30517,38.82601],[-9.30538,38.82602],[-9.30631,38.82528],[-9.30659,38.82564],[-9.30679,38.82556],[-9.30683,38.82582],[-9.30704,38.82579],[-9.30712,38.82632],[-9.30732,38.82652],[-9.30801,38.82624],[-9.31307,38.82157],[-9.31296,38.82055],[-9.31468,38.82077],[-9.31577,38.82108],[-9.3161,38.82095],[-9.31642,38.82055],[-9.3166,38.82083],[-9.3169,38.82084],[-9.32089,38.81989],[-9.32298,38.82018],[-9.32438,38.82016],[-9.3254,38.82078],[-9.32587,38.82142],[-9.3256,38.82237],[-9.3263,38.82343],[-9.32633,38.8244],[-9.32679,38.82562],[-9.32682,38.82619],[-9.32568,38.82782],[-9.32412,38.82862],[-9.32388,38.82912],[-9.32466,38.82954],[-9.32448,38.82974],[-9.3248,38.83001],[-9.3247,38.83061],[-9.32578,38.83104],[-9.32609,38.83131],[-9.32601,38.8315],[-9.32569,38.83155],[-9.32474,38.83115],[-9.32449,38.83126],[-9.32456,38.83203],[-9.32573,38.83342],[-9.3257,38.83393],[-9.32445,38.83461],[-9.32356,38.83451],[-9.32305,38.83416],[-9.32228,38.83293],[-9.32215,38.83299],[-9.32193,38.83238],[-9.31975,38.83318],[-9.31893,38.83381],[-9.31883,38.83401],[-9.31907,38.83441],[-9.31878,38.83485],[-9.31914,38.83536],[-9.31875,38.83584],[-9.31821,38.83584],[-9.31797,38.83492],[-9.31746,38.8346],[-9.31689,38.83479],[-9.31494,38.83487],[-9.31483,38.8352],[-9.3139,38.83566],[-9.31385,38.83591],[-9.31417,38.83631],[-9.31593,38.83659],[-9.31771,38.83725],[-9.31815,38.83765],[-9.31851,38.83864],[-9.31947,38.8392],[-9.32043,38.84026],[-9.32105,38.83997],[-9.3218,38.84025],[-9.32269,38.83994],[-9.32289,38.84004],[-9.32303,38.84048],[-9.32416,38.8408],[-9.32462,38.84138],[-9.32547,38.8418],[-9.32609,38.84235],[-9.32662,38.84222],[-9.32661,38.8419],[-9.32704,38.84176],[-9.32717,38.84179],[-9.32712,38.84207],[-9.32783,38.84192],[-9.32839,38.84504],[-9.32886,38.84492],[-9.32934,38.84455],[-9.32976,38.84255],[-9.33007,38.84194],[-9.33463,38.84127],[-9.33463,38.84146],[-9.33339,38.84288],[-9.334,38.84291],[-9.33401,38.84329],[-9.33381,38.84327]],[[-9.34013,38.82115],[-9.34007,38.82148],[-9.33986,38.82159],[-9.33883,38.82108],[-9.33805,38.81988],[-9.33789,38.81913],[-9.33853,38.81917],[-9.34013,38.82115]],[[-9.3296,38.83983],[-9.33007,38.83981],[-9.3299,38.84073],[-9.32931,38.84092],[-9.32916,38.84064],[-9.3296,38.83983]]]},"properties":{"OBJECTID":151,"SIG_SITES.SDE.RN_RecAgrFlo_RAN.AREA":466.55958796,"SHAPE.STArea()":4665595.84624683,"SHAPE.STLength()":37153.577062776334,"COD":"M","COD1":" ","excluir":1,"Regulamento":"https://cloud.cm-sintra.pt/s/H79QNwTyezCXLJd","Pag_Regulamento":"","Guiao":"https://cloud.cm-sintra.pt/s/DqxzTELFktdZGKZ","Pag_Guiao":"23","Relatorio":"https://cloud.cm-sintra.pt/s/DpQF9g5C5LiACtM","Pag_relatorio":"58"}},{"type":"Feature","id":152,"geometry":{"type":"MultiPolygon","coordinates":[[[[-9.41353,38.81501],[-9.41402,38.81492],[-9.41417,38.81543],[-9.41595,38.81515],[-9.41725,38.81513],[-9.41815,38.8142],[-9.41873,38.81384],[-9.41942,38.81293],[-9.42057,38.8126],[-9.42093,38.812],[-9.42163,38.81182],[-9.42243,38.81087],[-9.42273,38.81073],[-9.42439,38.81108],[-9.42475,38.81079],[-9.42552,38.8109],[-9.42534,38.81183],[-9.4262,38.81187],[-9.42654,38.81245],[-9.4263,38.81331],[-9.42743,38.81342],[-9.42815,38.81288],[-9.42903,38.81276],[-9.429,38.81251],[-9.42858,38.81214],[-9.42882,38.81171],[-9.4294,38.81144],[-9.43032,38.8114],[-9.43131,38.81021],[-9.4324,38.80995],[-9.43288,38.80959],[-9.43337,38.80983],[-9.43372,38.81068],[-9.43405,38.81047],[-9.43418,38.81078],[-9.43539,38.80987],[-9.43688,38.80938],[-9.43772,38.8094],[-9.43816,38.80924],[-9.43915,38.80857],[-9.43931,38.80689],[-9.44038,38.80628],[-9.44005,38.80595],[-9.43982,38.80482],[-9.43936,38.80428],[-9.43859,38.80396],[-9.43727,38.80384],[-9.43677,38.80408],[-9.43671,38.80438],[-9.43759,38.80496],[-9.43777,38.80577],[-9.43841,38.80647],[-9.43847,38.80676],[-9.43831,38.80694],[-9.43761,38.80702],[-9.43623,38.80687],[-9.43549,38.80632],[-9.43504,38.80627],[-9.43486,38.80638],[-9.43484,38.80713],[-9.43443,38.8074],[-9.43268,38.80798],[-9.43016,38.80846],[-9.42819,38.80906],[-9.42813,38.80784],[-9.42728,38.80771],[-9.42723,38.80711],[-9.42501,38.80684],[-9.42519,38.80599],[-9.42644,38.80506],[-9.42669,38.80434],[-9.42641,38.80425],[-9.42689,38.80359],[-9.42662,38.80335],[-9.42721,38.80285],[-9.42796,38.80364],[-9.42926,38.80436],[-9.42915,38.80453],[-9.42959,38.80461],[-9.43055,38.80443],[-9.43104,38.80422],[-9.43252,38.80301],[-9.43301,38.80301],[-9.43383,38.80262],[-9.43455,38.80166],[-9.43452,38.80133],[-9.43414,38.80125],[-9.43367,38.80143],[-9.43226,38.80284],[-9.43052,38.80337],[-9.42915,38.80334],[-9.42856,38.80296],[-9.42776,38.80163],[-9.42616,38.80099],[-9.42546,38.79975],[-9.42439,38.79919],[-9.42432,38.79944],[-9.42409,38.7994],[-9.42421,38.79901],[-9.42389,38.79876],[-9.42313,38.79855],[-9.42225,38.79873],[-9.4218,38.79845],[-9.42157,38.79783],[-9.42045,38.79721],[-9.41804,38.79723],[-9.41813,38.79777],[-9.4186,38.79769],[-9.41979,38.79788],[-9.41988,38.79766],[-9.42048,38.79776],[-9.42022,38.79815],[-9.42123,38.79854],[-9.42237,38.79934],[-9.42274,38.79933],[-9.42331,38.79984],[-9.42364,38.79965],[-9.42375,38.79995],[-9.4241,38.80014],[-9.42377,38.80041],[-9.4243,38.80105],[-9.42434,38.80132],[-9.42413,38.80164],[-9.42271,38.80243],[-9.42232,38.80297],[-9.42064,38.80388],[-9.41966,38.805],[-9.4195,38.80562],[-9.41909,38.80611],[-9.41765,38.80672],[-9.41644,38.80765],[-9.41538,38.80769],[-9.41343,38.80685],[-9.41157,38.80773],[-9.40976,38.80756],[-9.40935,38.80772],[-9.40926,38.80802],[-9.40944,38.8085],[-9.41114,38.80894],[-9.4141,38.80844],[-9.41494,38.80891],[-9.4153,38.80967],[-9.41556,38.80984],[-9.41811,38.80945],[-9.41869,38.80948],[-9.41905,38.80969],[-9.41904,38.81014],[-9.41835,38.81062],[-9.4157,38.81135],[-9.41443,38.81197],[-9.41425,38.81278],[-9.41335,38.81399],[-9.41324,38.81464],[-9.41353,38.81501]],[[-9.42503,38.80425],[-9.42506,38.80444],[-9.42493,38.80449],[-9.42418,38.80425],[-9.42376,38.8043],[-9.42324,38.80387],[-9.42401,38.80302],[-9.4252,38.80215],[-9.42612,38.80281],[-9.42518,38.80372],[-9.42503,38.80425]],[[-9.43732,38.80916],[-9.43717,38.80916],[-9.43699,38.80838],[-9.43731,38.80829],[-9.43779,38.80922],[-9.43732,38.80916]]],[[[-9.40789,38.81359],[-9.40821,38.81351],[-9.40869,38.81257],[-9.40909,38.81127],[-9.40911,38.81057],[-9.40879,38.81034],[-9.40791,38.8102],[-9.40688,38.80933],[-9.40548,38.80943],[-9.40503,38.80922],[-9.40264,38.80641],[-9.40232,38.80575],[-9.40237,38.80506],[-9.40284,38.80453],[-9.40355,38.80456],[-9.40452,38.80576],[-9.40575,38.80671],[-9.40678,38.8084],[-9.40742,38.80876],[-9.40788,38.80872],[-9.40799,38.80836],[-9.40747,38.80774],[-9.40727,38.80718],[-9.40767,38.80691],[-9.40769,38.80669],[-9.40666,38.80627],[-9.40501,38.80508],[-9.40477,38.80469],[-9.40485,38.80418],[-9.40525,38.80372],[-9.40592,38.80336],[-9.40669,38.80245],[-9.41022,38.80046],[-9.41009,38.80021],[-9.41083,38.79998],[-9.41147,38.79952],[-9.41306,38.79881],[-9.41377,38.79866],[-9.4139,38.79767],[-9.41304,38.79799],[-9.41138,38.79902],[-9.40952,38.79922],[-9.40684,38.80049],[-9.40336,38.80253],[-9.40012,38.80397],[-9.39892,38.80406],[-9.39743,38.80348],[-9.39764,38.80413],[-9.39715,38.80513],[-9.39715,38.80548],[-9.39772,38.80629],[-9.39818,38.8066],[-9.40036,38.80686],[-9.40039,38.80709],[-9.40083,38.80754],[-9.40056,38.80816],[-9.40238,38.80815],[-9.40278,38.80855],[-9.40304,38.8091],[-9.40346,38.81112],[-9.40534,38.81294],[-9.40559,38.81286],[-9.40567,38.81257],[-9.406,38.81252],[-9.40653,38.8131],[-9.40748,38.81347],[-9.40761,38.81337],[-9.40789,38.81359]]],[[[-9.41439,38.79757],[-9.41439,38.7976],[-9.4147,38.79758],[-9.41439,38.79757]]]]},"properties":{"OBJECTID":152,"SIG_SITES.SDE.RN_RecAgrFlo_RAN.AREA":214.05994302,"SHAPE.STArea()":2140599.41245736,"SHAPE.STLength()":22712.142895737357,"COD":"M","COD1":" ","excluir":1,"Regulamento":"https://cloud.cm-sintra.pt/s/H79QNwTyezCXLJd","Pag_Regulamento":"","Guiao":"https://cloud.cm-sintra.pt/s/DqxzTELFktdZGKZ","Pag_Guiao":"23","Relatorio":"https://cloud.cm-sintra.pt/s/DpQF9g5C5LiACtM","Pag_relatorio":"58"}},{"type":"Feature","id":153,"geometry":{"type":"Polygon","coordinates":[[[-9.27907,38.79853],[-9.27879,38.80054],[-9.27851,38.80118],[-9.27861,38.80149],[-9.2791,38.80159],[-9.27946,38.80133],[-9.27993,38.79862],[-9.28048,38.79849],[-9.2815,38.79872],[-9.28171,38.79849],[-9.28171,38.79817],[-9.2789,38.79716],[-9.27848,38.79651],[-9.27747,38.79692],[-9.2762,38.79676],[-9.27504,38.79634],[-9.27466,38.79593],[-9.27429,38.79513],[-9.27345,38.79276],[-9.27299,38.79241],[-9.27252,38.7924],[-9.27269,38.7948],[-9.27312,38.79544],[-9.27325,38.79608],[-9.27396,38.7964],[-9.27426,38.79737],[-9.27782,38.79774],[-9.27839,38.79796],[-9.27907,38.79853]]]},"properties":{"OBJECTID":153,"SIG_SITES.SDE.RN_RecAgrFlo_RAN.AREA":14.29612568,"SHAPE.STArea()":142961.26249674,"SHAPE.STLength()":3225.8593990860745,"COD":"Ac","COD1":" 2a","excluir":1,"Regulamento":"https://cloud.cm-sintra.pt/s/H79QNwTyezCXLJd","Pag_Regulamento":"","Guiao":"https://cloud.cm-sintra.pt/s/DqxzTELFktdZGKZ","Pag_Guiao":"23","Relatorio":"https://cloud.cm-sintra.pt/s/DpQF9g5C5LiACtM","Pag_relatorio":"58"}},{"type":"Feature","id":154,"geometry":{"type":"Polygon","coordinates":[[[-9.25897,38.78317],[-9.25898,38.78334],[-9.2596,38.7839],[-9.26026,38.78506],[-9.26028,38.78536],[-9.25978,38.78589],[-9.25816,38.78669],[-9.25779,38.78715],[-9.25805,38.78743],[-9.25876,38.78727],[-9.25892,38.78748],[-9.25885,38.78797],[-9.25948,38.78816],[-9.25983,38.78785],[-9.25984,38.78703],[-9.26003,38.78663],[-9.26029,38.78652],[-9.26086,38.78665],[-9.26171,38.78646],[-9.26157,38.78601],[-9.26171,38.78568],[-9.26209,38.78546],[-9.26215,38.78521],[-9.26174,38.7846],[-9.26152,38.78382],[-9.26073,38.78326],[-9.2604,38.78281],[-9.2604,38.7818],[-9.2602,38.78149],[-9.25978,38.78179],[-9.25948,38.78236],[-9.25979,38.78291],[-9.25976,38.78321],[-9.25954,38.7833],[-9.25918,38.78309],[-9.25897,38.78317]]]},"properties":{"OBJECTID":154,"SIG_SITES.SDE.RN_RecAgrFlo_RAN.AREA":9.77188099,"SHAPE.STArea()":97718.81300463,"SHAPE.STLength()":2130.042333718415,"COD":"Ac","COD1":"PUSC","excluir":1,"Regulamento":"https://cloud.cm-sintra.pt/s/H79QNwTyezCXLJd","Pag_Regulamento":"","Guiao":"https://cloud.cm-sintra.pt/s/DqxzTELFktdZGKZ","Pag_Guiao":"23","Relatorio":"https://cloud.cm-sintra.pt/s/DpQF9g5C5LiACtM","Pag_relatorio":"58"}},{"type":"Feature","id":155,"geometry":{"type":"Polygon","coordinates":[[[-9.26387,38.79335],[-9.26414,38.79363],[-9.26452,38.79482],[-9.26497,38.79499],[-9.26512,38.7947],[-9.26487,38.79377],[-9.26501,38.79205],[-9.26409,38.79054],[-9.26394,38.78993],[-9.26397,38.78892],[-9.26366,38.78826],[-9.26344,38.7882],[-9.26304,38.78873],[-9.26302,38.78945],[-9.2639,38.79232],[-9.2636,38.79254],[-9.26233,38.7926],[-9.26214,38.79279],[-9.26311,38.7933],[-9.26387,38.79335]]]},"properties":{"OBJECTID":155,"SIG_SITES.SDE.RN_RecAgrFlo_RAN.AREA":6.74725116,"SHAPE.STArea()":67472.518746525,"SHAPE.STLength()":1858.9236136810466,"COD":"Ac","COD1":"PUSC","excluir":1,"Regulamento":"https://cloud.cm-sintra.pt/s/H79QNwTyezCXLJd","Pag_Regulamento":"","Guiao":"https://cloud.cm-sintra.pt/s/DqxzTELFktdZGKZ","Pag_Guiao":"23","Relatorio":"https://cloud.cm-sintra.pt/s/DpQF9g5C5LiACtM","Pag_relatorio":"58"}},{"type":"Feature","id":156,"geometry":{"type":"MultiPolygon","coordinates":[[[[-9.26729,38.80236],[-9.26729,38.80191],[-9.26759,38.80125],[-9.26715,38.80092],[-9.26628,38.80171],[-9.26595,38.8024],[-9.26592,38.80308],[-9.26552,38.80338],[-9.26447,38.80524],[-9.26453,38.80696],[-9.26412,38.80849],[-9.26446,38.80886],[-9.26535,38.80917],[-9.26599,38.80959],[-9.26517,38.80872],[-9.26469,38.80758],[-9.2646,38.80696],[-9.26478,38.80636],[-9.2645,38.80574],[-9.26497,38.80542],[-9.26491,38.80469],[-9.2655,38.80352],[-9.26664,38.80313],[-9.26629,38.80259],[-9.26656,38.80207],[-9.26694,38.80202],[-9.26708,38.80233],[-9.26729,38.80236]]],[[[-9.2666,38.80966],[-9.26771,38.81008],[-9.26854,38.80999],[-9.26762,38.81005],[-9.2666,38.80966]]],[[[-9.26609,38.80885],[-9.26619,38.80895],[-9.26681,38.80924],[-9.26609,38.80885]]],[[[-9.2659,38.8044],[-9.26537,38.80507],[-9.26521,38.80583],[-9.26539,38.80506],[-9.2659,38.8044]]],[[[-9.26533,38.80743],[-9.26536,38.80783],[-9.26541,38.80797],[-9.26533,38.80743]]],[[[-9.26511,38.80652],[-9.2651,38.80683],[-9.26518,38.80699],[-9.26511,38.80652]]],[[[-9.26664,38.80397],[-9.26657,38.80405],[-9.2666,38.80403],[-9.26664,38.80397]]],[[[-9.26694,38.80354],[-9.26687,38.80369],[-9.26694,38.80359],[-9.26694,38.80354]]],[[[-9.26642,38.80412],[-9.26633,38.80419],[-9.26637,38.80416],[-9.26642,38.80412]]],[[[-9.26708,38.80941],[-9.2671,38.80942],[-9.26716,38.80945],[-9.26708,38.80941]]]]},"properties":{"OBJECTID":156,"SIG_SITES.SDE.RN_RecAgrFlo_RAN.AREA":3.72053946,"SHAPE.STArea()":37205.39560514,"SHAPE.STLength()":3604.91522050491,"COD":"Ac","COD1":"PUSC","excluir":1,"Regulamento":"https://cloud.cm-sintra.pt/s/H79QNwTyezCXLJd","Pag_Regulamento":"","Guiao":"https://cloud.cm-sintra.pt/s/DqxzTELFktdZGKZ","Pag_Guiao":"23","Relatorio":"https://cloud.cm-sintra.pt/s/DpQF9g5C5LiACtM","Pag_relatorio":"58"}},{"type":"Feature","id":157,"geometry":{"type":"Polygon","coordinates":[[[-9.29824,38.80967],[-9.29465,38.81129],[-9.29411,38.81177],[-9.29366,38.81252],[-9.29394,38.81263],[-9.29539,38.81165],[-9.29722,38.81091],[-9.29861,38.81058],[-9.30095,38.80956],[-9.30222,38.80804],[-9.30231,38.80677],[-9.3017,38.80675],[-9.30104,38.8072],[-9.29995,38.80905],[-9.29906,38.80959],[-9.29824,38.80967]]]},"properties":{"OBJECTID":157,"SIG_SITES.SDE.RN_RecAgrFlo_RAN.AREA":8.76782086,"SHAPE.STArea()":87678.20982466,"SHAPE.STLength()":2142.5326752972665,"COD":"Ac","COD1":"PUSC","excluir":1,"Regulamento":"https://cloud.cm-sintra.pt/s/H79QNwTyezCXLJd","Pag_Regulamento":"","Guiao":"https://cloud.cm-sintra.pt/s/DqxzTELFktdZGKZ","Pag_Guiao":"23","Relatorio":"https://cloud.cm-sintra.pt/s/DpQF9g5C5LiACtM","Pag_relatorio":"58"}},{"type":"Feature","id":158,"geometry":{"type":"Polygon","coordinates":[[[-9.28187,38.81874],[-9.282,38.81836],[-9.28163,38.81824],[-9.28105,38.8183],[-9.28015,38.81866],[-9.27973,38.81957],[-9.27921,38.81983],[-9.27807,38.82109],[-9.27688,38.82173],[-9.27681,38.82192],[-9.27729,38.822],[-9.27837,38.82163],[-9.279,38.82078],[-9.27942,38.82062],[-9.28013,38.81979],[-9.28001,38.81976],[-9.28016,38.81936],[-9.28001,38.8193],[-9.28014,38.8191],[-9.28187,38.81874]]]},"properties":{"OBJECTID":158,"SIG_SITES.SDE.RN_RecAgrFlo_RAN.AREA":3.24789611,"SHAPE.STArea()":32478.96020748,"SHAPE.STLength()":1411.7552117671923,"COD":"Ac","COD1":"PUSC","excluir":1,"Regulamento":"https://cloud.cm-sintra.pt/s/H79QNwTyezCXLJd","Pag_Regulamento":"","Guiao":"https://cloud.cm-sintra.pt/s/DqxzTELFktdZGKZ","Pag_Guiao":"23","Relatorio":"https://cloud.cm-sintra.pt/s/DpQF9g5C5LiACtM","Pag_relatorio":"58"}},{"type":"Feature","id":159,"geometry":{"type":"Polygon","coordinates":[[[-9.27259,38.82396],[-9.27279,38.82373],[-9.27313,38.82389],[-9.27313,38.82406],[-9.27361,38.82274],[-9.27427,38.82249],[-9.27553,38.82236],[-9.27577,38.82216],[-9.27576,38.82195],[-9.27524,38.82169],[-9.27472,38.82166],[-9.27288,38.82234],[-9.27165,38.82251],[-9.27149,38.82276],[-9.27196,38.82302],[-9.27208,38.82383],[-9.27259,38.82396]]]},"properties":{"OBJECTID":159,"SIG_SITES.SDE.RN_RecAgrFlo_RAN.AREA":3.72614496,"SHAPE.STArea()":37261.450527155,"SHAPE.STLength()":1082.1523884217609,"COD":"Ac","COD1":"PUSC","excluir":1,"Regulamento":"https://cloud.cm-sintra.pt/s/H79QNwTyezCXLJd","Pag_Regulamento":"","Guiao":"https://cloud.cm-sintra.pt/s/DqxzTELFktdZGKZ","Pag_Guiao":"23","Relatorio":"https://cloud.cm-sintra.pt/s/DpQF9g5C5LiACtM","Pag_relatorio":"58"}},{"type":"Feature","id":160,"geometry":{"type":"Polygon","coordinates":[[[-9.25291,38.81979],[-9.25334,38.81988],[-9.25416,38.81848],[-9.25561,38.81806],[-9.25551,38.8177],[-9.25447,38.8179],[-9.2529,38.81787],[-9.25303,38.81856],[-9.25267,38.81947],[-9.25291,38.81979]]]},"properties":{"OBJECTID":160,"SIG_SITES.SDE.RN_RecAgrFlo_RAN.AREA":2.45336895,"SHAPE.STArea()":24533.690227915,"SHAPE.STLength()":857.5804075314742,"COD":"Ac","COD1":"PUSC","excluir":1,"Regulamento":"https://cloud.cm-sintra.pt/s/H79QNwTyezCXLJd","Pag_Regulamento":"","Guiao":"https://cloud.cm-sintra.pt/s/DqxzTELFktdZGKZ","Pag_Guiao":"23","Relatorio":"https://cloud.cm-sintra.pt/s/DpQF9g5C5LiACtM","Pag_relatorio":"58"}},{"type":"Feature","id":161,"geometry":{"type":"Polygon","coordinates":[[[-9.26165,38.82626],[-9.2606,38.82587],[-9.26019,38.82508],[-9.25939,38.82449],[-9.25928,38.82381],[-9.25971,38.82304],[-9.25927,38.82271],[-9.25849,38.82302],[-9.25756,38.82408],[-9.25547,38.82417],[-9.255,38.82444],[-9.25525,38.82476],[-9.25681,38.82508],[-9.25742,38.82507],[-9.25837,38.82474],[-9.25887,38.82481],[-9.25903,38.8254],[-9.25947,38.82571],[-9.25955,38.82617],[-9.25942,38.82696],[-9.25887,38.82727],[-9.25876,38.82757],[-9.25901,38.82782],[-9.25989,38.82811],[-9.26165,38.82626]]]},"properties":{"OBJECTID":161,"SIG_SITES.SDE.RN_RecAgrFlo_RAN.AREA":9.36883261,"SHAPE.STArea()":93688.329877415,"SHAPE.STLength()":2096.736909216114,"COD":" Ac","COD1":"PPVA","excluir":1,"Regulamento":"https://cloud.cm-sintra.pt/s/H79QNwTyezCXLJd","Pag_Regulamento":"","Guiao":"https://cloud.cm-sintra.pt/s/DqxzTELFktdZGKZ","Pag_Guiao":"23","Relatorio":"https://cloud.cm-sintra.pt/s/DpQF9g5C5LiACtM","Pag_relatorio":"58"}},{"type":"Feature","id":162,"geometry":{"type":"Polygon","coordinates":[[[-9.39114,38.91513],[-9.39234,38.91543],[-9.39362,38.9149],[-9.39454,38.91493],[-9.39504,38.91465],[-9.3944,38.91424],[-9.3924,38.91465],[-9.38983,38.91417],[-9.38851,38.91387],[-9.38785,38.9133],[-9.38686,38.91293],[-9.38616,38.913],[-9.38559,38.91348],[-9.38573,38.9144],[-9.38608,38.9147],[-9.38641,38.9147],[-9.38685,38.91436],[-9.38753,38.91419],[-9.38835,38.91462],[-9.38946,38.91479],[-9.38999,38.91517],[-9.39114,38.91513]]]},"properties":{"OBJECTID":162,"SIG_SITES.SDE.RN_RecAgrFlo_RAN.AREA":7.92702921,"SHAPE.STArea()":79270.28879142,"SHAPE.STLength()":1944.41033857923,"COD":" Ac","COD1":" 2a","excluir":1,"Regulamento":"https://cloud.cm-sintra.pt/s/H79QNwTyezCXLJd","Pag_Regulamento":"","Guiao":"https://cloud.cm-sintra.pt/s/DqxzTELFktdZGKZ","Pag_Guiao":"23","Relatorio":"https://cloud.cm-sintra.pt/s/DpQF9g5C5LiACtM","Pag_relatorio":"58"}},{"type":"Feature","id":163,"geometry":{"type":"Polygon","coordinates":[[[-9.39495,38.8354],[-9.39419,38.83452],[-9.39435,38.83377],[-9.39354,38.83331],[-9.39317,38.83331],[-9.39317,38.83366],[-9.39366,38.83432],[-9.39376,38.83499],[-9.39421,38.83569],[-9.39494,38.83588],[-9.39495,38.8354]]]},"properties":{"OBJECTID":163,"SIG_SITES.SDE.RN_RecAgrFlo_RAN.AREA":1.71341852,"SHAPE.STArea()":17134.18717638,"SHAPE.STLength()":743.7462315537734,"COD":"Ta","COD1":" 1","excluir":1,"Regulamento":"https://cloud.cm-sintra.pt/s/H79QNwTyezCXLJd","Pag_Regulamento":"","Guiao":"https://cloud.cm-sintra.pt/s/DqxzTELFktdZGKZ","Pag_Guiao":"23","Relatorio":"https://cloud.cm-sintra.pt/s/DpQF9g5C5LiACtM","Pag_relatorio":"58"}},{"type":"Feature","id":164,"geometry":{"type":"MultiPolygon","coordinates":[[[[-9.24777,38.82822],[-9.24954,38.8281],[-9.25022,38.82829],[-9.25119,38.82888],[-9.25241,38.82883],[-9.25349,38.82914],[-9.25514,38.82931],[-9.25535,38.82917],[-9.25528,38.8288],[-9.25432,38.82854],[-9.25216,38.82837],[-9.25048,38.82746],[-9.25031,38.82698],[-9.25051,38.82654],[-9.25256,38.82435],[-9.25488,38.82344],[-9.25608,38.82322],[-9.25645,38.82289],[-9.2565,38.8226],[-9.255,38.82222],[-9.2547,38.82245],[-9.25468,38.82299],[-9.25453,38.82312],[-9.25303,38.82359],[-9.25286,38.82354],[-9.25253,38.82253],[-9.25214,38.82257],[-9.25208,38.82301],[-9.25232,38.8237],[-9.25217,38.82396],[-9.25124,38.82457],[-9.2506,38.82539],[-9.24933,38.82656],[-9.24927,38.82727],[-9.24882,38.8274],[-9.24845,38.8273],[-9.24806,38.82746],[-9.24748,38.82686],[-9.24715,38.82691],[-9.24704,38.82719],[-9.24741,38.82792],[-9.24777,38.82822]]],[[[-9.23955,38.82869],[-9.23983,38.82983],[-9.23977,38.83074],[-9.24,38.83092],[-9.24045,38.82991],[-9.24089,38.82996],[-9.24162,38.82946],[-9.24231,38.82943],[-9.24268,38.82918],[-9.24234,38.82856],[-9.24252,38.82839],[-9.24271,38.8283],[-9.24308,38.82875],[-9.24344,38.82855],[-9.24403,38.82858],[-9.24455,38.82796],[-9.24531,38.82795],[-9.24389,38.82732],[-9.24308,38.82742],[-9.24165,38.82802],[-9.24023,38.82773],[-9.23984,38.82789],[-9.23955,38.82869]]]]},"properties":{"OBJECTID":164,"SIG_SITES.SDE.RN_RecAgrFlo_RAN.AREA":20.09653145,"SHAPE.STArea()":200965.29047882,"SHAPE.STLength()":5280.393543618909,"COD":"Ac","COD1":" PPQP","excluir":1,"Regulamento":"https://cloud.cm-sintra.pt/s/H79QNwTyezCXLJd","Pag_Regulamento":"","Guiao":"https://cloud.cm-sintra.pt/s/DqxzTELFktdZGKZ","Pag_Guiao":"23","Relatorio":"https://cloud.cm-sintra.pt/s/DpQF9g5C5LiACtM","Pag_relatorio":"58"}},{"type":"Feature","id":165,"geometry":{"type":"Polygon","coordinates":[[[-9.37409,38.90038],[-9.37379,38.90032],[-9.37434,38.90134],[-9.3741,38.90208],[-9.37423,38.90288],[-9.37443,38.90348],[-9.37483,38.90357],[-9.37492,38.90398],[-9.37538,38.90362],[-9.37563,38.90363],[-9.37623,38.90267],[-9.37797,38.90344],[-9.37941,38.90434],[-9.38073,38.90426],[-9.38101,38.90393],[-9.38106,38.90359],[-9.38076,38.90325],[-9.37936,38.90251],[-9.37848,38.90177],[-9.38189,38.90221],[-9.38479,38.9019],[-9.38745,38.90126],[-9.38805,38.90048],[-9.38788,38.89836],[-9.38808,38.89719],[-9.38782,38.89591],[-9.38717,38.89527],[-9.38652,38.89424],[-9.38626,38.89236],[-9.38553,38.89144],[-9.38511,38.89051],[-9.38343,38.88872],[-9.38213,38.88829],[-9.38194,38.88773],[-9.38023,38.88623],[-9.37999,38.8864],[-9.37939,38.88571],[-9.37777,38.88511],[-9.37695,38.88456],[-9.37565,38.88458],[-9.37482,38.88438],[-9.3747,38.88454],[-9.37477,38.88525],[-9.37416,38.88539],[-9.37346,38.88523],[-9.37155,38.88518],[-9.37028,38.88692],[-9.36992,38.88721],[-9.36975,38.88712],[-9.36974,38.88735],[-9.37045,38.88754],[-9.37121,38.88683],[-9.37159,38.88685],[-9.3718,38.88716],[-9.37135,38.88792],[-9.37258,38.8874],[-9.37317,38.88744],[-9.37267,38.88873],[-9.37182,38.88963],[-9.37095,38.8901],[-9.3709,38.89122],[-9.37147,38.89159],[-9.37192,38.89147],[-9.37227,38.8905],[-9.37343,38.8897],[-9.37418,38.88783],[-9.37461,38.88787],[-9.37464,38.8888],[-9.37482,38.88916],[-9.3762,38.889],[-9.37655,38.88847],[-9.37647,38.88736],[-9.37671,38.88668],[-9.37652,38.88629],[-9.3759,38.88567],[-9.37637,38.88552],[-9.37692,38.88563],[-9.37931,38.8871],[-9.38079,38.8885],[-9.38128,38.88926],[-9.38121,38.88944],[-9.38053,38.88893],[-9.37921,38.88839],[-9.37677,38.88878],[-9.37621,38.88927],[-9.37614,38.88989],[-9.37594,38.89016],[-9.37491,38.89029],[-9.3751,38.89187],[-9.3754,38.89186],[-9.37539,38.89271],[-9.37615,38.89273],[-9.37686,38.89294],[-9.37753,38.89225],[-9.37882,38.89184],[-9.37951,38.8914],[-9.38098,38.89106],[-9.38148,38.89063],[-9.3832,38.89011],[-9.38439,38.89133],[-9.38501,38.89237],[-9.38585,38.89471],[-9.38587,38.8957],[-9.3864,38.89623],[-9.38627,38.89693],[-9.38647,38.89766],[-9.38557,38.89832],[-9.38506,38.89847],[-9.38308,38.89815],[-9.3822,38.89822],[-9.38015,38.89884],[-9.3787,38.89876],[-9.37759,38.89904],[-9.37539,38.89851],[-9.37508,38.89861],[-9.37502,38.89893],[-9.37536,38.89921],[-9.3759,38.89916],[-9.3761,38.8996],[-9.37634,38.89967],[-9.37754,38.89947],[-9.38097,38.89937],[-9.38262,38.89891],[-9.384,38.89899],[-9.38498,38.89883],[-9.3859,38.89923],[-9.38619,38.90047],[-9.38542,38.90113],[-9.3849,38.90121],[-9.3837,38.90106],[-9.38188,38.90153],[-9.38053,38.90149],[-9.37544,38.90053],[-9.37577,38.9012],[-9.37474,38.90152],[-9.37469,38.90124],[-9.37484,38.90123],[-9.37468,38.90085],[-9.37409,38.90038]]]},"properties":{"OBJECTID":165,"SIG_SITES.SDE.RN_RecAgrFlo_RAN.AREA":94.17506221,"SHAPE.STArea()":941750.62564071,"SHAPE.STLength()":14892.73586283825,"COD":"Ta","COD1":"2d","excluir":1,"Regulamento":"https://cloud.cm-sintra.pt/s/H79QNwTyezCXLJd","Pag_Regulamento":"","Guiao":"https://cloud.cm-sintra.pt/s/DqxzTELFktdZGKZ","Pag_Guiao":"23","Relatorio":"https://cloud.cm-sintra.pt/s/DpQF9g5C5LiACtM","Pag_relatorio":"58"}},{"type":"Feature","id":166,"geometry":{"type":"Polygon","coordinates":[[[-9.45716,38.83629],[-9.45685,38.83643],[-9.45642,38.83632],[-9.45567,38.83643],[-9.45595,38.83675],[-9.4565,38.83673],[-9.45716,38.83696],[-9.45773,38.83688],[-9.45844,38.83733],[-9.45865,38.83725],[-9.45743,38.83629],[-9.45716,38.83629]]]},"properties":{"OBJECTID":166,"SIG_SITES.SDE.RN_RecAgrFlo_RAN.AREA":1.09701328,"SHAPE.STArea()":10970.13391334,"SHAPE.STLength()":632.3086462087324,"COD":"Ac","COD1":"PPPM","excluir":1,"Regulamento":"https://cloud.cm-sintra.pt/s/H79QNwTyezCXLJd","Pag_Regulamento":"","Guiao":"https://cloud.cm-sintra.pt/s/DqxzTELFktdZGKZ","Pag_Guiao":"23","Relatorio":"https://cloud.cm-sintra.pt/s/DpQF9g5C5LiACtM","Pag_relatorio":"58"}},{"type":"Feature","id":167,"geometry":{"type":"Polygon","coordinates":[[[-9.27272,38.78628],[-9.27316,38.7865],[-9.27351,38.78711],[-9.27381,38.78717],[-9.27429,38.78552],[-9.27325,38.78555],[-9.27216,38.78532],[-9.27189,38.78439],[-9.27156,38.78425],[-9.27121,38.78437],[-9.27111,38.78452],[-9.27127,38.78517],[-9.2705,38.7858],[-9.27061,38.7861],[-9.2716,38.78654],[-9.27272,38.78628]]]},"properties":{"OBJECTID":167,"SIG_SITES.SDE.RN_RecAgrFlo_RAN.AREA":4.47763632,"SHAPE.STArea()":44776.363461485,"SHAPE.STLength()":1145.916859557495,"COD":"Ta","COD1":"PUSC","excluir":1,"Regulamento":"https://cloud.cm-sintra.pt/s/H79QNwTyezCXLJd","Pag_Regulamento":"","Guiao":"https://cloud.cm-sintra.pt/s/DqxzTELFktdZGKZ","Pag_Guiao":"23","Relatorio":"https://cloud.cm-sintra.pt/s/DpQF9g5C5LiACtM","Pag_relatorio":"58"}},{"type":"Feature","id":168,"geometry":{"type":"Polygon","coordinates":[[[-9.26734,38.78183],[-9.26879,38.78223],[-9.26915,38.78209],[-9.26921,38.78178],[-9.26971,38.78191],[-9.27021,38.7819],[-9.27028,38.78178],[-9.26943,38.78153],[-9.26707,38.77967],[-9.26646,38.77903],[-9.26576,38.77711],[-9.26538,38.77666],[-9.26494,38.77679],[-9.26551,38.77826],[-9.26649,38.77975],[-9.26629,38.77986],[-9.26583,38.77958],[-9.26573,38.77995],[-9.2672,38.78147],[-9.26734,38.78183]]]},"properties":{"OBJECTID":168,"SIG_SITES.SDE.RN_RecAgrFlo_RAN.AREA":6.44345982,"SHAPE.STArea()":64434.601999445,"SHAPE.STLength()":1849.926810789513,"COD":" ","COD1":" ","excluir":1,"Regulamento":"https://cloud.cm-sintra.pt/s/H79QNwTyezCXLJd","Pag_Regulamento":"","Guiao":"https://cloud.cm-sintra.pt/s/DqxzTELFktdZGKZ","Pag_Guiao":"23","Relatorio":"https://cloud.cm-sintra.pt/s/DpQF9g5C5LiACtM","Pag_relatorio":"58"}},{"type":"Feature","id":169,"geometry":{"type":"MultiPolygon","coordinates":[[[[-9.31192,38.79216],[-9.31028,38.79237],[-9.30997,38.79299],[-9.30959,38.79332],[-9.30815,38.79373],[-9.30728,38.79381],[-9.30699,38.7941],[-9.30361,38.79343],[-9.30213,38.79348],[-9.29856,38.79415],[-9.29676,38.79424],[-9.29633,38.79449],[-9.29552,38.79563],[-9.29506,38.79703],[-9.29432,38.79801],[-9.2952,38.79829],[-9.29659,38.79768],[-9.29834,38.7963],[-9.29868,38.7951],[-9.29884,38.79499],[-9.29964,38.79493],[-9.29988,38.79569],[-9.30051,38.79594],[-9.30247,38.79583],[-9.30361,38.7956],[-9.30504,38.79562],[-9.30511,38.79594],[-9.30433,38.79659],[-9.3036,38.79766],[-9.30319,38.79954],[-9.30331,38.80039],[-9.30384,38.8006],[-9.30413,38.80095],[-9.30446,38.80097],[-9.30513,38.80052],[-9.30561,38.79964],[-9.30526,38.79762],[-9.30538,38.79729],[-9.30639,38.79681],[-9.30712,38.79674],[-9.30826,38.79586],[-9.30794,38.79565],[-9.30864,38.7943],[-9.31,38.79441],[-9.31084,38.79417],[-9.31108,38.79381],[-9.31125,38.79295],[-9.31192,38.79216]]],[[[-9.3163,38.79576],[-9.31616,38.79618],[-9.31553,38.79612],[-9.31525,38.79628],[-9.31485,38.79704],[-9.31505,38.79737],[-9.3143,38.79829],[-9.31417,38.79879],[-9.31467,38.79841],[-9.31542,38.79853],[-9.31596,38.79829],[-9.31664,38.79694],[-9.31695,38.79666],[-9.319,38.79662],[-9.31932,38.79637],[-9.31912,38.79602],[-9.31789,38.79572],[-9.318,38.79533],[-9.3172,38.79522],[-9.31719,38.79549],[-9.31679,38.79588],[-9.3163,38.79576]]],[[[-9.31108,38.78579],[-9.30998,38.78543],[-9.30959,38.78516],[-9.30951,38.78484],[-9.30861,38.78438],[-9.30826,38.78431],[-9.308,38.7845],[-9.30808,38.78491],[-9.3091,38.78573],[-9.31038,38.78596],[-9.31112,38.78634],[-9.31232,38.78794],[-9.31383,38.78867],[-9.31429,38.78953],[-9.31444,38.78946],[-9.31418,38.78903],[-9.31476,38.78839],[-9.3139,38.78833],[-9.31377,38.78822],[-9.31387,38.78781],[-9.31329,38.78748],[-9.31278,38.78675],[-9.31108,38.78579]]],[[[-9.31225,38.79192],[-9.31528,38.79167],[-9.31547,38.79089],[-9.3153,38.79018],[-9.31485,38.7898],[-9.31421,38.78989],[-9.31273,38.79087],[-9.31225,38.79192]]],[[[-9.31415,38.80004],[-9.31477,38.80055],[-9.31662,38.80107],[-9.31596,38.80044],[-9.31487,38.80034],[-9.31427,38.79991],[-9.31415,38.80004]]],[[[-9.3141,38.79903],[-9.31388,38.79972],[-9.3142,38.79958],[-9.3141,38.79903]]]]},"properties":{"OBJECTID":169,"SIG_SITES.SDE.RN_RecAgrFlo_RAN.AREA":59.15511477,"SHAPE.STArea()":591551.140784235,"SHAPE.STLength()":10136.538632765634,"COD":"Ac","COD1":"PUSC","excluir":1,"Regulamento":"https://cloud.cm-sintra.pt/s/H79QNwTyezCXLJd","Pag_Regulamento":"","Guiao":"https://cloud.cm-sintra.pt/s/DqxzTELFktdZGKZ","Pag_Guiao":"23","Relatorio":"https://cloud.cm-sintra.pt/s/DpQF9g5C5LiACtM","Pag_relatorio":"58"}}]}