{"type":"FeatureCollection","features":[{"type":"Feature","id":"CRUS_Sesimbra_V.33182","properties":{"AREA_HA":492.156657455835,"Autor":"DGT","Categoria_2021":"Não Atribuída","Classe_2021":"Solo Urbano","DTCC":"1511","Data_Pub_Origem":"1998-02-02T00:00:00","Designacao_no_plano":"Urbano/Urbanizável","Escala_origem":"1/25000","Fonte":"CM - Raster","ID1":33182,"Municipio":"SESIMBRA"},"geometry":{"type":"Polygon","coordinates":[[[-9.04526527019459,38.57747125679],[-9.0441988956706,38.5774117385575],[-9.04299138683291,38.5775793881265],[-9.04106449323062,38.5777978245934],[-9.03955999464602,38.5780157846383],[-9.03906048338568,38.5770317776194],[-9.039058157119,38.5770271951618],[-9.03876264687054,38.5764450448436],[-9.03817715923849,38.5762630572554],[-9.03675898870887,38.5734084408449],[-9.03607101240748,38.5719385729395],[-9.03658614819415,38.5716802558735],[-9.03626957315083,38.5705466426047],[-9.03618419684376,38.5689025624823],[-9.03677719889272,38.5679654007806],[-9.03624150304131,38.5665791369602],[-9.03571346369207,38.565803230234],[-9.03544647986617,38.5651779135926],[-9.03539798999843,38.5647543843539],[-9.03594328270374,38.5617319958194],[-9.03513984370001,38.5596525889973],[-9.03498170040627,38.5590942561785],[-9.03461164622982,38.5571301975525],[-9.03432286192693,38.5559790264578],[-9.03422531441843,38.5555901660648],[-9.03439228758976,38.5555292878451],[-9.03568225963244,38.5550589539357],[-9.03684460040508,38.5547617323216],[-9.03916861529874,38.5541163913709],[-9.04050152471912,38.5536482520891],[-9.04123716683684,38.5520486720127],[-9.04189260558667,38.5509414380242],[-9.04250633937446,38.5499532161741],[-9.04277910606066,38.54932372047],[-9.04346271517112,38.5487418983264],[-9.0436745495172,38.5484180845056],[-9.04419013309502,38.5482105996189],[-9.04396899681331,38.5477968949156],[-9.04609422649826,38.5470662082657],[-9.04818249355497,38.5463481781421],[-9.04881317070023,38.5461313163659],[-9.05039003983565,38.5456215914316],[-9.05120866717085,38.5466099337991],[-9.0514294438794,38.5468426142482],[-9.05176564188778,38.5471969351238],[-9.05199651884897,38.5474402549519],[-9.05200181631008,38.5478564809435],[-9.05201280292439,38.5487196810177],[-9.05201378206494,38.5487966086677],[-9.05271185089761,38.549356331493],[-9.05334771495197,38.5494954775021],[-9.05380890835605,38.5495963984369],[-9.05493475917382,38.5498362274264],[-9.05513886379469,38.5500380933242],[-9.05618992864323,38.5511828261888],[-9.0573890154994,38.5526428938347],[-9.05750966759001,38.5530714952865],[-9.0573203078234,38.554022531709],[-9.05637736165284,38.5568333808854],[-9.05560795315554,38.5597106774128],[-9.05511531659642,38.5616227150244],[-9.0550592897324,38.5618401621686],[-9.05495433111662,38.5621963799048],[-9.05464531600098,38.5632451242061],[-9.05501566006357,38.5651865039069],[-9.05526756325865,38.5671640079685],[-9.0552717158263,38.5671966064085],[-9.05426913559553,38.5676114462129],[-9.05423024192583,38.5676625574089],[-9.05378642410798,38.5682457836618],[-9.05364605730891,38.5684302397202],[-9.05316528900618,38.5694387590365],[-9.05288879195112,38.570018758521],[-9.05156134276941,38.5720639084348],[-9.05139191556849,38.5723802988781],[-9.050126680164,38.5747429091805],[-9.04930677623811,38.5762666404056],[-9.0491982125517,38.5764683926222],[-9.04912726318191,38.5765453379249],[-9.04893360195341,38.5767553641541],[-9.04858500303676,38.5771334176478],[-9.04774932998382,38.5780396804561],[-9.04622504085559,38.5782098385239],[-9.04526527019459,38.57747125679]]]}},{"type":"Feature","id":"CRUS_Sesimbra_V.33183","properties":{"AREA_HA":21.2505366288524,"Autor":"DGT","Categoria_2021":"Espaço de Atividades Industriais ","Classe_2021":"Solo Rústico","DTCC":"1511","Data_Pub_Origem":"1998-02-02T00:00:00","Designacao_no_plano":"Indústrial","Escala_origem":"1/25000","Fonte":"CM - Raster","ID1":33183,"Municipio":"SESIMBRA"},"geometry":{"type":"Polygon","coordinates":[[[-9.07177136637873,38.5475855307882],[-9.07201950299951,38.5475696106875],[-9.07208783530704,38.5475806129128],[-9.0723959700312,38.5476302235984],[-9.07259300368385,38.5476619466771],[-9.07292608644744,38.5477155724769],[-9.07337205257726,38.5479070202625],[-9.0737291538194,38.5480852492384],[-9.07400011231238,38.5484591983139],[-9.07465663674652,38.549833048912],[-9.07532765274197,38.5509560290926],[-9.07628759518727,38.5524667331307],[-9.07597121864888,38.5526921708815],[-9.07469304113532,38.5539840734408],[-9.07368430066051,38.5541732803978],[-9.07208593186392,38.5543077071563],[-9.07203623738685,38.5543118864852],[-9.07170408139616,38.5533254774649],[-9.07140903526007,38.5510989479794],[-9.07148414512297,38.5500535508066],[-9.07177136637873,38.5475855307882]]]}},{"type":"Feature","id":"CRUS_Sesimbra_V.33184","properties":{"AREA_HA":6.6887198675869,"Autor":"DGT","Categoria_2021":"Espaço de Atividades Industriais ","Classe_2021":"Solo Rústico","DTCC":"1511","Data_Pub_Origem":"1998-02-02T00:00:00","Designacao_no_plano":"Indústrial","Escala_origem":"1/25000","Fonte":"CM - Raster","ID1":33184,"Municipio":"SESIMBRA"},"geometry":{"type":"Polygon","coordinates":[[[-9.0762138298154,38.5542132950195],[-9.07688006642826,38.553608909539],[-9.0771803943646,38.5562254379368],[-9.07650740003829,38.5563144476674],[-9.07480480466147,38.5563560180891],[-9.07254586349579,38.5564933952284],[-9.07248987528687,38.5564968001164],[-9.07242938549173,38.5565004780145],[-9.07222029914417,38.5554295001078],[-9.07229240286454,38.5554266560828],[-9.07229661782028,38.5554264898458],[-9.07310688408135,38.5553945237057],[-9.07498466632728,38.5551844014144],[-9.07545925180499,38.5548462474431],[-9.0762138298154,38.5542132950195]]]}},{"type":"Feature","id":"CRUS_Sesimbra_V.33185","properties":{"AREA_HA":8.53709367842042,"Autor":"DGT","Categoria_2021":"Espaço de Uso Especial Equipamentos e Infraestruturas","Classe_2021":"Solo Urbano","DTCC":"1511","Data_Pub_Origem":"1998-02-02T00:00:00","Designacao_no_plano":"Equipamento","Escala_origem":"1/25000","Fonte":"CM - Raster","ID1":33185,"Municipio":"SESIMBRA"},"geometry":{"type":"Polygon","coordinates":[[[-9.08301650423013,38.5517802884511],[-9.08216452949756,38.5517454070824],[-9.08205954307104,38.5505064361365],[-9.08213211772379,38.54927995575],[-9.08206993420917,38.5485978602806],[-9.08126041699846,38.5477407222878],[-9.08126370352972,38.5466401787559],[-9.08131179152116,38.5462497325874],[-9.08391926224584,38.5462425144531],[-9.08390757809629,38.5467023189672],[-9.08394476039563,38.5481786608689],[-9.08387839738563,38.5485274647516],[-9.08341998079354,38.5487401458704],[-9.08292388639592,38.5487859635801],[-9.08292773478957,38.5490784744935],[-9.08302540215732,38.5497602814872],[-9.08301650423013,38.5517802884511]]]}},{"type":"Feature","id":"CRUS_Sesimbra_V.33186","properties":{"AREA_HA":9.45250385564901,"Autor":"DGT","Categoria_2021":"Espaço de Uso Especial Equipamentos e Infraestruturas","Classe_2021":"Solo Urbano","DTCC":"1511","Data_Pub_Origem":"1998-02-02T00:00:00","Designacao_no_plano":"Equipamento","Escala_origem":"1/25000","Fonte":"CM - Raster","ID1":33186,"Municipio":"SESIMBRA"},"geometry":{"type":"Polygon","coordinates":[[[-9.07208783530704,38.5475806129128],[-9.07201950299951,38.5475696106875],[-9.07177136637873,38.5475855307882],[-9.07179876804877,38.5473755727391],[-9.07210892917087,38.544998954047],[-9.07226765008071,38.5437758450818],[-9.07228627378712,38.5436323313226],[-9.0730677486544,38.5437096428475],[-9.07594453441886,38.5453163916736],[-9.07440533576833,38.5469865196595],[-9.07373060888307,38.5469362210244],[-9.07293172463281,38.5468869143943],[-9.07293788943293,38.5473605050472],[-9.07292184318895,38.5474097788859],[-9.07286966069501,38.5475700118873],[-9.07259300368385,38.5476619466771],[-9.0723959700312,38.5476302235984],[-9.07208783530704,38.5475806129128]]]}},{"type":"Feature","id":"CRUS_Sesimbra_V.33187","properties":{"AREA_HA":201.124848917468,"Autor":"DGT","Categoria_2021":"Não Atribuída","Classe_2021":"Solo Urbano","DTCC":"1511","Data_Pub_Origem":"1998-02-02T00:00:00","Designacao_no_plano":"Urbano/Urbanizável","Escala_origem":"1/25000","Fonte":"CM - Raster","ID1":33187,"Municipio":"SESIMBRA"},"geometry":{"type":"Polygon","coordinates":[[[-9.0737794902246,38.5623961880172],[-9.07349209859313,38.5617858290797],[-9.07348001264392,38.5617868666258],[-9.07347274489234,38.5617447272025],[-9.07290426106399,38.5584481518055],[-9.07254586349579,38.5564933952284],[-9.07480480466147,38.5563560180891],[-9.07650740003829,38.5563144476674],[-9.0771803943646,38.5562254379368],[-9.07688006642826,38.553608909539],[-9.0762138298154,38.5542132950195],[-9.07545925180499,38.5548462474431],[-9.07498466632728,38.5551844014144],[-9.07310688408135,38.5553945237057],[-9.07229661782028,38.5554264898458],[-9.07227641333029,38.5553400032892],[-9.07203623738685,38.5543118864852],[-9.07208593186392,38.5543077071563],[-9.07368430066051,38.5541732803978],[-9.07469304113532,38.5539840734408],[-9.07597121864888,38.5526921708815],[-9.07628759518727,38.5524667331307],[-9.07532765274197,38.5509560290926],[-9.07465663674652,38.549833048912],[-9.07400011231238,38.5484591983139],[-9.0737291538194,38.5480852492384],[-9.07337205257726,38.5479070202625],[-9.07292608644744,38.5477155724769],[-9.07259300368385,38.5476619466771],[-9.07286966069501,38.5475700118873],[-9.07292184318895,38.5474097788859],[-9.07293788943293,38.5473605050472],[-9.07293172463281,38.5468869143943],[-9.07373060888307,38.5469362210244],[-9.07440533576833,38.5469865196595],[-9.07594453441886,38.5453163916736],[-9.07763837039137,38.5460257532068],[-9.07886383826898,38.5461412353438],[-9.08049652287351,38.5461976871275],[-9.08131179152116,38.5462497325874],[-9.08126370352972,38.5466401787559],[-9.08126041699846,38.5477407222878],[-9.08206993420917,38.5485978602806],[-9.08213211772379,38.54927995575],[-9.08205954307104,38.5505064361365],[-9.08216452949756,38.5517454070824],[-9.08301650423013,38.5517802884511],[-9.08302540215732,38.5497602814872],[-9.08292773478957,38.5490784744935],[-9.08292388639592,38.5487859635801],[-9.08341998079354,38.5487401458704],[-9.08387839738563,38.5485274647516],[-9.08394476039563,38.5481786608689],[-9.08390757809629,38.5467023189672],[-9.08391926224584,38.5462425144531],[-9.0855878533203,38.546226027405],[-9.08704244066287,38.5462281139674],[-9.08785814045839,38.5462075341537],[-9.09000353068764,38.5461342950783],[-9.09097885776255,38.5461123886539],[-9.09144000928949,38.5461086145438],[-9.0919756210079,38.5463689094921],[-9.09210218163661,38.5465489703304],[-9.09217611582989,38.5481085909607],[-9.09208100470354,38.5502964723221],[-9.09223440857615,38.5524962471686],[-9.09259960238274,38.5533214177437],[-9.09227119479966,38.5534526626818],[-9.09138607103575,38.5537474647546],[-9.09003247057979,38.554104295094],[-9.08911586688623,38.5544313172411],[-9.08848240731228,38.5546395426399],[-9.087611696394,38.5552616370737],[-9.08658168515178,38.5560277191014],[-9.08575542903386,38.5567088923722],[-9.08527240527409,38.5570871184462],[-9.08370185252278,38.5579454065534],[-9.08171310744997,38.5591711765935],[-9.08088336777391,38.5597073160273],[-9.07933130789757,38.5607766380194],[-9.07812706065389,38.5615577491367],[-9.07747623312269,38.5620057569519],[-9.07638660780569,38.5621162646193],[-9.07440766473094,38.5623283396321],[-9.0737794902246,38.5623961880172]]]}},{"type":"Feature","id":"CRUS_Sesimbra_V.33188","properties":{"AREA_HA":281.583503717837,"Autor":"DGT","Categoria_2021":"Não Atribuída","Classe_2021":"Solo Urbano","DTCC":"1511","Data_Pub_Origem":"1998-02-02T00:00:00","Designacao_no_plano":"Urbano/Urbanizável","Escala_origem":"1/25000","Fonte":"CM - Raster","ID1":33188,"Municipio":"SESIMBRA"},"geometry":{"type":"Polygon","coordinates":[[[-9.15789421099673,38.5154991235067],[-9.15751902189396,38.5148252682248],[-9.15737677574318,38.5144442308005],[-9.15754296861016,38.5143692324017],[-9.15752243739703,38.5141274983367],[-9.15770943341184,38.5140452246666],[-9.15731184689777,38.5131482490441],[-9.15696151570105,38.5131714721243],[-9.15663579153877,38.5131205615617],[-9.15641192757364,38.5130150009775],[-9.15633875291022,38.5130156404199],[-9.15628365323889,38.5130161218823],[-9.15626947438061,38.5126186571554],[-9.15638083202187,38.5124295293433],[-9.15651435967299,38.5121954099841],[-9.15692216835269,38.512003690384],[-9.15699020045804,38.5119762160382],[-9.1570122426063,38.5119222651867],[-9.15671869437617,38.5113245282004],[-9.15630846830818,38.5105396560503],[-9.15586417500131,38.5097640394029],[-9.15571012436057,38.5093532369006],[-9.15544890143344,38.5094271959049],[-9.15527888995813,38.5095003572811],[-9.1549702866488,38.5094492925143],[-9.15468271418015,38.5092726062772],[-9.15454311027189,38.5090767096522],[-9.154606710351,38.5087356850599],[-9.15490986593366,38.5084015290054],[-9.15513662895993,38.5083099528816],[-9.15518071502724,38.5082020508875],[-9.15481536970727,38.5073630230287],[-9.15449665133836,38.5065952644626],[-9.15420188009422,38.5059079338168],[-9.15399311952014,38.5056588811927],[-9.15381260094175,38.5057948506789],[-9.15366628409879,38.5059305227266],[-9.15327852127663,38.505924941869],[-9.15298032445718,38.5058021019977],[-9.15278271641943,38.5055350300614],[-9.15273395405048,38.5053114614231],[-9.15273193277458,38.5051681226361],[-9.15292309557199,38.5049783030082],[-9.15309221436463,38.5048424341693],[-9.15331959956183,38.5047956547842],[-9.15354749130305,38.504784708741],[-9.15324386404493,38.5042766480696],[-9.15341760460858,38.5042160560077],[-9.15417661829343,38.5039171290953],[-9.15489736133502,38.5036336496607],[-9.1546788301808,38.5031466895887],[-9.15457109950338,38.5027847593887],[-9.1557367282192,38.5023658909291],[-9.15582354012712,38.5020545275312],[-9.15543221132144,38.5012575390819],[-9.1548020880018,38.4996980671938],[-9.15467458189501,38.4992810566816],[-9.15435487486629,38.4992480059528],[-9.1540258704521,38.4996331582573],[-9.15385984959732,38.4997182294683],[-9.15367694218774,38.4996839844504],[-9.15345992751279,38.4993872166422],[-9.15300106275026,38.4991881264992],[-9.15311558711346,38.4986853821126],[-9.15319886832972,38.4981231781297],[-9.15300943680414,38.4965479084239],[-9.15484318353122,38.4950744697896],[-9.15517807065229,38.4951073859231],[-9.1553433767161,38.4952050415421],[-9.1557759034275,38.4954605585255],[-9.15632459558135,38.4955632824642],[-9.1575121651722,38.4956962572941],[-9.15825895942399,38.4958330791964],[-9.15973362762039,38.495844053902],[-9.16153724483293,38.4954698389738],[-9.16217119217401,38.4951536647787],[-9.1623964597485,38.4949605437337],[-9.16254063020427,38.4944097446767],[-9.16264743090613,38.4933694726351],[-9.16274158130805,38.4925085072846],[-9.16276687754167,38.4921498943135],[-9.16349765138222,38.491163866253],[-9.16492645841562,38.4911632328381],[-9.16552004293681,38.4912177334139],[-9.16593399604647,38.4912952016095],[-9.16600775137259,38.4913090039249],[-9.16744732123666,38.4920608658396],[-9.16835325883977,38.4926979648789],[-9.16921399743425,38.4933173438477],[-9.1693208631943,38.4933942427356],[-9.16978264559797,38.493796331295],[-9.17016741035834,38.4941274226662],[-9.17047721091993,38.4945308550027],[-9.17088283756968,38.4952559884704],[-9.17131749903761,38.4958852923685],[-9.17154960246116,38.4961699464657],[-9.17210114884972,38.4967339995146],[-9.17246992477047,38.4970084795611],[-9.17314855559384,38.4974235625523],[-9.17358689778925,38.4977780598106],[-9.1735442629549,38.4979845126675],[-9.17335343082342,38.4981922819672],[-9.17320639324731,38.4982742256618],[-9.17309355394706,38.4983558654848],[-9.17309489363045,38.4984490316059],[-9.17309952389236,38.4987710323784],[-9.17310540563962,38.4991800573418],[-9.17312685511882,38.4998787275334],[-9.17332239836548,38.5007908849122],[-9.17380450348212,38.5018080136666],[-9.17430555318863,38.5025561783843],[-9.1744938212786,38.5028318266607],[-9.17485298899524,38.5033576863089],[-9.17493550402534,38.503545107038],[-9.17597279975868,38.5043153718498],[-9.17607449050029,38.5043762280934],[-9.17688333812047,38.5048602753278],[-9.17638008292631,38.5051036855629],[-9.17597701599129,38.5052665601593],[-9.17610367937819,38.5056158574195],[-9.17578076734197,38.5057735961977],[-9.1754394164784,38.5059403406393],[-9.17433382728969,38.5065873128789],[-9.17382276143269,38.5066416324022],[-9.17186159858078,38.5066470993956],[-9.1708964186386,38.5071932407575],[-9.16964410397053,38.5078613798866],[-9.16961644071646,38.5080527665788],[-9.1699295555021,38.5086831488452],[-9.16938160152517,38.508640214396],[-9.16905722714478,38.508284694997],[-9.16858066652995,38.5079185738166],[-9.16765370050939,38.5079506592137],[-9.16754455304096,38.507760482469],[-9.16752029454212,38.5071275414827],[-9.16736554392601,38.5069377673564],[-9.16678088319653,38.5064531304576],[-9.1659012622476,38.5055410244998],[-9.16733325192622,38.5046801965354],[-9.1676953443066,38.5044858570586],[-9.16758346075006,38.503041339709],[-9.16753341579614,38.502731176779],[-9.16625315772419,38.5014403276431],[-9.16562516563893,38.5011113695464],[-9.16476470905768,38.5015370743227],[-9.16464174258248,38.5014425869207],[-9.16434680268708,38.5010151163022],[-9.16366471105856,38.5000893059882],[-9.16292596555864,38.5015890972651],[-9.16241101967796,38.5017250341368],[-9.16239122957873,38.5014026571338],[-9.1622285156857,38.5006514669933],[-9.1619943944759,38.5002234558313],[-9.16178142200658,38.5002133809783],[-9.16051105474611,38.5006784936138],[-9.16109341925567,38.5010078807361],[-9.16215805034712,38.5021095397478],[-9.16181251601219,38.5023992882499],[-9.16212587644643,38.5030535836229],[-9.16179400832284,38.5032356938067],[-9.1614460890749,38.5033582133947],[-9.16131148920696,38.5035146973707],[-9.16142417979768,38.5039557226455],[-9.16202969244613,38.5059096019784],[-9.16252338358987,38.5074821792499],[-9.16277171390367,38.5078383856536],[-9.1629097199675,38.5079207959666],[-9.16313774731684,38.507918790464],[-9.16365052226275,38.5076275674527],[-9.16503919283264,38.506922451582],[-9.16523630136606,38.5068848754105],[-9.16530034696693,38.507111290981],[-9.16513636877351,38.5073397163047],[-9.16511261519032,38.5078058324072],[-9.16508647439553,38.5081047209197],[-9.16501404572494,38.5083562325177],[-9.16487927414149,38.5085007753385],[-9.16454704762815,38.5086590049168],[-9.16442764732994,38.5088153584744],[-9.16476549963235,38.5090513091601],[-9.16554643103539,38.5094386551181],[-9.16611351727313,38.5097562043653],[-9.16669783337572,38.5100171553084],[-9.16684800372433,38.5100842198073],[-9.16710883241597,38.5102491654761],[-9.16725163345939,38.5106660252454],[-9.1666729009887,38.5110870602772],[-9.16582208542044,38.5117060246682],[-9.16517690080393,38.5123090287633],[-9.16504195185112,38.512441627536],[-9.16486003127777,38.5124790696041],[-9.16450951571037,38.5124224260703],[-9.16435902247672,38.512531268592],[-9.16366667686993,38.5130271626426],[-9.1620156857664,38.5134717485415],[-9.16012159364843,38.5139303893723],[-9.15997024100731,38.5139795024026],[-9.15991061706323,38.5140636490443],[-9.15998883833047,38.5142182658509],[-9.16030206740909,38.5148606191573],[-9.16025747596788,38.5149326883559],[-9.15916623082522,38.5151811820418],[-9.15918380849287,38.5153482764775],[-9.15833580779182,38.5155946307146],[-9.15795589139343,38.5156099021964],[-9.15789421099673,38.5154991235067]]]}},{"type":"Feature","id":"CRUS_Sesimbra_V.33189","properties":{"AREA_HA":145.00198557497,"Autor":"DGT","Categoria_2021":"Espaço de Uso Especial Equipamentos e Infraestruturas","Classe_2021":"Solo Urbano","DTCC":"1511","Data_Pub_Origem":"1998-02-02T00:00:00","Designacao_no_plano":"Equipamento","Escala_origem":"1/25000","Fonte":"CM - Raster","ID1":33189,"Municipio":"SESIMBRA"},"geometry":{"type":"Polygon","coordinates":[[[-9.15484318353122,38.4950744697896],[-9.15514021766637,38.494832405641],[-9.15387072406464,38.4939196260805],[-9.1531544806667,38.4934320833289],[-9.15274064846532,38.4928304045237],[-9.15209426469352,38.4915458226217],[-9.15204811461257,38.4911953217653],[-9.15195809792653,38.4905116552938],[-9.15187958796928,38.4892539867711],[-9.15206383278451,38.4879462472423],[-9.15241825575554,38.4872104526431],[-9.15302054206263,38.4868069965233],[-9.15380361824967,38.4862904626592],[-9.15451170035191,38.4862046471769],[-9.15505174818821,38.4862111046743],[-9.15528192013909,38.4862138560465],[-9.15624554277639,38.487001867812],[-9.15669786795174,38.4874598416601],[-9.15739042935298,38.4877086428919],[-9.15868909461628,38.4878247057433],[-9.15939689194289,38.4862893709477],[-9.16045355772058,38.4836359760873],[-9.16132518283225,38.4822266194921],[-9.16163980472516,38.482174279446],[-9.16263925830767,38.482008005152],[-9.1628867777646,38.4821229081667],[-9.16476078817248,38.4829928336966],[-9.16583100786213,38.4841461819708],[-9.16634575340498,38.4847150682289],[-9.16667723366706,38.4852218553223],[-9.16668041860417,38.4854448264534],[-9.16622233483079,38.4860063647166],[-9.16733041734817,38.4869682227442],[-9.1688251296661,38.4880381515924],[-9.17033421422644,38.4886937930864],[-9.17198562944524,38.4893800091093],[-9.17163071199103,38.4900680811699],[-9.1706549068432,38.4912713653346],[-9.16921399743425,38.4933173438477],[-9.16835325883977,38.4926979648789],[-9.16744732123666,38.4920608658396],[-9.16600775137259,38.4913090039249],[-9.16593399604647,38.4912952016095],[-9.16552004293681,38.4912177334139],[-9.16492645841562,38.4911632328381],[-9.16349765138222,38.491163866253],[-9.16276687754167,38.4921498943135],[-9.16274158130805,38.4925085072846],[-9.16264743090613,38.4933694726351],[-9.16254063020427,38.4944097446767],[-9.1623964597485,38.4949605437337],[-9.16217119217401,38.4951536647787],[-9.16153724483293,38.4954698389738],[-9.15973362762039,38.495844053902],[-9.15825895942399,38.4958330791964],[-9.1575121651722,38.4956962572941],[-9.15632459558135,38.4955632824642],[-9.1557759034275,38.4954605585255],[-9.1553433767161,38.4952050415421],[-9.15517807065229,38.4951073859231],[-9.15484318353122,38.4950744697896]]]}},{"type":"Feature","id":"CRUS_Sesimbra_V.33190","properties":{"AREA_HA":1.67463467179115,"Autor":"DGT","Categoria_2021":"Espaço de Uso Especial Equipamentos e Infraestruturas","Classe_2021":"Solo Urbano","DTCC":"1511","Data_Pub_Origem":"1998-02-02T00:00:00","Designacao_no_plano":"Equipamento","Escala_origem":"1/25000","Fonte":"CM - Raster","ID1":33190,"Municipio":"SESIMBRA"},"geometry":{"type":"Polygon","coordinates":[[[-9.15609304885376,38.5132459985999],[-9.15633875291022,38.5130156404199],[-9.15641192757364,38.5130150009775],[-9.15663579153877,38.5131205615617],[-9.15696151570105,38.5131714721243],[-9.15731184689777,38.5131482490441],[-9.15770943341184,38.5140452246666],[-9.15752243739703,38.5141274983367],[-9.15754296861016,38.5143692324017],[-9.15737677574318,38.5144442308005],[-9.15751902189396,38.5148252682248],[-9.15664803096036,38.5142605683281],[-9.15596362102979,38.5136506497039],[-9.15609304885376,38.5132459985999]]]}},{"type":"Feature","id":"CRUS_Sesimbra_V.33191","properties":{"AREA_HA":104.58421232192,"Autor":"DGT","Categoria_2021":"Espaço de Uso Especial Equipamentos e Infraestruturas","Classe_2021":"Solo Urbano","DTCC":"1511","Data_Pub_Origem":"1998-02-02T00:00:00","Designacao_no_plano":"Equipamento","Escala_origem":"1/25000","Fonte":"CM - Raster","ID1":33191,"Municipio":"SESIMBRA"},"geometry":{"type":"Polygon","coordinates":[[[-9.16007533584406,38.5165050788551],[-9.15988542699403,38.5159811066258],[-9.15957773781524,38.5157289495503],[-9.15848399290701,38.5158022462507],[-9.15795580987908,38.5157272280739],[-9.15789421099673,38.5154991235067],[-9.15795589139343,38.5156099021964],[-9.15833580779182,38.5155946307146],[-9.15918380849287,38.5153482764775],[-9.15916623082522,38.5151811820418],[-9.16025747596788,38.5149326883559],[-9.16030206740909,38.5148606191573],[-9.15998883833047,38.5142182658509],[-9.15991061706323,38.5140636490443],[-9.15997024100731,38.5139795024026],[-9.16012159364843,38.5139303893723],[-9.1620156857664,38.5134717485415],[-9.16366667686993,38.5130271626426],[-9.16435902247672,38.512531268592],[-9.16450951571037,38.5124224260703],[-9.16486003127777,38.5124790696041],[-9.16504195185112,38.512441627536],[-9.16517690080393,38.5123090287633],[-9.16582208542044,38.5117060246682],[-9.1666729009887,38.5110870602772],[-9.16725163345939,38.5106660252454],[-9.16710883241597,38.5102491654761],[-9.16684800372433,38.5100842198073],[-9.16669783337572,38.5100171553084],[-9.16611351727313,38.5097562043653],[-9.16554643103539,38.5094386551181],[-9.16476549963235,38.5090513091601],[-9.16442764732994,38.5088153584744],[-9.16454704762815,38.5086590049168],[-9.16487927414149,38.5085007753385],[-9.16501404572494,38.5083562325177],[-9.16508647439553,38.5081047209197],[-9.16511261519032,38.5078058324072],[-9.16513636877351,38.5073397163047],[-9.16530034696693,38.507111290981],[-9.16523630136606,38.5068848754105],[-9.16503919283264,38.506922451582],[-9.16365052226275,38.5076275674527],[-9.16313774731684,38.507918790464],[-9.1629097199675,38.5079207959666],[-9.16277171390367,38.5078383856536],[-9.16252338358987,38.5074821792499],[-9.16202969244613,38.5059096019784],[-9.16142417979768,38.5039557226455],[-9.16131148920696,38.5035146973707],[-9.1614460890749,38.5033582133947],[-9.16179400832284,38.5032356938067],[-9.16212587644643,38.5030535836229],[-9.16181251601219,38.5023992882499],[-9.16215805034712,38.5021095397478],[-9.16109341925567,38.5010078807361],[-9.16051105474611,38.5006784936138],[-9.16178142200658,38.5002133809783],[-9.1619943944759,38.5002234558313],[-9.1622285156857,38.5006514669933],[-9.16239122957873,38.5014026571338],[-9.16241101967796,38.5017250341368],[-9.16292596555864,38.5015890972651],[-9.16366471105856,38.5000893059882],[-9.16434680268708,38.5010151163022],[-9.16464174258248,38.5014425869207],[-9.16476470905768,38.5015370743227],[-9.16562516563893,38.5011113695464],[-9.16625315772419,38.5014403276431],[-9.16753341579614,38.502731176779],[-9.16758346075006,38.503041339709],[-9.1676953443066,38.5044858570586],[-9.16733325192622,38.5046801965354],[-9.1659012622476,38.5055410244998],[-9.16678088319653,38.5064531304576],[-9.16736554392601,38.5069377673564],[-9.16752029454212,38.5071275414827],[-9.16754455304096,38.507760482469],[-9.16765370050939,38.5079506592137],[-9.16858066652995,38.5079185738166],[-9.16905722714478,38.508284694997],[-9.16938160152517,38.508640214396],[-9.1699295555021,38.5086831488452],[-9.16961644071646,38.5080527665788],[-9.16964410397053,38.5078613798866],[-9.1708964186386,38.5071932407575],[-9.17186159858078,38.5066470993956],[-9.17382276143269,38.5066416324022],[-9.17433382728969,38.5065873128789],[-9.1754394164784,38.5059403406393],[-9.17578076734197,38.5057735961977],[-9.17610367937819,38.5056158574195],[-9.17597701599129,38.5052665601593],[-9.17638008292631,38.5051036855629],[-9.17688333812047,38.5048602753278],[-9.17607449050029,38.5043762280934],[-9.17597279975868,38.5043153718498],[-9.17493550402534,38.503545107038],[-9.17485298899524,38.5033576863089],[-9.1744938212786,38.5028318266607],[-9.17527542389253,38.5020670619763],[-9.17545943611348,38.5021769239508],[-9.17568582246554,38.5024138345416],[-9.17616047280592,38.5029989600682],[-9.17649371656507,38.5036172000859],[-9.17684700395813,38.5042193321561],[-9.17695863219673,38.5043142598744],[-9.17742163619433,38.5047079906534],[-9.17791520312725,38.5051973695437],[-9.17822544173402,38.5056246686425],[-9.17860040478223,38.5063221720739],[-9.17929782967338,38.5068893668523],[-9.17903710108833,38.5070828367284],[-9.1786505297866,38.5072621175784],[-9.17823164770325,38.5074563814647],[-9.17778734438703,38.507571844642],[-9.17704130548399,38.507849281647],[-9.17680037745047,38.5080107126362],[-9.17629365216101,38.5080152278239],[-9.17506780171627,38.5087588494901],[-9.17391795850638,38.5091513567639],[-9.17277016506068,38.5096871906621],[-9.17162532753683,38.510430057115],[-9.17113162050628,38.5113423539289],[-9.16981207485166,38.5126283171199],[-9.16872272455475,38.5130043106526],[-9.16777320459657,38.5132357016897],[-9.16729149656395,38.513574453881],[-9.16708360742103,38.5138203553369],[-9.16631462701353,38.5147299229638],[-9.16567824251744,38.5155956707422],[-9.16501793359401,38.516206771249],[-9.16416994487349,38.5164531675581],[-9.16268944808419,38.5164184098171],[-9.16206488750225,38.5166946826509],[-9.16105584173122,38.517022112866],[-9.16035448448178,38.5176016910502],[-9.16007533584406,38.5165050788551]]]}},{"type":"Feature","id":"CRUS_Sesimbra_V.33192","properties":{"AREA_HA":153.422277915463,"Autor":"DGT","Categoria_2021":"Espaço Florestal","Classe_2021":"Solo Rústico","DTCC":"1511","Data_Pub_Origem":"1998-02-02T00:00:00","Designacao_no_plano":"Florestal","Escala_origem":"1/25000","Fonte":"CM - Raster","ID1":33192,"Municipio":"SESIMBRA"},"geometry":{"type":"Polygon","coordinates":[[[-9.14840537542258,38.5092812939816],[-9.14881991768044,38.5083249108826],[-9.14889974451599,38.5050677682489],[-9.14891154572729,38.5045862390511],[-9.14954579923593,38.5035613140506],[-9.14967440321888,38.5024558241502],[-9.15214021393073,38.5009902125223],[-9.15300106275026,38.4991881264992],[-9.15345992751279,38.4993872166422],[-9.15367694218774,38.4996839844504],[-9.15385984959732,38.4997182294683],[-9.1540258704521,38.4996331582573],[-9.15435487486629,38.4992480059528],[-9.15467458189501,38.4992810566816],[-9.1548020880018,38.4996980671938],[-9.15543221132144,38.5012575390819],[-9.15582354012712,38.5020545275312],[-9.1557367282192,38.5023658909291],[-9.15457109950338,38.5027847593887],[-9.1546788301808,38.5031466895887],[-9.15489736133502,38.5036336496607],[-9.15417661829343,38.5039171290953],[-9.15341760460858,38.5042160560077],[-9.15324386404493,38.5042766480696],[-9.15354749130305,38.504784708741],[-9.15331959956183,38.5047956547842],[-9.15309221436463,38.5048424341693],[-9.15292309557199,38.5049783030082],[-9.15273193277458,38.5051681226361],[-9.15273395405048,38.5053114614231],[-9.15278271641943,38.5055350300614],[-9.15298032445718,38.5058021019977],[-9.15327852127663,38.505924941869],[-9.15366628409879,38.5059305227266],[-9.15381260094175,38.5057948506789],[-9.15399311952014,38.5056588811927],[-9.15420188009422,38.5059079338168],[-9.15449665133836,38.5065952644626],[-9.15481536970727,38.5073630230287],[-9.15518071502724,38.5082020508875],[-9.15513662895993,38.5083099528816],[-9.15490986593366,38.5084015290054],[-9.154606710351,38.5087356850599],[-9.15454311027189,38.5090767096522],[-9.15468271418015,38.5092726062772],[-9.1549702866488,38.5094492925143],[-9.15527888995813,38.5095003572811],[-9.15544890143344,38.5094271959049],[-9.15571012436057,38.5093532369006],[-9.15586417500131,38.5097640394029],[-9.15630846830818,38.5105396560503],[-9.15671869437617,38.5113245282004],[-9.1570122426063,38.5119222651867],[-9.15699020045804,38.5119762160382],[-9.15692216835269,38.512003690384],[-9.15651435967299,38.5121954099841],[-9.15638083202187,38.5124295293433],[-9.15626947438061,38.5126186571554],[-9.15628365323889,38.5130161218823],[-9.15633875291022,38.5130156404199],[-9.15609304885376,38.5132459985999],[-9.15596362102979,38.5136506497039],[-9.15664803096036,38.5142605683281],[-9.15751902189396,38.5148252682248],[-9.15789421099673,38.5154991235067],[-9.15795580987908,38.5157272280739],[-9.15697824685801,38.5169189296572],[-9.15526361755297,38.5180099631368],[-9.15318814098831,38.5190757976531],[-9.15092243309527,38.5194353203707],[-9.14444913677003,38.5204825122397],[-9.14469743116776,38.5176203304658],[-9.14590285170441,38.5136171824294],[-9.14585723395871,38.5103610955987],[-9.14610194296356,38.5098209512975],[-9.14819157554575,38.5097745388228],[-9.14840537542258,38.5092812939816]]]}},{"type":"Feature","id":"CRUS_Sesimbra_V.33193","properties":{"AREA_HA":25.32336552226,"Autor":"DGT","Categoria_2021":"Espaço de Atividades Industriais ","Classe_2021":"Solo Rústico","DTCC":"1511","Data_Pub_Origem":"1998-02-02T00:00:00","Designacao_no_plano":"Indústrial","Escala_origem":"1/25000","Fonte":"CM - Raster","ID1":33193,"Municipio":"SESIMBRA"},"geometry":{"type":"Polygon","coordinates":[[[-9.10316423397546,38.4981025030556],[-9.09868322323463,38.4980510685326],[-9.09872021531361,38.4974492015203],[-9.09884031292906,38.492954188702],[-9.10378066386501,38.492028697263],[-9.10364421956495,38.4936045057025],[-9.10340375885877,38.495818122726],[-9.1032229896434,38.4974473753094],[-9.10316423397546,38.4981025030556]]]}},{"type":"Feature","id":"CRUS_Sesimbra_V.33194","properties":{"AREA_HA":7.13277378106294,"Autor":"DGT","Categoria_2021":"Espaço de Atividades Económicas","Classe_2021":"Solo Urbano","DTCC":"1511","Data_Pub_Origem":"1998-02-02T00:00:00","Designacao_no_plano":"Serviços","Escala_origem":"1/25000","Fonte":"CM - Raster","ID1":33194,"Municipio":"SESIMBRA"},"geometry":{"type":"Polygon","coordinates":[[[-9.10274279119675,38.4897194611801],[-9.10270836844719,38.4880283925149],[-9.10215590094136,38.4871173508879],[-9.10376617230964,38.486334369854],[-9.1041361302422,38.4862251455179],[-9.10440604810176,38.4862096373688],[-9.10471222171236,38.486379605011],[-9.10471542873312,38.486618433985],[-9.10454167271472,38.4875089499312],[-9.10456853072531,38.4882518338436],[-9.10428621409982,38.4898598159983],[-9.10407494253527,38.4904719763522],[-9.10275779198124,38.4904563494073],[-9.10274279119675,38.4897194611801]]]}},{"type":"Feature","id":"CRUS_Sesimbra_V.33195","properties":{"AREA_HA":5.31640936058625,"Autor":"DGT","Categoria_2021":"Não Atribuída","Classe_2021":"Solo Urbano","DTCC":"1511","Data_Pub_Origem":"1998-02-02T00:00:00","Designacao_no_plano":"Urbano/Urbanizável","Escala_origem":"1/25000","Fonte":"CM - Raster","ID1":33195,"Municipio":"SESIMBRA"},"geometry":{"type":"Polygon","coordinates":[[[-9.09964742640755,38.4895448824006],[-9.10025796372018,38.4897488409388],[-9.10042273371517,38.4895976631104],[-9.10060822454179,38.4894274731301],[-9.10096007859253,38.4892255197727],[-9.10140255703034,38.4891721008686],[-9.1016831030083,38.4893190658296],[-9.10206920667185,38.4888381611329],[-9.10203602145987,38.4882512482374],[-9.10152491467268,38.4879071443745],[-9.10100328283785,38.4877223622776],[-9.10100075354265,38.4875332891685],[-9.10164273320119,38.487249316384],[-9.10215590094136,38.4871173508879],[-9.10270836844719,38.4880283925149],[-9.10274279119675,38.4897194611801],[-9.10231270530655,38.4900005678513],[-9.10228938214908,38.4901500455266],[-9.10221741260882,38.4904492103931],[-9.10206694097141,38.4905599316946],[-9.10175360122983,38.4908013790638],[-9.10121088489345,38.4909352464161],[-9.10088061917948,38.490858357417],[-9.10063845260065,38.4907409304793],[-9.10040881526312,38.4906134472437],[-9.10026594555239,38.4903459137981],[-9.10012520626752,38.4902376004762],[-9.09931128511006,38.4899756054221],[-9.09964742640755,38.4895448824006]]]}},{"type":"Feature","id":"CRUS_Sesimbra_V.33196","properties":{"AREA_HA":7.59268815053026,"Autor":"DGT","Categoria_2021":"Espaço de Uso Especial - Turístico","Classe_2021":"Solo Urbano","DTCC":"1511","Data_Pub_Origem":"1998-02-02T00:00:00","Designacao_no_plano":"Turístico","Escala_origem":"1/25000","Fonte":"CM - Raster","ID1":33196,"Municipio":"SESIMBRA"},"geometry":{"type":"Polygon","coordinates":[[[-9.10025796372018,38.4897488409388],[-9.09964742640755,38.4895448824006],[-9.09873093114843,38.4896436714346],[-9.09827016634917,38.4892759159833],[-9.09730887498931,38.4880895548135],[-9.09876551954216,38.4871752099489],[-9.09973147155152,38.4874459067758],[-9.10057908460987,38.4877043040106],[-9.10078166066027,38.4877026304909],[-9.10100328283785,38.4877223622776],[-9.10152491467268,38.4879071443745],[-9.10203602145987,38.4882512482374],[-9.10206920667185,38.4888381611329],[-9.1016831030083,38.4893190658296],[-9.10140255703034,38.4891721008686],[-9.10096007859253,38.4892255197727],[-9.10060822454179,38.4894274731301],[-9.10042273371517,38.4895976631104],[-9.10025796372018,38.4897488409388]]]}},{"type":"Feature","id":"CRUS_Sesimbra_V.33197","properties":{"AREA_HA":11.7512437394201,"Autor":"DGT","Categoria_2021":"Espaço de Uso Especial - Turístico","Classe_2021":"Solo Urbano","DTCC":"1511","Data_Pub_Origem":"1998-02-02T00:00:00","Designacao_no_plano":"Turístico","Escala_origem":"1/25000","Fonte":"CM - Raster","ID1":33197,"Municipio":"SESIMBRA"},"geometry":{"type":"Polygon","coordinates":[[[-9.09313480010124,38.4891698294886],[-9.09307607277602,38.4887776761778],[-9.09359344439297,38.4876886306756],[-9.09360367335886,38.4876887873112],[-9.09655705277835,38.4877339558329],[-9.09635638861699,38.4888303622437],[-9.09619131848699,38.4897473337691],[-9.09608994948441,38.4906936381407],[-9.09606136930523,38.4914004883237],[-9.09608973929915,38.4916291582663],[-9.09595165252364,38.4917198643857],[-9.09531962398517,38.4918046771394],[-9.09343394743092,38.4918898202756],[-9.09324279822225,38.4898909701196],[-9.09313480010124,38.4891698294886]]]}},{"type":"Feature","id":"CRUS_Sesimbra_V.33198","properties":{"AREA_HA":24.8716162074108,"Autor":"DGT","Categoria_2021":"Não Atribuída","Classe_2021":"Solo Urbano","DTCC":"1511","Data_Pub_Origem":"1998-02-02T00:00:00","Designacao_no_plano":"Urbano/Urbanizável","Escala_origem":"1/25000","Fonte":"CM - Raster","ID1":33198,"Municipio":"SESIMBRA"},"geometry":{"type":"Polygon","coordinates":[[[-9.10959605500327,38.4855364947124],[-9.1124149707957,38.4843990791054],[-9.11271163977286,38.4851131647799],[-9.11270014745159,38.4855113542926],[-9.11315072925229,38.4863701191182],[-9.11341365092948,38.4870844850853],[-9.11336552416575,38.4872706649226],[-9.11311679941833,38.4876044902761],[-9.1132795155179,38.4883993141544],[-9.11284239406135,38.4885356683609],[-9.11253960526675,38.4886178192867],[-9.11231870888643,38.4885135086872],[-9.11218590317199,38.488547696321],[-9.11135969306345,38.4887603781266],[-9.11083833754773,38.4889106993487],[-9.10990980779979,38.4901658031898],[-9.10650055844392,38.4902605366142],[-9.10701747547367,38.4872705435032],[-9.10725908207176,38.4864059997917],[-9.10862018309175,38.485930229309],[-9.10959605500327,38.4855364947124]]]}},{"type":"Feature","id":"CRUS_Sesimbra_V.33199","properties":{"AREA_HA":18.6141002738398,"Autor":"DGT","Categoria_2021":"Não Atribuída","Classe_2021":"Solo Urbano","DTCC":"1511","Data_Pub_Origem":"1998-02-02T00:00:00","Designacao_no_plano":"Urbano/Urbanizável","Escala_origem":"1/25000","Fonte":"CM - Raster","ID1":33199,"Municipio":"SESIMBRA"},"geometry":{"type":"Polygon","coordinates":[[[-9.12317599172399,38.4826932704056],[-9.12183942712938,38.4850353106462],[-9.1206720048999,38.4872414430815],[-9.12006521212043,38.487351142687],[-9.11553230093292,38.4881064067855],[-9.11471900414987,38.4870076136023],[-9.11517273433642,38.4868245216176],[-9.11543882874743,38.4868222901417],[-9.11628560777614,38.4861876752326],[-9.11750518292257,38.485012056354],[-9.11838769714573,38.4842127776582],[-9.11887282097613,38.4849407903944],[-9.12026746301739,38.4840624835793],[-9.12182924454519,38.4828988761611],[-9.12278974957576,38.482248313165],[-9.12317599172399,38.4826932704056]]]}},{"type":"Feature","id":"CRUS_Sesimbra_V.33200","properties":{"AREA_HA":4.40131009866931,"Autor":"DGT","Categoria_2021":"Não Atribuída","Classe_2021":"Solo Urbano","DTCC":"1511","Data_Pub_Origem":"1998-02-02T00:00:00","Designacao_no_plano":"Urbano/Urbanizável","Escala_origem":"1/25000","Fonte":"CM - Raster","ID1":33200,"Municipio":"SESIMBRA"},"geometry":{"type":"Polygon","coordinates":[[[-9.12902175083578,38.4826399748079],[-9.1281600231321,38.4835586824351],[-9.12756509419058,38.4831453951492],[-9.12714819936861,38.4832385786629],[-9.12682489638871,38.4832263809923],[-9.12651916301353,38.4831094486161],[-9.12632705638465,38.4829616707042],[-9.12617296048729,38.4828135701994],[-9.12607465241877,38.4825753528092],[-9.12607116770902,38.4823213904082],[-9.126105488753,38.4820521664132],[-9.12621706186537,38.4818719320601],[-9.12592890641734,38.4816502642149],[-9.1267732748301,38.4808512467708],[-9.12902175083578,38.4826399748079]]]}},{"type":"Feature","id":"CRUS_Sesimbra_V.33201","properties":{"AREA_HA":7.17808863033247,"Autor":"DGT","Categoria_2021":"Não Atribuída","Classe_2021":"Solo Urbano","DTCC":"1511","Data_Pub_Origem":"1998-02-02T00:00:00","Designacao_no_plano":"Urbano/Urbanizável","Escala_origem":"1/25000","Fonte":"CM - Raster","ID1":33201,"Municipio":"SESIMBRA"},"geometry":{"type":"Polygon","coordinates":[[[-9.12061019456088,38.4786882008033],[-9.11970637429857,38.4793121213664],[-9.11894406605997,38.47881429029],[-9.11816165009828,38.478932928406],[-9.11738784581382,38.4786368840135],[-9.11646563425573,38.478958385702],[-9.11635763935003,38.4783541924666],[-9.1162933198827,38.4778168664918],[-9.11673547657149,38.477835564996],[-9.11724950937861,38.4778984803272],[-9.11821553273577,38.4776550434223],[-9.11885250320869,38.4773247243806],[-9.11937468126243,38.4769393398548],[-9.11928000236655,38.4762678039656],[-9.11917733184982,38.4760557635656],[-9.12081962950237,38.476277242964],[-9.12059567219448,38.4776237962658],[-9.12061019456088,38.4786882008033]]]}},{"type":"Feature","id":"CRUS_Sesimbra_V.33202","properties":{"AREA_HA":4.37283937547877,"Autor":"DGT","Categoria_2021":"Espaço de Uso Especial Equipamentos e Infraestruturas","Classe_2021":"Solo Urbano","DTCC":"1511","Data_Pub_Origem":"1998-02-02T00:00:00","Designacao_no_plano":"Equipamento","Escala_origem":"1/25000","Fonte":"CM - Raster","ID1":33202,"Municipio":"SESIMBRA"},"geometry":{"type":"Polygon","coordinates":[[[-9.11541199228644,38.4919670959605],[-9.11472729488672,38.4919429554861],[-9.11436431609718,38.4918115312504],[-9.11411234984576,38.4914550646316],[-9.11410870344909,38.4911861632344],[-9.11401869960814,38.4904903667212],[-9.11400252338368,38.4903653137955],[-9.11427609068371,38.4895114022144],[-9.11559369272807,38.4899485778753],[-9.11554275565844,38.4903972263027],[-9.11577348588462,38.4905895199713],[-9.11608187197044,38.4909006863389],[-9.11604771304699,38.4911848460066],[-9.11677245156961,38.4913580495108],[-9.11662810544577,38.4919270085448],[-9.11619640003734,38.4923340317649],[-9.11541199228644,38.4919670959605]]]}},{"type":"Feature","id":"CRUS_Sesimbra_V.33203","properties":{"AREA_HA":22.0711921829965,"Autor":"DGT","Categoria_2021":"Espaço de Uso Especial - Turístico","Classe_2021":"Solo Urbano","DTCC":"1511","Data_Pub_Origem":"1998-02-02T00:00:00","Designacao_no_plano":"Turístico","Escala_origem":"1/25000","Fonte":"CM - Raster","ID1":33203,"Municipio":"SESIMBRA"},"geometry":{"type":"Polygon","coordinates":[[[-9.13254576658189,38.4776217877378],[-9.13277124197388,38.4774815735167],[-9.13342523068322,38.4780437376265],[-9.13502926929537,38.4799573785249],[-9.13657596393937,38.4818416064873],[-9.13742712590348,38.482910041539],[-9.13693380815491,38.4829740329814],[-9.13573562548024,38.4829245333889],[-9.13384931689954,38.4825970290552],[-9.1321309790477,38.4820439519477],[-9.12975681913974,38.4807942175069],[-9.12908362214924,38.4802172563067],[-9.1286403440215,38.4797728032719],[-9.13030330076164,38.4790713848764],[-9.13177246996138,38.4781026622538],[-9.13254576658189,38.4776217877378]]]}},{"type":"Feature","id":"CRUS_Sesimbra_V.33204","properties":{"AREA_HA":6.24394523764327,"Autor":"DGT","Categoria_2021":"Não Atribuída","Classe_2021":"Solo Urbano","DTCC":"1511","Data_Pub_Origem":"1998-02-02T00:00:00","Designacao_no_plano":"Urbano/Urbanizável","Escala_origem":"1/25000","Fonte":"CM - Raster","ID1":33204,"Municipio":"SESIMBRA"},"geometry":{"type":"Polygon","coordinates":[[[-9.14089172682962,38.4760518299846],[-9.13937910661547,38.4766176407396],[-9.13872570816845,38.476100327177],[-9.13837575619312,38.4755355845774],[-9.13800037556619,38.4745078963302],[-9.14001337530634,38.4730264196543],[-9.14088930695386,38.4745129578259],[-9.14048058791072,38.4751888058601],[-9.14089172682962,38.4760518299846]]]}},{"type":"Feature","id":"CRUS_Sesimbra_V.33205","properties":{"AREA_HA":4.71909335270086,"Autor":"DGT","Categoria_2021":"Não Atribuída","Classe_2021":"Solo Urbano","DTCC":"1511","Data_Pub_Origem":"1998-02-02T00:00:00","Designacao_no_plano":"Urbano/Urbanizável","Escala_origem":"1/25000","Fonte":"CM - Raster","ID1":33205,"Municipio":"SESIMBRA"},"geometry":{"type":"Polygon","coordinates":[[[-9.14232928004277,38.4754712388599],[-9.14267017374706,38.4753842597024],[-9.1427756625228,38.4752825004586],[-9.14312220200507,38.4748340929878],[-9.14387090817718,38.4746589228812],[-9.14394270703158,38.4746421244903],[-9.14423014778241,38.4745556020821],[-9.14452291319691,38.474425470025],[-9.14475075707897,38.4743241946567],[-9.14528052556318,38.4739834519884],[-9.14589981029823,38.4746924518567],[-9.14543335341165,38.4749738209132],[-9.1455451844269,38.4753258288375],[-9.14529279389365,38.4754311184408],[-9.14490745584683,38.4755918675789],[-9.14486692882865,38.4757518959481],[-9.14456221566544,38.4761327142999],[-9.14390297823414,38.4763905295314],[-9.14318206076234,38.4768253597426],[-9.14301079081207,38.4768100280685],[-9.14232928004277,38.4754712388599]]]}},{"type":"Feature","id":"CRUS_Sesimbra_V.33206","properties":{"AREA_HA":33.5780935057892,"Autor":"DGT","Categoria_2021":"Não Atribuída","Classe_2021":"Solo Urbano","DTCC":"1511","Data_Pub_Origem":"1998-02-02T00:00:00","Designacao_no_plano":"Transição","Escala_origem":"1/25000","Fonte":"CM - Raster","ID1":33206,"Municipio":"SESIMBRA"},"geometry":{"type":"Polygon","coordinates":[[[-9.13937910661547,38.4766176407396],[-9.13851726797649,38.4761264297677],[-9.13779927025478,38.4764314048401],[-9.13711305648568,38.4762878815984],[-9.13622873377084,38.4755633634069],[-9.13524403391604,38.4744512389209],[-9.13531322171212,38.4739576028945],[-9.13564824656545,38.4734467516516],[-9.13585003781635,38.4729220989693],[-9.1359990055724,38.4720027250359],[-9.13600761311818,38.4719496035372],[-9.13596150050899,38.4699927630673],[-9.13608338827978,38.469980430342],[-9.13918772575335,38.4696662834081],[-9.13967406846092,38.4695752143751],[-9.14060935013379,38.4694000724984],[-9.14070664739283,38.4695635840032],[-9.14081267824167,38.4703545298088],[-9.1412476027753,38.4708167798485],[-9.14197009496568,38.4715846466153],[-9.14325848584942,38.4726642158201],[-9.14389413377672,38.4732713013177],[-9.14452291319691,38.474425470025],[-9.14423014778241,38.4745556020821],[-9.14394270703158,38.4746421244903],[-9.14387090817718,38.4746589228812],[-9.14312220200507,38.4748340929878],[-9.1427756625228,38.4752825004586],[-9.14267017374706,38.4753842597024],[-9.14232928004277,38.4754712388599],[-9.14205729184143,38.4737502991965],[-9.14149115116852,38.474039047617],[-9.14088930695386,38.4745129578259],[-9.14001337530634,38.4730264196543],[-9.13800037556619,38.4745078963302],[-9.13837575619312,38.4755355845774],[-9.13872570816845,38.476100327177],[-9.13937910661547,38.4766176407396]]]}},{"type":"Feature","id":"CRUS_Sesimbra_V.33207","properties":{"AREA_HA":7.89186723152269,"Autor":"DGT","Categoria_2021":"Não Atribuída","Classe_2021":"Solo Urbano","DTCC":"1511","Data_Pub_Origem":"1998-02-02T00:00:00","Designacao_no_plano":"Transição","Escala_origem":"1/25000","Fonte":"CM - Raster","ID1":33207,"Municipio":"SESIMBRA"},"geometry":{"type":"Polygon","coordinates":[[[-9.13937910661547,38.4766176407396],[-9.14089172682962,38.4760518299846],[-9.14122517234138,38.4767754871655],[-9.14179315072953,38.4779807942962],[-9.14212663684622,38.4787249563961],[-9.14261550172033,38.479706829962],[-9.14314468333109,38.480852701657],[-9.14114686473969,38.4807055644449],[-9.141142495068,38.4803918478455],[-9.14022514837171,38.4786666178297],[-9.13937910661547,38.4766176407396]]]}},{"type":"Feature","id":"CRUS_Sesimbra_V.33208","properties":{"AREA_HA":5.59914778151356,"Autor":"DGT","Categoria_2021":"Não Atribuída","Classe_2021":"Solo Urbano","DTCC":"1511","Data_Pub_Origem":"1998-02-02T00:00:00","Designacao_no_plano":"Urbano/Urbanizável","Escala_origem":"1/25000","Fonte":"CM - Raster","ID1":33208,"Municipio":"SESIMBRA"},"geometry":{"type":"Polygon","coordinates":[[[-9.13299161928689,38.4717256286651],[-9.13245943700355,38.4722828681034],[-9.13191789848842,38.4726192772606],[-9.13256842995711,38.4729845532095],[-9.13314234020683,38.4731943423111],[-9.13349786196365,38.4730041384489],[-9.13360746220966,38.4732987460341],[-9.13311812710849,38.4736465615464],[-9.13209731400838,38.4740437304253],[-9.13190784391083,38.4737933312898],[-9.13118747507773,38.4728412879002],[-9.13003083585001,38.4716558797257],[-9.13014157300684,38.4715303512117],[-9.13044251524686,38.471189212126],[-9.13183819513139,38.470415343666],[-9.13297707813596,38.471690530508],[-9.13299161928689,38.4717256286651]]]}},{"type":"Feature","id":"CRUS_Sesimbra_V.33209","properties":{"AREA_HA":25.4901673284198,"Autor":"DGT","Categoria_2021":"Espaço de Atividades Industriais ","Classe_2021":"Solo Rústico","DTCC":"1511","Data_Pub_Origem":"1998-02-02T00:00:00","Designacao_no_plano":"Indústrial","Escala_origem":"1/25000","Fonte":"CM - Raster","ID1":33209,"Municipio":"SESIMBRA"},"geometry":{"type":"Polygon","coordinates":[[[-9.09008861207766,38.4834880613813],[-9.08365442501204,38.4824873261569],[-9.08266419342328,38.48023013718],[-9.08520398614153,38.479216001983],[-9.08588668559622,38.4792303211339],[-9.08965614602224,38.4794579133823],[-9.09107183984117,38.4794662139862],[-9.09073112625096,38.4804625175649],[-9.0902321269877,38.4828709080699],[-9.09008861207766,38.4834880613813]]]}},{"type":"Feature","id":"CRUS_Sesimbra_V.33210","properties":{"AREA_HA":19.0358883541516,"Autor":"DGT","Categoria_2021":"Espaço de Atividades Económicas","Classe_2021":"Solo Urbano","DTCC":"1511","Data_Pub_Origem":"1998-02-02T00:00:00","Designacao_no_plano":"Serviços","Escala_origem":"1/25000","Fonte":"CM - Raster","ID1":33210,"Municipio":"SESIMBRA"},"geometry":{"type":"Polygon","coordinates":[[[-9.10054997768288,38.4849708150616],[-9.10059120805323,38.4839302748899],[-9.10118091163764,38.4826586692149],[-9.10058825094097,38.4822909971316],[-9.10111088441862,38.4816756667281],[-9.10178496639181,38.4810441782957],[-9.1024811852903,38.4806509469423],[-9.10292876351051,38.4800958399021],[-9.10348547874523,38.4791970635407],[-9.10560180025004,38.4786728175628],[-9.10579937409197,38.4792672879206],[-9.10550628004803,38.480029761086],[-9.10543180448545,38.4803628445018],[-9.10525589797409,38.4811495464763],[-9.10525674283084,38.4817395902908],[-9.10525815951138,38.4827292184508],[-9.10561060661492,38.483560846243],[-9.10565407690118,38.4842038269031],[-9.10565793467626,38.4842608819767],[-9.10556362310442,38.4842441503042],[-9.10493573617457,38.4841327517047],[-9.10444103324236,38.4840027305492],[-9.10398624580397,38.4840214045043],[-9.10228124322117,38.4841249411173],[-9.10171470258289,38.4842935581059],[-9.10086857397843,38.4848221484189],[-9.10054867772356,38.4850036239578],[-9.10054997768288,38.4849708150616]]]}},{"type":"Feature","id":"CRUS_Sesimbra_V.33211","properties":{"AREA_HA":25.0488385217889,"Autor":"DGT","Categoria_2021":"Não Atribuída","Classe_2021":"Solo Urbano","DTCC":"1511","Data_Pub_Origem":"1998-02-02T00:00:00","Designacao_no_plano":"Transição","Escala_origem":"1/25000","Fonte":"CM - Raster","ID1":33211,"Municipio":"SESIMBRA"},"geometry":{"type":"Polygon","coordinates":[[[-9.10579937409197,38.4792672879206],[-9.10600359059407,38.4790497773393],[-9.10622846344165,38.4788541740384],[-9.10713395977128,38.4785187866133],[-9.10765471819722,38.4784043028687],[-9.10790896048062,38.4783484097446],[-9.1092381096908,38.4785012702412],[-9.11077960866321,38.478935496362],[-9.11144429141479,38.4790193633378],[-9.11154064487169,38.4819394962862],[-9.11061456021188,38.4821558670931],[-9.10866879239928,38.4826787823523],[-9.10772330751023,38.4832099124304],[-9.10710696080979,38.4835561397032],[-9.10565407690118,38.4842038269031],[-9.10561060661492,38.483560846243],[-9.10525815951138,38.4827292184508],[-9.10525674283084,38.4817395902908],[-9.10525589797409,38.4811495464763],[-9.10543180448545,38.4803628445018],[-9.10550628004803,38.480029761086],[-9.10579937409197,38.4792672879206]]]}},{"type":"Feature","id":"CRUS_Sesimbra_V.33212","properties":{"AREA_HA":3.47392542013023,"Autor":"DGT","Categoria_2021":"Espaço de Uso Especial Equipamentos e Infraestruturas","Classe_2021":"Solo Urbano","DTCC":"1511","Data_Pub_Origem":"1998-02-02T00:00:00","Designacao_no_plano":"Equipamento","Escala_origem":"1/25000","Fonte":"CM - Raster","ID1":33212,"Municipio":"SESIMBRA"},"geometry":{"type":"Polygon","coordinates":[[[-9.12670606822014,38.4925715722544],[-9.12730408960397,38.4919876032614],[-9.1281392228322,38.4911720746601],[-9.12929944148454,38.4926724691077],[-9.12795371850022,38.4939307492508],[-9.12670606822014,38.4925715722544]]]}},{"type":"Feature","id":"CRUS_Sesimbra_V.33213","properties":{"AREA_HA":44.9355077669509,"Autor":"DGT","Categoria_2021":"Espaço de Atividades Industriais ","Classe_2021":"Solo Rústico","DTCC":"1511","Data_Pub_Origem":"1998-02-02T00:00:00","Designacao_no_plano":"Indústrial","Escala_origem":"1/25000","Fonte":"CM - Raster","ID1":33213,"Municipio":"SESIMBRA"},"geometry":{"type":"Polygon","coordinates":[[[-9.1293164788307,38.4729248131209],[-9.12863739459804,38.4723910244182],[-9.12775126196657,38.4713466263155],[-9.1293340602976,38.4699784226007],[-9.12923872388492,38.4689432445672],[-9.12909025190399,38.4684663592773],[-9.12800189679546,38.4674555571374],[-9.12732356850072,38.4667759701254],[-9.12704343102554,38.4655670371698],[-9.12656242894388,38.4640133010407],[-9.12642828243693,38.4635799687659],[-9.1261124430216,38.4627219780798],[-9.12499521866222,38.4610738600858],[-9.12492369094179,38.4588112258356],[-9.12557357265766,38.4589013511507],[-9.12618226559119,38.4589440078725],[-9.12665345565356,38.459306593718],[-9.12745419091473,38.460048900291],[-9.12841818544728,38.4608695059423],[-9.12829964153018,38.4610936489261],[-9.12808894853865,38.4619879838193],[-9.128721004754,38.462253564564],[-9.12930879970592,38.4622485674626],[-9.13035216544032,38.4629409749805],[-9.13089299318841,38.4639404827744],[-9.13164114709629,38.465272923797],[-9.1323245590611,38.466319022987],[-9.13282115895631,38.4670479468857],[-9.13191405874746,38.4674222652602],[-9.13193636346174,38.4679363558765],[-9.13200323179763,38.4694775432234],[-9.13215722289213,38.4703528344588],[-9.13183819513139,38.470415343666],[-9.13044251524686,38.471189212126],[-9.13014157300684,38.4715303512117],[-9.13003083585001,38.4716558797257],[-9.13014057011794,38.4726013748418],[-9.12958020095257,38.4731321064731],[-9.1293164788307,38.4729248131209]]]}},{"type":"Feature","id":"CRUS_Sesimbra_V.33214","properties":{"AREA_HA":640.969893545661,"Autor":"DGT","Categoria_2021":"Espaço Florestal","Classe_2021":"Solo Rústico","DTCC":"1511","Data_Pub_Origem":"1998-02-02T00:00:00","Designacao_no_plano":"Agrícola/Florestal","Escala_origem":"1/25000","Fonte":"CM - Raster","ID1":33214,"Municipio":"SESIMBRA"},"geometry":{"type":"Polygon","coordinates":[[[-9.1166121566912,38.4954799138968],[-9.11541199228644,38.4919670959605],[-9.11619640003734,38.4923340317649],[-9.11662810544577,38.4919270085448],[-9.11677245156961,38.4913580495108],[-9.11604771304699,38.4911848460066],[-9.11608187197044,38.4909006863389],[-9.11577348588462,38.4905895199713],[-9.11554275565844,38.4903972263027],[-9.11559369272807,38.4899485778753],[-9.11427609068371,38.4895114022144],[-9.11400252338368,38.4903653137955],[-9.11401869960814,38.4904903667212],[-9.11218590317199,38.488547696321],[-9.11231870888643,38.4885135086872],[-9.11253960526675,38.4886178192867],[-9.11284239406135,38.4885356683609],[-9.1132795155179,38.4883993141544],[-9.11311679941833,38.4876044902761],[-9.11336552416575,38.4872706649226],[-9.11341365092948,38.4870844850853],[-9.11315072925229,38.4863701191182],[-9.11270014745159,38.4855113542926],[-9.11271163977286,38.4851131647799],[-9.1124149707957,38.4843990791054],[-9.10959605500327,38.4855364947124],[-9.10772330751023,38.4832099124304],[-9.10866879239928,38.4826787823523],[-9.11061456021188,38.4821558670931],[-9.11154064487169,38.4819394962862],[-9.11368853409271,38.4814988740725],[-9.11601634782929,38.4808199245078],[-9.11786500241676,38.4801606587716],[-9.11929421508856,38.479504896229],[-9.11970637429857,38.4793121213664],[-9.12061019456088,38.4786882008033],[-9.12130968964351,38.4779021164358],[-9.12199538851256,38.4769228713342],[-9.12239890271665,38.4757575954063],[-9.12254665161396,38.4748770956368],[-9.12257285872052,38.4738720147654],[-9.1224515522591,38.4723029455878],[-9.12236459351337,38.4717855491163],[-9.12223990820868,38.4705296763803],[-9.12025932482572,38.4680121962379],[-9.11939190028151,38.4668400689201],[-9.11887104364476,38.4658084630768],[-9.11845285147032,38.4648716221043],[-9.11765725522738,38.4630135297295],[-9.11737454396065,38.4620306798541],[-9.1172765242888,38.4616899066889],[-9.11716789457833,38.4613122426501],[-9.11720258506094,38.4608816166252],[-9.11766503574915,38.4603667072855],[-9.11797197365461,38.4605957112628],[-9.12246305860868,38.4649691327509],[-9.12399378156042,38.4687575967219],[-9.12463052477846,38.4705316490071],[-9.12531711054366,38.4720540598256],[-9.12629604730709,38.473532118135],[-9.12723948464151,38.4743614980966],[-9.1293164788307,38.4729248131209],[-9.12958020095257,38.4731321064731],[-9.1293611895635,38.4741803656071],[-9.12984307596212,38.4749838109506],[-9.13131744755134,38.4763676354682],[-9.13240180556932,38.4774014680792],[-9.13254576658189,38.4776217877378],[-9.13177246996138,38.4781026622538],[-9.13030330076164,38.4790713848764],[-9.1286403440215,38.4797728032719],[-9.12908362214924,38.4802172563067],[-9.12975681913974,38.4807942175069],[-9.1321309790477,38.4820439519477],[-9.13384931689954,38.4825970290552],[-9.13573562548024,38.4829245333889],[-9.13693380815491,38.4829740329814],[-9.13742712590348,38.482910041539],[-9.13657596393937,38.4818416064873],[-9.13502926929537,38.4799573785249],[-9.13342523068322,38.4780437376265],[-9.13486647048179,38.4776495968379],[-9.13573849233093,38.4772551873874],[-9.13586525833893,38.4771363347195],[-9.13562590357016,38.4768523780672],[-9.13395768805361,38.4753861458042],[-9.13384604143462,38.4750506235673],[-9.13385697473699,38.4742934560448],[-9.13400071803335,38.4738548078944],[-9.13462917190422,38.4728736533069],[-9.13492176236404,38.4723664350549],[-9.13502029236803,38.4721583115127],[-9.13425295712593,38.4723547933367],[-9.13349786196365,38.4730041384489],[-9.13314234020683,38.4731943423111],[-9.13256842995711,38.4729845532095],[-9.13191789848842,38.4726192772606],[-9.13245943700355,38.4722828681034],[-9.13299161928689,38.4717256286651],[-9.13348888454532,38.4713356296085],[-9.1335251324242,38.47106843063],[-9.13336475601862,38.4695783606699],[-9.13327821558749,38.4685977857688],[-9.13312801120138,38.4668957896642],[-9.13311435308599,38.4659068457619],[-9.13240081269754,38.4648453770184],[-9.130832524814,38.4626137328598],[-9.13001944284667,38.4615687951563],[-9.1293897365942,38.4607891829814],[-9.1288873837934,38.4605579634659],[-9.12830151044777,38.4600605613342],[-9.12817947397218,38.4584445599594],[-9.12794068159226,38.4570493407796],[-9.12797903950818,38.4564321657762],[-9.12800608989028,38.4559969252165],[-9.12819731196048,38.4553830243673],[-9.12876243368321,38.4543734605394],[-9.12883329934403,38.4542432119212],[-9.12926873068702,38.4534428913944],[-9.12973919399534,38.4528109135038],[-9.13002147635354,38.4530126035146],[-9.13019408708135,38.4531044162692],[-9.13047789812297,38.4532553755037],[-9.13080584870623,38.4534298111876],[-9.1325451894774,38.453603378757],[-9.13370388663719,38.4536562858311],[-9.13373533637868,38.4536766056474],[-9.13420750760657,38.4539816702759],[-9.13479554258861,38.4546360194324],[-9.13563550312921,38.4547387301353],[-9.13676282406793,38.4568484965235],[-9.13766342282418,38.4584421152139],[-9.13823373985264,38.4592535916606],[-9.13879029923446,38.4619491093914],[-9.13890818277807,38.4626613357903],[-9.13922623561314,38.4645828616309],[-9.14031235976132,38.4665830475769],[-9.14091313503653,38.4671603994565],[-9.14120288841107,38.4674388521656],[-9.14198072091544,38.4683261466842],[-9.14060935013379,38.4694000724984],[-9.13967406846092,38.4695752143751],[-9.13918772575335,38.4696662834081],[-9.13608338827978,38.469980430342],[-9.13596150050899,38.4699927630673],[-9.13600761311818,38.4719496035372],[-9.1359990055724,38.4720027250359],[-9.13585003781635,38.4729220989693],[-9.13564824656545,38.4734467516516],[-9.13531322171212,38.4739576028945],[-9.13524403391604,38.4744512389209],[-9.13622873377084,38.4755633634069],[-9.13711305648568,38.4762878815984],[-9.13779927025478,38.4764314048401],[-9.13851726797649,38.4761264297677],[-9.13937910661547,38.4766176407396],[-9.14022514837171,38.4786666178297],[-9.141142495068,38.4803918478455],[-9.14114686473969,38.4807055644449],[-9.14314468333109,38.480852701657],[-9.14261550172033,38.479706829962],[-9.14212663684622,38.4787249563961],[-9.14179315072953,38.4779807942962],[-9.14122517234138,38.4767754871655],[-9.14089172682962,38.4760518299846],[-9.14048058791072,38.4751888058601],[-9.14088930695386,38.4745129578259],[-9.14149115116852,38.474039047617],[-9.14205729184143,38.4737502991965],[-9.14232928004277,38.4754712388599],[-9.14301079081207,38.4768100280685],[-9.14318206076234,38.4768253597426],[-9.14390297823414,38.4763905295314],[-9.14456221566544,38.4761327142999],[-9.14486692882865,38.4757518959481],[-9.14490745584683,38.4755918675789],[-9.14529279389365,38.4754311184408],[-9.14557565671423,38.4755973170892],[-9.14734806104647,38.4759541354867],[-9.14865443180694,38.4768359815275],[-9.14996362362606,38.4779162693757],[-9.15034929156051,38.4784091239265],[-9.1498849806092,38.4790582188758],[-9.14968184255929,38.4803252992622],[-9.14987956031655,38.480919025391],[-9.15092380723449,38.4811084368029],[-9.15314554625658,38.4819822741825],[-9.15493457246698,38.4857378162855],[-9.15505174818821,38.4862111046743],[-9.15451170035191,38.4862046471769],[-9.15380361824967,38.4862904626592],[-9.15302054206263,38.4868069965233],[-9.15241825575554,38.4872104526431],[-9.15206383278451,38.4879462472423],[-9.15187958796928,38.4892539867711],[-9.15195809792653,38.4905116552938],[-9.15204811461257,38.4911953217653],[-9.15080464386871,38.491746996625],[-9.14880948851448,38.4923199775351],[-9.14721213529677,38.4904507446729],[-9.14582586970951,38.4868200678169],[-9.14481302030953,38.4846061726281],[-9.14353742195546,38.483258898761],[-9.14028882318694,38.4840586323283],[-9.14252796365788,38.4869102778572],[-9.14393695031366,38.4893677343119],[-9.14410525440876,38.4901689042558],[-9.14392484711994,38.491312655132],[-9.14188273258524,38.4885210831017],[-9.14047684039557,38.4862796648381],[-9.13772359820638,38.4859946116953],[-9.13675039310314,38.4866203578077],[-9.13887367191778,38.4902077885485],[-9.13761513006011,38.4892648319221],[-9.13506445526013,38.48659754999],[-9.1333820641708,38.4861180079921],[-9.1327248538785,38.4890871516636],[-9.13158808225066,38.4876699625418],[-9.12730408960397,38.4919876032614],[-9.12670606822014,38.4925715722544],[-9.12321764779516,38.4933936881656],[-9.1213303247402,38.4939457388595],[-9.11800116663612,38.4949194380942],[-9.11736119553879,38.4951776738655],[-9.1166121566912,38.4954799138968]],[[-9.12682489638871,38.4832263809923],[-9.12714819936861,38.4832385786629],[-9.12756509419058,38.4831453951492],[-9.1281600231321,38.4835586824351],[-9.12902175083578,38.4826399748079],[-9.1267732748301,38.4808512467708],[-9.12592890641734,38.4816502642149],[-9.12621706186537,38.4818719320601],[-9.126105488753,38.4820521664132],[-9.12607116770902,38.4823213904082],[-9.12607465241877,38.4825753528092],[-9.12617296048729,38.4828135701994],[-9.12632705638465,38.4829616707042],[-9.12651916301353,38.4831094486161],[-9.12682489638871,38.4832263809923]],[[-9.11553230093292,38.4881064067855],[-9.12006521212043,38.487351142687],[-9.1206720048999,38.4872414430815],[-9.12183942712938,38.4850353106462],[-9.12317599172399,38.4826932704056],[-9.12278974957576,38.482248313165],[-9.12182924454519,38.4828988761611],[-9.12026746301739,38.4840624835793],[-9.11887282097613,38.4849407903944],[-9.11838769714573,38.4842127776582],[-9.11750518292257,38.485012056354],[-9.11628560777614,38.4861876752326],[-9.11543882874743,38.4868222901417],[-9.11517273433642,38.4868245216176],[-9.11471900414987,38.4870076136023],[-9.11553230093292,38.4881064067855]]]}},{"type":"Feature","id":"CRUS_Sesimbra_V.33215","properties":{"AREA_HA":18.3665334812098,"Autor":"DGT","Categoria_2021":"Não Atribuída","Classe_2021":"Solo Urbano","DTCC":"1511","Data_Pub_Origem":"1998-02-02T00:00:00","Designacao_no_plano":"Transição","Escala_origem":"1/25000","Fonte":"CM - Raster","ID1":33215,"Municipio":"SESIMBRA"},"geometry":{"type":"Polygon","coordinates":[[[-9.13254576658189,38.4776217877378],[-9.13240180556932,38.4774014680792],[-9.13131744755134,38.4763676354682],[-9.12984307596212,38.4749838109506],[-9.1293611895635,38.4741803656071],[-9.12958020095257,38.4731321064731],[-9.13014057011794,38.4726013748418],[-9.13003083585001,38.4716558797257],[-9.13118747507773,38.4728412879002],[-9.13190784391083,38.4737933312898],[-9.13209731400838,38.4740437304253],[-9.13311812710849,38.4736465615464],[-9.13360746220966,38.4732987460341],[-9.13349786196365,38.4730041384489],[-9.13425295712593,38.4723547933367],[-9.13502029236803,38.4721583115127],[-9.13492176236404,38.4723664350549],[-9.13462917190422,38.4728736533069],[-9.13400071803335,38.4738548078944],[-9.13385697473699,38.4742934560448],[-9.13384604143462,38.4750506235673],[-9.13395768805361,38.4753861458042],[-9.13562590357016,38.4768523780672],[-9.13586525833893,38.4771363347195],[-9.13573849233093,38.4772551873874],[-9.13486647048179,38.4776495968379],[-9.13342523068322,38.4780437376265],[-9.13277124197388,38.4774815735167],[-9.13254576658189,38.4776217877378]]]}},{"type":"Feature","id":"CRUS_Sesimbra_V.33216","properties":{"AREA_HA":20.17114340376,"Autor":"DGT","Categoria_2021":"Espaço de Uso Especial - Turístico","Classe_2021":"Solo Urbano","DTCC":"1511","Data_Pub_Origem":"1998-02-02T00:00:00","Designacao_no_plano":"Turístico","Escala_origem":"1/25000","Fonte":"CM - Raster","ID1":33216,"Municipio":"SESIMBRA"},"geometry":{"type":"Polygon","coordinates":[[[-9.15403574358015,38.4637282005549],[-9.15409148453061,38.4637032131988],[-9.1547961058149,38.4635961260583],[-9.15631279178934,38.4634146500901],[-9.1579385888403,38.4633836143204],[-9.15815539746582,38.4635836040148],[-9.15850034167307,38.4637656470453],[-9.15865916126688,38.4644035632958],[-9.15904195109409,38.4657461186464],[-9.15918391337724,38.4667038346998],[-9.15684246539496,38.4675823365752],[-9.15621531379687,38.4671167484417],[-9.15578144798165,38.4666999410088],[-9.15541035016756,38.4661816404052],[-9.15244364279013,38.4667290334371],[-9.15196449841734,38.464613396048],[-9.15332599430486,38.4640463596641],[-9.15403574358015,38.4637282005549]]]}},{"type":"Feature","id":"CRUS_Sesimbra_V.33217","properties":{"AREA_HA":22.1400945144328,"Autor":"DGT","Categoria_2021":"Não Atribuída","Classe_2021":"Solo Urbano","DTCC":"1511","Data_Pub_Origem":"1998-02-02T00:00:00","Designacao_no_plano":"Urbano/Urbanizável","Escala_origem":"1/25000","Fonte":"CM - Raster","ID1":33217,"Municipio":"SESIMBRA"},"geometry":{"type":"Polygon","coordinates":[[[-9.15403574358015,38.4637282005549],[-9.15389021056714,38.462327514012],[-9.15397799054432,38.4605854789794],[-9.1543707736379,38.4599890137963],[-9.15501831981005,38.4592515286113],[-9.1554486985129,38.4590458875976],[-9.15573751676938,38.4590433667508],[-9.1566369524155,38.4590986011325],[-9.15726575699306,38.4593076093051],[-9.15789438778149,38.4595039986295],[-9.15853942355176,38.4597254766906],[-9.1588325325563,38.4600257394133],[-9.15949594578526,38.460411083468],[-9.15977391005909,38.4607745666718],[-9.16000838974633,38.4614664956735],[-9.16006368373523,38.4619707271789],[-9.15982943267934,38.4624270243648],[-9.15935806003071,38.4631377566917],[-9.15850034167307,38.4637656470453],[-9.15815539746582,38.4635836040148],[-9.1579385888403,38.4633836143204],[-9.15631279178934,38.4634146500901],[-9.1547961058149,38.4635961260583],[-9.15409148453061,38.4637032131988],[-9.15403574358015,38.4637282005549]]]}},{"type":"Feature","id":"CRUS_Sesimbra_V.33218","properties":{"AREA_HA":9.3365366234066,"Autor":"DGT","Categoria_2021":"Espaço de Uso Especial - Turístico","Classe_2021":"Solo Urbano","DTCC":"1511","Data_Pub_Origem":"1998-02-02T00:00:00","Designacao_no_plano":"Turístico","Escala_origem":"1/25000","Fonte":"CM - Raster","ID1":33218,"Municipio":"SESIMBRA"},"geometry":{"type":"Polygon","coordinates":[[[-9.16708887730648,38.4648229590172],[-9.16642825527189,38.4650138509415],[-9.16604553378423,38.4651854643059],[-9.16568276801043,38.4652559586381],[-9.1636773183671,38.4656773910429],[-9.16325011982632,38.4657316199969],[-9.16302778773535,38.4651447401628],[-9.16294839353053,38.4625713897476],[-9.16521793073922,38.4626691833658],[-9.16579631284137,38.4627145574726],[-9.16708887730648,38.4648229590172]]]}},{"type":"Feature","id":"CRUS_Sesimbra_V.33219","properties":{"AREA_HA":8.35868919338416,"Autor":"DGT","Categoria_2021":"Não Atribuída","Classe_2021":"Solo Urbano","DTCC":"1511","Data_Pub_Origem":"1998-02-02T00:00:00","Designacao_no_plano":"Transição","Escala_origem":"1/25000","Fonte":"CM - Raster","ID1":33219,"Municipio":"SESIMBRA"},"geometry":{"type":"Polygon","coordinates":[[[-9.16688983721054,38.4552656528386],[-9.16249894979145,38.456431516316],[-9.16254424238114,38.4551020323296],[-9.16276712771271,38.454225232586],[-9.16316951782131,38.4539356892263],[-9.16404301328277,38.453675648315],[-9.16544651238139,38.4530744533573],[-9.16658433867907,38.4548477517378],[-9.16688983721054,38.4552656528386]]]}},{"type":"Feature","id":"CRUS_Sesimbra_V.33220","properties":{"AREA_HA":28.6815611552316,"Autor":"DGT","Categoria_2021":"Não Atribuída","Classe_2021":"Solo Urbano","DTCC":"1511","Data_Pub_Origem":"1998-02-02T00:00:00","Designacao_no_plano":"Urbano/Urbanizável","Escala_origem":"1/25000","Fonte":"CM - Raster","ID1":33220,"Municipio":"SESIMBRA"},"geometry":{"type":"Polygon","coordinates":[[[-9.17401723389195,38.4693495187053],[-9.17386975009517,38.4680217480142],[-9.1736196425407,38.4678223908242],[-9.17328527969943,38.4675558717985],[-9.17302914208651,38.4661112969257],[-9.17296003787805,38.4659397593347],[-9.17271849063277,38.4653401582923],[-9.17324202509847,38.4645447909603],[-9.17357951796556,38.464205317092],[-9.17360672323723,38.4616310286003],[-9.17360097309857,38.461529766646],[-9.17357807835994,38.4611265681617],[-9.17362061317606,38.4610961568756],[-9.17414992359411,38.4607177156397],[-9.17430040871328,38.4607668496256],[-9.17475476980473,38.4611161110574],[-9.17588762495735,38.4625192347095],[-9.17643849024643,38.4636247026722],[-9.17704849717315,38.4642999747737],[-9.17756923313176,38.4648764129537],[-9.17849528944206,38.4657984041105],[-9.17874159350691,38.466043621473],[-9.17841003070775,38.4663102858941],[-9.17829738025887,38.4664008860746],[-9.17762532826958,38.4672817197302],[-9.17729705934742,38.468260427224],[-9.17732840283825,38.4689499243571],[-9.17643313636682,38.4691934354561],[-9.17497436051886,38.4694037627425],[-9.17457303501346,38.469461623304],[-9.17431896722784,38.4694982519393],[-9.17401723389195,38.4693495187053]]]}},{"type":"Feature","id":"CRUS_Sesimbra_V.33221","properties":{"AREA_HA":30.5007383241572,"Autor":"DGT","Categoria_2021":"Espaço de Uso Especial - Turístico","Classe_2021":"Solo Urbano","DTCC":"1511","Data_Pub_Origem":"1998-02-02T00:00:00","Designacao_no_plano":"Turístico","Escala_origem":"1/25000","Fonte":"CM - Raster","ID1":33221,"Municipio":"SESIMBRA"},"geometry":{"type":"Polygon","coordinates":[[[-9.17430040871328,38.4607668496256],[-9.17464134311565,38.4603376144802],[-9.17395854226807,38.4589809524347],[-9.1731856035185,38.4573054320771],[-9.17300841994443,38.4568864088343],[-9.17541471034939,38.4560911271745],[-9.17619599841774,38.4568580703401],[-9.17745135122184,38.4578563170971],[-9.17914020167976,38.4592376283405],[-9.18052838084387,38.460537483445],[-9.18119987705677,38.4611034882668],[-9.18043868218583,38.4617327772838],[-9.17989190603149,38.4623937940186],[-9.17904364903108,38.462922910086],[-9.1783626535754,38.4631813452941],[-9.17736024289346,38.4634089955153],[-9.17643849024643,38.4636247026722],[-9.17588762495735,38.4625192347095],[-9.17475476980473,38.4611161110574],[-9.17430040871328,38.4607668496256]]]}},{"type":"Feature","id":"CRUS_Sesimbra_V.33222","properties":{"AREA_HA":17.8064807110368,"Autor":"DGT","Categoria_2021":"Não Atribuída","Classe_2021":"Solo Urbano","DTCC":"1511","Data_Pub_Origem":"1998-02-02T00:00:00","Designacao_no_plano":"Transição","Escala_origem":"1/25000","Fonte":"CM - Raster","ID1":33222,"Municipio":"SESIMBRA"},"geometry":{"type":"Polygon","coordinates":[[[-9.17392173934483,38.474561270212],[-9.17344096245067,38.4742534828254],[-9.17389310149324,38.4729540327767],[-9.17392797144596,38.4718306409626],[-9.17393697895262,38.4715404436846],[-9.17395849093871,38.4700597569934],[-9.17401723389195,38.4693495187053],[-9.17431896722784,38.4694982519393],[-9.17457303501346,38.469461623304],[-9.17497436051886,38.4694037627425],[-9.17643313636682,38.4691934354561],[-9.17732840283825,38.4689499243571],[-9.17729705934742,38.468260427224],[-9.17762532826958,38.4672817197302],[-9.17829738025887,38.4664008860746],[-9.17841003070775,38.4663102858941],[-9.17874159350691,38.466043621473],[-9.17995231673335,38.467230414722],[-9.17940379525724,38.4677736780011],[-9.17876870688065,38.468250415499],[-9.17800498444697,38.4687420355231],[-9.17792061544173,38.4687963447179],[-9.17752087467778,38.4692709769463],[-9.17643448581407,38.469617134607],[-9.17611498718131,38.4697209225298],[-9.17548300852684,38.4704163244997],[-9.17640593002638,38.4720904883769],[-9.17662126057878,38.4724590489265],[-9.17751570392203,38.4723319902911],[-9.17755377418428,38.4723321255738],[-9.17824600345837,38.4737281039096],[-9.17747454308886,38.4739519136474],[-9.17715212272313,38.4736859834005],[-9.17677455300145,38.4738231013868],[-9.17422969890524,38.474747242161],[-9.17421855806347,38.4747512876878],[-9.17392173934483,38.474561270212]]]}},{"type":"Feature","id":"CRUS_Sesimbra_V.33223","properties":{"AREA_HA":35.187604339334,"Autor":"DGT","Categoria_2021":"Não Atribuída","Classe_2021":"Solo Urbano","DTCC":"1511","Data_Pub_Origem":"1998-02-02T00:00:00","Designacao_no_plano":"Transição","Escala_origem":"1/25000","Fonte":"CM - Raster","ID1":33223,"Municipio":"SESIMBRA"},"geometry":{"type":"Polygon","coordinates":[[[-9.16979320183812,38.4690358802472],[-9.16888789610412,38.4690288540385],[-9.16844175011778,38.4672915327101],[-9.16761226007991,38.4656806188639],[-9.16784931317172,38.4645807698116],[-9.16824659907446,38.4637444791643],[-9.1685961422049,38.4629370004197],[-9.16890038175292,38.462328652083],[-9.16910360315259,38.4613899774775],[-9.16903693470471,38.46093632342],[-9.16886939110159,38.4601618045594],[-9.16901230228973,38.4592141998549],[-9.16937398507876,38.4584160732624],[-9.1695747706847,38.4581493219466],[-9.16974140329841,38.4576454095462],[-9.17254762792926,38.4563867954637],[-9.17300841994443,38.4568864088343],[-9.1731856035185,38.4573054320771],[-9.17395854226807,38.4589809524347],[-9.17464134311565,38.4603376144802],[-9.17430040871328,38.4607668496256],[-9.17414992359411,38.4607177156397],[-9.17362061317606,38.4610961568756],[-9.17357807835994,38.4611265681617],[-9.17360097309857,38.461529766646],[-9.17308726227131,38.4613736068245],[-9.17266619492468,38.4613868073285],[-9.17194548758856,38.4614878350541],[-9.17127685061786,38.4618628349266],[-9.17083808202215,38.4623209669857],[-9.17061593259137,38.4627771781696],[-9.17039161183661,38.4630819939601],[-9.17024003898437,38.4634240188076],[-9.17003113647357,38.4639652817952],[-9.16999830767196,38.4650349372913],[-9.17010379146831,38.4654451532113],[-9.1701512661154,38.4656297784225],[-9.17016075246167,38.4662921325276],[-9.17030574528271,38.4671709456879],[-9.1704136861619,38.4679838418591],[-9.17055556744578,38.4686450240809],[-9.17059736928328,38.4690421161423],[-9.16979320183812,38.4690358802472]]]}},{"type":"Feature","id":"CRUS_Sesimbra_V.33224","properties":{"AREA_HA":11.3523710487764,"Autor":"DGT","Categoria_2021":"Espaço de Uso Especial - Turístico","Classe_2021":"Solo Urbano","DTCC":"1511","Data_Pub_Origem":"1998-02-02T00:00:00","Designacao_no_plano":"Turístico","Escala_origem":"1/25000","Fonte":"CM - Raster","ID1":33224,"Municipio":"SESIMBRA"},"geometry":{"type":"Polygon","coordinates":[[[-9.18654963715058,38.4648575022661],[-9.18655157138777,38.4647400895979],[-9.18577561221046,38.4643486409215],[-9.18566593636251,38.4637758947683],[-9.18568064527473,38.4633932756927],[-9.1851016909846,38.4630159047372],[-9.18500534646869,38.4629531051053],[-9.18666294018363,38.4612488891195],[-9.18746469922704,38.4619761189527],[-9.18796835057089,38.4624329423987],[-9.18930591973183,38.4636461098006],[-9.18984681152145,38.4641366789856],[-9.18912485406773,38.4646691098306],[-9.18866404360016,38.4650398133468],[-9.18798353241183,38.4656356113281],[-9.18784653215869,38.4659715213931],[-9.18758537050705,38.4661332425924],[-9.18705701196043,38.4660423761284],[-9.1865300456412,38.4660471162107],[-9.18654963715058,38.4648575022661]]]}},{"type":"Feature","id":"CRUS_Sesimbra_V.33225","properties":{"AREA_HA":4.74588352651931,"Autor":"DGT","Categoria_2021":"Espaço de Uso Especial Equipamentos e Infraestruturas","Classe_2021":"Solo Urbano","DTCC":"1511","Data_Pub_Origem":"1998-02-02T00:00:00","Designacao_no_plano":"Equipamento","Escala_origem":"1/25000","Fonte":"CM - Raster","ID1":33225,"Municipio":"SESIMBRA"},"geometry":{"type":"Polygon","coordinates":[[[-9.18746469922704,38.4619761189527],[-9.18799407124959,38.4616435236632],[-9.18864192340211,38.4612432479893],[-9.18924591287108,38.4609628908747],[-9.19082679981542,38.4624062632999],[-9.19112561330373,38.4626790762356],[-9.19089952934853,38.4628125985067],[-9.18995028516477,38.4633948968899],[-9.18950598813771,38.463159850255],[-9.18930591973183,38.4636461098006],[-9.18796835057089,38.4624329423987],[-9.18746469922704,38.4619761189527]]]}},{"type":"Feature","id":"CRUS_Sesimbra_V.33226","properties":{"AREA_HA":2.93972663392639,"Autor":"DGT","Categoria_2021":"Espaço de Uso Especial Equipamentos e Infraestruturas","Classe_2021":"Solo Urbano","DTCC":"1511","Data_Pub_Origem":"1998-02-02T00:00:00","Designacao_no_plano":"Equipamento","Escala_origem":"1/25000","Fonte":"CM - Raster","ID1":33226,"Municipio":"SESIMBRA"},"geometry":{"type":"Polygon","coordinates":[[[-9.18120166628403,38.4688284714443],[-9.18064099972672,38.4681573469366],[-9.18201307495823,38.4673681405819],[-9.18234365801105,38.467785053581],[-9.18323650646094,38.4689110347099],[-9.18190967494612,38.4696759441628],[-9.18120166628403,38.4688284714443]]]}},{"type":"Feature","id":"CRUS_Sesimbra_V.33227","properties":{"AREA_HA":55.785278484161,"Autor":"DGT","Categoria_2021":"Espaço Florestal","Classe_2021":"Solo Rústico","DTCC":"1511","Data_Pub_Origem":"1998-02-02T00:00:00","Designacao_no_plano":"Florestal","Escala_origem":"1/25000","Fonte":"CM - Raster","ID1":33227,"Municipio":"SESIMBRA"},"geometry":{"type":"Polygon","coordinates":[[[-9.17874159350691,38.466043621473],[-9.17849528944206,38.4657984041105],[-9.17756923313176,38.4648764129537],[-9.17704849717315,38.4642999747737],[-9.17828731407394,38.4638377803733],[-9.1794952963393,38.4632692016186],[-9.18095912262826,38.4621724014112],[-9.1824203648311,38.4609002985317],[-9.18300185707877,38.4604647900665],[-9.18362711062977,38.4602520032954],[-9.18455565972505,38.4599886810289],[-9.18498125091199,38.4599848603639],[-9.18565235290822,38.460138202695],[-9.18626845258317,38.4606904601187],[-9.18666294018363,38.4612488891195],[-9.18500534646869,38.4629531051053],[-9.1851016909846,38.4630159047372],[-9.18568064527473,38.4633932756927],[-9.18566593636251,38.4637758947683],[-9.18577561221046,38.4643486409215],[-9.18655157138777,38.4647400895979],[-9.18654963715058,38.4648575022661],[-9.18548553455482,38.46555119332],[-9.18432179920886,38.466374428931],[-9.18234365801105,38.467785053581],[-9.18201307495823,38.4673681405819],[-9.18064099972672,38.4681573469366],[-9.18120166628403,38.4688284714443],[-9.1807350885406,38.4692592803487],[-9.18045846930944,38.4697558003632],[-9.17958390782287,38.4709588896663],[-9.17925038133605,38.4717268429607],[-9.17925636847199,38.4721411507577],[-9.17879292794735,38.4723365326103],[-9.17755377418428,38.4723321255738],[-9.17751570392203,38.4723319902911],[-9.17662126057878,38.4724590489265],[-9.17640593002638,38.4720904883769],[-9.17548300852684,38.4704163244997],[-9.17611498718131,38.4697209225298],[-9.17643448581407,38.469617134607],[-9.17752087467778,38.4692709769463],[-9.17792061544173,38.4687963447179],[-9.17800498444697,38.4687420355231],[-9.17876870688065,38.468250415499],[-9.17940379525724,38.4677736780011],[-9.17995231673335,38.467230414722],[-9.17874159350691,38.466043621473]]]}},{"type":"Feature","id":"CRUS_Sesimbra_V.33228","properties":{"AREA_HA":23.1259850005559,"Autor":"DGT","Categoria_2021":"Não Atribuída","Classe_2021":"Solo Urbano","DTCC":"1511","Data_Pub_Origem":"1998-02-02T00:00:00","Designacao_no_plano":"Urbano/Urbanizável","Escala_origem":"1/25000","Fonte":"CM - Raster","ID1":33228,"Municipio":"SESIMBRA"},"geometry":{"type":"Polygon","coordinates":[[[-9.16833224789856,38.4721635051053],[-9.16831994303922,38.471303016801],[-9.16836639608059,38.4702985763596],[-9.16850076027271,38.4697714681605],[-9.16888789610412,38.4690288540385],[-9.16979320183812,38.4690358802472],[-9.17032132570192,38.469500370235],[-9.1708141760505,38.4699422406996],[-9.17131274646081,38.4707824834633],[-9.17145769942343,38.4714925751077],[-9.171465373926,38.4715301686911],[-9.17141484954303,38.4722477798366],[-9.17148343049077,38.4727890295465],[-9.17156953998182,38.4731388799663],[-9.17200550131593,38.473852178079],[-9.17229523198447,38.4742639684374],[-9.17278789842472,38.4746898951932],[-9.17329946891986,38.4750200296328],[-9.17327511012002,38.475127126735],[-9.17323787344974,38.4752908494823],[-9.17322319556894,38.4753553832213],[-9.17365151486989,38.4769452760373],[-9.17392374568177,38.4775484611335],[-9.17436879628022,38.4774807580104],[-9.1745399085422,38.478100778702],[-9.17460668374916,38.4785145450374],[-9.17478307574781,38.4795010680784],[-9.17354649700866,38.4795120589891],[-9.17345304107477,38.4786522934237],[-9.17291682334286,38.4780195764713],[-9.17213324298898,38.4771021864367],[-9.1714341831819,38.4762793874544],[-9.170937182936,38.4756944001604],[-9.16966122845264,38.4743669922221],[-9.16920227924369,38.4734626457579],[-9.16883171758028,38.4730674978927],[-9.16860190963229,38.4725914204905],[-9.16833224789856,38.4721635051053]]]}},{"type":"Feature","id":"CRUS_Sesimbra_V.33229","properties":{"AREA_HA":2.5884912867086,"Autor":"DGT","Categoria_2021":"Espaço de Uso Especial Equipamentos e Infraestruturas","Classe_2021":"Solo Urbano","DTCC":"1511","Data_Pub_Origem":"1998-02-02T00:00:00","Designacao_no_plano":"Equipamento","Escala_origem":"1/25000","Fonte":"CM - Raster","ID1":33229,"Municipio":"SESIMBRA"},"geometry":{"type":"Polygon","coordinates":[[[-9.14636608703991,38.4715500961976],[-9.14658889114729,38.4713785001394],[-9.1467270942643,38.4712720591495],[-9.14640399899748,38.4709999408244],[-9.14684201763248,38.4707929545676],[-9.14721088636642,38.4710766275623],[-9.1474851965585,38.4711220636997],[-9.14806639900323,38.471368036782],[-9.14831265072817,38.4715810521719],[-9.14837832085921,38.4719271130979],[-9.14837340313367,38.4720837694761],[-9.14836781229643,38.472261881217],[-9.14838904805815,38.4726919966918],[-9.14749812773368,38.4731300140552],[-9.14710785036495,38.4724042757467],[-9.1468121417877,38.471916772196],[-9.14636608703991,38.4715500961976]]]}},{"type":"Feature","id":"CRUS_Sesimbra_V.33230","properties":{"AREA_HA":106.865662466571,"Autor":"DGT","Categoria_2021":"Não Atribuída","Classe_2021":"Solo Urbano","DTCC":"1511","Data_Pub_Origem":"1998-02-02T00:00:00","Designacao_no_plano":"Urbano/Urbanizável","Escala_origem":"1/25000","Fonte":"CM - Raster","ID1":33230,"Municipio":"SESIMBRA"},"geometry":{"type":"Polygon","coordinates":[[[-9.14838904805815,38.4726919966918],[-9.14836781229643,38.472261881217],[-9.14837340313367,38.4720837694761],[-9.14837832085921,38.4719271130979],[-9.14831265072817,38.4715810521719],[-9.14806639900323,38.471368036782],[-9.1474851965585,38.4711220636997],[-9.14721088636642,38.4710766275623],[-9.14684201763248,38.4707929545676],[-9.14640399899748,38.4709999408244],[-9.1467270942643,38.4712720591495],[-9.14658889114729,38.4713785001394],[-9.14636608703991,38.4715500961976],[-9.14578373058469,38.4710602731546],[-9.14522999137155,38.4706028854062],[-9.14533823989051,38.469645729673],[-9.14518633142749,38.4689298764319],[-9.14535828121972,38.4681793508533],[-9.14568224511105,38.4677880528684],[-9.14583670851143,38.4676014826475],[-9.14660111716919,38.4671805089591],[-9.14720671704368,38.4669999608629],[-9.14834174995455,38.4669901292816],[-9.14938259831015,38.4674910880264],[-9.1503399226299,38.4678174558904],[-9.15163455688661,38.4690652306473],[-9.15236917664161,38.4694094552872],[-9.15280088721784,38.4698359967359],[-9.15297044787248,38.4703604417689],[-9.15373052276664,38.4710709869118],[-9.15531377883286,38.4726508805075],[-9.15542524172448,38.4727744953134],[-9.15661128959509,38.4740898172353],[-9.15849038448895,38.4750774128228],[-9.16020442306876,38.4758592449466],[-9.16181284099865,38.4763391757939],[-9.1626860786242,38.4764430621837],[-9.16388274816638,38.4764803486115],[-9.1644699094767,38.4763517123518],[-9.16448906138938,38.4763475161357],[-9.16491584263788,38.4763245716905],[-9.16519809034118,38.4763093960524],[-9.16548506658153,38.4765299846416],[-9.16548686959966,38.4765323460214],[-9.16612584072457,38.4773691312284],[-9.16661486274505,38.4780095315326],[-9.16662135924732,38.4780180392302],[-9.1668034659946,38.478758064932],[-9.16683659131643,38.4788926734383],[-9.16547812084152,38.4803071081393],[-9.16509408764072,38.4803901773263],[-9.16315227562248,38.4807100715929],[-9.16280369308397,38.4807691533157],[-9.1607296854388,38.4811206588186],[-9.1600779096505,38.4812311140139],[-9.15934946129881,38.481333121079],[-9.15807636187881,38.4816311338977],[-9.15748214492401,38.4811900972642],[-9.15653654532225,38.4802740193723],[-9.15589234690192,38.4791640573787],[-9.15570539672968,38.4788469505784],[-9.15480264389344,38.4780898531229],[-9.15388098658471,38.4774285356701],[-9.1530435751337,38.4769895950288],[-9.15209965730912,38.4761850243629],[-9.15135712355102,38.475283072939],[-9.15067318137788,38.4742212383046],[-9.15015007569844,38.4730623805124],[-9.14988084639861,38.472679504621],[-9.14986047473796,38.4726505325769],[-9.1495305611976,38.4722549701766],[-9.14918619610364,38.4722738952146],[-9.14904178283917,38.4723479137159],[-9.14896479264713,38.4723873745413],[-9.14838904805815,38.4726919966918]]]}},{"type":"Feature","id":"CRUS_Sesimbra_V.33231","properties":{"AREA_HA":2.60079827121543,"Autor":"DGT","Categoria_2021":"Não Atribuída","Classe_2021":"Solo Urbano","DTCC":"1511","Data_Pub_Origem":"1998-02-02T00:00:00","Designacao_no_plano":"Urbano/Urbanizável","Escala_origem":"1/25000","Fonte":"CM - Raster","ID1":33231,"Municipio":"SESIMBRA"},"geometry":{"type":"Polygon","coordinates":[[[-9.17343770899928,38.480081504189],[-9.17437525741295,38.4803306027456],[-9.17487648044556,38.4806026430696],[-9.17577404356491,38.4814432185129],[-9.1760325803596,38.4817078805338],[-9.17615812078011,38.4820023292955],[-9.17539871444761,38.4823332591731],[-9.17460988537819,38.4814631104041],[-9.17396161316048,38.4810874968057],[-9.17369315148554,38.4809754697446],[-9.17297198226805,38.4805909639019],[-9.17322187405988,38.4802550401875],[-9.17343770899928,38.480081504189]]]}},{"type":"Feature","id":"CRUS_Sesimbra_V.33232","properties":{"AREA_HA":4.6949241924718,"Autor":"DGT","Categoria_2021":"Espaço de Uso Especial Equipamentos e Infraestruturas","Classe_2021":"Solo Urbano","DTCC":"1511","Data_Pub_Origem":"1998-02-02T00:00:00","Designacao_no_plano":"Equipamento","Escala_origem":"1/25000","Fonte":"CM - Raster","ID1":33232,"Municipio":"SESIMBRA"},"geometry":{"type":"Polygon","coordinates":[[[-9.18067654703069,38.4888443723228],[-9.17904567577985,38.4885670824776],[-9.17884757612785,38.4884855129629],[-9.17915978528637,38.487030245975],[-9.17972842436787,38.4865489436088],[-9.18066738930152,38.4871647787947],[-9.18100898440991,38.4873888143499],[-9.18108946234141,38.4874415957828],[-9.18145847336556,38.4878192708775],[-9.18222162154847,38.4882172262865],[-9.18183974060593,38.4890421301995],[-9.18106801514406,38.4889109287756],[-9.18067654703069,38.4888443723228]]]}},{"type":"Feature","id":"CRUS_Sesimbra_V.33233","properties":{"AREA_HA":2.30567307547084,"Autor":"DGT","Categoria_2021":"Espaço de Uso Especial Equipamentos e Infraestruturas","Classe_2021":"Solo Urbano","DTCC":"1511","Data_Pub_Origem":"1998-02-02T00:00:00","Designacao_no_plano":"Equipamento","Escala_origem":"1/25000","Fonte":"CM - Raster","ID1":33233,"Municipio":"SESIMBRA"},"geometry":{"type":"Polygon","coordinates":[[[-9.17700721216022,38.4879661804648],[-9.17493637131372,38.4882703526678],[-9.17522059745825,38.4869701173285],[-9.17605793172323,38.4862126128251],[-9.17622607438909,38.48631826624],[-9.17674595872568,38.4877065862043],[-9.17700721216022,38.4879661804648]]]}},{"type":"Feature","id":"CRUS_Sesimbra_V.33234","properties":{"AREA_HA":14.2178353321387,"Autor":"DGT","Categoria_2021":"Espaço Agrícola","Classe_2021":"Solo Rústico","DTCC":"1511","Data_Pub_Origem":"1998-02-02T00:00:00","Designacao_no_plano":"Agrícola","Escala_origem":"1/25000","Fonte":"CM - Raster","ID1":33234,"Municipio":"SESIMBRA"},"geometry":{"type":"Polygon","coordinates":[[[-9.17032132570192,38.469500370235],[-9.171865742096,38.469100385593],[-9.17265723014496,38.4688851379273],[-9.17320415734919,38.468407039825],[-9.1736196425407,38.4678223908242],[-9.17386975009517,38.4680217480142],[-9.17401723389195,38.4693495187053],[-9.17395849093871,38.4700597569934],[-9.17393697895262,38.4715404436846],[-9.17392797144596,38.4718306409626],[-9.17389310149324,38.4729540327767],[-9.17344096245067,38.4742534828254],[-9.17392173934483,38.474561270212],[-9.17327511012002,38.475127126735],[-9.17329946891986,38.4750200296328],[-9.17278789842472,38.4746898951932],[-9.17229523198447,38.4742639684374],[-9.17200550131593,38.473852178079],[-9.17156953998182,38.4731388799663],[-9.17148343049077,38.4727890295465],[-9.17141484954303,38.4722477798366],[-9.171465373926,38.4715301686911],[-9.17145769942343,38.4714925751077],[-9.17131274646081,38.4707824834633],[-9.1708141760505,38.4699422406996],[-9.17032132570192,38.469500370235]]]}},{"type":"Feature","id":"CRUS_Sesimbra_V.33235","properties":{"AREA_HA":27.4756515206096,"Autor":"DGT","Categoria_2021":"Espaço de Atividades Industriais ","Classe_2021":"Solo Rústico","DTCC":"1511","Data_Pub_Origem":"1998-02-02T00:00:00","Designacao_no_plano":"Indústrial","Escala_origem":"1/25000","Fonte":"CM - Raster","ID1":33235,"Municipio":"SESIMBRA"},"geometry":{"type":"Polygon","coordinates":[[[-9.11876147552847,38.4490332928393],[-9.11986483646181,38.4481704660819],[-9.12002579294272,38.4478439224447],[-9.12023318841861,38.4478909533599],[-9.12033965516216,38.4481176878873],[-9.12056994001587,38.4483271197056],[-9.12181366045786,38.4485605220856],[-9.12255412428595,38.4482778603635],[-9.1229644790101,38.448046762501],[-9.12311742438854,38.4471349429644],[-9.12320235074058,38.4457846928381],[-9.12349357565063,38.4448618370827],[-9.12373739275014,38.4440891894257],[-9.1239812334002,38.4437781985255],[-9.1247927768735,38.4441615584676],[-9.12545598212517,38.4445092324789],[-9.12702095798759,38.4453296156773],[-9.12673689500365,38.445722251105],[-9.12660141908485,38.4462327048376],[-9.12652064262549,38.4465370558836],[-9.12654627594774,38.448406671618],[-9.12651874939278,38.4494149889594],[-9.12557411615022,38.4494169062292],[-9.12399636071759,38.4494200907034],[-9.12370593028588,38.4497904733989],[-9.12350864055067,38.4500420719893],[-9.12291865436187,38.4507462133181],[-9.12173199209307,38.4516667597212],[-9.11937390002335,38.4500769524502],[-9.11833048638349,38.449370316889],[-9.11876147552847,38.4490332928393]]]}},{"type":"Feature","id":"CRUS_Sesimbra_V.33236","properties":{"AREA_HA":9.72519209906529,"Autor":"DGT","Categoria_2021":"Espaço de Uso Especial Equipamentos e Infraestruturas","Classe_2021":"Solo Urbano","DTCC":"1511","Data_Pub_Origem":"1998-02-02T00:00:00","Designacao_no_plano":"Equipamento","Escala_origem":"1/25000","Fonte":"CM - Raster","ID1":33236,"Municipio":"SESIMBRA"},"geometry":{"type":"Polygon","coordinates":[[[-9.13940023727548,38.4425055969162],[-9.13938865743659,38.442545456285],[-9.13916813282525,38.4425721688417],[-9.13858927103912,38.4426422841593],[-9.13837733454084,38.4426679540367],[-9.13834854516302,38.4420828617778],[-9.13772232108703,38.4416492288881],[-9.13740909862571,38.4414242816687],[-9.13843851927471,38.4396269167903],[-9.13955079634866,38.437845090891],[-9.13977410419796,38.4375505026952],[-9.1407332865369,38.4381438565516],[-9.14148487724691,38.4386739519705],[-9.14067659648009,38.4400141779041],[-9.14029424460953,38.4407653990596],[-9.1395070415897,38.4421379545426],[-9.13940023727548,38.4425055969162]]]}},{"type":"Feature","id":"CRUS_Sesimbra_V.33237","properties":{"AREA_HA":8.73856605782424,"Autor":"DGT","Categoria_2021":"Não Atribuída","Classe_2021":"Solo Urbano","DTCC":"1511","Data_Pub_Origem":"1998-02-02T00:00:00","Designacao_no_plano":"Urbano/Urbanizável","Escala_origem":"1/25000","Fonte":"CM - Raster","ID1":33237,"Municipio":"SESIMBRA"},"geometry":{"type":"Polygon","coordinates":[[[-9.14650876135248,38.4410404792902],[-9.14649555718894,38.4404957367778],[-9.14737500167861,38.4405038446712],[-9.14831504439584,38.4405125037067],[-9.15079531237524,38.4404747275687],[-9.1518922346183,38.4405627508722],[-9.1518248627758,38.4416527172266],[-9.14969619237611,38.4417037251864],[-9.14970827917222,38.4425653685856],[-9.14654441839924,38.4425114807767],[-9.14650876135248,38.4410404792902]]]}},{"type":"Feature","id":"CRUS_Sesimbra_V.33238","properties":{"AREA_HA":24.5292971572615,"Autor":"DGT","Categoria_2021":"Não Atribuída","Classe_2021":"Solo Urbano","DTCC":"1511","Data_Pub_Origem":"1998-02-02T00:00:00","Designacao_no_plano":"Transição","Escala_origem":"1/25000","Fonte":"CM - Raster","ID1":33238,"Municipio":"SESIMBRA"},"geometry":{"type":"Polygon","coordinates":[[[-9.14649555718894,38.4404957367778],[-9.1465568719687,38.4389668212849],[-9.1517455891966,38.4389543441872],[-9.15561094004421,38.4389206754728],[-9.15564400530109,38.4390276062844],[-9.15669405074717,38.442423249422],[-9.15464804900097,38.4424736252126],[-9.15187831670072,38.4425140005918],[-9.14970827917222,38.4425653685856],[-9.14969619237611,38.4417037251864],[-9.1518248627758,38.4416527172266],[-9.1518922346183,38.4405627508722],[-9.15079531237524,38.4404747275687],[-9.14831504439584,38.4405125037067],[-9.14737500167861,38.4405038446712],[-9.14649555718894,38.4404957367778]]]}},{"type":"Feature","id":"CRUS_Sesimbra_V.33239","properties":{"AREA_HA":10.0369751844431,"Autor":"DGT","Categoria_2021":"Não Atribuída","Classe_2021":"Solo Urbano","DTCC":"1511","Data_Pub_Origem":"1998-02-02T00:00:00","Designacao_no_plano":"Urbano/Urbanizável","Escala_origem":"1/25000","Fonte":"CM - Raster","ID1":33239,"Municipio":"SESIMBRA"},"geometry":{"type":"Polygon","coordinates":[[[-9.16698133209199,38.4378327444555],[-9.16692280468188,38.4376430068056],[-9.16726207790677,38.4373582300278],[-9.16837293229749,38.4364257843269],[-9.16917887224998,38.4377569024336],[-9.16867279877413,38.438062480936],[-9.16926227607245,38.4391278632339],[-9.16494781058051,38.4408387414649],[-9.16421698244304,38.4388043559854],[-9.16705660226906,38.4380767542686],[-9.16698133209199,38.4378327444555]]]}},{"type":"Feature","id":"CRUS_Sesimbra_V.33240","properties":{"AREA_HA":13.6501096583331,"Autor":"DGT","Categoria_2021":"Não Atribuída","Classe_2021":"Solo Urbano","DTCC":"1511","Data_Pub_Origem":"1998-02-02T00:00:00","Designacao_no_plano":"Urbano/Urbanizável","Escala_origem":"1/25000","Fonte":"CM - Raster","ID1":33240,"Municipio":"SESIMBRA"},"geometry":{"type":"Polygon","coordinates":[[[-9.17464448252531,38.4303313822817],[-9.17557035353257,38.4311260954652],[-9.17628609707801,38.4306178836443],[-9.17695080454581,38.4309967089116],[-9.17832092942186,38.4300013495032],[-9.17846610856635,38.4298958780419],[-9.17873698321964,38.4295087162361],[-9.17987624587148,38.4303516742439],[-9.179789283004,38.4304444842545],[-9.17903849871867,38.4312457409113],[-9.17873839444616,38.4310811390739],[-9.17861153705272,38.4311324553161],[-9.17779623361321,38.4321099529876],[-9.17846240972034,38.4325891248849],[-9.17850705486452,38.432685139544],[-9.17859409397196,38.4328723262194],[-9.17754317633012,38.4337348280595],[-9.17625407462201,38.4328262702893],[-9.17439964529221,38.4340137269137],[-9.17405340839004,38.4335986027169],[-9.17373132133956,38.4333839991338],[-9.17351579755104,38.4331851768754],[-9.17321353874711,38.4328700272312],[-9.17432852869649,38.4320237229568],[-9.17348507349207,38.431044260487],[-9.17464448252531,38.4303313822817]]]}},{"type":"Feature","id":"CRUS_Sesimbra_V.33241","properties":{"AREA_HA":5.28244535433091,"Autor":"DGT","Categoria_2021":"Não Atribuída","Classe_2021":"Solo Urbano","DTCC":"1511","Data_Pub_Origem":"1998-02-02T00:00:00","Designacao_no_plano":"Transição","Escala_origem":"1/25000","Fonte":"CM - Raster","ID1":33241,"Municipio":"SESIMBRA"},"geometry":{"type":"Polygon","coordinates":[[[-9.17464448252531,38.4303313822817],[-9.17600367237025,38.4294640719068],[-9.17709374619717,38.4287392407701],[-9.17758341084149,38.4284086805142],[-9.17873698321964,38.4295087162361],[-9.17846610856635,38.4298958780419],[-9.17832092942186,38.4300013495032],[-9.17695080454581,38.4309967089116],[-9.17628609707801,38.4306178836443],[-9.17557035353257,38.4311260954652],[-9.17464448252531,38.4303313822817]]]}},{"type":"Feature","id":"CRUS_Sesimbra_V.33242","properties":{"AREA_HA":18.1666974365903,"Autor":"DGT","Categoria_2021":"Não Atribuída","Classe_2021":"Solo Urbano","DTCC":"1511","Data_Pub_Origem":"1998-02-02T00:00:00","Designacao_no_plano":"Urbano/Urbanizável","Escala_origem":"1/25000","Fonte":"CM - Raster","ID1":33242,"Municipio":"SESIMBRA"},"geometry":{"type":"Polygon","coordinates":[[[-9.184442190513,38.4326445661434],[-9.18428341033104,38.432562139819],[-9.18310686416682,38.4320875758273],[-9.18394190320558,38.4310094960865],[-9.18737283878894,38.4285698409805],[-9.1884283503857,38.4294971091005],[-9.18955011536356,38.4305910502695],[-9.19033718806766,38.4305669815685],[-9.1911018560011,38.4305435936269],[-9.1913025026841,38.4311774464659],[-9.19072887480439,38.4312160813512],[-9.18931201165997,38.4317641587459],[-9.18721905927532,38.4326194068175],[-9.18590991972813,38.4332668416017],[-9.18517392541814,38.4338422053082],[-9.18455167793566,38.4334630462398],[-9.18501196918673,38.4329403460614],[-9.184442190513,38.4326445661434]]]}},{"type":"Feature","id":"CRUS_Sesimbra_V.33243","properties":{"AREA_HA":11.4851027137475,"Autor":"DGT","Categoria_2021":"Não Atribuída","Classe_2021":"Solo Urbano","DTCC":"1511","Data_Pub_Origem":"1998-02-02T00:00:00","Designacao_no_plano":"Transição","Escala_origem":"1/25000","Fonte":"CM - Raster","ID1":33243,"Municipio":"SESIMBRA"},"geometry":{"type":"Polygon","coordinates":[[[-9.18737283878894,38.4285698409805],[-9.188679933072,38.4277885839096],[-9.19114788561888,38.42641135532],[-9.1921332736682,38.4269042944915],[-9.1935766838868,38.4281792986181],[-9.19235346607258,38.4288762117455],[-9.19180551534719,38.4292157242024],[-9.19133895062222,38.4293035788544],[-9.19061625154648,38.4293268318383],[-9.18970023511048,38.4292179984665],[-9.18940230997995,38.4292039570571],[-9.18936295188819,38.4294217762954],[-9.19020464748059,38.4302673152209],[-9.19033718806766,38.4305669815685],[-9.18955011536356,38.4305910502695],[-9.1884283503857,38.4294971091005],[-9.18737283878894,38.4285698409805]]]}},{"type":"Feature","id":"CRUS_Sesimbra_V.33244","properties":{"AREA_HA":10.7417246372193,"Autor":"DGT","Categoria_2021":"Não Atribuída","Classe_2021":"Solo Urbano","DTCC":"1511","Data_Pub_Origem":"1998-02-02T00:00:00","Designacao_no_plano":"Transição","Escala_origem":"1/25000","Fonte":"CM - Raster","ID1":33244,"Municipio":"SESIMBRA"},"geometry":{"type":"Polygon","coordinates":[[[-9.11297232898649,38.4458851841058],[-9.11291855700329,38.4451881268758],[-9.11448722156972,38.4447739317943],[-9.11539218330852,38.4444699081662],[-9.11592237527299,38.4443259601288],[-9.11604240079602,38.443645121477],[-9.11641322207395,38.4435823559953],[-9.11716391844068,38.4433493637422],[-9.11758206510043,38.4431191614255],[-9.11769694122985,38.4434146361066],[-9.11739651091412,38.4441495420803],[-9.11687697490583,38.4450781019344],[-9.11582911534556,38.4462900936603],[-9.11480126563429,38.4473449701223],[-9.11480291922331,38.4474670196786],[-9.11472179400571,38.448025704319],[-9.11467957695579,38.4481829970662],[-9.11430526287469,38.4483779471915],[-9.11408307750383,38.4483449321216],[-9.11307310509354,38.4474466264465],[-9.11269101043114,38.4470661932164],[-9.11288606966913,38.4467332465937],[-9.11294715946422,38.4463316697115],[-9.11297232898649,38.4458851841058]]]}},{"type":"Feature","id":"CRUS_Sesimbra_V.33245","properties":{"AREA_HA":2.72317441911509,"Autor":"DGT","Categoria_2021":"Espaço de Uso Especial - Turístico","Classe_2021":"Solo Urbano","DTCC":"1511","Data_Pub_Origem":"1998-02-02T00:00:00","Designacao_no_plano":"Turístico","Escala_origem":"1/25000","Fonte":"CM - Raster","ID1":33245,"Municipio":"SESIMBRA"},"geometry":{"type":"Polygon","coordinates":[[[-9.09859616197091,38.4518590716364],[-9.09726604299294,38.4518874630227],[-9.09746084599818,38.449863090794],[-9.0976585363445,38.4497219616036],[-9.09820865239312,38.449403552909],[-9.09868332208858,38.4500797115592],[-9.09859616197091,38.4518590716364]]]}},{"type":"Feature","id":"CRUS_Sesimbra_V.33246","properties":{"AREA_HA":36.8543571605404,"Autor":"DGT","Categoria_2021":"Espaço de Uso Especial Equipamentos e Infraestruturas","Classe_2021":"Solo Urbano","DTCC":"1511","Data_Pub_Origem":"1998-02-02T00:00:00","Designacao_no_plano":"Equipamento","Escala_origem":"1/25000","Fonte":"CM - Raster","ID1":33246,"Municipio":"SESIMBRA"},"geometry":{"type":"Polygon","coordinates":[[[-9.0870990419277,38.4430154715097],[-9.088290008993,38.4425349498569],[-9.08978688955875,38.4433946222427],[-9.09161843251699,38.4444084772062],[-9.09186606910853,38.4450440375037],[-9.09203157212217,38.4454687955315],[-9.09267867078442,38.4474513937501],[-9.09134698046611,38.4490316840823],[-9.09119477500756,38.4492596186136],[-9.09169316527706,38.4500576745976],[-9.09257449801465,38.4513059730053],[-9.09352654163485,38.4528675621142],[-9.09402197642308,38.4534389421552],[-9.09681600682322,38.453433430228],[-9.09682203758231,38.4538867596027],[-9.0968327077171,38.4546888036543],[-9.09337596846902,38.4548915657334],[-9.0927209272191,38.4539901740586],[-9.09161436991393,38.4524821559885],[-9.09016951619761,38.450540948895],[-9.08847786393686,38.4483750459273],[-9.08789083597546,38.4475776972846],[-9.0877466966328,38.446801213285],[-9.08758056079875,38.4459062073328],[-9.08729224103947,38.4442170998068],[-9.0870990419277,38.4430154715097]]]}},{"type":"Feature","id":"CRUS_Sesimbra_V.33247","properties":{"AREA_HA":114.399594170808,"Autor":"DGT","Categoria_2021":"Espaço de Exploração de Recursos Energéticos e Geológicos","Classe_2021":"Solo Rústico","DTCC":"1511","Data_Pub_Origem":"1998-02-02T00:00:00","Designacao_no_plano":"Indústria Extractiva","Escala_origem":"1/25000","Fonte":"CM - Raster","ID1":33247,"Municipio":"SESIMBRA"},"geometry":{"type":"Polygon","coordinates":[[[-9.07753662525111,38.459354897971],[-9.0770482873811,38.4587207239409],[-9.07971519371404,38.4576451950006],[-9.08320009220379,38.4558189665551],[-9.08242511146439,38.4538412295283],[-9.0811864880959,38.4525802467768],[-9.08200534191074,38.451891610382],[-9.08436838561713,38.451717445739],[-9.08740070210183,38.4514757832431],[-9.09083037132888,38.4544548256281],[-9.0900908230943,38.4551738756573],[-9.09084799370339,38.4557876938183],[-9.0916634062939,38.4568638059075],[-9.09213200551724,38.4574822048971],[-9.09375401834431,38.4579029201378],[-9.09377457467167,38.4594527645991],[-9.08773013952489,38.4615171923853],[-9.08517985710973,38.4624679544505],[-9.08515877114142,38.4638631373015],[-9.08007381914359,38.4639663533502],[-9.07906350503036,38.4620834996868],[-9.07873273633585,38.4609081596331],[-9.07753662525111,38.459354897971]]]}},{"type":"Feature","id":"CRUS_Sesimbra_V.33248","properties":{"AREA_HA":25.3525798242648,"Autor":"DGT","Categoria_2021":"Não Atribuída","Classe_2021":"Solo Urbano","DTCC":"1511","Data_Pub_Origem":"1998-02-02T00:00:00","Designacao_no_plano":"Urbano/Urbanizável","Escala_origem":"1/25000","Fonte":"CM - Raster","ID1":33248,"Municipio":"SESIMBRA"},"geometry":{"type":"Polygon","coordinates":[[[-9.07216302374296,38.4555100104929],[-9.0725874917801,38.455750735437],[-9.0730754036454,38.4561109711927],[-9.07366225138725,38.4565442445578],[-9.07322487968182,38.4570185729203],[-9.07358464819582,38.4573993142531],[-9.07502711472358,38.4574749133002],[-9.07599105301384,38.4582692924525],[-9.07604334736802,38.4588791899656],[-9.07663182247375,38.4595019103182],[-9.07694283655506,38.4598310179242],[-9.07612712521563,38.4602037774353],[-9.07682705267091,38.4611572131546],[-9.07671799210413,38.4612975924932],[-9.07712487955824,38.4618871950511],[-9.0763985306125,38.4623115493034],[-9.07597378429942,38.4620534044417],[-9.07572826266659,38.4619333159435],[-9.07512543582471,38.4616242877111],[-9.0744130955303,38.4614207615264],[-9.07348194600557,38.4614456771732],[-9.07206451550194,38.4615965484176],[-9.07151012377763,38.4616009906407],[-9.07044862545479,38.461836178463],[-9.07011599009684,38.4618388395304],[-9.06973742312368,38.4617198034113],[-9.06929390916198,38.4617233485961],[-9.06946004389716,38.4608501371234],[-9.06994790265846,38.4608462367158],[-9.0710347256545,38.4608549776973],[-9.0722338011082,38.4606779744817],[-9.07278341781035,38.4605968370947],[-9.07406709562926,38.4603947194781],[-9.07411008621746,38.460289748063],[-9.07368694494404,38.4601536444232],[-9.07354506503131,38.4594747146495],[-9.07294769687513,38.4595841347151],[-9.07246140528446,38.4594429219348],[-9.07201272885207,38.459312629115],[-9.07145948406959,38.45940424967],[-9.07033465113453,38.4598840716273],[-9.06977801730129,38.4597141469317],[-9.06943682605879,38.459054242764],[-9.07049045774918,38.4587230174335],[-9.07091667396188,38.4585890262746],[-9.07144864130582,38.4585673282902],[-9.07128212618248,38.4576967787669],[-9.07036327107364,38.4569543129231],[-9.0703130565828,38.4565013350965],[-9.07096253461948,38.4560965790792],[-9.07178697220983,38.4555827755694],[-9.07216302374296,38.4555100104929]]]}},{"type":"Feature","id":"CRUS_Sesimbra_V.33249","properties":{"AREA_HA":55.2863547070815,"Autor":"DGT","Categoria_2021":"Não Atribuída","Classe_2021":"Solo Urbano","DTCC":"1511","Data_Pub_Origem":"1998-02-02T00:00:00","Designacao_no_plano":"Transição","Escala_origem":"1/25000","Fonte":"CM - Raster","ID1":33249,"Municipio":"SESIMBRA"},"geometry":{"type":"Polygon","coordinates":[[[-9.0725874917801,38.455750735437],[-9.07216302374296,38.4555100104929],[-9.07314188883449,38.4557501627564],[-9.07437300573839,38.4566295993763],[-9.07580916843979,38.4579258775222],[-9.07709061308325,38.4592582591056],[-9.07719977580931,38.4594096306505],[-9.07779077112997,38.4602291247197],[-9.07872362950073,38.462035114341],[-9.07880359038595,38.4630632908799],[-9.07867804677879,38.4636397464832],[-9.07852579734031,38.4636714918242],[-9.0773730590163,38.4639118377919],[-9.07651113502878,38.4641454716743],[-9.0753991375088,38.4639102948322],[-9.0741534094333,38.4636238678171],[-9.07362711128887,38.4635454955092],[-9.07282011893181,38.4634253186046],[-9.07131010211392,38.4632804836092],[-9.07053167863898,38.4631123378863],[-9.06901649075596,38.4625664476529],[-9.06843721319432,38.4623618228793],[-9.06754545134562,38.4620027481278],[-9.06591403996507,38.4610392398895],[-9.06524204219764,38.4605214589565],[-9.0650803081392,38.4600170532198],[-9.06480119609036,38.4590078881631],[-9.06481798761374,38.4585892498609],[-9.06521040260822,38.4580629982153],[-9.06582455634692,38.457534979145],[-9.06665010123502,38.4569513397419],[-9.06674756755608,38.4568824331187],[-9.06712115693534,38.4566178896937],[-9.06819868812918,38.4559117871076],[-9.06927552108634,38.4551533661922],[-9.06973778761554,38.4548881057856],[-9.07002627009787,38.4549032373575],[-9.07211714380377,38.4553921900198],[-9.07216302374296,38.4555100104929],[-9.07178697220983,38.4555827755694],[-9.07096253461948,38.4560965790792],[-9.0703130565828,38.4565013350965],[-9.07036327107364,38.4569543129231],[-9.07128212618248,38.4576967787669],[-9.07144864130582,38.4585673282902],[-9.07091667396188,38.4585890262746],[-9.07049045774918,38.4587230174335],[-9.06943682605879,38.459054242764],[-9.06977801730129,38.4597141469317],[-9.07033465113453,38.4598840716273],[-9.07145948406959,38.45940424967],[-9.07201272885207,38.459312629115],[-9.07246140528446,38.4594429219348],[-9.07294769687513,38.4595841347151],[-9.07354506503131,38.4594747146495],[-9.07368694494404,38.4601536444232],[-9.07411008621746,38.460289748063],[-9.07406709562926,38.4603947194781],[-9.07278341781035,38.4605968370947],[-9.0722338011082,38.4606779744817],[-9.0710347256545,38.4608549776973],[-9.06994790265846,38.4608462367158],[-9.06946004389716,38.4608501371234],[-9.06929390916198,38.4617233485961],[-9.06973742312368,38.4617198034113],[-9.07011599009684,38.4618388395304],[-9.07044862545479,38.461836178463],[-9.07151012377763,38.4616009906407],[-9.07206451550194,38.4615965484176],[-9.07348194600557,38.4614456771732],[-9.0744130955303,38.4614207615264],[-9.07512543582471,38.4616242877111],[-9.07572826266659,38.4619333159435],[-9.07597378429942,38.4620534044417],[-9.0763985306125,38.4623115493034],[-9.07712487955824,38.4618871950511],[-9.07671799210413,38.4612975924932],[-9.07682705267091,38.4611572131546],[-9.07612712521563,38.4602037774353],[-9.07694283655506,38.4598310179242],[-9.07663182247375,38.4595019103182],[-9.07604334736802,38.4588791899656],[-9.07599105301384,38.4582692924525],[-9.07502711472358,38.4574749133002],[-9.07358464819582,38.4573993142531],[-9.07322487968182,38.4570185729203],[-9.07366225138725,38.4565442445578],[-9.0730754036454,38.4561109711927],[-9.0725874917801,38.455750735437]]]}},{"type":"Feature","id":"CRUS_Sesimbra_V.33250","properties":{"AREA_HA":1.49458483636212,"Autor":"DGT","Categoria_2021":"Não Atribuída","Classe_2021":"Solo Urbano","DTCC":"1511","Data_Pub_Origem":"1998-02-02T00:00:00","Designacao_no_plano":"Transição","Escala_origem":"1/25000","Fonte":"CM - Raster","ID1":33250,"Municipio":"SESIMBRA"},"geometry":{"type":"Polygon","coordinates":[[[-9.08807148887629,38.4644802350789],[-9.08819363193286,38.464728462761],[-9.08827659671009,38.4648970665617],[-9.08756536714859,38.4652036631474],[-9.08819818965502,38.4665194056291],[-9.08780124349217,38.4666926584266],[-9.08656380017169,38.4649371762964],[-9.08731105448351,38.4648395441999],[-9.08807148887629,38.4644802350789]]]}},{"type":"Feature","id":"CRUS_Sesimbra_V.33251","properties":{"AREA_HA":1.98843754859867,"Autor":"DGT","Categoria_2021":"Não Atribuída","Classe_2021":"Solo Urbano","DTCC":"1511","Data_Pub_Origem":"1998-02-02T00:00:00","Designacao_no_plano":"Urbano/Urbanizável","Escala_origem":"1/25000","Fonte":"CM - Raster","ID1":33251,"Municipio":"SESIMBRA"},"geometry":{"type":"Polygon","coordinates":[[[-9.08807148887629,38.4644802350789],[-9.08800613666148,38.4643442263944],[-9.08793656125,38.4641994266656],[-9.09163914963081,38.4636852949948],[-9.09173405413253,38.4639459877123],[-9.09182902829854,38.4642068698432],[-9.09144787064506,38.4643146145552],[-9.08890641037556,38.4645838647935],[-9.08819363193286,38.464728462761],[-9.08807148887629,38.4644802350789]]]}},{"type":"Feature","id":"CRUS_Sesimbra_V.33252","properties":{"AREA_HA":4.47348712566597,"Autor":"DGT","Categoria_2021":"Não Atribuída","Classe_2021":"Solo Urbano","DTCC":"1511","Data_Pub_Origem":"1998-02-02T00:00:00","Designacao_no_plano":"Transição","Escala_origem":"1/25000","Fonte":"CM - Raster","ID1":33252,"Municipio":"SESIMBRA"},"geometry":{"type":"Polygon","coordinates":[[[-9.08090681611455,38.4699812130385],[-9.08066703424733,38.4699562019109],[-9.08085516879938,38.4690784389597],[-9.08079893534389,38.4685950000028],[-9.08035271039954,38.4671229489053],[-9.0803513383188,38.4671173009896],[-9.08009484936444,38.4660613378075],[-9.08008800860056,38.4655382641937],[-9.08012575540961,38.4655411813137],[-9.08098015584694,38.4656072130041],[-9.08110928387358,38.4656171915417],[-9.08116071359401,38.4661573424577],[-9.08129231311452,38.4667172653139],[-9.08141939598099,38.4672579620897],[-9.081888868239,38.4692553463735],[-9.08196637048567,38.4700917247763],[-9.08168769740836,38.4700626599421],[-9.08135476901667,38.4700279359425],[-9.08090681611455,38.4699812130385]]]}},{"type":"Feature","id":"CRUS_Sesimbra_V.33253","properties":{"AREA_HA":133.748162124036,"Autor":"DGT","Categoria_2021":"Espaço de Exploração de Recursos Energéticos e Geológicos","Classe_2021":"Solo Rústico","DTCC":"1511","Data_Pub_Origem":"1998-02-02T00:00:00","Designacao_no_plano":"Indústria Extractiva","Escala_origem":"1/25000","Fonte":"CM - Raster","ID1":33253,"Municipio":"SESIMBRA"},"geometry":{"type":"Polygon","coordinates":[[[-9.07250935239783,38.4504323821276],[-9.07083306277145,38.4511258818929],[-9.07028281080452,38.4514441627496],[-9.07002688674555,38.4522309058462],[-9.07084158394326,38.4534973392828],[-9.07131534950877,38.4541213036068],[-9.07010032436909,38.4544797810716],[-9.06907944284027,38.454418191037],[-9.0677610832088,38.4536440193751],[-9.06680179084221,38.4531982886886],[-9.06644612233719,38.4531313721643],[-9.06514037588778,38.4533335815608],[-9.06372666814257,38.4537633249522],[-9.06292037248044,38.4531419700896],[-9.06238799311615,38.4531287558155],[-9.06128944667917,38.4521958283527],[-9.05952062269209,38.4508671252679],[-9.05701262639908,38.4489513435488],[-9.05546678444556,38.4477080082003],[-9.05470009122167,38.4467026536254],[-9.05456262928089,38.4463549796054],[-9.05368311512874,38.4451935655199],[-9.05336231689072,38.4443765128145],[-9.05454910397804,38.443547611517],[-9.05523305387683,38.4432806643063],[-9.05764937751956,38.4432441847505],[-9.06139568066735,38.4431796872699],[-9.06290324599748,38.4431677332836],[-9.06500758220723,38.4412851784193],[-9.06579428484487,38.4421159295997],[-9.0669207452272,38.4435019750194],[-9.06784434005223,38.4446280616968],[-9.07250935239783,38.4504323821276]]]}},{"type":"Feature","id":"CRUS_Sesimbra_V.33254","properties":{"AREA_HA":5.56168413682473,"Autor":"DGT","Categoria_2021":"Não Atribuída","Classe_2021":"Solo Urbano","DTCC":"1511","Data_Pub_Origem":"1998-02-02T00:00:00","Designacao_no_plano":"Transição","Escala_origem":"1/25000","Fonte":"CM - Raster","ID1":33254,"Municipio":"SESIMBRA"},"geometry":{"type":"Polygon","coordinates":[[[-9.1246795247321,38.4380386592947],[-9.12517562726427,38.4384434470514],[-9.12580058522127,38.4389533633874],[-9.12596834233273,38.4390869449829],[-9.12449473785107,38.4410980583521],[-9.12405874770851,38.4416423134958],[-9.1232056061465,38.4411331833706],[-9.12276221910552,38.440868577241],[-9.1235617407807,38.4393447445818],[-9.12447469331792,38.4380117605416],[-9.1246795247321,38.4380386592947]]]}},{"type":"Feature","id":"CRUS_Sesimbra_V.33255","properties":{"AREA_HA":25.3609515189346,"Autor":"DGT","Categoria_2021":"Não Atribuída","Classe_2021":"Solo Urbano","DTCC":"1511","Data_Pub_Origem":"1998-02-02T00:00:00","Designacao_no_plano":"Urbano/Urbanizável","Escala_origem":"1/25000","Fonte":"CM - Raster","ID1":33255,"Municipio":"SESIMBRA"},"geometry":{"type":"Polygon","coordinates":[[[-9.06984185970869,38.4726249218404],[-9.06972575291836,38.4724836048271],[-9.07294244050765,38.4720600819987],[-9.07393959855217,38.4729732019568],[-9.07507911257508,38.4725453503788],[-9.07445810940589,38.4716913011766],[-9.07377763162902,38.4707554290456],[-9.07510213349696,38.4702214188227],[-9.07566446936822,38.4710733173125],[-9.0762430588246,38.4719498152148],[-9.07769987688745,38.4713519062917],[-9.07981040465182,38.4739098293262],[-9.0801209353336,38.4744004020352],[-9.08024547995032,38.4745971548084],[-9.07791673178441,38.4757254974821],[-9.07654451592454,38.4746479560954],[-9.07492458787933,38.4749959472985],[-9.07333941026823,38.4739200800441],[-9.07121898451502,38.4746907281413],[-9.0705723290329,38.4741097358704],[-9.07032262529849,38.4735207901733],[-9.07005042207295,38.4728787668122],[-9.06984185970869,38.4726249218404]]]}},{"type":"Feature","id":"CRUS_Sesimbra_V.33256","properties":{"AREA_HA":11.4670973000387,"Autor":"DGT","Categoria_2021":"Não Atribuída","Classe_2021":"Solo Urbano","DTCC":"1511","Data_Pub_Origem":"1998-02-02T00:00:00","Designacao_no_plano":"Urbano/Urbanizável","Escala_origem":"1/25000","Fonte":"CM - Raster","ID1":33256,"Municipio":"SESIMBRA"},"geometry":{"type":"Polygon","coordinates":[[[-9.06907093362932,38.4778872579869],[-9.06956013640355,38.4766640079709],[-9.06955648042188,38.4763814202118],[-9.07069829823383,38.4766392025977],[-9.07148439932064,38.4761453548883],[-9.07160964966477,38.4760666684666],[-9.07115868854048,38.4751753254511],[-9.07219045357203,38.4746489258389],[-9.07255440970907,38.4749914284068],[-9.07269603914658,38.4751316018257],[-9.07289574806728,38.4751299997077],[-9.07305306889548,38.4749403254691],[-9.073191844744,38.4748607063651],[-9.07333333559146,38.4758438629554],[-9.0734333461452,38.4765387736077],[-9.07365302960797,38.4765370098271],[-9.07410869457343,38.4762507322888],[-9.07451669419346,38.4769068945136],[-9.07374454387143,38.4774312299439],[-9.07397708692481,38.4784185239159],[-9.07425750857756,38.4784790750118],[-9.07357175564102,38.4795051464608],[-9.07335206316484,38.479506910203],[-9.07317251762979,38.4795240518621],[-9.07186313270537,38.4786709996471],[-9.0716448665674,38.4787826560953],[-9.07080299655798,38.4785538834424],[-9.06901839793942,38.4780186222016],[-9.06907093362932,38.4778872579869]],[[-9.07040645426706,38.4772381759747],[-9.07017025164171,38.477506982225],[-9.07165506719454,38.4780289269976],[-9.07278041083337,38.4785537380598],[-9.07271545420825,38.4783260784564],[-9.07232004715598,38.4769402299658],[-9.07215661096485,38.4766589225076],[-9.07226539276301,38.4765835761672],[-9.07209445616998,38.4764867103288],[-9.07108507669853,38.4772013416931],[-9.07062512330164,38.4771579205765],[-9.07040645426706,38.4772381759747]]]}},{"type":"Feature","id":"CRUS_Sesimbra_V.33257","properties":{"AREA_HA":2.19344400559836,"Autor":"DGT","Categoria_2021":"Não Atribuída","Classe_2021":"Solo Urbano","DTCC":"1511","Data_Pub_Origem":"1998-02-02T00:00:00","Designacao_no_plano":"Transição","Escala_origem":"1/25000","Fonte":"CM - Raster","ID1":33257,"Municipio":"SESIMBRA"},"geometry":{"type":"Polygon","coordinates":[[[-9.07040645426706,38.4772381759747],[-9.07062512330164,38.4771579205765],[-9.07108507669853,38.4772013416931],[-9.07209445616998,38.4764867103288],[-9.07226539276301,38.4765835761672],[-9.07215661096485,38.4766589225076],[-9.07232004715598,38.4769402299658],[-9.07271545420825,38.4783260784564],[-9.07278041083337,38.4785537380598],[-9.07165506719454,38.4780289269976],[-9.07017025164171,38.477506982225],[-9.07040645426706,38.4772381759747]]]}},{"type":"Feature","id":"CRUS_Sesimbra_V.33258","properties":{"AREA_HA":1.45574048042409,"Autor":"DGT","Categoria_2021":"Não Atribuída","Classe_2021":"Solo Urbano","DTCC":"1511","Data_Pub_Origem":"1998-02-02T00:00:00","Designacao_no_plano":"Transição","Escala_origem":"1/25000","Fonte":"CM - Raster","ID1":33258,"Municipio":"SESIMBRA"},"geometry":{"type":"Polygon","coordinates":[[[-9.07335303671561,38.4719506593508],[-9.07445810940589,38.4716913011766],[-9.07507911257508,38.4725453503788],[-9.07393959855217,38.4729732019568],[-9.07294244050765,38.4720600819987],[-9.07335303671561,38.4719506593508]]]}},{"type":"Feature","id":"CRUS_Sesimbra_V.33259","properties":{"AREA_HA":21.3393195320604,"Autor":"DGT","Categoria_2021":"Não Atribuída","Classe_2021":"Solo Urbano","DTCC":"1511","Data_Pub_Origem":"1998-02-02T00:00:00","Designacao_no_plano":"Transição","Escala_origem":"1/25000","Fonte":"CM - Raster","ID1":33259,"Municipio":"SESIMBRA"},"geometry":{"type":"Polygon","coordinates":[[[-9.07451669419346,38.4769068945136],[-9.07410869457343,38.4762507322888],[-9.07365302960797,38.4765370098271],[-9.0734333461452,38.4765387736077],[-9.07333333559146,38.4758438629554],[-9.073191844744,38.4748607063651],[-9.07305306889548,38.4749403254691],[-9.07289574806728,38.4751299997077],[-9.07269603914658,38.4751316018257],[-9.07255440970907,38.4749914284068],[-9.07219045357203,38.4746489258389],[-9.07115868854048,38.4751753254511],[-9.07160964966477,38.4760666684666],[-9.07148439932064,38.4761453548883],[-9.07069829823383,38.4766392025977],[-9.06955648042188,38.4763814202118],[-9.06956013640355,38.4766640079709],[-9.06907093362932,38.4778872579869],[-9.06893304959093,38.4776541109336],[-9.06882487081919,38.4770112349326],[-9.06861947501547,38.4765732486197],[-9.06813265981812,38.475996199256],[-9.06756799514502,38.4755767788431],[-9.06831776725156,38.4748642505393],[-9.06863446016796,38.4746419076401],[-9.0680792304885,38.4734059620824],[-9.06984185970869,38.4726249218404],[-9.07005042207295,38.4728787668122],[-9.07032262529849,38.4735207901733],[-9.0705723290329,38.4741097358704],[-9.07121898451502,38.4746907281413],[-9.07333941026823,38.4739200800441],[-9.07492458787933,38.4749959472985],[-9.07654451592454,38.4746479560954],[-9.07791673178441,38.4757254974821],[-9.07571745421646,38.4771443826987],[-9.07455996885786,38.4787551912204],[-9.07425750857756,38.4784790750118],[-9.07397708692481,38.4784185239159],[-9.07374454387143,38.4774312299439],[-9.07451669419346,38.4769068945136]]]}},{"type":"Feature","id":"CRUS_Sesimbra_V.33260","properties":{"AREA_HA":5.42426891345838,"Autor":"DGT","Categoria_2021":"Espaço de Uso Especial - Turístico","Classe_2021":"Solo Urbano","DTCC":"1511","Data_Pub_Origem":"1998-02-02T00:00:00","Designacao_no_plano":"Turístico","Escala_origem":"1/25000","Fonte":"CM - Raster","ID1":33260,"Municipio":"SESIMBRA"},"geometry":{"type":"Polygon","coordinates":[[[-9.08632041160237,38.4733234915003],[-9.08632268555209,38.4734961833765],[-9.08443127887645,38.4739511873322],[-9.08405183878293,38.4739542683556],[-9.08308089428373,38.4730200883829],[-9.08568067432076,38.4717585978414],[-9.0862949859878,38.4713924782995],[-9.08713826707945,38.4717310349929],[-9.08704317625414,38.4720929316917],[-9.08669281573,38.4727866269245],[-9.08632041160237,38.4733234915003]]]}},{"type":"Feature","id":"CRUS_Sesimbra_V.33261","properties":{"AREA_HA":3.88937135788323,"Autor":"DGT","Categoria_2021":"Espaço de Uso Especial Equipamentos e Infraestruturas","Classe_2021":"Solo Urbano","DTCC":"1511","Data_Pub_Origem":"1998-02-02T00:00:00","Designacao_no_plano":"Equipamento","Escala_origem":"1/25000","Fonte":"CM - Raster","ID1":33261,"Municipio":"SESIMBRA"},"geometry":{"type":"Polygon","coordinates":[[[-9.07566446936822,38.4710733173125],[-9.07774473012622,38.4703298170548],[-9.0778536923298,38.4705173503245],[-9.07863979155608,38.4715786746913],[-9.07864252548657,38.4717879989512],[-9.07994222818913,38.4734313373426],[-9.08064631674899,38.4743258337084],[-9.08045166660579,38.4744575904314],[-9.08024547995032,38.4745971548084],[-9.0801209353336,38.4744004020352],[-9.07981040465182,38.4739098293262],[-9.07769987688745,38.4713519062917],[-9.0762430588246,38.4719498152148],[-9.07566446936822,38.4710733173125]]]}},{"type":"Feature","id":"CRUS_Sesimbra_V.33262","properties":{"AREA_HA":5.38553671129309,"Autor":"DGT","Categoria_2021":"Espaço de Uso Especial Equipamentos e Infraestruturas","Classe_2021":"Solo Urbano","DTCC":"1511","Data_Pub_Origem":"1998-02-02T00:00:00","Designacao_no_plano":"Equipamento","Escala_origem":"1/25000","Fonte":"CM - Raster","ID1":33262,"Municipio":"SESIMBRA"},"geometry":{"type":"Polygon","coordinates":[[[-9.09080127782327,38.4737852378005],[-9.09097477897418,38.4733127897572],[-9.09205587771705,38.4735080573946],[-9.09266170332932,38.4734800367768],[-9.09329341218717,38.4734508162555],[-9.09343320377941,38.4734496702754],[-9.09331775498801,38.4737803367732],[-9.09329965932191,38.4739217943457],[-9.09345007382689,38.4747213105275],[-9.09260062191544,38.4754031447381],[-9.09252123294171,38.4754668673555],[-9.09252331377934,38.4756238600379],[-9.09180914431909,38.475990829361],[-9.091261407019,38.4753515716633],[-9.09110018582332,38.4752429830605],[-9.09017820691586,38.4749993051816],[-9.09080127782327,38.4737852378005]]]}},{"type":"Feature","id":"CRUS_Sesimbra_V.33263","properties":{"AREA_HA":56.0923250045874,"Autor":"DGT","Categoria_2021":"Não Atribuída","Classe_2021":"Solo Urbano","DTCC":"1511","Data_Pub_Origem":"1998-02-02T00:00:00","Designacao_no_plano":"Transição","Escala_origem":"1/25000","Fonte":"CM - Raster","ID1":33263,"Municipio":"SESIMBRA"},"geometry":{"type":"Polygon","coordinates":[[[-9.11641103494434,38.475507339119],[-9.1169178134231,38.4755658875501],[-9.11835456642888,38.475470073312],[-9.11973948741976,38.4754793504219],[-9.12118137737807,38.4757602799663],[-9.12143622187557,38.474920747564],[-9.12161918305321,38.4746679885731],[-9.12136353523855,38.4734978090561],[-9.12059221198768,38.4735671178594],[-9.11971552207526,38.4737210472109],[-9.11899687886566,38.4737480332001],[-9.11813171381183,38.4727923204347],[-9.11785234982288,38.4718316786818],[-9.11784437746149,38.4712455769728],[-9.11832393161508,38.4712624788479],[-9.12018746935779,38.4712258559455],[-9.12071684842329,38.4709911128837],[-9.12025507457007,38.4703250984195],[-9.11987489635332,38.4697840023636],[-9.11807337922006,38.4698096319255],[-9.11712115363498,38.4676683481164],[-9.11688236929586,38.4657722826312],[-9.11636492270756,38.4642693343711],[-9.11691886111712,38.4632319088348],[-9.11705023309343,38.4624492462906],[-9.11737454396065,38.4620306798541],[-9.11765725522738,38.4630135297295],[-9.11845285147032,38.4648716221043],[-9.11887104364476,38.4658084630768],[-9.11939190028151,38.4668400689201],[-9.12025932482572,38.4680121962379],[-9.12223990820868,38.4705296763803],[-9.12236459351337,38.4717855491163],[-9.1224515522591,38.4723029455878],[-9.12257285872052,38.4738720147654],[-9.12254665161396,38.4748770956368],[-9.12239890271665,38.4757575954063],[-9.12199538851256,38.4769228713342],[-9.12130968964351,38.4779021164358],[-9.12061019456088,38.4786882008033],[-9.12059567219448,38.4776237962658],[-9.12081962950237,38.476277242964],[-9.11917733184982,38.4760557635656],[-9.11928000236655,38.4762678039656],[-9.11937468126243,38.4769393398548],[-9.11885250320869,38.4773247243806],[-9.11821553273577,38.4776550434223],[-9.11724950937861,38.4778984803272],[-9.11673547657149,38.477835564996],[-9.1162933198827,38.4778168664918],[-9.11635763935003,38.4783541924666],[-9.11646563425573,38.478958385702],[-9.11738784581382,38.4786368840135],[-9.11816165009828,38.478932928406],[-9.11894406605997,38.47881429029],[-9.11970637429857,38.4793121213664],[-9.11929421508856,38.479504896229],[-9.11786500241676,38.4801606587716],[-9.11601634782929,38.4808199245078],[-9.11368853409271,38.4814988740725],[-9.11362668097455,38.4798821967398],[-9.11361349430316,38.4789088497346],[-9.11361751432413,38.4777312458062],[-9.11389200789362,38.4773521259234],[-9.11422619984255,38.4769568030627],[-9.11523876217441,38.4765086917372],[-9.1157711601028,38.4760017962178],[-9.11641103494434,38.475507339119]]]}},{"type":"Feature","id":"CRUS_Sesimbra_V.33264","properties":{"AREA_HA":23.657777338217,"Autor":"DGT","Categoria_2021":"Não Atribuída","Classe_2021":"Solo Urbano","DTCC":"1511","Data_Pub_Origem":"1998-02-02T00:00:00","Designacao_no_plano":"Transição","Escala_origem":"1/25000","Fonte":"CM - Raster","ID1":33264,"Municipio":"SESIMBRA"},"geometry":{"type":"Polygon","coordinates":[[[-9.13183819513139,38.470415343666],[-9.13215722289213,38.4703528344588],[-9.13200323179763,38.4694775432234],[-9.13193636346174,38.4679363558765],[-9.13191405874746,38.4674222652602],[-9.13282115895631,38.4670479468857],[-9.1323245590611,38.466319022987],[-9.13164114709629,38.465272923797],[-9.13089299318841,38.4639404827744],[-9.13035216544032,38.4629409749805],[-9.12930879970592,38.4622485674626],[-9.128721004754,38.462253564564],[-9.12808894853865,38.4619879838193],[-9.12829964153018,38.4610936489261],[-9.12841818544728,38.4608695059423],[-9.12745419091473,38.460048900291],[-9.12665345565356,38.459306593718],[-9.12618226559119,38.4589440078725],[-9.12598773204469,38.4578893782961],[-9.12597267493853,38.4567909369588],[-9.12636287716483,38.4561289310682],[-9.12707793984462,38.4549157391908],[-9.12799460888836,38.4538442635538],[-9.12812664895938,38.4536589966016],[-9.12908239983539,38.4523179479747],[-9.12973919399534,38.4528109135038],[-9.12926873068702,38.4534428913944],[-9.12883329934403,38.4542432119212],[-9.12876243368321,38.4543734605394],[-9.12819731196048,38.4553830243673],[-9.12800608989028,38.4559969252165],[-9.12797903950818,38.4564321657762],[-9.12794068159226,38.4570493407796],[-9.12817947397218,38.4584445599594],[-9.12830151044777,38.4600605613342],[-9.1288873837934,38.4605579634659],[-9.1293897365942,38.4607891829814],[-9.13001944284667,38.4615687951563],[-9.130832524814,38.4626137328598],[-9.13240081269754,38.4648453770184],[-9.13311435308599,38.4659068457619],[-9.13312801120138,38.4668957896642],[-9.13327821558749,38.4685977857688],[-9.13336475601862,38.4695783606699],[-9.1335251324242,38.47106843063],[-9.13348888454532,38.4713356296085],[-9.13299161928689,38.4717256286651],[-9.13297707813596,38.471690530508],[-9.13183819513139,38.470415343666]]]}},{"type":"Feature","id":"CRUS_Sesimbra_V.33265","properties":{"AREA_HA":39.8096060847288,"Autor":"DGT","Categoria_2021":"Não Atribuída","Classe_2021":"Solo Urbano","DTCC":"1511","Data_Pub_Origem":"1998-02-02T00:00:00","Designacao_no_plano":"Urbano/Urbanizável","Escala_origem":"1/25000","Fonte":"CM - Raster","ID1":33265,"Municipio":"SESIMBRA"},"geometry":{"type":"Polygon","coordinates":[[[-9.06677940245606,38.4927107515104],[-9.06514624564663,38.4933218886264],[-9.0642252888524,38.4938338858747],[-9.06082047846596,38.495393612258],[-9.05937913916565,38.496133990997],[-9.05815180845635,38.496872661868],[-9.05716041528195,38.4937403085525],[-9.05918667875647,38.4922476704092],[-9.06083118054127,38.4906645655038],[-9.06193492248623,38.4895717062846],[-9.06268674398158,38.488855462775],[-9.06346281116725,38.4881764043631],[-9.06459578804758,38.4875131940955],[-9.06492484207347,38.4872115118876],[-9.0655573010634,38.4883092810715],[-9.06555826452615,38.4883840393527],[-9.06492079959872,38.4887442520688],[-9.06504354837208,38.48904234102],[-9.06594748392223,38.4909043004025],[-9.06677940245606,38.4927107515104]]]}},{"type":"Feature","id":"CRUS_Sesimbra_V.33266","properties":{"AREA_HA":7.86328692802917,"Autor":"DGT","Categoria_2021":"Não Atribuída","Classe_2021":"Solo Urbano","DTCC":"1511","Data_Pub_Origem":"1998-02-02T00:00:00","Designacao_no_plano":"Transição","Escala_origem":"1/25000","Fonte":"CM - Raster","ID1":33266,"Municipio":"SESIMBRA"},"geometry":{"type":"Polygon","coordinates":[[[-9.04307057767691,38.4835797166573],[-9.0427553576356,38.4830961840189],[-9.04253783601746,38.4828174990359],[-9.04106771019605,38.4812588090267],[-9.04068446572011,38.4810374798259],[-9.04006228295861,38.4807245413372],[-9.0395116710077,38.4804297379003],[-9.03841022439848,38.4798214326539],[-9.03759598229913,38.4793604327692],[-9.03694468306487,38.4786177955208],[-9.03791249714041,38.4780495747056],[-9.03866030850922,38.4789036102703],[-9.03992864615291,38.4795480040194],[-9.04100538465001,38.4800817203196],[-9.04194018337301,38.4806726028616],[-9.04237474087333,38.4811925951474],[-9.04304707694368,38.4817107387677],[-9.04345834083425,38.482268291353],[-9.04389738824514,38.4831433839672],[-9.04307057767691,38.4835797166573]]]}},{"type":"Feature","id":"CRUS_Sesimbra_V.33267","properties":{"AREA_HA":128.766585957217,"Autor":"DGT","Categoria_2021":"Não Atribuída","Classe_2021":"Solo Urbano","DTCC":"1511","Data_Pub_Origem":"1998-02-02T00:00:00","Designacao_no_plano":"Transição","Escala_origem":"1/25000","Fonte":"CM - Raster","ID1":33267,"Municipio":"SESIMBRA"},"geometry":{"type":"Polygon","coordinates":[[[-9.14198072091544,38.4683261466842],[-9.14120288841107,38.4674388521656],[-9.14091313503653,38.4671603994565],[-9.14031235976132,38.4665830475769],[-9.13922623561314,38.4645828616309],[-9.13890818277807,38.4626613357903],[-9.13879029923446,38.4619491093914],[-9.13823373985264,38.4592535916606],[-9.13766342282418,38.4584421152139],[-9.13676282406793,38.4568484965235],[-9.13563550312921,38.4547387301353],[-9.13479554258861,38.4546360194324],[-9.13420750760657,38.4539816702759],[-9.13373533637868,38.4536766056474],[-9.13370388663719,38.4536562858311],[-9.1325451894774,38.453603378757],[-9.13080584870623,38.4534298111876],[-9.13047789812297,38.4532553755037],[-9.13057947645358,38.4531422170149],[-9.1309834655223,38.4518832675855],[-9.13020023580686,38.4513668077848],[-9.13037213338695,38.4509671855433],[-9.1288834532065,38.4502125922444],[-9.12873148780059,38.4499116312976],[-9.12872573745823,38.4494931774716],[-9.12651874939278,38.4494149889594],[-9.12654627594774,38.448406671618],[-9.12652064262549,38.4465370558836],[-9.12660141908485,38.4462327048376],[-9.12673689500365,38.445722251105],[-9.12702095798759,38.4453296156773],[-9.12763162600479,38.4446682249864],[-9.12883851334949,38.4437291284309],[-9.12956599957737,38.4431290902357],[-9.13054388256818,38.4424355548388],[-9.13100556075187,38.4422184457603],[-9.1312370273048,38.4421555662902],[-9.13184386451291,38.442637658515],[-9.13225585963668,38.4430300479857],[-9.13261188158923,38.443575182537],[-9.13303123922915,38.4445004507121],[-9.13433947007436,38.4452963080155],[-9.13494403886038,38.4456109073721],[-9.1371027852905,38.4435063316868],[-9.13807912182474,38.4427061581577],[-9.13823709566299,38.4429700054532],[-9.13861427514864,38.4435999585084],[-9.13756281694154,38.4445682770744],[-9.13655047221992,38.4455667055377],[-9.13598105999047,38.4463938380638],[-9.13559955001936,38.4468082307219],[-9.13555581400789,38.4468708657506],[-9.13484009315912,38.4478958422564],[-9.13461176722015,38.4481871072112],[-9.13450612703603,38.4489493583913],[-9.13455600108755,38.449755962103],[-9.13540241809366,38.4507537036964],[-9.13481632890512,38.4517789226415],[-9.13476245483217,38.4520839227262],[-9.13505540281496,38.4522641408335],[-9.13577894255855,38.4527756674649],[-9.13636864713251,38.4534101511012],[-9.13688281206643,38.4541823218585],[-9.13727954944859,38.4548641348364],[-9.13809409908087,38.4563493918336],[-9.13849001478099,38.456970299752],[-9.13884171452966,38.4571956848303],[-9.13927150211639,38.4574660791406],[-9.13975874815701,38.4576902980785],[-9.14042301464858,38.4581109425417],[-9.140852390986,38.4583508802272],[-9.14132240321051,38.4587275103105],[-9.14164069346613,38.4593338475924],[-9.1425290203105,38.4605443512446],[-9.14371102210551,38.4619807191599],[-9.14373463520463,38.4622850542028],[-9.14364950022542,38.4631232696877],[-9.14344095350001,38.4634448338857],[-9.14332731540029,38.4636285365981],[-9.14342583659026,38.4637495029492],[-9.1436786377434,38.4638234565893],[-9.14474666403786,38.4640274149969],[-9.14556338157293,38.4642639901455],[-9.14587428070427,38.4643374368715],[-9.14620944398921,38.4647608923771],[-9.14671974684079,38.4652437399834],[-9.14716855096362,38.465483485799],[-9.14795083092176,38.4660248806998],[-9.14836091315306,38.4662649582267],[-9.14770207121833,38.4662402122804],[-9.14710260448724,38.4663063104016],[-9.14644653239492,38.4664794835179],[-9.14550317164612,38.4668835405312],[-9.14515885207366,38.4671910542941],[-9.14493536292007,38.4674157032311],[-9.14470046342712,38.4676518204964],[-9.14447360573152,38.4680496795227],[-9.14432293370979,38.4683555187356],[-9.14421141663435,38.4686914730819],[-9.14420268217551,38.4694528944557],[-9.14362106351145,38.4694122324682],[-9.14303795878657,38.4692649920489],[-9.14198072091544,38.4683261466842]]]}},{"type":"Feature","id":"CRUS_Sesimbra_V.33268","properties":{"AREA_HA":21.7519834204593,"Autor":"DGT","Categoria_2021":"Espaço de Uso Especial Equipamentos e Infraestruturas","Classe_2021":"Solo Urbano","DTCC":"1511","Data_Pub_Origem":"1998-02-02T00:00:00","Designacao_no_plano":"Equipamento","Escala_origem":"1/25000","Fonte":"CM - Raster","ID1":33268,"Municipio":"SESIMBRA"},"geometry":{"type":"Polygon","coordinates":[[[-9.09695368907954,38.4733331045963],[-9.09357739888147,38.473441687673],[-9.09356711131895,38.4726663025286],[-9.09357248323392,38.4726495463234],[-9.0936630033383,38.4723671980696],[-9.09452150449455,38.4723444535581],[-9.09451754315424,38.4720461679156],[-9.09457265794386,38.4716845934548],[-9.09482934518812,38.4714626725604],[-9.09540471117021,38.4711753296473],[-9.09546810358239,38.4699344325881],[-9.09568540205064,38.4682526430021],[-9.09580911058731,38.4670426506287],[-9.09595821186944,38.4662406750295],[-9.09668909968458,38.4656380284009],[-9.09711010310091,38.4657601725611],[-9.09724967064759,38.4657433224963],[-9.0972845899526,38.4653662112408],[-9.0974605384944,38.4650821459264],[-9.09827211032309,38.4645416282682],[-9.09845370488799,38.4646814404548],[-9.0986819336981,38.4653232997652],[-9.09850213752665,38.4668163753252],[-9.09837491632538,38.4677594820938],[-9.09879551495008,38.4678502214417],[-9.09879823698317,38.4680543113672],[-9.09848857452327,38.4687948096028],[-9.09766921871463,38.4687544567344],[-9.09746001566803,38.4695412274795],[-9.09830227904871,38.4698012067599],[-9.0977266293261,38.4715644573706],[-9.09726901717285,38.4727925136745],[-9.09718671020971,38.4730133912205],[-9.09695368907954,38.4733331045963]]]}},{"type":"Feature","id":"CRUS_Sesimbra_V.33269","properties":{"AREA_HA":78.8564712185773,"Autor":"DGT","Categoria_2021":"Espaço Agrícola","Classe_2021":"Solo Rústico","DTCC":"1511","Data_Pub_Origem":"1998-02-02T00:00:00","Designacao_no_plano":"Agrícola","Escala_origem":"1/25000","Fonte":"CM - Raster","ID1":33269,"Municipio":"SESIMBRA"},"geometry":{"type":"Polygon","coordinates":[[[-9.11144429141479,38.4790193633378],[-9.11123444280153,38.4786908677557],[-9.1113455201958,38.4770570434799],[-9.11167866938832,38.4760912694115],[-9.11111745315363,38.4753531010382],[-9.1111093016883,38.475342379901],[-9.1099490608016,38.4742215935611],[-9.11031845033894,38.4739672971524],[-9.1105068183041,38.474112267495],[-9.11104247303145,38.4743380776531],[-9.11160588867826,38.4746473906602],[-9.1109271978717,38.4736900674101],[-9.11129545097681,38.4733520392697],[-9.10973443035409,38.4721299230525],[-9.10881530697458,38.4711117873958],[-9.10765150625988,38.4697188558752],[-9.10756980104322,38.4676051391733],[-9.10555410438886,38.4662192699883],[-9.10507985521318,38.4646112395815],[-9.10392072377521,38.4635531849777],[-9.10423206348512,38.4629434990701],[-9.1060477771416,38.4633261910709],[-9.10832118139419,38.464081869164],[-9.10838232248573,38.4646675299629],[-9.10883633538102,38.4647684227526],[-9.10868843734217,38.4656489086683],[-9.10981003584173,38.4658907781757],[-9.11027140399399,38.4665359039799],[-9.11125622355379,38.4665067495456],[-9.1115012158641,38.4669024613285],[-9.11261066021641,38.4682120705213],[-9.11325447738969,38.4685625742366],[-9.11430164975147,38.4692027796542],[-9.11542644638052,38.469674849181],[-9.11561594929839,38.4699035400647],[-9.11556781066421,38.4702807669175],[-9.1156114803137,38.4715364765622],[-9.11562227393858,38.4717218536274],[-9.11568092703279,38.472729165877],[-9.11603503098589,38.4733123636734],[-9.11633531873328,38.4738541425527],[-9.11631551434628,38.4743567392243],[-9.11661353344308,38.474731059218],[-9.11664641752602,38.4751913439628],[-9.11641103494434,38.475507339119],[-9.1157711601028,38.4760017962178],[-9.11523876217441,38.4765086917372],[-9.11422619984255,38.4769568030627],[-9.11389200789362,38.4773521259234],[-9.11361751432413,38.4777312458062],[-9.11361349430316,38.4789088497346],[-9.11362668097455,38.4798821967398],[-9.11368853409271,38.4814988740725],[-9.11154064487169,38.4819394962862],[-9.11144429141479,38.4790193633378]]]}},{"type":"Feature","id":"CRUS_Sesimbra_V.33270","properties":{"AREA_HA":0.0373768150178395,"Autor":"DGT","Categoria_2021":"Espaço Agrícola","Classe_2021":"Solo Rústico","DTCC":"1511","Data_Pub_Origem":"1998-02-02T00:00:00","Designacao_no_plano":"Agrícola","Escala_origem":"1/25000","Fonte":"CM - Raster","ID1":33270,"Municipio":"SESIMBRA"},"geometry":{"type":"Polygon","coordinates":[[[-9.08095040019451,38.4650074534393],[-9.08110928387358,38.4656171915417],[-9.08098015584694,38.4656072130041],[-9.08095040019451,38.4650074534393]]]}},{"type":"Feature","id":"CRUS_Sesimbra_V.33271","properties":{"AREA_HA":39.2486522676322,"Autor":"DGT","Categoria_2021":"Espaço Agrícola","Classe_2021":"Solo Rústico","DTCC":"1511","Data_Pub_Origem":"1998-02-02T00:00:00","Designacao_no_plano":"Agrícola","Escala_origem":"1/25000","Fonte":"CM - Raster","ID1":33271,"Municipio":"SESIMBRA"},"geometry":{"type":"Polygon","coordinates":[[[-9.08095040019451,38.4650074534393],[-9.08135964365166,38.4648054445195],[-9.08270176047263,38.4647539669695],[-9.08528324188448,38.4646924076847],[-9.08618828294496,38.4647865604933],[-9.08698763749501,38.4646988435848],[-9.08800613666148,38.4643442263944],[-9.08807148887629,38.4644802350789],[-9.08731105448351,38.4648395441999],[-9.08656380017169,38.4649371762964],[-9.08780124349217,38.4666926584266],[-9.08819818965502,38.4665194056291],[-9.08756536714859,38.4652036631474],[-9.08827659671009,38.4648970665617],[-9.08819363193286,38.464728462761],[-9.08890641037556,38.4645838647935],[-9.09144787064506,38.4643146145552],[-9.09182902829854,38.4642068698432],[-9.09173405413253,38.4639459877123],[-9.09245100737036,38.4638624264986],[-9.09317584475794,38.4639986067179],[-9.09438995242757,38.4644792470514],[-9.09511852609439,38.4652059787753],[-9.0948559003512,38.4654802855328],[-9.09434489916513,38.4658830613707],[-9.09340656454449,38.4666226464538],[-9.09243829314381,38.4669002809851],[-9.09070082421134,38.4673984429881],[-9.08834170517265,38.4682132207833],[-9.08515796741482,38.4690974601208],[-9.08255525285906,38.4696210165561],[-9.08237189595525,38.4678221226173],[-9.08316955000298,38.4677319167828],[-9.08312957468597,38.4672025164545],[-9.0830084140596,38.4655978885667],[-9.0827622070328,38.4650974524625],[-9.08145625710694,38.465003359337],[-9.08095040019451,38.4650074534393]]]}},{"type":"Feature","id":"CRUS_Sesimbra_V.33272","properties":{"AREA_HA":44.4293394798581,"Autor":"DGT","Categoria_2021":"Não Atribuída","Classe_2021":"Solo Urbano","DTCC":"1511","Data_Pub_Origem":"1998-02-02T00:00:00","Designacao_no_plano":"Transição","Escala_origem":"1/25000","Fonte":"CM - Raster","ID1":33272,"Municipio":"SESIMBRA"},"geometry":{"type":"Polygon","coordinates":[[[-9.17754317633012,38.4337348280595],[-9.17859409397196,38.4328723262194],[-9.17850705486452,38.432685139544],[-9.17887315461529,38.4324137915194],[-9.18027110782032,38.4337000071827],[-9.18166052651309,38.4329478152668],[-9.18310686416682,38.4320875758273],[-9.18428341033104,38.432562139819],[-9.184442190513,38.4326445661434],[-9.18414775299355,38.4329584095031],[-9.18370016633419,38.4338008250769],[-9.18353727551954,38.4340981921615],[-9.18225305540911,38.4348987819301],[-9.18109276901683,38.4355996130962],[-9.17991156209158,38.4363006206168],[-9.17908560286006,38.4369984445552],[-9.17828052502433,38.4376960773069],[-9.17668956735427,38.4389760798957],[-9.1750353822249,38.4402237438817],[-9.17310661448847,38.441276552664],[-9.1709307590387,38.4425945459589],[-9.1678814710455,38.4442325611767],[-9.16674132669527,38.4449001952214],[-9.16620896903068,38.4442144423938],[-9.16555830399099,38.4425598146553],[-9.1661174477361,38.4421932235519],[-9.16808720258533,38.44107441047],[-9.16958044766897,38.4402556873197],[-9.17136341867179,38.4392371076689],[-9.17227566675845,38.4387194039511],[-9.17296037423317,38.438368104886],[-9.17410424811997,38.4394264986428],[-9.17532452399207,38.4385279314853],[-9.17662623339146,38.437480672635],[-9.17718267692228,38.4369332207553],[-9.17908301918718,38.4353709832659],[-9.17754317633012,38.4337348280595]]]}},{"type":"Feature","id":"CRUS_Sesimbra_V.33273","properties":{"AREA_HA":9.59529764279313,"Autor":"DGT","Categoria_2021":"Espaço de Uso Especial - Turístico","Classe_2021":"Solo Urbano","DTCC":"1511","Data_Pub_Origem":"1998-02-02T00:00:00","Designacao_no_plano":"Turístico","Escala_origem":"1/25000","Fonte":"CM - Raster","ID1":33273,"Municipio":"SESIMBRA"},"geometry":{"type":"Polygon","coordinates":[[[-9.11627582432556,38.4385268624595],[-9.11577088765683,38.4356519695612],[-9.1158454332143,38.4349017160313],[-9.11768756936858,38.4348695921771],[-9.11807191516425,38.4350995801324],[-9.11867074829179,38.4355276637868],[-9.1189717538159,38.435858299697],[-9.11915611981025,38.4364370163856],[-9.11905193652395,38.4370820183677],[-9.11852601438022,38.4378638350945],[-9.11810789845798,38.4382671524488],[-9.11712534135409,38.4386974209351],[-9.11627582432556,38.4385268624595]]]}},{"type":"Feature","id":"CRUS_Sesimbra_V.33274","properties":{"AREA_HA":2.85486661594603,"Autor":"DGT","Categoria_2021":"Não Atribuída","Classe_2021":"Solo Urbano","DTCC":"1511","Data_Pub_Origem":"1998-02-02T00:00:00","Designacao_no_plano":"Transição","Escala_origem":"1/25000","Fonte":"CM - Raster","ID1":33274,"Municipio":"SESIMBRA"},"geometry":{"type":"Polygon","coordinates":[[[-9.09815561071769,38.459913026238],[-9.09597960598468,38.4584861628037],[-9.09742884219974,38.4578303787835],[-9.09900281784218,38.4590423242192],[-9.09815561071769,38.459913026238]]]}},{"type":"Feature","id":"CRUS_Sesimbra_V.33275","properties":{"AREA_HA":108.537191656858,"Autor":"DGT","Categoria_2021":"Espaço Agrícola","Classe_2021":"Solo Rústico","DTCC":"1511","Data_Pub_Origem":"1998-02-02T00:00:00","Designacao_no_plano":"Agrícola","Escala_origem":"1/25000","Fonte":"CM - Raster","ID1":33275,"Municipio":"SESIMBRA"},"geometry":{"type":"Polygon","coordinates":[[[-9.18263782179325,38.5466947070327],[-9.18279222470104,38.5466504485548],[-9.18299257926446,38.5467601452827],[-9.18373981662565,38.5473778034974],[-9.18469021395927,38.55024579482],[-9.18498459188907,38.550855933565],[-9.18494796765537,38.5508627773124],[-9.18630862931717,38.5521064395622],[-9.18719711464125,38.5540320760735],[-9.18835552403722,38.5579692158411],[-9.18662290384944,38.5599442021303],[-9.18604380184704,38.5604968866341],[-9.18458656117815,38.5612303466964],[-9.18467842268937,38.5624973558261],[-9.18385878498619,38.5641759516013],[-9.18265706048938,38.5648206502549],[-9.18269791936377,38.5635504626449],[-9.18273106488623,38.5633635710093],[-9.18263775798739,38.5632403699208],[-9.18141942751727,38.5616316692512],[-9.18092212003359,38.5606326854964],[-9.18015115195596,38.5583874238015],[-9.17934569833713,38.5557187915919],[-9.17856581664301,38.5548115154439],[-9.17775175422128,38.5535031638705],[-9.17763237558855,38.5511405730551],[-9.17746977037634,38.5497149104353],[-9.17716576771036,38.5483285658561],[-9.17750674663833,38.5483255242871],[-9.18078458909003,38.5472258991823],[-9.18263782179325,38.5466947070327]]]}},{"type":"Feature","id":"CRUS_Sesimbra_V.33276","properties":{"AREA_HA":5.33890881681917,"Autor":"DGT","Categoria_2021":"Não Atribuída","Classe_2021":"Solo Urbano","DTCC":"1511","Data_Pub_Origem":"1998-02-02T00:00:00","Designacao_no_plano":"Urbano/Urbanizável","Escala_origem":"1/25000","Fonte":"CM - Raster","ID1":33276,"Municipio":"SESIMBRA"},"geometry":{"type":"Polygon","coordinates":[[[-9.12608069090764,38.5581943031332],[-9.12584154495479,38.5580692222942],[-9.1257431455019,38.5579768442201],[-9.12579395295202,38.5577476167386],[-9.12580287904367,38.5576119578518],[-9.12587748202973,38.5575435344681],[-9.12636802533311,38.5571156756371],[-9.12637895805284,38.5571149838293],[-9.12683167401016,38.5570863196099],[-9.12724171897594,38.5570828379463],[-9.12796446010786,38.5570597498056],[-9.12827384268098,38.5575825030011],[-9.1285668035003,38.5578924887265],[-9.12864940060748,38.5580125393608],[-9.12880413334232,38.5580811335807],[-9.12899036313216,38.5580859045784],[-9.12899176616892,38.5581875800044],[-9.12927581442307,38.558242361974],[-9.12937451112315,38.558355919836],[-9.12950601948479,38.5585009762924],[-9.12956416240306,38.5586085239441],[-9.12971613701695,38.5586725498777],[-9.12984422373912,38.5585697719374],[-9.1299255576411,38.5582075255214],[-9.13005286181163,38.5580482613388],[-9.13035797081093,38.5582603350987],[-9.13030494610913,38.5585884457591],[-9.12954375772403,38.5597360827557],[-9.12931893147402,38.5598022576506],[-9.12902745520288,38.5597962639851],[-9.1289288166235,38.559686941892],[-9.12854633733781,38.55934276427],[-9.12798041635294,38.5590001436968],[-9.12789245348093,38.5588822569223],[-9.12780402375483,38.5587304773574],[-9.12728996452402,38.5582348825022],[-9.12706160723328,38.5581097125379],[-9.1268028603761,38.5581288572228],[-9.12608069090764,38.5581943031332]]]}},{"type":"Feature","id":"CRUS_Sesimbra_V.33277","properties":{"AREA_HA":26.1581055867068,"Autor":"DGT","Categoria_2021":"Espaço Florestal","Classe_2021":"Solo Rústico","DTCC":"1511","Data_Pub_Origem":"1998-02-02T00:00:00","Designacao_no_plano":"Florestal","Escala_origem":"1/25000","Fonte":"CM - Raster","ID1":33277,"Municipio":"SESIMBRA"},"geometry":{"type":"Polygon","coordinates":[[[-9.17422969890524,38.474747242161],[-9.17677455300145,38.4738231013868],[-9.17715212272313,38.4736859834005],[-9.17747454308886,38.4739519136474],[-9.17824600345837,38.4737281039096],[-9.1781925620005,38.4741759804567],[-9.17938443132683,38.4758136556124],[-9.18100112710459,38.4778242749427],[-9.18164886728124,38.4791135810778],[-9.18162676043857,38.4796553680616],[-9.1809276796047,38.4810273690191],[-9.18092828483755,38.4811605896403],[-9.17983256746846,38.4810365167081],[-9.17915165982581,38.4805133186393],[-9.17635297790497,38.4777688538749],[-9.17586835597877,38.4769916512449],[-9.17519145611528,38.4760114733272],[-9.17470410035372,38.475590935326],[-9.17422969890524,38.474747242161]]]}},{"type":"Feature","id":"CRUS_Sesimbra_V.33278","properties":{"AREA_HA":81.0765737771959,"Autor":"DGT","Categoria_2021":"Espaço Agrícola","Classe_2021":"Solo Rústico","DTCC":"1511","Data_Pub_Origem":"1998-02-02T00:00:00","Designacao_no_plano":"Agrícola","Escala_origem":"1/25000","Fonte":"CM - Raster","ID1":33278,"Municipio":"SESIMBRA"},"geometry":{"type":"Polygon","coordinates":[[[-9.17915978528637,38.487030245975],[-9.17703801578897,38.4856926709656],[-9.17601471284721,38.4847755444666],[-9.17601042243269,38.4844778622651],[-9.17521041212208,38.4844519030961],[-9.17489584706014,38.4830653371958],[-9.17281444571691,38.4817275471902],[-9.17107354433754,38.4806513441664],[-9.16958421383995,38.4795067289284],[-9.16734415733168,38.4788318463592],[-9.1668034659946,38.478758064932],[-9.16662135924732,38.4780180392302],[-9.16661486274505,38.4780095315326],[-9.16612584072457,38.4773691312284],[-9.16548686959966,38.4765323460214],[-9.16548506658153,38.4765299846416],[-9.16519809034118,38.4763093960524],[-9.16491584263788,38.4763245716905],[-9.16547632066602,38.4747463846035],[-9.16749876631613,38.4749270230653],[-9.16769590618667,38.4739990378],[-9.16776776353879,38.4731383188393],[-9.16833224789856,38.4721635051053],[-9.16860190963229,38.4725914204905],[-9.16883171758028,38.4730674978927],[-9.16920227924369,38.4734626457579],[-9.16966122845264,38.4743669922221],[-9.170937182936,38.4756944001604],[-9.1714341831819,38.4762793874544],[-9.17213324298898,38.4771021864367],[-9.17291682334286,38.4780195764713],[-9.17345304107477,38.4786522934237],[-9.17354649700866,38.4795120589891],[-9.17478307574781,38.4795010680784],[-9.17460668374916,38.4785145450374],[-9.1745399085422,38.478100778702],[-9.17436879628022,38.4774807580104],[-9.17392374568177,38.4775484611335],[-9.17365151486989,38.4769452760373],[-9.17322319556894,38.4753553832213],[-9.17323787344974,38.4752908494823],[-9.17327511012002,38.475127126735],[-9.17392173934483,38.474561270212],[-9.17421855806347,38.4747512876878],[-9.17422969890524,38.474747242161],[-9.17470410035372,38.475590935326],[-9.17519145611528,38.4760114733272],[-9.17586835597877,38.4769916512449],[-9.17635297790497,38.4777688538749],[-9.17915165982581,38.4805133186393],[-9.17983256746846,38.4810365167081],[-9.18092828483755,38.4811605896403],[-9.18094136299445,38.4840413041019],[-9.18092532243579,38.4852314676129],[-9.18091247954129,38.4861843685482],[-9.18066738930152,38.4871647787947],[-9.17972842436787,38.4865489436088],[-9.17915978528637,38.487030245975]],[[-9.17322187405988,38.4802550401875],[-9.17297198226805,38.4805909639019],[-9.17369315148554,38.4809754697446],[-9.17396161316048,38.4810874968057],[-9.17460988537819,38.4814631104041],[-9.17539871444761,38.4823332591731],[-9.17615812078011,38.4820023292955],[-9.1760325803596,38.4817078805338],[-9.17577404356491,38.4814432185129],[-9.17487648044556,38.4806026430696],[-9.17437525741295,38.4803306027456],[-9.17343770899928,38.480081504189],[-9.17322187405988,38.4802550401875]]]}},{"type":"Feature","id":"CRUS_Sesimbra_V.33279","properties":{"AREA_HA":154.711463575349,"Autor":"DGT","Categoria_2021":"Espaço Florestal","Classe_2021":"Solo Rústico","DTCC":"1511","Data_Pub_Origem":"1998-02-02T00:00:00","Designacao_no_plano":"Florestal","Escala_origem":"1/25000","Fonte":"CM - Raster","ID1":33279,"Municipio":"SESIMBRA"},"geometry":{"type":"Polygon","coordinates":[[[-9.16921399743425,38.4933173438477],[-9.1706549068432,38.4912713653346],[-9.17163071199103,38.4900680811699],[-9.17198562944524,38.4893800091093],[-9.17033421422644,38.4886937930864],[-9.1688251296661,38.4880381515924],[-9.16733041734817,38.4869682227442],[-9.16622233483079,38.4860063647166],[-9.16668041860417,38.4854448264534],[-9.16667723366706,38.4852218553223],[-9.16634575340498,38.4847150682289],[-9.16583100786213,38.4841461819708],[-9.16476078817248,38.4829928336966],[-9.1628867777646,38.4821229081667],[-9.16263925830767,38.482008005152],[-9.16163980472516,38.482174279446],[-9.1607296854388,38.4811206588186],[-9.16280369308397,38.4807691533157],[-9.16315227562248,38.4807100715929],[-9.16509408764072,38.4803901773263],[-9.16547812084152,38.4803071081393],[-9.16683659131643,38.4788926734383],[-9.1668034659946,38.478758064932],[-9.16734415733168,38.4788318463592],[-9.16958421383995,38.4795067289284],[-9.17107354433754,38.4806513441664],[-9.17281444571691,38.4817275471902],[-9.17489584706014,38.4830653371958],[-9.17521041212208,38.4844519030961],[-9.17601042243269,38.4844778622651],[-9.17601471284721,38.4847755444666],[-9.17703801578897,38.4856926709656],[-9.17915978528637,38.487030245975],[-9.17884757612785,38.4884855129629],[-9.17904567577985,38.4885670824776],[-9.18067654703069,38.4888443723228],[-9.1807140887261,38.4890353661795],[-9.18048841597486,38.4900028238371],[-9.18026512192397,38.4911350907486],[-9.179544806688,38.4931195016445],[-9.17907841861198,38.4940184644087],[-9.1789657351823,38.4945139637716],[-9.1788964544989,38.49524847262],[-9.17814793396492,38.4959772707023],[-9.17555827468206,38.4964712960604],[-9.17409655238465,38.497614567629],[-9.17309489363045,38.4984490316059],[-9.17309355394706,38.4983558654848],[-9.17320639324731,38.4982742256618],[-9.17335343082342,38.4981922819672],[-9.1735442629549,38.4979845126675],[-9.17358689778925,38.4977780598106],[-9.17314855559384,38.4974235625523],[-9.17246992477047,38.4970084795611],[-9.17210114884972,38.4967339995146],[-9.17154960246116,38.4961699464657],[-9.17131749903761,38.4958852923685],[-9.17088283756968,38.4952559884704],[-9.17047721091993,38.4945308550027],[-9.17016741035834,38.4941274226662],[-9.16978264559797,38.493796331295],[-9.1693208631943,38.4933942427356],[-9.16921399743425,38.4933173438477]],[[-9.17522059745825,38.4869701173285],[-9.17493637131372,38.4882703526678],[-9.17700721216022,38.4879661804648],[-9.17674595872568,38.4877065862043],[-9.17622607438909,38.48631826624],[-9.17605793172323,38.4862126128251],[-9.17522059745825,38.4869701173285]]]}},{"type":"Feature","id":"CRUS_Sesimbra_V.33280","properties":{"AREA_HA":161.22269073583,"Autor":"DGT","Categoria_2021":"Espaço Agrícola","Classe_2021":"Solo Rústico","DTCC":"1511","Data_Pub_Origem":"1998-02-02T00:00:00","Designacao_no_plano":"Agrícola","Escala_origem":"1/25000","Fonte":"CM - Raster","ID1":33280,"Municipio":"SESIMBRA"},"geometry":{"type":"Polygon","coordinates":[[[-9.15505174818821,38.4862111046743],[-9.15493457246698,38.4857378162855],[-9.15314554625658,38.4819822741825],[-9.15092380723449,38.4811084368029],[-9.14987956031655,38.480919025391],[-9.14968184255929,38.4803252992622],[-9.1498849806092,38.4790582188758],[-9.15034929156051,38.4784091239265],[-9.14996362362606,38.4779162693757],[-9.14865443180694,38.4768359815275],[-9.14734806104647,38.4759541354867],[-9.14557565671423,38.4755973170892],[-9.14529279389365,38.4754311184408],[-9.1455451844269,38.4753258288375],[-9.14543335341165,38.4749738209132],[-9.14589981029823,38.4746924518567],[-9.14528052556318,38.4739834519884],[-9.14475075707897,38.4743241946567],[-9.14452291319691,38.474425470025],[-9.14389413377672,38.4732713013177],[-9.14325848584942,38.4726642158201],[-9.14197009496568,38.4715846466153],[-9.1412476027753,38.4708167798485],[-9.14081267824167,38.4703545298088],[-9.14070664739283,38.4695635840032],[-9.14060935013379,38.4694000724984],[-9.14198072091544,38.4683261466842],[-9.14303795878657,38.4692649920489],[-9.14362106351145,38.4694122324682],[-9.14420268217551,38.4694528944557],[-9.14421141663435,38.4686914730819],[-9.14432293370979,38.4683555187356],[-9.14447360573152,38.4680496795227],[-9.14470046342712,38.4676518204964],[-9.14493536292007,38.4674157032311],[-9.14515885207366,38.4671910542941],[-9.14550317164612,38.4668835405312],[-9.14644653239492,38.4664794835179],[-9.14710260448724,38.4663063104016],[-9.14770207121833,38.4662402122804],[-9.14836091315306,38.4662649582267],[-9.14795083092176,38.4660248806998],[-9.14716855096362,38.465483485799],[-9.14671974684079,38.4652437399834],[-9.14620944398921,38.4647608923771],[-9.14587428070427,38.4643374368715],[-9.14556338157293,38.4642639901455],[-9.14474666403786,38.4640274149969],[-9.1436786377434,38.4638234565893],[-9.14342583659026,38.4637495029492],[-9.14332731540029,38.4636285365981],[-9.14344095350001,38.4634448338857],[-9.14364950022542,38.4631232696877],[-9.14373463520463,38.4622850542028],[-9.14483359397295,38.4631490164622],[-9.14597638894532,38.4636353448546],[-9.14721385628008,38.4641208424421],[-9.14844612133847,38.4642342201107],[-9.14962782284531,38.4652411894065],[-9.15141987570904,38.4670119586608],[-9.15286247843777,38.4686120703756],[-9.1540737689679,38.4694698754452],[-9.15528228500075,38.4701292096877],[-9.15654446482628,38.4701181887757],[-9.15783538989331,38.4699084214902],[-9.158810412062,38.4696765969895],[-9.15966519020215,38.4698675904207],[-9.16052666271242,38.4705299110764],[-9.16072162463205,38.47092516338],[-9.16076233542571,38.4715698699911],[-9.16117607412553,38.4718143416509],[-9.16251091520908,38.4724724917095],[-9.16477256295142,38.4739412020218],[-9.16547632066602,38.4747463846035],[-9.16491584263788,38.4763245716905],[-9.16448906138938,38.4763475161357],[-9.1644699094767,38.4763517123518],[-9.16388274816638,38.4764803486115],[-9.1626860786242,38.4764430621837],[-9.16181284099865,38.4763391757939],[-9.16020442306876,38.4758592449466],[-9.15849038448895,38.4750774128228],[-9.15661128959509,38.4740898172353],[-9.15542524172448,38.4727744953134],[-9.15531377883286,38.4726508805075],[-9.15373052276664,38.4710709869118],[-9.15297044787248,38.4703604417689],[-9.15280088721784,38.4698359967359],[-9.15236917664161,38.4694094552872],[-9.15163455688661,38.4690652306473],[-9.1503399226299,38.4678174558904],[-9.14938259831015,38.4674910880264],[-9.14834174995455,38.4669901292816],[-9.14720671704368,38.4669999608629],[-9.14660111716919,38.4671805089591],[-9.14583670851143,38.4676014826475],[-9.14568224511105,38.4677880528684],[-9.14535828121972,38.4681793508533],[-9.14518633142749,38.4689298764319],[-9.14533823989051,38.469645729673],[-9.14522999137155,38.4706028854062],[-9.14578373058469,38.4710602731546],[-9.14636608703991,38.4715500961976],[-9.1468121417877,38.471916772196],[-9.14710785036495,38.4724042757467],[-9.14749812773368,38.4731300140552],[-9.14838904805815,38.4726919966918],[-9.14896479264713,38.4723873745413],[-9.14904178283917,38.4723479137159],[-9.14918619610364,38.4722738952146],[-9.1495305611976,38.4722549701766],[-9.14986047473796,38.4726505325769],[-9.14988084639861,38.472679504621],[-9.15015007569844,38.4730623805124],[-9.15067318137788,38.4742212383046],[-9.15135712355102,38.475283072939],[-9.15209965730912,38.4761850243629],[-9.1530435751337,38.4769895950288],[-9.15388098658471,38.4774285356701],[-9.15480264389344,38.4780898531229],[-9.15570539672968,38.4788469505784],[-9.15589234690192,38.4791640573787],[-9.15653654532225,38.4802740193723],[-9.15748214492401,38.4811900972642],[-9.15807636187881,38.4816311338977],[-9.15934946129881,38.481333121079],[-9.1600779096505,38.4812311140139],[-9.1607296854388,38.4811206588186],[-9.16163980472516,38.482174279446],[-9.16132518283225,38.4822266194921],[-9.16045355772058,38.4836359760873],[-9.15939689194289,38.4862893709477],[-9.15868909461628,38.4878247057433],[-9.15739042935298,38.4877086428919],[-9.15669786795174,38.4874598416601],[-9.15624554277639,38.487001867812],[-9.15528192013909,38.4862138560465],[-9.15505174818821,38.4862111046743]]]}},{"type":"Feature","id":"CRUS_Sesimbra_V.33281","properties":{"AREA_HA":21.7251904157348,"Autor":"DGT","Categoria_2021":"Espaço Florestal","Classe_2021":"Solo Rústico","DTCC":"1511","Data_Pub_Origem":"1998-02-02T00:00:00","Designacao_no_plano":"Agrícola/Florestal","Escala_origem":"1/25000","Fonte":"CM - Raster","ID1":33281,"Municipio":"SESIMBRA"},"geometry":{"type":"Polygon","coordinates":[[[-9.17032132570192,38.469500370235],[-9.16979320183812,38.4690358802472],[-9.17059736928328,38.4690421161423],[-9.17055556744578,38.4686450240809],[-9.1704136861619,38.4679838418591],[-9.17030574528271,38.4671709456879],[-9.17016075246167,38.4662921325276],[-9.1701512661154,38.4656297784225],[-9.17010379146831,38.4654451532113],[-9.16999830767196,38.4650349372913],[-9.17003113647357,38.4639652817952],[-9.17024003898437,38.4634240188076],[-9.17039161183661,38.4630819939601],[-9.17061593259137,38.4627771781696],[-9.17083808202215,38.4623209669857],[-9.17127685061786,38.4618628349266],[-9.17194548758856,38.4614878350541],[-9.17266619492468,38.4613868073285],[-9.17308726227131,38.4613736068245],[-9.17360097309857,38.461529766646],[-9.17360672323723,38.4616310286003],[-9.17357951796556,38.464205317092],[-9.17324202509847,38.4645447909603],[-9.17271849063277,38.4653401582923],[-9.17296003787805,38.4659397593347],[-9.17302914208651,38.4661112969257],[-9.17328527969943,38.4675558717985],[-9.1736196425407,38.4678223908242],[-9.17320415734919,38.468407039825],[-9.17265723014496,38.4688851379273],[-9.171865742096,38.469100385593],[-9.17032132570192,38.469500370235]]]}},{"type":"Feature","id":"CRUS_Sesimbra_V.33282","properties":{"AREA_HA":302.063326050705,"Autor":"DGT","Categoria_2021":"Espaço Florestal","Classe_2021":"Solo Rústico","DTCC":"1511","Data_Pub_Origem":"1998-02-02T00:00:00","Designacao_no_plano":"Agrícola/Florestal","Escala_origem":"1/25000","Fonte":"CM - Raster","ID1":33282,"Municipio":"SESIMBRA"},"geometry":{"type":"Polygon","coordinates":[[[-9.15966519020215,38.4698675904207],[-9.158810412062,38.4696765969895],[-9.15783538989331,38.4699084214902],[-9.15654446482628,38.4701181887757],[-9.15528228500075,38.4701292096877],[-9.1540737689679,38.4694698754452],[-9.15286247843777,38.4686120703756],[-9.15141987570904,38.4670119586608],[-9.14962782284531,38.4652411894065],[-9.14844612133847,38.4642342201107],[-9.14721385628008,38.4641208424421],[-9.14597638894532,38.4636353448546],[-9.14483359397295,38.4631490164622],[-9.14373463520463,38.4622850542028],[-9.14371102210551,38.4619807191599],[-9.1425290203105,38.4605443512446],[-9.14164069346613,38.4593338475924],[-9.14132240321051,38.4587275103105],[-9.140852390986,38.4583508802272],[-9.14042301464858,38.4581109425417],[-9.13975874815701,38.4576902980785],[-9.13927150211639,38.4574660791406],[-9.13884171452966,38.4571956848303],[-9.13849001478099,38.456970299752],[-9.13809409908087,38.4563493918336],[-9.13727954944859,38.4548641348364],[-9.13688281206643,38.4541823218585],[-9.13636864713251,38.4534101511012],[-9.13577894255855,38.4527756674649],[-9.13505540281496,38.4522641408335],[-9.13476245483217,38.4520839227262],[-9.13481632890512,38.4517789226415],[-9.13540241809366,38.4507537036964],[-9.13455600108755,38.449755962103],[-9.13450612703603,38.4489493583913],[-9.13461176722015,38.4481871072112],[-9.13484009315912,38.4478958422564],[-9.13555581400789,38.4468708657506],[-9.13690821234198,38.4477149983711],[-9.13920510914699,38.4496410484194],[-9.14077458013296,38.4506104654345],[-9.14139368593938,38.4511066217733],[-9.14288698087839,38.4520967242486],[-9.14414082244308,38.4523767697281],[-9.14550748958758,38.4528196449889],[-9.14612374826616,38.453108520976],[-9.14930788977902,38.4546054489229],[-9.15270374633755,38.4566353603809],[-9.15284287392722,38.4567000520981],[-9.15592218679061,38.4581318085091],[-9.15865703014779,38.4590974877514],[-9.1595775959528,38.4592498992205],[-9.16168855149798,38.4593918576068],[-9.16315140225816,38.4594057498442],[-9.16492263830641,38.4595773819398],[-9.1663117483799,38.4591906998072],[-9.16824004413743,38.4584515448562],[-9.16974140329841,38.4576454095462],[-9.1695747706847,38.4581493219466],[-9.16937398507876,38.4584160732624],[-9.16901230228973,38.4592141998549],[-9.16886939110159,38.4601618045594],[-9.16903693470471,38.46093632342],[-9.16910360315259,38.4613899774775],[-9.16890038175292,38.462328652083],[-9.1685961422049,38.4629370004197],[-9.16824659907446,38.4637444791643],[-9.16784931317172,38.4645807698116],[-9.16761226007991,38.4656806188639],[-9.16844175011778,38.4672915327101],[-9.16888789610412,38.4690288540385],[-9.16850076027271,38.4697714681605],[-9.16836639608059,38.4702985763596],[-9.16831994303922,38.471303016801],[-9.16833224789856,38.4721635051053],[-9.16776776353879,38.4731383188393],[-9.16769590618667,38.4739990378],[-9.16749876631613,38.4749270230653],[-9.16547632066602,38.4747463846035],[-9.16477256295142,38.4739412020218],[-9.16251091520908,38.4724724917095],[-9.16117607412553,38.4718143416509],[-9.16076233542571,38.4715698699911],[-9.16072162463205,38.47092516338],[-9.16052666271242,38.4705299110764],[-9.15966519020215,38.4698675904207]],[[-9.16302778773535,38.4651447401628],[-9.16325011982632,38.4657316199969],[-9.1636773183671,38.4656773910429],[-9.16568276801043,38.4652559586381],[-9.16604553378423,38.4651854643059],[-9.16642825527189,38.4650138509415],[-9.16708887730648,38.4648229590172],[-9.16579631284137,38.4627145574726],[-9.16521793073922,38.4626691833658],[-9.16294839353053,38.4625713897476],[-9.16302778773535,38.4651447401628]],[[-9.15918391337724,38.4667038346998],[-9.15904195109409,38.4657461186464],[-9.15865916126688,38.4644035632958],[-9.15850034167307,38.4637656470453],[-9.15935806003071,38.4631377566917],[-9.15982943267934,38.4624270243648],[-9.16006368373523,38.4619707271789],[-9.16000838974633,38.4614664956735],[-9.15977391005909,38.4607745666718],[-9.15949594578526,38.460411083468],[-9.1588325325563,38.4600257394133],[-9.15853942355176,38.4597254766906],[-9.15789438778149,38.4595039986295],[-9.15726575699306,38.4593076093051],[-9.1566369524155,38.4590986011325],[-9.15573751676938,38.4590433667508],[-9.1554486985129,38.4590458875976],[-9.15501831981005,38.4592515286113],[-9.1543707736379,38.4599890137963],[-9.15397799054432,38.4605854789794],[-9.15389021056714,38.462327514012],[-9.15403574358015,38.4637282005549],[-9.15332599430486,38.4640463596641],[-9.15196449841734,38.464613396048],[-9.15244364279013,38.4667290334371],[-9.15541035016756,38.4661816404052],[-9.15578144798165,38.4666999410088],[-9.15621531379687,38.4671167484417],[-9.15684246539496,38.4675823365752],[-9.15918391337724,38.4667038346998]]]}},{"type":"Feature","id":"CRUS_Sesimbra_V.33283","properties":{"AREA_HA":1538.45935709722,"Autor":"DGT","Categoria_2021":"Espaço Agrícola","Classe_2021":"Solo Rústico","DTCC":"1511","Data_Pub_Origem":"1998-02-02T00:00:00","Designacao_no_plano":"Agrícola","Escala_origem":"1/25000","Fonte":"CM - Raster","ID1":33283,"Municipio":"SESIMBRA"},"geometry":{"type":"Polygon","coordinates":[[[-9.18052838084387,38.460537483445],[-9.17914020167976,38.4592376283405],[-9.17745135122184,38.4578563170971],[-9.17619599841774,38.4568580703401],[-9.17541471034939,38.4560911271745],[-9.17300841994443,38.4568864088343],[-9.17254762792926,38.4563867954637],[-9.16974140329841,38.4576454095462],[-9.16824004413743,38.4584515448562],[-9.1663117483799,38.4591906998072],[-9.16492263830641,38.4595773819398],[-9.16315140225816,38.4594057498442],[-9.16168855149798,38.4593918576068],[-9.1595775959528,38.4592498992205],[-9.15865703014779,38.4590974877514],[-9.15592218679061,38.4581318085091],[-9.15284287392722,38.4567000520981],[-9.15270374633755,38.4566353603809],[-9.14930788977902,38.4546054489229],[-9.14612374826616,38.453108520976],[-9.14550748958758,38.4528196449889],[-9.14414082244308,38.4523767697281],[-9.14288698087839,38.4520967242486],[-9.14139368593938,38.4511066217733],[-9.14077458013296,38.4506104654345],[-9.13920510914699,38.4496410484194],[-9.13690821234198,38.4477149983711],[-9.13555581400789,38.4468708657506],[-9.13559955001936,38.4468082307219],[-9.13598105999047,38.4463938380638],[-9.13655047221992,38.4455667055377],[-9.13756281694154,38.4445682770744],[-9.13861427514864,38.4435999585084],[-9.13823709566299,38.4429700054532],[-9.13858927103912,38.4426422841593],[-9.13916813282525,38.4425721688417],[-9.13938865743659,38.442545456285],[-9.13940023727548,38.4425055969162],[-9.14016162825826,38.4422872141775],[-9.14113641697626,38.4421958435703],[-9.1419280086044,38.4422097774],[-9.14258974009904,38.4423700547281],[-9.1440900353766,38.4421288998323],[-9.14584799951148,38.4414498100501],[-9.14650876135248,38.4410404792902],[-9.14654441839924,38.4425114807767],[-9.14970827917222,38.4425653685856],[-9.15187831670072,38.4425140005918],[-9.15464804900097,38.4424736252126],[-9.15669405074717,38.442423249422],[-9.15564400530109,38.4390276062844],[-9.15594316788476,38.4389969432424],[-9.15600060282458,38.4393283955119],[-9.15701196115465,38.4418299632311],[-9.15750387270845,38.4436410441649],[-9.15756852349008,38.4438790623251],[-9.15799056035488,38.4438753712971],[-9.15851751838271,38.4438292656752],[-9.16063907224493,38.4427525767013],[-9.16401718613632,38.4410008922704],[-9.16419827875277,38.4407503332439],[-9.1635342844024,38.4385777275049],[-9.16389852288676,38.4382218231305],[-9.16626755367624,38.4378690039311],[-9.16698133209199,38.4378327444555],[-9.16705660226906,38.4380767542686],[-9.16421698244304,38.4388043559854],[-9.16494781058051,38.4408387414649],[-9.16926227607245,38.4391278632339],[-9.16867279877413,38.438062480936],[-9.16945789900979,38.4378288539988],[-9.1726451123095,38.4354424926925],[-9.1708519389524,38.4339011769137],[-9.17160933406446,38.4332781608693],[-9.17328025854987,38.4320807538973],[-9.17321947749394,38.4315211210727],[-9.17263243735985,38.4310491469985],[-9.17351838409971,38.4302943866264],[-9.17618029179605,38.4283204916165],[-9.17683613331168,38.4278173119268],[-9.17758341084149,38.4284086805142],[-9.17709374619717,38.4287392407701],[-9.17600367237025,38.4294640719068],[-9.17464448252531,38.4303313822817],[-9.17348507349207,38.431044260487],[-9.17432852869649,38.4320237229568],[-9.17321353874711,38.4328700272312],[-9.17351579755104,38.4331851768754],[-9.17373132133956,38.4333839991338],[-9.17405340839004,38.4335986027169],[-9.17439964529221,38.4340137269137],[-9.17625407462201,38.4328262702893],[-9.17754317633012,38.4337348280595],[-9.17908301918718,38.4353709832659],[-9.17718267692228,38.4369332207553],[-9.17662623339146,38.437480672635],[-9.17532452399207,38.4385279314853],[-9.17410424811997,38.4394264986428],[-9.17296037423317,38.438368104886],[-9.17227566675845,38.4387194039511],[-9.17136341867179,38.4392371076689],[-9.16958044766897,38.4402556873197],[-9.16808720258533,38.44107441047],[-9.1661174477361,38.4421932235519],[-9.16555830399099,38.4425598146553],[-9.16620896903068,38.4442144423938],[-9.16674132669527,38.4449001952214],[-9.1678814710455,38.4442325611767],[-9.1709307590387,38.4425945459589],[-9.17310661448847,38.441276552664],[-9.1750353822249,38.4402237438817],[-9.17668956735427,38.4389760798957],[-9.17828052502433,38.4376960773069],[-9.17908560286006,38.4369984445552],[-9.17991156209158,38.4363006206168],[-9.18109276901683,38.4355996130962],[-9.18225305540911,38.4348987819301],[-9.18353727551954,38.4340981921615],[-9.18370016633419,38.4338008250769],[-9.18414775299355,38.4329584095031],[-9.184442190513,38.4326445661434],[-9.18501196918673,38.4329403460614],[-9.18455167793566,38.4334630462398],[-9.18517392541814,38.4338422053082],[-9.18590991972813,38.4332668416017],[-9.18721905927532,38.4326194068175],[-9.18931201165997,38.4317641587459],[-9.19072887480439,38.4312160813512],[-9.1913025026841,38.4311774464659],[-9.1911018560011,38.4305435936269],[-9.19033718806766,38.4305669815685],[-9.19020464748059,38.4302673152209],[-9.18936295188819,38.4294217762954],[-9.18940230997995,38.4292039570571],[-9.18970023511048,38.4292179984665],[-9.19061625154648,38.4293268318383],[-9.19133895062222,38.4293035788544],[-9.19180551534719,38.4292157242024],[-9.19235346607258,38.4288762117455],[-9.1935766838868,38.4281792986181],[-9.1921332736682,38.4269042944915],[-9.19114788561888,38.42641135532],[-9.188679933072,38.4277885839096],[-9.18737283878894,38.4285698409805],[-9.18394190320558,38.4310094960865],[-9.18310686416682,38.4320875758273],[-9.18166052651309,38.4329478152668],[-9.18027110782032,38.4337000071827],[-9.17887315461529,38.4324137915194],[-9.17850705486452,38.432685139544],[-9.17846240972034,38.4325891248849],[-9.17779623361321,38.4321099529876],[-9.17861153705272,38.4311324553161],[-9.17873839444616,38.4310811390739],[-9.17903849871867,38.4312457409113],[-9.179789283004,38.4304444842545],[-9.18038709289256,38.430113980453],[-9.18109599002436,38.4298897976511],[-9.18160461812839,38.4294962390126],[-9.18287695435014,38.4285667873154],[-9.18546288938175,38.4268319539311],[-9.18691290352477,38.4258853017599],[-9.18846199311235,38.4249533003512],[-9.18952431680819,38.4245547193514],[-9.19099468959685,38.4236545151455],[-9.19334247850505,38.4218905371202],[-9.19392508429858,38.421153928084],[-9.19511482049131,38.4200072466994],[-9.1958489904476,38.4188180046224],[-9.19712521092796,38.4168302588479],[-9.19802254160738,38.4159818483239],[-9.19950714903425,38.4147235202141],[-9.20001534322348,38.4143143247759],[-9.20111401699682,38.4137130232903],[-9.20229199831407,38.4131265489389],[-9.20379484336211,38.413112828092],[-9.20427011399967,38.413155165893],[-9.20524434184612,38.4135041458011],[-9.20617902968758,38.4138534786994],[-9.20671731484626,38.4141441953243],[-9.20793416429987,38.4148488164965],[-9.20918280605263,38.4155963582669],[-9.20958501330849,38.4161041009085],[-9.21035386847061,38.4178505311613],[-9.20980406229611,38.4183487543532],[-9.20883883549739,38.4190151786698],[-9.20916437302198,38.4190487211396],[-9.21004731739847,38.4190954074819],[-9.21032778380913,38.4192206877937],[-9.21091193314605,38.4194710346482],[-9.21117054613601,38.4196878425826],[-9.21119870822176,38.419927476747],[-9.21096849916372,38.4199272423876],[-9.21095328227586,38.4210123721691],[-9.21052591921851,38.4216616320512],[-9.20914786809121,38.422674334094],[-9.20852111599803,38.4238582156179],[-9.20877544474502,38.4245682377868],[-9.20922557736092,38.4255641441421],[-9.20956766555718,38.4274925838911],[-9.20966395709677,38.4292862881258],[-9.20967432974968,38.4299848498026],[-9.20943001053967,38.4311241240889],[-9.20861733445129,38.432693288994],[-9.20787184201351,38.4340974418229],[-9.2074336914119,38.4350877990076],[-9.20590167359464,38.4374854859122],[-9.20498699276187,38.4392336483656],[-9.20399935829293,38.4419414088582],[-9.20400643405897,38.4435989383552],[-9.20335329082044,38.4453720937647],[-9.20216442498202,38.4474378159074],[-9.20155174187424,38.4484160425062],[-9.20073063392504,38.4494372627722],[-9.20033829659057,38.450002501486],[-9.19953457173307,38.451023554934],[-9.19780109880885,38.4527928084399],[-9.19618485158016,38.4542458922],[-9.19518659883575,38.4550768934981],[-9.1948444386807,38.4555046668571],[-9.19442701802097,38.4567413690788],[-9.19358491636331,38.4587216666858],[-9.19341755566931,38.4591464155391],[-9.19386905778743,38.4596527193461],[-9.19082679981542,38.4624062632999],[-9.18924591287108,38.4609628908747],[-9.18864192340211,38.4612432479893],[-9.18799407124959,38.4616435236632],[-9.18746469922704,38.4619761189527],[-9.18666294018363,38.4612488891195],[-9.18626845258317,38.4606904601187],[-9.18565235290822,38.460138202695],[-9.18498125091199,38.4599848603639],[-9.18455565972505,38.4599886810289],[-9.18362711062977,38.4602520032954],[-9.18300185707877,38.4604647900665],[-9.1824203648311,38.4609002985317],[-9.18095912262826,38.4621724014112],[-9.1794952963393,38.4632692016186],[-9.17828731407394,38.4638377803733],[-9.17704849717315,38.4642999747737],[-9.17643849024643,38.4636247026722],[-9.17736024289346,38.4634089955153],[-9.1783626535754,38.4631813452941],[-9.17904364903108,38.462922910086],[-9.17989190603149,38.4623937940186],[-9.18043868218583,38.4617327772838],[-9.18119987705677,38.4611034882668],[-9.18052838084387,38.460537483445]],[[-9.16658433867907,38.4548477517378],[-9.16544651238139,38.4530744533573],[-9.16404301328277,38.453675648315],[-9.16316951782131,38.4539356892263],[-9.16276712771271,38.454225232586],[-9.16254424238114,38.4551020323296],[-9.16249894979145,38.456431516316],[-9.16688983721054,38.4552656528386],[-9.16658433867907,38.4548477517378]]]}},{"type":"Feature","id":"CRUS_Sesimbra_V.33284","properties":{"AREA_HA":626.301070125377,"Autor":"DGT","Categoria_2021":"Espaço Agrícola","Classe_2021":"Solo Rústico","DTCC":"1511","Data_Pub_Origem":"1998-02-02T00:00:00","Designacao_no_plano":"Agrícola","Escala_origem":"1/25000","Fonte":"CM - Raster","ID1":33284,"Municipio":"SESIMBRA"},"geometry":{"type":"Polygon","coordinates":[[[-9.06608983371484,38.5391068226182],[-9.07106316968706,38.5394043860531],[-9.07254199167078,38.5392776241677],[-9.07503869703895,38.537837543878],[-9.07371970076537,38.5361502974755],[-9.07275685661716,38.5346453987769],[-9.07176598659995,38.5340050765007],[-9.06874299088543,38.531220100437],[-9.06625457986012,38.5302521175871],[-9.06492518006491,38.5277313601248],[-9.06791033949287,38.5276149543045],[-9.06941831459816,38.5287450974287],[-9.07325921925591,38.5309678325892],[-9.07554965340277,38.5318137797192],[-9.07919078190518,38.5337600946405],[-9.08095591960987,38.5334988582538],[-9.08508130339088,38.5334036473784],[-9.08987144982077,38.5330559011806],[-9.08977814060414,38.5319453438375],[-9.09067417848681,38.531351489246],[-9.0911469572737,38.5314402312529],[-9.09114122640255,38.5310080984164],[-9.09089276591811,38.5300531610838],[-9.09048549780235,38.5289760418449],[-9.08981421957931,38.5287345682257],[-9.08904883832852,38.527320798863],[-9.08906730400701,38.5257462768023],[-9.08747602093997,38.5242774958731],[-9.08746623680974,38.5235366948734],[-9.08720481138195,38.5215940119288],[-9.08680905393301,38.5213811461867],[-9.08707308514212,38.5205455035431],[-9.08706738086095,38.5201133693865],[-9.08657513542168,38.5185430052496],[-9.08594122181462,38.5181468538672],[-9.0843611405198,38.5175114290076],[-9.08259153843505,38.5174023113004],[-9.08203906990396,38.5172215690794],[-9.08336716014245,38.5166242674393],[-9.08338696916035,38.5151423419096],[-9.08217714889013,38.5127751555906],[-9.07944783582079,38.5113772188019],[-9.07879908441948,38.5098389535911],[-9.08402186171854,38.5096423086503],[-9.08315430576682,38.5064079858436],[-9.08181222249791,38.5029305387354],[-9.08020340599921,38.5000726345635],[-9.07983292489387,38.4987790830839],[-9.07980423914246,38.4965875304711],[-9.08043394865755,38.4936806398273],[-9.08116036199825,38.4921621208014],[-9.08140412899628,38.4897831399843],[-9.0815017187469,38.4882388382793],[-9.08153171084731,38.4845341652843],[-9.08228190058338,38.4848367907547],[-9.08348469745387,38.4837157080459],[-9.08470612843714,38.4840144933774],[-9.08441956035963,38.4861159984265],[-9.08498397855167,38.4872227413778],[-9.08472653127067,38.4885522538029],[-9.08514119118357,38.4902158756996],[-9.08453159032615,38.4946352694088],[-9.08233782096694,38.4980796627045],[-9.08287599736982,38.5001744718948],[-9.08455739076972,38.502568695956],[-9.08568732722425,38.5048439019069],[-9.08628753590075,38.5056725121695],[-9.08714725922521,38.5053259396893],[-9.08767397712771,38.503562049215],[-9.08781316937108,38.5022026283108],[-9.08876498713307,38.4999104729078],[-9.08919144736923,38.4965112728227],[-9.08950331190112,38.4933599673861],[-9.08982004920129,38.490579062626],[-9.09036994750689,38.4876110280174],[-9.09061544246478,38.4853863647734],[-9.0911816193166,38.4836530016027],[-9.09215232253328,38.4828115606205],[-9.09295487372197,38.4811379936069],[-9.09234293463719,38.4794142723797],[-9.09276689168241,38.4785921236007],[-9.09311909461483,38.4780397041504],[-9.092968676088,38.4772401880335],[-9.09319729560245,38.4764061634696],[-9.09326843359577,38.4757461405045],[-9.09352805527085,38.4757440120679],[-9.09394536049049,38.4755835799923],[-9.09426114249134,38.4752983717641],[-9.09449495400221,38.4748568257666],[-9.09450178828183,38.4738676096874],[-9.09358190023349,38.4737809502223],[-9.09358132886748,38.4737378872365],[-9.09357748909826,38.4734484872818],[-9.09357739888147,38.473441687673],[-9.09695368907954,38.4733331045963],[-9.09665712852821,38.4737399925883],[-9.09602705637498,38.4744203151938],[-9.09489624513324,38.4749948406659],[-9.09489853967646,38.4751675320596],[-9.09527840113824,38.4751958143436],[-9.09524993667969,38.4760596010274],[-9.09527122278513,38.47766092384],[-9.09465919920025,38.4781997814915],[-9.09440790821549,38.4788298826222],[-9.09417929678078,38.4796639091166],[-9.09459975138665,38.4797389628163],[-9.09452465988419,38.4801007008074],[-9.09488791369461,38.480380335852],[-9.09559863262578,38.4812537504197],[-9.09570434118626,38.4816925084311],[-9.09475405775563,38.4838356418823],[-9.0947384663229,38.4841654893536],[-9.09497693725205,38.4842113587692],[-9.09419524066163,38.4858200982139],[-9.09360367335886,38.4876887873112],[-9.09359344439297,38.4876886306756],[-9.09307607277602,38.4887776761778],[-9.09313480010124,38.4891698294886],[-9.09273002113298,38.4937966260216],[-9.09227346753188,38.4978752301015],[-9.09059347033925,38.5015316563555],[-9.08954140388124,38.5051520600269],[-9.08968497567762,38.5070957058085],[-9.08931704927708,38.5089817879402],[-9.08885625462664,38.5097881727199],[-9.08844166773641,38.5111189698889],[-9.08834336077016,38.5121786965983],[-9.08830410512798,38.5126018573571],[-9.08832123593138,38.5138982618296],[-9.08797948207584,38.514796281471],[-9.08787589195773,38.515877579015],[-9.08840294817369,38.5171080842819],[-9.08931841742006,38.5179958438536],[-9.09081872572985,38.5215027693191],[-9.09130249050769,38.5224249127501],[-9.09328180460487,38.5235200198918],[-9.09479829923438,38.5252671658664],[-9.095365660087,38.5265590453993],[-9.09558145161765,38.5280081614352],[-9.09534750432078,38.5310970845705],[-9.09563408996305,38.5319590889814],[-9.09588015162778,38.5327288153074],[-9.09818586311699,38.5317528630482],[-9.09969769678283,38.5331295402323],[-9.10183279326884,38.5343929843803],[-9.10095789297549,38.5371338719952],[-9.09991251820073,38.5376555420671],[-9.09961103954883,38.5382660453746],[-9.09799820125043,38.5382988425352],[-9.09638650703292,38.5382812442406],[-9.09643280595525,38.5388056518193],[-9.09561902727687,38.5396767039174],[-9.09480646221432,38.5406403498094],[-9.09332739414697,38.5417329380619],[-9.08992411321914,38.5429647303327],[-9.08703246724133,38.5442539954423],[-9.08417798797181,38.5453885377142],[-9.08192600124755,38.5455148552123],[-9.07857370276573,38.5456654572449],[-9.07594453441886,38.5453163916736],[-9.0730677486544,38.5437096428475],[-9.07228627378712,38.5436323313226],[-9.07226765008071,38.5437758450818],[-9.07215459525776,38.5436980420534],[-9.07096296825209,38.542975082766],[-9.06993998952552,38.5423681330073],[-9.06865722120101,38.5415567944746],[-9.06705769762104,38.5406304156543],[-9.0670137813083,38.5406135612383],[-9.06696845974155,38.5405945596521],[-9.0663633678611,38.5407660461642],[-9.06516650192918,38.5410569265316],[-9.06391251058104,38.5413659067452],[-9.06289974033246,38.5416325031446],[-9.0610297833016,38.5421090425846],[-9.06058454116783,38.5422170729835],[-9.06027098883296,38.5423530616243],[-9.0598780365973,38.5425228290523],[-9.05891393959165,38.5429464716628],[-9.05833751919002,38.5432009221621],[-9.05789820081284,38.5433961786439],[-9.05731130365449,38.5436570225066],[-9.05689963624959,38.5438348522131],[-9.05598743509129,38.544238690954],[-9.05542992145224,38.544493071814],[-9.05516460719553,38.5446096369606],[-9.05454453353848,38.5439202719614],[-9.05487262903305,38.5437950389855],[-9.05556543670265,38.5435225233773],[-9.05637157640913,38.543249109966],[-9.05742302041982,38.5428038428753],[-9.05759558061414,38.5427307661083],[-9.05844978747731,38.5424188073368],[-9.05977009006819,38.5418360952819],[-9.06075282142828,38.541446799368],[-9.06183186677378,38.5409931459846],[-9.06241063298271,38.5406706262103],[-9.0630714915559,38.5404364714041],[-9.06353839110511,38.54022928823],[-9.06526221768738,38.5395542859863],[-9.06579402855302,38.5393592947675],[-9.06608397229381,38.5392425300414],[-9.06609868362176,38.5391279591853],[-9.06608983371484,38.5391068226182]]]}},{"type":"Feature","id":"CRUS_Sesimbra_V.33285","properties":{"AREA_HA":110.414711711442,"Autor":"DGT","Categoria_2021":"Espaço Florestal","Classe_2021":"Solo Rústico","DTCC":"1511","Data_Pub_Origem":"1998-02-02T00:00:00","Designacao_no_plano":"Florestal","Escala_origem":"1/25000","Fonte":"CM - Raster","ID1":33285,"Municipio":"SESIMBRA"},"geometry":{"type":"Polygon","coordinates":[[[-9.09223440857615,38.5524962471686],[-9.09208100470354,38.5502964723221],[-9.09217611582989,38.5481085909607],[-9.09210218163661,38.5465489703304],[-9.0919756210079,38.5463689094921],[-9.09144000928949,38.5461086145438],[-9.09097885776255,38.5461123886539],[-9.09000353068764,38.5461342950783],[-9.08785814045839,38.5462075341537],[-9.08704244066287,38.5462281139674],[-9.0855878533203,38.546226027405],[-9.08391926224584,38.5462425144531],[-9.08131179152116,38.5462497325874],[-9.08049652287351,38.5461976871275],[-9.07886383826898,38.5461412353438],[-9.07763837039137,38.5460257532068],[-9.07594453441886,38.5453163916736],[-9.07857370276573,38.5456654572449],[-9.08192600124755,38.5455148552123],[-9.08417798797181,38.5453885377142],[-9.08703246724133,38.5442539954423],[-9.08992411321914,38.5429647303327],[-9.09332739414697,38.5417329380619],[-9.09480646221432,38.5406403498094],[-9.09561902727687,38.5396767039174],[-9.09643280595525,38.5388056518193],[-9.09638650703292,38.5382812442406],[-9.09799820125043,38.5382988425352],[-9.09961103954883,38.5382660453746],[-9.09865338058744,38.5402052578098],[-9.09859314585771,38.5437608087677],[-9.09884376857956,38.546382707996],[-9.10007457856363,38.5497583098234],[-9.10121389815496,38.55049984047],[-9.10082848121822,38.5517807819349],[-9.10078862265589,38.5517829265682],[-9.10001911979684,38.5518245194897],[-9.09877421640726,38.5519328312146],[-9.09811340445941,38.5520478304563],[-9.09704730499119,38.5521537390123],[-9.09586703620566,38.5523094965888],[-9.09516170180032,38.5524670080366],[-9.09450411447526,38.5526093434377],[-9.09359597008799,38.5529226395945],[-9.09294157417615,38.5531847503607],[-9.09259960238274,38.5533214177437],[-9.09223440857615,38.5524962471686]]]}},{"type":"Feature","id":"CRUS_Sesimbra_V.33286","properties":{"AREA_HA":157.864234029582,"Autor":"DGT","Categoria_2021":"Espaço Agrícola","Classe_2021":"Solo Rústico","DTCC":"1511","Data_Pub_Origem":"1998-02-02T00:00:00","Designacao_no_plano":"Agrícola","Escala_origem":"1/25000","Fonte":"CM - Raster","ID1":33286,"Municipio":"SESIMBRA"},"geometry":{"type":"Polygon","coordinates":[[[-9.13887367191778,38.4902077885485],[-9.13675039310314,38.4866203578077],[-9.13772359820638,38.4859946116953],[-9.14047684039557,38.4862796648381],[-9.14188273258524,38.4885210831017],[-9.14392484711994,38.491312655132],[-9.14410525440876,38.4901689042558],[-9.14393695031366,38.4893677343119],[-9.14252796365788,38.4869102778572],[-9.14028882318694,38.4840586323283],[-9.14353742195546,38.483258898761],[-9.14481302030953,38.4846061726281],[-9.14582586970951,38.4868200678169],[-9.14721213529677,38.4904507446729],[-9.14880948851448,38.4923199775351],[-9.15080464386871,38.491746996625],[-9.15204811461257,38.4911953217653],[-9.15209426469352,38.4915458226217],[-9.15274064846532,38.4928304045237],[-9.1531544806667,38.4934320833289],[-9.15387072406464,38.4939196260805],[-9.15514021766637,38.494832405641],[-9.15484318353122,38.4950744697896],[-9.15300943680414,38.4965479084239],[-9.15319886832972,38.4981231781297],[-9.15311558711346,38.4986853821126],[-9.15300106275026,38.4991881264992],[-9.15214021393073,38.5009902125223],[-9.14967440321888,38.5024558241502],[-9.14954579923593,38.5035613140506],[-9.14891154572729,38.5045862390511],[-9.14889974451599,38.5050677682489],[-9.14701496483255,38.5044057162508],[-9.14593277265883,38.5028715799064],[-9.14534742808537,38.5003452979507],[-9.14449970416479,38.4987165093155],[-9.14361662344067,38.4973658502312],[-9.14258121076412,38.4963560671526],[-9.14082338441369,38.4942411708346],[-9.1399681032426,38.4920567506135],[-9.13887367191778,38.4902077885485]]]}},{"type":"Feature","id":"CRUS_Sesimbra_V.33287","properties":{"AREA_HA":113.464994485607,"Autor":"DGT","Categoria_2021":"Espaço Agrícola","Classe_2021":"Solo Rústico","DTCC":"1511","Data_Pub_Origem":"1998-02-02T00:00:00","Designacao_no_plano":"Agrícola","Escala_origem":"1/25000","Fonte":"CM - Raster","ID1":33287,"Municipio":"SESIMBRA"},"geometry":{"type":"Polygon","coordinates":[[[-9.12270146854195,38.5082930519155],[-9.12021434562228,38.5056494532068],[-9.11757747330017,38.5051675442565],[-9.11386234476204,38.500863397407],[-9.11453986691353,38.4987908814842],[-9.11807789290731,38.4995173394871],[-9.12026144309251,38.4997005970059],[-9.11736119553879,38.4951776738655],[-9.11800116663612,38.4949194380942],[-9.1213303247402,38.4939457388595],[-9.12316643027283,38.5010371629544],[-9.12349889064521,38.5037565823725],[-9.12413877069559,38.5045327306159],[-9.1248186012594,38.5052606870661],[-9.12545238146194,38.5055902731525],[-9.12561847281066,38.5058600198968],[-9.12636316535376,38.5068745206135],[-9.12682769349859,38.5074486605892],[-9.12710656230201,38.5077933268446],[-9.12788815803623,38.5085363499458],[-9.12827095044167,38.5083257448833],[-9.12847962952718,38.5087386774595],[-9.12832910797917,38.5096012688838],[-9.12822422680762,38.510830327529],[-9.12837223907358,38.5112597255391],[-9.12892797126849,38.5118132587967],[-9.12928051064554,38.5123525672655],[-9.12969438897392,38.512923253304],[-9.13015063227127,38.5136211790611],[-9.13076575171701,38.5140625463865],[-9.13186562541263,38.5143243233204],[-9.13251783114738,38.5145101611023],[-9.1329677129532,38.5147455736083],[-9.13404642271588,38.5149437110359],[-9.134525450096,38.5158168760695],[-9.13541091828401,38.5167184622239],[-9.13625514609095,38.5175725432707],[-9.13716007193079,38.5184101476602],[-9.1381049528471,38.5191995504475],[-9.13870652581729,38.5201194969467],[-9.13917787384396,38.5204344519452],[-9.13967063673871,38.5208289712217],[-9.14028262814238,38.5215228585421],[-9.14048040118623,38.5221166300624],[-9.14114363112972,38.5225011778933],[-9.14068306055487,38.5229046762602],[-9.13988182237267,38.524499405786],[-9.14001328481968,38.5248399571069],[-9.13944195291675,38.524818481312],[-9.13899985546612,38.5236898176702],[-9.13888902631482,38.5230208624048],[-9.13880138419016,38.5225590597985],[-9.13824660211458,38.522085318229],[-9.1379771469029,38.5216888768275],[-9.1373405087897,38.5211679827471],[-9.13679718831317,38.5200561278032],[-9.13650545498069,38.5195163220792],[-9.13566297090871,38.5187898292346],[-9.13497980719152,38.5178386649867],[-9.13460667784065,38.5172835998286],[-9.134216568795,38.5169679324271],[-9.13370400340895,38.5166054586713],[-9.13286202282443,38.5159108414069],[-9.13261424254274,38.5156099031442],[-9.13159333921633,38.5151879574115],[-9.13081625527985,38.5147798754133],[-9.12963034510687,38.5141679156857],[-9.12905451067422,38.5136305069829],[-9.12900666227829,38.5131045569414],[-9.12496687741233,38.5107007690511],[-9.12270146854195,38.5082930519155]]]}},{"type":"Feature","id":"CRUS_Sesimbra_V.33288","properties":{"AREA_HA":1375.49199193768,"Autor":"DGT","Categoria_2021":"Espaço Florestal","Classe_2021":"Solo Rústico","DTCC":"1511","Data_Pub_Origem":"1998-02-02T00:00:00","Designacao_no_plano":"Florestal","Escala_origem":"1/25000","Fonte":"CM - Raster","ID1":33288,"Municipio":"SESIMBRA"},"geometry":{"type":"Polygon","coordinates":[[[-9.09969769678283,38.5331295402323],[-9.09818586311699,38.5317528630482],[-9.09588015162778,38.5327288153074],[-9.09563408996305,38.5319590889814],[-9.09534750432078,38.5310970845705],[-9.09558145161765,38.5280081614352],[-9.095365660087,38.5265590453993],[-9.09479829923438,38.5252671658664],[-9.09328180460487,38.5235200198918],[-9.09130249050769,38.5224249127501],[-9.09081872572985,38.5215027693191],[-9.08931841742006,38.5179958438536],[-9.08840294817369,38.5171080842819],[-9.08787589195773,38.515877579015],[-9.08797948207584,38.514796281471],[-9.08832123593138,38.5138982618296],[-9.08830410512798,38.5126018573571],[-9.08834336077016,38.5121786965983],[-9.08844166773641,38.5111189698889],[-9.08885625462664,38.5097881727199],[-9.08931704927708,38.5089817879402],[-9.08968497567762,38.5070957058085],[-9.08954140388124,38.5051520600269],[-9.09059347033925,38.5015316563555],[-9.09227346753188,38.4978752301015],[-9.09273002113298,38.4937966260216],[-9.09313480010124,38.4891698294886],[-9.09324279822225,38.4898909701196],[-9.09343394743092,38.4918898202756],[-9.09531962398517,38.4918046771394],[-9.09595165252364,38.4917198643857],[-9.09608973929915,38.4916291582663],[-9.09606136930523,38.4914004883237],[-9.09608994948441,38.4906936381407],[-9.09619131848699,38.4897473337691],[-9.09635638861699,38.4888303622437],[-9.09655705277835,38.4877339558329],[-9.09360367335886,38.4876887873112],[-9.09419524066163,38.4858200982139],[-9.09497693725205,38.4842113587692],[-9.09559961266449,38.4843311268511],[-9.09687852956203,38.4843677126462],[-9.09774072929488,38.484611829956],[-9.099104784723,38.4850402141681],[-9.09996574105617,38.4851901196103],[-9.10018481962206,38.4851412076598],[-9.10054997768288,38.4849708150616],[-9.10054867772356,38.4850036239578],[-9.10086857397843,38.4848221484189],[-9.10171470258289,38.4842935581059],[-9.10228124322117,38.4841249411173],[-9.10398624580397,38.4840214045043],[-9.10444103324236,38.4840027305492],[-9.10493573617457,38.4841327517047],[-9.10556362310442,38.4842441503042],[-9.10565793467626,38.4842608819767],[-9.10565407690118,38.4842038269031],[-9.10710696080979,38.4835561397032],[-9.10772330751023,38.4832099124304],[-9.10959605500327,38.4855364947124],[-9.10862018309175,38.485930229309],[-9.10725908207176,38.4864059997917],[-9.10701747547367,38.4872705435032],[-9.10650055844392,38.4902605366142],[-9.10990980779979,38.4901658031898],[-9.11083833754773,38.4889106993487],[-9.11135969306345,38.4887603781266],[-9.11218590317199,38.488547696321],[-9.11401869960814,38.4904903667212],[-9.11410870344909,38.4911861632344],[-9.11411234984576,38.4914550646316],[-9.11436431609718,38.4918115312504],[-9.11472729488672,38.4919429554861],[-9.11541199228644,38.4919670959605],[-9.1166121566912,38.4954799138968],[-9.11736119553879,38.4951776738655],[-9.12026144309251,38.4997005970059],[-9.11807789290731,38.4995173394871],[-9.11453986691353,38.4987908814842],[-9.11386234476204,38.500863397407],[-9.11757747330017,38.5051675442565],[-9.12021434562228,38.5056494532068],[-9.12270146854195,38.5082930519155],[-9.12496687741233,38.5107007690511],[-9.12900666227829,38.5131045569414],[-9.12905451067422,38.5136305069829],[-9.12963034510687,38.5141679156857],[-9.13081625527985,38.5147798754133],[-9.13159333921633,38.5151879574115],[-9.13261424254274,38.5156099031442],[-9.13286202282443,38.5159108414069],[-9.13370400340895,38.5166054586713],[-9.134216568795,38.5169679324271],[-9.13460667784065,38.5172835998286],[-9.13497980719152,38.5178386649867],[-9.13566297090871,38.5187898292346],[-9.13650545498069,38.5195163220792],[-9.13679718831317,38.5200561278032],[-9.1373405087897,38.5211679827471],[-9.1379771469029,38.5216888768275],[-9.13824660211458,38.522085318229],[-9.13880138419016,38.5225590597985],[-9.13888902631482,38.5230208624048],[-9.13899985546612,38.5236898176702],[-9.13944195291675,38.524818481312],[-9.14001328481968,38.5248399571069],[-9.14040773925394,38.5258617625928],[-9.13877675484267,38.5271713278123],[-9.13798791508376,38.5270658624787],[-9.13640027624953,38.5268194396066],[-9.13135856231258,38.5281441482827],[-9.12870998224345,38.5298383717151],[-9.12594765214654,38.5318678337412],[-9.12538291980581,38.5320863049834],[-9.12531175991781,38.5321138334716],[-9.1253094053569,38.532083849913],[-9.12527367559024,38.5316287590502],[-9.12487463764849,38.5301214432708],[-9.12166490880279,38.5305696019508],[-9.12081310032418,38.5292324872478],[-9.12077134058441,38.528889763081],[-9.1188387795785,38.5276244330146],[-9.11596590668714,38.5267570254598],[-9.11374101304212,38.5265899392287],[-9.11253752591742,38.5267671793324],[-9.11169143480102,38.5271457370482],[-9.11097108839785,38.5280804632795],[-9.11058298140889,38.5291052825671],[-9.11047554132718,38.5293470988461],[-9.11091298422676,38.5315305527178],[-9.10833150343668,38.5321093078906],[-9.10512988041817,38.5327349480897],[-9.10222630416421,38.5331072833815],[-9.10207380398094,38.5336379087199],[-9.10183279326884,38.5343929843803],[-9.09969769678283,38.5331295402323]],[[-9.10206694097141,38.4905599316946],[-9.10221741260882,38.4904492103931],[-9.10228938214908,38.4901500455266],[-9.10231270530655,38.4900005678513],[-9.10274279119675,38.4897194611801],[-9.10275779198124,38.4904563494073],[-9.10407494253527,38.4904719763522],[-9.10428621409982,38.4898598159983],[-9.10456853072531,38.4882518338436],[-9.10454167271472,38.4875089499312],[-9.10471542873312,38.486618433985],[-9.10471222171236,38.486379605011],[-9.10440604810176,38.4862096373688],[-9.1041361302422,38.4862251455179],[-9.10376617230964,38.486334369854],[-9.10215590094136,38.4871173508879],[-9.10164273320119,38.487249316384],[-9.10100075354265,38.4875332891685],[-9.10100328283785,38.4877223622776],[-9.10078166066027,38.4877026304909],[-9.10057908460987,38.4877043040106],[-9.09973147155152,38.4874459067758],[-9.09876551954216,38.4871752099489],[-9.09730887498931,38.4880895548135],[-9.09827016634917,38.4892759159833],[-9.09873093114843,38.4896436714346],[-9.09964742640755,38.4895448824006],[-9.09931128511006,38.4899756054221],[-9.10012520626752,38.4902376004762],[-9.10026594555239,38.4903459137981],[-9.10040881526312,38.4906134472437],[-9.10063845260065,38.4907409304793],[-9.10088061917948,38.490858357417],[-9.10121088489345,38.4909352464161],[-9.10175360122983,38.4908013790638],[-9.10206694097141,38.4905599316946]],[[-9.10340375885877,38.495818122726],[-9.10364421956495,38.4936045057025],[-9.10378066386501,38.492028697263],[-9.09884031292906,38.492954188702],[-9.09872021531361,38.4974492015203],[-9.09868322323463,38.4980510685326],[-9.10316423397546,38.4981025030556],[-9.1032229896434,38.4974473753094],[-9.10340375885877,38.495818122726]]]}},{"type":"Feature","id":"CRUS_Sesimbra_V.33289","properties":{"AREA_HA":529.82552195099,"Autor":"DGT","Categoria_2021":"Espaço Florestal","Classe_2021":"Solo Rústico","DTCC":"1511","Data_Pub_Origem":"1998-02-02T00:00:00","Designacao_no_plano":"Florestal","Escala_origem":"1/25000","Fonte":"CM - Raster","ID1":33289,"Municipio":"SESIMBRA"},"geometry":{"type":"Polygon","coordinates":[[[-9.12847962952718,38.5087386774595],[-9.12827095044167,38.5083257448833],[-9.12788815803623,38.5085363499458],[-9.12710656230201,38.5077933268446],[-9.12682769349859,38.5074486605892],[-9.12636316535376,38.5068745206135],[-9.12561847281066,38.5058600198968],[-9.12545238146194,38.5055902731525],[-9.1248186012594,38.5052606870661],[-9.12413877069559,38.5045327306159],[-9.12349889064521,38.5037565823725],[-9.12316643027283,38.5010371629544],[-9.1213303247402,38.4939457388595],[-9.12321764779516,38.4933936881656],[-9.12670606822014,38.4925715722544],[-9.12795371850022,38.4939307492508],[-9.12929944148454,38.4926724691077],[-9.1281392228322,38.4911720746601],[-9.12730408960397,38.4919876032614],[-9.13158808225066,38.4876699625418],[-9.1327248538785,38.4890871516636],[-9.1333820641708,38.4861180079921],[-9.13506445526013,38.48659754999],[-9.13761513006011,38.4892648319221],[-9.13887367191778,38.4902077885485],[-9.1399681032426,38.4920567506135],[-9.14082338441369,38.4942411708346],[-9.14258121076412,38.4963560671526],[-9.14361662344067,38.4973658502312],[-9.14449970416479,38.4987165093155],[-9.14534742808537,38.5003452979507],[-9.14593277265883,38.5028715799064],[-9.14701496483255,38.5044057162508],[-9.14889974451599,38.5050677682489],[-9.14881991768044,38.5083249108826],[-9.14840537542258,38.5092812939816],[-9.14819157554575,38.5097745388228],[-9.14610194296356,38.5098209512975],[-9.14585723395871,38.5103610955987],[-9.14590285170441,38.5136171824294],[-9.14469743116776,38.5176203304658],[-9.14444913677003,38.5204825122397],[-9.14313258693131,38.5214133514722],[-9.14149657194655,38.5221919672088],[-9.14114363112972,38.5225011778933],[-9.14048040118623,38.5221166300624],[-9.14028262814238,38.5215228585421],[-9.13967063673871,38.5208289712217],[-9.13917787384396,38.5204344519452],[-9.13870652581729,38.5201194969467],[-9.1381049528471,38.5191995504475],[-9.13716007193079,38.5184101476602],[-9.13625514609095,38.5175725432707],[-9.13541091828401,38.5167184622239],[-9.134525450096,38.5158168760695],[-9.13404642271588,38.5149437110359],[-9.1329677129532,38.5147455736083],[-9.13251783114738,38.5145101611023],[-9.13186562541263,38.5143243233204],[-9.13076575171701,38.5140625463865],[-9.13015063227127,38.5136211790611],[-9.12969438897392,38.512923253304],[-9.12928051064554,38.5123525672655],[-9.12892797126849,38.5118132587967],[-9.12837223907358,38.5112597255391],[-9.12822422680762,38.510830327529],[-9.12832910797917,38.5096012688838],[-9.12847962952718,38.5087386774595]]]}},{"type":"Feature","id":"CRUS_Sesimbra_V.33290","properties":{"AREA_HA":144.650404047935,"Autor":"DGT","Categoria_2021":"Espaço Agrícola","Classe_2021":"Solo Rústico","DTCC":"1511","Data_Pub_Origem":"1998-02-02T00:00:00","Designacao_no_plano":"Agrícola","Escala_origem":"1/25000","Fonte":"CM - Raster","ID1":33290,"Municipio":"SESIMBRA"},"geometry":{"type":"Polygon","coordinates":[[[-9.11091298422676,38.5315305527178],[-9.11047554132718,38.5293470988461],[-9.11058298140889,38.5291052825671],[-9.11097108839785,38.5280804632795],[-9.11169143480102,38.5271457370482],[-9.11253752591742,38.5267671793324],[-9.11374101304212,38.5265899392287],[-9.11596590668714,38.5267570254598],[-9.1188387795785,38.5276244330146],[-9.12077134058441,38.528889763081],[-9.12081310032418,38.5292324872478],[-9.12166490880279,38.5305696019508],[-9.12487463764849,38.5301214432708],[-9.12527367559024,38.5316287590502],[-9.1253094053569,38.532083849913],[-9.12531175991781,38.5321138334716],[-9.12538831969696,38.5330889513467],[-9.12340797343106,38.5335267324289],[-9.12064960492553,38.5347140092619],[-9.11977227735903,38.535117653867],[-9.11813964672477,38.5356267110187],[-9.11361389484829,38.5367048527966],[-9.11282739082895,38.5368352642592],[-9.10668587625103,38.5373570411492],[-9.10313056680514,38.5374766709165],[-9.10082370548083,38.5375542352991],[-9.10095789297549,38.5371338719952],[-9.10183279326884,38.5343929843803],[-9.10207380398094,38.5336379087199],[-9.10222630416421,38.5331072833815],[-9.10512988041817,38.5327349480897],[-9.10833150343668,38.5321093078906],[-9.11091298422676,38.5315305527178]]]}},{"type":"Feature","id":"CRUS_Sesimbra_V.34908","properties":{"AREA_HA":12.2596574140741,"Autor":"DGT","Categoria_2021":"Não Atribuída","Classe_2021":"Solo Rústico","DTCC":"1511","Data_Pub_Origem":"1998-02-02T00:00:00","Designacao_no_plano":"Indefinida","Escala_origem":"1/25000","Fonte":"CM - Raster","ID1":34908,"Municipio":"SESIMBRA"},"geometry":{"type":"Polygon","coordinates":[[[-9.03381894623256,38.5760375830977],[-9.03375421026107,38.575914063249],[-9.03510358245112,38.5761983216121],[-9.03906048338568,38.5770317776194],[-9.03955999464602,38.5780157846383],[-9.03825304396088,38.5788659915038],[-9.03756950082218,38.5793106411626],[-9.0369586475517,38.5797079984187],[-9.03638517168173,38.5798444176958],[-9.03484553525965,38.5786148775234],[-9.03381894623256,38.5760375830977]]]}},{"type":"Feature","id":"CRUS_Sesimbra_V.34909","properties":{"AREA_HA":2024.2030316733,"Autor":"DGT","Categoria_2021":"Espaço Florestal","Classe_2021":"Solo Rústico","DTCC":"1511","Data_Pub_Origem":"1998-02-02T00:00:00","Designacao_no_plano":"Florestal","Escala_origem":"1/25000","Fonte":"CM - Raster","ID1":34909,"Municipio":"SESIMBRA"},"geometry":{"type":"Polygon","coordinates":[[[-9.06673052734055,38.5391451688753],[-9.06634274049181,38.5379321668352],[-9.0655859573018,38.5375543313967],[-9.06481929134763,38.5378537204129],[-9.06442807469512,38.5375867457086],[-9.06448971884732,38.5370906071245],[-9.06454434068089,38.535495652691],[-9.06421431271135,38.533224609104],[-9.05569064735524,38.5340007613082],[-9.0555639288112,38.5329092170845],[-9.0519009011361,38.5316092506849],[-9.04964247964334,38.5343435450524],[-9.04887833216033,38.5333750944042],[-9.0482742859513,38.5331731204147],[-9.04689602343613,38.5346500740643],[-9.04597716550922,38.5343825418985],[-9.04383877012889,38.5337435530669],[-9.04335382603683,38.5335067598474],[-9.04602769957628,38.5279346371147],[-9.04625520373321,38.5260722178638],[-9.0458764944204,38.5252558715991],[-9.04556082553217,38.5245754019859],[-9.04523700196396,38.5238773361091],[-9.04526205553569,38.5237643606035],[-9.04531303478663,38.5236155961036],[-9.04540533717237,38.5234516478434],[-9.0454793151087,38.5233264002228],[-9.04559339572028,38.5232438939795],[-9.04580040353893,38.5231198578358],[-9.04592377935353,38.5230195335031],[-9.04600935197928,38.5229223891155],[-9.04603283952078,38.5228391501033],[-9.04601953432373,38.5226760264931],[-9.04599493648153,38.5225263222005],[-9.046010402611,38.5223355000593],[-9.04604511823183,38.5220977760048],[-9.04605640678719,38.5219478855928],[-9.04603890530903,38.5217610111421],[-9.04600458288548,38.5215861631977],[-9.04598754670043,38.5213453302865],[-9.0459760893181,38.521038245154],[-9.04595869658177,38.5207059832202],[-9.04592985066451,38.5204383968908],[-9.04591010756502,38.5200749838429],[-9.04588832179093,38.5198481452389],[-9.0458805363663,38.5197494801697],[-9.04588951407188,38.5195714101485],[-9.04592931488771,38.5194271518745],[-9.04598571439174,38.5192634838525],[-9.04604234578754,38.5191176484987],[-9.04629007543443,38.5186519745718],[-9.04648031721104,38.5182914251543],[-9.04658182344854,38.5181037106043],[-9.04689054277018,38.5175203641791],[-9.047173132456,38.5170196444651],[-9.04723660757356,38.5168893384283],[-9.04728413090641,38.5167672670101],[-9.04731804246339,38.5166111651189],[-9.04732881837757,38.5164211845913],[-9.04733074476716,38.5162021837396],[-9.04733968061783,38.5160121337878],[-9.04738662904315,38.5158441247746],[-9.04743922634561,38.5156701270928],[-9.04745120627051,38.5155750875901],[-9.04747071286335,38.5154769238084],[-9.04747382112183,38.5153425911634],[-9.04747160154629,38.5151675828655],[-9.04743172004505,38.5150061080522],[-9.04739406564082,38.5148669553713],[-9.04735497704158,38.5147588959114],[-9.04734081543283,38.5146818959219],[-9.04733592030614,38.5145943785262],[-9.04735219729113,38.5144674126855],[-9.04740460390377,38.5142874710318],[-9.04741603980882,38.5141404590967],[-9.04742296032263,38.5139445694527],[-9.04745894264145,38.513590540167],[-9.0474797227409,38.5134301212437],[-9.04751381472107,38.5132888814125],[-9.04755768770801,38.5131772833871],[-9.04763358514833,38.5130594042247],[-9.0477497155613,38.5129140941502],[-9.04796640116958,38.5127328662499],[-9.04815160641336,38.5126007960138],[-9.0484158038271,38.5124414481743],[-9.04863134967998,38.5123240054281],[-9.04879825929497,38.5122321602972],[-9.048861622237,38.5121752767904],[-9.04891543784882,38.5120977444474],[-9.04895330823223,38.5120372749916],[-9.04899706532177,38.5119167618628],[-9.04903287949736,38.5117664980529],[-9.04904422303501,38.5114681490002],[-9.04906681106358,38.5113959946304],[-9.04911287374513,38.5113036637299],[-9.04919500196011,38.5112258178944],[-9.04937259847767,38.511090836126],[-9.04972402511807,38.5108136018801],[-9.04997911812645,38.5106060339675],[-9.0501411627772,38.5104297321576],[-9.05036788357166,38.510146000141],[-9.05046083130279,38.5100265406437],[-9.05048354849374,38.5099469108367],[-9.05045767441756,38.5098418089127],[-9.0504445378984,38.5097009336373],[-9.05044493434027,38.5095881508663],[-9.05050158986612,38.5094363684636],[-9.05062576545712,38.5092573016247],[-9.05075617869511,38.5091182742817],[-9.05096346450319,38.5088754971395],[-9.05106401447683,38.5087589529887],[-9.0511062897692,38.5086754790555],[-9.05113143113276,38.5085699764305],[-9.05113201519794,38.5084720521787],[-9.05111206348311,38.5083816783782],[-9.05110688069596,38.5082719093415],[-9.05115829721817,38.5080867488612],[-9.05122823820776,38.5079437800961],[-9.05134310793455,38.5077721712954],[-9.05141333317651,38.5076514541691],[-9.0514655747098,38.5075226760193],[-9.0515240652493,38.5073708777955],[-9.05157357771252,38.5072621229175],[-9.05159518341133,38.5071759282642],[-9.05168233537734,38.5070520072948],[-9.05178110466203,38.5069489014746],[-9.05191745010818,38.5068350439765],[-9.05219444016326,38.5066472977063],[-9.05268394135405,38.5063221260742],[-9.05294235487264,38.5061524494279],[-9.05303924917435,38.5060552108344],[-9.05309507788354,38.5059924342522],[-9.05315061083375,38.5059059709657],[-9.05323615162026,38.505736845468],[-9.05330130964131,38.5056592210487],[-9.05342499642,38.5055869947102],[-9.05354492532388,38.5055163237755],[-9.05366633149844,38.5054174506793],[-9.05374616119305,38.5053129570693],[-9.05388965422753,38.5051663420233],[-9.05394557269785,38.5050390679368],[-9.05410470597368,38.504788469885],[-9.05422496954706,38.5045916854755],[-9.05437350781934,38.5044005329754],[-9.05450491055977,38.5041962729728],[-9.05463796741083,38.5039066024515],[-9.05469986500726,38.5037264916652],[-9.0547383063216,38.5034872947272],[-9.05475270969741,38.5032780114887],[-9.05474472723736,38.5031014269232],[-9.05477689042123,38.5028823641653],[-9.05480132100165,38.5027308340892],[-9.05484284443584,38.5025806134968],[-9.05487090909828,38.5024082448233],[-9.05487703120062,38.5022954168657],[-9.05489471247351,38.5022077156374],[-9.05491323734315,38.5019530928671],[-9.05491657945458,38.5017749742119],[-9.05495861418552,38.5016648326773],[-9.05499702235961,38.5015666096737],[-9.05513336998299,38.5013102449459],[-9.0552390972256,38.5010890705013],[-9.05526757761048,38.5009583183799],[-9.05527863646352,38.5007831134526],[-9.05528186288348,38.5005960819952],[-9.05530858026633,38.5004712873863],[-9.05534967181999,38.500286926864],[-9.05532613300768,38.5001498281512],[-9.05525445554654,38.5000034705484],[-9.05521522382806,38.4998939705647],[-9.05522377498129,38.4998182365514],[-9.05529236038164,38.4997227494414],[-9.05541186086855,38.4996194718507],[-9.05546545264966,38.4995344613162],[-9.05547762742153,38.4994468051355],[-9.05547683025391,38.4993844787535],[-9.05553724824828,38.4991696080823],[-9.0555830848227,38.4990608749614],[-9.05559488172679,38.4989525072419],[-9.05555576587427,38.4988430073411],[-9.05541976835888,38.4986867978049],[-9.05535794233629,38.4985759452753],[-9.05535669041217,38.498478035324],[-9.05537705291364,38.4983673453939],[-9.05538147475996,38.4982738102122],[-9.05536343387162,38.4981893610938],[-9.05530330790624,38.4980681365346],[-9.05510516374522,38.4977758587851],[-9.05491772281269,38.4973610723232],[-9.05489642105242,38.4971742284196],[-9.05491710507657,38.4970167831196],[-9.0550058322247,38.4968736640507],[-9.05508173190696,38.496758756187],[-9.05513033432966,38.4966418921894],[-9.05515394700381,38.4965704554162],[-9.05514762810587,38.4965156421264],[-9.05512230822294,38.4964535096734],[-9.05503476831243,38.4963933020397],[-9.05479466922122,38.4962171966138],[-9.05454916642207,38.4960662653626],[-9.05427248131513,38.4958971146094],[-9.05410666526238,38.4957751874115],[-9.05401339640878,38.4957151222419],[-9.05386753815921,38.4956658245649],[-9.05367642711003,38.4956361619082],[-9.05339409158463,38.495544880394],[-9.05314787146211,38.4954815130672],[-9.05290894017841,38.4953959231315],[-9.05251887209807,38.4952246876815],[-9.05231005728372,38.4951284158961],[-9.05220533291503,38.4950594228015],[-9.05218924150418,38.4949837922387],[-9.05220926906819,38.4949184179019],[-9.05225693964262,38.4948096734042],[-9.05234035681642,38.4946902915148],[-9.0525364185227,38.4944609288505],[-9.0525807791153,38.4943804078881],[-9.05261531425602,38.494274831877],[-9.05263288091353,38.4941782171848],[-9.0526355066896,38.4940876661545],[-9.05260582023306,38.4939796198165],[-9.05253810165888,38.4938465633077],[-9.05236344935847,38.4935518423145],[-9.0523206325261,38.4934483130036],[-9.05231964932672,38.4933711189316],[-9.0523221483161,38.4932791293677],[-9.0523266506736,38.493182612736],[-9.05232460619049,38.4930402098026],[-9.05231646212091,38.4929675778656],[-9.05228943904726,38.4929247331142],[-9.05211688556889,38.4927769174477],[-9.05202337506335,38.4926974811437],[-9.05199248225994,38.492638451791],[-9.05198981078987,38.4925820800607],[-9.0519942941392,38.4924840339731],[-9.05201897235959,38.4923517817678],[-9.05204063062905,38.4922699995816],[-9.05204023398152,38.4921669480441],[-9.05199703982345,38.492033698746],[-9.05194387112451,38.4918635000716],[-9.05189440720419,38.4916784122542],[-9.0517845062517,38.4914997448476],[-9.05170763486191,38.491394954579],[-9.05153136707549,38.491251756838],[-9.05139282265653,38.4911905086165],[-9.0512587486946,38.4911840882848],[-9.05111517037251,38.4911778314785],[-9.05098677501378,38.4911758659591],[-9.05088848050447,38.4911616825186],[-9.05076540431312,38.4911270723219],[-9.05065175899834,38.4910953509343],[-9.05058545946536,38.49108245159],[-9.05052141245688,38.4910844855997],[-9.05043641907782,38.4910792085679],[-9.05035304354624,38.4910576138239],[-9.05016004154681,38.4909501295433],[-9.05011927555476,38.4908628882838],[-9.05012031735879,38.4907916273601],[-9.05013572864273,38.490669807576],[-9.05017561764242,38.4905433802703],[-9.05020647646786,38.4904466617918],[-9.05022431199736,38.4903619362097],[-9.05018576243843,38.4903044013203],[-9.05010204928747,38.4902471407587],[-9.04992133540276,38.4901417191332],[-9.04967422754973,38.4899159329388],[-9.04941848768106,38.4896967897843],[-9.04922445011893,38.4895707576634],[-9.04905171592592,38.4894978849276],[-9.04884533050148,38.4894460796682],[-9.04872053158116,38.4894203043737],[-9.04864450241865,38.4893809073563],[-9.04859271020338,38.4893189758053],[-9.04856554319158,38.489255412233],[-9.04855465881991,38.4891471267969],[-9.04852523028161,38.4889774651482],[-9.04846718247109,38.4888651396603],[-9.0484112041702,38.4887495946231],[-9.04893467004048,38.4893449397027],[-9.04943856915151,38.4883394037896],[-9.04948756301869,38.486768951676],[-9.04948874917807,38.4841431362594],[-9.05053706142453,38.482619000694],[-9.05351576471149,38.4785351042449],[-9.05605971779226,38.4781902448934],[-9.0576952388937,38.4768238368488],[-9.05893463456724,38.4741070285014],[-9.06055128462986,38.471278938377],[-9.06333908694124,38.4711756221478],[-9.06468569253563,38.4714626935357],[-9.06584700043769,38.4734025058391],[-9.06647025096957,38.4736682432639],[-9.0680792304885,38.4734059620824],[-9.06863446016796,38.4746419076401],[-9.06831776725156,38.4748642505393],[-9.06756799514502,38.4755767788431],[-9.06813265981812,38.475996199256],[-9.06861947501547,38.4765732486197],[-9.06882487081919,38.4770112349326],[-9.06893304959093,38.4776541109336],[-9.06907093362932,38.4778872579869],[-9.06901839793942,38.4780186222016],[-9.07080299655798,38.4785538834424],[-9.0716448665674,38.4787826560953],[-9.07186313270537,38.4786709996471],[-9.07317251762979,38.4795240518621],[-9.07335206316484,38.479506910203],[-9.07357175564102,38.4795051464608],[-9.07425750857756,38.4784790750118],[-9.07455996885786,38.4787551912204],[-9.07571745421646,38.4771443826987],[-9.07791673178441,38.4757254974821],[-9.08024547995032,38.4745971548084],[-9.08045166660579,38.4744575904314],[-9.08089438817156,38.4745341422276],[-9.08308089428373,38.4730200883829],[-9.08405183878293,38.4739542683556],[-9.08443127887645,38.4739511873322],[-9.08632268555209,38.4734961833765],[-9.08710930935465,38.4751841279013],[-9.08984634652502,38.4752403085862],[-9.08912629519137,38.4766749750321],[-9.08988535957801,38.4781917709166],[-9.09074393155393,38.4781690532031],[-9.09132581006061,38.4783684075015],[-9.09140715180769,38.4784776483543],[-9.09276689168241,38.4785921236007],[-9.09234293463719,38.4794142723797],[-9.09295487372197,38.4811379936069],[-9.09215232253328,38.4828115606205],[-9.0911816193166,38.4836530016027],[-9.09061544246478,38.4853863647734],[-9.09036994750689,38.4876110280174],[-9.08982004920129,38.490579062626],[-9.08950331190112,38.4933599673861],[-9.08919144736923,38.4965112728227],[-9.08876498713307,38.4999104729078],[-9.08781316937108,38.5022026283108],[-9.08767397712771,38.503562049215],[-9.08714725922521,38.5053259396893],[-9.08628753590075,38.5056725121695],[-9.08568732722425,38.5048439019069],[-9.08455739076972,38.502568695956],[-9.08287599736982,38.5001744718948],[-9.08233782096694,38.4980796627045],[-9.08453159032615,38.4946352694088],[-9.08514119118357,38.4902158756996],[-9.08472653127067,38.4885522538029],[-9.08498397855167,38.4872227413778],[-9.08441956035963,38.4861159984265],[-9.08470612843714,38.4840144933774],[-9.08348469745387,38.4837157080459],[-9.08228190058338,38.4848367907547],[-9.08153171084731,38.4845341652843],[-9.0815017187469,38.4882388382793],[-9.08140412899628,38.4897831399843],[-9.08116036199825,38.4921621208014],[-9.08043394865755,38.4936806398273],[-9.07980423914246,38.4965875304711],[-9.07983292489387,38.4987790830839],[-9.08020340599921,38.5000726345635],[-9.08181222249791,38.5029305387354],[-9.08315430576682,38.5064079858436],[-9.08402186171854,38.5096423086503],[-9.07879908441948,38.5098389535911],[-9.07944783582079,38.5113772188019],[-9.08217714889013,38.5127751555906],[-9.08338696916035,38.5151423419096],[-9.08336716014245,38.5166242674393],[-9.08203906990396,38.5172215690794],[-9.08259153843505,38.5174023113004],[-9.0843611405198,38.5175114290076],[-9.08594122181462,38.5181468538672],[-9.08657513542168,38.5185430052496],[-9.08706738086095,38.5201133693865],[-9.08707308514212,38.5205455035431],[-9.08680905393301,38.5213811461867],[-9.08720481138195,38.5215940119288],[-9.08746623680974,38.5235366948734],[-9.08747602093997,38.5242774958731],[-9.08906730400701,38.5257462768023],[-9.08904883832852,38.527320798863],[-9.08981421957931,38.5287345682257],[-9.09048549780235,38.5289760418449],[-9.09089276591811,38.5300531610838],[-9.09114122640255,38.5310080984164],[-9.0911469572737,38.5314402312529],[-9.09067417848681,38.531351489246],[-9.08977814060414,38.5319453438375],[-9.08987144982077,38.5330559011806],[-9.08508130339088,38.5334036473784],[-9.08095591960987,38.5334988582538],[-9.07919078190518,38.5337600946405],[-9.07554965340277,38.5318137797192],[-9.07325921925591,38.5309678325892],[-9.06941831459816,38.5287450974287],[-9.06791033949287,38.5276149543045],[-9.06492518006491,38.5277313601248],[-9.06625457986012,38.5302521175871],[-9.06874299088543,38.531220100437],[-9.07176598659995,38.5340050765007],[-9.07275685661716,38.5346453987769],[-9.07371970076537,38.5361502974755],[-9.07503869703895,38.537837543878],[-9.07254199167078,38.5392776241677],[-9.07106316968706,38.5394043860531],[-9.06673052734055,38.5391451688753]],[[-9.08588668559622,38.4792303211339],[-9.08520398614153,38.479216001983],[-9.08266419342328,38.48023013718],[-9.08365442501204,38.4824873261569],[-9.09008861207766,38.4834880613813],[-9.0902321269877,38.4828709080699],[-9.09073112625096,38.4804625175649],[-9.09107183984117,38.4794662139862],[-9.08965614602224,38.4794579133823],[-9.08588668559622,38.4792303211339]],[[-9.0655573010634,38.4883092810715],[-9.06492484207347,38.4872115118876],[-9.06459578804758,38.4875131940955],[-9.06346281116725,38.4881764043631],[-9.06268674398158,38.488855462775],[-9.06193492248623,38.4895717062846],[-9.06083118054127,38.4906645655038],[-9.05918667875647,38.4922476704092],[-9.05716041528195,38.4937403085525],[-9.05815180845635,38.496872661868],[-9.05937913916565,38.496133990997],[-9.06082047846596,38.495393612258],[-9.0642252888524,38.4938338858747],[-9.06514624564663,38.4933218886264],[-9.06677940245606,38.4927107515104],[-9.06594748392223,38.4909043004025],[-9.06504354837208,38.48904234102],[-9.06492079959872,38.4887442520688],[-9.06555826452615,38.4883840393527],[-9.0655573010634,38.4883092810715]]]}},{"type":"Feature","id":"CRUS_Sesimbra_V.34910","properties":{"AREA_HA":164.63372538513,"Autor":"DGT","Categoria_2021":"Espaço de Uso Especial - Turístico","Classe_2021":"Solo Urbano","DTCC":"1511","Data_Pub_Origem":"1998-02-02T00:00:00","Designacao_no_plano":"Turístico","Escala_origem":"1/25000","Fonte":"CM - Raster","ID1":34910,"Municipio":"SESIMBRA"},"geometry":{"type":"Polygon","coordinates":[[[-9.04420640096799,38.533908314997],[-9.04425961316064,38.5338693124071],[-9.04597716550922,38.5343825418985],[-9.04689602343613,38.5346500740643],[-9.0482742859513,38.5331731204147],[-9.04887833216033,38.5333750944042],[-9.04964247964334,38.5343435450524],[-9.0519009011361,38.5316092506849],[-9.0555639288112,38.5329092170845],[-9.05569064735524,38.5340007613082],[-9.06421431271135,38.533224609104],[-9.06454434068089,38.535495652691],[-9.06448971884732,38.5370906071245],[-9.06442807469512,38.5375867457086],[-9.06481929134763,38.5378537204129],[-9.0655859573018,38.5375543313967],[-9.06634274049181,38.5379321668352],[-9.06673052734055,38.5391451688753],[-9.06608983371484,38.5391068226182],[-9.06609868362176,38.5391279591853],[-9.06608397229381,38.5392425300414],[-9.06579402855302,38.5393592947675],[-9.06526221768738,38.5395542859863],[-9.06353839110511,38.54022928823],[-9.0630714915559,38.5404364714041],[-9.06241063298271,38.5406706262103],[-9.06183186677378,38.5409931459846],[-9.06075282142828,38.541446799368],[-9.05977009006819,38.5418360952819],[-9.05844978747731,38.5424188073368],[-9.05759558061414,38.5427307661083],[-9.05742302041982,38.5428038428753],[-9.05637157640913,38.543249109966],[-9.05556543670265,38.5435225233773],[-9.05487262903305,38.5437950389855],[-9.05454453353848,38.5439202719614],[-9.05395411282834,38.5441456290843],[-9.05351694962744,38.5441490668567],[-9.05286832890502,38.5440778623697],[-9.05204160594828,38.5440080515011],[-9.05194434113157,38.5439811354419],[-9.05168410495141,38.5439091203375],[-9.05137663517375,38.543924249298],[-9.05113457551398,38.543989733835],[-9.05002174160562,38.5443418158588],[-9.04948129734774,38.5438627981916],[-9.04856443512969,38.5430687938341],[-9.04754851528459,38.5421229506325],[-9.04653310464611,38.5412152459116],[-9.04661100112873,38.5409730128961],[-9.04685128520302,38.540767664076],[-9.04694601509157,38.5405761678705],[-9.04727973653327,38.5400775951114],[-9.04748602460219,38.5397453389019],[-9.04805824261215,38.5389015396954],[-9.04834515120783,38.5385432171934],[-9.04830938795075,38.5382764376795],[-9.04830503733814,38.5379331094757],[-9.04808619159464,38.5372735301789],[-9.04785148392175,38.5366395080917],[-9.04768733350052,38.5364627513463],[-9.04736128959428,38.5362872577795],[-9.04682365869792,38.5360243956287],[-9.04623891008257,38.5358763523012],[-9.04552641465589,38.5358691901808],[-9.04502502567113,38.5359112471987],[-9.04476759890324,38.5360404236167],[-9.04465619941678,38.5361938964122],[-9.04439780950622,38.5362467763609],[-9.04405782932828,38.5362494221231],[-9.04392751162925,38.536186850642],[-9.04357759493146,38.5354011104598],[-9.04362375872801,38.5352099944276],[-9.04398520788203,38.5343424186815],[-9.04420640096799,38.533908314997]]]}},{"type":"Feature","id":"CRUS_Sesimbra_V.34911","properties":{"AREA_HA":106.257979239588,"Autor":"DGT","Categoria_2021":"Espaço de Uso Especial Equipamentos e Infraestruturas","Classe_2021":"Solo Urbano","DTCC":"1511","Data_Pub_Origem":"1998-02-02T00:00:00","Designacao_no_plano":"Equipamento","Escala_origem":"1/25000","Fonte":"CM - Raster","ID1":34911,"Municipio":"SESIMBRA"},"geometry":{"type":"Polygon","coordinates":[[[-9.03358103210658,38.5556793891683],[-9.03380318076502,38.5539744359213],[-9.03429276662193,38.5520098160224],[-9.03779455240911,38.5501372985855],[-9.04032415149607,38.5468880826104],[-9.04155481538227,38.5450194568896],[-9.04163144459569,38.5448927474335],[-9.04171368992623,38.5447867690501],[-9.04245509018326,38.54385070867],[-9.04279982787649,38.5434154475905],[-9.0436596607819,38.5423298076146],[-9.04504929390087,38.5405751526458],[-9.04380805091764,38.5378064995871],[-9.04267841156693,38.5355660639414],[-9.04317272606398,38.5340050716786],[-9.04335382603683,38.5335067598474],[-9.04383877012889,38.5337435530669],[-9.04425961316064,38.5338693124071],[-9.04420640096799,38.533908314997],[-9.04398520788203,38.5343424186815],[-9.04362375872801,38.5352099944276],[-9.04357759493146,38.5354011104598],[-9.04392751162925,38.536186850642],[-9.04405782932828,38.5362494221231],[-9.04439780950622,38.5362467763609],[-9.04465619941678,38.5361938964122],[-9.04476759890324,38.5360404236167],[-9.04502502567113,38.5359112471987],[-9.04552641465589,38.5358691901808],[-9.04623891008257,38.5358763523012],[-9.04682365869792,38.5360243956287],[-9.04736128959428,38.5362872577795],[-9.04768733350052,38.5364627513463],[-9.04785148392175,38.5366395080917],[-9.04808619159464,38.5372735301789],[-9.04830503733814,38.5379331094757],[-9.04830938795075,38.5382764376795],[-9.04834515120783,38.5385432171934],[-9.04805824261215,38.5389015396954],[-9.04748602460219,38.5397453389019],[-9.04727973653327,38.5400775951114],[-9.04694601509157,38.5405761678705],[-9.04685128520302,38.540767664076],[-9.04661100112873,38.5409730128961],[-9.04653310464611,38.5412152459116],[-9.04754851528459,38.5421229506325],[-9.04856443512969,38.5430687938341],[-9.04948129734774,38.5438627981916],[-9.05002174160562,38.5443418158588],[-9.05113457551398,38.543989733835],[-9.05137663517375,38.543924249298],[-9.05168410495141,38.5439091203375],[-9.05194434113157,38.5439811354419],[-9.05204160594828,38.5440080515011],[-9.05286832890502,38.5440778623697],[-9.05351694962744,38.5441490668567],[-9.05395411282834,38.5441456290843],[-9.05454453353848,38.5439202719614],[-9.05516460719553,38.5446096369606],[-9.0546983401457,38.5448144892566],[-9.05420288016046,38.5450340536634],[-9.05391905907161,38.5451646549382],[-9.05333553710845,38.54554822323],[-9.05317878892006,38.5456539367654],[-9.05221068561895,38.5463068251029],[-9.0517094567732,38.5466417255272],[-9.0514294438794,38.5468426142482],[-9.05120866717085,38.5466099337991],[-9.05039003983565,38.5456215914316],[-9.04881317070023,38.5461313163659],[-9.04818249355497,38.5463481781421],[-9.04609422649826,38.5470662082657],[-9.04396899681331,38.5477968949156],[-9.04419013309502,38.5482105996189],[-9.0436745495172,38.5484180845056],[-9.04346271517112,38.5487418983264],[-9.04277910606066,38.54932372047],[-9.04250633937446,38.5499532161741],[-9.04189260558667,38.5509414380242],[-9.04123716683684,38.5520486720127],[-9.04050152471912,38.5536482520891],[-9.03916861529874,38.5541163913709],[-9.03684460040508,38.5547617323216],[-9.03568225963244,38.5550589539357],[-9.03439228758976,38.5555292878451],[-9.03439539862466,38.5554542130715],[-9.03358103210658,38.5556793891683]]]}},{"type":"Feature","id":"CRUS_Sesimbra_V.34912","properties":{"AREA_HA":247.114439833248,"Autor":"DGT","Categoria_2021":"Espaço de Equipamentos e Infraestruturas ","Classe_2021":"Solo Rústico","DTCC":"1511","Data_Pub_Origem":"1998-02-02T00:00:00","Designacao_no_plano":"Militar","Escala_origem":"1/25000","Fonte":"CM - Raster","ID1":34912,"Municipio":"SESIMBRA"},"geometry":{"type":"Polygon","coordinates":[[[-9.12127589127006,38.5660598351002],[-9.11972551838888,38.5664745578041],[-9.11813566182753,38.5665134293162],[-9.11634573623406,38.5657137217926],[-9.11499919921468,38.5642293994902],[-9.11459018444025,38.5633735515727],[-9.1153583364211,38.5621525986362],[-9.11286103200266,38.5601948310364],[-9.1101189336405,38.5583942436045],[-9.10897225925175,38.5578461137436],[-9.10838379415907,38.5572071529941],[-9.10701008851568,38.5558221951881],[-9.10682835948433,38.5556766994458],[-9.1066755699209,38.5555086216285],[-9.10653046607644,38.5553399419061],[-9.10647612026624,38.5552925083045],[-9.10627437680833,38.5551164242834],[-9.10590275229463,38.5548319856924],[-9.10506475921985,38.5542554248267],[-9.10422347002399,38.5537056402929],[-9.1026822314584,38.5528340396831],[-9.10137017130032,38.5520439314017],[-9.10096474076315,38.551818140988],[-9.10089156298424,38.5517773868413],[-9.10082848121822,38.5517807819349],[-9.10121389815496,38.55049984047],[-9.10331644020056,38.548975952895],[-9.10704055364123,38.5501100404242],[-9.10914861086895,38.5508959401492],[-9.11135928971951,38.5517010295237],[-9.11323316060513,38.5521875153969],[-9.11543025742862,38.5519883210399],[-9.11746128590607,38.550866509274],[-9.11809629511937,38.5505397851975],[-9.1197386725329,38.5490596479878],[-9.12068440213552,38.5490115007846],[-9.12376525793012,38.5498491842515],[-9.1272083926057,38.5509850064386],[-9.1271463233467,38.5520501118929],[-9.12691959542401,38.5541611059235],[-9.12656718055106,38.5564338571777],[-9.12637895805284,38.5571149838293],[-9.12636802533311,38.5571156756371],[-9.12587748202973,38.5575435344681],[-9.12580287904367,38.5576119578518],[-9.12579395295202,38.5577476167386],[-9.1257431455019,38.5579768442201],[-9.12584154495479,38.5580692222942],[-9.12608069090764,38.5581943031332],[-9.12564798432019,38.5602781490574],[-9.12523247011733,38.5616877158903],[-9.12461726674711,38.5634605272325],[-9.12295707928661,38.5655233849998],[-9.12127589127006,38.5660598351002]]]}},{"type":"Feature","id":"CRUS_Sesimbra_V.34913","properties":{"AREA_HA":2777.93011735501,"Autor":"DGT","Categoria_2021":"Espaço Florestal","Classe_2021":"Solo Rústico","DTCC":"1511","Data_Pub_Origem":"1998-02-02T00:00:00","Designacao_no_plano":"Florestal","Escala_origem":"1/25000","Fonte":"CM - Raster","ID1":34913,"Municipio":"SESIMBRA"},"geometry":{"type":"Polygon","coordinates":[[[-9.12562854366749,38.5757825754317],[-9.12449741246335,38.5751930537296],[-9.12039038095407,38.5662967110388],[-9.12127589127006,38.5660598351002],[-9.12295707928661,38.5655233849998],[-9.12461726674711,38.5634605272325],[-9.12523247011733,38.5616877158903],[-9.12564798432019,38.5602781490574],[-9.12608069090764,38.5581943031332],[-9.1268028603761,38.5581288572228],[-9.12706160723328,38.5581097125379],[-9.12728996452402,38.5582348825022],[-9.12780402375483,38.5587304773574],[-9.12789245348093,38.5588822569223],[-9.12798041635294,38.5590001436968],[-9.12854633733781,38.55934276427],[-9.1289288166235,38.559686941892],[-9.12902745520288,38.5597962639851],[-9.12931893147402,38.5598022576506],[-9.12954375772403,38.5597360827557],[-9.13030494610913,38.5585884457591],[-9.13035797081093,38.5582603350987],[-9.13005286181163,38.5580482613388],[-9.1299255576411,38.5582075255214],[-9.12984422373912,38.5585697719374],[-9.12971613701695,38.5586725498777],[-9.12956416240306,38.5586085239441],[-9.12950601948479,38.5585009762924],[-9.12937451112315,38.558355919836],[-9.12927581442307,38.558242361974],[-9.12899176616892,38.5581875800044],[-9.12899036313216,38.5580859045784],[-9.12880413334232,38.5580811335807],[-9.12864940060748,38.5580125393608],[-9.1285668035003,38.5578924887265],[-9.12827384268098,38.5575825030011],[-9.12796446010786,38.5570597498056],[-9.12724171897594,38.5570828379463],[-9.12683167401016,38.5570863196099],[-9.12637895805284,38.5571149838293],[-9.12656718055106,38.5564338571777],[-9.12691959542401,38.5541611059235],[-9.1271463233467,38.5520501118929],[-9.1272083926057,38.5509850064386],[-9.12376525793012,38.5498491842515],[-9.12068440213552,38.5490115007846],[-9.1197386725329,38.5490596479878],[-9.11809629511937,38.5505397851975],[-9.11746128590607,38.550866509274],[-9.11543025742862,38.5519883210399],[-9.11323316060513,38.5521875153969],[-9.11135928971951,38.5517010295237],[-9.10914861086895,38.5508959401492],[-9.10704055364123,38.5501100404242],[-9.10331644020056,38.548975952895],[-9.10121389815496,38.55049984047],[-9.10007457856363,38.5497583098234],[-9.09884376857956,38.546382707996],[-9.09859314585771,38.5437608087677],[-9.09865338058744,38.5402052578098],[-9.09961103954883,38.5382660453746],[-9.09991251820073,38.5376555420671],[-9.10095789297549,38.5371338719952],[-9.10082370548083,38.5375542352991],[-9.10313056680514,38.5374766709165],[-9.10668587625103,38.5373570411492],[-9.11282739082895,38.5368352642592],[-9.11361389484829,38.5367048527966],[-9.11813964672477,38.5356267110187],[-9.11977227735903,38.535117653867],[-9.12064960492553,38.5347140092619],[-9.12340797343106,38.5335267324289],[-9.12538831969696,38.5330889513467],[-9.12641654963713,38.5332940637175],[-9.1272557314562,38.5324139577097],[-9.12767723305369,38.5321131921341],[-9.12951889577355,38.5319117920066],[-9.13072293582125,38.5317715204108],[-9.13189408340793,38.5309628479984],[-9.13261701066907,38.530232287786],[-9.13334583747347,38.5299288778904],[-9.13488212767463,38.5298785953867],[-9.13545239761319,38.5300780298318],[-9.13611698606982,38.5302580795773],[-9.13922590790176,38.5302413563983],[-9.1397481667138,38.5294336660407],[-9.13975098910373,38.5293191128621],[-9.14057416214881,38.5282939270039],[-9.14195277883115,38.5279616530339],[-9.14269751641292,38.5279552337063],[-9.14329123613427,38.5285630579512],[-9.14363048105529,38.5287272976968],[-9.14475910578337,38.5295394560845],[-9.1454802715688,38.5291153051915],[-9.14596118560002,38.5292643819615],[-9.14613713981468,38.5291653454469],[-9.14613479607015,38.5289981994669],[-9.14531183186619,38.5284635589098],[-9.14530143941123,38.5283409954042],[-9.14481253579989,38.5276208303496],[-9.14460072965219,38.5276923132664],[-9.14377318322877,38.5268496940066],[-9.14371692069053,38.5267559974605],[-9.14357346008557,38.5265170833104],[-9.14381273836795,38.5258742112544],[-9.14403564481624,38.5253289934443],[-9.1445441888154,38.5249763511699],[-9.14481452120622,38.5246847363079],[-9.1449482307531,38.5246472185222],[-9.14544041260557,38.5246534118418],[-9.1460218746469,38.5243871849401],[-9.14642840517213,38.5239761972665],[-9.14633612392068,38.523862393035],[-9.14693886343035,38.5234340925507],[-9.1471489360601,38.5233720141596],[-9.14806359141122,38.5229573388603],[-9.14932400504443,38.522584851],[-9.15043843684911,38.5227408860066],[-9.15155435819646,38.5230023524317],[-9.15199536498829,38.5229985156868],[-9.15268202350296,38.5227364362887],[-9.1529455715215,38.5223876500529],[-9.15305615086578,38.5220703254221],[-9.15345646434382,38.5219011243155],[-9.15506707214005,38.5218870779867],[-9.15679293647509,38.5218870671536],[-9.15752709489607,38.5222723312048],[-9.15872379233917,38.5228192541512],[-9.1593614582048,38.5231601577589],[-9.16003491087824,38.5233199654929],[-9.16070429534625,38.5231935743221],[-9.16122006993,38.5230534638813],[-9.16186770280441,38.5227464785876],[-9.16207561513204,38.5225337444726],[-9.16232165843069,38.5223056095721],[-9.16270084593359,38.5220009790142],[-9.16296584515506,38.5217576117246],[-9.1632334204051,38.5216949987685],[-9.1636134589168,38.5214506178728],[-9.16454845691808,38.5211260239986],[-9.16527404308987,38.5209087220072],[-9.16557802215721,38.5207101991549],[-9.16711879146423,38.519837908954],[-9.16742276206353,38.5196393814],[-9.16785080608598,38.5187317096792],[-9.16801602959359,38.5182180462],[-9.16814872868807,38.5181114192089],[-9.16843632106261,38.5181088766835],[-9.16860693436001,38.5179717843278],[-9.16874816916871,38.5177202884478],[-9.17118589968609,38.5174980130821],[-9.17181023974639,38.5174924763938],[-9.17251121818521,38.5188687809373],[-9.17251506612884,38.5191363314683],[-9.17251955547605,38.5194484747893],[-9.17244050804891,38.5198728526993],[-9.1719756760647,38.521103410552],[-9.17134662774541,38.5227590977981],[-9.17118050544955,38.5230504549389],[-9.17105044844352,38.5238766620618],[-9.17105525249836,38.5242111012176],[-9.17129672255068,38.5252124036934],[-9.17139756722442,38.5263041485923],[-9.17175290217015,38.5273267386914],[-9.17150418454223,38.5277972189357],[-9.17134285786108,38.52842301419],[-9.1711350113472,38.5297627811268],[-9.17075877226838,38.5312378325135],[-9.1712337518776,38.5326830391051],[-9.17161814343981,38.5337499691287],[-9.17186190066864,38.5349073395551],[-9.17221600420547,38.5358407434158],[-9.17352261397002,38.5378583221023],[-9.17407964447488,38.5390797986221],[-9.17432313950865,38.5402148662172],[-9.17480661457198,38.5422397464064],[-9.1754720441816,38.5450657552004],[-9.17691053125013,38.548330841943],[-9.17716576771036,38.5483285658561],[-9.17746977037634,38.5497149104353],[-9.17763237558855,38.5511405730551],[-9.17775175422128,38.5535031638705],[-9.17856581664301,38.5548115154439],[-9.17934569833713,38.5557187915919],[-9.18015115195596,38.5583874238015],[-9.18092212003359,38.5606326854964],[-9.18141942751727,38.5616316692512],[-9.18263775798739,38.5632403699208],[-9.18273106488623,38.5633635710093],[-9.18269791936377,38.5635504626449],[-9.18265706048938,38.5648206502549],[-9.17864579890396,38.5665998204083],[-9.1713518080432,38.5698151221984],[-9.16449151642014,38.5726035392535],[-9.1608406930295,38.5739803257017],[-9.15615446365942,38.5748281844323],[-9.14643533352412,38.576257408289],[-9.14364545362938,38.5762431102664],[-9.14007206318958,38.5761970707327],[-9.13644386140823,38.5757287797324],[-9.13404388369857,38.5755956518147],[-9.12954393377573,38.5757877264106],[-9.12562854366749,38.5757825754317]]]}},{"type":"Feature","id":"CRUS_Sesimbra_V.34914","properties":{"AREA_HA":75.2825837166395,"Autor":"DGT","Categoria_2021":"Não Atribuída","Classe_2021":"Solo Urbano","DTCC":"1511","Data_Pub_Origem":"1998-02-02T00:00:00","Designacao_no_plano":"Transição","Escala_origem":"1/25000","Fonte":"CM - Raster","ID1":34914,"Municipio":"SESIMBRA"},"geometry":{"type":"Polygon","coordinates":[[[-9.11928002755109,38.4590670232685],[-9.12180541813946,38.4569308056366],[-9.12240649553725,38.4571001082512],[-9.12289741994712,38.4573226504855],[-9.12323908645793,38.4579823927582],[-9.12346154368058,38.4580328252717],[-9.12473573926246,38.4587718634914],[-9.12618226559119,38.4589440078725],[-9.12557357265766,38.4589013511507],[-9.12492369094179,38.4588112258356],[-9.12499521866222,38.4610738600858],[-9.1261124430216,38.4627219780798],[-9.12642828243693,38.4635799687659],[-9.12656242894388,38.4640133010407],[-9.12704343102554,38.4655670371698],[-9.12732356850072,38.4667759701254],[-9.12800189679546,38.4674555571374],[-9.12909025190399,38.4684663592773],[-9.12923872388492,38.4689432445672],[-9.1293340602976,38.4699784226007],[-9.12775126196657,38.4713466263155],[-9.12863739459804,38.4723910244182],[-9.1293164788307,38.4729248131209],[-9.12723948464151,38.4743614980966],[-9.12629604730709,38.473532118135],[-9.12531711054366,38.4720540598256],[-9.12463052477846,38.4705316490071],[-9.12399378156042,38.4687575967219],[-9.12246305860868,38.4649691327509],[-9.11797197365461,38.4605957112628],[-9.11766503574915,38.4603667072855],[-9.11921592649637,38.4591212432198],[-9.11928002755109,38.4590670232685]]]}},{"type":"Feature","id":"CRUS_Sesimbra_V.34915","properties":{"AREA_HA":46.3089458176438,"Autor":"DGT","Categoria_2021":"Não Atribuída","Classe_2021":"Solo Urbano","DTCC":"1511","Data_Pub_Origem":"1998-02-02T00:00:00","Designacao_no_plano":"Transição","Escala_origem":"1/25000","Fonte":"CM - Raster","ID1":34915,"Municipio":"SESIMBRA"},"geometry":{"type":"Polygon","coordinates":[[[-9.11151612007669,38.4522226274652],[-9.11192362884975,38.4519077922216],[-9.11245691221427,38.4503612858457],[-9.11561328349728,38.4516644227262],[-9.11612632249166,38.4518868083684],[-9.1185000742813,38.4535931927615],[-9.11823850415897,38.4539267076179],[-9.11751840508077,38.4547872042591],[-9.11655059189837,38.4553707749906],[-9.11525748782223,38.4564976311483],[-9.1146132867495,38.4570496188684],[-9.11459983275874,38.4570611468908],[-9.11239938543618,38.4577530627867],[-9.11222513371085,38.4579870214203],[-9.10852784987778,38.4579016131249],[-9.10801928700809,38.4574640932949],[-9.10708493686418,38.4561466045101],[-9.10716809293978,38.4559199643763],[-9.10717050543668,38.4559133907828],[-9.10737464659827,38.4557024413801],[-9.10778698960424,38.4555827612627],[-9.10831853020131,38.4555318369533],[-9.10926366233329,38.4554542152687],[-9.10976469435886,38.4553337882846],[-9.11002670074866,38.4550293511355],[-9.11016574386771,38.4543771864148],[-9.10998428217436,38.454076447903],[-9.10963107931114,38.4541956427842],[-9.10865733988645,38.4543432568286],[-9.10762540417295,38.4545610972459],[-9.10686079366401,38.454869706807],[-9.10691054651857,38.4541717879849],[-9.10826799689734,38.4539744952358],[-9.10912222430434,38.453734879398],[-9.11029663118891,38.4531205850152],[-9.11151612007669,38.4522226274652]]]}},{"type":"Feature","id":"CRUS_Sesimbra_V.34916","properties":{"AREA_HA":69.5422659279823,"Autor":"DGT","Categoria_2021":"Espaço de Uso Especial - Turístico","Classe_2021":"Solo Urbano","DTCC":"1511","Data_Pub_Origem":"1998-02-02T00:00:00","Designacao_no_plano":"Turístico","Escala_origem":"1/25000","Fonte":"CM - Raster","ID1":34916,"Municipio":"SESIMBRA"},"geometry":{"type":"Polygon","coordinates":[[[-9.1318669823982,38.4335135700502],[-9.13307504588837,38.4343053990472],[-9.13410483607866,38.4350289889374],[-9.13486526394295,38.4355107440627],[-9.13598544726635,38.4363556076949],[-9.13681337139792,38.4369065235079],[-9.13706132071309,38.4372008391368],[-9.13708542013527,38.4373401343451],[-9.13691459770703,38.4378124142561],[-9.1364565521794,38.4383569051244],[-9.13564525525753,38.4390090424307],[-9.13500791714152,38.4394155608186],[-9.1343445486512,38.4395432948393],[-9.13396985142218,38.4397034352261],[-9.13295923730138,38.4403746946918],[-9.13212139148442,38.4407131570226],[-9.13205464446282,38.4406962878491],[-9.13099533988162,38.4410540683553],[-9.13090762326975,38.441124565784],[-9.12979989270993,38.4411863071726],[-9.12924111328984,38.4408597437007],[-9.12848377692297,38.4406046149195],[-9.12779343083701,38.4403837881641],[-9.12728877983917,38.4400958977157],[-9.12710069879045,38.4399886010566],[-9.12596834233273,38.4390869449829],[-9.12580058522127,38.4389533633874],[-9.12517562726427,38.4384434470514],[-9.1246795247321,38.4380386592947],[-9.1258527221234,38.4362849580567],[-9.12606030611215,38.4352543757761],[-9.12605170828709,38.4346266924919],[-9.12584408628886,38.4340355703281],[-9.12546032815563,38.4335331283775],[-9.12471231813504,38.4333641230861],[-9.12357060322407,38.4333937428971],[-9.1250807025483,38.4320857044543],[-9.12615567695348,38.4327805792964],[-9.12683121300714,38.4328654172877],[-9.12674124364779,38.4319710660054],[-9.12721044908079,38.4320006088763],[-9.12716191791621,38.4327318303269],[-9.12771269134476,38.4328840948842],[-9.12837912231064,38.4329830623013],[-9.12914278931843,38.4328981035726],[-9.12975719127087,38.4328405661283],[-9.13017263336546,38.4328239534643],[-9.12985753755446,38.43234687299],[-9.13032444110465,38.4322088088099],[-9.13056716111261,38.4324958188357],[-9.1318669823982,38.4335135700502]]]}},{"type":"Feature","id":"CRUS_Sesimbra_V.34917","properties":{"AREA_HA":681.036459614073,"Autor":"DGT","Categoria_2021":"Espaço Agrícola","Classe_2021":"Solo Rústico","DTCC":"1511","Data_Pub_Origem":"1998-02-02T00:00:00","Designacao_no_plano":"Agrícola","Escala_origem":"1/25000","Fonte":"CM - Raster","ID1":34917,"Municipio":"SESIMBRA"},"geometry":{"type":"Polygon","coordinates":[[[-9.02939171434909,38.4715181150133],[-9.03077885452631,38.4709187149782],[-9.03149937190215,38.4707101645079],[-9.03340519905377,38.4702894790047],[-9.03562188415188,38.4699475779305],[-9.03708995623777,38.4696317173919],[-9.0394298686307,38.4688218320095],[-9.04073609894467,38.4679590056877],[-9.04157802282587,38.4671403715197],[-9.04162049633234,38.4664091450516],[-9.04292410641932,38.4653432878269],[-9.04382374431447,38.4650114536657],[-9.04480441317997,38.4649632205947],[-9.04684039110181,38.4646428170529],[-9.04797494952772,38.4645121461431],[-9.04936179838719,38.4639125288989],[-9.05025470342853,38.4630528278172],[-9.05125086542605,38.4621923115739],[-9.05152097781465,38.4610938484069],[-9.05050220427908,38.4601679066212],[-9.0516026280327,38.4593877815924],[-9.05367405626399,38.4578082137169],[-9.05790585620981,38.4575921602985],[-9.05975512775577,38.4568263471733],[-9.0611127917985,38.4559831901086],[-9.06267529646142,38.4546562378917],[-9.06372666814257,38.4537633249522],[-9.06514037588778,38.4533335815608],[-9.06644612233719,38.4531313721643],[-9.06680179084221,38.4531982886886],[-9.0677610832088,38.4536440193751],[-9.06907944284027,38.454418191037],[-9.06973778761554,38.4548881057856],[-9.06927552108634,38.4551533661922],[-9.06819868812918,38.4559117871076],[-9.06712115693534,38.4566178896937],[-9.06674756755608,38.4568824331187],[-9.06665010123502,38.4569513397419],[-9.06582455634692,38.457534979145],[-9.06521040260822,38.4580629982153],[-9.06481798761374,38.4585892498609],[-9.06480119609036,38.4590078881631],[-9.0650803081392,38.4600170532198],[-9.06524204219764,38.4605214589565],[-9.06591403996507,38.4610392398895],[-9.06754545134562,38.4620027481278],[-9.06843721319432,38.4623618228793],[-9.06901649075596,38.4625664476529],[-9.07053167863898,38.4631123378863],[-9.07131010211392,38.4632804836092],[-9.07282011893181,38.4634253186046],[-9.07362711128887,38.4635454955092],[-9.0741534094333,38.4636238678171],[-9.0753991375088,38.4639102948322],[-9.07651113502878,38.4641454716743],[-9.0773730590163,38.4639118377919],[-9.07852579734031,38.4636714918242],[-9.0793675242268,38.4647767315394],[-9.08012575540961,38.4655411813137],[-9.08008800860056,38.4655382641937],[-9.08009484936444,38.4660613378075],[-9.0803513383188,38.4671173009896],[-9.08035271039954,38.4671229489053],[-9.08079893534389,38.4685950000028],[-9.08085516879938,38.4690784389597],[-9.08066703424733,38.4699562019109],[-9.08066640416219,38.4699592761322],[-9.08046680111636,38.4699410624302],[-9.07952265354335,38.4698549036294],[-9.07774473012622,38.4703298170548],[-9.07566446936822,38.4710733173125],[-9.07510213349696,38.4702214188227],[-9.07377763162902,38.4707554290456],[-9.07445810940589,38.4716913011766],[-9.07335303671561,38.4719506593508],[-9.07294244050765,38.4720600819987],[-9.06972575291836,38.4724836048271],[-9.06984185970869,38.4726249218404],[-9.0680792304885,38.4734059620824],[-9.06647025096957,38.4736682432639],[-9.06584700043769,38.4734025058391],[-9.06468569253563,38.4714626935357],[-9.06333908694124,38.4711756221478],[-9.06055128462986,38.471278938377],[-9.05893463456724,38.4741070285014],[-9.0576952388937,38.4768238368488],[-9.05605971779226,38.4781902448934],[-9.05351576471149,38.4785351042449],[-9.05053706142453,38.482619000694],[-9.04948874917807,38.4841431362594],[-9.04948756301869,38.486768951676],[-9.04943856915151,38.4883394037896],[-9.04893467004048,38.4893449397027],[-9.0484112041702,38.4887495946231],[-9.0481309354641,38.4884308366141],[-9.04726142371311,38.4877608729073],[-9.04710311142513,38.4875661152124],[-9.0468024577189,38.4871962450423],[-9.04673664742923,38.4871152838884],[-9.04666500545977,38.4869919013277],[-9.04631416974012,38.4863876842478],[-9.04627407946657,38.4859295696491],[-9.04623368047929,38.4854679261575],[-9.04587693309541,38.4846333891979],[-9.04577234213346,38.4843887148482],[-9.04524836781445,38.4843536059718],[-9.04504849163415,38.4843402131046],[-9.04418757756536,38.4843469129413],[-9.04370941776276,38.4842425138607],[-9.04257366203698,38.4839945298894],[-9.04239177307415,38.4839548147171],[-9.04235293835367,38.4839196901851],[-9.04159056014397,38.483230136935],[-9.0414342327646,38.4831958773991],[-9.0412813106697,38.4831623641618],[-9.04027825657145,38.482942536362],[-9.03892886351912,38.4827480617659],[-9.03841702137136,38.482674290929],[-9.03813916353759,38.4826342424544],[-9.0379065070758,38.4820958889477],[-9.03738528458175,38.4808897744932],[-9.03728801613587,38.4806646909335],[-9.03716736360989,38.4805716963031],[-9.03634915265835,38.4799410389883],[-9.03574900856984,38.4796775711162],[-9.03562197652016,38.4796218021864],[-9.03463314619946,38.4790999270533],[-9.03440868211312,38.4789814593702],[-9.03419129351314,38.4781168843666],[-9.03254129100051,38.4755849648996],[-9.031465736954,38.474243089923],[-9.03053854150665,38.4730249151949],[-9.0305111634449,38.4730093657981],[-9.03035493559769,38.4728858901931],[-9.03006842651564,38.472614961316],[-9.02939171434909,38.4715181150133]],[[-9.03694468306487,38.4786177955208],[-9.03759598229913,38.4793604327692],[-9.03841022439848,38.4798214326539],[-9.0395116710077,38.4804297379003],[-9.04006228295861,38.4807245413372],[-9.04068446572011,38.4810374798259],[-9.04106771019605,38.4812588090267],[-9.04253783601746,38.4828174990359],[-9.0427553576356,38.4830961840189],[-9.04307057767691,38.4835797166573],[-9.04389738824514,38.4831433839672],[-9.04345834083425,38.482268291353],[-9.04304707694368,38.4817107387677],[-9.04237474087333,38.4811925951474],[-9.04194018337301,38.4806726028616],[-9.04100538465001,38.4800817203196],[-9.03992864615291,38.4795480040194],[-9.03866030850922,38.4789036102703],[-9.03791249714041,38.4780495747056],[-9.03694468306487,38.4786177955208]]]}},{"type":"Feature","id":"CRUS_Sesimbra_V.34918","properties":{"AREA_HA":574.5199238787,"Autor":"DGT","Categoria_2021":"Não Atribuída","Classe_2021":"Solo Urbano","DTCC":"1511","Data_Pub_Origem":"1998-02-02T00:00:00","Designacao_no_plano":"Urbano/Urbanizável","Escala_origem":"1/25000","Fonte":"CM - Raster","ID1":34918,"Municipio":"SESIMBRA"},"geometry":{"type":"Polygon","coordinates":[[[-9.09440790821549,38.4788298826222],[-9.09465919920025,38.4781997814915],[-9.09527122278513,38.47766092384],[-9.09524993667969,38.4760596010274],[-9.09527840113824,38.4751958143436],[-9.09489853967646,38.4751675320596],[-9.09489624513324,38.4749948406659],[-9.09602705637498,38.4744203151938],[-9.09665712852821,38.4737399925883],[-9.09695368907954,38.4733331045963],[-9.09718671020971,38.4730133912205],[-9.09726901717285,38.4727925136745],[-9.0977266293261,38.4715644573706],[-9.09830227904871,38.4698012067599],[-9.09746001566803,38.4695412274795],[-9.09766921871463,38.4687544567344],[-9.09848857452327,38.4687948096028],[-9.09879823698317,38.4680543113672],[-9.09879551495008,38.4678502214417],[-9.09837491632538,38.4677594820938],[-9.09850213752665,38.4668163753252],[-9.0986819336981,38.4653232997652],[-9.09845370488799,38.4646814404548],[-9.09827211032309,38.4645416282682],[-9.0974605384944,38.4650821459264],[-9.0972845899526,38.4653662112408],[-9.09724967064759,38.4657433224963],[-9.09711010310091,38.4657601725611],[-9.09668909968458,38.4656380284009],[-9.09595821186944,38.4662406750295],[-9.09580911058731,38.4670426506287],[-9.09568540205064,38.4682526430021],[-9.09546810358239,38.4699344325881],[-9.09540471117021,38.4711753296473],[-9.09482934518812,38.4714626725604],[-9.09457265794386,38.4716845934548],[-9.09451754315424,38.4720461679156],[-9.09452150449455,38.4723444535581],[-9.0936630033383,38.4723671980696],[-9.09357248323392,38.4726495463234],[-9.09356711131895,38.4726663025286],[-9.09357739888147,38.473441687673],[-9.09357748909826,38.4734484872818],[-9.09358132886748,38.4737378872365],[-9.09358190023349,38.4737809502223],[-9.09450178828183,38.4738676096874],[-9.09449495400221,38.4748568257666],[-9.09426114249134,38.4752983717641],[-9.09394536049049,38.4755835799923],[-9.09352805527085,38.4757440120679],[-9.09326843359577,38.4757461405045],[-9.09319729560245,38.4764061634696],[-9.092968676088,38.4772401880335],[-9.09311909461483,38.4780397041504],[-9.09276689168241,38.4785921236007],[-9.09140715180769,38.4784776483543],[-9.09132581006061,38.4783684075015],[-9.09074393155393,38.4781690532031],[-9.08988535957801,38.4781917709166],[-9.08912629519137,38.4766749750321],[-9.08984634652502,38.4752403085862],[-9.08710930935465,38.4751841279013],[-9.08632268555209,38.4734961833765],[-9.08632041160237,38.4733234915003],[-9.08669281573,38.4727866269245],[-9.08704317625414,38.4720929316917],[-9.08713826707945,38.4717310349929],[-9.0862949859878,38.4713924782995],[-9.08568067432076,38.4717585978414],[-9.08308089428373,38.4730200883829],[-9.08089438817156,38.4745341422276],[-9.08045166660579,38.4744575904314],[-9.08064631674899,38.4743258337084],[-9.07994222818913,38.4734313373426],[-9.07864252548657,38.4717879989512],[-9.07863979155608,38.4715786746913],[-9.0778536923298,38.4705173503245],[-9.07774473012622,38.4703298170548],[-9.07952265354335,38.4698549036294],[-9.08046680111636,38.4699410624302],[-9.08066640416219,38.4699592761322],[-9.08066703424733,38.4699562019109],[-9.08090681611455,38.4699812130385],[-9.08135476901667,38.4700279359425],[-9.08168769740836,38.4700626599421],[-9.08196637048567,38.4700917247763],[-9.081888868239,38.4692553463735],[-9.08141939598099,38.4672579620897],[-9.08129231311452,38.4667172653139],[-9.08116071359401,38.4661573424577],[-9.08110928387358,38.4656171915417],[-9.08095040019451,38.4650074534393],[-9.08145625710694,38.465003359337],[-9.0827622070328,38.4650974524625],[-9.0830084140596,38.4655978885667],[-9.08312957468597,38.4672025164545],[-9.08316955000298,38.4677319167828],[-9.08237189595525,38.4678221226173],[-9.08255525285906,38.4696210165561],[-9.08515796741482,38.4690974601208],[-9.08834170517265,38.4682132207833],[-9.09070082421134,38.4673984429881],[-9.09243829314381,38.4669002809851],[-9.09340656454449,38.4666226464538],[-9.09434489916513,38.4658830613707],[-9.0948559003512,38.4654802855328],[-9.09511852609439,38.4652059787753],[-9.09438995242757,38.4644792470514],[-9.09440573861093,38.4636626654786],[-9.09543264787331,38.4627959132964],[-9.09717193958857,38.4614417948387],[-9.09825370301206,38.4607001745261],[-9.0996066926491,38.4603331310114],[-9.10263069181979,38.4594916911675],[-9.10299779218737,38.459069959635],[-9.10318470453098,38.459110280766],[-9.10324327561341,38.4595075542024],[-9.10337750592319,38.4595901818182],[-9.10403463471599,38.4589566972749],[-9.10461329161173,38.4584285334797],[-9.10487192316797,38.4578611531245],[-9.1048057638776,38.4568987070978],[-9.10466872821395,38.4566067587458],[-9.10561723926174,38.4558661755579],[-9.10598824002959,38.4557374871237],[-9.10633430570844,38.4557346127443],[-9.10676107680688,38.4557938706645],[-9.10716809293978,38.4559199643763],[-9.10708493686418,38.4561466045101],[-9.10801928700809,38.4574640932949],[-9.10852784987778,38.4579016131249],[-9.11222513371085,38.4579870214203],[-9.11239938543618,38.4577530627867],[-9.11459983275874,38.4570611468908],[-9.1146132867495,38.4570496188684],[-9.11525748782223,38.4564976311483],[-9.11655059189837,38.4553707749906],[-9.11751840508077,38.4547872042591],[-9.11823850415897,38.4539267076179],[-9.1185000742813,38.4535931927615],[-9.11612632249166,38.4518868083684],[-9.11561328349728,38.4516644227262],[-9.11661261775773,38.4501389621487],[-9.11739872381375,38.4492430404273],[-9.11812611993535,38.448923049979],[-9.11876147552847,38.4490332928393],[-9.11833048638349,38.449370316889],[-9.11937390002335,38.4500769524502],[-9.12173199209307,38.4516667597212],[-9.12291865436187,38.4507462133181],[-9.12350864055067,38.4500420719893],[-9.12370593028588,38.4497904733989],[-9.12399636071759,38.4494200907034],[-9.12557411615022,38.4494169062292],[-9.12651874939278,38.4494149889594],[-9.12872573745823,38.4494931774716],[-9.12873148780059,38.4499116312976],[-9.1288834532065,38.4502125922444],[-9.13037213338695,38.4509671855433],[-9.13020023580686,38.4513668077848],[-9.1309834655223,38.4518832675855],[-9.13057947645358,38.4531422170149],[-9.13047789812297,38.4532553755037],[-9.13019408708135,38.4531044162692],[-9.13002147635354,38.4530126035146],[-9.12973919399534,38.4528109135038],[-9.12908239983539,38.4523179479747],[-9.12812664895938,38.4536589966016],[-9.12799460888836,38.4538442635538],[-9.12707793984462,38.4549157391908],[-9.12636287716483,38.4561289310682],[-9.12597267493853,38.4567909369588],[-9.12598773204469,38.4578893782961],[-9.12618226559119,38.4589440078725],[-9.12473573926246,38.4587718634914],[-9.12346154368058,38.4580328252717],[-9.12323908645793,38.4579823927582],[-9.12289741994712,38.4573226504855],[-9.12240649553725,38.4571001082512],[-9.12180541813946,38.4569308056366],[-9.11928002755109,38.4590670232685],[-9.11921592649637,38.4591212432198],[-9.11766503574915,38.4603667072855],[-9.11720258506094,38.4608816166252],[-9.11716789457833,38.4613122426501],[-9.1172765242888,38.4616899066889],[-9.11737454396065,38.4620306798541],[-9.11705023309343,38.4624492462906],[-9.11691886111712,38.4632319088348],[-9.11636492270756,38.4642693343711],[-9.11688236929586,38.4657722826312],[-9.11712115363498,38.4676683481164],[-9.11807337922006,38.4698096319255],[-9.11987489635332,38.4697840023636],[-9.12025507457007,38.4703250984195],[-9.12071684842329,38.4709911128837],[-9.12018746935779,38.4712258559455],[-9.11832393161508,38.4712624788479],[-9.11784437746149,38.4712455769728],[-9.11785234982288,38.4718316786818],[-9.11813171381183,38.4727923204347],[-9.11899687886566,38.4737480332001],[-9.11971552207526,38.4737210472109],[-9.12059221198768,38.4735671178594],[-9.12136353523855,38.4734978090561],[-9.12161918305321,38.4746679885731],[-9.12143622187557,38.474920747564],[-9.12118137737807,38.4757602799663],[-9.11973948741976,38.4754793504219],[-9.11835456642888,38.475470073312],[-9.1169178134231,38.4755658875501],[-9.11641103494434,38.475507339119],[-9.11664641752602,38.4751913439628],[-9.11661353344308,38.474731059218],[-9.11631551434628,38.4743567392243],[-9.11633531873328,38.4738541425527],[-9.11603503098589,38.4733123636734],[-9.11568092703279,38.472729165877],[-9.11562227393858,38.4717218536274],[-9.1156114803137,38.4715364765622],[-9.11556781066421,38.4702807669175],[-9.11561594929839,38.4699035400647],[-9.11542644638052,38.469674849181],[-9.11430164975147,38.4692027796542],[-9.11325447738969,38.4685625742366],[-9.11261066021641,38.4682120705213],[-9.1115012158641,38.4669024613285],[-9.11125622355379,38.4665067495456],[-9.11027140399399,38.4665359039799],[-9.10981003584173,38.4658907781757],[-9.10868843734217,38.4656489086683],[-9.10883633538102,38.4647684227526],[-9.10838232248573,38.4646675299629],[-9.10832118139419,38.464081869164],[-9.1060477771416,38.4633261910709],[-9.10423206348512,38.4629434990701],[-9.10392072377521,38.4635531849777],[-9.10507985521318,38.4646112395815],[-9.10555410438886,38.4662192699883],[-9.10756980104322,38.4676051391733],[-9.10765150625988,38.4697188558752],[-9.10881530697458,38.4711117873958],[-9.10973443035409,38.4721299230525],[-9.11129545097681,38.4733520392697],[-9.1109271978717,38.4736900674101],[-9.11160588867826,38.4746473906602],[-9.11104247303145,38.4743380776531],[-9.1105068183041,38.474112267495],[-9.11031845033894,38.4739672971524],[-9.1099490608016,38.4742215935611],[-9.1111093016883,38.475342379901],[-9.11111745315363,38.4753531010382],[-9.11167866938832,38.4760912694115],[-9.1113455201958,38.4770570434799],[-9.11123444280153,38.4786908677557],[-9.11144429141479,38.4790193633378],[-9.11077960866321,38.478935496362],[-9.1092381096908,38.4785012702412],[-9.10790896048062,38.4783484097446],[-9.10765471819722,38.4784043028687],[-9.10713395977128,38.4785187866133],[-9.10622846344165,38.4788541740384],[-9.10600359059407,38.4790497773393],[-9.10579937409197,38.4792672879206],[-9.10560180025004,38.4786728175628],[-9.10348547874523,38.4791970635407],[-9.10292876351051,38.4800958399021],[-9.1024811852903,38.4806509469423],[-9.10178496639181,38.4810441782957],[-9.10111088441862,38.4816756667281],[-9.10058825094097,38.4822909971316],[-9.10118091163764,38.4826586692149],[-9.10059120805323,38.4839302748899],[-9.10054997768288,38.4849708150616],[-9.10018481962206,38.4851412076598],[-9.09996574105617,38.4851901196103],[-9.099104784723,38.4850402141681],[-9.09774072929488,38.484611829956],[-9.09687852956203,38.4843677126462],[-9.09559961266449,38.4843311268511],[-9.09497693725205,38.4842113587692],[-9.0947384663229,38.4841654893536],[-9.09475405775563,38.4838356418823],[-9.09570434118626,38.4816925084311],[-9.09559863262578,38.4812537504197],[-9.09488791369461,38.480380335852],[-9.09452465988419,38.4801007008074],[-9.09459975138665,38.4797389628163],[-9.09417929678078,38.4796639091166],[-9.09440790821549,38.4788298826222]],[[-9.091261407019,38.4753515716633],[-9.09180914431909,38.475990829361],[-9.09252331377934,38.4756238600379],[-9.09252123294171,38.4754668673555],[-9.09260062191544,38.4754031447381],[-9.09345007382689,38.4747213105275],[-9.09329965932191,38.4739217943457],[-9.09331775498801,38.4737803367732],[-9.09343320377941,38.4734496702754],[-9.09329341218717,38.4734508162555],[-9.09266170332932,38.4734800367768],[-9.09205587771705,38.4735080573946],[-9.09097477897418,38.4733127897572],[-9.09080127782327,38.4737852378005],[-9.09017820691586,38.4749993051816],[-9.09110018582332,38.4752429830605],[-9.091261407019,38.4753515716633]]]}},{"type":"Feature","id":"CRUS_Sesimbra_V.34919","properties":{"AREA_HA":124.713449183375,"Autor":"DGT","Categoria_2021":"Não Atribuída","Classe_2021":"Solo Urbano","DTCC":"1511","Data_Pub_Origem":"1998-02-02T00:00:00","Designacao_no_plano":"Urbano/Urbanizável","Escala_origem":"1/25000","Fonte":"CM - Raster","ID1":34919,"Municipio":"SESIMBRA"},"geometry":{"type":"Polygon","coordinates":[[[-9.1001173121512,38.4549890419164],[-9.09909655411889,38.4545448670299],[-9.09929448635397,38.4544211705178],[-9.09979353606378,38.453597484635],[-9.10024450428781,38.4524951900942],[-9.10071530353876,38.4512183534121],[-9.10072839465224,38.4505381766798],[-9.10016617933615,38.4499499378546],[-9.09958296473179,38.4494490581871],[-9.09900635620793,38.447779797103],[-9.09875410650262,38.4471541195335],[-9.09852891135257,38.4468944108895],[-9.09826285920169,38.4468966028926],[-9.09721999516689,38.4485094554852],[-9.09484695076325,38.4484766463069],[-9.09511990127696,38.4473235184214],[-9.09515729903512,38.4468000813191],[-9.09485958688554,38.4460875804773],[-9.09472262975425,38.4457922634249],[-9.09471985318577,38.4455830346918],[-9.09493808765925,38.4453196777878],[-9.0946829206093,38.4449285879696],[-9.09464385551123,38.4448687131847],[-9.09401476081677,38.4442461169554],[-9.09332101508167,38.4437635499688],[-9.09329561106138,38.4435196299307],[-9.09344433122153,38.443030155449],[-9.09330923287912,38.4428743241985],[-9.09301894710498,38.4427197634102],[-9.09273004782352,38.4426698168155],[-9.09239634745927,38.4425853605958],[-9.09201531006581,38.4422746017586],[-9.09165852062696,38.4421205818198],[-9.09167792240658,38.4419111704957],[-9.09183126351001,38.4417704147317],[-9.09217812988401,38.4411746938614],[-9.09233170038355,38.4410513729776],[-9.09249444243105,38.4411050696847],[-9.09331153500276,38.4413746634398],[-9.0942692102993,38.4416981274305],[-9.09569523223013,38.4422269883423],[-9.09633954029681,38.4423263194299],[-9.0967143366877,38.4421662981902],[-9.09682402566818,38.4420782080721],[-9.09835767079324,38.442362023832],[-9.10022433726682,38.4426779467551],[-9.1015568483941,38.4428413169163],[-9.10233348838253,38.4428872079614],[-9.10384359881832,38.4430665210607],[-9.10586362319706,38.4432415812946],[-9.10608528898318,38.4432491093509],[-9.10792658838238,38.4433116241164],[-9.10949970589011,38.4432287736587],[-9.11000702547144,38.4430327307861],[-9.11013628292013,38.4427526502153],[-9.11137401744553,38.4424633195147],[-9.11190161170099,38.4421275973444],[-9.11265230937226,38.4418946339413],[-9.11357681760662,38.4413986460069],[-9.1142591063522,38.4410267438464],[-9.11443532642613,38.4411230145451],[-9.1149608126754,38.4414100905004],[-9.11510791042045,38.4414904496088],[-9.11555318546781,38.4416262185908],[-9.11573432259824,38.4419037023091],[-9.11625178630908,38.4424573667336],[-9.11604240079602,38.443645121477],[-9.11592237527299,38.4443259601288],[-9.11539218330852,38.4444699081662],[-9.11448722156972,38.4447739317943],[-9.11291855700329,38.4451881268758],[-9.11297232898649,38.4458851841058],[-9.11255155912804,38.4459235771633],[-9.11191167352686,38.4461556142647],[-9.11156898926114,38.4454086575488],[-9.11133881140418,38.4447828238974],[-9.1118232603195,38.4445346501768],[-9.11182137644091,38.4443951650323],[-9.1119303423802,38.4442547529565],[-9.11206171428487,38.4441315918543],[-9.11190346260063,38.4439062243924],[-9.11048952151656,38.4442842195255],[-9.1102248904816,38.4443910520203],[-9.11023523510986,38.4451582233411],[-9.1103427274634,38.4465523399468],[-9.11001369218523,38.4468166491704],[-9.10836858724555,38.4464990391124],[-9.10786968185315,38.4473227614852],[-9.10694951137072,38.4481499840323],[-9.10569580970281,38.4489102172907],[-9.10636938869261,38.4495323791764],[-9.10608560491272,38.4498660518537],[-9.10582118106743,38.4499903118898],[-9.10512010173711,38.4506238860123],[-9.10384790423672,38.4516632554238],[-9.10323361380248,38.4521565983033],[-9.102708238961,38.4526666394848],[-9.10174779218396,38.453808032454],[-9.10098967209776,38.4551569972042],[-9.10059101552157,38.4551951648362],[-9.1001173121512,38.4549890419164]]]}},{"type":"Feature","id":"CRUS_Sesimbra_V.34920","properties":{"AREA_HA":28.8862445128013,"Autor":"DGT","Categoria_2021":"Espaço de Uso Especial Equipamentos e Infraestruturas","Classe_2021":"Solo Urbano","DTCC":"1511","Data_Pub_Origem":"1998-02-02T00:00:00","Designacao_no_plano":"Portuário","Escala_origem":"1/25000","Fonte":"CM - Raster","ID1":34920,"Municipio":"SESIMBRA"},"geometry":{"type":"Polygon","coordinates":[[[-9.10959027215568,38.4422296031663],[-9.10976814632026,38.4415780085256],[-9.11003561239539,38.4416386927682],[-9.11040859523547,38.4416146108816],[-9.11057195993863,38.441864904384],[-9.11101870462275,38.441378835331],[-9.11056036465704,38.4410051754734],[-9.10970239005061,38.4406558177149],[-9.11038371280384,38.4397693396459],[-9.11210050398756,38.440530947852],[-9.11294261285872,38.4397060255516],[-9.11495266490491,38.4402033141615],[-9.11517202731066,38.4398133344872],[-9.11494545570665,38.4388101746801],[-9.114900580178,38.4385616185051],[-9.11402606750464,38.4389839346124],[-9.11340889798165,38.4386955007986],[-9.11364146899562,38.438148299291],[-9.11318313767494,38.4377746502896],[-9.11188895434134,38.4386872363539],[-9.11159228932412,38.4384380578216],[-9.11417409352694,38.4361305913506],[-9.11383970745429,38.4350638506649],[-9.11151207841168,38.4364464484181],[-9.10767881308637,38.4388901016611],[-9.10717338545826,38.438978190055],[-9.10684979269016,38.4387082519353],[-9.10764059282947,38.4380305933188],[-9.11062919182034,38.4362231332102],[-9.11298178964968,38.4347145158357],[-9.11452632182125,38.4345757609448],[-9.11540124366773,38.4342119160707],[-9.11617037061998,38.4344358220191],[-9.1158454332143,38.4349017160313],[-9.11577088765683,38.4356519695612],[-9.11627582432556,38.4385268624595],[-9.11588499685704,38.4403944083759],[-9.1149608126754,38.4414100905004],[-9.11443532642613,38.4411230145451],[-9.1142591063522,38.4410267438464],[-9.11357681760662,38.4413986460069],[-9.11265230937226,38.4418946339413],[-9.11190161170099,38.4421275973444],[-9.11137401744553,38.4424633195147],[-9.11013628292013,38.4427526502153],[-9.11000702547144,38.4430327307861],[-9.10949970589011,38.4432287736587],[-9.10792658838238,38.4433116241164],[-9.10608528898318,38.4432491093509],[-9.10658731916132,38.4429885886994],[-9.10784016634717,38.4429572011541],[-9.10849882224986,38.4423645226429],[-9.10895179573084,38.4423397794323],[-9.10959027215568,38.4422296031663]]]}},{"type":"Feature","id":"CRUS_Sesimbra_V.34921","properties":{"AREA_HA":76.1945240991375,"Autor":"DGT","Categoria_2021":"Espaço Agrícola","Classe_2021":"Solo Rústico","DTCC":"1511","Data_Pub_Origem":"1998-02-02T00:00:00","Designacao_no_plano":"Agrícola","Escala_origem":"1/25000","Fonte":"CM - Raster","ID1":34921,"Municipio":"SESIMBRA"},"geometry":{"type":"Polygon","coordinates":[[[-9.03206292092337,38.5729226888576],[-9.03153081347699,38.5718203907719],[-9.03093171782691,38.5705405655262],[-9.03072184543133,38.5692959031465],[-9.03061469685131,38.5684955498314],[-9.03109347860354,38.5679196092755],[-9.031354572989,38.5667730698864],[-9.03140954275555,38.5659841905191],[-9.03094433935729,38.5650466964041],[-9.03119856902445,38.564650516777],[-9.031257547525,38.5628823913395],[-9.03183730294086,38.5613137413135],[-9.0324371887139,38.5600628601592],[-9.03249343906578,38.5599259089752],[-9.03279873300136,38.559182602912],[-9.0328159092802,38.5591333222456],[-9.03322092322575,38.5579712345098],[-9.03360975889151,38.5566838189458],[-9.03358103210658,38.5556793891683],[-9.03416043607635,38.5555991511829],[-9.03422531441843,38.5555901660648],[-9.03432286192693,38.5559790264578],[-9.03461164622982,38.5571301975525],[-9.03498170040627,38.5590942561785],[-9.03513984370001,38.5596525889973],[-9.03594328270374,38.5617319958194],[-9.03539798999843,38.5647543843539],[-9.03544647986617,38.5651779135926],[-9.03571346369207,38.565803230234],[-9.03624150304131,38.5665791369602],[-9.03677719889272,38.5679654007806],[-9.03618419684376,38.5689025624823],[-9.03490577891135,38.5688669250261],[-9.035084872641,38.5713906484036],[-9.03541697381086,38.5719904069548],[-9.03607101240748,38.5719385729395],[-9.03675898870887,38.5734084408449],[-9.03817715923849,38.5762630572554],[-9.03876264687054,38.5764450448436],[-9.039058157119,38.5770271951618],[-9.03906048338568,38.5770317776194],[-9.03510358245112,38.5761983216121],[-9.03375421026107,38.575914063249],[-9.03348703998083,38.5754042842679],[-9.03318610733062,38.5746562930386],[-9.03206292092337,38.5729226888576]]]}},{"type":"Feature","id":"CRUS_Sesimbra_V.34922","properties":{"AREA_HA":3.77173138368614,"Autor":"DGT","Categoria_2021":"Espaço de Uso Especial Equipamentos e Infraestruturas","Classe_2021":"Solo Urbano","DTCC":"1511","Data_Pub_Origem":"1998-02-02T00:00:00","Designacao_no_plano":"Equipamento","Escala_origem":"1/25000","Fonte":"CM - Raster","ID1":34922,"Municipio":"SESIMBRA"},"geometry":{"type":"Polygon","coordinates":[[[-9.03618419684376,38.5689025624823],[-9.03626957315083,38.5705466426047],[-9.03658614819415,38.5716802558735],[-9.03607101240748,38.5719385729395],[-9.03541697381086,38.5719904069548],[-9.035084872641,38.5713906484036],[-9.03490577891135,38.5688669250261],[-9.03618419684376,38.5689025624823]]]}},{"type":"Feature","id":"CRUS_Sesimbra_V.34923","properties":{"AREA_HA":3.89304842076041,"Autor":"DGT","Categoria_2021":"Espaço de Uso Especial Equipamentos e Infraestruturas","Classe_2021":"Solo Urbano","DTCC":"1511","Data_Pub_Origem":"1998-02-02T00:00:00","Designacao_no_plano":"Equipamento","Escala_origem":"1/25000","Fonte":"CM - Raster","ID1":34923,"Municipio":"SESIMBRA"},"geometry":{"type":"Polygon","coordinates":[[[-9.21189330325151,38.4209913933431],[-9.21095328227586,38.4210123721691],[-9.21096849916372,38.4199272423876],[-9.21119870822176,38.419927476747],[-9.21217525965049,38.4199284659513],[-9.21380951361148,38.4202216411635],[-9.21509113359364,38.4199878848672],[-9.21522918332233,38.4208373411362],[-9.21372798526345,38.4210607944484],[-9.21189330325151,38.4209913933431]]]}},{"type":"Feature","id":"CRUS_Sesimbra_V.34924","properties":{"AREA_HA":3344.62415934001,"Autor":"DGT","Categoria_2021":"Espaço Natural e Paisagístico","Classe_2021":"Solo Rústico","DTCC":"1511","Data_Pub_Origem":"1998-02-02T00:00:00","Designacao_no_plano":"Natural","Escala_origem":"1/25000","Fonte":"CM - Raster","ID1":34924,"Municipio":"SESIMBRA"},"geometry":{"type":"Polygon","coordinates":[[[-9.18630862931717,38.5521064395622],[-9.18494796765537,38.5508627773124],[-9.18498459188907,38.550855933565],[-9.18469021395927,38.55024579482],[-9.18373981662565,38.5473778034974],[-9.18299257926446,38.5467601452827],[-9.18279222470104,38.5466504485548],[-9.18263782179325,38.5466947070327],[-9.18078458909003,38.5472258991823],[-9.17750674663833,38.5483255242871],[-9.17716576771036,38.5483285658561],[-9.17691053125013,38.548330841943],[-9.1754720441816,38.5450657552004],[-9.17480661457198,38.5422397464064],[-9.17432313950865,38.5402148662172],[-9.17407964447488,38.5390797986221],[-9.17352261397002,38.5378583221023],[-9.17221600420547,38.5358407434158],[-9.17186190066864,38.5349073395551],[-9.17161814343981,38.5337499691287],[-9.1712337518776,38.5326830391051],[-9.17075877226838,38.5312378325135],[-9.1711350113472,38.5297627811268],[-9.17134285786108,38.52842301419],[-9.17150418454223,38.5277972189357],[-9.17175290217015,38.5273267386914],[-9.17139756722442,38.5263041485923],[-9.17129672255068,38.5252124036934],[-9.17105525249836,38.5242111012176],[-9.17105044844352,38.5238766620618],[-9.17118050544955,38.5230504549389],[-9.17134662774541,38.5227590977981],[-9.1719756760647,38.521103410552],[-9.17244050804891,38.5198728526993],[-9.17251955547605,38.5194484747893],[-9.17251506612884,38.5191363314683],[-9.17251121818521,38.5188687809373],[-9.17181023974639,38.5174924763938],[-9.17118589968609,38.5174980130821],[-9.16874816916871,38.5177202884478],[-9.16860693436001,38.5179717843278],[-9.16843632106261,38.5181088766835],[-9.16814872868807,38.5181114192089],[-9.16801602959359,38.5182180462],[-9.16785080608598,38.5187317096792],[-9.16742276206353,38.5196393814],[-9.16711879146423,38.519837908954],[-9.16557802215721,38.5207101991549],[-9.16527404308987,38.5209087220072],[-9.16454845691808,38.5211260239986],[-9.1636134589168,38.5214506178728],[-9.1632334204051,38.5216949987685],[-9.16296584515506,38.5217576117246],[-9.16270084593359,38.5220009790142],[-9.16232165843069,38.5223056095721],[-9.16207561513204,38.5225337444726],[-9.16186770280441,38.5227464785876],[-9.16122006993,38.5230534638813],[-9.16070429534625,38.5231935743221],[-9.16003491087824,38.5233199654929],[-9.1593614582048,38.5231601577589],[-9.15872379233917,38.5228192541512],[-9.15752709489607,38.5222723312048],[-9.15679293647509,38.5218870671536],[-9.15506707214005,38.5218870779867],[-9.15345646434382,38.5219011243155],[-9.15305615086578,38.5220703254221],[-9.1529455715215,38.5223876500529],[-9.15268202350296,38.5227364362887],[-9.15199536498829,38.5229985156868],[-9.15155435819646,38.5230023524317],[-9.15043843684911,38.5227408860066],[-9.14932400504443,38.522584851],[-9.14806359141122,38.5229573388603],[-9.1471489360601,38.5233720141596],[-9.14693886343035,38.5234340925507],[-9.14633612392068,38.523862393035],[-9.14642840517213,38.5239761972665],[-9.1460218746469,38.5243871849401],[-9.14544041260557,38.5246534118418],[-9.1449482307531,38.5246472185222],[-9.14481452120622,38.5246847363079],[-9.1445441888154,38.5249763511699],[-9.14403564481624,38.5253289934443],[-9.14381273836795,38.5258742112544],[-9.14357346008557,38.5265170833104],[-9.14371692069053,38.5267559974605],[-9.14377318322877,38.5268496940066],[-9.14460072965219,38.5276923132664],[-9.14481253579989,38.5276208303496],[-9.14530143941123,38.5283409954042],[-9.14531183186619,38.5284635589098],[-9.14613479607015,38.5289981994669],[-9.14613713981468,38.5291653454469],[-9.14596118560002,38.5292643819615],[-9.1454802715688,38.5291153051915],[-9.14475910578337,38.5295394560845],[-9.14363048105529,38.5287272976968],[-9.14329123613427,38.5285630579512],[-9.14269751641292,38.5279552337063],[-9.14195277883115,38.5279616530339],[-9.14057416214881,38.5282939270039],[-9.13975098910373,38.5293191128621],[-9.1397481667138,38.5294336660407],[-9.13922590790176,38.5302413563983],[-9.13611698606982,38.5302580795773],[-9.13545239761319,38.5300780298318],[-9.13488212767463,38.5298785953867],[-9.13334583747347,38.5299288778904],[-9.13261701066907,38.530232287786],[-9.13189408340793,38.5309628479984],[-9.13072293582125,38.5317715204108],[-9.12951889577355,38.5319117920066],[-9.12767723305369,38.5321131921341],[-9.1272557314562,38.5324139577097],[-9.12641654963713,38.5332940637175],[-9.12538831969696,38.5330889513467],[-9.12531175991781,38.5321138334716],[-9.12538291980581,38.5320863049834],[-9.12594765214654,38.5318678337412],[-9.12870998224345,38.5298383717151],[-9.13135856231258,38.5281441482827],[-9.13640027624953,38.5268194396066],[-9.13798791508376,38.5270658624787],[-9.13877675484267,38.5271713278123],[-9.14040773925394,38.5258617625928],[-9.14001328481968,38.5248399571069],[-9.13988182237267,38.524499405786],[-9.14068306055487,38.5229046762602],[-9.14114363112972,38.5225011778933],[-9.14149657194655,38.5221919672088],[-9.14313258693131,38.5214133514722],[-9.14444913677003,38.5204825122397],[-9.15092243309527,38.5194353203707],[-9.15318814098831,38.5190757976531],[-9.15526361755297,38.5180099631368],[-9.15697824685801,38.5169189296572],[-9.15795580987908,38.5157272280739],[-9.15848399290701,38.5158022462507],[-9.15957773781524,38.5157289495503],[-9.15988542699403,38.5159811066258],[-9.16007533584406,38.5165050788551],[-9.16035448448178,38.5176016910502],[-9.16105584173122,38.517022112866],[-9.16206488750225,38.5166946826509],[-9.16268944808419,38.5164184098171],[-9.16416994487349,38.5164531675581],[-9.16501793359401,38.516206771249],[-9.16567824251744,38.5155956707422],[-9.16631462701353,38.5147299229638],[-9.16708360742103,38.5138203553369],[-9.16729149656395,38.513574453881],[-9.16777320459657,38.5132357016897],[-9.16872272455475,38.5130043106526],[-9.16981207485166,38.5126283171199],[-9.17113162050628,38.5113423539289],[-9.17162532753683,38.510430057115],[-9.17277016506068,38.5096871906621],[-9.17391795850638,38.5091513567639],[-9.17506780171627,38.5087588494901],[-9.17629365216101,38.5080152278239],[-9.17680037745047,38.5080107126362],[-9.17704130548399,38.507849281647],[-9.17778734438703,38.507571844642],[-9.17823164770325,38.5074563814647],[-9.1786505297866,38.5072621175784],[-9.17903710108833,38.5070828367284],[-9.17929782967338,38.5068893668523],[-9.17860040478223,38.5063221720739],[-9.17822544173402,38.5056246686425],[-9.17791520312725,38.5051973695437],[-9.17742163619433,38.5047079906534],[-9.17695863219673,38.5043142598744],[-9.17684700395813,38.5042193321561],[-9.17649371656507,38.5036172000859],[-9.17616047280592,38.5029989600682],[-9.17568582246554,38.5024138345416],[-9.17545943611348,38.5021769239508],[-9.17527542389253,38.5020670619763],[-9.1744938212786,38.5028318266607],[-9.17430555318863,38.5025561783843],[-9.17380450348212,38.5018080136666],[-9.17332239836548,38.5007908849122],[-9.17312685511882,38.4998787275334],[-9.17310540563962,38.4991800573418],[-9.17309952389236,38.4987710323784],[-9.17309489363045,38.4984490316059],[-9.17409655238465,38.497614567629],[-9.17555827468206,38.4964712960604],[-9.17814793396492,38.4959772707023],[-9.1788964544989,38.49524847262],[-9.1789657351823,38.4945139637716],[-9.17907841861198,38.4940184644087],[-9.179544806688,38.4931195016445],[-9.18026512192397,38.4911350907486],[-9.18048841597486,38.4900028238371],[-9.1807140887261,38.4890353661795],[-9.18067654703069,38.4888443723228],[-9.18106801514406,38.4889109287756],[-9.18183974060593,38.4890421301995],[-9.18222162154847,38.4882172262865],[-9.18145847336556,38.4878192708775],[-9.18108946234141,38.4874415957828],[-9.18100898440991,38.4873888143499],[-9.18066738930152,38.4871647787947],[-9.18091247954129,38.4861843685482],[-9.18092532243579,38.4852314676129],[-9.18094136299445,38.4840413041019],[-9.18092828483755,38.4811605896403],[-9.1809276796047,38.4810273690191],[-9.18162676043857,38.4796553680616],[-9.18164886728124,38.4791135810778],[-9.18100112710459,38.4778242749427],[-9.17938443132683,38.4758136556124],[-9.1781925620005,38.4741759804567],[-9.17824600345837,38.4737281039096],[-9.17755377418428,38.4723321255738],[-9.17879292794735,38.4723365326103],[-9.17925636847199,38.4721411507577],[-9.17925038133605,38.4717268429607],[-9.17958390782287,38.4709588896663],[-9.18045846930944,38.4697558003632],[-9.1807350885406,38.4692592803487],[-9.18120166628403,38.4688284714443],[-9.18190967494612,38.4696759441628],[-9.18323650646094,38.4689110347099],[-9.18234365801105,38.467785053581],[-9.18432179920886,38.466374428931],[-9.18548553455482,38.46555119332],[-9.18654963715058,38.4648575022661],[-9.1865300456412,38.4660471162107],[-9.18705701196043,38.4660423761284],[-9.18758537050705,38.4661332425924],[-9.18784653215869,38.4659715213931],[-9.18798353241183,38.4656356113281],[-9.18866404360016,38.4650398133468],[-9.18912485406773,38.4646691098306],[-9.18984681152145,38.4641366789856],[-9.18930591973183,38.4636461098006],[-9.18950598813771,38.463159850255],[-9.18995028516477,38.4633948968899],[-9.19089952934853,38.4628125985067],[-9.19112561330373,38.4626790762356],[-9.19082679981542,38.4624062632999],[-9.19386905778743,38.4596527193461],[-9.19341755566931,38.4591464155391],[-9.19358491636331,38.4587216666858],[-9.19442701802097,38.4567413690788],[-9.1948444386807,38.4555046668571],[-9.19518659883575,38.4550768934981],[-9.19618485158016,38.4542458922],[-9.19780109880885,38.4527928084399],[-9.19953457173307,38.451023554934],[-9.20033829659057,38.450002501486],[-9.20073063392504,38.4494372627722],[-9.20155174187424,38.4484160425062],[-9.20216442498202,38.4474378159074],[-9.20335329082044,38.4453720937647],[-9.20400643405897,38.4435989383552],[-9.20399935829293,38.4419414088582],[-9.20498699276187,38.4392336483656],[-9.20590167359464,38.4374854859122],[-9.2074336914119,38.4350877990076],[-9.20787184201351,38.4340974418229],[-9.20861733445129,38.432693288994],[-9.20943001053967,38.4311241240889],[-9.20967432974968,38.4299848498026],[-9.20966395709677,38.4292862881258],[-9.20956766555718,38.4274925838911],[-9.20922557736092,38.4255641441421],[-9.20877544474502,38.4245682377868],[-9.20852111599803,38.4238582156179],[-9.20914786809121,38.422674334094],[-9.21052591921851,38.4216616320512],[-9.21095328227586,38.4210123721691],[-9.21189330325151,38.4209913933431],[-9.21372798526345,38.4210607944484],[-9.21522918332233,38.4208373411362],[-9.21509113359364,38.4199878848672],[-9.21380951361148,38.4202216411635],[-9.21217525965049,38.4199284659513],[-9.21119870822176,38.419927476747],[-9.21117054613601,38.4196878425826],[-9.21091193314605,38.4194710346482],[-9.21032778380913,38.4192206877937],[-9.21004731739847,38.4190954074819],[-9.20916437302198,38.4190487211396],[-9.20883883549739,38.4190151786698],[-9.20980406229611,38.4183487543532],[-9.21035386847061,38.4178505311613],[-9.20958501330849,38.4161041009085],[-9.20918280605263,38.4155963582669],[-9.20793416429987,38.4148488164965],[-9.20671731484626,38.4141441953243],[-9.20617902968758,38.4138534786994],[-9.20524434184612,38.4135041458011],[-9.20427011399967,38.413155165893],[-9.20379484336211,38.413112828092],[-9.20229199831407,38.4131265489389],[-9.20111401699682,38.4137130232903],[-9.20001534322348,38.4143143247759],[-9.19950714903425,38.4147235202141],[-9.19802254160738,38.4159818483239],[-9.19712521092796,38.4168302588479],[-9.1958489904476,38.4188180046224],[-9.19511482049131,38.4200072466994],[-9.19392508429858,38.421153928084],[-9.19334247850505,38.4218905371202],[-9.19099468959685,38.4236545151455],[-9.18952431680819,38.4245547193514],[-9.18846199311235,38.4249533003512],[-9.18691290352477,38.4258853017599],[-9.18546288938175,38.4268319539311],[-9.18287695435014,38.4285667873154],[-9.18160461812839,38.4294962390126],[-9.18109599002436,38.4298897976511],[-9.18038709289256,38.430113980453],[-9.179789283004,38.4304444842545],[-9.17987624587148,38.4303516742439],[-9.17873698321964,38.4295087162361],[-9.17758341084149,38.4284086805142],[-9.17683613331168,38.4278173119268],[-9.17618029179605,38.4283204916165],[-9.17351838409971,38.4302943866264],[-9.17263243735985,38.4310491469985],[-9.17321947749394,38.4315211210727],[-9.17328025854987,38.4320807538973],[-9.17160933406446,38.4332781608693],[-9.1708519389524,38.4339011769137],[-9.1726451123095,38.4354424926925],[-9.16945789900979,38.4378288539988],[-9.16867279877413,38.438062480936],[-9.16917887224998,38.4377569024336],[-9.16837293229749,38.4364257843269],[-9.16726207790677,38.4373582300278],[-9.16692280468188,38.4376430068056],[-9.16698133209199,38.4378327444555],[-9.16626755367624,38.4378690039311],[-9.16389852288676,38.4382218231305],[-9.1635342844024,38.4385777275049],[-9.16419827875277,38.4407503332439],[-9.16401718613632,38.4410008922704],[-9.16063907224493,38.4427525767013],[-9.15851751838271,38.4438292656752],[-9.15799056035488,38.4438753712971],[-9.15756852349008,38.4438790623251],[-9.15750387270845,38.4436410441649],[-9.15701196115465,38.4418299632311],[-9.15600060282458,38.4393283955119],[-9.15594316788476,38.4389969432424],[-9.15564400530109,38.4390276062844],[-9.15561094004421,38.4389206754728],[-9.1517455891966,38.4389543441872],[-9.1465568719687,38.4389668212849],[-9.14649555718894,38.4404957367778],[-9.14650876135248,38.4410404792902],[-9.14584799951148,38.4414498100501],[-9.1440900353766,38.4421288998323],[-9.14258974009904,38.4423700547281],[-9.1419280086044,38.4422097774],[-9.14113641697626,38.4421958435703],[-9.14016162825826,38.4422872141775],[-9.13940023727548,38.4425055969162],[-9.1395070415897,38.4421379545426],[-9.14029424460953,38.4407653990596],[-9.14067659648009,38.4400141779041],[-9.14148487724691,38.4386739519705],[-9.1407332865369,38.4381438565516],[-9.13977410419796,38.4375505026952],[-9.13955079634866,38.437845090891],[-9.13843851927471,38.4396269167903],[-9.13740909862571,38.4414242816687],[-9.13772232108703,38.4416492288881],[-9.13834854516302,38.4420828617778],[-9.13837733454084,38.4426679540367],[-9.13858927103912,38.4426422841593],[-9.13823709566299,38.4429700054532],[-9.13807912182474,38.4427061581577],[-9.1371027852905,38.4435063316868],[-9.13494403886038,38.4456109073721],[-9.13433947007436,38.4452963080155],[-9.13303123922915,38.4445004507121],[-9.13261188158923,38.443575182537],[-9.13225585963668,38.4430300479857],[-9.13184386451291,38.442637658515],[-9.1312370273048,38.4421555662902],[-9.13100556075187,38.4422184457603],[-9.13054388256818,38.4424355548388],[-9.12956599957737,38.4431290902357],[-9.12883851334949,38.4437291284309],[-9.12763162600479,38.4446682249864],[-9.12702095798759,38.4453296156773],[-9.12545598212517,38.4445092324789],[-9.1247927768735,38.4441615584676],[-9.1239812334002,38.4437781985255],[-9.12373739275014,38.4440891894257],[-9.12349357565063,38.4448618370827],[-9.12320235074058,38.4457846928381],[-9.12311742438854,38.4471349429644],[-9.1229644790101,38.448046762501],[-9.12255412428595,38.4482778603635],[-9.12181366045786,38.4485605220856],[-9.12056994001587,38.4483271197056],[-9.12033965516216,38.4481176878873],[-9.12023318841861,38.4478909533599],[-9.12002579294272,38.4478439224447],[-9.11986483646181,38.4481704660819],[-9.11876147552847,38.4490332928393],[-9.11812611993535,38.448923049979],[-9.11739872381375,38.4492430404273],[-9.11661261775773,38.4501389621487],[-9.11561328349728,38.4516644227262],[-9.11245691221427,38.4503612858457],[-9.11192362884975,38.4519077922216],[-9.11151612007669,38.4522226274652],[-9.11029663118891,38.4531205850152],[-9.10912222430434,38.453734879398],[-9.10826799689734,38.4539744952358],[-9.10691054651857,38.4541717879849],[-9.10686079366401,38.454869706807],[-9.10762540417295,38.4545610972459],[-9.10865733988645,38.4543432568286],[-9.10963107931114,38.4541956427842],[-9.10998428217436,38.454076447903],[-9.11016574386771,38.4543771864148],[-9.11002670074866,38.4550293511355],[-9.10976469435886,38.4553337882846],[-9.10926366233329,38.4554542152687],[-9.10831853020131,38.4555318369533],[-9.10778698960424,38.4555827612627],[-9.10737464659827,38.4557024413801],[-9.10717050543668,38.4559133907828],[-9.10716809293978,38.4559199643763],[-9.10676107680688,38.4557938706645],[-9.10633430570844,38.4557346127443],[-9.10598824002959,38.4557374871237],[-9.10561723926174,38.4558661755579],[-9.10466872821395,38.4566067587458],[-9.1048057638776,38.4568987070978],[-9.10487192316797,38.4578611531245],[-9.10461329161173,38.4584285334797],[-9.10403463471599,38.4589566972749],[-9.10337750592319,38.4595901818182],[-9.10324327561341,38.4595075542024],[-9.10318470453098,38.459110280766],[-9.10299779218737,38.459069959635],[-9.10263069181979,38.4594916911675],[-9.0996066926491,38.4603331310114],[-9.09825370301206,38.4607001745261],[-9.09717193958857,38.4614417948387],[-9.09543264787331,38.4627959132964],[-9.09440573861093,38.4636626654786],[-9.09438995242757,38.4644792470514],[-9.09317584475794,38.4639986067179],[-9.09245100737036,38.4638624264986],[-9.09173405413253,38.4639459877123],[-9.09163914963081,38.4636852949948],[-9.08793656125,38.4641994266656],[-9.08800613666148,38.4643442263944],[-9.08698763749501,38.4646988435848],[-9.08618828294496,38.4647865604933],[-9.08528324188448,38.4646924076847],[-9.08270176047263,38.4647539669695],[-9.08135964365166,38.4648054445195],[-9.08095040019451,38.4650074534393],[-9.08098015584694,38.4656072130041],[-9.08012575540961,38.4655411813137],[-9.0793675242268,38.4647767315394],[-9.07852579734031,38.4636714918242],[-9.07867804677879,38.4636397464832],[-9.07880359038595,38.4630632908799],[-9.07872362950073,38.462035114341],[-9.07779077112997,38.4602291247197],[-9.07719977580931,38.4594096306505],[-9.07709061308325,38.4592582591056],[-9.07580916843979,38.4579258775222],[-9.07437300573839,38.4566295993763],[-9.07314188883449,38.4557501627564],[-9.07216302374296,38.4555100104929],[-9.07211714380377,38.4553921900198],[-9.07002627009787,38.4549032373575],[-9.06973778761554,38.4548881057856],[-9.06907944284027,38.454418191037],[-9.07010032436909,38.4544797810716],[-9.07131534950877,38.4541213036068],[-9.07084158394326,38.4534973392828],[-9.07002688674555,38.4522309058462],[-9.07028281080452,38.4514441627496],[-9.07083306277145,38.4511258818929],[-9.07250935239783,38.4504323821276],[-9.06784434005223,38.4446280616968],[-9.0669207452272,38.4435019750194],[-9.06579428484487,38.4421159295997],[-9.06500758220723,38.4412851784193],[-9.06290324599748,38.4431677332836],[-9.06139568066735,38.4431796872699],[-9.05764937751956,38.4432441847505],[-9.05523305387683,38.4432806643063],[-9.05454910397804,38.443547611517],[-9.05336231689072,38.4443765128145],[-9.05368311512874,38.4451935655199],[-9.05456262928089,38.4463549796054],[-9.05470009122167,38.4467026536254],[-9.05546678444556,38.4477080082003],[-9.05701262639908,38.4489513435488],[-9.05952062269209,38.4508671252679],[-9.06128944667917,38.4521958283527],[-9.06238799311615,38.4531287558155],[-9.06292037248044,38.4531419700896],[-9.06372666814257,38.4537633249522],[-9.06267529646142,38.4546562378917],[-9.0611127917985,38.4559831901086],[-9.05975512775577,38.4568263471733],[-9.05790585620981,38.4575921602985],[-9.05367405626399,38.4578082137169],[-9.0516026280327,38.4593877815924],[-9.05050220427908,38.4601679066212],[-9.05152097781465,38.4610938484069],[-9.05125086542605,38.4621923115739],[-9.05025470342853,38.4630528278172],[-9.04936179838719,38.4639125288989],[-9.04797494952772,38.4645121461431],[-9.04684039110181,38.4646428170529],[-9.04480441317997,38.4649632205947],[-9.04382374431447,38.4650114536657],[-9.04292410641932,38.4653432878269],[-9.04162049633234,38.4664091450516],[-9.04157802282587,38.4671403715197],[-9.04073609894467,38.4679590056877],[-9.0394298686307,38.4688218320095],[-9.03708995623777,38.4696317173919],[-9.03562188415188,38.4699475779305],[-9.03340519905377,38.4702894790047],[-9.03149937190215,38.4707101645079],[-9.03077885452631,38.4709187149782],[-9.02939171434909,38.4715181150133],[-9.02868445230016,38.4706703267747],[-9.02669261536088,38.4680976939547],[-9.02326658815787,38.4626504563925],[-9.02150576403911,38.4600609801105],[-9.0208820613966,38.4593622730887],[-9.01973155753574,38.4580158124327],[-9.01928001798701,38.4572000271752],[-9.01837391497415,38.4554689387815],[-9.01802243217744,38.454803735953],[-9.01762297377333,38.4540839414492],[-9.01750290149362,38.4540924158363],[-9.0173686660438,38.4540265528929],[-9.01759047553819,38.453699350963],[-9.01788556582797,38.4534628074621],[-9.01837226655213,38.4531283324728],[-9.01868740598966,38.4530983843252],[-9.01894507825609,38.4526691557942],[-9.01909775894044,38.4522545034913],[-9.01951552077438,38.4520170281243],[-9.01953152981496,38.4518928574817],[-9.01944238124405,38.4517694824296],[-9.01959961051256,38.4517269426982],[-9.01981043039749,38.4517666974529],[-9.02042198648561,38.45161045136],[-9.02089367090469,38.4514828285247],[-9.02167913056545,38.4512149921362],[-9.02181832360847,38.4511312369869],[-9.02216326173208,38.450673772],[-9.02240422446882,38.45031357832],[-9.0226472165007,38.4501187684048],[-9.02345035027272,38.4498645687619],[-9.02360672487841,38.4497531144562],[-9.02379882892033,38.4496965212452],[-9.02402683106393,38.449708570451],[-9.02432442690465,38.4496787406028],[-9.02449883564895,38.449608497169],[-9.02467171659124,38.4494142164733],[-9.02507005240902,38.449025253167],[-9.02518865815809,38.4486935516718],[-9.02518645226311,38.4485143859931],[-9.02535899049341,38.4482925395099],[-9.02586450486566,38.448068156902],[-9.02637069682915,38.4478988989844],[-9.02666692448534,38.4477588077797],[-9.02734598134155,38.4473952618725],[-9.02781541229176,38.4470884459646],[-9.0282659529425,38.4466715066326],[-9.02854549923736,38.4466004547596],[-9.02871819184488,38.4463923858298],[-9.02875153780394,38.4462542976746],[-9.02869436408569,38.4458825869131],[-9.0287637822475,38.4458269233226],[-9.0289750996176,38.4459080071302],[-9.02925924419356,38.4462090661986],[-9.02954304898658,38.4464825597834],[-9.02984182295414,38.4465491900425],[-9.03026310078876,38.4466010978621],[-9.03038662804193,38.4466690685197],[-9.03060016878019,38.4469293148042],[-9.03100631598084,38.4471743019754],[-9.03121815220241,38.4472967269537],[-9.03178083133269,38.4474440283392],[-9.03260638822302,38.4475893090818],[-9.0332914056576,38.4477080974188],[-9.0339418892079,38.4478684973982],[-9.03453877096035,38.4479466059122],[-9.03524114880148,38.4480514655632],[-9.03552155030092,38.4480493061549],[-9.03574920537505,38.4480337687848],[-9.03597565822531,38.4479217581142],[-9.03611431402087,38.4477966400488],[-9.03646412727961,38.4477388104867],[-9.03683318560895,38.4478186636819],[-9.03736014158693,38.4479110808342],[-9.03781458943226,38.4478110895037],[-9.03818158258367,38.4477255557094],[-9.03844290836837,38.447599487212],[-9.03887620928866,38.4472102070311],[-9.03910265463571,38.4470981903917],[-9.03978526297629,38.4470239933349],[-9.04048677475163,38.4470599125922],[-9.04067851271865,38.4469757281543],[-9.04171196060313,38.4469263680991],[-9.04246155018886,38.4466035380029],[-9.04296492296944,38.4462136988784],[-9.04346603832567,38.4456446927761],[-9.04399977030328,38.4448824648924],[-9.04405078335936,38.4447580197056],[-9.04390937676205,38.4446626360192],[-9.04385559101552,38.4445665710924],[-9.04415194489356,38.4444402176024],[-9.04483348098078,38.4442833002184],[-9.04514718204082,38.4441430264529],[-9.04523324189708,38.4440183070283],[-9.04519732645595,38.4439496709448],[-9.04510901182329,38.4438952246065],[-9.04509027313592,38.4437988883316],[-9.04510693050918,38.4437298420909],[-9.04519333687453,38.4436326864453],[-9.04538540721811,38.4435760581875],[-9.04549193911162,38.4436854944665],[-9.04561721069988,38.4438912677286],[-9.04580945381634,38.4438484211068],[-9.04584346151869,38.4437654568313],[-9.04582472188293,38.4436691197827],[-9.04592899778643,38.4435993908455],[-9.04613824469321,38.4435150610819],[-9.04620608302239,38.443335350028],[-9.04639815175776,38.4432787201267],[-9.04653747428263,38.4432087174592],[-9.04671288671366,38.4432211334782],[-9.04676702269799,38.4433447608225],[-9.0467526257817,38.443592971152],[-9.04696291444514,38.4435913311482],[-9.04708471363698,38.4435214645089],[-9.04734635626117,38.4434229410809],[-9.04741401761504,38.4432294470438],[-9.04758943022014,38.4432418617478],[-9.0477492329345,38.4434060130734],[-9.04794025672887,38.443266689456],[-9.04802544075384,38.4430730582498],[-9.04812953964743,38.4429895459676],[-9.04844305337718,38.4428354811876],[-9.04854680441131,38.442724404801],[-9.04873747546832,38.4425575152862],[-9.04903520590114,38.4425414054279],[-9.04917435021018,38.4424576182516],[-9.04925883312231,38.4422088587184],[-9.04945019822555,38.4420970964231],[-9.04976492662316,38.4420395016491],[-9.05018305185682,38.4418432636154],[-9.05040736942196,38.4415658422133],[-9.05056508106253,38.4415646073834],[-9.05093202687256,38.4414790341386],[-9.05112373772417,38.4413948328616],[-9.05133087560513,38.4411451107506],[-9.05141884216026,38.4411719877905],[-9.05149172983145,38.4413919490288],[-9.05178312437335,38.4411722697325],[-9.05194848256159,38.4410585281571],[-9.05221939289687,38.4408127733939],[-9.05234746536286,38.44057750921],[-9.05239381050013,38.440474071147],[-9.05252318809168,38.4403418700789],[-9.05293812022516,38.4401793169056],[-9.05309108446487,38.4400281899681],[-9.05321033232334,38.4400366240833],[-9.05331873782924,38.4401294767114],[-9.05342512106052,38.4400630477475],[-9.05343465460783,38.4398755658271],[-9.05352722064397,38.4396593193043],[-9.05366922280475,38.4395832407209],[-9.05383659780192,38.4396287771194],[-9.05387435897419,38.4397877777609],[-9.05382896971852,38.4399661718919],[-9.05383027898152,38.4400692351552],[-9.05381943718475,38.4401536538289],[-9.05390377949777,38.4402279549247],[-9.05401563862329,38.4405925202453],[-9.05424269963256,38.4406469582987],[-9.05476627582078,38.4405959885159],[-9.05507529767909,38.4405373352886],[-9.0553482221315,38.4404508539246],[-9.05574087280864,38.4404102807336],[-9.05594339252953,38.440408685827],[-9.05628958385635,38.4404621815576],[-9.05645660321702,38.4404796055379],[-9.05662445953576,38.4405626169728],[-9.0568386538784,38.4405421875284],[-9.05683662381716,38.440382907104],[-9.0568949948502,38.4402887429613],[-9.05707273252507,38.4402123776154],[-9.05722748121913,38.4402017876113],[-9.05747836818536,38.4402560305691],[-9.05777690880928,38.4403098969226],[-9.05796799334654,38.4403458706959],[-9.05820637147594,38.4403533593091],[-9.05857591160738,38.4403691819911],[-9.05908613170475,38.4402058535191],[-9.05958419809497,38.4400238788685],[-9.06024964025716,38.4398874302129],[-9.06059451310588,38.4398378483448],[-9.06092807223564,38.4398352074671],[-9.0613225148291,38.4399351577379],[-9.06158519785395,38.4399799288612],[-9.06182297470729,38.4399405624741],[-9.06214209915824,38.4397412542322],[-9.06237663146567,38.4394489130353],[-9.06264713955498,38.439175026026],[-9.06268023442349,38.4389686146493],[-9.06274918644023,38.438771289249],[-9.0629975491845,38.4386287629871],[-9.06316998629627,38.4381401337095],[-9.06322690452745,38.4379335339475],[-9.06323569113165,38.4376898334042],[-9.06330536192444,38.4375487248505],[-9.06356539140413,38.4373873637901],[-9.06374082921594,38.4371329701065],[-9.06375057640966,38.436964225755],[-9.06374708790527,38.4366925120818],[-9.06372928129517,38.4362335041898],[-9.06371508351306,38.4360555795069],[-9.06379726677275,38.4359612227906],[-9.06383059653466,38.4357735501094],[-9.06378066303769,38.4355959092721],[-9.0637784977912,38.4354272594937],[-9.06378860562767,38.4352866236923],[-9.0638108650319,38.4351646314432],[-9.06397546860006,38.4349946568942],[-9.06405764919726,38.4349003000069],[-9.06417688965522,38.434908723058],[-9.06436880541583,38.4350102723858],[-9.06484769508315,38.43519387326],[-9.0654209195697,38.4353017577022],[-9.06564724883722,38.4352999566368],[-9.06578995283703,38.4352800807405],[-9.06590774729706,38.4351760685944],[-9.06590617995073,38.4350542656417],[-9.06587970332024,38.4348483274979],[-9.06589053038007,38.4347639078204],[-9.06636725091536,38.4347788527813],[-9.06685672736224,38.4348592866575],[-9.06719026299068,38.4348566282427],[-9.06730950367528,38.434865048102],[-9.06780333195828,38.4352827772042],[-9.06815035274681,38.4354018238814],[-9.06844791237653,38.4353807079895],[-9.06879263681284,38.4353217336768],[-9.069007174714,38.4353293907645],[-9.06922231761828,38.4353838941476],[-9.06936610981792,38.4354483377633],[-9.06953396761562,38.435531329842],[-9.06959461806144,38.4356151785706],[-9.06979881857642,38.4357447322112],[-9.06988196098485,38.4357253265613],[-9.06994115892531,38.4356967418161],[-9.06983273918634,38.4356039046848],[-9.06970037426392,38.4355018892706],[-9.0697702724977,38.4353795151395],[-9.06994895413288,38.4353780866424],[-9.07003306487202,38.4354336361154],[-9.07016434009022,38.4354513273154],[-9.07022365767488,38.4354321119549],[-9.07031774270963,38.4353376555096],[-9.0705905087782,38.43524177042],[-9.07091128515913,38.4351736101011],[-9.07120920780408,38.4351805957482],[-9.07150725063576,38.4351969501582],[-9.07194969440248,38.4353245908836],[-9.07232127469162,38.4354996503798],[-9.07288369299161,38.4356919191898],[-9.07342070970597,38.435762573776],[-9.07362491734246,38.4358921206523],[-9.07403078078576,38.4359544546195],[-9.07436566019392,38.4360548393452],[-9.07479522799579,38.4361076097515],[-9.07516377373573,38.4360484252554],[-9.07546072573802,38.4359804449368],[-9.07563977288864,38.4360071153515],[-9.07611808735069,38.4361438230868],[-9.07657245699957,38.4362713502842],[-9.07673959294372,38.4362981158205],[-9.07706146710613,38.4363142641417],[-9.07729983199151,38.4363217140657],[-9.07764528566238,38.4363189298145],[-9.07809733820866,38.4362684324821],[-9.0787394967277,38.4361789183025],[-9.07900107453995,38.4361393259382],[-9.07933449258879,38.4361272633926],[-9.07968067922198,38.4361806891852],[-9.07997958549458,38.4362626074679],[-9.08017115923664,38.4363360220965],[-9.08052938222337,38.4363987194609],[-9.08074367912947,38.4363876160286],[-9.0810165561904,38.4363010754033],[-9.08151686810287,38.436297026839],[-9.08171962005859,38.4363141255954],[-9.08200661676969,38.4363961351089],[-9.08224584100669,38.4364691613294],[-9.0825556817817,38.4364760206438],[-9.08268671503083,38.4364749587957],[-9.08328515010167,38.436685626522],[-9.08346457130112,38.4367403933391],[-9.08372676270048,38.4367476369187],[-9.08402579859701,38.4368389142573],[-9.08443401193016,38.4370792302097],[-9.08502177492078,38.437383679459],[-9.08563336667855,38.4376879311068],[-9.08641334017684,38.4381126257744],[-9.08686823267516,38.4382775904708],[-9.0871324041145,38.4384347359791],[-9.08734719917577,38.4384610982641],[-9.08765729430863,38.4384866829041],[-9.08775333581177,38.4385421232454],[-9.08784949972124,38.4386069320765],[-9.08794702152372,38.4387748040055],[-9.08816243514173,38.4388480111834],[-9.08829384403751,38.4388750513833],[-9.08866313416409,38.4388720402619],[-9.08885435271102,38.4389173320785],[-9.08900970980913,38.4389535465914],[-9.08922537333381,38.4390454906987],[-9.0894303597479,38.4392312253116],[-9.08969947933804,38.4394617253543],[-9.08990860362039,38.4396599189761],[-9.09050025699626,38.4399549381598],[-9.09089965993261,38.4401265877257],[-9.09117133380456,38.4402493049078],[-9.09152127211949,38.4402839239307],[-9.09174397398055,38.4403070902467],[-9.09233170038355,38.4410513729776],[-9.09217812988401,38.4411746938614],[-9.09183126351001,38.4417704147317],[-9.09167792240658,38.4419111704957],[-9.09165852062696,38.4421205818198],[-9.09201531006581,38.4422746017586],[-9.09239634745927,38.4425853605958],[-9.09273004782352,38.4426698168155],[-9.09301894710498,38.4427197634102],[-9.09330923287912,38.4428743241985],[-9.09344433122153,38.443030155449],[-9.09329561106138,38.4435196299307],[-9.09332101508167,38.4437635499688],[-9.09401476081677,38.4442461169554],[-9.09464385551123,38.4448687131847],[-9.0946829206093,38.4449285879696],[-9.09493808765925,38.4453196777878],[-9.09471985318577,38.4455830346918],[-9.09472262975425,38.4457922634249],[-9.09485958688554,38.4460875804773],[-9.09515729903512,38.4468000813191],[-9.09511990127696,38.4473235184214],[-9.09484695076325,38.4484766463069],[-9.09721999516689,38.4485094554852],[-9.09826285920169,38.4468966028926],[-9.09852891135257,38.4468944108895],[-9.09875410650262,38.4471541195335],[-9.09900635620793,38.447779797103],[-9.09958296473179,38.4494490581871],[-9.10016617933615,38.4499499378546],[-9.10072839465224,38.4505381766798],[-9.10071530353876,38.4512183534121],[-9.10024450428781,38.4524951900942],[-9.09979353606378,38.453597484635],[-9.09929448635397,38.4544211705178],[-9.09909655411889,38.4545448670299],[-9.1001173121512,38.4549890419164],[-9.10059101552157,38.4551951648362],[-9.10098967209776,38.4551569972042],[-9.10174779218396,38.453808032454],[-9.102708238961,38.4526666394848],[-9.10323361380248,38.4521565983033],[-9.10384790423672,38.4516632554238],[-9.10512010173711,38.4506238860123],[-9.10582118106743,38.4499903118898],[-9.10608560491272,38.4498660518537],[-9.10636938869261,38.4495323791764],[-9.10569580970281,38.4489102172907],[-9.10694951137072,38.4481499840323],[-9.10786968185315,38.4473227614852],[-9.10836858724555,38.4464990391124],[-9.11001369218523,38.4468166491704],[-9.1103427274634,38.4465523399468],[-9.11023523510986,38.4451582233411],[-9.1102248904816,38.4443910520203],[-9.11048952151656,38.4442842195255],[-9.11190346260063,38.4439062243924],[-9.11206171428487,38.4441315918543],[-9.1119303423802,38.4442547529565],[-9.11182137644091,38.4443951650323],[-9.1118232603195,38.4445346501768],[-9.11133881140418,38.4447828238974],[-9.11156898926114,38.4454086575488],[-9.11191167352686,38.4461556142647],[-9.11255155912804,38.4459235771633],[-9.11297232898649,38.4458851841058],[-9.11294715946422,38.4463316697115],[-9.11288606966913,38.4467332465937],[-9.11269101043114,38.4470661932164],[-9.11307310509354,38.4474466264465],[-9.11408307750383,38.4483449321216],[-9.11430526287469,38.4483779471915],[-9.11467957695579,38.4481829970662],[-9.11472179400571,38.448025704319],[-9.11480291922331,38.4474670196786],[-9.11480126563429,38.4473449701223],[-9.11582911534556,38.4462900936603],[-9.11687697490583,38.4450781019344],[-9.11739651091412,38.4441495420803],[-9.11769694122985,38.4434146361066],[-9.11758206510043,38.4431191614255],[-9.11716391844068,38.4433493637422],[-9.11641322207395,38.4435823559953],[-9.11604240079602,38.443645121477],[-9.11625178630908,38.4424573667336],[-9.11573432259824,38.4419037023091],[-9.11555318546781,38.4416262185908],[-9.11510791042045,38.4414904496088],[-9.1149608126754,38.4414100905004],[-9.11588499685704,38.4403944083759],[-9.11627582432556,38.4385268624595],[-9.11712534135409,38.4386974209351],[-9.11810789845798,38.4382671524488],[-9.11852601438022,38.4378638350945],[-9.11905193652395,38.4370820183677],[-9.11915611981025,38.4364370163856],[-9.1189717538159,38.435858299697],[-9.11867074829179,38.4355276637868],[-9.11807191516425,38.4350995801324],[-9.11768756936858,38.4348695921771],[-9.1158454332143,38.4349017160313],[-9.11617037061998,38.4344358220191],[-9.1168255819905,38.4341460077829],[-9.11689558097245,38.4340322197112],[-9.11713513845356,38.4340302081267],[-9.11759656171165,38.4338261059683],[-9.11772987322236,38.4337189830784],[-9.11778816212019,38.4336007130444],[-9.11801114544936,38.433481058749],[-9.11830979026121,38.433419657991],[-9.11851876001247,38.433370788144],[-9.11860811320859,38.4333347024184],[-9.11863565583234,38.4331578004499],[-9.11889034302539,38.4331674364168],[-9.11926640838133,38.4332938305491],[-9.11952173707127,38.4333505714612],[-9.12109542084758,38.4334550931265],[-9.12311566811541,38.433405542826],[-9.12357060322407,38.4333937428971],[-9.12471231813504,38.4333641230861],[-9.12546032815563,38.4335331283775],[-9.12584408628886,38.4340355703281],[-9.12605170828709,38.4346266924919],[-9.12606030611215,38.4352543757761],[-9.1258527221234,38.4362849580567],[-9.1246795247321,38.4380386592947],[-9.12447469331792,38.4380117605416],[-9.1235617407807,38.4393447445818],[-9.12276221910552,38.440868577241],[-9.1232056061465,38.4411331833706],[-9.12405874770851,38.4416423134958],[-9.12449473785107,38.4410980583521],[-9.12596834233273,38.4390869449829],[-9.12710069879045,38.4399886010566],[-9.12728877983917,38.4400958977157],[-9.12779343083701,38.4403837881641],[-9.12848377692297,38.4406046149195],[-9.12924111328984,38.4408597437007],[-9.12979989270993,38.4411863071726],[-9.13090762326975,38.441124565784],[-9.13099533988162,38.4410540683553],[-9.13205464446282,38.4406962878491],[-9.13212139148442,38.4407131570226],[-9.13295923730138,38.4403746946918],[-9.13396985142218,38.4397034352261],[-9.1343445486512,38.4395432948393],[-9.13500791714152,38.4394155608186],[-9.13564525525753,38.4390090424307],[-9.1364565521794,38.4383569051244],[-9.13691459770703,38.4378124142561],[-9.13708542013527,38.4373401343451],[-9.13706132071309,38.4372008391368],[-9.13681337139792,38.4369065235079],[-9.13598544726635,38.4363556076949],[-9.13486526394295,38.4355107440627],[-9.13410483607866,38.4350289889374],[-9.13307504588837,38.4343053990472],[-9.1318669823982,38.4335135700502],[-9.13056716111261,38.4324958188357],[-9.13032444110465,38.4322088088099],[-9.13103687122062,38.4313311482832],[-9.13145792138232,38.430958810649],[-9.1323692937379,38.430700681113],[-9.13254353243141,38.4305606192421],[-9.1329607296391,38.4302252548975],[-9.1328071958069,38.4299080974251],[-9.13310363044603,38.4297714764675],[-9.13420737376584,38.429460346103],[-9.13451947829985,38.4297005749899],[-9.13485349442618,38.4299576666459],[-9.1352186572616,38.4295947620003],[-9.1356814254257,38.429524724708],[-9.13806461446564,38.4291640114974],[-9.14073626536422,38.4300748416894],[-9.14342408461154,38.4302863568012],[-9.14606790257698,38.4303976226838],[-9.14673407513027,38.4298683286397],[-9.1486653733306,38.4298393781867],[-9.14922472362076,38.4298309878168],[-9.14932615385547,38.4298294659041],[-9.14943603113591,38.4298348070353],[-9.14980821132156,38.4298528991861],[-9.15085253140041,38.4299036565241],[-9.1522803964703,38.4299730404208],[-9.1534515763383,38.430029938095],[-9.15422323079368,38.4303054913317],[-9.15564827029409,38.4305518313532],[-9.15659494873822,38.430440236494],[-9.15809252687292,38.4308629433218],[-9.15979606376023,38.4307809831646],[-9.1607677131667,38.4310036130499],[-9.16137196439858,38.4306631059946],[-9.16271205649575,38.4304150155751],[-9.16358091474057,38.4302113941449],[-9.16464561387639,38.4302338964687],[-9.16559773519906,38.4297003485856],[-9.16588939907319,38.4297973109072],[-9.16592211331439,38.4298081865425],[-9.16657878663383,38.4300264906004],[-9.16668791700472,38.4300714793521],[-9.16677154734676,38.4300838712258],[-9.16684664644593,38.4300832087123],[-9.16698015531335,38.4300820307973],[-9.16720423554603,38.4299947142599],[-9.16732865112143,38.4299410996339],[-9.16751879009296,38.4298146959947],[-9.16768483286209,38.4297541491584],[-9.16794284946483,38.429705918547],[-9.16815173737936,38.4297237675021],[-9.16827699519669,38.4297292253414],[-9.1683515315721,38.4296891798645],[-9.16849282243887,38.4296485445035],[-9.16878243393935,38.4294753076033],[-9.16895616243434,38.4293687397221],[-9.16910495108798,38.429268956435],[-9.16913757786687,38.4292161514],[-9.16941040434846,38.429036497013],[-9.1695184090298,38.4290027191435],[-9.16968313448002,38.4288502775983],[-9.16986492364854,38.4287239431284],[-9.17000442714413,38.4285585955972],[-9.17010314817714,38.4284592540837],[-9.17011814734828,38.4283409604161],[-9.1701913669162,38.4282090218812],[-9.17032290042472,38.4280700027895],[-9.17057087485552,38.427903694376],[-9.17085241240298,38.4277502168943],[-9.17104225756525,38.4276041162153],[-9.17111519283014,38.4274524856782],[-9.17117959496132,38.4272878019956],[-9.17123659394568,38.42718882913],[-9.17136071972868,38.4271155197654],[-9.17136737173571,38.4269972989827],[-9.17147415168058,38.4268781918623],[-9.17158187014978,38.4268247206954],[-9.17160474029095,38.426673534429],[-9.17163717609852,38.4266076016895],[-9.17172033310868,38.4265871707125],[-9.17182786291983,38.4265205722983],[-9.17186883016761,38.4264676925617],[-9.17193511157062,38.4264342823364],[-9.17202689407981,38.4264334686161],[-9.17207733335072,38.4264592796924],[-9.17222124945675,38.4266024236952],[-9.17228040884469,38.4266544147402],[-9.17234725465005,38.426660386258],[-9.172447287036,38.4266529346928],[-9.17253016159899,38.4266128126076],[-9.17263028799187,38.4266119243992],[-9.17276379022385,38.4266107399848],[-9.17283063602236,38.4266167112268],[-9.17290648437179,38.4266685547714],[-9.17307326842737,38.4266605103212],[-9.17314930527754,38.4267254807263],[-9.17325084411718,38.426823047343],[-9.17332650464973,38.4268617626857],[-9.17345204030384,38.4268869064899],[-9.17353576217066,38.4269058561866],[-9.17364432682985,38.4269114565309],[-9.17381035770425,38.4268509020514],[-9.17394348345536,38.4268234613507],[-9.17411710482628,38.4267103215472],[-9.17438194163553,38.4265569848852],[-9.17449705957052,38.4264378000357],[-9.17462061505191,38.4263251053245],[-9.17493447487811,38.4260991211697],[-9.17523249570056,38.4259323579563],[-9.17549761034388,38.4257987093469],[-9.1756370953646,38.4256333552896],[-9.17587613928675,38.4254277281623],[-9.17599049781269,38.4252560329318],[-9.17609736081338,38.425143484323],[-9.1763612445346,38.4249245064154],[-9.17655915965348,38.4247048992428],[-9.17701512447819,38.424432421479],[-9.17720476284452,38.4242089971658],[-9.17732158027012,38.4240795834898],[-9.17727422486574,38.4238816103086],[-9.17727170465439,38.4237065789992],[-9.17743301884059,38.4235767687004],[-9.17768299374487,38.42342282647],[-9.17793364006524,38.4233155596281],[-9.17809428076674,38.4231390734198],[-9.17811040388842,38.4229711698806],[-9.17828587617183,38.4227945502389],[-9.17836160419249,38.4226450792826],[-9.17840484099731,38.4225571662614],[-9.17847020004152,38.4224603034121],[-9.17873567569129,38.4223529025699],[-9.17895740865817,38.422298407226],[-9.17924525760894,38.4221995580136],[-9.17954132558604,38.4218993226183],[-9.17993801565028,38.4216331983861],[-9.18046718511013,38.4212958672938],[-9.18088510615791,38.4209595285831],[-9.18116017905455,38.4207470041735],[-9.18163624489683,38.4205851965504],[-9.18221179431315,38.4203787331761],[-9.18242201477461,38.4202980769748],[-9.18296431354754,38.4201006601177],[-9.18355072554231,38.4198765870404],[-9.1842701154624,38.4196163084231],[-9.18476727330748,38.4193755240383],[-9.18532004866487,38.4191342390717],[-9.18569610592007,38.4189820663197],[-9.18587383536722,38.4189629639397],[-9.1860856992065,38.4189960711658],[-9.18629540291817,38.4188804019247],[-9.18635102239063,38.4188799020379],[-9.18641611447458,38.4187655313403],[-9.18650510594343,38.4187647314149],[-9.18695699188643,38.4184718299343],[-9.18733113417901,38.4181883777011],[-9.1874833064658,38.4179419333125],[-9.18744624563509,38.4176884380619],[-9.18739335514655,38.4171112349509],[-9.18748901550906,38.4168040298584],[-9.18767493721957,38.4165835398223],[-9.18783822834428,38.4163369939721],[-9.18793643111252,38.4162048194593],[-9.18815699247552,38.416071543324],[-9.18851078142913,38.4159195620575],[-9.18861089255001,38.415918660406],[-9.18889768365998,38.4157497755663],[-9.18890664140921,38.4156008984129],[-9.18890345700442,38.4153821100066],[-9.18880079936015,38.4152079800799],[-9.18866247967054,38.4148766232426],[-9.18869343033425,38.4147100430456],[-9.18879277561881,38.4146566315308],[-9.18894786543488,38.4146114710727],[-9.18910244432543,38.4145313042377],[-9.18915653273253,38.4144257845032],[-9.18920960056635,38.4142502514841],[-9.18917431953777,38.4141192787852],[-9.18903893020168,38.4139892081355],[-9.18898076695958,38.413814678296],[-9.18894561394242,38.4136924568322],[-9.18896607641594,38.4135697351846],[-9.18908677503604,38.4134548619342],[-9.18957096763591,38.4130916367665],[-9.18984636774251,38.4129053473444],[-9.19007740080032,38.4127282090114],[-9.19025345696235,38.4125953303238],[-9.19038489198392,38.4124541014737],[-9.19059482511514,38.4123559274222],[-9.19087060144063,38.4121958905184],[-9.19103629680497,38.4121156199008],[-9.19134735609288,38.4120865531302],[-9.19163553032056,38.4120139289907],[-9.19210064786953,38.4118696837743],[-9.19242167698216,38.4117617500283],[-9.19274398448073,38.4117413303547],[-9.19296618546098,38.4117218160825],[-9.19313226097607,38.4116677973867],[-9.19349752412967,38.4115419547461],[-9.19387326870729,38.4113722528461],[-9.19423686505005,38.4111326381788],[-9.19467562906689,38.4107085342278],[-9.19515682754781,38.4101440018397],[-9.195376845764,38.4099757053842],[-9.19558599590504,38.4098250137916],[-9.1957625464255,38.409727133159],[-9.19602948675763,38.4097247123672],[-9.19631867265365,38.4097220891517],[-9.19670834569292,38.4097448115983],[-9.19703025778156,38.4096981263574],[-9.19727508181713,38.4097046559761],[-9.19718404819865,38.4095654394305],[-9.19733899334472,38.409511515855],[-9.1974728482004,38.4095365585606],[-9.19753868376599,38.40947469152],[-9.19752704802793,38.4094397864191],[-9.19786901921741,38.4092441201852],[-9.19984120373289,38.4094715301688],[-9.20078380739597,38.4098316978298],[-9.20172296567308,38.4099572292661],[-9.20232083702986,38.410052343893],[-9.20295933315122,38.4100129942254],[-9.20334717650146,38.4103111581131],[-9.20390245463406,38.4104066545032],[-9.20418899820883,38.4108717586586],[-9.20450382417638,38.4109053725971],[-9.20460143682971,38.4109157945849],[-9.20664833168574,38.4113868655265],[-9.20697898729332,38.4114629586491],[-9.20873847261711,38.4118505383862],[-9.2089106995306,38.4118884741765],[-9.20953479615903,38.4120259419256],[-9.20988046388734,38.4121213801741],[-9.21147045734131,38.4122145372361],[-9.21154822365697,38.4125818256968],[-9.21188767336294,38.412587601624],[-9.21227830408207,38.4125942475035],[-9.21254967631652,38.4125988638543],[-9.21334587496126,38.4122643101716],[-9.21366723570852,38.412568871645],[-9.21388462100809,38.4125996896402],[-9.21401004709173,38.4126182258671],[-9.21429417061263,38.4126484275227],[-9.21448604018234,38.4126466571948],[-9.21480451162208,38.4127421858704],[-9.21498803944224,38.4127404917154],[-9.21511317235026,38.4127393364421],[-9.21517961666461,38.412719029927],[-9.21537109469372,38.4126910035003],[-9.21554657418311,38.4127090758199],[-9.21594886109751,38.4128300854359],[-9.21616615006417,38.4128543357365],[-9.21638314513357,38.412858894429],[-9.21651662130728,38.4128576605322],[-9.21662536336019,38.4128763490939],[-9.21674254662886,38.41290152384],[-9.21686807194421,38.4129266204214],[-9.21704296392573,38.412905309889],[-9.21737508261485,38.4127972053884],[-9.21756881772756,38.4129201379017],[-9.21774351318982,38.4128856985638],[-9.21795059599509,38.4127853139619],[-9.21805894563178,38.4127777465663],[-9.2182438489744,38.4128679380269],[-9.21843601346412,38.4128858524143],[-9.21868608304548,38.4128704066054],[-9.21896912856023,38.4128283973637],[-9.21942735943512,38.4127847636497],[-9.21961088708205,38.4127830622543],[-9.21975270493023,38.4127817473332],[-9.22009601276308,38.4128639017049],[-9.22033872355212,38.4129141667095],[-9.22043843597581,38.4128869833305],[-9.22051410626202,38.4129256681378],[-9.22055660436396,38.4129777902941],[-9.22064002642238,38.4129770161592],[-9.22074111646959,38.4130417231692],[-9.22112554706436,38.4130841059158],[-9.22122644193965,38.41313568564],[-9.22135246141127,38.4131935963041],[-9.22157270742736,38.4134147437125],[-9.221750159946,38.4135640796314],[-9.22195283754113,38.413726309574],[-9.2221618874113,38.4137571896127],[-9.22243826647507,38.4138268303546],[-9.22257292704121,38.4139043532718],[-9.22267461157607,38.4140084399749],[-9.22266922695043,38.4142054255101],[-9.22267090285412,38.4143170063324],[-9.22259023944653,38.4145015630674],[-9.22236785273845,38.4146940005772],[-9.2222857099057,38.4147801031219],[-9.22182668038138,38.4147712398992],[-9.2215679674295,38.4147670779131],[-9.22130189693644,38.4148286297343],[-9.22110335224001,38.4149420705354],[-9.22083836330494,38.4150758207582],[-9.22067200639447,38.4151101873339],[-9.22011247128949,38.4150759909622],[-9.21993718175722,38.4150710524368],[-9.21979536058755,38.4150723676363],[-9.21960436857407,38.4151332193832],[-9.21958907437892,38.4157832484252],[-9.21993426481045,38.4159901116659],[-9.22027091811294,38.4161839244033],[-9.2203220554839,38.4162556594619],[-9.22028947192261,38.4163084782322],[-9.22003350734691,38.4164880941586],[-9.21963552057396,38.4166558977458],[-9.21957767712929,38.4167459772571],[-9.21959934028047,38.4168844805108],[-9.21967883907611,38.4169608011428],[-9.2197870243587,38.4169906216114],[-9.22030571113509,38.4169626926729],[-9.22047219349955,38.4169611480081],[-9.22056056216461,38.4169757393706],[-9.22060089024391,38.4170524237571],[-9.22060158331819,38.4170986514197],[-9.22048487398007,38.4171536751106],[-9.2203489261084,38.4172319942281],[-9.21999695140059,38.4172737886089],[-9.21999799045706,38.4173431310147],[-9.22002979399177,38.4175046571644],[-9.21979475806429,38.4175068369396],[-9.21960016484542,38.4175934046905],[-9.21959210295135,38.4177090664722],[-9.21957540205099,38.4179018660679],[-9.21937251330927,38.4180886851186],[-9.21910913436913,38.4181604782935],[-9.21863998172305,38.4182264715442],[-9.2183067804243,38.4182141462878],[-9.21790733201875,38.4183565488126],[-9.21761468518151,38.4184363152546],[-9.21736328466083,38.4186544034268],[-9.21722007092993,38.4189023138659],[-9.21727468027294,38.4192793915553],[-9.21737641507144,38.4195327413645],[-9.21753714215795,38.4198009565255],[-9.21780767284043,38.4202068591522],[-9.21789869551502,38.4203986612689],[-9.21799985787661,38.4206134864705],[-9.21819388951203,38.4211433889964],[-9.21832628024696,38.4214812164576],[-9.2184577486707,38.4217574068647],[-9.2184115478992,38.4219427737382],[-9.2177642375671,38.4218871208474],[-9.21741857754906,38.4216976751809],[-9.21741661925387,38.4215666958664],[-9.21758103739388,38.4214264703378],[-9.21756813318213,38.4212185337309],[-9.21751663105797,38.4210494827038],[-9.21728308076977,38.4211518193857],[-9.21694410261345,38.4214092452547],[-9.21651663328586,38.4216443721917],[-9.21601888008152,38.4217645592232],[-9.21541396792308,38.421924263229],[-9.21520229828988,38.4221805090694],[-9.21499327194325,38.4226139625335],[-9.21493680715598,38.4227686001117],[-9.21485360414648,38.4231007159955],[-9.21484622384349,38.423262606067],[-9.21469262314558,38.4234720799218],[-9.21458879639403,38.4237350348509],[-9.21466333005765,38.4241350466544],[-9.21474444077338,38.424319236926],[-9.2149216538125,38.424379247319],[-9.21515832076081,38.4244849425071],[-9.21523759353044,38.4245458567723],[-9.21549212559279,38.4245358002561],[-9.21558130769632,38.4246043284289],[-9.2157378988425,38.4245951760938],[-9.21589541030636,38.4246476613508],[-9.21610258241213,38.4247459214813],[-9.21624062150523,38.4248062919115],[-9.21639767224236,38.4248279580455],[-9.21654539063171,38.4248805320546],[-9.21671246704936,38.4249175164161],[-9.21681144480282,38.4249859530538],[-9.21695052135969,38.4251156650147],[-9.21704016621192,38.4252150104752],[-9.21721830478452,38.4253366550932],[-9.21734793310112,38.425489571001],[-9.21751754617711,38.4256960573447],[-9.21761790855923,38.4258569503465],[-9.21764855862549,38.4259414299711],[-9.21769107844244,38.4261645036309],[-9.21761468270596,38.4262962089522],[-9.21753782578077,38.4263970949004],[-9.21732546097218,38.4266071159184],[-9.21718084862162,38.4267625700474],[-9.21710456652756,38.4269019796522],[-9.21710894351067,38.4271947582916],[-9.21717854174963,38.427263466361],[-9.21728628070891,38.4272624695523],[-9.21736406055854,38.4272232206081],[-9.21750095316779,38.4272065424916],[-9.21757930787247,38.4272058173427],[-9.21768843084268,38.4272972772112],[-9.21770018439805,38.4274281657284],[-9.21739021651792,38.427662208138],[-9.21732257624727,38.4277244802919],[-9.21725493700579,38.4277867523971],[-9.21728604834014,38.4279020505021],[-9.21731750541738,38.4280404633091],[-9.21731036079709,38.428217762536],[-9.21731174331935,38.428310218686],[-9.2172156405081,38.4284344003915],[-9.21716747321294,38.4284887866166],[-9.21686407019335,38.4285070045304],[-9.21667958410895,38.4286165909831],[-9.21646663367587,38.4287880874826],[-9.21638942838013,38.4288658588704],[-9.21634425306034,38.4291205672124],[-9.21620159032914,38.429406999364],[-9.21597734697756,38.4294784238532],[-9.21584989917414,38.4294718959264],[-9.21560675614066,38.429589728365],[-9.21512150027687,38.4298947359477],[-9.21498506186775,38.4299422297908],[-9.21471609372304,38.4302991790797],[-9.21443836236653,38.4307255596343],[-9.21419024221147,38.431167077654],[-9.21416453399713,38.4314138998278],[-9.21414597814807,38.4314834229382],[-9.21395317758429,38.4316932572994],[-9.21370493643568,38.4321270697038],[-9.21359937193204,38.4322744526859],[-9.21328198707938,38.4326703734264],[-9.21293486790699,38.4330434494294],[-9.2126548199595,38.4333157318986],[-9.21256895674993,38.4334706380919],[-9.21255051360982,38.433547865565],[-9.21241590318732,38.4337186329535],[-9.2121108228056,38.4342839635981],[-9.21179376399057,38.4347029942605],[-9.21142045046427,38.4352920682091],[-9.21129574313475,38.4354704488186],[-9.21089166033189,38.4359673353184],[-9.21061354174359,38.4363705932181],[-9.21038222269647,38.4366270107611],[-9.21019919456892,38.4368367490484],[-9.21009224247053,38.4368916718264],[-9.20978902987392,38.4369252820688],[-9.20956555665021,38.4370506278246],[-9.20933560567721,38.4373994995942],[-9.20925064582427,38.4376160412225],[-9.20933175875935,38.4378002339037],[-9.20952314461325,38.4381529416605],[-9.20963181549736,38.4382135885389],[-9.20962458284692,38.4390458772338],[-9.20965848012895,38.4400087859224],[-9.20981796701628,38.4401922589193],[-9.20992641230537,38.4402374971416],[-9.21007427236815,38.4402977842893],[-9.21023112725477,38.4403040480437],[-9.21036896135934,38.4403490147691],[-9.21048731789369,38.4404018669975],[-9.2105181964802,38.4405017584135],[-9.21054953217473,38.440632468249],[-9.21044349107219,38.4407490291319],[-9.21026853151244,38.4408431074759],[-9.21004470373824,38.4409453395103],[-9.20983078718419,38.4410551865951],[-9.2095705197218,38.4413426910957],[-9.20923256499912,38.4416771434343],[-9.20902035966807,38.4419025590926],[-9.20880746798273,38.4420817458212],[-9.20853613870879,38.4422845864463],[-9.20829442583094,38.4425025659759],[-9.20820739978633,38.4425804220461],[-9.20812151649832,38.4427353259391],[-9.20773513734111,38.4431087465427],[-9.20757099319409,38.4432720725799],[-9.20748613580814,38.443496318402],[-9.20747156868896,38.4438355053615],[-9.20738705187399,38.4440828640397],[-9.2073902500713,38.4442985957744],[-9.20740587333303,38.4446914463403],[-9.20732329821023,38.4450697850701],[-9.20718899603047,38.4452636604475],[-9.20698862732018,38.4456276674436],[-9.20690262377262,38.445774865847],[-9.20690445058682,38.4458981404656],[-9.2068765430168,38.4459985715425],[-9.20673324128261,38.4462464684385],[-9.20660667772275,38.446301568654],[-9.20645926574876,38.4462720966493],[-9.20621525138852,38.4463359780647],[-9.20603947424484,38.4463761162197],[-9.20586472353096,38.4464855973975],[-9.20572961648504,38.4466255379863],[-9.20577382427576,38.4469641864888],[-9.2058833040069,38.4470787697674],[-9.20614088353769,38.4472690549344],[-9.2062708714556,38.4474450970245],[-9.20631279992178,38.4476296504021],[-9.20631496822816,38.447776039725],[-9.20619056976563,38.4479775288417],[-9.20594871704513,38.4481877990965],[-9.2058138363643,38.4483431498899],[-9.20579789211722,38.4485898794145],[-9.20563487196082,38.4488302506996],[-9.20561641788198,38.4489074770467],[-9.2054709384225,38.4490089831085],[-9.20508120564773,38.4491589589559],[-9.20485677619511,38.4492226583671],[-9.20453516798567,38.4493411865753],[-9.20426266070317,38.4494669706355],[-9.20398935528799,38.4495388209036],[-9.20370773198054,38.4497109209084],[-9.20362080629273,38.4497964782853],[-9.20348432287665,38.4498439601327],[-9.20320110398206,38.4499081934909],[-9.20296675810564,38.449964274219],[-9.20253725627489,38.450076075641],[-9.20232216431307,38.4501088623732],[-9.20199986585047,38.4501811551382],[-9.20178579615094,38.4502832824212],[-9.20166845104065,38.4502997640755],[-9.20156169992346,38.4503700894547],[-9.20155417494242,38.4505242738051],[-9.20163403366804,38.4506237198323],[-9.20171343804248,38.450692347344],[-9.20185162799907,38.4507604385436],[-9.20192089415149,38.4508060414458],[-9.20197101990773,38.4508826415366],[-9.20199129712377,38.4509286904363],[-9.20193398811781,38.451029388546],[-9.20185628807905,38.4510763321963],[-9.20166044712901,38.4510858242541],[-9.20134691994627,38.451088683482],[-9.20120018056412,38.4511054326921],[-9.20107360425337,38.4511605270691],[-9.20111608982003,38.4513836063267],[-9.20124505089339,38.4514903115131],[-9.20142357000355,38.451635092897],[-9.20162157275624,38.4517719906511],[-9.20173162171822,38.4519251016701],[-9.20175303564212,38.4520481985246],[-9.20173571319777,38.4522024713116],[-9.20157278520315,38.4524505408231],[-9.20122392214975,38.4527157176713],[-9.2007665974429,38.4529356471965],[-9.20002512622879,38.4531581639336],[-9.19976250801744,38.45329155225],[-9.19952792159047,38.4533322170324],[-9.19930392775237,38.4534267244839],[-9.19918725841585,38.453489432316],[-9.19901395399415,38.4536990644608],[-9.19871599233119,38.4540947685481],[-9.19861308597403,38.454427051898],[-9.19864758023974,38.4547734968007],[-9.19876216161215,38.4552347987912],[-9.19892414976709,38.4555877902928],[-9.19907566092581,38.4558946411994],[-9.19905969266018,38.4561413707511],[-9.19907379964356,38.4564340605036],[-9.19887120513196,38.4566516645326],[-9.19857175868087,38.4569472064586],[-9.19833953927295,38.4571496677102],[-9.19810709314166,38.4573367192743],[-9.19777847057726,38.4576479356958],[-9.19772205655937,38.4578102696108],[-9.19775247258982,38.4578793448883],[-9.19786150365914,38.4579631169416],[-9.19792086135637,38.4580011056445],[-9.19802910098105,38.4580309452285],[-9.19803046036909,38.4581234014918],[-9.19794295165049,38.45817043171],[-9.19777693965785,38.4582104688029],[-9.1976405497658,38.4582656486736],[-9.19757297753207,38.4583356143798],[-9.1974287145182,38.4585218632797],[-9.19720447441816,38.4586009576869],[-9.19692053653079,38.458618947749],[-9.19677457284292,38.4586896248407],[-9.1966982190001,38.4588290214677],[-9.19675995414738,38.4590288103722],[-9.19672279598065,38.4591678511203],[-9.19664587585984,38.4592687246339],[-9.19636317825414,38.4593714650677],[-9.19594408853642,38.459529382745],[-9.19577954192597,38.4596695788812],[-9.19573235552125,38.4597932989961],[-9.19591088466231,38.4599380884427],[-9.19601034411546,38.4600373612082],[-9.19610889913464,38.4600749951568],[-9.19599266867343,38.4601685183948],[-9.19576853609215,38.4602553156339],[-9.19552356075739,38.4602575376111],[-9.19533896187466,38.4603670915119],[-9.19502406682008,38.4609478776681],[-9.19486747409707,38.4611671359272],[-9.19466869808419,38.461397421271],[-9.19408281291476,38.4619391674339],[-9.19393354569827,38.4620994640772],[-9.19376643185362,38.4627665584983],[-9.19367540462544,38.4634528323394],[-9.19364128632524,38.463711426062],[-9.19333767203092,38.4645486344839],[-9.19324213081988,38.4649269934364],[-9.19309314650698,38.4651071540561],[-9.19300936368804,38.4654258016637],[-9.19276148954234,38.4657558679512],[-9.19240310789097,38.4663054816347],[-9.19224395466598,38.4666546130156],[-9.19208509046548,38.467023608294],[-9.1919270962087,38.4674522001961],[-9.19180555055566,38.4677811224618],[-9.19136306806236,38.4686295146846],[-9.19100596705784,38.4692685189977],[-9.19077143101988,38.4696481300535],[-9.19067282325743,38.4698178992976],[-9.19036552295878,38.4704067815325],[-9.19021724563324,38.470636603375],[-9.19010861086283,38.4709852748888],[-9.18987493468326,38.4714244810231],[-9.18978808750686,38.4715345387098],[-9.18970167497461,38.4716743943026],[-9.18956602799643,38.4719041013673],[-9.18937227867234,38.4724820224331],[-9.18919959325771,38.4727716668211],[-9.18907875122404,38.4731502492465],[-9.18880744595964,38.4736096609108],[-9.18856488384988,38.4743072288919],[-9.18833379435149,38.4749252215849],[-9.18831460480012,38.4753426234493],[-9.18819085848477,38.4755225512376],[-9.18810791278924,38.4759007911771],[-9.18796468380533,38.4764782555033],[-9.18784484158835,38.4769263654834],[-9.18773719971569,38.4773445644981],[-9.18751873004462,38.4779624408312],[-9.18726567575844,38.4788091113267],[-9.18709687405857,38.4793669360253],[-9.18690323095588,38.4799547857999],[-9.18678352151306,38.4804128284597],[-9.18657940551883,38.4811497820014],[-9.18655774815802,38.4813983276547],[-9.18638980165896,38.4820157471605],[-9.18625614917719,38.4823845081063],[-9.18618336594723,38.4825937772474],[-9.18600436647944,38.4833205695109],[-9.18587172130959,38.4837588588347],[-9.18585121698463,38.4840868660748],[-9.1858463831911,38.4846233471041],[-9.185789700795,38.4850708868006],[-9.18571879211075,38.4854092812109],[-9.18567127810778,38.4856183228494],[-9.18549898101744,38.485937759736],[-9.18545088820694,38.4861070694987],[-9.18527989012706,38.4865159007629],[-9.18524847826976,38.4869632139609],[-9.18517871967844,38.4873810688611],[-9.18513784656535,38.4880470148514],[-9.18481309353837,38.489182409614],[-9.18475842320847,38.4897690070902],[-9.1846270588647,38.4902966894722],[-9.18445307984693,38.4913711245966],[-9.18438518946859,38.4919181043464],[-9.18426544710946,38.4923761431087],[-9.18425684977937,38.4926543725158],[-9.18416238176575,38.4931121851804],[-9.1841079925425,38.4937186470554],[-9.18396744122641,38.4944848270008],[-9.18394519474948,38.494693640956],[-9.18392857464116,38.4952898303749],[-9.18383756443048,38.495986026764],[-9.18382570619242,38.4969099956166],[-9.18372118812896,38.4975467093813],[-9.18370831745149,38.4984011484041],[-9.18372029340029,38.4992255635376],[-9.18358962724082,38.4998029071074],[-9.18356108654594,38.5004488731266],[-9.18355609317536,38.5009754190145],[-9.18352726341145,38.501601519959],[-9.18351251519022,38.5023268331097],[-9.18353972820971,38.50332992246],[-9.18352512561259,38.504065169216],[-9.18333014821522,38.5054378080372],[-9.18330304682574,38.5061830999265],[-9.18327744258029,38.507901909266],[-9.18325683163245,38.5090941720808],[-9.18306617065146,38.5104921719341],[-9.18315015698223,38.5113286683416],[-9.18311716383713,38.5123543598652],[-9.18311899188485,38.5133044802873],[-9.18310611582054,38.514066587076],[-9.18307216524797,38.5150264352737],[-9.18302897354662,38.5161745123527],[-9.1829901028012,38.5167957417871],[-9.18294986522204,38.5173229112343],[-9.18298965957953,38.518413799609],[-9.18308412571314,38.5191467207034],[-9.18296007812827,38.5196746414624],[-9.18295048028415,38.5206624929401],[-9.18289504017163,38.5217918634268],[-9.1829193115749,38.5226383018627],[-9.18292783663566,38.5240493173762],[-9.18330465444999,38.5269057507022],[-9.18329697679031,38.5280252845852],[-9.18338030713836,38.5288147481699],[-9.18346022176051,38.529369060482],[-9.1835029826148,38.5298390403389],[-9.18364933735669,38.5308443053295],[-9.18384072204902,38.5316516129619],[-9.18404695976686,38.5326563387696],[-9.18411518323896,38.5332295695594],[-9.18414501818364,38.5336338145475],[-9.18431342452866,38.5345071775731],[-9.18439390122781,38.5350991132624],[-9.18458311565027,38.5357559217037],[-9.18468439606529,38.5361313031213],[-9.18482694680348,38.5368731957243],[-9.18504094455191,38.5375862245529],[-9.18502110327685,38.5378686210443],[-9.18510131496236,38.5384417429831],[-9.18519144961046,38.5388736661048],[-9.18526974539271,38.5393151036021],[-9.18539498785479,38.5396902678819],[-9.18544919672778,38.5401225145085],[-9.18547657556997,38.5403574496916],[-9.1855658926086,38.5407329366413],[-9.18571618849266,38.5411831335624],[-9.18590447219265,38.5417740980913],[-9.18598222843037,38.5421779101073],[-9.18608338869504,38.5425438828344],[-9.18612329700145,38.5428163346615],[-9.18629700532164,38.5432286904493],[-9.18635922050251,38.5433880544884],[-9.18639748274123,38.5435476330996],[-9.18657668493953,38.5443362294873],[-9.1866920242909,38.5448525895777],[-9.18669655363153,38.5451629881698],[-9.18673646476278,38.5454354387238],[-9.1868147791556,38.5458768744539],[-9.18688952403481,38.5460737540218],[-9.18699248082401,38.5465620035977],[-9.18704958883147,38.5471917742397],[-9.18722537469402,38.5477452188675],[-9.18731416028687,38.5480830800497],[-9.18737487235003,38.5481389771977],[-9.18746269757357,38.5484109958291],[-9.18766381761257,38.54905828402],[-9.18790142512295,38.5497428716656],[-9.18809346201616,38.5505877920779],[-9.18820566234274,38.5508878127201],[-9.18823937931345,38.5515554217236],[-9.18806742498749,38.5515333441581],[-9.18805253987802,38.5514692982823],[-9.18797271805953,38.551864005823],[-9.18643682633579,38.5522236093126],[-9.18630862931717,38.5521064395622]],[[-9.09746084599818,38.449863090794],[-9.09726604299294,38.4518874630227],[-9.09859616197091,38.4518590716364],[-9.09868332208858,38.4500797115592],[-9.09820865239312,38.449403552909],[-9.0976585363445,38.4497219616036],[-9.09746084599818,38.449863090794]],[[-9.09597960598468,38.4584861628037],[-9.09815561071769,38.459913026238],[-9.09900281784218,38.4590423242192],[-9.09742884219974,38.4578303787835],[-9.09597960598468,38.4584861628037]],[[-9.0927209272191,38.4539901740586],[-9.09337596846902,38.4548915657334],[-9.0968327077171,38.4546888036543],[-9.09682203758231,38.4538867596027],[-9.09681600682322,38.453433430228],[-9.09402197642308,38.4534389421552],[-9.09352654163485,38.4528675621142],[-9.09257449801465,38.4513059730053],[-9.09169316527706,38.4500576745976],[-9.09119477500756,38.4492596186136],[-9.09134698046611,38.4490316840823],[-9.09267867078442,38.4474513937501],[-9.09203157212217,38.4454687955315],[-9.09186606910853,38.4450440375037],[-9.09161843251699,38.4444084772062],[-9.08978688955875,38.4433946222427],[-9.088290008993,38.4425349498569],[-9.0870990419277,38.4430154715097],[-9.08729224103947,38.4442170998068],[-9.08758056079875,38.4459062073328],[-9.0877466966328,38.446801213285],[-9.08789083597546,38.4475776972846],[-9.08847786393686,38.4483750459273],[-9.09016951619761,38.450540948895],[-9.09161436991393,38.4524821559885],[-9.0927209272191,38.4539901740586]],[[-9.0900908230943,38.4551738756573],[-9.09083037132888,38.4544548256281],[-9.08740070210183,38.4514757832431],[-9.08436838561713,38.451717445739],[-9.08200534191074,38.451891610382],[-9.0811864880959,38.4525802467768],[-9.08242511146439,38.4538412295283],[-9.08320009220379,38.4558189665551],[-9.07971519371404,38.4576451950006],[-9.0770482873811,38.4587207239409],[-9.07753662525111,38.459354897971],[-9.07873273633585,38.4609081596331],[-9.07906350503036,38.4620834996868],[-9.08007381914359,38.4639663533502],[-9.08515877114142,38.4638631373015],[-9.08517985710973,38.4624679544505],[-9.08773013952489,38.4615171923853],[-9.09377457467167,38.4594527645991],[-9.09375401834431,38.4579029201378],[-9.09213200551724,38.4574822048971],[-9.0916634062939,38.4568638059075],[-9.09084799370339,38.4557876938183],[-9.0900908230943,38.4551738756573]]]}}]}